timestamp,quad_x,quad_y,quad_z,quad_vx,quad_vy,quad_vz,quad_yaw,quad_omgx,quad_omgy,quad_omgz,quad_true_x,quad_true_y,quad_true_z,quad_true_vx,quad_true_vy,quad_true_vz,landing_pad_raw_stamp,landing_pad_x_raw,landing_pad_y_raw,landing_pad_z_raw,landing_pad_yaw_raw,landing_pad_x,landing_pad_y,landing_pad_z,landing_pad_vx,landing_pad_vy,landing_pad_vz,landing_pad_yaw,landing_pad_true_x,landing_pad_true_y,landing_pad_true_z,landing_pad_true_vx,landing_pad_true_vy,landing_pad_true_vz,landing_pad_true_yaw,measure_lag,sigma_px,sigma_py,sigma_pz,sigma_v,sigma_a,sigma_yaw,sigma_yaw_rate,covar_trace,covar_det_log,covar_max_eig
56.401,-3.709798787610019e-10,-6.039895771026149e-10,0.036,0.0,0.0,0.0,1.539405518272195,0.000361962838565017,0.00037831764481204656,-0.002401908400042685,0.00020566419087747787,-299.9992931865202,0.0,-0.0,0.0,0.0,0.0,0.0,0.0,0.0,0.0,0.0,0.0,0.0,0.0,0.0,-0.0,0.0,-2.0,-300.0,0.0,0.0,0.0,0.0,1.5707963267948963,0.0,0.3872983346207417,0.3872983346207417,0.3872983346207417,0.7071067811865476,1.224744871391589,0.3872983346207417,0.7071067811865476,3.1,-8.56930919255525,1.5
56.5,-3.709798787610019e-10,-6.039895771026149e-10,0.037,0.0,0.0,0.0,1.5394849973407128,0.00031792024436572066,0.0003890727558667223,-0.002418105261009366,0.00020566419087747787,-299.9992931865202,0.0,-0.0,0.0,0.0,0.0,0.0,0.0,0.0,0.0,0.0,0.0,0.0,0.0,0.0,-0.0,0.0,-2.0,-300.0,0.0,0.0,0.0,0.0,1.5707963267948963,0.0,0.3872983346207417,0.3872983346207417,0.3872983346207417,0.7071067811865476,1.224744871391589,0.3872983346207417,0.7071067811865476,3.1,-8.56930919255525,1.5
56.6,-3.709798787610019e-10,-6.039895771026149e-10,0.037,0.0,-0.01,0.0,1.5395554854210953,0.0003502959190055679,0.0003857891428191911,-0.0024414637587011853,0.00020566419087747787,-299.9992931865202,0.0,-0.0,0.0,0.0,0.0,0.0,0.0,0.0,0.0,0.0,0.0,0.0,0.0,0.01,-0.0,0.0,-2.0,-300.0,0.0,0.0,0.0,0.0,1.5707963267948963,0.0,0.3872983346207417,0.3872983346207417,0.3872983346207417,0.7071067811865476,1.224744871391589,0.3872983346207417,0.7071067811865476,3.1,-8.56930919255525,1.5
56.7,-3.709798787610019e-10,-6.039895771026149e-10,0.039,0.01,-0.01,0.0,1.5396346608784537,0.0002801485233815116,0.00040542751619110937,-0.002458701458511954,0.00020566419087747787,-299.9992931865202,0.0,-0.0,0.0,0.0,0.0,0.0,0.0,0.0,0.0,0.0,0.0,0.0,-0.01,0.01,-0.0,0.0,-2.0,-300.0,0.0,0.0,0.0,0.0,1.5707963267948963,0.0,0.3872983346207417,0.3872983346207417,0.3872983346207417,0.7071067811865476,1.224744871391589,0.3872983346207417,0.7071067811865476,3.1,-8.56930919255525,1.5
56.8,-1.7639827272486475e-10,-2.435958171287389e-10,0.04,0.01,-0.01,0.0,1.539710289859448,0.000351729161508332,0.0003674225540791327,-0.0023894348338065773,0.00020566419087747787,-299.9992931865202,0.0,-0.0,0.0,0.0,0.0,0.0,0.0,0.0,0.0,0.0,0.0,0.0,-0.01,0.01,-0.0,0.0,-2.0,-300.0,0.0,0.0,0.0,0.0,1.5707963267948963,0.0,0.3872983346207417,0.3872983346207417,0.3872983346207417,0.7071067811865476,1.224744871391589,0.3872983346207417,0.7071067811865476,3.1,-8.56930919255525,1.5
56.9,-1.7639827272486475e-10,-2.435958171287389e-10,0.041,0.01,-0.01,0.0,1.5398253920164444,0.00036671220941257793,0.00034078464378180945,-0.0008038307659496674,0.00020566419087747787,-299.9992931865202,0.0,-0.0,0.0,0.0,0.0,0.0,0.0,0.0,0.0,0.0,0.0,0.0,-0.01,0.01,-0.0,0.0,-2.0,-300.0,0.0,0.0,0.0,0.0,1.5707963267948963,0.0,0.3872983346207417,0.3872983346207417,0.3872983346207417,0.7071067811865476,1.224744871391589,0.3872983346207417,0.7071067811865476,3.1,-8.56930919255525,1.5
57.0,-1.7639827272486475e-10,-2.435958171287389e-10,0.042,0.01,-0.01,0.0,1.5398963494834048,0.0003442110879546191,0.00036243091081505067,-0.00243055092776523,0.00020566419087747787,-299.9992931865202,0.0,-0.0,0.0,0.0,0.0,0.0,0.0,0.0,0.0,0.0,0.0,0.0,-0.01,0.01,-0.0,0.0,-2.0,-300.0,0.0,0.0,0.0,0.0,1.5707963267948963,0.0,0.3872983346207417,0.3872983346207417,0.3872983346207417,0.7071067811865476,1.224744871391589,0.3872983346207417,0.7071067811865476,3.1,-8.56930919255525,1.5
57.1,-1.7639827272486475e-10,-2.435958171287389e-10,0.042,0.01,-0.01,0.0,1.5399764525380473,0.0003044382161089637,0.0003563852458320975,-0.002376668290325069,0.00020566419087747787,-299.9992931865202,0.0,-0.0,0.0,0.0,0.0,0.0,0.0,0.0,0.0,0.0,0.0,0.0,-0.01,0.01,-0.0,0.0,-2.0,-300.0,0.0,0.0,0.0,0.0,1.5707963267948963,0.0,0.3872983346207417,0.3872983346207417,0.3872983346207417,0.7071067811865476,1.224744871391589,0.3872983346207417,0.7071067811865476,3.1,-8.56930919255525,1.5
57.2,-1.7639827272486475e-10,-2.435958171287389e-10,0.043,0.01,-0.01,0.0,1.5400561122831444,0.00035293348048206244,0.00040874550409271794,-0.002441520332832002,0.00020566419087747787,-299.9992931865202,0.0,-0.0,0.0,0.0,0.0,0.0,0.0,0.0,0.0,0.0,0.0,0.0,-0.01,0.01,-0.0,0.0,-2.0,-300.0,0.0,0.0,0.0,0.0,1.5707963267948963,0.0,0.3872983346207417,0.3872983346207417,0.3872983346207417,0.7071067811865476,1.224744871391589,0.3872983346207417,0.7071067811865476,3.1,-8.56930919255525,1.5
57.3,-1.7639827272486475e-10,-2.435958171287389e-10,0.046,0.01,-0.01,-0.05,1.540155871832047,-0.019159283708094575,-0.004673960737244948,-0.0017122097573886632,0.00023067324104590912,-299.9992609463904,0.0,-5.301319401312588e-07,0.000674969896991652,0.0,0.0,0.0,0.0,0.0,0.0,0.0,0.0,0.0,-0.01,0.01,0.05,0.0,-2.0,-300.0,0.0,0.0,0.0,0.0,1.5707963267948963,0.0,0.3872983346207417,0.3872983346207417,0.3872983346207417,0.7071067811865476,1.224744871391589,0.3872983346207417,0.7071067811865476,3.1,-8.56930919255525,1.5
57.4,-4.591790177255195e-10,-7.257874856669844e-10,0.056,0.01,-0.01,-0.12,1.5401603384551148,-0.017143415241141026,-0.003434151575663632,-0.0018731045243194659,0.0002749767263895805,-299.9991006108752,0.0,-1.7015357513998698e-06,0.0026763452297892754,0.0,0.0,0.0,0.0,0.0,0.0,0.0,0.0,0.0,-0.01,0.01,0.12,0.0,-2.0,-300.0,0.0,0.0,0.0,0.0,1.5707963267948963,0.0,0.3872983346207417,0.3872983346207417,0.3872983346207417,0.7071067811865476,1.224744871391589,0.3872983346207417,0.7071067811865476,3.1,-8.56930919255525,1.5
57.502,-4.698554358084639e-10,-2.465857448785691e-10,0.079,0.01,0.0,-0.23,1.5401530424740653,0.0,0.0,0.0,0.00031776702185434553,-299.99851115731735,0.0,-3.842302782834732e-06,0.007011857389283146,0.0,0.0,0.0,0.0,0.0,0.0,0.0,0.0,0.0,-0.01,0.0,0.23,0.0,-2.0,-300.0,0.0,0.0,0.0,0.0,1.5707963267948963,0.0,0.3872983346207417,0.3872983346207417,0.3872983346207417,0.7071067811865476,1.224744871391589,0.3872983346207417,0.7071067811865476,3.1,-8.56930919255525,1.5
57.6,-5.580545678340876e-10,-3.683836569123855e-10,0.099,0.01,0.0,-0.3,1.54011453414825,0.0031077859510563626,-0.0013823719366760742,-0.0069135265882625495,0.00031364883631542054,-299.99780565892934,0.0,-4.524609761491332e-06,0.010228072395103363,0.0,0.0,0.0,0.0,0.0,0.0,0.0,0.0,0.0,-0.01,0.0,0.3,0.0,-2.0,-300.0,0.0,0.0,0.0,0.0,1.5707963267948963,0.0,0.3872983346207417,0.3872983346207417,0.3872983346207417,0.7071067811865476,1.224744871391589,0.3872983346207417,0.7071067811865476,3.1,-8.56930919255525,1.5
57.704,-5.398712379922621e-10,-6.31319385657747e-10,0.145,0.01,0.0,-0.42,1.5401120605554919,0.0,0.0,0.0,0.00022111696459401888,-299.9962901319316,0.0,-5.109123223074638e-06,0.01454829907680507,0.0,0.0,0.0,0.0,0.0,0.0,0.0,0.0,0.0,-0.01,0.0,0.42,0.0,-2.0,-300.0,0.0,0.0,0.0,0.0,1.5707963267948963,0.0,0.3872983346207417,0.3872983346207417,0.3872983346207417,0.7071067811865476,1.224744871391589,0.3872983346207417,0.7071067811865476,3.1,-8.56930919255525,1.5
57.8,-3.5596604830434586e-10,-1.714575564859544e-10,0.178,0.01,0.0,-0.49,1.540176120647464,0.009548237664941237,-0.001603447272957999,-0.0008122248230680562,8.190220708678722e-05,-299.995021619808,0.0,-5.232502654526932e-06,0.01681827614676888,0.0,0.0,0.0,0.0,0.0,0.0,0.0,0.0,0.0,-0.01,0.0,0.49,0.0,-2.0,-300.0,0.0,0.0,0.0,0.0,1.5707963267948963,0.0,0.3872983346207417,0.3872983346207417,0.3872983346207417,0.7071067811865476,1.224744871391589,0.3872983346207417,0.7071067811865476,3.1,-8.56930919255525,1.5
57.9,-1.4320111763055365e-10,-7.399951484909906e-11,0.232,0.01,0.0,-0.59,1.5401721643891673,0.010129751415060086,-0.0026989631336789095,-0.006920510917325073,-0.00020242376444531157,-299.9932188762725,0.0,-5.376950661021536e-06,0.018877144531433965,0.0,0.0,0.0,0.0,0.0,0.0,0.0,0.0,0.0,-0.01,0.0,0.59,0.0,-2.0,-300.0,0.0,0.0,0.0,0.0,1.5707963267948963,0.0,0.3872983346207417,0.3872983346207417,0.3872983346207417,0.7071067811865476,1.224744871391589,0.3872983346207417,0.7071067811865476,3.1,-8.56930919255525,1.5
58.0,-3.302757928258515e-10,-2.1812723849379267e-10,0.296,0.01,0.0,-0.69,1.5402406557139496,0.006442150110681435,-0.0004406778487400916,0.0019832139456930037,-0.0006270384296631236,-299.99125484415464,0.0,-4.336600807143187e-06,0.020135216891642615,0.0,0.0,0.0,0.0,0.0,0.0,0.0,0.0,0.0,-0.01,0.0,0.69,0.0,-2.0,-300.0,0.0,0.0,0.0,0.0,1.5707963267948963,0.0,0.3872983346207417,0.3872983346207417,0.3872983346207417,0.7071067811865476,1.224744871391589,0.3872983346207417,0.7071067811865476,3.1,-8.56930919255525,1.5
58.1,-6.055496382106895e-10,-4.840529088667722e-10,0.37,0.01,0.0,-0.79,1.5402047644045689,0.0051445181331678256,-0.0008235804485137138,-0.0021131360175234114,-0.001208828149995642,-299.98920755927594,0.0,-1.8621322449290645e-06,0.02067221648935241,0.0,0.0,0.0,0.0,0.0,0.0,0.0,0.0,0.0,-0.01,0.0,0.79,0.0,-2.0,-300.0,0.0,0.0,0.0,0.0,1.5707963267948963,0.0,0.3872983346207417,0.3872983346207417,0.3872983346207417,0.7071067811865476,1.224744871391589,0.3872983346207417,0.7071067811865476,3.1,-8.56930919255525,1.5
58.2,-4.034610978642661e-10,-2.871268223181289e-10,0.454,0.0,0.0,-0.89,1.5401402032610516,0.004187256251772563,0.0003987332813019516,-0.008146293887693164,-0.001956054665164634,-299.9871383014817,0.0,-7.207789543689966e-07,0.020643954142393586,0.0,0.0,0.0,0.0,0.0,0.0,0.0,0.0,0.0,0.0,0.0,0.89,0.0,-2.0,-300.0,0.0,0.0,0.0,0.0,1.5707963267948963,0.0,0.3872983346207417,0.3872983346207417,0.3872983346207417,0.7071067811865476,1.224744871391589,0.3872983346207417,0.7071067811865476,3.1,-8.56930919255525,1.5
58.3,-4.841533285393496e-10,-1.9265866679774035e-10,0.547,0.0,0.0,-0.99,1.5401937096056084,0.0029597798471667183,0.001553977717390753,-0.003463349249542488,-0.003070846945607578,-299.9846911684988,0.0,6.407778178587903e-07,0.020103941088312045,0.0,0.0,0.0,0.0,0.0,0.0,0.0,0.0,0.0,0.0,0.0,0.99,0.0,-2.0,-300.0,0.0,0.0,0.0,0.0,1.5707963267948963,0.0,0.3872983346207417,0.3872983346207417,0.3872983346207417,0.7071067811865476,1.224744871391589,0.3872983346207417,0.7071067811865476,3.1,-8.56930919255525,1.5
58.4,-2.5320504026815627e-10,-3.5813640941739777e-10,0.652,0.0,0.0,-1.1,1.54025588842598,0.0025419613159290565,0.0020428103514195314,0.0019930335266300407,-0.003941992235117445,-299.9831095529234,0.0,5.855775976640704e-07,0.01948678508911868,0.0,0.0,0.0,0.0,0.0,0.0,0.0,0.0,0.0,0.0,0.0,1.1,0.0,-2.0,-300.0,0.0,0.0,0.0,0.0,1.5707963267948963,0.0,0.3872983346207417,0.3872983346207417,0.3872983346207417,0.7071067811865476,1.224744871391589,0.3872983346207417,0.7071067811865476,3.1,-8.56930919255525,1.5
58.5,-4.2209641337720427e-10,-7.651998479296651e-10,0.767,0.0,0.0,-1.2,1.5402779775348046,0.0019267750707885817,0.0006651179211727533,0.0011314166993375582,-0.00516303899915717,-299.98121282012573,0.0,1.694624010372652e-06,0.018518797497095466,0.0,0.0,0.0,0.0,0.0,0.0,0.0,0.0,0.0,0.0,0.0,1.2,0.0,-2.0,-300.0,0.0,0.0,0.0,0.0,1.5707963267948963,0.0,0.3872983346207417,0.3872983346207417,0.3872983346207417,0.7071067811865476,1.224744871391589,0.3872983346207417,0.7071067811865476,3.1,-8.56930919255525,1.5
58.6,-1.2430184659351085e-10,-2.3020985118193948e-10,0.891,0.0,0.0,-1.3,1.5402600868281464,0.0007461027379898857,0.0026563805369798636,0.0008398462514211323,-0.006514310105408346,-299.9794204680473,0.0,3.989710615201344e-06,0.017420648027635863,0.0,0.0,0.0,0.0,0.0,0.0,0.0,0.0,0.0,0.0,0.0,1.3,0.0,-2.0,-300.0,0.0,0.0,0.0,0.0,1.5707963267948963,0.0,0.3872983346207417,0.3872983346207417,0.3872983346207417,0.7071067811865476,1.224744871391589,0.3872983346207417,0.7071067811865476,3.1,-8.56930919255525,1.5
58.7,-3.813923621365234e-10,-3.793375058513959e-10,1.028,0.0,0.0,-1.41,1.5402665539321043,0.001332825532026925,0.0014666200526634455,-0.0017989468369876199,-0.008282580483476775,-299.97742343788127,0.0,4.434890356413604e-06,0.015957381707162377,0.0,0.0,0.0,0.0,0.0,0.0,0.0,0.0,0.0,0.0,0.0,1.41,0.0,-2.0,-300.0,0.0,0.0,0.0,0.0,1.5707963267948963,0.0,0.3872983346207417,0.3872983346207417,0.3872983346207417,0.7071067811865476,1.224744871391589,0.3872983346207417,0.7071067811865476,3.1,-8.56930919255525,1.5
58.8,-5.71636515900309e-10,-2.0773116560235394e-10,1.176,0.0,0.0,-1.51,1.5402797470476963,-0.0004000946361130635,0.0005259574217804234,0.0021913520960829863,-0.00953682282317762,-299.97619168969607,0.0,5.178094206626779e-06,0.014962137342056111,0.0,0.0,0.0,0.0,0.0,0.0,0.0,0.0,0.0,0.0,0.0,1.51,0.0,-2.0,-300.0,0.0,0.0,0.0,0.0,1.5707963267948963,0.0,0.3872983346207417,0.3872983346207417,0.3872983346207417,0.7071067811865476,1.224744871391589,0.3872983346207417,0.7071067811865476,3.1,-8.56930919255525,1.5
58.9,-2.4498220119184566e-10,-4.1487857593835997e-10,1.336,0.0,0.0,-1.61,1.5401999457415678,0.0021877117952203047,0.0004459655499684829,-0.00021356637001243749,-0.011173852800483242,-299.97476655184465,0.0,6.326026052114093e-06,0.013672007686617069,0.0,0.0,0.0,0.0,0.0,0.0,0.0,0.0,0.0,0.0,0.0,1.61,0.0,-2.0,-300.0,0.0,0.0,0.0,0.0,1.5707963267948963,0.0,0.3872983346207417,0.3872983346207417,0.3872983346207417,0.7071067811865476,1.224744871391589,0.3872983346207417,0.7071067811865476,3.1,-8.56930919255525,1.5
59.001,-6.009482911295549e-10,-5.863362018132534e-10,1.504,0.0,0.0,-1.71,1.5401452454414706,-0.0009241884250430976,-0.0005537674168287015,-0.006984764108519256,-0.013218760039605836,-299.97322953683505,0.0,7.205271428912198e-06,0.01205442712030001,0.0,0.0,0.0,0.0,0.0,0.0,0.0,0.0,0.0,0.0,0.0,1.71,0.0,2.0466490826332978e-17,9.040384969687506e-35,0.0,1.4361407862061635e-18,2.3494585242270238e-35,0.0,1.6359527887468202e-17,0.0,0.3872983346207417,0.3872983346207417,0.3872983346207417,0.7071067811865476,1.224744871391589,0.3872983346207417,0.7071067811865476,3.1,-8.56930919255525,1.5
59.1,-0.009088848560129925,-2.6495849958507733e-10,1.68,0.0,-0.01,-1.79,1.540173973017607,0.0006443345218539094,0.0018719098964098734,-0.0023416091382431037,-0.01461766438244662,-299.9723105988181,0.0,6.757610021004235e-06,0.011024759923472205,0.0,0.0,0.0,0.0,0.0,0.0,0.0,0.0,0.0,0.0,0.01,1.79,0.0,-2.0,-300.0,0.0,0.0,0.0,0.0,1.5707963267948963,0.0,0.3872983346207417,0.3872983346207417,0.3872983346207417,0.7071067811865476,1.224744871391589,0.3872983346207417,0.7071067811865476,3.1,-8.56930919255525,1.5
59.2,-0.00908884864399162,1.4524359492895655e-10,1.86,0.0,-0.01,-1.82,1.540158554041062,9.057878637160662e-05,0.002554898742166051,-0.0029319011868708857,-0.016388085009441403,-299.97127599714105,0.0,6.934691383736319e-06,0.009774269009174184,0.0,0.0,0.0,0.0,0.0,0.0,0.0,0.0,0.0,0.0,0.01,1.82,0.0,-2.0,-300.0,0.0,0.0,0.0,0.0,1.5707963267948963,0.0,0.3872983346207417,0.3872983346207417,0.3872983346207417,0.7071067811865476,1.224744871391589,0.3872983346207417,0.7071067811865476,3.1,-8.56930919255525,1.5
59.3,-0.009088849282738343,-5.084055398896226e-10,2.041,0.0,-0.01,-1.83,1.540166796245847,-0.00015312339415366198,0.002955707809808887,-0.0017428943500007014,-0.01816434453909879,-299.97036241705456,0.0,6.580347864595148e-06,0.008601493844495593,0.0,59.203,-1.9806314310414683,0.018712630059652985,-1.675457079011047,1.5421829000179772,1.4094628242311558e-17,0.0005000000000000978,0.09149999999999991,2.0816681711721685e-17,0.01,1.83,7.504526573401439e-18,-2.0,-300.0,0.0,0.0,0.0,0.0,1.5707963267948963,97.0,0.3892330198608541,0.3876209488662862,0.3876209488662862,0.7115124735378854,1.2267844146385296,0.3892300091205717,0.7079901129253148,3.11600234375,-8.551748883895092,1.5106109216604728
59.4,-0.009088849444122804,-3.194695619157528e-10,2.222,0.0,-0.01,-1.82,1.540143379071031,-0.00046362966439074106,0.0021004021031482867,-0.0033341101756703987,-0.01992682748489664,-299.96956080167155,0.0,6.569991981818947e-06,0.00752703016263601,0.0,59.335,-1.9844586182284816,0.022342458901450715,-1.9213932777849518,1.5407425296809003,-1.9622119749018756,-0.009440361868039416,-1.503725304604064,-0.007542840961311699,-0.3171547544707325,1.82,1.5477445301780068,-2.0,-300.0,0.0,0.0,0.0,0.0,1.5707963267948963,37.0,0.04794506065018479,0.08611858164160148,0.1348298803763728,0.7328961111415736,1.2308440472289695,0.0855222111356593,0.7068756005131579,2.5869951771108193,-23.194514221741848,1.5648582872166799
59.5,-0.009088849927824216,-1.508528857385727e-10,2.403,0.0,-0.01,-1.79,1.5401700186219554,0.00013581052541384014,0.0035296336045519874,-0.0015500648762182142,-0.021997022569655033,-299.96873305260266,0.0,6.076792387927367e-06,0.0063586819520912476,0.0,59.434,-1.9873260711207565,0.023584600522274193,-2.10506626867011,1.540313542141212,-1.9772950926472284,0.0030520210835197435,-1.6396612474476884,-0.0011920407520149107,-0.13922584968428384,1.79,1.5628083314141432,-2.0,-300.0,0.0,0.0,0.0,0.0,1.5707963267948963,66.0,0.053197895645784685,0.15534289468285484,0.1367504642746304,0.7761297731527866,1.2348996187532266,0.15109223584535691,0.7086417860910499,2.698018658407038,-22.473391739631342,1.66344426158088
59.6,-0.009088850089208678,3.808331427990197e-11,2.582,0.0,-0.01,-1.74,1.5400468512114625,0.00022926241847452737,0.0045579577841625,-0.005099499049463538,-0.023332223291056504,-299.9682565447332,0.0,5.685941914868517e-06,0.005610452351824282,0.0,59.533,-1.9852700702912596,0.024088996091270146,-2.279913410367794,1.5418273716505768,-1.9853479441778883,0.01657110384310252,-1.7370845285979177,-0.0005460791639762771,-0.03469486766973976,1.74,1.5585789957602971,-2.0,-300.0,0.0,0.0,0.0,0.0,1.5707963267948963,67.0,0.038674518000096386,0.09368806245900135,0.08563070971676855,0.4982408241493996,1.217990716315437,0.0853927079833334,0.3760889498330896,1.8980859064794062,-27.715964100492563,1.5946177772218317
59.7,-0.009088850045334995,-2.715223601512662e-10,2.755,0.0,-0.01,-1.69,1.5400505187597613,0.000797856269760934,0.001568327549929552,-0.004615600008668896,-0.024927641465294782,-299.9677423482208,0.0,5.305890011187003e-06,0.004755493342911153,0.0,59.632,-1.9831953583845467,0.025737471746750423,-2.453830456214284,1.5431455853163092,-1.9882245994429373,0.024991317279610674,-1.789876203772712,0.00010294364010206594,0.015927743223342818,1.69,1.553431658810406,-2.0,-300.0,0.0,0.0,0.0,0.0,1.5707963267948963,68.0,0.036737718724931576,0.08223608948972644,0.07052563510832531,0.44027359853678094,1.175900650219178,0.06803634646080375,0.2593468225025774,1.6615591991354373,-29.838093178364524,1.5097102139829355
59.8,-0.01817770115302131,-5.455025320344475e-10,2.921,0.0,-0.01,-1.63,1.5762087568317098,0.0004265057954535942,0.0034992118437339767,-0.0050536941959751485,-0.026418318143384575,-299.96731948126734,0.0,5.07902510480191e-06,0.003789618894000935,0.0,59.731,-1.9966237514422693,-0.05442451591370581,-2.6418218422346342,1.5774668519573722,-1.9946678704111953,-0.03769171562023389,-1.8451812536977288,6.241461575464456e-06,-0.23561002649633486,1.63,1.5708217388746197,-2.0,-300.0,0.0,0.0,0.0,0.0,1.5707963267948963,69.0,0.03632845339575577,0.07867853954223565,0.06340555014790321,0.4229811471842965,1.0914463168880797,0.0587309953239326,0.20208289648830186,1.4259852732869243,-31.151249066049303,1.3280776653861546
59.9,-0.01817770114868389,-1.3502532425491154e-11,3.081,0.0,-0.01,-1.56,1.5762600284677484,0.0007772251337384449,-0.00014294785685175075,-0.0027954513164929816,-0.02778793307128547,-299.96698964725766,0.0,3.4620097821336594e-06,0.002858481678303413,0.0,59.83,-1.9886997837181561,-0.055043138158378,-2.7947641089261968,1.5824088170676156,-1.9934262133048297,-0.08964929348812656,-1.9075998989740848,0.007251855241146316,-0.3653549842750263,1.56,1.5901139153871973,-2.0,-300.0,0.0,0.0,0.0,0.0,1.5707963267948963,70.0,0.03626669652833248,0.07721436646119179,0.05952315862540644,0.40665465874092477,0.9699371837591582,0.05355730611663146,0.17271948159557746,1.1496668943532873,-32.05919170361797,1.0739523816261012
60.0,-0.018177701816290304,7.498601739541755e-11,3.235,0.0,-0.01,-1.5,1.576414442216281,-0.0007180711083739087,0.003277476247731359,-0.0019310753996477675,-0.02902519389846504,-299.96675358308937,0.0,2.1309040298101217e-06,0.001930182108462211,0.0,59.929,-1.987135262211897,-0.053548394011975746,-2.945624633340943,1.5828799568057756,-1.9906644962837476,-0.09160226756397385,-1.9809022686126285,0.006956200998671705,-0.2741568442273352,1.5,1.5952715842957241,-2.0,-300.0,0.0,0.0,0.0,0.0,1.5707963267948963,71.0,0.03625022605453022,0.07511895962637972,0.05723989985411254,0.38187470368474097,0.8359659019059439,0.05055182741638072,0.156745857990537,0.8820253728357151,-32.74717499329061,0.8166511106118981
60.1,-0.01817770235971694,0.011095788207565294,3.384,0.0,-0.02,-1.43,1.5763254687797765,-0.0005075210239808103,-0.00021394101004327203,-0.001849112059922637,-0.030125485165518003,-299.96661007779477,0.0,1.1349505480197409e-06,0.0010321058966460313,0.0,60.028,-2.003151590851149,-0.05121917979385578,-3.1254993844027013,1.5792953357323354,-1.9964187903958157,-0.07654065907361987,-2.071259489042789,0.003840826969808007,-0.13534375825879308,1.43,1.5955159850149103,-2.0,-300.0,0.0,0.0,0.0,0.0,1.5707963267948963,72.0,0.03622760080671913,0.07234859957899223,0.05586544325097858,0.353478747950597,0.7150272277664085,0.048796496293767457,0.14768857393281976,0.6700718812917754,-33.28134979460308,0.6098764855242231
60.2,-0.01817770274454289,0.01109578877824502,3.525,0.01,-0.02,-1.36,1.5762174656291048,-0.0019970874443778707,0.0014372065555559677,3.743554930887363e-05,-0.031083600638692508,-299.96654969356814,0.0,2.560192801559542e-07,0.00025527476646010534,0.0,60.127,-1.9947736348860323,-0.05190987302735137,-3.2540257945981548,1.5821524913372749,-1.99587743933911,-0.06460859446477833,-2.168482429894592,-0.008251546918828446,-0.049423807420323915,1.36,1.5959762126086796,-2.0,-300.0,0.0,0.0,0.0,0.0,1.5707963267948963,73.0,0.03620247397486214,0.0694168331736037,0.05500925929427529,0.32672380397253825,0.6181331607747755,0.04772685193620828,0.1423565798888261,0.5205356312229419,-33.70050508831007,0.46307147179731045
60.3,-0.018177702924110584,0.011095789230117115,3.658,0.01,-0.02,-1.3,1.5759659628991525,-0.0004909102199069251,0.00029948137465955906,-0.0018155286478093375,-0.031893434366877006,-299.96656098973546,0.0,-4.159531147982186e-07,-0.00040752224363355084,0.0,60.226,-1.9773312198998751,-0.05152121388587275,-3.3614412852161557,1.5780401708000538,-1.991658726315007,-0.0552427629722719,-2.275842765244665,-0.009694437599102072,0.0060558996750357166,1.3,1.592706202504665,-2.0,-300.0,0.0,0.0,0.0,0.0,1.5707963267948963,74.0,0.03618497044712042,0.06672868355783816,0.05447003945764863,0.30410286453359053,0.5452588577487697,0.04706592034563946,0.13914844652590216,0.4200923196937212,-34.026674095607106,0.3641097575816697
60.4,-0.01817770358104065,0.011095789219137453,3.784,0.01,-0.02,-1.23,1.575980620053832,-0.002292271091572908,-0.0007425097413251037,0.003209613996970153,-0.03255271629893085,-299.9666310262297,0.0,-8.333716130763985e-07,-0.0009428253124380762,0.0,60.325,-2.0048620407632347,-0.04965031632215905,-3.5358162439497773,1.5679714539762761,-1.998963535209211,-0.04721935287022129,-2.3970717091010476,-0.01032313821321195,0.043797347236276686,1.23,1.5843742416718751,-2.0,-300.0,0.0,0.0,0.0,0.0,1.5707963267948963,75.0,0.036186495742896056,0.06452899587615572,0.054131945640919346,0.28616016220987456,0.4921515184498996,0.04667095643809453,0.1372044757847141,0.3535077232205353,-34.27391536058377,0.2983230496731182
60.5,-0.018177703477827656,0.011095789773467146,3.905,0.01,-0.02,-1.17,1.5758855422635116,-0.0003546665550760741,-0.002237064344634859,-0.0026002393209257338,-0.03306402765655625,-299.96674834551146,0.0,-1.0695347698942344e-06,-0.0013403543127227533,0.0,60.424,-2.000240138735151,-0.048105322816317374,-3.6552029354743665,1.5752052754512602,-2.002492390727416,-0.0429585152053306,-2.5233367216347418,-0.010464056644351344,0.06064327410367473,1.17,1.5822136274532,-2.0,-300.0,0.0,0.0,0.0,0.0,1.5707963267948963,76.0,0.036176034290888504,0.06271407930404506,0.05391676967386809,0.27211436563864183,0.45368751260884677,0.046419037840133265,0.13600273951071018,0.3086788385645792,-34.46476120137277,0.25394679932087155
60.6,-0.018177704046558718,0.011095789504551812,4.019,0.01,-0.02,-1.1,1.5757849841055016,-0.0023143155626240645,-0.00033303115750876625,-0.0017815625557297465,-0.033431635214908204,-299.96689889216077,0.0,-1.1732735003441318e-06,-0.0016288593932698718,0.0,60.523,-2.019032007056191,-0.04453378297127712,-3.807954950115504,1.5791041816707543,-2.0077947940552887,-0.03783884546999894,-2.6567155249147243,-0.010733877563778058,0.07505561805809553,1.1,1.5841252862841098,-2.0,-300.0,0.0,0.0,0.0,0.0,1.5707963267948963,77.0,0.036170143201792376,0.061262863642906645,0.053777666864042485,0.2613168440801078,0.4259292352830861,0.046259448966968195,0.13525803188876964,0.27809033345228035,-34.6107014396006,0.22361965688093893
60.703,-0.027266556460146196,0.011095789786152999,4.154,0.01,-0.02,-1.03,1.5757746440966167,0.0,0.0,0.0,-0.0336866484866169,-299.96710299897063,0.0,-8.821314230609519e-07,-0.001742972668162696,0.0,60.622,-2.0088637979987385,-0.04422175661599894,-3.900042378441216,1.5789038176967753,-2.0130209990056596,-0.034560106343193744,-2.79269095360194,-0.01075795962433006,0.0796483386473565,1.03,1.5835027801382453,-2.0,-300.0,0.0,0.0,0.0,0.0,1.5707963267948963,81.0,0.036379450670041745,0.06087001857461496,0.053831727141309085,0.25428767664096547,0.4062748333062787,0.04656285130636344,0.13508015022582176,0.2580626872156582,-34.661629762338805,0.2034263382948363
60.801,-0.027266556452639312,0.01109579038215247,4.229,0.01,-0.02,-0.98,1.575794965089534,0.0005592087514757671,-0.00031826394510944795,-0.0004274029627105764,-0.03374588040952445,-299.9672801282347,0.0,-5.522622677049981e-07,-0.0017797734843132047,0.0,60.721,-2.009524131056501,-0.040880276704536554,-4.000512699026599,1.574313157437937,-2.009203418467504,-0.03190837269231823,-2.930176613641298,-0.010646825303438846,0.08056896815607915,0.98,1.5814750742772328,-2.0,-300.0,0.0,0.0,0.0,0.0,1.5707963267948963,80.0,0.03623883283980667,0.05951235630221881,0.05367935388534853,0.24725939949768827,0.39147242667152793,0.046232119408114676,0.13460565249656903,0.24238040862482768,-34.78386492163278,0.18804595911449973
60.9,-0.027266557215951837,0.0110957897528432,4.324,0.01,-0.02,-0.93,1.5756761199471097,-0.0003339641015709561,0.0024942448081775046,-0.0001777488200141927,-0.033667708518600535,-299.9674603231884,0.0,-4.363121378621009e-07,-0.0018059786398735881,0.0,60.82,-2.0269622474154456,-0.039849603398138936,-4.140501301871009,1.5762538223930735,-2.017853848973673,-0.02939143201789561,-3.072121803406114,-0.010431830285721432,0.07981697114730842,0.93,1.5780153948254114,-2.0,-300.0,0.0,0.0,0.0,0.0,1.5707963267948963,80.0,0.03611356261465681,0.05845146183553137,0.05357165847071373,0.24190084630471406,0.380596832026676,0.045962631194517295,0.13426648489800475,0.2311007058116042,-34.87956165858117,0.1769978354741176
61.0,-0.027266557696483895,0.011095789985459348,4.412,0.01,-0.02,-0.87,1.5756578050230179,0.0008335871204163719,0.0005055948959908411,-0.002902674900243607,-0.03345249590789287,-299.9676431136418,0.0,-1.4828245022913027e-07,-0.0018486584276318672,0.0,60.919,-2.0210966959408316,-0.04014871909153419,-4.2259546957059175,1.5730912070558487,-2.0222276239514367,-0.029600876654500723,-3.20935616706827,-0.010184284683421724,0.07088104722271554,0.87,1.5744181838059799,2.1689737399736973e-17,1.1258059107732478e-34,0.0,3.71338278494977e-19,7.436276138581036e-36,0.0,2.002561160330694e-17,81.0,0.03614325392448071,0.05805747965366894,0.053553211233938906,0.23854709864224713,0.3729961550499394,0.045996508092852786,0.1341990964053053,0.22370087836686126,-34.91798134848036,0.16959118468863282
61.1,-0.027266557894235044,0.011095790700266672,4.493,0.02,-0.02,-0.81,1.5756912478853502,0.0018656503192160862,0.0006373343070305659,-0.002775368804905162,-0.03318071068331109,-299.96779132327805,0.0,1.7604990912018887e-07,-0.0018646687712136093,0.0,61.018,-1.9925807937593956,-0.041057420986654145,-4.2509627021832275,1.5678562357136319,-2.0102770662338787,-0.03153104433972412,-3.330869264628996,-0.01996016419479499,0.058061383766102384,0.81,1.5697497071842104,-2.0,-300.0,0.0,0.0,0.0,0.0,1.5707963267948963,82.0,0.03616167469657266,0.0577365037867635,0.05354419847056321,0.23595487149356095,0.3673916902543777,0.04601862383342822,0.13415216649730766,0.21827402474119015,-34.94764557000071,0.16416621796130237
61.201,-0.027266558091986193,0.011095791035340863,4.57,0.02,-0.01,-0.75,1.5757712671209614,0.00176124498123425,-0.0010401894240736037,0.0011729968865813133,-0.03260489720881065,-299.96802043379796,0.0,6.002973877098696e-07,-0.001952159947898948,0.0,61.117,-2.0202439149658464,-0.03602425730205473,-4.382563994597799,1.570651890356791,-2.015084359257444,-0.030014243275029634,-3.4585768800288985,-0.020054249357909212,0.047233743847859125,0.75,1.5722533202077398,-2.0,-300.0,0.0,0.0,0.0,0.0,1.5707963267948963,84.0,0.03623464035915551,0.05767077707367242,0.05358901295530473,0.23428346837608172,0.3633919060907957,0.046153347204005435,0.1342071682724564,0.21459476644023545,-34.9527132432519,0.16039792824749471
61.3,-0.027266558639364114,0.011095790567488883,4.643,0.02,-0.01,-0.7,1.5752488757160048,-0.012430970894161683,-0.014902673198675609,-0.011685952004447255,-0.032131570182283804,-299.9681693837132,0.0,-2.1125062946046373e-07,-0.0017654893817603775,0.0,61.216,-2.0280433907362996,-0.03430198261709077,-4.482930445995642,1.5711795834395388,-2.0220952110045856,-0.0291660290409241,-3.5846984789196537,-0.02001656014861814,0.04555756238664672,0.7,1.5712620546544376,-2.0,-300.0,0.0,0.0,0.0,0.0,1.5707963267948963,84.0,0.03616753423122727,0.05723203635196789,0.053541184111892764,0.23243814433002816,0.3602197047127872,0.04601820366993162,0.13408628468720138,0.21133278832664268,-34.99106184705511,0.1572524694470619
61.4,-0.02726655874891626,0.011095791024360757,4.708,0.02,-0.01,-0.62,1.5740645749636482,-0.008145186429596845,-0.012501617672683308,-0.01162596863447596,-0.03153049253578384,-299.9683044416004,0.0,-1.0229181819461896e-06,-0.0008729463528286447,0.0,61.315,-2.015934372198565,-0.034581206334559,-4.527309976984754,1.569350073553131,-2.024165206581365,-0.02844450018660004,-3.7068714214520604,-0.01994644458390755,0.04294131290475868,0.62,1.5691705455437965,-2.0,-300.0,0.0,0.0,0.0,0.0,1.5707963267948963,85.0,0.03620932310556777,0.0571543602120778,0.053596517631225464,0.23142967764525738,0.35804557908748197,0.04608966553684819,0.1341139457377039,0.20931746278292201,-34.99413842539245,0.15519811160941205
61.5,-0.02726655853615112,0.011095791121819243,4.764,0.01,-0.01,-0.53,1.5726892820701488,-0.005182046585944619,-0.0075982099978022105,-0.018462978652067724,-0.03104180284913176,-299.9683111598728,0.0,1.607825615985152e-06,0.000690433245399828,0.0,61.414,-2.010223055633399,-0.03466385786361318,-4.571497168550451,1.5638241714106147,-2.0163613902148274,-0.02898393323198726,-3.819587014896449,-0.009874491290713279,0.037140248218616355,0.53,1.5661719101868767,-2.0,-300.0,0.0,0.0,0.0,0.0,1.5707963267948963,86.0,0.036222498876720806,0.05705289388881254,0.053616996231129005,0.23062316528976695,0.35643341185856,0.046092671117288396,0.134103265549656,0.2077819260300241,-35.00185841350664,0.15366137733884735
61.6,-0.027266558917807382,0.011095790997031507,4.81,0.01,-0.01,-0.43,1.5711404813362773,-0.002501163886850046,-0.0025661305538242428,-0.022885561709302647,-0.030753331712729422,-299.9681356808146,0.0,1.0223956569224174e-05,0.002682685188800524,0.0,61.513,-2.0098029809370974,-0.03289639002674669,-4.621436614035187,1.5621945713673757,-2.0122312611173707,-0.02811052120504423,-3.931958746589011,-0.009852106998067591,0.035403183390243474,0.43,1.5649745630885843,-2.0,-300.0,0.0,0.0,0.0,0.0,1.5707963267948963,87.0,0.03623246311023408,0.05699590918003881,0.0536091389936181,0.23005414998003473,0.35526531292848196,0.046056321166608405,0.13407496006982167,0.2066708989602654,-35.00939618240987,0.1525562472804407
61.7,-0.02726655921126464,0.011095790994041455,4.847,0.01,0.0,-0.34,1.5691815347552787,-0.00036246206618476337,-0.0024808055558716057,-0.020728607549513528,-0.030711013516922268,-299.96774969572846,0.0,2.7071145142583925e-05,0.004855283909876367,0.0,61.612,-2.008931141462189,-0.03179025445597526,-4.664635532267325,1.5628633914413994,-2.009192147962201,-0.027646605130717393,-4.039134732283465,-0.009851864085726952,0.02374712588967613,0.34,1.56455835115448,-2.0,-300.0,0.0,0.0,0.0,0.0,1.5707963267948963,88.0,0.03625065252230444,0.05698031633307119,0.05358765369322728,0.22967191490649144,0.3544275103344341,0.04602338712020014,0.1340545830861273,0.20588933487314623,-35.014222095191755,0.15177379835199667
61.8,-0.0272665595047219,0.011095790991051402,4.875,0.0,0.0,-0.24,1.567660005358283,0.0005701107295104174,0.0005197017676500334,-0.01182854729510989,-0.030934064174303864,-299.9671430973648,0.0,4.8561169409709166e-05,0.007043702467744739,0.0,61.711,-2.0015471576868564,-0.03191186924988619,-4.6940642378198305,1.5691876331140016,-2.0059393384793207,-0.028644547266138354,-4.14304222673468,0.00010652612964399728,0.019678725257714018,0.24,1.5653831159420368,-2.0,-300.0,0.0,0.0,0.0,0.0,1.5707963267948963,89.0,0.0362373339235512,0.05688601106364432,0.05356951527861064,0.22927535334802362,0.35376695584244433,0.04601007993612393,0.13404747705317607,0.20522275585074662,-35.02185517214628,0.1511256695265802
61.9,-0.027266559592920903,0.011095791248987297,4.891,0.0,0.0,-0.13,1.5665891618144252,-0.0001100609603203173,0.00043362763874369846,-0.004294408405112954,-0.031429364039624146,-299.96631378153074,0.0,7.098438361000743e-05,0.009255658518251872,0.0,61.81,-2.0107874281027263,-0.0323473690209016,-4.730787595690799,1.5612417123456706,-2.0083052353654085,-0.029424470799682634,-4.246535067546695,0.00011984066247482385,0.016393187833700192,0.13,1.5634860629875782,-2.0,-300.0,0.0,0.0,0.0,0.0,1.5707963267948963,90.0,0.036213067468595504,0.056790380057766814,0.053555199189887784,0.22896388597933165,0.35327968979024793,0.04600500577091045,0.13404474576179723,0.20472014760623575,-35.02913138335286,0.15064206752108422
62.0,-0.027266559592920903,0.011095791248987297,4.898,0.0,0.0,-0.04,1.566044371635888,0.00014597464827347117,-0.000366301227614843,-0.007503063016494598,-0.03219791655012391,-299.96525822080025,0.0,9.376959203297107e-05,0.011535593919381162,0.0,61.909,-2.0148227198210202,-0.032648044447342976,-4.759855933238172,1.5608787325132163,-2.011861830155852,-0.030334762764035725,-4.343791317459511,0.00011443594412393317,0.01308754579280276,0.04,1.5620526685375025,-2.0,-300.0,0.0,0.0,0.0,0.0,1.5707963267948963,91.0,0.03618465681210096,0.05669565043897105,0.05354492663023283,0.22870603749058047,0.35291195080300386,0.04600241704292983,0.13404249306497987,0.20432769426023598,-35.03601725859368,0.1502699362114872
62.1,-0.02726655939833944,0.011095790849913634,4.9,0.0,0.0,0.0,1.5649274220366518,0.00021951882989038437,0.0011282005571277526,-0.01307846626452169,-0.033490548768083,-299.9636764803037,0.0,0.00013428430305244648,0.014424551011155537,0.0,62.008,-2.0022461957877944,-0.03170225678687068,-4.739014920170414,1.5629577907911532,-2.0080051087152815,-0.029525049674411163,-4.424970642354095,0.0001290175756020082,0.014393076987883592,-0.0,1.5618327034973862,-2.0,-300.0,0.0,0.0,0.0,0.0,1.5707963267948963,92.0,0.03620189828194834,0.056732011743535884,0.05353817929263231,0.22865892088367476,0.3527018982623124,0.04600165664882061,0.1340410481810171,0.2041621213870822,-35.03506963441061,0.15009082395201334
62.2,-0.027266559592920903,0.011095791248987297,4.899,0.0,0.0,0.02,1.5638280530136563,-1.6625484677901543e-05,0.002134706835352556,-0.010315265656572403,-0.034886841441928336,-299.9620817074321,0.0,0.00017227675399754942,0.01696364876946061,0.0,62.107,-2.005255806277631,-0.031565849032768635,-4.75445261361567,1.560655026668638,-2.0075319699900738,-0.02939482716277239,-4.4657921195495245,0.00014379811854819746,0.013558635548327914,-0.02,1.5601910762193825,-2.0,-300.0,0.0,0.0,0.0,0.0,1.5707963267948963,93.0,0.039508970982338944,0.06755258084151865,0.05582409282090826,0.2448812334901979,0.35962440112322747,0.052556855329747264,0.13862794349528898,0.22051709746451648,-34.148647507666816,0.16136792607044487
62.3,-0.03635541302645939,0.011095791493160423,4.9,0.0,0.0,0.0,1.562917069592748,-0.00031041806787540795,0.000638063807125923,-0.013180627364828513,-0.03621693750115999,-299.9606148245603,0.0,0.00020523001164592032,0.019103322450713292,0.0,62.206,-2.0016112099630012,-0.03287638935210663,-4.743656717729311,1.5608657347878843,-2.0066715764212146,-0.030395800762747303,-4.527401400474076,0.00010264264899843041,0.00996389167108591,-0.0,1.5604952294123455,-2.0,-300.0,0.0,0.0,0.0,0.0,1.5707963267948963,94.0,0.036885158495459314,0.057843899158587425,0.05498220515850508,0.22914935506086373,0.3525368077980302,0.04703580844142501,0.13442190793111103,0.20480271885600954,-34.850032894676275,0.15011011491976994
62.4,-0.03635541302645939,0.011095791493160423,4.906,-0.01,0.01,-0.05,1.5619452587005238,-0.0010522636205736295,0.0013495767114770644,-0.010309409092401618,-0.03814768812633834,-299.9585300658454,0.0,0.00025032117801985907,0.02188121021906976,0.0,62.338,-2.0064334994779074,-0.03733549487226447,-4.762846646952381,1.569513942499085,-2.0031608556847273,-0.0356292535860062,-4.56819487678276,0.009993635024255182,-0.011215773658984875,0.05,1.5655610450902095,-2.0,-300.0,0.0,0.0,0.0,0.0,1.5707963267948963,62.0,0.036336355258535236,0.05668508934772723,0.05444981814116469,0.22839324525299745,0.35235003463131337,0.04613693662148733,0.13403864814019595,0.20390731026139017,-34.98229191511786,0.1497228506183787
62.5,-0.03635541335233183,0.022191582135407728,4.917,-0.01,0.01,-0.09,1.561919550472174,0.00032060228474993367,0.0020366132399815377,0.01366792485751085,-0.04036996549619089,-299.95615840882635,0.0,0.00027744715200975,0.024743482504838165,0.0,62.437,-2.0027400259788255,-0.04104616710946671,-4.755196510421871,1.5649444821150518,-2.0023462765245768,-0.04123518160763498,-4.597673335777905,0.009944682045277022,-0.02154789726159175,0.09,1.5660060580257695,-2.0,-300.0,0.0,0.0,0.0,0.0,1.5707963267948963,63.0,0.03608928624908411,0.05619515372181078,0.0540824745599899,0.22789847378172873,0.35207324949191104,0.045727494367099844,0.13385892240728187,0.2032877481472848,-35.04822981023549,0.1493422257112782
62.6,-0.03635541344053106,0.02219158239334318,4.93,-0.01,0.01,-0.12,1.5631831414673962,0.0018558577354553627,0.00126872441094936,0.012690764501459865,-0.04286966892502176,-299.95350169482555,0.0,0.000270518196158287,0.027574612376938906,0.0,62.503,-1.9970876662760515,-0.043428038372191266,-4.756987461837288,1.5652781791698929,-1.9987963166459535,-0.045324204799770576,-4.616334887535693,0.009916256563321303,-0.02630142621380531,0.12,1.565659187325606,-2.0,-300.0,0.0,0.0,0.0,0.0,1.5707963267948963,97.0,0.03615081501325461,0.0565482467628945,0.0538805377522315,0.22850168915049668,0.3522942984575544,0.04588928241064116,0.1340322493266526,0.20380246275660563,-35.035267984574325,0.14971685655780884
62.7,-0.04544426862847373,0.022191582367842244,4.945,-0.01,0.02,-0.13,1.5640376890685896,0.00019337104078909057,-0.0005045338126410945,0.006071454732084875,-0.04622064228308973,-299.9499458535623,0.0,0.00026876562742090816,0.030886805838310948,0.0,62.635,-1.9952947938472898,-0.04783683085270146,-4.781474495323832,1.5626198327841438,-1.9966738134352724,-0.05181569087039059,-4.634493981197709,0.009881649382384951,-0.0422934942099889,0.13,1.5654876253100507,-2.0,-300.0,0.0,0.0,0.0,0.0,1.5707963267948963,65.0,0.036200899238567424,0.05673169896236568,0.05375952708984308,0.22866152263496872,0.35230870329373454,0.04599771327413782,0.1341067962407029,0.20392701430041116,-35.027318938052936,0.1497823238713501
62.8,-0.045444268639150076,0.022191582467310234,4.96,-0.02,0.02,-0.14,1.5644813776623945,-0.0005022034489456199,0.003096012170686149,0.0009410927916302251,-0.0486647461991466,-299.9473546202121,0.0,0.00027290728173285674,0.0330894505919825,0.0,62.734,-1.9840579805154697,-0.05297578064310042,-4.772361238058399,1.5640172067556213,-1.990489783742897,-0.05684373023239078,-4.6482829619932655,0.019851150464792303,-0.04501998880618198,0.14,1.5648471722885846,-2.0,-300.0,0.0,0.0,0.0,0.0,1.5707963267948963,66.0,0.03617779926665628,0.056651487483785005,0.053676709684512304,0.22841980137508633,0.3521618749405203,0.04601038355618237,0.13409551798052888,0.20369156851576925,-35.034964976402584,0.14958798042507732
62.9,-0.0454442685651828,0.033287374490344135,4.974,-0.02,0.02,-0.15,1.5646612514418103,0.0016671728011168415,0.0025195447524827006,-0.0009039779924432716,-0.051960024357397244,-299.94386663875633,0.0,0.0002858279630671829,0.035855873491006496,0.0,62.833,-1.993857158310451,-0.05754611577762915,-4.814533032676284,1.5691167614596702,-1.9906291451512197,-0.06168558439797624,-4.665853034484833,0.019932558343176775,-0.04685272644485756,0.15,1.5682847935560336,-2.0,-300.0,0.0,0.0,0.0,0.0,1.5707963267948963,67.0,0.0361753649305789,0.05662135645982145,0.053632387905255506,0.22830754336876435,0.35209128729231737,0.046024640120204685,0.13408702917370893,0.20358127590469732,-35.03780025811386,0.1494964432095666
63.0,-0.05453312207624417,0.03328737451325159,4.989,-0.02,0.02,-0.16,1.5649154969167454,-0.0009599040120758032,0.002717365367090215,0.010148977233660973,-0.05626624326174496,-299.93931889353445,0.0,0.00028097723444963556,0.039126601540980764,0.0,62.932,-1.9809218708528904,-0.061044049405361185,-4.811311968488196,1.5600732460557742,-1.984614662139362,-0.0655894637093027,-4.677789554895657,0.019768990085527308,-0.045877835931115746,0.16,1.5618696229172457,-2.0,-300.0,0.0,0.0,0.0,0.0,1.5707963267948963,68.0,0.036173488743910166,0.05660780689136173,0.053604066575391636,0.22824323772469446,0.35205034509144706,0.046025623731829356,0.13407447202911627,0.20351510417822308,-35.03976451758433,0.14944386506367902
63.1,-0.05453312248676001,0.03328737475086685,5.005,-0.02,0.03,-0.16,1.5653803130288164,-0.0007929141066115044,0.0007836423201915848,-0.012902353620905119,-0.05934999742100295,-299.936067197257,0.0,0.0002934980864061078,0.04134704397635812,0.0,63.031,-1.9687720487513378,-0.06598407594444237,-4.806834602894488,1.5581896385879523,-1.975978734890945,-0.07130362098759277,-4.686755358486252,0.019659011684532057,-0.056912072902540634,0.16,1.5581265458018634,-2.0,-300.0,0.0,0.0,0.0,0.0,1.5707963267948963,69.0,0.03617558564645312,0.056605049059712906,0.05357913577288257,0.228207617718436,0.3520265025717605,0.046008894819698866,0.1340559261145875,0.20347271339268477,-35.04166586168381,0.14941382778799647
63.2,-0.06362197592385432,0.044383166796808204,5.022,-0.03,0.03,-0.17,1.5635653744128089,-0.00022342543591424117,-0.0012004862791396525,-0.02413872290681126,-0.06344531646703358,-299.9317524133963,0.0,0.0003877286374550446,0.044031435950730106,0.0,63.13,-1.9704105981927593,-0.07140022915237716,-4.832531713339254,1.553734214991369,-1.9709911795322572,-0.07708762314481885,-4.686620450756301,0.02955176609204145,-0.05789979456223922,0.17,1.554731859074524,-2.0,-300.0,0.0,0.0,0.0,0.0,1.5707963267948963,70.0,0.039503906438320774,0.06747469081118439,0.055854614266929024,0.2445378759461067,0.3590922427694344,0.0525582544248503,0.1386368299988032,0.21996168278858022,-34.15195685063784,0.16081223763608954
63.3,-0.06362197572927264,0.04438316715720214,5.039,-0.03,0.03,-0.18,1.5611929856848457,-0.0009480326896367973,-0.001400448718944159,-0.029441966126942,-0.06781280067464741,-299.92715841751306,0.0,0.0005149223427250072,0.04669121325204547,0.0,63.229,-2.0036911563549364,-0.07637340559367155,-4.937485526225144,1.5661287940263142,-1.9808882462173631,-0.08203572816908178,-4.714955896149435,0.02968250508081951,-0.057225846430153125,0.18,1.5591353292571923,-2.0,-300.0,0.0,0.0,0.0,0.0,1.5707963267948963,71.0,0.03694972671863642,0.057977097333322944,0.055000329163832413,0.22916176812551803,0.35228566358961144,0.04703627584536574,0.13442737499627905,0.20465509746288757,-34.84234384273212,0.1499176244908395
63.4,-0.07271082972125176,0.05547895700009109,5.055,-0.03,0.04,-0.19,1.5592834307488541,-0.0002965876510693945,-0.0001572556334633202,-0.007515914089250664,-0.07245687100842484,-299.92228098716816,0.0,0.0006233596676486097,0.0494402779534212,0.0,63.328,-1.9603442436362202,-0.06609957627692782,-4.866832850656987,1.551487615020811,-1.9696614883742587,-0.07939282761853833,-4.727522040697721,0.029927868427788756,-0.04468699172844452,0.19,1.5554078041442576,-2.0,-300.0,0.0,0.0,0.0,0.0,1.5707963267948963,72.0,0.036435116329846605,0.05690325763350166,0.0544698187247601,0.22854365651895187,0.35222764741448265,0.04615604968188333,0.1340521059780356,0.20392932616075907,-34.96799381966974,0.14967737513161494
63.5,-0.07271083020929048,0.05547895701644068,5.073,-0.04,0.04,-0.2,1.5586278830331304,0.0026972776887016154,0.0008702464479849025,-0.01741844181362762,-0.07737845173660567,-299.9171189632572,0.0,0.0006889718172194231,0.052234595363009846,0.0,63.427,-1.973755871257068,-0.07313445556373747,-4.9296721612217205,1.5637327406023513,-1.96566571460209,-0.07698035417444607,-4.7433662958092135,0.04018062357036069,-0.02706572838575798,0.2,1.5568325075888143,-2.0,-300.0,0.0,0.0,0.0,0.0,1.5707963267948963,73.0,0.03623846791792561,0.056638812899850184,0.05412710324816731,0.22857451860045483,0.35228298530712304,0.04601274274553534,0.13407887961617115,0.2038948557342034,-35.01052354453391,0.14973461373798472
63.601,-0.08179968524574321,0.06657474999470692,5.092,-0.04,0.04,-0.21,1.5575211495768766,0.0021229200558202234,-0.0008308774099616933,-0.0068495423983435,-0.08364693413196185,-299.91055867655086,0.0,0.0007781154663222488,0.05538652248571657,0.0,63.526,-1.950120704409916,-0.07884804152450406,-4.904680135617856,1.5554916121539557,-1.9579584199133695,-0.08072285771824236,-4.757809145150821,0.04017285000785839,-0.027330952071660676,0.21,1.5571536849016927,-2.0,-300.0,0.0,0.0,0.0,0.0,1.5707963267948963,75.0,0.036304669321198135,0.056979922614432334,0.05396360305522182,0.22910967280291547,0.3524790089890125,0.046145717455090204,0.1342080938209588,0.2043507446866054,-34.99667889902421,0.15006362862371572
63.7,-0.08179968573378216,0.06657475039079053,5.11,-0.04,0.04,-0.21,1.5573042156782488,0.0008624518912360199,0.002480382743773568,-0.001823660128796944,-0.08804466588599677,-299.9059740299718,0.0,0.0008105876949363424,0.057419077057612046,0.0,63.625,-1.9483830033493734,-0.08919787757012106,-4.927104506688757,1.561525068207472,-1.9507953733194583,-0.08990668926271408,-4.771609980127767,0.03998527435678165,-0.04151510017310059,0.21,1.5610773789487262,-2.0,-300.0,0.0,0.0,0.0,0.0,1.5707963267948963,75.0,0.03619213379888518,0.05667782756835281,0.05378176432777908,0.22854716303104067,0.35219229484619796,0.046017733091184766,0.13411255855198387,0.20379175325977225,-35.028196234404994,0.14965408182518242
63.8,-0.09088854029287208,0.07767054193324041,5.13,-0.04,0.05,-0.22,1.5574422376838069,-0.0010315253980407435,0.0021056624493004266,0.005691058966958383,-0.09379134496256161,-299.9000090438324,0.0,0.0008228337811517533,0.06001001454881252,0.0,63.724,-1.953762225771275,-0.09972923728385533,-4.985931550228507,1.5611913759508236,-1.9436235860662059,-0.10184097213254079,-4.786270187114452,0.040111540677340796,-0.0678058657910244,0.22,1.5770605107269764,-2.0,-300.0,0.0,0.0,0.0,0.0,1.5707963267948963,76.0,0.03616074993074403,0.05657438422519677,0.05369215577740116,0.22830680657430383,0.3520639353038701,0.045995156168599234,0.13408187053333495,0.20355762324453477,-35.03883318275367,0.14947389952699686
63.9,-0.09997739340409373,0.07767054219773328,5.149,-0.05,0.05,-0.23,1.5586920837548117,-6.566618709293116e-05,0.002496285456895243,0.009583744927003854,-0.09981708872619749,-299.893780070727,0.0,0.0007616380247222218,0.0627048086718873,0.0,63.79,-1.9461782641160785,-0.10731744806357943,-4.98896133127904,1.5575317275964244,-1.9388245774417805,-0.11438558804326548,-4.784107914802391,0.04999280621493811,-0.08208346065382291,0.23,1.5705721058164006,-2.0,-300.0,0.0,0.0,0.0,0.0,1.5707963267948963,110.0,0.036193835921149685,0.05668675619720868,0.05363733756485838,0.22839977850528265,0.3520934011432906,0.04601225586769379,0.13408001381390366,0.20363114581217848,-35.034853606172504,0.1495284234677175
64.0,-0.09997739421800511,0.08876633475499851,5.171,-0.05,0.05,-0.24,1.5636234810252228,7.22892029800396e-05,0.0033835389004131487,0.0323348538308166,-0.10612015014891286,-299.8872818417838,0.0,0.00046395710344180794,0.06577297687817539,0.0,63.922,-1.9252567632854511,-0.09657406071194904,-4.98977756933625,1.5492864349428408,-1.926639319316545,-0.11198356661024145,-4.801771518462646,0.04990395579058082,-0.056608297687229144,0.24,1.5562634694342201,-2.0,-300.0,0.0,0.0,0.0,0.0,1.5707963267948963,78.0,0.03785222525561438,0.06077822166635032,0.05543492654913069,0.23300338548015634,0.35379865018646106,0.04859232166607521,0.13547460247812396,0.2083784584277145,-34.617196489548434,0.15240200151474853
64.1,-0.10906624893214079,0.09986212661438376,5.194,-0.05,0.05,-0.24,1.5649761306729655,0.0013127925406608459,-0.00017635940066062342,-0.016774134436916697,-0.11269533635099759,-299.88050177592925,0.0,0.00041784523419884426,0.0686985887258381,0.0,63.988,-1.9154575138575127,-0.10367561295748093,-4.989396953506746,1.5539223251320118,-1.9172162676320403,-0.11391520302029554,-4.797429185566974,0.05004674384762644,-0.04726710322233293,0.24,1.5536938549857109,-2.0,-300.0,0.0,0.0,0.0,0.0,1.5707963267948963,112.0,0.036627917175614665,0.05720744883512769,0.05474474809794528,0.22854006455961476,0.35212502448063926,0.04641929957950607,0.1341327958099193,0.20398023622279607,-34.92310879388245,0.14958953684849424
64.2,-0.11815510224862025,0.09986212699768471,5.219,-0.05,0.06,-0.24,1.5615304401752093,-0.0005921573464933194,0.0003045596129369536,-0.034253226985750874,-0.11954397462378072,-299.87343768807744,0.0,0.000666284559532159,0.07124972942119558,0.0,64.12,-1.9110263275329316,-0.11438943713910056,-5.0527397793283795,1.629479355790624,-1.9097292133783785,-0.11909022994726631,-4.82642606101188,0.04990866288889832,-0.05493986835550603,0.24,1.5888447096816478,-2.0,-300.0,0.0,0.0,0.0,0.0,1.5707963267948963,80.0,0.037921425685462216,0.0605229962310846,0.056259451096675864,0.23265423554469453,0.3537424542604761,0.04866825759074166,0.13544652938064033,0.2082422723177959,-34.58083587974293,0.15223276800011282
64.3,-0.11815510298500898,0.11095791977621605,5.244,-0.06,0.06,-0.25,1.5609265333649258,-0.001072949777994202,0.000427233222671292,0.04581672733079501,-0.12667782329334623,-299.8660937855257,0.0,0.0006552116357747544,0.07397961405016878,0.0,64.219,-1.9008872743735723,-0.12623627864401982,-5.045391996151267,1.5623233128503191,-1.905108739395597,-0.13065361731860423,-4.852059270159629,0.06001747751622459,-0.06848265853048392,0.25,1.5728567057940215,-2.0,-300.0,0.0,0.0,0.0,0.0,1.5707963267948963,81.0,0.036657961599603335,0.05724774816605447,0.05525266480420782,0.2290214748328727,0.35244733173641196,0.046407941450148815,0.13416736695818976,0.20449850475556267,-34.896499020963866,0.14999997003244067
64.4,-0.1272439599811237,0.12205371108468155,5.27,-0.06,0.06,-0.26,1.5692577991310994,0.00023518012560525285,0.0016566661164675494,0.0406526759155596,-0.1356199171658694,-299.85690058983926,0.0,5.320154581603461e-05,0.07828205529613472,0.0,64.318,-1.8937445663919625,-0.13640343160379387,-5.090936469654268,1.6186473924213347,-1.8956710899990563,-0.14249548069939144,-4.8756166305578255,0.06038637569513476,-0.0805891706586827,0.26,1.5895600912791656,-2.0,-300.0,0.0,0.0,0.0,0.0,1.5707963267948963,82.0,0.03656192352266718,0.05744760436384201,0.05462820818822213,0.22993128516828126,0.3529047632446126,0.046060116360580154,0.1341372791006205,0.20514575441221916,-34.93752800483864,0.15066754281902378
64.5,-0.13633281369744288,0.12205371122639663,5.297,-0.06,0.07,-0.26,1.5721643143941204,-0.00011972015217983232,4.736042088998574e-05,0.06371883456346011,-0.14180812064437365,-299.85052692106945,0.0,-0.00021222165791131962,0.08088859241796258,0.0,64.417,-1.89517493717513,-0.12876928262973628,-5.11367338691988,1.5541176954487423,-1.885932745808025,-0.13877813857757315,-4.893392667485395,0.06001007126836548,-0.059866852452087706,0.26,1.5698024337323855,-2.0,-300.0,0.0,0.0,0.0,0.0,1.5707963267948963,83.0,0.03631053786772508,0.05689540753168348,0.05422881477301662,0.2291456203236715,0.3525179686484273,0.04601289033620073,0.1341678251473563,0.20439113182552263,-34.99179957888366,0.15010244568956801
64.601,-0.14542166922193434,0.13314950498048006,5.331,-0.06,0.07,-0.26,1.577785816104386,0.0,0.0,0.0,-0.1514267612758838,-299.8405984620436,0.0,-0.0006498800684477124,0.08511155928968718,0.0,64.516,-1.9016517336575727,-0.13888903037473793,-5.1844330028925105,1.5603926135141395,-1.8829645879971362,-0.14366695053912548,-4.918589599869804,0.06011921428597016,-0.055786748230754975,0.26,1.5624089786769217,-2.0,-300.0,0.0,0.0,0.0,0.0,1.5707963267948963,85.0,0.03633101058527075,0.05704699874060982,0.054018735669799506,0.22926607315866793,0.35251970733915833,0.046141194790291974,0.1342541235560713,0.2044785821113879,-34.98964402442287,0.1501419178536329
64.7,-0.15451052313639058,0.14424529694330257,5.358,-0.07,0.07,-0.27,1.5732878733568378,0.0,0.0,0.0,-0.1580709574692751,-299.83372788203934,0.0,-0.0003623066341766907,0.0873201390968305,0.0,64.615,-1.8689308593797702,-0.1479120047992607,-5.145050137766239,1.5585832543456752,-1.869810675874204,-0.15235220413926692,-4.937782263933153,0.07009673314808915,-0.06198827390653139,0.27,1.558722967473806,-2.0,-300.0,0.0,0.0,0.0,0.0,1.5707963267948963,85.0,0.036182909494959586,0.0566493217359185,0.0538092425309448,0.22858135285854,0.3521963929168655,0.046007604734177976,0.13413529138834213,0.20381449332191737,-35.028473746100325,0.14966411151046533
64.804,-0.16359937837810112,0.1553410904201109,5.387,-0.07,0.07,-0.27,1.5687633751102277,0.0,0.0,0.0,-0.16841035419275305,-299.8230605217971,0.0,0.00011740865578004161,0.09044524676318431,0.0,64.714,-1.8866670080436794,-0.15796731466227143,-5.237345805409779,1.5544500307525675,-1.870443861530826,-0.1648578702134333,-4.948674004913107,0.06992160339902123,-0.0748644140089371,0.27,1.5546813714478611,-2.0,-300.0,0.0,0.0,0.0,0.0,1.5707963267948963,90.0,0.03969806645534221,0.0682020646285368,0.05619789659808954,0.24583340372477724,0.3596343870225564,0.05301427697503005,0.13900877887816884,0.22129057056632148,-34.086501012044124,0.1617247462285753
64.901,-0.17268823497437613,0.16643688272962986,5.416,-0.07,0.08,-0.27,1.5644853539441268,0.0,0.0,0.0,-0.17738948954294162,-299.8138433859385,0.0,0.0004991988250585538,0.0930266215083599,0.0,64.813,-1.8767863809377092,-0.17584849351008686,-5.264218034145549,1.5591075072009635,-1.862432538716666,-0.1830125102005868,-4.982470674072129,0.069587142267433,-0.10785944547529326,0.27,1.5559781024304415,-2.0,-300.0,0.0,0.0,0.0,0.0,1.5707963267948963,88.0,0.03690788653153472,0.0579349026573138,0.05514344254232509,0.22931232853988567,0.35235203698808326,0.04715084001593627,0.13455455151346551,0.2048236753267901,-34.83513807696217,0.1500131248818642
65.001,-0.1817770906159264,0.17753267634458547,5.447,-0.08,0.08,-0.28,1.5614158055421452,0.0,0.0,0.0,-0.1867058261128513,-299.80432604401983,0.0,0.0007832873638074542,0.09576202694129357,0.0,64.879,-1.8672428671438355,-0.1801812148723249,-5.278905365858024,1.5520192440752756,-1.8548433078753064,-0.1956031297170222,-4.985129260070984,0.07938522404628423,-0.11367732771944249,0.28,1.5525434629406476,2.4840452240110026e-17,1.8631724466649465e-34,0.0,3.445005636156082e-19,8.942673600266487e-36,0.0,2.5958371465089013e-17,71.0,0.03631362019879921,0.056631355908363545,0.054536413491653946,0.22831418670152312,0.35212367536343997,0.04613699218025031,0.13407541245665117,0.20372329875399187,-34.98279873071961,0.14951346031295523
65.1,-0.19086594541470592,0.17753267703987197,5.479,-0.08,0.08,-0.28,1.5591094662111737,0.0,0.0,0.0,-0.19440101223020775,-299.79649154929706,0.0,0.000972194634876441,0.09806786368362784,0.0,65.011,-1.8313742503297814,-0.20005821343921976,-5.253158573065252,1.5631082427093221,-1.8357500643706457,-0.21171182921066545,-5.01691427353939,0.07948648362509331,-0.12653130861537765,0.28,1.559760842422155,-2.0,-300.0,0.0,0.0,0.0,0.0,1.5707963267948963,89.0,0.03766807859395748,0.060056939475838296,0.05606926131989266,0.2323045732291738,0.35362116437370794,0.04854424802351715,0.1354557113506241,0.20788761857900137,-34.625370842554254,0.15201811585229308
65.2,-0.19995480113377884,0.1886284689146267,5.508,-0.08,0.09,-0.29,1.5584627846863606,0.0,0.0,0.0,-0.20431829160730075,-299.78641985208554,0.0,0.0010935763874860012,0.10098809691680131,0.0,65.11,-1.844300785330982,-0.19980224774762761,-5.3423137936611464,1.568583606682037,-1.8307728999425512,-0.21282308723328758,-5.05282730785045,0.07979518040476467,-0.11033728207243544,0.29,1.560725528242558,-2.0,-300.0,0.0,0.0,0.0,0.0,1.5707963267948963,90.0,0.036360280522594136,0.05648124089165134,0.05509169086859857,0.22786956477624,0.3519051019963564,0.04613401714925255,0.13398831213290135,0.20339024966403407,-34.9610139796053,0.14919199483794698
65.301,-0.20904365597564967,0.19972426225328732,5.537,-0.09,0.09,-0.29,1.5590861682456474,0.0,0.0,0.0,-0.21665915444489967,-299.7739312665144,0.0,0.0010351708194865005,0.10467207000418353,0.0,65.209,-1.8101015178662434,-0.21144592663958528,-5.313683848257791,1.6248219364450034,-1.814086230381589,-0.22315845225627606,-5.077573903548988,0.0903024902935397,-0.1084934694231183,0.29,1.5871514689819868,-2.0,-300.0,0.0,0.0,0.0,0.0,1.5707963267948963,92.0,0.036284272681527896,0.056783723949664654,0.05456934875731692,0.22900515149049772,0.3525071015537821,0.04613615659979326,0.13420135577174166,0.2043619184652254,-34.97795563220926,0.1500467503858576
65.427,-0.22722136863706943,0.21082005611126897,5.574,-0.13,0.08,-0.28,1.5654244353671112,0.21523457345674146,-1.359839328797201,0.05914254185185509,-0.23417479629103294,-299.75953570356165,0.0,0.00016488368830134168,0.09601465417582035,0.0,65.374,-1.8356800305985501,-0.23062100082905113,-5.410136024268685,1.5584729051060104,-1.8014804541051634,-0.23921218328845356,-5.087718369755137,0.130013798168127,-0.1072025695536381,0.28,1.5713035644261213,-2.0,-300.0,0.0,0.0,0.0,0.0,1.5707963267948963,53.0,0.037973260814366375,0.062299130507279005,0.05538780413819384,0.23737719549771147,0.3561009713020781,0.049463295546249446,0.13660072059120848,0.212653168223065,-34.51047270349812,0.15568500205145241
65.5,-0.23631022407336166,0.22191584884794935,5.593,-0.21,0.06,-0.25,1.570878753492087,0.0,0.0,0.0,-0.24609428749305104,-299.75419979429023,0.0,-0.00019652695112729724,0.08342976527860518,0.0,65.407,-1.8178198041289624,-0.2345328796475134,-5.363406854089492,1.6379638546362256,-1.7847022998490125,-0.2490178413262667,-5.084461802733578,0.21152222776392934,-0.09499804215712862,0.25,1.6142635852197385,-2.0,-300.0,0.0,0.0,0.0,0.0,1.5707963267948963,93.0,0.039955944654619095,0.06206118047948015,0.057354031525522514,0.23525096055726202,0.35481971557038394,0.0532541738787847,0.13880892200851594,0.21208152143322095,-34.202609356010974,0.153944788562432
65.6,-0.2726656443370927,0.22191584872959513,5.615,-0.38,0.03,-0.18,1.5775294895891585,0.0,0.0,0.0,-0.27782122160803246,-299.74767261646645,0.0,-0.0005079019850401519,0.0526783215127041,0.0,65.506,-1.7908415968526583,-0.2615940057848857,-5.398987142440455,1.5551752618919341,-1.748981931397994,-0.2649619005634835,-5.1334918155476075,0.3818435342480157,-0.08758003665691766,0.18,1.6028022930579133,-2.0,-300.0,0.0,0.0,0.0,0.0,1.5707963267948963,94.0,0.03777580309669404,0.05911437160895447,0.056950623163797884,0.229732286814996,0.3521679845426179,0.04834814655439486,0.13502569133227654,0.20553358724612825,-34.614945053820136,0.1499299933016315
65.701,-0.31810991909902553,0.2330116394928825,5.628,-0.58,0.0,-0.09,1.588756321990166,0.0,0.0,0.0,-0.32820652319491367,-299.74503872666526,0.0,-0.00037183386022774447,0.018401554345200043,0.0,65.605,-1.7624827570804589,-0.2719262163323726,-5.462915186397224,1.5595933075626707,-1.699147136093973,-0.2748656730174017,-5.194545174735415,0.5802830648061373,-0.07111566954781827,0.09,1.5747766494589923,-2.0,-300.0,0.0,0.0,0.0,0.0,1.5707963267948963,96.0,0.03653876977940974,0.05676302316240108,0.05570959061723918,0.22855847696832074,0.35223331079878056,0.046367011081643594,0.13422005419160202,0.20413288627645898,-34.89865763885692,0.14962442895064054
65.801,-0.3908207598879161,0.23301163705611128,5.631,-0.79,-0.05,-0.03,1.5886717504498105,0.0,0.0,0.0,-0.3992122311824183,-299.7469312781686,0.0,0.00047553807037681523,-0.023925087702092784,0.0,65.704,-1.6997037468653207,-0.2596741594001369,-5.474257038388246,1.5597482321658238,-1.6183946481941471,-0.2660665544257548,-5.249629349138269,0.7896079653447267,0.0024637521431934845,0.03,1.5625494460387188,-2.0,-300.0,0.0,0.0,0.0,0.0,1.5707963267948963,97.0,0.03626021925234255,0.056675379534276905,0.0549124864209773,0.22919172032680504,0.3526460524477397,0.04607151565640142,0.13427424783150682,0.20458252446944566,-34.967169626935345,0.1501766660352745
65.901,-0.4817093075174257,0.22191584082277105,5.63,-0.99,-0.09,0.0,1.579680485711668,0.0,0.0,0.0,-0.4908511188596471,-299.7534443349405,0.0,0.0008526734187482778,-0.07290570203618482,0.0,65.803,-1.624487037234216,-0.2572252128854462,-5.487136149412055,1.5686267352228809,-1.5214615059875602,-0.25693031446071335,-5.295563580386061,0.9897191622148679,0.054763926762791425,-0.0,1.5628263172865753,-2.0,-300.0,0.0,0.0,0.0,0.0,1.5707963267948963,98.0,0.03650670252602723,0.057200485058282124,0.054659060089895184,0.22991354100332861,0.352928591533206,0.0465836265291514,0.1346686503440055,0.20531675437452268,-34.92774797347761,0.15065017301028855
66.0,-0.5907755621856918,0.21082004109503494,5.628,-1.17,-0.13,0.01,1.5713277237981114,0.0,0.0,0.0,-0.6015686614824423,-299.7641607661719,0.0,0.0006210114498398794,-0.11782000699118751,0.0,65.902,-1.5170907423865598,-0.2442648448589952,-5.442708907908886,1.5534662176177054,-1.4004673093064803,-0.23925307666123374,-5.328456044992924,1.1697744893554824,0.11559338439905374,-0.01,1.5551443350364458,-2.0,-300.0,0.0,0.0,0.0,0.0,1.5707963267948963,98.0,0.03616911828715849,0.056542932776942445,0.05419859038942803,0.2285976513205365,0.3522911644848513,0.045994861127733544,0.13420104580441652,0.203934194273406,-35.01642709327605,0.1497216773483739
66.1,-0.6816641102459069,0.21082003412033679,5.627,-1.29,-0.16,0.02,1.5659371102836468,-0.0854950713745104,0.4322047183105916,-0.04601820907701755,-0.7020635767535766,-299.77531196046186,0.0,0.00018648642193067129,-0.1485090307468551,0.0,66.034,-1.368082710780145,-0.2170102747642728,-5.433044062716146,1.5569888527758882,-1.2571010334127593,-0.20967230058199376,-5.347853640588895,1.2898669430560739,0.18427469108147954,-0.02,1.5762775751845175,-2.0,-300.0,0.0,0.0,0.0,0.0,1.5707963267948963,66.0,0.0361070678961001,0.056442513940312064,0.053935961055948375,0.228262138668872,0.35212264051878633,0.045905149474915426,0.13410902974449362,0.20358503814991824,-35.03932601990162,0.14948571600031724
66.2,-0.8179969311772546,0.19972423043184406,5.624,-1.4,-0.18,0.02,1.5614054622736313,-0.10831048370212368,0.455201667153544,0.02451719561178974,-0.8395570674160673,-299.7918236652274,0.0,-0.00015491301807338614,-0.17727130312914946,0.0,66.133,-1.2297946863905147,-0.18651279018515737,-5.449915400145174,1.549068501223222,-1.1080619584871827,-0.17447043620932,-5.364249162768033,1.3993868375053522,0.244296068053849,-0.02,1.5803325850148746,-2.0,-300.0,0.0,0.0,0.0,0.0,1.5707963267948963,67.0,0.03714037894933256,0.056962236971522154,0.05488839733267442,0.22872260308468237,0.35226232250705425,0.047793461728005665,0.13524373607329043,0.20461469650195463,-34.84768600555877,0.14974950573294357
66.3,-0.9634186070359687,0.17753263233145722,5.621,-1.48,-0.19,0.02,1.5648919670518973,-0.13671811025583394,0.5052909940929449,0.06028234468132115,-0.986500417129088,-299.81034313936186,0.0,0.0008301709355739003,-0.1849025168593734,0.0,66.232,-1.0850622615053729,-0.16542169814096333,-5.425568879971788,1.6025504577734415,-0.9526714401484688,-0.14044842301035304,-5.374885835345545,1.4775676234042938,0.28041466724131775,-0.02,1.5976922953375532,-2.0,-300.0,0.0,0.0,0.0,0.0,1.5707963267948963,68.0,0.03759035203507917,0.05759978358198493,0.05562796407831524,0.22955268166003837,0.3526286221668649,0.04855493018165066,0.13559089316952244,0.20560909040638134,-34.740818313355184,0.15031824951145556
66.4,-1.1088402799214134,0.1664368211265197,5.619,-1.51,-0.2,0.01,1.5699306947088356,-0.13678202591159191,0.4834952236131607,0.0893348513523833,-1.1388855285105424,-299.8297978547278,0.0,0.0019917415668149236,-0.17902243643002685,0.0,66.331,-0.944708470272686,-0.1456472091808073,-5.45719858306261,1.547277726198772,-0.7999553193532563,-0.11560055423006246,-5.386383985109781,1.5087111701753777,0.28780555465141355,-0.01,1.5854734993507353,-2.0,-300.0,0.0,0.0,0.0,0.0,1.5707963267948963,69.0,0.03783522096150256,0.057840061257344214,0.05624534502556602,0.22979559119272117,0.3527239990582004,0.04891892383902102,0.135731227740885,0.20597677600534153,-34.680322142179854,0.1504765433764732
66.5,-1.2633508097836357,0.14424521600230067,5.616,-1.51,-0.19,0.01,1.5771654118460157,-0.10475482514916219,0.437448928716436,0.043899012621226655,-1.292798925590484,-299.84901793379095,0.0,0.003027842667299815,-0.1587846374962071,0.0,66.43,-0.7977500944506882,-0.13376946374393328,-5.447182454139988,1.5542763611705077,-0.6475982517548278,-0.09875059425938337,-5.3937863817570655,1.5093855263924347,0.257902442760118,-0.01,1.5798454391706247,-2.0,-300.0,0.0,0.0,0.0,0.0,1.5707963267948963,70.0,0.037864530113223986,0.058046993190264455,0.05663356852710259,0.23005808158495342,0.35283681918432447,0.04890090836912077,0.13569015169601412,0.2062341951245131,-34.65615087260128,0.15065438252112096
66.6,-1.408772480819822,0.12205360843891189,5.614,-1.47,-0.17,0.0,1.5787463449549415,-0.055792425175025154,0.2410154078439788,0.019131008861815738,-1.4447353412654123,-299.8669441609202,0.0,0.002978698322824254,-0.13894218050608745,0.0,66.529,-0.63423931852453,-0.10231965893899217,-5.368429407046728,1.6022691479370712,-0.4997611399522425,-0.08139682090733419,-5.39466349527595,1.4694665180274855,0.22747294987186886,-0.0,1.5800783743085982,-2.0,-300.0,0.0,0.0,0.0,0.0,1.5707963267948963,71.0,0.03749586979230254,0.05745871312392528,0.05659952819790297,0.22931240395643074,0.3525422446483232,0.04820746052018542,0.13527786622690943,0.20540522376823034,-34.715937945906546,0.1501346250536582
66.7,-1.554194153008871,0.11095779253039506,5.615,-1.41,-0.15,0.0,1.5785401510682444,-0.008734433848661839,0.33390202844664335,-0.00554363174316285,-1.6204012316137417,-299.88578382178605,0.0,0.002489551899049485,-0.11296046410556276,0.0,66.628,-0.5004129595737181,-0.09694367587651896,-5.457583696530289,1.5571578527270136,-0.3497742610206953,-0.0682895429726477,-5.4049944070455265,1.4100915544941117,0.19087152000013705,-0.0,1.5685562745292534,-2.0,-300.0,0.0,0.0,0.0,0.0,1.5707963267948963,72.0,0.04070775658337561,0.06784233434851976,0.05876564134786822,0.24507877215725768,0.35938458324281536,0.0547264457057824,0.1398902797978174,0.2214982618551547,-33.88127898625077,0.16120624783593202
66.8,-1.6996158284619334,0.09986197360318183,5.615,-1.33,-0.13,0.0,1.5771451923672597,0.020291732094014227,0.24015456026631107,-0.03383429223634881,-1.7314962299708943,-299.8964974026203,0.0,0.0020371311003524184,-0.09698529874552644,0.0,66.727,-0.3463814402745922,-0.06147022714278591,-5.374017304076955,1.5864873505642016,-0.21933934709582037,-0.04770762223823849,-5.3970871285576205,1.3293844040283196,0.18244686217260137,-0.0,1.5825333054898587,-2.0,-300.0,0.0,0.0,0.0,0.0,1.5707963267948963,73.0,0.03816622970651719,0.057845266623079344,0.05792563536843989,0.2293592142092304,0.35237560852775923,0.04923912134115863,0.1358401177702162,0.20580936248780302,-34.57373119353379,0.15000067792426797
66.9,-1.8268597917178604,0.0887661564565807,5.615,-1.22,-0.11,0.0,1.5748800757017472,0.00448077681123156,0.15097685929649676,0.01800951878705847,-1.8616628024301618,-299.9078206821912,0.0,0.0015576182228641447,-0.07827767550440926,0.0,66.826,-0.224011094136142,-0.06643671179826063,-5.421783831784438,1.5681038124905493,-0.09847403377285696,-0.04428586471888665,-5.399985380666651,1.219899638428918,0.13195433369248938,-0.0,1.5753676735455886,-2.0,-300.0,0.0,0.0,0.0,0.0,1.5707963267948963,74.0,0.040871922773766875,0.0680239316645039,0.059672276354320535,0.24522229887669242,0.3593644223942864,0.054878465771262916,0.13993914526343829,0.2217299242472466,-33.82787481429686,0.16122891697194436
67.0,-1.9450148985467897,0.077670337699697,5.616,-1.1,-0.09,0.0,1.5761909052405993,0.033260222410329644,0.07818035213857168,-0.003548091959747714,-1.9806977501826883,-299.91693332937757,0.0,0.0012275561342167522,-0.05693510892314459,0.0,66.925,-0.09403116866049561,-0.05952821227404942,-5.398222443746165,1.5728469554897793,0.009023524919868704,-0.04129810622591028,-5.399462300195474,1.0999992656571798,0.0901773885546564,-0.0,1.5749360449790475,-2.0,-300.0,0.0,0.0,0.0,0.0,1.5707963267948963,75.0,0.03763863088482188,0.05804257223611248,0.0579289058750482,0.22975020427423268,0.3526692561610606,0.0482141332042589,0.1352546820450861,0.20592055712355117,-34.63457435554144,0.15037377878428723
67.1,-2.0449923013735134,0.07767031606695829,5.617,-0.98,-0.07,0.0,1.575199547750179,0.048171101434355594,0.024810249796702585,-0.007203388175233693,-2.087634045903972,-299.92399763578976,0.0,0.0008640546620359731,-0.040820547155100195,0.0,67.024,0.01461500046784533,-0.0408284317618615,-5.44883838970004,1.568648558227137,0.10606246323646731,-0.03619637015545647,-5.406366886687806,0.9799961295943748,0.06635582223601327,-0.0,1.5697342479335967,-2.0,-300.0,0.0,0.0,0.0,0.0,1.5707963267948963,76.0,0.03671489719458164,0.05700445427422033,0.05659708867821078,0.22918393549053773,0.35262991968659346,0.04677630843617914,0.13464376574405346,0.20499082515972006,-34.83522839557722,0.15017374021022895
67.2,-2.14496969935907,0.06657450013307065,5.617,-0.85,-0.06,0.0,1.5740587567586937,0.04244478912551824,-0.005773543870661772,-0.018838612794315066,-2.1820368787937467,-299.92933943470206,0.0,0.0005822817102390771,-0.028632406045426512,0.0,67.123,0.11624506893940106,-0.04153999102175131,-5.3708589544415695,1.5700839630215089,0.19130314977526275,-0.03825536509232798,-5.40318977754581,0.8499846651849685,0.0355769569582593,-0.0,1.5701684438161017,-2.0,-300.0,0.0,0.0,0.0,0.0,1.5707963267948963,77.0,0.036354057133148134,0.05707496354051936,0.05566182471469224,0.2295011008297345,0.35277271783746916,0.046422636660758555,0.1345653326797167,0.20505964334999519,-34.90720685769235,0.15040115825848835
67.3,-2.2267693920653793,0.06657447999094934,5.615,-0.73,-0.05,0.0,1.571974945082564,0.04335781120418158,-0.03863268994377564,-0.01522988790829788,-2.2638432858856126,-299.93335102502925,0.0,0.00039346874799110694,-0.020847039335324717,0.0,67.222,0.20275597602789316,-0.05171977526175369,-5.428066504676213,1.5801519488343005,0.26636542745736796,-0.04776903069164738,-5.397839622022071,0.7301865330390049,-0.008099815514989415,-0.0,1.5740068774041593,-2.0,-300.0,0.0,0.0,0.0,0.0,1.5707963267948963,78.0,0.03627389436331107,0.057087614614817664,0.05502816982061732,0.22938368720888258,0.35266613317471407,0.046316956609590974,0.13450760739745402,0.2048307249918073,-34.942958275405154,0.15028393015634467
67.403,-2.3085690806526777,0.0554786660452411,5.614,-0.58,-0.05,0.01,1.571683838383995,0.0,0.0,0.0,-2.3456587721357063,-299.93696644768966,0.0,0.00028639086623280903,-0.015049114503541999,0.0,67.321,0.2786523213793684,-0.0357386147802684,-5.403277184960669,1.554566209009816,0.3300664669428228,-0.041813473713181185,-5.402968641499408,0.5797333351788181,0.0043799392913457386,-0.01,1.5649510521511079,-2.0,-300.0,0.0,0.0,0.0,0.0,1.5707963267948963,82.0,0.03651245979786223,0.057680120277956035,0.05481294362741561,0.23011506384063518,0.35294024625812226,0.04677354612599797,0.134778188109389,0.2055372994272465,-34.897940389043846,0.15074149391022185
67.502,-2.3631022082681143,0.055478651820393576,5.612,-0.46,-0.05,0.01,1.570846717709008,0.0,0.0,0.0,-2.4006666454404217,-299.9394469131933,0.0,0.0002655100204809515,-0.014595511582677351,0.0,67.42,0.34059557648376587,-0.050726072765927645,-5.35879235821604,1.568322810371617,0.38422967555821685,-0.05090389226392693,-5.398790248334308,0.4594387115043711,-0.022307958608914977,-0.01,1.5630340108178777,-2.0,-300.0,0.0,0.0,0.0,0.0,1.5707963267948963,82.0,0.03640875443732879,0.05737182031435681,0.05445992528912505,0.22956016414831598,0.3526786114157059,0.046573254223378185,0.13459089269876495,0.20494685494867576,-34.93873531044465,0.1503566402704167
67.606,-2.4085464815455007,0.05547863959788346,5.61,-0.35,-0.05,0.01,1.5685679019105174,0.0,0.0,0.0,-2.4442901994896733,-299.94179441964644,0.0,0.0002754140550957837,-0.017505915570177263,0.0,67.519,0.39440841715971986,-0.04304351422300525,-5.377649001364235,1.5550335988051207,0.4271152928264448,-0.047279694450184415,-5.393054095469802,0.34913887601923105,-0.012860329358409944,-0.01,1.5570981783973485,-2.0,-300.0,0.0,0.0,0.0,0.0,1.5707963267948963,87.0,0.036547209229208275,0.057744385348351315,0.054314538410297916,0.23010699760622524,0.35290809818747093,0.046752477054315046,0.13468939381320522,0.20544056465455807,-34.91463727035884,0.15071297546893753
67.7,-2.4358130402353835,0.044382840807676516,5.609,-0.28,-0.05,0.01,1.5672353068974354,0.011432441105618866,-0.0780615397597516,-0.029174598763426353,-2.47716872625634,-299.94425839821486,0.0,0.0002895765083777875,-0.021967744465587816,0.0,67.618,0.43522339186408504,-0.03834365020661107,-5.365798185006596,1.5604451589649369,0.458263030731346,-0.04145607649777419,-5.388322768434142,0.2792422492727916,0.0009946070216516334,-0.01,1.5553349602162632,-2.0,-300.0,0.0,0.0,0.0,0.0,1.5707963267948963,82.0,0.03612305261500772,0.056461286455293094,0.05383561225680739,0.22813481519125153,0.35204322064773347,0.04593163036342393,0.13409146059610427,0.20346118252449263,-35.041871563614464,0.1493941544354859
67.8,-2.472168455743433,0.04438283090558626,5.606,-0.15,-0.06,0.02,1.5636947150949874,0.0,0.0,0.0,-2.4961493129481065,-299.9464262720772,0.0,0.0002708102054343175,-0.026062235534865558,0.0,67.717,0.46465143734896425,-0.054955620861010995,-5.373474478096489,1.554576903706238,0.4775552329748276,-0.05291930105340191,-5.387247867763421,0.14861495089609342,-0.023694041996337997,-0.02,1.5542488802688887,-2.0,-300.0,0.0,0.0,0.0,0.0,1.5707963267948963,83.0,0.03614476482834225,0.05633642764641699,0.053804907325866624,0.22788111613846862,0.3519088429177679,0.04594751556321474,0.13406038114664476,0.20322820195265323,-35.04624433485241,0.14920563470885606
67.9,-2.4812573130354068,0.04438282904801838,5.605,-0.08,-0.06,0.02,1.5620603068408112,0.008376834395551296,-0.06880908623153116,-0.0341025868828335,-2.5112034075996905,-299.94942968579034,0.0,0.00022790948789850205,-0.030761942133507005,0.0,67.816,0.4924247673958463,-0.04875489693107165,-5.423030645878529,1.5565309223623913,0.4927385575717811,-0.05295955873969478,-5.395823437367495,0.07851325492210759,-0.0224330382054167,-0.02,1.5527624906770352,-2.0,-300.0,0.0,0.0,0.0,0.0,1.5707963267948963,84.0,0.03625130368678091,0.05665085856074213,0.05378052714466771,0.22830911236387008,0.35209168344627884,0.0461045288952346,0.13415181858278497,0.20363176424875162,-35.02369237882878,0.1494929286816559
68.0,-2.4903461636542863,0.033287033000507726,5.603,0.01,-0.07,0.01,1.5599613693219165,0.0,0.0,0.0,-2.5172022999979906,-299.9528023085671,0.0,0.0001701936157661481,-0.035506089254932684,0.0,67.915,0.5028175651912149,-0.042835319532170846,-5.378313007014847,1.5565496642893872,0.49501856211439865,-0.04741642372622956,-5.394703206970021,-0.010491790783188805,0.00035266850865388333,-0.01,1.5637352865604925,-2.0,-300.0,0.0,0.0,0.0,0.0,1.5707963267948963,85.0,0.03950650869817689,0.06741006467207528,0.05600671939393367,0.24446369031213336,0.35908622288890574,0.05259836652771591,0.13868540012592392,0.21994727338500242,-34.1463975976286,0.16077506514041398
68.102,-2.4994350185472225,0.033287030314052224,5.602,0.09,-0.07,0.02,1.5611851243909933,0.0,0.0,0.0,-2.5133747530174326,-299.95742364806233,0.0,0.0001904711085623044,-0.0412439997555978,0.0,68.014,0.5038390805595651,-0.03600956476011409,-5.353162281038122,1.5573606981468437,0.49097732645407044,-0.037715215531709284,-5.394682846771055,-0.09069054984901366,0.02048859674686486,-0.02,1.5568499420827677,-2.0,-300.0,0.0,0.0,0.0,0.0,1.5707963267948963,88.0,0.03694846126640723,0.058000175608228954,0.055170940493137345,0.22927442614663765,0.3523683501658993,0.04721498370447655,0.13456895571737665,0.204841317048025,-34.8266653002416,0.15001400169009005
68.207,-2.4903461607347945,0.022191239991098843,5.601,0.16,-0.07,0.02,1.5623335326698162,-0.020447643223929512,-0.07503415128793366,-0.01708289738096081,-2.5017640452004355,-299.9617017104612,0.0,0.00019814846459537082,-0.044769841640523084,0.0,68.113,0.4983131528947493,-0.029889850244265395,-5.382509283892993,1.5570575933022646,0.4775413875141876,-0.028876553571402883,-5.392889960960437,-0.16046329300442388,0.035264949374524596,-0.02,1.5574592069185753,-2.0,-300.0,0.0,0.0,0.0,0.0,1.5707963267948963,94.0,0.036713290998306884,0.05781181123738087,0.054811154465122275,0.2300390247917041,0.3529077444546961,0.04688805691896357,0.1345881157016766,0.2054686137012556,-34.873079107112055,0.15069235149799418
68.324,-2.4721684457130215,0.022191245390426495,5.599,0.23,-0.07,0.02,1.5619088402625663,-0.022059377553005168,-0.07367014447320754,-0.01509478285925777,-2.478734896497901,-299.96711752492877,0.0,0.00012456793582282542,-0.04619357216346883,0.0,68.278,0.47655262047928876,-0.01421516727874568,-5.35818177425596,1.570767885228825,0.4537440010304362,-0.013673584386318896,-5.391515066446187,-0.23005857115021633,0.06254264116964658,-0.02,1.5629423469578925,-2.0,-300.0,0.0,0.0,0.0,0.0,1.5707963267948963,46.0,0.03790136568836429,0.06151098843097904,0.05543833388805732,0.23600550499019368,0.3555253542609956,0.04926045967674582,0.13635929396295912,0.21141084992880665,-34.5488145228982,0.15475321693424204
68.4,-2.4630795921746502,0.02219124766906022,5.597,0.27,-0.07,0.02,1.562004298963819,-0.034311122384178154,-0.1071129350684151,-0.006478361306343671,-2.458450461214101,-299.9707321986888,0.0,0.00011111471430213154,-0.04533987118573832,0.0,68.311,0.4706705581701996,-0.00955275189740555,-5.388751138439768,1.5602626971846492,0.4313634178750857,-0.005204182378900775,-5.396460960232524,-0.26996582418286696,0.07247780679587575,-0.02,1.5570044321930543,-2.0,-300.0,0.0,0.0,0.0,0.0,1.5707963267948963,89.0,0.03791608608304576,0.06029990350592415,0.0561420022100583,0.23269325812192376,0.35378816464958995,0.04903330918484559,0.1358166455457998,0.2083882767972866,-34.574303738123135,0.15224119401618957
68.5,-2.4267241703933458,0.01109546503829062,5.594,0.34,-0.07,0.02,1.5628890563410263,0.0,0.0,0.0,-2.4346961369284084,-299.97419025626243,0.0,8.757893484367272e-05,-0.04249309781859864,0.0,68.41,0.44311023442556086,-0.019949960424510388,-5.362442580139941,1.5654768586908498,0.4032924573174038,-0.013404895500865599,-5.391872012003303,-0.3402874669339813,0.03924472951412662,-0.02,1.5614496828415916,-2.0,-300.0,0.0,0.0,0.0,0.0,1.5707963267948963,90.0,0.03862407337381279,0.061287664372237594,0.05760268174513364,0.23324437160619474,0.3538145261650006,0.050159722492780966,0.1362782201128639,0.20924147264143636,-34.397713048719105,0.15242585028309322
68.6,-2.3994576080238277,0.011095472143865415,5.593,0.37,-0.06,0.02,1.5623935331266863,-0.010232393690426419,-0.10138468548564683,-0.010992819332237457,-2.4007710260642385,-299.9780651012925,0.0,1.9497133716802327e-05,-0.036244745894642286,0.0,68.509,0.41201478367315036,-0.00854081515256512,-5.364722570348875,1.563696518245065,0.36954283187993886,-0.007084128662925661,-5.387264997018136,-0.37015677266570685,0.03844497951222388,-0.02,1.5635233157794661,-2.0,-300.0,0.0,0.0,0.0,0.0,1.5707963267948963,91.0,0.03686958690727086,0.0572209909870354,0.05625911267207508,0.22911439321223043,0.3524632988654943,0.04695236161916459,0.1345411655452843,0.20482832771895615,-34.81725900435881,0.1499869736860334
68.7,-2.3631021891620154,0.011095481763037984,5.59,0.4,-0.05,0.02,1.5634984337401134,0.0009225151164985049,-0.10256845745921786,0.0022309497908902607,-2.3629446966240346,-299.98129170896664,0.0,2.0711346731041494e-05,-0.029442299025982714,0.0,68.608,0.3802845247609342,0.004974428819648172,-5.350358765682771,1.5652553035704384,0.3326032541911462,0.006239203228814775,-5.380056886405434,-0.39997749288163115,0.053696557386190294,-0.02,1.5647077319493556,-2.0,-300.0,0.0,0.0,0.0,0.0,1.5707963267948963,92.0,0.03659974543777689,0.05660640862272509,0.055612492886484156,0.22899697614804615,0.35254610018334254,0.04662268182722739,0.13456926691139487,0.2046475061255876,-34.899527538550245,0.15003004213976961
68.801,-2.317657913202811,0.011095493638852094,5.588,0.43,-0.04,0.02,1.5649465076301734,0.0,0.0,0.0,-2.3137213443355042,-299.98425824636433,0.0,2.5317730034974016e-05,-0.021313731293941603,0.0,68.707,0.341391224819407,-0.006167463783344582,-5.340153096028609,1.5723176395342109,0.2917786616304784,0.004629212581451044,-5.37851157447958,-0.42993620276625677,0.03035670844800481,-0.02,1.5774119416679175,-2.0,-300.0,0.0,0.0,0.0,0.0,1.5707963267948963,94.0,0.03662526028308279,0.05691324511532831,0.0552408083656457,0.2295165081567243,0.3527661453010302,0.04677386531432257,0.13474317246104425,0.20509737185756333,-34.899848573519314,0.15038595481428152
68.903,-2.2722136378056126,-2.8687175124275655e-07,5.586,0.44,-0.03,0.02,1.5680758110855262,0.0,0.0,0.0,-2.2706097240057703,-299.985933033779,0.0,5.786803594887601e-05,-0.014957560199504746,0.0,68.806,0.3011371119682526,0.004142458500798418,-5.365497935711588,1.570698509220283,0.2492407393668829,0.005056476233310269,-5.378631672414706,-0.43996276462685036,0.017973018362576212,-0.02,1.5738923034334409,-2.0,-300.0,0.0,0.0,0.0,0.0,1.5707963267948963,97.0,0.03662031094160466,0.05740100078906914,0.054876109332285226,0.23000723675616835,0.3529296833070036,0.04682928275943212,0.1347947849913089,0.20547261554450144,-34.896695947306945,0.15068300983615474
69.0,-2.2449470734368964,-2.8045691591316313e-07,5.584,0.45,-0.03,0.01,1.570829370425434,0.010569282831263384,-0.07783074630679246,0.016716798076093078,-2.235403132325315,-299.98673256512456,0.0,6.290546394135134e-05,-0.010145389745384318,0.0,68.905,0.2559411960436508,0.012918602154100164,-5.335713396021393,1.5733860981935628,0.20691789357454388,0.012736429505058357,-5.3709542025166925,-0.45001942932944855,0.03372065852130345,-0.01,1.5760182929418232,-2.0,-300.0,0.0,0.0,0.0,0.0,1.5707963267948963,95.0,0.03619855829737201,0.0566112121567772,0.05428770129805365,0.2285554127365568,0.35225847393328585,0.04605729148113588,0.13423559208799413,0.2039263969076725,-35.0074456835842,0.1496866029426395
69.1,-2.199502800237033,-2.6883540504840653e-07,5.582,0.45,-0.02,0.01,1.572793600443054,-0.006049551209847004,-0.07381733210480186,0.012984833428966945,-2.191230213184034,-299.98709121317046,0.0,2.852658030164835e-05,-0.0037809475283442032,0.0,69.037,0.1974790103246654,-0.0009673822146548938,-5.350625895685893,1.5788165164832093,0.15928831519139164,0.0024966951386732788,-5.36850971184014,-0.44982039153384323,-0.0054334146768397484,-0.01,1.5778581186464093,-2.0,-300.0,0.0,0.0,0.0,0.0,1.5707963267948963,63.0,0.03633825882559716,0.05659866100484487,0.05423719739825522,0.22836251959833465,0.35215250650644564,0.04631752830337894,0.13436736598941013,0.20382628173077316,-34.99209338649871,0.1495451449026596
69.2,-2.1631473815302655,-2.604182318677317e-07,5.58,0.44,-0.01,0.02,1.5746930617049824,0.019620185717673395,-0.0675257181962778,0.01372241666160378,-2.1476192347467737,-299.986776983872,0.0,-1.954510387968822e-05,0.002169396714999219,0.0,69.136,0.15490283604312383,0.005815580618136723,-5.337169364057508,1.579386366319547,0.11497078426851248,0.002382444528045413,-5.363376824624261,-0.4397890968346532,-0.010595481097834899,-0.02,1.5810362329582244,-2.0,-300.0,0.0,0.0,0.0,0.0,1.5707963267948963,64.0,0.036353479659528364,0.056474047232563496,0.054203864474116015,0.22802906850855992,0.3519869190861141,0.04631821574665629,0.13430055748945535,0.20352301656265834,-34.99758233286867,0.14930966589460126
69.3,-2.117703108645599,0.01109554326499218,5.577,0.42,0.0,0.02,1.5765738441285233,0.01840464798798823,-0.06448022684512703,0.014928078102178537,-2.105323040711804,-299.98586918600796,0.0,-7.34943850575494e-05,0.007001513629502049,0.0,69.235,0.11486835817777423,0.010077275755712364,-5.326725242051208,1.5796284710837278,0.07343370643324026,0.007190636953258818,-5.359352819186363,-0.4199468918938468,-0.004821854864279203,-0.02,1.5818099222484021,-2.0,-300.0,0.0,0.0,0.0,0.0,1.5707963267948963,65.0,0.03633741991947391,0.0565223413291551,0.05417096197506304,0.22804176823006297,0.3519875841449223,0.046291198399799366,0.1342477756252539,0.20351332403632805,-34.99936493578108,0.14931782935049648
69.4,-2.0813476899388323,0.011095552061899383,5.575,0.4,0.0,0.02,1.5786755588513357,0.004118846053430746,-0.05274225269957187,0.01328116727590846,-2.065020879630739,-299.98451076180964,0.0,-0.00012878281573118255,0.010459693981686426,0.0,69.334,0.07205338822297093,-0.0099405222619727,-5.352964600505962,1.582001542768311,0.0344190008351513,-0.001127680479666029,-5.362239314580798,-0.3997163381213345,-0.024717977477700864,-0.02,1.5822717570733906,-2.0,-300.0,0.0,0.0,0.0,0.0,1.5707963267948963,66.0,0.03629155420088052,0.0563944262239459,0.05412706360264319,0.22779500616278767,0.35186682459953034,0.046188321948166605,0.1341533841709856,0.2032584658850648,-35.012603337016664,0.1491441809259933
69.501,-2.044992273386308,0.011095559967813085,5.573,0.37,0.0,0.02,1.5801807921987512,0.01616919369860345,-0.04732768478271944,0.00980274162951754,-2.0201028796446856,-299.98243550753034,0.0,-0.0001908060707008103,0.013936545741056598,0.0,69.433,0.03331978610095044,-0.008005446454627807,-5.391428067796827,1.5880623610234894,-0.0007741250564648877,-0.009533355481948506,-5.367209484667166,-0.3693982005534942,-0.03979891553321022,-0.02,1.5859161756313613,-2.0,-300.0,0.0,0.0,0.0,0.0,1.5707963267948963,68.0,0.036417538777379854,0.05683285266023686,0.05412644672576805,0.22856201534470216,0.35223338784969394,0.04643475374640327,0.1343438936870884,0.2039993050082612,-34.97918918848855,0.1496875876972258
69.6,-2.008636855079381,0.011095568143400403,5.572,0.34,0.0,0.02,1.581290444419954,0.02031757810114753,-0.03769156316513697,0.009764525619286176,-1.9860810285930732,-299.9804540655593,0.0,-0.00023131261547550266,0.015581756384059302,0.0,69.532,-0.002426219024722132,-0.008125498067738754,-5.367374197615904,1.5814875363642986,-0.03305037698567369,-0.012657881008726495,-5.37293826567727,-0.3394695014423421,-0.03918596672391385,-0.02,1.5843334727740948,-2.0,-300.0,0.0,0.0,0.0,0.0,1.5707963267948963,68.0,0.03634553327596659,0.056735438006080434,0.05404047171791463,0.2283946180872649,0.35215028262528697,0.046313081362922254,0.13425271969518812,0.20380289767353138,-34.99593934823661,0.14957124338211447
69.7,-1.9813702907881876,0.01109557433697006,5.57,0.3,0.0,0.02,1.5830458552252986,0.016312099274963434,-0.03129735843817766,0.008792590552860208,-1.961351769348697,-299.97881259622227,0.0,-0.00025179710282317706,0.01572474566057288,0.0,69.631,-0.028116210730541928,-0.004773436917059018,-5.313553600529496,1.588743497416503,-0.05949039478483767,-0.009773434257283359,-5.363813271939803,-0.299548722103541,-0.02378580294612524,-0.02,1.5897666244157205,-2.0,-300.0,0.0,0.0,0.0,0.0,1.5707963267948963,69.0,0.03630899462814839,0.05676016368780611,0.05398619064048396,0.22840664109714962,0.35214033853154725,0.04624846875973219,0.13420517782382257,0.2037769303883827,-35.001922252876234,0.14956791747254158
69.8,-1.9541037258918963,0.011095579893849461,5.567,0.26,0.0,0.02,1.5843953285974008,2.5227787217569947e-05,-0.013112816084661194,0.02582693360547649,-1.9287085527195706,-299.9764336036703,0.0,-0.00026202940568728075,0.014662410388037454,0.0,69.73,-0.0607164505508066,-0.00829890115329203,-5.371625614547007,1.58473004009066,-0.08419580378260391,-0.010028611216682463,-5.365854858413831,-0.259671565518787,-0.01887788545212802,-0.02,1.5881924144379362,-2.0,-300.0,0.0,0.0,0.0,0.0,1.5707963267948963,70.0,0.036288301748617746,0.05672685534564563,0.05393116498332041,0.22835857528901107,0.3521136853914414,0.0462221803111846,0.1341893252429157,0.20371829882750125,-35.007570442007314,0.1495321420287158
69.9,-1.9268371608010235,0.011095585811123243,5.566,0.22,0.0,0.02,1.5865003346141917,-0.004035847216945454,-0.007369139454072956,0.014977126558978057,-1.9057625856276366,-299.9745954397777,0.0,-0.0002674517586678603,0.013675411779558019,0.0,69.829,-0.08600941028530099,-0.006197749966718014,-5.364236023069746,1.589526476180886,-0.1063442247933134,-0.009530054777040161,-5.371723265742917,-0.21978943181482696,-0.012470656929389956,-0.02,1.587679814035993,-2.0,-300.0,0.0,0.0,0.0,0.0,1.5707963267948963,71.0,0.036267320475325056,0.05675955247226024,0.05382567347059128,0.22840228314119973,0.3521242155765351,0.04610514346768817,0.134116327694587,0.2037061082038348,-35.016633618817416,0.14955517646219613
70.0,-1.9086594504480408,0.011095589484473756,5.564,0.19,0.0,0.02,1.5872783931579926,-0.007030374769823322,0.00021045725851968225,0.004026796832680128,-1.8902437787949389,-299.9732077367979,0.0,-0.0002690154621333713,0.013420922597342396,0.0,69.928,-0.10920973285651772,-0.009390520034188901,-5.402105537461562,1.5820959582494756,-0.12679010761434992,-0.01072712069084885,-5.381564667105721,-0.1898483455618209,-0.011571119884159596,-0.02,1.5839018651629733,-2.0,-300.0,0.0,0.0,0.0,0.0,1.5707963267948963,72.0,0.03622477185698989,0.05668165552218075,0.05374400678506277,0.22829749835529672,0.35207422981413256,0.04606223965731838,0.13409378923267404,0.20359234772166537,-35.02689623333364,0.1494817593551786
70.1,-1.890481742171779,0.011095593247563151,5.561,0.15,0.0,0.02,1.5871451693263392,-0.0056769263792781095,0.000275971454079633,-0.009908370850074157,-1.8744073265279377,-299.97153296445106,0.0,-0.0002739306849695796,0.01378953501024277,0.0,70.027,-0.11856875818927327,-0.006971686507265151,-5.346668343999692,1.592127940096537,-0.13912771660941892,-0.009588616004342403,-5.382061985209662,-0.14992801566239894,-0.005018296097525951,-0.02,1.58513972136894,-2.0,-300.0,0.0,0.0,0.0,0.0,1.5707963267948963,73.0,0.03618596884420475,0.056653803370009595,0.05368917876487788,0.22827226171890908,0.35206010224521683,0.046052151687099516,0.13408764454334435,0.203556443851301,-35.0327279638579,0.14946268386036554
70.2,-1.881392885074387,0.011095595504205136,5.559,0.11,0.0,0.02,1.5861800816517808,-0.006243706039488004,0.008319783067497193,-0.007646721615019607,-1.862516721599806,-299.9698702501479,0.0,-0.00028146242344674957,0.01479648649075835,0.0,70.126,-0.13814004407116165,-0.007816263093943843,-5.359842570162136,1.5863766992572095,-0.14915418203321146,-0.009553133248254183,-5.381850949569994,-0.10996501579660678,-0.0023199252510288076,-0.02,1.5858750677599618,-2.0,-300.0,0.0,0.0,0.0,0.0,1.5707963267948963,74.0,0.03621275876866343,0.05670849178794609,0.053646446588682256,0.22835014382307425,0.35208678869717,0.04603677797927377,0.1340746545318672,0.2036094510437501,-35.03178088926906,0.1495092834978522
70.3,-1.8723040307363363,0.011095597506542987,5.557,0.07,0.0,0.02,1.5860566273939352,-0.003480030030902653,0.016606613599535386,0.0015126021495469942,-1.8545100083454942,-299.9681688736672,0.0,-0.0003069207389991343,0.016120800549629086,0.0,70.225,-0.1467916199207168,-0.008293071514959324,-5.368509382463134,1.5822715955924223,-0.1546621792893792,-0.008528138205594261,-5.380918445293844,-0.07002838179774747,0.001960277485838829,-0.02,1.5852737745115357,-2.0,-300.0,0.0,0.0,0.0,0.0,1.5707963267948963,75.0,0.03620520518903845,0.05664550886432431,0.05363435869259993,0.22825108268487496,0.3520391791079358,0.04605769176431565,0.1340846892928502,0.2035263302368689,-35.03419806493776,0.14943934613925164
70.4,-1.8632151751212442,0.011095599695436498,5.555,0.03,0.0,0.02,1.5860096235435943,-0.00429678959041287,0.023369766352713636,-0.0021105676855813988,-1.8502565162696818,-299.9663828808784,0.0,-0.00034105916268339497,0.017855733525503667,0.0,70.324,-0.15670552653840153,-0.012358395292140126,-5.3744516364781045,1.571387493846684,-0.15828202398801666,-0.011637845986321546,-5.382566447340629,-0.029979277440439062,-0.004730910697532643,-0.02,1.5751765462401026,-2.0,-300.0,0.0,0.0,0.0,0.0,1.5707963267948963,76.0,0.03618284934377746,0.05649588737611158,0.053639360675353874,0.2280059917254359,0.35192183295927415,0.046026067752614044,0.13404910703392572,0.2033014356761854,-35.041940536534234,0.1492658962368303
70.5,-1.8632151751212442,0.011095599695436498,5.553,0.0,0.0,0.02,1.5850490183245878,0.0022214170949811846,0.032305818197386545,-0.030886852775324086,-1.8495658004463207,-299.96447210958047,0.0,-0.0003581605831793274,0.01991467794318114,0.0,70.423,-0.14923949280258747,-0.00852085895548417,-5.265571822580891,1.601970525742285,-0.15595522322116834,-0.010645417352430391,-5.36915230095496,1.8448629520115283e-08,-1.2949059568139937e-06,-0.02,1.5850424435457218,-2.0,-300.0,0.0,0.0,0.0,0.0,1.5707963267948963,77.0,0.03623300345305505,0.056595722781750575,0.053674567221453064,0.2281869539932921,0.35200987333335315,0.046127763003592274,0.13411916504236132,0.20349282339110403,-35.02991202913053,0.14939552963860933
70.6,-1.8632151751212442,0.011095599695436498,5.552,-0.02,0.0,0.02,1.5817972049724798,0.00230055319453056,0.027930052722749687,-0.027269790809058118,-1.8522110775810339,-299.9624159257875,0.0,-0.0003307049277296122,0.02180452094329632,0.0,70.522,-0.15440029059127505,-0.010956045651516477,-5.364379599999745,1.5885545152755713,-0.15306499593354939,-0.011790004215324203,-5.369197387047635,0.020023425352538607,-0.0014894433798923585,-0.02,1.5865226186876604,-2.0,-300.0,0.0,0.0,0.0,0.0,1.5707963267948963,78.0,0.03632527005184086,0.056870602971854756,0.053725215346499,0.22855017531753433,0.3521565675296881,0.046193479986682384,0.1341554551028612,0.20382114390985245,-35.010030216240835,0.14962994030712862
70.7,-1.8723040307363363,0.011095597506542987,5.55,-0.05,0.0,0.02,1.5827711020272712,0.002389408064533903,0.027427501423292443,0.017195699242487265,-1.8579392805557493,-299.9602237793832,0.0,-0.0003914795727858984,0.023654515735229246,0.0,70.621,-0.15393970834450385,-0.01605673059487328,-5.3488452296701485,1.580549847296223,-0.14824197133666628,-0.01541887188100894,-5.369666632739637,0.050072615904355446,-0.00917478837422232,-0.02,1.5787108840753454,-2.0,-300.0,0.0,0.0,0.0,0.0,1.5707963267948963,79.0,0.03630671262942248,0.05671844144938152,0.0537541362328922,0.2282966234560616,0.35204437775846725,0.046203565758493145,0.1341581082598706,0.20361242583799843,-35.01466247449123,0.1494580683686889
70.801,-1.8813928844348586,0.0221913881118887,5.547,-0.08,0.0,0.03,1.5831597168606262,0.007086976641938819,0.024081987789632425,-0.01784219017949585,-1.8684831331050205,-299.95743455990436,0.0,-0.00042194561648078527,0.02547613085061038,0.0,70.72,-0.1457452355944574,-0.038827031317453964,-5.376831626442186,1.5765063311505183,-0.13961317652486516,-0.033116476317880464,-5.37357960279566,0.08032083848370404,-0.05115244876397634,-0.03,1.5770684463950069,-2.0,-300.0,0.0,0.0,0.0,0.0,1.5707963267948963,81.0,0.039663810628620545,0.0677648626790419,0.05608573404497533,0.2449121082056742,0.3592381122736742,0.05288457569602551,0.13882912116798612,0.22041516933738103,-34.1128774411263,0.16107063725301562
70.927,-1.890481738772909,0.022191385729817714,5.543,-0.11,0.0,0.03,1.580884978235934,0.029822894286448833,0.03858464227152691,-0.018357928068015058,-1.8825411649613721,-299.95459686576436,0.0,-0.0003696344285955709,0.025028456617025317,0.0,70.885,-0.12735567819745156,-0.015143524063039163,-5.286149007440038,1.5908223791139215,-0.12049590094449636,-0.021622065301973456,-5.360111100911837,0.11019141952806043,-0.01170725174926511,-0.03,1.5871453792383887,-2.000000021951007,-299.99062815054236,0.0,-5.5202594959287065e-08,0.14999981774509438,0.0,1.5707966948126435,42.0,0.03876346996243322,0.06363085123077888,0.05641613535268824,0.23782251707308638,0.3560645504638248,0.050717952336193826,0.13701094108261788,0.21342009454951993,-34.33137121411255,0.15580956514024072
71.0,-1.8995705931109597,0.022191384107212997,5.54,-0.12,0.0,0.02,1.5799131543051939,0.013206064280316742,0.04138903465937318,-0.009246787258925157,-1.8935911334109476,-299.9528275108631,0.0,-0.000345302081680336,0.02332344025385741,0.0,70.918,-0.11850634687385468,-0.01158531815958122,-5.285035439978152,1.5951785775676572,-0.1086650517064637,-0.01950180276718015,-5.361126477857129,0.12009263409803314,-0.0047330106782294355,-0.02,1.5903657465382914,-2.000000048283259,-299.97629509870444,0.0,-1.2704774766106765e-07,0.19999080790290394,0.0,1.5707969620628321,82.0,0.03808959918805423,0.06061552777058115,0.056731989647498635,0.23251274057096685,0.35365041069164854,0.04918415385676938,0.13568841737688614,0.20830479353362047,-34.51750010970576,0.15205474155327242
71.1,-1.9086594434126274,0.02219138216600136,5.538,-0.14,0.0,0.02,1.5824609660219884,-0.01035767682085325,0.04103187220402936,0.03204891427298426,-1.9057650083972668,-299.95123106984073,0.0,-0.0003789969872807642,0.02174968199684658,0.0,71.017,-0.11099744505778664,0.003639730845848607,-5.330615962074524,1.584860540405906,-0.09593610184225154,-0.00038673211281907915,-5.352337722043126,0.13930287637790342,0.04218185681103347,-0.02,1.5873214448648356,-2.0000000823919875,-299.9551676681922,0.0,-2.858749276029779e-07,0.2999863982271142,0.0,1.5707972797545284,83.0,0.038526334919340356,0.061210889124603686,0.05784275912220431,0.23319602608706172,0.3538349173691016,0.04973245427715933,0.13596393670825965,0.20911588063864497,-34.40685064135084,0.15240982824120763
71.2,-1.92683715376561,0.022191378492651737,5.535,-0.15,0.0,0.02,1.5848751990732293,-0.042375271343462494,0.038587430085170106,0.014126860200351124,-1.922236560299304,-299.9494141585564,0.0,-0.00042146223831144734,0.021167707657344076,0.0,71.083,-0.09584076216581766,0.02279651876549832,-5.289304219226048,1.586502937695106,-0.07919766965753505,0.020763055618392964,-5.347076079397809,0.148555368241615,0.08535097736145789,-0.02,1.5877204895062045,-2.000000118427362,-299.9199792620304,0.0,-4.215064375760945e-07,0.39999935548868576,0.0,1.5707973805626885,67.0,0.03686410156990887,0.05731038744126454,0.056405534392798905,0.22953908118273256,0.3526846001078773,0.04680106644938216,0.1345044622128952,0.20518143392280766,-34.8110915617754,0.15028673481251226
71.3,-1.935926008103661,0.02219137687004702,5.532,-0.16,0.0,0.02,1.5855538361382224,-0.06051968353300023,0.03099527334714701,0.008829748286639428,-1.939724767972358,-299.9475382414484,0.0,-0.000500224081622834,0.023909718227770934,0.0,71.215,-0.07898584805109742,0.07303527661316762,-5.348596909289097,1.5694525513593995,-0.06235141908398964,0.07834018222520753,-5.3437245792099315,0.1579573670151223,0.20855850734479486,-0.02,1.5805900662232026,-2.000000194100678,-299.87480190416926,0.0,-6.857292301777646e-07,0.4999957255511178,0.0,1.5707976982650815,85.0,0.03801782104494203,0.06067696761115212,0.05763312241130351,0.23371619912940392,0.354321722070694,0.049081104939091486,0.13591130282881003,0.2094966074796703,-34.49276824426833,0.1529911198775377
71.4,-1.9541037178946374,0.033287165203381264,5.529,-0.16,0.0,0.03,1.5853736503657436,-0.1349808077826324,0.02976559967958509,-0.019081081894502687,-1.957853880458199,-299.94508057200215,0.0,-0.0006914944158423299,0.03322027852061031,0.0,71.314,-0.05729699365396648,0.10949643231762154,-5.285670077376288,1.5885635981281516,-0.04255845814016479,0.12196965959481254,-5.333659496703829,0.1547651918546621,0.27955819131573434,-0.03,1.589519428454558,-2.000000299730787,-299.819624766231,0.0,-1.0135203534159003e-06,0.59999439719237,0.0,1.5707980160112596,86.0,0.04035401209611413,0.06920956783445088,0.059070466043129495,0.2470292315489726,0.36019428485611954,0.05402394011564672,0.13950829913970436,0.22305224624779685,-33.86464185789623,0.16257336306653486
71.5,-1.9722814260933763,0.03328716166155754,5.526,-0.16,0.02,0.02,1.5844283709910252,-0.1543872151452916,0.03128995537085617,0.012750453542980796,-1.9762695307028015,-299.9411387159241,0.0,-0.001090782032416023,0.05318558064127843,0.0,71.413,-0.04636937219047851,0.18233318933455328,-5.349287344398858,1.57602370328903,-0.02657932889330892,0.20262776586016884,-5.332203943629587,0.15438840267951492,0.40720537995710143,-0.02,1.5839311674786063,-2.0000004336664325,-299.7544471862391,0.0,-1.404823989823574e-06,0.6999884441159445,0.0,1.5707983337194418,87.0,0.037207313681936305,0.05919766079306398,0.05753813323152019,0.2315960985995567,0.35353307037267495,0.04810565633094583,0.13524671275412561,0.2074275962260592,-34.63266332736698,0.15166365310286842
71.6,-1.9904591340473212,0.03328715677958671,5.523,-0.16,0.06,0.02,1.5854534702983236,-0.2119141294618113,0.025873699465260993,-0.0035732258265263606,-1.9946361249330877,-299.93441723493424,0.0,-0.0019038049442884838,0.0880266632604004,0.0,71.512,-0.019485953573615707,0.2502764054933513,-5.295763068408567,1.5850027375956726,-0.007603916398505769,0.2790495059492061,-5.326335657753617,0.15236062488361307,0.4915662832582202,-0.02,1.5846457713914395,-2.0000006104419543,-299.67921997756446,0.0,-1.8597251165072942e-06,0.799986376992099,0.0,1.570798651490879,88.0,0.03661853946104287,0.05811469975450891,0.05662014666011131,0.23094748138039975,0.3534388591846111,0.04717613094162871,0.13487449206082872,0.20659655904458685,-34.78283524589172,0.15139001368677885
71.7,-2.0086368469974785,0.044382945756231695,5.521,-0.15,0.11,0.02,1.5849761758607368,-0.2285464209742978,0.02447009538365444,-0.0012882239751032401,-2.0126386539497365,-299.9232458763938,0.0,-0.003031045294337835,0.14089957253760776,0.0,71.578,-0.010564095432264319,0.2969228628501885,-5.3535586185879085,1.5759388474432696,0.008377921856005636,0.35154261511023743,-5.331223476285068,0.14364776796446882,0.5415780885879744,-0.02,1.5805450137341412,-2.0000008129497426,-299.5940315726898,0.0,-2.1829698220699083e-06,0.8999993477201803,0.0,1.570798752318679,72.0,0.036524714471539016,0.0585023117104599,0.05621166646743258,0.23164664265002924,0.3537156693106015,0.04732370552108963,0.13505948631479608,0.20717186640448174,-34.79163591013021,0.15185375680839985
71.8,-2.02681455690907,0.06657452613193993,5.519,-0.15,0.18,0.02,1.5843548803266627,-0.21269366949199256,0.018512123326351188,-0.015722030325862557,-2.0299842209823598,-299.90566536408085,0.0,-0.004488190093109756,0.2138254726322501,0.0,71.71,0.016326051912880345,0.4140365080452709,-5.277169438577138,1.5858334491186907,0.02670910763843022,0.45522587399912395,-5.316884691763596,0.13757563680307633,0.6436797513623835,-0.02,1.585879156032143,-2.0000010812964057,-299.4988542152997,0.0,-2.743290803184086e-06,0.9999957227119013,0.0,1.5707990700974337,90.0,0.0381154273692657,0.06240807490950487,0.057805248552066216,0.23580553189476663,0.35515508866416956,0.05008877838017948,0.13656021819894618,0.21158596516800876,-34.40337036650311,0.15441632628716345
71.9,-2.044992271901517,0.08876610806296403,5.516,-0.13,0.28,0.02,1.5839306023579576,-0.2537458015436843,0.020168671262887673,0.010238406796594388,-2.046415487878412,-299.87966240166764,0.0,-0.006456618512330915,0.3069337011394172,0.0,71.776,0.02429479253987033,0.4731904174805973,-5.279729991982101,1.589442984874656,0.03940816398667399,0.5430453216988256,-5.315011046230396,0.11398100539837853,0.6700065146333201,-0.02,1.5876567129139476,-2.0000014092116034,-299.39367707753416,0.0,-3.367220383129053e-06,1.0999943961444494,0.0,1.5707993879199305,74.0,0.037009736490619345,0.05879111183783263,0.05695578698426322,0.23106173029904073,0.3532991011497969,0.0477422013598779,0.13504023336522814,0.2067950375972939,-34.71593396827238,0.15132468186215142
72.0,-2.0540811336312528,0.12205348197379617,5.514,-0.12,0.39,0.02,1.5848901644956808,-0.20666816864225113,0.007568550921229,0.007806512675046982,-2.0617204828262263,-299.84318474918916,0.0,-0.009336716517604069,0.42116140530788637,0.0,71.908,0.049789968750877774,0.5871536714365685,-5.2648900762042175,1.5796928698564483,0.057776227812094585,0.6361687475603739,-5.3116897590351115,0.11010205761213593,0.7028809202108542,-0.02,1.5798528228807918,-2.0000017896773885,-299.27849949760616,0.0,-4.054652355494632e-06,1.1999884437233008,0.0,1.5707997057043992,92.0,0.038537537285389195,0.06252788510079313,0.05841660117284337,0.2356538803861417,0.3550865586336374,0.050277824520205315,0.1365237201236251,0.21159317874599187,-34.356299677490185,0.15431021573021095
72.1,-2.0722588548158667,0.17753244130221502,5.511,-0.11,0.53,0.02,1.5853669783708195,-0.21575140519560826,0.013727354114724998,-0.019154825500701196,-2.07574761465817,-299.7942124911946,0.0,-0.01248487573190724,0.5542751177865675,0.0,72.007,0.06611179213030424,0.6811801188469098,-5.256723120799998,1.5795847239536138,0.07200913655728045,0.7422227481145627,-5.308540310161645,0.10175038424066597,0.7401813170753009,-0.02,1.5772910686509714,-2.0000022421410466,-299.1533222784037,0.0,-4.805733410800012e-06,1.2999862654663414,0.0,1.5708000235519612,93.0,0.03737529211687833,0.058911110211491584,0.05735639542983867,0.23142157251859855,0.3535252476145339,0.04780984574000771,0.13506654069517363,0.2072219841568193,-34.68538466704372,0.151628807885168
72.2,-2.081347718580771,0.2330114002494601,5.508,-0.09,0.68,0.02,1.5836214787003138,-0.22175663135381035,0.015959317122360445,-0.024430438420125697,-2.088353300364982,-299.7308214842062,0.0,-0.014690515135162478,0.7065425478383929,0.0,72.106,0.07964007566250744,0.7653950671529036,-5.278974036879427,1.5755234858063711,0.08499822912144916,0.8274274834242943,-5.307316030933128,0.08437518499749971,0.7235223118975277,-0.02,1.574803947365913,-2.000002748507674,-299.01813388029075,0.0,-5.3166446706378705e-06,1.3999993069018977,0.0,1.5708001244001129,94.0,0.03731356812793046,0.0585153619255619,0.056678034404616585,0.23152613531949767,0.3536503067717499,0.047358171552027734,0.13496991737942243,0.2071613153575827,-34.75839712163658,0.15177178379613043
72.3,-2.0904365927759274,0.3106819463689483,5.505,-0.07,0.85,0.01,1.581637523197804,-0.17590716002755402,0.008386210258920054,-0.026441171655072895,-2.099369253679217,-299.65112424930925,0.0,-0.01640682300296584,0.8771335900241126,0.0,72.205,0.09286758499895073,0.8413333973452305,-5.245790184328133,1.5796014420502458,0.09494983784040104,0.9053709015223153,-5.303256511533794,0.0627532864685128,0.6780894663515368,-0.01,1.575538627141964,-2.0000033467551397,-298.87295652537466,0.0,-6.173173393108307e-06,1.499995707770319,0.0,1.5708004422556017,95.0,0.037477538897973006,0.058575262211621945,0.05625203307574079,0.23166532298170792,0.35365613185169126,0.04731427791394284,0.13500792060180014,0.2072071794784232,-34.777471846446886,0.15182633539683885
72.4,-2.099525471043438,0.41054407487431455,5.501,-0.05,1.03,0.01,1.5799957812440135,-0.1223102527715764,0.0022889178932676306,-0.014661826350889594,-2.108661418838598,-299.553402229744,0.0,-0.01804396654009047,1.063607012727478,0.0,72.337,0.10695009807273835,0.8911870412883545,-5.2875978271842206,1.5824510623657764,0.10357337982804588,0.9524277184804213,-5.30026890541601,0.03735008874043952,0.5628712320996319,-0.01,1.5787377379253422,-2.0000040338989686,-298.7178293910387,0.0,-7.093349536420497e-06,1.599994417954266,0.0,1.5708007601538239,63.0,0.03759802625814445,0.0582483573310621,0.055831678897195175,0.23105448753644217,0.3533307104245341,0.04707674731200785,0.13485363021995703,0.20655414793956817,-34.816395846919775,0.15136506466465305
72.5,-2.108614347149583,0.5215019974919097,5.499,-0.04,1.23,0.01,1.5795053495701887,-0.03008934167342255,-0.008385837215361803,-0.0019213858037970782,-2.1174835949374367,-299.41057479674856,0.0,-0.021234730775845128,1.3004746217488903,0.0,72.436,0.11609845571935794,0.9378557090128624,-5.306476304719592,1.5723534170697484,0.11255746038120668,0.9929602654390877,-5.300969425813314,0.032352749077522024,0.4438127437679389,-0.01,1.5753650563275852,-2.000004959601547,-298.5187019999787,0.0,-8.077027730597826e-06,1.6999904625510391,0.0,1.5708010780143349,64.0,0.037641957047817524,0.05765664239479531,0.0553840072797948,0.23007125782424417,0.3528659343896791,0.04669018691288094,0.13458616413422408,0.20554915406485463,-34.87550892396861,0.15067083544220727
72.6,-2.1086143782259335,0.6546515063699729,5.494,-0.02,1.43,0.01,1.5795552060615756,0.03388308268633161,-0.0021525153544480744,-0.012655760181009813,-2.1229451608258083,-299.2695486320276,0.0,-0.023465644495850518,1.5009075904924545,0.0,72.535,0.12638956529066475,0.9722135698328122,-5.30751167233513,1.577290803563089,0.11969065773179458,1.017740002127636,-5.303211239699799,0.010929796930433389,0.3166679072572678,-0.01,1.575989140783616,-2.0000058463553096,-298.3415248234871,0.0,-9.124402368833828e-06,1.7999887351553074,0.0,1.5708013959390477,65.0,0.03768521834853091,0.05681109404113538,0.054784475448920254,0.2288643449850787,0.3523491123597857,0.04612462601094928,0.13422492218505527,0.20432161108475266,-34.95579725865565,0.14986778614746415
72.7,-2.117703266618002,0.8099925968713984,5.488,0.0,1.63,0.01,1.5787961846825218,0.07766545119582716,-0.0064337301427724695,-0.012165750006834251,-2.1261101071828024,-299.142364283316,0.0,-0.02445632511246872,1.65892419824663,0.0,72.634,0.12822991085799648,0.9832779675354749,-5.236894414608098,1.580485645715188,0.12238913035922391,1.0187941213045462,-5.2922035016856,-0.01124977133255331,0.15847006827683519,-0.01,1.577086408561143,-2.0000066103299914,-298.1923861930437,0.0,-9.823018977407313e-06,1.8999993201729017,0.0,1.5708014968067345,66.0,0.03783501241137608,0.05698560004018755,0.05445611287489782,0.22911751453491697,0.3524560249623217,0.0461735412699204,0.13427214309621238,0.2045254043295062,-34.95828890333682,0.15004012003937878
72.8,-2.1177033061060584,0.9764294838279881,5.481,0.0,1.82,0.01,1.5786146699127295,0.12111337474702273,-0.007835357251151913,-0.004493037292559216,-2.128590784529357,-298.9658968742377,0.0,-0.026156445198349178,1.8499336629135956,0.0,72.733,0.12959707976936116,1.0101835724861217,-5.288018281915737,1.5808128020447574,0.12359688217155651,1.0128905081826551,-5.292751938506662,-0.01374297527788889,0.031025732477375723,-0.01,1.57822070913865,-2.0000076757483125,-297.99720883733403,0.0,-1.0975863084893108e-05,1.999995712619491,0.0,1.5708018147382035,67.0,0.042285485869711086,0.06812780880728848,0.056678479562680344,0.2457210208750802,0.3596084763957111,0.05291541753933579,0.13895870375864292,0.22144854985283796,-34.05325940288336,0.16166550628345883
72.9,-2.117703349647122,1.1761537447674804,5.477,0.02,1.99,0.01,1.5790404845636823,0.13937773158233868,-0.005190868806481936,-0.003762355200793687,-2.129494973685305,-298.7708526137479,0.0,-0.02836138554489824,2.0305382979432696,0.0,72.832,0.13294101481525772,1.0283939674634046,-5.291421832080371,1.578847244335514,0.12461585724640256,1.0255225925509694,-5.290980174309842,-0.0356703253317802,-0.007169582064065816,-0.01,1.578699170607929,-2.0000088599973465,-297.79203170018224,0.0,-1.2192396330733641e-05,2.0999943924501254,0.0,1.5708021327134145,68.0,0.03903902964190444,0.05896184554901913,0.0559578964389768,0.23056364727672035,0.3528584798097278,0.04775083719345726,0.13491546271858712,0.20628285799222565,-34.71327693508828,0.15082506543893945
73.0,-2.1177033966574568,1.375878008123356,5.476,0.03,2.16,0.0,1.5795069393378238,0.09008094923475297,-0.011849387340773513,3.7866401847417815e-05,-2.128897618534518,-298.55834602653897,0.0,-0.030602423375650615,2.199970275840657,0.0,72.931,0.13396957383990746,1.0416863616073317,-5.301086389044029,1.5800643989248,0.12312521190494022,1.031638310557131,-5.292535761140748,-0.047007723754292935,-0.04560662921169678,-0.0,1.5788399374066355,-2.000010145311316,-297.5768541204894,0.0,-1.3472411681047495e-05,2.1999884423927725,0.0,1.5708024506505593,69.0,0.038600349179896166,0.05786832270141376,0.05553893851697199,0.22982342770004507,0.35275038883826276,0.04691496813835876,0.13452239399132815,0.20547223688660166,-34.83086287288557,0.15050229597218046
73.1,-2.1267923072516597,1.5977938538278749,5.476,0.04,2.32,0.0,1.580137226791356,0.05562479038510967,-0.010651296586212956,0.0005583652672494053,-2.126884098986197,-298.3293975257534,0.0,-0.0328399665581965,2.3603843992309357,0.0,73.03,0.1318015596457968,1.0166515337690079,-5.262301089816,1.5813151921399948,0.12096878663827854,1.0207645601277613,-5.29162335600644,-0.05965287183970802,-0.10887750119846062,-0.0,1.5796842804700295,-2.0000115617731313,-297.35167690137246,0.0,-1.4816180025234696e-05,2.2999862649762246,0.0,1.570802768650768,70.0,0.03871763988960423,0.05740574315639656,0.0551042713528156,0.22961059883178614,0.3527246384070185,0.04650595519061669,0.13437234221653127,0.20518538356348562,-34.88630268066898,0.15041625277269374
73.2,-2.126792364846584,1.8419012860446362,5.476,0.06,2.47,0.0,1.5803887248646955,0.062392570779922954,-0.012871976883853763,-0.0003341308577468347,-2.1235636714108557,-298.0847495625527,0.0,-0.034464845294765824,2.5144862401649,0.0,73.129,0.1262992764464493,1.0186308834960338,-5.247037379025686,1.583466514635333,0.11509088034662598,1.0030594531008625,-5.287619267460066,-0.08964400594080076,-0.16205373603576856,-0.0,1.5836399429464907,-2.0000130875396755,-297.1164885033027,0.0,-1.5702578744979566e-05,2.3999993057838105,0.0,1.5708028695379328,71.0,0.03881445326815436,0.0571345461732866,0.05471558652374911,0.22934983018233945,0.35260101119576215,0.046267647852468716,0.1342733424755458,0.20486355699586822,-34.92239105335018,0.15023448531970557
73.3,-2.1177035666002624,2.0971045123024306,5.474,0.06,2.62,0.0,1.5812316835534312,0.07142309781226565,-0.02907285255477662,0.01322466339235982,-2.1190668803273836,-297.8249843756679,0.0,-0.03754754721208317,2.66283140233326,0.0,73.228,0.12447010549573323,1.0192718737378268,-5.2798818059679675,1.5823188291936232,0.11035355536151134,0.994375483676915,-5.285510143550345,-0.08998429127011459,-0.1771223190309823,-0.0,1.583069878547665,-2.000014757465853,-296.8713111484107,0.0,-1.715184848185134e-05,2.4999957076958497,0.0,1.5708031875460686,72.0,0.039054687946609636,0.057177287893600534,0.05449561837843938,0.2293504891680888,0.3525612555787235,0.04627200118329998,0.13428683306051267,0.20483942076774014,-34.92812542954877,0.15020409277948804
73.4,-2.117703628940793,2.363403529639661,5.472,0.07,2.76,0.01,1.582610332467828,0.05474832149912655,-0.020050538162886676,0.002631326040783355,-2.1135754162894163,-297.5506728892575,0.0,-0.042254178961633956,2.8054492661553114,0.0,73.327,0.11882847878236137,1.0002413411184234,-5.265933442144549,1.5848214663543156,0.10408749493018213,0.9761134861529692,-5.286952279815878,-0.1049086197015748,-0.2051112348856221,-0.01,1.5844589363208281,-2.000016575861106,-296.6161340115597,0.0,-1.8664846884102023e-05,2.599994390646009,0.0,1.5708035055976475,73.0,0.0393522683474548,0.05714090562550715,0.05438722548422758,0.2291278906090025,0.352416589446715,0.046260814365756575,0.1342499198350422,0.20463180110934914,-34.929919762702255,0.15001562286856904
73.5,-2.1086148375167983,2.640798339968464,5.47,0.08,2.89,0.01,1.5836347584289054,0.05937265222206837,-0.021722482773132993,0.008956446763900216,-2.105953285349057,-297.2030767989556,0.0,-0.04681278952130602,2.9696982841188446,0.0,73.426,0.11480576137983227,0.9546039077808406,-5.252484314633004,1.5866402601657288,0.09810716594515875,0.935742935736392,-5.283721220883146,-0.11601943891853013,-0.2716698055002871,-0.01,1.5845521040771282,-2.0000189249046207,-296.2969566310507,0.0,-2.0241333145471192e-05,2.6999905464070215,0.0,1.5708038236111992,74.0,0.039581024034120144,0.057095278611281025,0.05426507539747871,0.22900844391416625,0.3523623149226432,0.046217140697418134,0.13420976713374794,0.20452358076115507,-34.935397393765115,0.14993518839669304
73.601,-2.1086149044163163,2.940384730563105,5.469,0.08,3.03,0.01,1.584398582638476,0.09673250049349622,-0.0235120283729025,0.002522705318392389,-2.0989573392889325,-296.8986851496384,0.0,-0.05043376205593798,3.1002015924830477,0.0,73.525,0.10317974319753132,0.9598967108960268,-5.287479608444037,1.5839646721236216,0.08966378745906484,0.917617873190173,-5.287305050801137,-0.11858412424116589,-0.2736250491480181,-0.01,1.58479355324828,-2.0000210621662347,-296.01977944947174,0.0,-2.1881612209292155e-05,2.799988765826647,0.0,1.5708041416877547,76.0,0.03990413699040848,0.05733087660247306,0.05424871397885443,0.22931676551951,0.35249307876731956,0.046355870972637714,0.13429466008478408,0.20484356455743002,-34.91379527024431,0.1501393209767577
73.7,-2.0995261204656956,3.251066917629553,5.468,0.08,3.15,0.01,1.5849337159332375,0.06750963591945575,-0.0211455306205153,0.0006204307068265519,-2.0930728850343328,-296.64600541209256,0.0,-0.05255225048634752,3.199468343400831,0.0,73.624,0.09997983345698103,0.9016087844325159,-5.3000881721052115,1.5899659022126862,0.08104995381609917,0.8714398602537221,-5.289726125382744,-0.12587552256101517,-0.329921314525337,-0.01,1.5870623539646358,-2.000022865548294,-295.79059081485997,0.0,-2.295581283281862e-05,2.899999306634665,0.0,1.5708042425943176,76.0,0.0458189544145621,0.06825492046853816,0.056521026026137976,0.24564239203090094,0.35953899788089105,0.052952445437102175,0.13889033359975092,0.22165569913993516,-34.012402172703865,0.16158660782240936
73.8,-2.0904373373986904,3.5728448978380416,5.466,0.08,3.27,0.01,1.585610143901084,0.0987404657794349,-0.01525785194346052,0.008592531101892176,-2.0855089812084318,-296.31932817122413,0.0,-0.05656496798276419,3.316715260068739,0.0,73.723,0.09388468195603554,0.8748125054127862,-5.264058684953615,1.5825833740277362,0.07494700426682457,0.8335141424336014,-5.287743456578994,-0.11872122802459212,-0.35290973588144814,-0.01,1.5840694690603851,-2.0000252773498834,-295.4954134599687,0.0,-2.4701616152720855e-05,2.999995707665565,0.0,1.5708045606787282,77.0,0.048660621726810016,0.07177908958575056,0.05824433303043882,0.24923907269293066,0.3607698699187124,0.05531016124471251,0.14008656894509058,0.22587097127247993,-33.668935460850115,0.16396557843149495
73.902,-2.090437412231614,3.8946228754527583,5.463,0.08,3.37,0.01,1.5861397488650422,0.1005007473873636,-0.011546778170251234,-0.0045219213899478,-2.0763646349480847,-295.9125080731738,0.0,-0.059398769433985685,3.446225001380166,0.0,73.822,0.0824410866640569,0.8363918080909691,-5.2913512577491115,1.5827725071295529,0.06690225088849953,0.8006906958674194,-5.286977041845169,-0.11995061949524446,-0.34296984491917115,-0.01,1.583993519447947,-2.000028397424532,-295.12823641973597,0.0,-2.651119731151047e-05,3.0999954120644175,0.0,1.570804878806686,80.0,0.04236547883282216,0.05928669031417011,0.05695905117809466,0.23079462859119895,0.35303132217443195,0.047907356492442175,0.134844829125252,0.2069295967269408,-34.583786356005916,0.15103075351131068
74.0,-2.0813486288702028,4.238592432993298,5.459,0.08,3.47,0.01,1.5856397906926014,0.05986291060299491,-0.0060651066207367535,-0.003916412445402312,-2.070339399737148,-295.63298921171264,0.0,-0.0593205054437533,3.5263351429443346,0.0,73.921,0.0744094447918531,0.7999012429657298,-5.24595080812094,1.5911824245055766,0.056317751934359755,0.7556678568935142,-5.2822985072239845,-0.1369729619649762,-0.36211480543696917,-0.01,1.5891260197238886,-2.0000306056402066,-294.8751587466323,0.0,-2.8384219733543577e-05,3.1999884748772,0.0,1.5708051968955097,79.0,0.04109268881889385,0.05743077993698501,0.05597135181441329,0.22968532304923253,0.35285138496874924,0.04648248320494185,0.1342784462102778,0.20557046564260867,-34.79978478581012,0.1505245970279927
74.1,-2.072259852260716,4.593657788819816,5.455,0.08,3.57,0.01,1.5858761305597169,0.08657641983624192,-0.02209634914192275,0.014143472941030539,-2.061567584086856,-295.2021975002404,0.0,-0.06340717004164016,3.6380283352638423,0.0,74.02,0.07065303564702714,0.7751984698925991,-5.302785408619374,1.5825697578348874,0.04986337604384161,0.7234792395459735,-5.28522349996066,-0.1243848080571503,-0.3417922970653211,-0.01,1.5845445164019358,-2.00003414235319,-294.48398176190915,0.0,-3.032113262096254e-05,3.2999887757609208,0.0,1.5708055150481546,80.0,0.04717958272349286,0.06783336950646414,0.057788373174922185,0.24566752868479821,0.35975669207208005,0.05266773392616768,0.1387321765480173,0.22196469426617693,-33.96054247018541,0.1617454629748942
74.2,-2.072259936846039,4.9598189346098325,5.451,0.07,3.65,0.01,1.5867360877480843,0.0625822655329565,-0.014140333601534572,-0.003240838881538293,-2.056016967564264,-294.9078302376517,0.0,-0.06634651659416974,3.7071163824010367,0.0,74.119,0.0637803730245007,0.7188010462504412,-5.185976393756101,1.5937585065362843,0.042920659096570474,0.6799443311955344,-5.268811766357041,-0.13320316999328685,-0.3420687104739,-0.01,1.58990055694786,-2.0000366295143612,-294.2148431282776,0.0,-3.158320077410301e-05,3.399999326575592,0.0,1.5708056159734345,81.0,0.04261038036346571,0.05864595217835137,0.056536740440594674,0.23087624437451276,0.3531231691155618,0.047260053328834505,0.13472881667776868,0.20683657470800534,-34.663042863024344,0.1511237584275436
74.304,-2.063171181682604,5.425842204058407,5.449,0.06,3.75,0.01,1.586951666572366,0.0,0.0,0.0,-2.0483424173910305,-294.4563268499582,0.0,-0.06947438060608353,3.803809580305172,0.0,74.218,0.05755731827044883,0.691433596907225,-5.278969660852961,1.585842459761475,0.03937410594724436,0.6514615595219051,-5.272855870336096,-0.11173857561445445,-0.3128062360887589,-0.01,1.5858477530638,-2.0000405930405507,-293.7996658459207,0.0,-3.36256532632136e-05,3.4999964955332716,0.0,1.5708059341340197,86.0,0.04244872600261,0.058156239049584335,0.05583162722446608,0.23099292686806913,0.3533330432364122,0.0468059850292229,0.13465476393904402,0.20682589046998576,-34.7411309236489,0.15133110838370378
74.4,-2.0540823851384893,5.7032370135032995,5.448,0.06,3.81,0.01,1.5875055799868445,0.04223367750588651,0.00040959604809867985,-0.0025796956995593682,-2.043744296485531,-294.1490983542351,0.0,-0.07296616612120953,3.8641116864638274,0.0,74.317,0.0492164683735887,0.6672554092215368,-5.269760961626505,1.5803688480716196,0.03445232617973856,0.6313741466950762,-5.269322104534687,-0.10476336055605329,-0.2515790290256881,-0.01,1.58337522062133,-2.0000434166401875,-293.5145886219405,0.0,-3.573190239246671e-05,3.5999942566163634,0.0,1.5708062523391737,83.0,0.04198424887356066,0.05706786649854799,0.05498287258469724,0.22960119810740556,0.3527444910079163,0.04602761619787565,0.13421501460516988,0.20532013252495318,-34.87493299938251,0.15041670921574446
74.5,-2.054082473804498,6.091589741492276,5.448,0.05,3.88,0.01,1.5869138381120305,0.004727474246409944,0.0019513931396571735,-0.0056571840142594036,-2.0386337418645337,-293.7584483347557,0.0,-0.07198238066780328,3.9366825788716824,0.0,74.416,0.04475349082910688,0.6229466196565274,-5.285098985535294,1.5901925147631586,0.02985662839912953,0.5987997130938036,-5.278077259312823,-0.09589299806382745,-0.23553729073716445,-0.01,1.5833881890741244,-2.0000470894271065,-293.14941105051076,0.0,-3.790161423692059e-05,3.6999883926662402,0.0,1.5708065705065555,84.0,0.042153320980089025,0.05684282708454313,0.05456304932951133,0.2291030916127783,0.35246918163677377,0.04585246388159258,0.13408631701738344,0.20478947525827748,-34.91152909396347,0.1500367303330255
74.6,-2.0540825651615973,6.491038263440735,5.447,0.04,3.95,0.02,1.5857639713820555,0.013609038165784852,0.0006616840691461694,-0.009585176037248644,-2.0342226417897438,-293.36065845888083,0.0,-0.0691359110084906,4.007805238173617,0.0,74.515,0.04116498028027213,0.5996183884847013,-5.250873306653511,1.5880074688745045,0.026011932404045097,0.5752738827033466,-5.277717086056818,-0.09085633722694594,-0.20308772348059456,-0.02,1.584368359139268,-2.0000509821680956,-292.774233834422,0.0,-4.013523184428584e-05,3.799986246782699,0.0,1.5708068887362396,85.0,0.042457290107141096,0.05676608710673574,0.05419692781585678,0.22884316152923517,0.35233594605171614,0.04575052804004479,0.13399662658599365,0.20452033532455124,-34.92822723481384,0.1498512820489415
74.7,-2.044993795191648,6.890486786688652,5.446,0.03,4.02,0.02,1.585072562159274,0.010737021962550058,0.0008836564106976851,-0.004037143265025491,-2.0304976733768907,-292.9558364335834,0.0,-0.06833295840472467,4.077842871839745,0.0,74.614,0.033549724514667124,0.582405001830222,-5.284716463679461,1.5830773888939367,0.02165008068783189,0.5571240906261521,-5.2732164903769885,-0.08146338901817692,-0.163407687918248,-0.02,1.5841397996059339,-2.0000550666761487,-292.3890954400401,0.0,-4.158525154528136e-05,3.8999993273415,0.0,1.570806989681747,86.0,0.042776402706299364,0.056770483320120184,0.05399774334633822,0.22868313739828797,0.35224456971096385,0.04576902573271489,0.13397119195095047,0.20438376290185517,-34.931556528152086,0.149730278546501
74.8,-2.0449938858960537,7.289935307339812,5.443,0.03,4.09,0.02,1.584804161512528,0.000286192855887701,0.0026882578857509247,-0.006172373020150693,-2.0274512679283685,-292.5440686762067,0.0,-0.06897008654121077,4.147113204690395,0.0,74.713,0.02658966354996501,0.563574486976176,-5.308696108136753,1.5835249498062398,0.01614243792058674,0.5464007457792255,-5.281134169414544,-0.08668257150603248,-0.11595422306013381,-0.02,1.5850585500678087,-2.0000593745318085,-291.9939180839078,0.0,-4.392444807567869e-05,3.9999957152452676,0.0,1.570807307918678,87.0,0.04314696817035007,0.056728442656601666,0.05386226336964561,0.22850552421830783,0.3521580838416489,0.04574164878318819,0.1339160160619235,0.20423680888844498,-34.9351721177307,0.14960683637759686
74.9,-2.0449939823416345,7.711575411648642,5.44,0.02,4.16,0.03,1.5847893506896238,-0.015692210610360073,-0.0027559170899393417,0.0020706085249655917,-2.025076743449638,-292.12539167123083,0.0,-0.0711441508390549,4.216379828076654,0.0,74.812,0.029329878302145746,0.548280414232973,-5.254940532046403,1.5776518465086191,0.017749232510578937,0.5352593527248741,-5.275936574632581,-0.05825976772746046,-0.08063969749363942,-0.03,1.5801749163613121,-2.000063919867498,-291.5887409466187,0.0,-4.632749495527893e-05,4.099994393417284,0.0,1.570807626199361,88.0,0.04340089133057274,0.05655099615436882,0.05374067418005963,0.22815200623897494,0.3519940827022245,0.045603765079135945,0.13379002204420995,0.20390235819189986,-34.94964865252553,0.1493633723876922
75.0,-2.044994077095154,8.1443112957377,5.436,0.01,4.24,0.03,1.5843115393680074,-0.018140774139963744,0.005352292259444772,-0.01726683707994725,-2.023374375211711,-291.69973668034777,0.0,-0.07054182862501948,4.286949376357913,0.0,74.911,0.02843267687077154,0.5403394535293369,-5.285263210743016,1.5796857128714652,0.018133405365856177,0.5263483250065611,-5.274963004044542,-0.04497887780089644,-0.05304216972264175,-0.03,1.5791503789462447,-2.0000686633937206,-291.17356336689375,0.0,-4.8793983928095065e-05,4.199988442729282,0.0,1.5708079444420857,89.0,0.04372648136378559,0.056583473766234134,0.053708263059643414,0.22815937208820852,0.35199723311639974,0.04563008147399019,0.13378885403707963,0.20393858518996005,-34.94481131976381,0.14937012413796552
75.1,-2.0359053107268825,8.577047193396503,5.434,0.01,4.31,0.03,1.582782797576163,-0.01649994379715113,0.009959528088012919,-0.014792229097780388,-2.022144151343688,-291.17952621629615,0.0,-0.06505881788871581,4.37388982522832,0.0,75.01,0.028886963652720945,0.5269793160123247,-5.20676444161177,1.5874412973864267,0.016624291021905525,0.5161488909901375,-5.271728332767282,-0.05538178330674907,-0.02707501974129123,-0.03,1.5813919093046385,-2.000074683273729,-290.6623863843411,0.0,-5.1324463222170506e-05,4.299988766127624,0.0,1.5708082627477586,90.0,0.04418838371056485,0.05677602960882255,0.05370388648781711,0.2284343014472618,0.3521248056684204,0.0457037689133457,0.13383036852763822,0.20423374909483963,-34.92504748863193,0.14956310354101665
75.2,-2.0359054088640907,9.009783089797548,5.43,0.0,4.38,0.03,1.5819079410892467,-0.014329263627547165,0.0009520423341926659,-0.002672640031278822,-2.0217382307489387,-290.82688562821323,0.0,-0.06422784222346234,4.432837213903065,0.0,75.109,0.02593306122481358,0.5214824558715391,-5.1700809509561205,1.593105897946146,0.01406491618635684,0.5129653013833716,-5.259578044220953,-0.06620384380714758,0.0075812734071831756,-0.03,1.5858840974913095,-2.000078869829801,-290.31319774971985,0.0,-5.2962430514564264e-05,4.399999306772665,0.0,1.5708083637128185,91.0,0.04455310529650599,0.05678194220595315,0.05370222846203587,0.22842049027449815,0.35211812335068227,0.04570177572609298,0.1338164038485378,0.2042516729067519,-34.91859407170004,0.14955445592904437
75.3,-2.0359055060966904,9.453614762352505,5.427,0.0,4.46,0.03,1.5822177762773377,-0.020759472740775022,-0.006171404177488126,0.014643987077382781,-2.0216451556427417,-290.3794011067995,0.0,-0.06809748127550336,4.507640539666655,0.0,75.208,0.023511887117285267,0.5064570026521459,-5.213203198796491,1.5844314321550852,0.012985787548429086,0.5023062303730599,-5.257039403559398,-0.05605833917246042,0.011484385161310229,-0.03,1.5833325223118102,-2.000084331986692,-289.8680203948438,0.0,-5.559848879584841e-05,4.499995707715517,0.0,1.5708086820264133,92.0,0.053244258214558776,0.06752612258899665,0.05596790340632574,0.2445763844222391,0.3591116297154249,0.05221439321626051,0.13838193712476202,0.22118180827168976,-33.993007530557804,0.16084140154865156
75.4,-2.0359056089347676,9.908542240321584,5.424,0.0,4.53,0.03,1.583241997347448,-0.005609473753601042,0.000802964242369355,0.0010843502455535892,-2.0220354455930236,-289.9243552083532,0.0,-0.07458368933477427,4.583733971739154,0.0,75.274,0.023547412368485864,0.5188803041673619,-5.209568084172716,1.5846594483067107,0.010187505482249455,0.511117463315429,-5.254859054255661,-0.05622898270556193,0.06544170879799971,-0.03,1.5830315329859808,-2.0000900612991255,-289.41284325802184,0.0,-5.82984367814701e-05,4.599994390662228,0.0,1.5708090003835637,76.0,0.046715392990249294,0.05797732586422609,0.05514547184567953,0.22917516075293923,0.35230187016945497,0.04651921426445833,0.13407563290376803,0.20536289598704233,-34.71821855992664,0.1499341915875889
75.5,-2.035905711711713,10.36346971890348,5.42,0.0,4.61,0.03,1.5832761303198077,-0.03303440714822313,-0.00189500564125711,0.0018135711317762491,-2.022934849762838,-289.4616288854286,0.0,-0.0769587849300488,4.661151403549923,0.0,75.406,0.020709522792256015,0.5098115529015533,-5.284057817663303,1.5800054002168002,0.012819952711193183,0.5146277742456363,-5.25846132475764,-0.04382904585554187,0.08810572807016381,-0.03,1.5801251450357692,-2.000096013103699,-288.94766567847324,0.0,-6.106181629361186e-05,4.699988441725449,0.0,1.5708093187026528,94.0,0.04946855619776102,0.06037522821699885,0.05656829610928577,0.23211813360972097,0.353484430523106,0.04804257093219449,0.13494408510108782,0.208640343657503,-34.43697340530975,0.15184357760404524
75.6,-2.035905816776956,10.840588765068066,5.417,-0.01,4.69,0.03,1.5829579271983842,-0.034255070752866344,0.003650246124750064,-0.010315859768928582,-2.024349280022614,-288.99106395484955,0.0,-0.07772751967482178,4.7406002184101865,0.0,75.538,0.02836513882630688,0.5183717319547201,-5.155417250026036,1.5885830735707633,0.01642168704219666,0.5269334538819825,-5.248253289093297,-0.04247443855818807,0.12631000495806077,-0.03,1.5816910495882484,-2.0001022421543277,-288.4725384487748,0.0,-6.388920697431832e-05,4.799986152213152,0.0,1.5708096370847484,62.0,0.04670485987878019,0.057173578886890855,0.055567185068816846,0.22891081550030737,0.35243162865967204,0.0459864561891236,0.1338894633715813,0.20518723100299308,-34.76086523439925,0.14995158701141575
75.7,-2.035905924552635,11.317707824607389,5.413,-0.01,4.78,0.03,1.5822088663142662,-0.04812279585861711,0.007866326735227887,-0.002465923609326176,-2.026257724963991,-288.5123939087407,0.0,-0.07667000093048404,4.823243137497277,0.0,75.604,0.02728943165898229,0.5199526419215381,-5.233847065792636,1.5831932869722816,0.01846182871648011,0.5311530643300512,-5.249056638296523,-0.03727513388481768,0.1283987789921257,-0.03,1.5804275067912794,-2.0001087211838295,-287.9873500575816,0.0,-6.571523767138151e-05,4.899999265451655,0.0,1.5708097380699004,96.0,0.046457765173029845,0.056814965529700154,0.05493354182105307,0.22907783457704414,0.35256567281781676,0.045647099895507276,0.1338480530081202,0.20518212523694118,-34.83238018800688,0.15011738357765347
75.8,-2.0359060290835513,11.79482686795685,5.407,-0.02,4.86,0.03,1.581889685304139,-0.0330667821013369,0.007815604585866567,-0.0054665547814328405,-2.0286084931602493,-288.0252784605418,0.0,-0.07758661998353457,4.909361780348891,0.0,75.703,0.03260275628019226,0.5407837122496956,-5.228283404834431,1.5908582170533503,0.018946599041591038,0.5506441079526196,-5.246370124672744,-0.048139986726524,0.17430551683504003,-0.03,1.58433063175098,-2.0001154751985437,-287.4921727052215,0.0,-6.864826750141345e-05,4.9999956926007965,0.0,1.5708100564602239,97.0,0.046874324767392776,0.05705558979580905,0.05458811660301327,0.2294827654743778,0.35268670369568045,0.045740039869892724,0.13395528434085524,0.20551882518724254,-34.83307735285826,0.1503479476291139
75.9,-2.0449950104760397,12.294137509811083,5.4,-0.02,4.95,0.03,1.5817793617632727,-0.05341036004408343,0.0008109622575821748,0.012238062291152006,-2.0313414457260373,-287.5293612592697,0.0,-0.08004352766374113,4.998989986479203,0.0,75.802,0.033507865506228154,0.5497719130350498,-5.252307269859858,1.5781115872742084,0.02350345475414021,0.5633133782258632,-5.249541295253962,-0.028876830858975338,0.18766147193507265,-0.03,1.5803094791629329,-2.0001225251265082,-286.9870455718522,0.0,-7.164522301691508e-05,5.099994412402894,0.0,1.5708103748932314,98.0,0.047262198376051716,0.056976882625791425,0.05431319686823892,0.22917799534014013,0.3524840416573974,0.0456629304376182,0.13387997401955656,0.2052065077340256,-34.84553229448533,0.15008700364263639
76.0,-2.044995121335802,12.793448133499595,5.396,-0.02,5.05,0.02,1.5823634183642008,-0.04764666447698482,0.01034493130249086,-0.006706264643549971,-2.034416565167341,-287.0242612410843,0.0,-0.08513245254685917,5.092664477552488,0.0,75.934,0.036956077762329106,0.5589037326612551,-5.2263031950043555,1.582336324808259,0.028837032953583683,0.5732740097483986,-5.249196987484389,-0.01835627581407039,0.18253723427905566,-0.02,1.5781265352785407,-2.0001298237434075,-286.4718179895,0.0,-7.470560265900123e-05,5.199988433339905,0.0,1.5708106932889017,66.0,0.04768422346457745,0.05711238131069834,0.05420630972040239,0.22917072733486518,0.3524321273717432,0.04572849300429446,0.13388697333528066,0.20521837665219225,-34.837365133074655,0.15004359643375706
76.1,-2.04499523714418,13.30385456747413,5.392,-0.02,5.15,0.02,1.581426303894494,-0.03423319087416828,0.01648890671999949,-0.01125480067737488,-2.037772780721596,-286.50956335032595,0.0,-0.08330468878488212,5.190453582364188,0.0,76.033,0.039904027645959295,0.5673343029258695,-5.191428107273586,1.5803858074766675,0.031805520593466204,0.5807039766851381,-5.241491919472674,-0.021589915251972087,0.1722498131715291,-0.02,1.5786105163187696,-2.0001374237803637,-285.94679073868485,0.0,-7.783004067193562e-05,5.299985920708847,0.0,1.57081101174724,67.0,0.048015602919326224,0.05705085953272091,0.05411990641322267,0.22893991048693324,0.35231311240778485,0.0456891301827781,0.13382901507828132,0.20502497664921177,-34.83999588189889,0.14987402850764886
76.2,-2.0540842203967795,13.82535677019442,5.389,-0.03,5.25,0.02,1.5804386819389202,-0.019209354480716104,0.012085299778026679,-0.007527171940719025,-2.0412940180092707,-285.9849296073754,0.0,-0.0812760277287612,5.29103885808053,0.0,76.132,0.04407661762459456,0.5876253178865494,-5.27447530116465,1.5766768082702802,0.03708627191015243,0.594232494788915,-5.2401448418689345,-0.011478821198830445,0.18082650257282928,-0.02,1.578433841023541,-2.0001453061285357,-285.41160236152876,0.0,-7.98441660880904e-05,5.399999180732066,0.0,1.5708111127538218,68.0,0.04815845347817558,0.05669140856435514,0.05400724323429414,0.22829701965990656,0.3520162045479562,0.04545472831335959,0.13363690355012015,0.2044098265346382,-34.865293664123556,0.14942789653526595
76.3,-2.0540843415548267,14.357954787501555,5.385,-0.02,5.35,0.02,1.579782612682555,-0.021959251719759595,0.01477134311182545,-0.004582076892826338,-2.0448606449833804,-285.4501262557592,0.0,-0.08078670508740173,5.393676316197362,0.0,76.231,0.04617733457815088,0.5999991847344206,-5.260382977692014,1.5855309627519278,0.03857554592397447,0.6081465658110734,-5.237677492101163,-0.035962208277525734,0.18918752454943366,-0.02,1.5808989463808405,-2.000153489619581,-284.8664250143176,0.0,-8.307427927285163e-05,5.499995661584214,0.0,1.5708114312212231,69.0,0.04860185715811504,0.056727763676212135,0.05390020577307123,0.2284233013528299,0.35210483235918805,0.04546979036369354,0.1336652856437863,0.2045743398668723,-34.86018516680245,0.14954254835254144
76.4,-2.0540844663750804,14.901648594816418,5.381,-0.02,5.46,0.02,1.5796172368016579,-0.027725110548588467,-0.0009339731254144983,0.004394218373640187,-2.048378845628852,-284.90496965601335,0.0,-0.08293014655767962,5.497990517593994,0.0,76.33,0.05141848017337258,0.6135600184832952,-5.198305157459453,1.587949719496302,0.039801409144926386,0.6249472475500655,-5.231656814075379,-0.04599088384282429,0.1922729847407023,-0.02,1.5824709019441126,-2.000161999675271,-284.3112478803191,0.0,-8.636835863418909e-05,5.59999437377921,0.0,1.5708117497315752,70.0,0.04908336812818986,0.05678753286264495,0.05384947720483744,0.22850054014022028,0.3521423419182629,0.04548616835426963,0.13366899705958088,0.20468688521318606,-34.85180051612883,0.14959891692137253
76.5,-2.063173457033784,15.445342377237434,5.378,-0.02,5.56,0.02,1.5802587038513758,-0.030691268846658785,-0.007076200351119248,0.007176805495391996,-2.052500014396047,-284.23683158830227,0.0,-0.09183662739589815,5.6259081060847285,0.0,76.429,0.05405102860347937,0.6111534637410714,-5.202909642595253,1.5878633673767895,0.04018356042549591,0.6312907521483813,-5.227531340954366,-0.06549854809369723,0.1772542675512634,-0.02,1.5856975697553695,-2.0001707808507367,-283.74607030181375,0.0,-8.972584730114209e-05,5.6999884355485815,0.0,1.5708120682035518,71.0,0.04950599840858966,0.05684268739970011,0.053822724360043206,0.22854631831140182,0.35215849287917933,0.04547601849155351,0.13364996876381355,0.20475822677583255,-34.84539367478198,0.1496273214872458
76.6,-2.063173586457098,16.01122776869572,5.375,-0.02,5.67,0.02,1.5815527486291268,-0.018360840257673313,-0.012919461873685489,0.020457087924561048,-2.0552295823578244,-283.7827669688676,0.0,-0.1005971691000644,5.712918080532355,0.0,76.528,0.058289827060758324,0.6285337637058184,-5.197975889154547,1.585406918943051,0.045318952841853874,0.6382835413553887,-5.2230155829190945,-0.050822108569064786,0.1600050181685937,-0.02,1.5829435933758114,-2.0001799005410548,-283.1708930831785,0.0,-9.314745295333731e-05,5.7999862624737615,0.0,1.5708123867386155,72.0,0.04982601396395643,0.056874047935076624,0.053820243604928604,0.22856318657663643,0.35216327746966014,0.045477460587599355,0.13364086030591457,0.20480209083879244,-34.83872112058013,0.1496370062070992
76.7,-2.0631737165047594,16.577113158670148,5.372,-0.02,5.78,0.02,1.5827316400271394,-0.0060987822932431265,4.408753722583549e-06,0.002776836006651324,-2.0586995767390714,-283.2052985065044,0.0,-0.11026845224307168,5.823018397538799,0.0,76.627,0.06548453239751943,0.6458786533790619,-5.176623171194869,1.5873122520291183,0.04582738085176513,0.6506383789639176,-5.2181772085633895,-0.07057497509559836,0.1602415792301306,-0.02,1.5860428374871047,-2.000189323755497,-282.58570468532224,0.0,-9.534969526799488e-05,5.899999305808299,0.0,1.5708124877620964,73.0,0.050190812129406764,0.056819556311822464,0.053781722524359483,0.2284776945739157,0.3521281710383343,0.045406434962152416,0.1335896914281115,0.2047443090278131,-34.837769416701185,0.14958166433217387
76.8,-2.0722627191398413,17.165190103392746,5.369,-0.02,5.89,0.02,1.5831197295945623,-0.011203884573195072,-0.006079250669640674,0.009822406447416152,-2.0622755146750924,-282.61674280338195,0.0,-0.11646263304039862,5.934084882539857,0.0,76.726,0.06836036023532245,0.6476784592848406,-5.224625046052351,1.5754428197439723,0.05636928027930914,0.6543155239722251,-5.2206887263569595,-0.023757479180236598,0.1388549515796953,-0.02,1.5780542076352564,-2.000199074388696,-281.99052733055106,0.0,-9.887699034428413e-05,5.999995707369947,0.0,1.570812806305076,74.0,0.050410663672399866,0.05665503652351585,0.053708833053117334,0.22826800681149523,0.3520453431248778,0.04530696037880431,0.13352662814406854,0.20455995455519704,-34.8492057034085,0.1494483780719901
76.9,-2.0722628568570416,17.7643628672206,5.367,-0.02,6.01,0.02,1.5835573729735357,0.0005672796407606465,0.027254903168658782,-0.017392891948224683,-2.065954193895437,-282.0170297014946,0.0,-0.1215249349427288,6.045779030826422,0.0,76.825,0.07333331815709934,0.6533886706767663,-5.149952653867941,1.5843162729286642,0.062037712231511,0.6601320423076138,-5.21265611539296,-0.02418779103415854,0.1197501015097604,-0.02,1.5780049445861268,-2.000208961920601,-281.39052758802944,0.0,-9.887703527406857e-05,5.9999984287605335,0.0,1.5708128063050897,75.0,0.050873687060255225,0.05675566362830142,0.05368627036391267,0.22842315858769682,0.35211139920740275,0.045315033209445216,0.1335317477792476,0.20473530974530957,-34.83822266835729,0.14955164401235568
77.0,-2.0722629974123157,18.374631423607205,5.363,-0.02,6.12,0.01,1.5816859240320067,0.005248541192207741,0.021338118245177295,-0.01791975411314553,-2.069618404631524,-281.4061262216509,0.0,-0.11393625596115595,6.157891371730031,0.0,76.924,0.07498457699932361,0.6364625350265715,-5.143532446092846,1.5830302461883703,0.06545276441362897,0.6441216582249771,-5.201512418548596,-0.026478250807215557,0.05880074686636405,-0.01,1.5783183971940373,-2.000218849624499,-280.7905276823266,0.0,-9.887705261020854e-05,5.999999424878921,0.0,1.5708128063052431,76.0,0.05129934034715339,0.05678859902485512,0.05371643539847682,0.22845063667168183,0.3521180295315112,0.04536277132439059,0.13355477704884633,0.20481348234282457,-34.824985079725245,0.1495659020848561
77.1,-2.081352007678009,18.984899945649055,5.359,-0.02,6.23,0.01,1.5805502841856816,0.03830207143919501,0.012104751279608392,-0.013245932057604048,-2.0737153711054197,-280.6583549559949,0.0,-0.11070719642332037,6.29054060923143,0.0,77.023,0.07863539450002542,0.6339287807274324,-5.1944182804932995,1.577335318000489,0.07131483696483612,0.6383637466188039,-5.2024169069628865,-0.010046386092657136,0.03185426749902742,-0.01,1.5755946108522185,-2.0002307148711793,-280.07052772053646,0.0,-9.887706349507126e-05,5.99999982781918,0.0,1.5708128063059505,77.0,0.05145373648826732,0.05662834802459,0.053710730689150055,0.2281727958818547,0.35198575199725146,0.04525365780502984,0.1334656654174597,0.2045568711694337,-34.834172418917674,0.1493696541775401
77.2,-2.0813521539625084,19.61736008330373,5.356,-0.01,6.34,0.01,1.579633820862744,0.04167489906245059,0.01626589172916974,-0.016862335572072385,-2.07612811886183,-280.15111700952303,0.0,-0.10769356301653751,6.376574875560322,0.0,77.122,0.08229935534139711,0.5918825783356305,-5.1705717574040815,1.5790113468536864,0.07476340009995697,0.6045508219786604,-5.1992257448341,-0.017856531330709975,-0.0594187681163012,-0.01,1.5752316406038185,-2.0002386250363497,-279.59052772959905,0.0,-9.887706822410267e-05,5.999999922940957,0.0,1.5708128063064775,78.0,0.05185817688116097,0.05690986254494217,0.05378202855598534,0.22859612819988034,0.35217545623853785,0.04539325564791489,0.1335637868136396,0.20500408417103355,-34.80988275749487,0.14965871262744598
77.301,-2.081352303138152,20.26091601118666,5.352,-0.01,6.44,0.01,1.5783289657582085,0.09008784144475886,0.007088061285600521,-0.011972737637027752,-2.0790808555573874,-279.3776655511232,0.0,-0.10204469984187839,6.500051518578497,0.0,77.221,0.08472603912475754,0.5553267442456385,-5.213752210435528,1.5756025553065816,0.07736144006266707,0.5515075940088623,-5.195933225322236,-0.020197592485387675,-0.16929609544429436,-0.01,1.5756119518849654,-2.000250490284631,-278.8705277348029,0.0,-9.887706968813053e-05,5.999999976936521,0.0,1.5708128063065732,80.0,0.05210771174106087,0.05718415234794593,0.05388206737031292,0.22898381299391,0.35234204080589576,0.045544721463135984,0.13366322875576056,0.20540719879380437,-34.78129479494961,0.14991550854366925
77.402,-2.0813524482735195,20.904471906561156,5.349,0.0,6.54,0.01,1.5773310289394595,0.08955567571438973,0.0026638090713364667,-0.00844726293111693,-2.0808089189227914,-278.7222413935394,0.0,-0.09960580005642737,6.59469460872832,0.0,77.32,0.08992145381197242,0.49422438100147204,-5.142037044405211,1.5831927594262896,0.08038045424327117,0.4797325915264592,-5.191867564710236,-0.03155897429269647,-0.30750400675275014,-0.01,1.5758599007794918,-2.0002603779915966,-278.27052773626804,0.0,-9.887706992763715e-05,5.999999991550964,0.0,1.570812806306573,82.0,0.052435296236719026,0.05776705092253259,0.05410769530320516,0.22979559968708435,0.35268440110449634,0.04588264876848365,0.13388144738112723,0.206235898983605,-34.73083827450775,0.15045144192266188
77.5,-2.0813526002180502,21.55912362513851,5.348,0.0,6.62,0.01,1.576918670037065,0.2227886614201587,0.00021618723942841222,-0.0010763888430970596,-2.0816668599629033,-278.1914871808154,0.0,-0.0997508439972331,6.661531895572933,0.0,77.419,0.0884336853879245,0.4269128869800154,-5.161961091379833,1.5784785843123579,0.08184995019509966,0.3989407000721329,-5.19297328094035,-0.024022344759545334,-0.4295249419944627,-0.01,1.574676840641584,-2.0002682881571774,-277.7905277367746,0.0,-9.887706968489392e-05,5.999999996223493,0.0,1.5708128063065196,81.0,0.05192607648886482,0.05761054650029321,0.05420508539895424,0.2294895671888049,0.3525413538385452,0.04577399745704863,0.1337846846339572,0.20589795207132242,-34.752821699853286,0.15023954778444293
77.601,-2.0813527538419807,22.224871133804136,5.349,0.01,6.69,0.0,1.5763904099029045,0.2686588945233429,0.0024051974561071204,-0.00864732877842353,-2.0820405946345106,-277.3865876704742,0.0,-0.09844505511610194,6.739225557897534,0.0,77.518,0.08782058662660994,0.3567026008279044,-5.176981552903113,1.5780550202838808,0.0804297537696674,0.31492332050316074,-5.188960398542456,-0.042508573432863725,-0.524743419016561,-0.0,1.576069144192027,-2.0002801534055332,-277.0705277371229,0.0,-9.887706946076076e-05,5.999999998872396,0.0,1.570812806306475,83.0,0.0524439804829144,0.058512095537958615,0.05466095608285794,0.23067947686590817,0.3530312553069256,0.04630296258076852,0.13410910946970653,0.20713516239025417,-34.672180220866956,0.15101794812197025
77.7,-2.0813529136304405,22.90171447102953,5.351,0.01,6.73,0.0,1.575918042627398,0.2819942384169092,-0.006551221058529437,-0.002962317220235289,-2.0816663716933994,-276.84572408099564,0.0,-0.09855709895956677,6.772773457173923,0.0,77.617,0.08837046132870323,0.26922442840856003,-5.182083525459282,1.5766593672645421,0.08188007093816152,0.22311900671124124,-5.187112632300689,-0.030032350369293644,-0.6036634794244966,-0.0,1.5740661894455452,-2.0002880635710794,-276.59052773724744,0.0,-9.887706974142169e-05,5.999999999491989,0.0,1.57081280630652,83.0,0.05249443464615626,0.05878403335121212,0.05500910938951473,0.2309547799378614,0.35314156615207365,0.04645835772291432,0.13417946951954796,0.20744881552502656,-34.64291519537065,0.15119754372753372
77.8,-2.0813530701538534,23.57855777087569,5.354,0.02,6.75,0.0,1.575683420584772,0.28489351450495803,0.003262221232550396,-0.009612881988017321,-2.0805040222903006,-276.1669482886225,0.0,-0.0987205515465523,6.7933827068496795,0.0,77.716,0.08942564317043,0.18497639548128508,-5.146233161121653,1.5875080738404286,0.07779561674795954,0.13346137665711647,-5.1827982189815085,-0.06317135999726524,-0.6474217313286577,-0.0,1.577870490851679,-2.0002979512780468,-275.99052773735934,0.0,-9.887706972287402e-05,5.99999999982168,0.0,1.570812806306516,84.0,0.05248695016119308,0.05887800917246521,0.05529795509550561,0.23107428078858674,0.3532016236237852,0.04651751499468335,0.13421004853176746,0.20760229023970161,-34.6245529895638,0.15128296936416483
77.9,-2.081353226632525,24.25540107210596,5.356,0.03,6.75,-0.01,1.5754872756686549,0.2634497955443572,-0.017650202094368368,0.006337849531140654,-2.0781209033649732,-275.3516123627952,0.0,-0.10150992901783491,6.7871047363045856,0.0,77.815,0.0872142374825849,0.08848031752094564,-5.1741376648318536,1.5772100627530126,0.07651455988193753,0.0363530294924712,-5.184221903903918,-0.06190627944801459,-0.6885882909655869,0.01,1.576060114555633,-2.000309816526383,-275.2705277374696,0.0,-9.887706944763586e-05,5.999999999935367,0.0,1.57081280630647,85.0,0.0524601503535298,0.05894672972509851,0.055501418981732976,0.23124710156112382,0.3532975696465311,0.0465639069323988,0.1342549713234433,0.2077941812818185,-34.610546687174875,0.15141598287564373
78.0,-2.0813533858881437,24.943340163090184,5.359,0.03,6.73,-0.01,1.5760625447754302,0.23989005902244812,-0.009912884265850611,-0.00031782949254052393,-2.0759874303638766,-274.80942106236006,0.0,-0.10459391120577614,6.764535103975211,0.0,77.914,0.08321558518352132,0.0001991505619389211,-5.162663636757444,1.5772480835224931,0.07153970541921742,-0.0555474684605739,-5.184024582425224,-0.06218102376336258,-0.6989110262605189,0.01,1.5761321324008455,-2.000317726691945,-274.7905277375375,0.0,-9.887706961244153e-05,5.999999999992211,0.0,1.5708128063064972,86.0,0.0522989960570158,0.058817669244132335,0.05558471573103751,0.2311645376512264,0.35328137678264715,0.04650221961113328,0.1342359828277075,0.20771089399021475,-34.61429000137932,0.15137453644874674
78.1,-2.0813535462606527,25.620183500116443,5.363,0.04,6.68,-0.01,1.5760644074205796,0.21791255767012693,-0.010346638869720023,-0.000556669449467457,-2.0721105604939525,-274.00092299004524,0.0,-0.10631320726845045,6.706514260075665,0.0,78.013,0.07672850080289717,-0.0774468507734341,-5.171500530292935,1.5777970458559563,0.06723193285420428,-0.14152179891223132,-5.179159559741386,-0.07498232534525559,-0.6752068769710942,0.01,1.5766219945372368,-2.0003295919402984,-274.0705277376364,0.0,-9.887706942059499e-05,5.999999999992211,0.0,1.5708128063064652,87.0,0.05196694540680765,0.05866943881011214,0.05558469490609778,0.23106122389050684,0.35325085475073936,0.04641887933424896,0.13420622416083225,0.2075738033030736,-34.62826451270707,0.15131514344382097
78.2,-2.0813537001465914,26.2859310093568,5.367,0.04,6.61,0.0,1.576186729655836,0.17088305897676673,-0.01458427154999353,0.0038782791659345605,-2.0683647366573155,-273.33363924739035,0.0,-0.10813766118544715,6.638825524805117,0.0,78.112,0.07569614985694224,-0.15222399742544707,-5.1412839965449475,1.579919246357338,0.06338190644616268,-0.2162658951476522,-5.172610104025486,-0.07366143625580965,-0.6126883143202404,-0.0,1.5764090220403375,-2.000337502105861,-273.5905277377023,0.0,-9.887706961244153e-05,5.999999999992211,0.0,1.5708128063064972,88.0,0.06366301689627005,0.06930021322995558,0.05770987218577773,0.24703626493182293,0.36014253789993245,0.05281697594579202,0.13871312300136093,0.22494645585907003,-33.70803121753208,0.16260193099649434
78.3,-2.081353854839328,26.940582765524255,5.37,0.04,6.54,0.0,1.5763206654835977,0.1068879298344191,-0.011237380625977119,-0.004217721078475917,-2.0651081605472448,-272.80516693572486,0.0,-0.10901094807381896,6.574784350735887,0.0,78.211,0.06973338386472275,-0.23388387449343512,-5.173919397763656,1.583521839915686,0.05897068143582167,-0.27323641280210975,-5.177171169099964,-0.07890973021843244,-0.532950036117593,-0.0,1.5772735804053517,-2.000347389812823,-272.9905277377847,0.0,-9.887706964175141e-05,5.999999999992211,0.0,1.570812806306502,89.0,0.053448364327711544,0.05939008788123462,0.05676003072238866,0.23123275294197437,0.3531855189815186,0.046862707272731015,0.13429736424547345,0.20804610350303493,-34.48352190812254,0.15130597601259482
78.4,-2.0722651243889363,27.59523448403893,5.371,0.04,6.45,0.0,1.5765652256694176,0.045471726275787466,-0.01247833489528599,0.0019144502999806265,-2.0599167500179387,-272.022684309693,0.0,-0.11122529979603345,6.468713978327506,0.0,78.277,0.06701283213213247,-0.23581615449422594,-5.133832669060519,1.5809758969604122,0.05135680406699582,-0.3087811400737944,-5.172386651028994,-0.0854673253899604,-0.40437195645725943,-0.0,1.5783168801382352,-2.000359255061191,-272.2705277378836,0.0,-9.887706963375781e-05,5.999999999992211,0.0,1.5708128063065008,73.0,0.051634494662964894,0.057644109656148364,0.0559345137506727,0.22981348663435933,0.35280837490421624,0.045880219454912434,0.13389622175102742,0.2064388150237001,-34.66431335112998,0.15054378553814907
78.5,-2.0722652694973256,28.238790361413322,5.368,0.04,6.36,0.02,1.5771042858858146,-0.023494374990607074,-0.009782556489435981,0.0055722423371884,-2.0563281629077057,-271.5082508558228,0.0,-0.11458863565315965,6.395563983245243,0.0,78.409,0.058557981645324705,-0.3427318920175691,-5.191684157619478,1.588487009427286,0.045862775475458556,-0.35540052627220864,-5.183887082845748,-0.09814209386313134,-0.3358311034100039,-0.02,1.5804474985386823,-2.000367165226747,-271.7905277379495,0.0,-9.887706955248948e-05,5.999999999992211,0.0,1.5708128063064872,91.0,0.05556075180563548,0.06057339079626392,0.0572112010788248,0.23316538004724446,0.3540231248899579,0.04759056039916902,0.13482499287291955,0.2101703618943625,-34.335869508170354,0.15262252285577055
78.6,-2.063176532269617,28.871250493707496,5.363,0.04,6.27,0.03,1.578016218790088,-0.032222067253674776,-0.012272077415742757,0.014191333166262652,-2.0517991793955375,-270.8733538485784,0.0,-0.12041993856214048,6.3055912906619245,0.0,78.508,0.05426817403185936,-0.3743785104367676,-5.206126390083451,1.5722911842375353,0.04490587805915598,-0.3921418501117002,-5.184568791036938,-0.06723322186944145,-0.2626590303472618,-0.03,1.5753296195532804,-2.0003770529337133,-271.1905277380319,0.0,-9.887706975899096e-05,5.999999999992211,0.0,1.5708128063065216,92.0,0.0515600649146173,0.05728683485883191,0.055966048628825614,0.22941665880858397,0.35264129957714774,0.04566430623492576,0.1337784717513734,0.2060422182156707,-34.676376059392716,0.15027756932493838
78.7,-2.0631766718124354,29.492614784241912,5.356,0.04,6.19,0.04,1.578122581881706,-0.03148738015657785,0.0021095109955591674,-0.010167730538162768,-2.0473253709274988,-270.247284276579,0.0,-0.12027493252620573,6.218568459997351,0.0,78.574,0.054386161863061944,-0.39995513360749796,-5.175861193069962,1.5765799111641718,0.040624739573347765,-0.4225730909477442,-5.187264555665081,-0.0634635648917097,-0.1972050124908824,-0.04,1.5747116025629633,-2.0003869406406802,-270.5905277381143,0.0,-9.887706938862056e-05,5.999999999992211,0.0,1.57081280630646,76.0,0.05084959288890982,0.05699726344327169,0.055196610122856905,0.22951164721901604,0.3527295750703264,0.045457675318658124,0.13377317204331662,0.2059364460484307,-34.75168511518718,0.15038495346562097
78.8,-2.0631768109229025,30.113979072709952,5.348,0.03,6.1,0.04,1.5771105224874356,-0.028351549103115138,0.0018214439424146917,-0.00773420685787317,-2.042947968997761,-269.62976086443956,0.0,-0.11373297914441169,6.134557876746947,0.0,78.706,0.04719491630120127,-0.4107945603789419,-5.120583667259183,1.581726426375773,0.03681764310687001,-0.4046428907295644,-5.179941859474431,-0.07455274657410693,-0.03395939783864854,-0.04,1.5781408120057674,-2.000396828347597,-269.9905277381967,0.0,-9.887706907953447e-05,5.999999999992211,0.0,1.5708128063064084,94.0,0.05537815466840901,0.060598766735770984,0.0566755516281341,0.2333878044306028,0.3540756858280384,0.047558963272079965,0.13486498012176973,0.21024094509902136,-34.366584292802244,0.15274160866309966
78.9,-2.054088065555254,30.724247617853514,5.34,0.03,6.03,0.05,1.576801754129354,-0.10623788463261098,-0.004567109358626452,0.0068494417186972635,-2.038665208926024,-269.0204733774804,0.0,-0.1119843222372925,6.054329255330679,0.0,78.838,0.035906352913699355,-0.3944848421924866,-5.16439189891068,1.5705833614880238,0.03255353399143554,-0.4021210921782339,-5.180168455722566,-0.05236416572451377,0.0510241467952941,-0.05,1.5744740074547567,-2.00040671605454,-269.3905277382791,0.0,-9.887706914748012e-05,5.999999999992211,0.0,1.5708128063064197,62.0,0.05158908906719088,0.057276505635920426,0.0556163423414584,0.22919574562463157,0.3524649487599532,0.04563090896526716,0.13373082490559246,0.20576355304380045,-34.695391384776556,0.1500644257778329
79.0,-2.0540881990470794,31.323420318014726,5.334,0.03,5.95,0.05,1.5771640316259599,-0.10957800043041914,0.0024892586373059253,-0.00329856238942936,-2.034493174721752,-268.4188505628579,0.0,-0.11340865775405466,5.981119814386481,0.0,78.904,0.03566977939878808,-0.42112013269521464,-5.121645500637537,1.5714103954112058,0.03199319439669545,-0.4068770659266211,-5.178696346624635,-0.030237996341281832,0.10336907597134193,-0.05,1.5708356431389312,-2.000416603761392,-268.7905277383615,0.0,-9.887706832413873e-05,5.999999999992211,0.0,1.5708128063062825,96.0,0.0511894167558625,0.057278141171086525,0.05520296663790156,0.2295347651622008,0.35264728769918696,0.04560836393311558,0.1337957657756513,0.20597625710925382,-34.73566224287025,0.15032415355272052
79.1,-2.0540883297744568,31.911497224724002,5.327,0.03,5.89,0.05,1.575895006363515,-0.08176617956516442,0.008709484866909657,-0.016856028750624426,-2.03043451359899,-267.824038135218,0.0,-0.10508110296641689,5.917409933792729,0.0,79.036,0.03096624722815171,-0.381895394521225,-5.129376479898602,1.572584634615205,0.02703723814269686,-0.37544062948430323,-5.172764065634778,-0.04107619263988265,0.21299175245251512,-0.05,1.5726112039778102,-2.000426491468219,-268.1905277384439,0.0,-9.887706816026981e-05,5.999999999992211,0.0,1.5708128063062552,64.0,0.05141342137977013,0.05759232395161875,0.05496669977806528,0.23000911043044464,0.35284039031637976,0.045788400060686345,0.13393016991183687,0.20641595367296464,-34.72580203892905,0.15063735089110714
79.2,-2.0540884672334734,32.510669971565676,5.32,0.03,5.84,0.05,1.5746928251490482,-0.11016256221254048,0.001573671568350562,-0.004979007240220097,-2.026457412600162,-267.23513863261434,0.0,-0.09787709137585887,5.862696393572217,0.0,79.135,0.02593164484666249,-0.3677612330483284,-5.174645914200569,1.574386781958729,0.021705423960515863,-0.35087533130096205,-5.176382276808255,-0.043521898911948936,0.2726408074020119,-0.05,1.5730084438293654,-2.00043637917506,-267.5905277385263,0.0,-9.887706839741345e-05,5.999999999992211,0.0,1.5708128063062947,65.0,0.05138356768249582,0.05737296276913066,0.054732959405779165,0.22952896391164668,0.35259294634996863,0.04564209181945178,0.1337960696833745,0.20591754462848388,-34.74961472736954,0.1502830502188721
79.3,-2.0449997083449194,33.087651086068064,5.315,0.02,5.8,0.05,1.5743886256266872,-0.11710127494293793,-0.005228702719081307,-0.0013183799482602736,-2.022558760703178,-266.6512083336769,0.0,-0.09595944103713201,5.8175852444292495,0.0,79.201,0.02081529139018705,-0.38694579327798806,-5.150101697405136,1.5761843296020834,0.01701159810332757,-0.3474059452012299,-5.178752709419252,-0.036227034148649896,0.2586572527792379,-0.05,1.5734746422484285,-2.0004462668818914,-266.9905277386087,0.0,-9.887706829749338e-05,5.999999999992211,0.0,1.570812806306278,99.0,0.051409988522003014,0.05747130046979314,0.05465435776013581,0.22954339661207573,0.3525775697416529,0.04569974960903812,0.1338069322123154,0.2059269119552334,-34.7495206624206,0.15027662630943603
79.4,-2.044999842154228,33.6757280388243,5.311,0.02,5.76,0.05,1.5743431901235625,-0.0630108029582745,-0.005024667348456445,0.0017628583355886504,-2.0187836135614687,-266.07128017634994,0.0,-0.09565795298911542,5.781491563308029,0.0,79.333,0.021132474732206738,-0.3356377009910707,-5.124585578139364,1.5828603366811262,0.013377113256530924,-0.3153370100829539,-5.173561799393079,-0.05488135667576488,0.3161311280007819,-0.05,1.5765369819530881,-2.0004561545887234,-266.3905277386911,0.0,-9.887706849866579e-05,5.999999999992211,0.0,1.5708128063063116,67.0,0.05127164471211488,0.05748246479528389,0.0546124702596306,0.22946010546338894,0.3525331873675855,0.04571660004865336,0.13379540362435668,0.20583834296411715,-34.75263910404565,0.1502148460257986
79.5,-2.044999967181548,34.24161335639635,5.308,0.02,5.74,0.05,1.5745845193185397,-0.08428815061097608,-0.014157052556531486,0.009567989234808616,-2.0144992649447575,-265.37955312559063,0.0,-0.09848975355931563,5.747152606391315,0.0,79.432,0.014375963733161143,-0.3057212929670973,-5.098300742188144,1.575093289580434,0.007114595289503525,-0.2828048112163458,-5.167583415077438,-0.05761934273592502,0.3474937926580628,-0.05,1.5769760232576335,-2.0004680198369287,-265.67052773879,0.0,-9.8877068420062e-05,5.999999999992211,0.0,1.5708128063062985,68.0,0.05095133743146293,0.056909038798460286,0.054398633443869124,0.22860836547879,0.35217208811139084,0.04538778110404749,0.13356714085349244,0.20498108500452672,-34.799953539431634,0.1496501264831775
79.6,-2.0359112047465686,34.807498725548726,5.304,0.02,5.71,0.04,1.5756907347266118,-0.09113867703302976,-0.014076663916988993,0.0093153904998097,-2.0118623351954477,-264.92040954446526,0.0,-0.10353099750983825,5.729650849621487,0.0,79.531,0.011266480087632518,-0.28323400178489755,-5.107206540480483,1.5801806014280446,0.002601897941652627,-0.24707286579345417,-5.158457927734965,-0.061333519700364075,0.3827323087738419,-0.04,1.5775802922667697,-2.000475930002391,-265.1905277388559,0.0,-9.887706800172996e-05,5.999999999992211,0.0,1.5708128063062288,69.0,0.051353523156928496,0.05727203756106908,0.05435873664291282,0.22921830184023417,0.35246237856603174,0.045610474876474016,0.13373945678961835,0.20560945880022427,-34.771174503600406,0.15008346880910128
79.7,-2.035911332065412,35.384479830480714,5.298,0.01,5.7,0.04,1.576473448486302,-0.09940074417120745,-0.014826920675875032,0.00850248715238794,-2.0089259275108438,-264.3480839142966,0.0,-0.1080413466294208,5.714740580035724,0.0,79.63,0.007587695068412427,-0.263119694152845,-5.103784058257528,1.5819067146695893,-0.0003063649351668923,-0.22474785683493975,-5.159392241215542,-0.05159832671887527,0.3632310441040518,-0.04,1.5776569715168356,-2.0004858177091553,-264.5905277389383,0.0,-9.887706724100514e-05,5.999999999992211,0.0,1.570812806306102,70.0,0.05140618739744193,0.05738218804976587,0.05435397061389533,0.22932403159253809,0.3524996362651026,0.04567633586000339,0.13376742255720156,0.20571522175769363,-34.76318464580385,0.1501486508923994
79.8,-2.035911459954322,35.950365196387736,5.294,0.01,5.69,0.04,1.5771265277315416,-0.06349807854201583,-0.0033301542220284534,0.0018722617452432192,-2.006506676996871,-263.77681503516334,0.0,-0.11194064603317376,5.707384617790882,0.0,79.729,0.0039359665194747245,-0.23187828620757597,-5.0810074974185335,1.5751709320521277,-0.0021239475840334246,-0.19220266968774613,-5.147469488914757,-0.04838195816566953,0.36814789137711923,-0.04,1.5771318348278787,-2.0004957054158625,-263.9905277390207,0.0,-9.887706706514582e-05,5.999999999992211,0.0,1.5708128063060727,71.0,0.051424830595845496,0.05745099516360236,0.05437385585276203,0.22937592824211822,0.35251496391785886,0.04571778686433907,0.13378112274995718,0.20576926733035156,-34.75812568590949,0.15017819080559214
79.9,-2.035911590632404,36.527346354812124,5.291,0.0,5.69,0.04,1.577488774960164,-0.05897836320538061,9.420328855790201e-05,-0.003012627160731166,-2.004695861043615,-263.205917124526,0.0,-0.11424793376145981,5.706361274455762,0.0,79.828,0.003888911513556691,-0.18859992444642443,-5.058232313523344,1.5809024048991378,-0.003525967373055356,-0.15912571317064594,-5.135737492533714,-0.03979185485397085,0.3670495006128478,-0.04,1.5773657435402613,-2.0005055931225644,-263.3905277391031,0.0,-9.887706722901474e-05,5.999999999992211,0.0,1.5708128063061,72.0,0.051132307876460295,0.05716824586805125,0.05426907371342461,0.22898657303839456,0.35235553510334594,0.04555280493843564,0.133674378635616,0.20536102489732666,-34.783969501516836,0.1499246386085307
80.0,-2.0268228284630503,37.09323172293868,5.29,0.0,5.7,0.04,1.5776611450735967,-0.055181193108982694,0.0019781816382006836,0.0003071991680947786,-2.003535085954834,-262.6348464622156,0.0,-0.11575104733037134,5.710382298948774,0.0,79.927,0.00063519176451498,-0.1674364350403531,-5.150494886800251,1.5808988700172546,-0.006744862455916193,-0.12956647271868,-5.135271927744904,-0.05157451025611758,0.34754831860793445,-0.04,1.5793242884185954,-2.000515480829218,-262.7905277391855,0.0,-9.887706636836985e-05,5.999999999992211,0.0,1.5708128063059565,73.0,0.051106808146828074,0.0571017003027153,0.05418894436372157,0.22893122142656752,0.3523378964017101,0.04551340468160169,0.13365767524995079,0.20529629325124718,-34.79265645206512,0.1498933552228524
80.1,-2.0268229553131363,37.67021282016628,5.288,0.0,5.71,0.03,1.5779350312103073,-0.041486740705762755,-0.006888325628180077,0.006000358167036328,-2.0030419515970737,-262.0631260534392,0.0,-0.1180949927077485,5.718902747364041,0.0,80.026,0.0017189112101892614,-0.13063771183273798,-5.106389857502613,1.5740830957617515,-0.005616700402165182,-0.09688613825486231,-5.127999430108247,-0.03808131255655946,0.33862547948757893,-0.03,1.5770921058183276,-2.0005253685358686,-262.1905277392679,0.0,-9.887706641899602e-05,5.999999999992211,0.0,1.570812806305965,74.0,0.05106191405095474,0.05707873606789074,0.05412882100381884,0.22890763860377236,0.3523259042456804,0.04549941992049651,0.1336510778910895,0.20526028808916183,-34.797490773342204,0.14987663794044806
80.2,-2.0268230827455174,38.23609818417019,5.287,0.0,5.72,0.03,1.5785027696427445,-0.04192157335310792,0.0017554030270443357,-0.00016245413037743056,-2.003244995292066,-261.49033841030615,0.0,-0.12162176379732524,5.731327780139904,0.0,80.125,0.003075334005004496,-0.09516460814478411,-5.109929442512585,1.5719677926701634,-0.003608818214976908,-0.06373841867351954,-5.124097671436596,-0.02552461806022689,0.3330261643219812,-0.03,1.5750131377054257,-2.0005352562425736,-261.5905277393503,0.0,-9.887706744617436e-05,5.999999999992211,0.0,1.5708128063061362,75.0,0.05090969033202703,0.0568460447865765,0.05403805037554324,0.22854093080661741,0.3521557024132058,0.04536194743848527,0.13355073099018588,0.20488148008548845,-34.81764348375118,0.14962130186401273
80.3,-2.026823212722274,38.81307933973105,5.286,-0.01,5.74,0.03,1.5780568575162928,-0.04399854997277109,0.007822072650517542,-0.010030136941330463,-2.0041527067464364,-260.91611812797873,0.0,-0.11953799886706372,5.747480051306109,0.0,80.224,0.0021034626510948425,-0.07938941802478224,-5.102655334095106,1.5759798111192644,-0.0029844142262016714,-0.0421986622092481,-5.119929788601645,-0.019497940316675254,0.293257194310371,-0.03,1.575685510916425,-2.0005451439492994,-260.9905277394327,0.0,-9.887706717039496e-05,5.999999999992211,0.0,1.5708128063060902,76.0,0.051005154499357705,0.05693882657317223,0.05398721145228357,0.2287109075436353,0.3522383793076172,0.045415342757598676,0.13359862596744465,0.2050498760622962,-34.81225115870867,0.14974373772982846
80.401,-2.026823342756268,39.390060493247695,5.285,-0.02,5.76,0.03,1.5773276263524334,-0.02184775173840302,0.007977454160950938,-0.004209469414224486,-2.0061044161531174,-260.2246693460463,0.0,-0.11642780978649601,5.771220709065448,0.0,80.323,0.0069383377343197545,-0.047583309100474036,-5.114365691276884,1.5786917677938077,0.0003344845612587746,-0.019183651883880333,-5.122318818500929,-0.007339343985054099,0.2660132781745759,-0.03,1.575333183112154,-2.0005570091973763,-260.2705277395316,0.0,-9.887706739155139e-05,5.999999999992211,0.0,1.570812806306127,78.0,0.06303945350481918,0.06806317553177425,0.056298116647325216,0.24539113312340102,0.3594469889056861,0.052136529420459266,0.1383164847967061,0.22304466021517022,-33.83187612132576,0.16141751444583974
80.5,-2.0268234702297647,39.95594585670858,5.283,-0.02,5.78,0.03,1.5769483545471468,-0.011990918527467267,0.012697633663265559,-0.005941822338022876,-2.007864919836402,-259.7620410804787,0.0,-0.11541343555945108,5.788709365045465,0.0,80.422,0.007864166794035145,-0.030640570895783002,-5.061185354139003,1.5744321823508256,0.0042565105484860845,-0.0025338016802982123,-5.11190341930722,-0.0003899477100436956,0.2299653345929693,-0.03,1.574189003514919,-2.0005649193627675,-259.7905277395975,0.0,-9.887706728363771e-05,5.999999999992211,0.0,1.570812806306109,78.0,0.05250765946555382,0.05795094591831249,0.055326403661124374,0.22918679097270508,0.35230318932693155,0.04604740439287672,0.13376973124288644,0.2058352041918608,-34.64005473608643,0.14993792859974492
80.6,-2.0268236026205795,40.5440228014357,5.28,-0.02,5.8,0.03,1.576547869076256,-0.0011274758680665717,0.013479032113845492,-0.006165925967351844,-2.010490672548315,-259.1817485938347,0.0,-0.11392149396955153,5.81149173737887,0.0,80.521,0.011532051915505055,0.0072733529304938455,-5.039516168857226,1.579968156859963,0.008168106218837616,0.023565708469207365,-5.106189031605853,0.00010486462778372049,0.22287701793286807,-0.03,1.574099575881887,-2.000574807069519,-259.1905277396799,0.0,-9.887706785518052e-05,5.999999999992211,0.0,1.5708128063062043,79.0,0.05071754989905636,0.05647990584937891,0.05470083622686037,0.2279806561253111,0.35197658137663285,0.045194896692526146,0.13341408397720225,0.20445902101186864,-34.802443434735245,0.14929188270823576
80.7,-2.026823729683496,41.12100388970923,5.276,-0.03,5.83,0.03,1.5759737929936988,-0.013870334776448147,0.008438790747289579,-0.007557175198055545,-2.0134809254890667,-258.59915836823836,0.0,-0.1118082789180037,5.834879703229279,0.0,80.62,0.011349312534884044,0.02165183509147338,-5.061532917791056,1.5729487555709452,0.012699362337447201,0.036792540964471196,-5.105687350485331,0.031322101831750805,0.1795210314776723,-0.03,1.5705763255995442,-2.0005846947763057,-258.5905277397623,0.0,-9.887706800705903e-05,5.999999999992211,0.0,1.5708128063062297,80.0,0.05068448850367422,0.056594057772033954,0.05432064519733718,0.22860662745458113,0.3523052237879808,0.0452810924102451,0.13358683554419046,0.20499831802967103,-34.816379580089496,0.14976175888108076
80.803,-2.0268238616339005,41.70908083293071,5.272,-0.03,5.85,0.02,1.575281708096389,0.0016528194873658432,0.02357858512558737,-0.015613849801290066,-2.0173754366663195,-257.89692427961796,0.0,-0.10679144217533192,5.8638590226101615,0.0,80.719,0.013336568751049355,0.03160020966739577,-5.080824147017016,1.574187813718875,0.016571974783080715,0.04383283357547081,-5.106374662700167,0.03879064544705445,0.13935277261595225,-0.02,1.5693286157635733,-2.0005965600244715,-257.8705277398612,0.0,-9.887706780322208e-05,5.999999999992211,0.0,1.5708128063061957,84.0,0.05130325464881228,0.057386658718561516,0.05423092169946619,0.2297788435685334,0.3527721698345111,0.04571892963606859,0.13389724511681506,0.20613145894319707,-34.757494863189805,0.15051170864726948
80.9,-2.0359128843614425,42.28606191465018,5.268,-0.02,5.87,0.02,1.5738786557365696,0.01681544551546663,0.019624148096019263,-0.018088527969300456,-2.0200274360529544,-257.42684593181866,0.0,-0.10118922100022093,5.883149917434499,0.0,80.818,0.01814019904526933,0.04555060533478515,-5.054970492900825,1.5691953020905436,0.02094224433872712,0.06076399169660132,-5.101968234215164,0.02927926561018538,0.1297690328796346,-0.02,1.5692497242239096,-2.000604470189915,-257.3905277399271,0.0,-9.887706836144222e-05,5.999999999992211,0.0,1.5708128063062887,82.0,0.05081213983080681,0.0567625511231724,0.053969097790225906,0.22867126781771635,0.35224006449650497,0.04536552169939953,0.13361681382159374,0.20499161953724407,-34.82211182009122,0.14973146959124312
81.003,-2.0359130227062607,42.896330438257976,5.264,-0.02,5.9,0.02,1.5725226678794735,0.0041172454566324405,0.009538420520239689,-0.008555061157879337,-2.0238585238120645,-256.7189205600845,0.0,-0.09334206087064752,5.910988910343432,0.0,80.917,0.023615870055652098,0.05383987093536839,-5.0560297147725946,1.575508672715084,0.021113973802868467,0.06081146246318586,-5.100191091399603,0.005189529106714151,0.07759609250726829,-0.02,1.573273985097322,43.342699999744326,1.1629603589408924e-10,0.0,5.999999999996675,2.5842444269416193e-11,0.0,4.307074044905086e-12,86.0,0.051225717731909856,0.05728668308197214,0.05400531252749528,0.229356204622649,0.35251095180411046,0.04565411382091711,0.13380272016146805,0.20567811776900377,-34.77526643525397,0.15016368090925053
81.1,-2.035913155872848,43.48440737924166,5.261,-0.02,5.92,0.01,1.5720698357934617,0.02556741895409789,-0.004178743641942726,0.006207683173004307,-2.0262306282653064,-256.24516291687627,0.0,-0.09339695358281397,5.928612582670309,0.0,81.016,0.02623446056755672,0.0785202489850106,-5.032813880905018,1.5786814627793133,0.023931123354896625,0.07946309089459275,-5.093126877822009,0.0027985782977635147,0.0904253712855354,-0.01,1.57365824981636,-2.000624245603572,-256.1905277400919,0.0,-9.887706798307821e-05,5.999999999992211,0.0,1.5708128063062257,84.0,0.050612689115294915,0.05667736124897345,0.05377442834872259,0.22837376768801523,0.3520828980758378,0.04527421949000331,0.1335276648125166,0.20466199382807315,-34.84206463111793,0.1495102309100113
81.2,-2.0359132855295936,44.07248425036781,5.258,-0.01,5.94,0.01,1.5727280163581039,-0.0024070957637920675,-0.001921520360961578,0.007633567599863458,-2.0289738724551087,-255.6510300497088,0.0,-0.09855288295080664,5.949540672613072,0.0,81.115,0.02826153715344702,0.079871067978861,-5.034213624519463,1.568597015868069,0.028597552421518582,0.08273532404333728,-5.089551631763371,0.0206355414096517,0.06583238574803829,-0.01,1.5690254598094462,-2.000634133310315,-255.5905277401743,0.0,-9.88770672223534e-05,5.999999999992211,0.0,1.5708128063060989,85.0,0.06190958096975011,0.06718141457978284,0.05601977552205933,0.24407796523050132,0.35885563477913457,0.05164006562935785,0.13797916596445348,0.22154072027258062,-33.90821213296827,0.16044226309862836
81.3,-2.0450023219194353,44.671656977336546,5.255,-0.01,5.96,0.01,1.5730136088703315,0.005623132157970306,0.011664959107619846,-0.008808253930997961,-2.031487828497601,-255.05483581714006,0.0,-0.10098242034065008,5.969791429809491,0.0,81.214,0.0251481243477505,0.07648606607158834,-5.076124119078826,1.5723236555153572,0.02640154906600091,0.07735994417642461,-5.090828417474389,0.006365743369651426,0.027559793187645454,-0.01,1.5714032946264638,-2.000644021017017,-254.9905277402567,0.0,-9.887706684398939e-05,5.999999999992211,0.0,1.5708128063060358,86.0,0.06685232579061716,0.07104175977292773,0.057720031155784605,0.248345635277045,0.36042623802479024,0.053820533749805756,0.1391290365729618,0.22668393338057025,-33.53585328464144,0.16334087502199673
81.4,-2.0450024580305133,45.27082970659181,5.251,-0.01,5.98,0.01,1.5719813852945828,0.02578258561191156,-0.0017377175481524156,-0.003592271244075008,-2.033748955089585,-254.4566255567771,0.0,-0.0962092025299,5.989686099469436,0.0,81.313,0.03358117432546654,0.07648323480636171,-5.091841606331097,1.5779965603251813,0.02912382487525368,0.08113618868304595,-5.0884204149614405,-0.006439952713609415,0.014483360978649884,-0.01,1.5735388336143767,-2.000653908723674,-254.3905277403391,0.0,-9.887706631108234e-05,5.999999999992211,0.0,1.570812806305947,87.0,0.052797562563546764,0.05804632709791615,0.05620023634591711,0.22912317227614182,0.3523310220963011,0.04612381642611628,0.13376984565858288,0.2059717805220848,-34.575937301112,0.1499314979202218
81.5,-2.04500259134168,45.870002362584486,5.247,0.0,6.0,0.01,1.5721489639861994,0.01919153825533508,-0.004973596765723774,0.004894027662217345,-2.0357320424036778,-253.8565093151721,0.0,-0.09869554680762113,6.007937354052902,0.0,81.412,0.034394340973767076,0.08746141849857363,-5.042667561380394,1.5748650628273257,0.029907476887097925,0.08193918078075979,-5.084099405633133,-0.017376176887297676,0.0009312105481820154,-0.01,1.5736918987844826,-2.0006657739716904,-253.67052774043796,0.0,-9.88770666601833e-05,5.999999999995053,0.0,1.5708128063060052,88.0,0.0509488770687418,0.05686585426833698,0.05530894717305735,0.22892385567096618,0.35252003016970784,0.04544068770021422,0.13365479621487483,0.20549355710964679,-34.74307393336173,0.1500291003253118
81.6,-2.0450027277222773,46.46917509034665,5.243,0.0,6.01,0.01,1.5728909953639396,0.016811509881495955,-0.005493493513794652,0.005492791068630371,-2.0377795900953366,-253.13409483876345,0.0,-0.10513269210946806,6.027420888180461,0.0,81.511,0.03854531986252989,0.07632770675138086,-5.029629322329865,1.5734251252427587,0.0328705113724561,0.0735724597000863,-5.074985009601399,-0.011729229544491987,-0.02538021803062751,-0.01,1.572756219812962,-2.000675661678317,-253.07052774052036,0.0,-9.887706577284622e-05,5.999999999992211,0.0,1.5708128063058573,89.0,0.05068348804941167,0.056825309411420034,0.05472677093587867,0.2292825323237899,0.35266986182304505,0.045361252975144865,0.13370198744801118,0.20567332699374527,-34.786124015072154,0.15026911004034063
81.7,-2.045002860103443,47.06834774405206,5.238,0.0,6.03,0.01,1.5731874893561493,0.02602064136602899,-0.0018041001579715858,-0.0007715223947775783,-2.0389773200729953,-252.65123957007978,0.0,-0.10705248784450545,6.039091943047923,0.0,81.61,0.03942442346663144,0.0857740210651965,-5.088939391411325,1.5717831721970765,0.0342644645262523,0.07802136129280793,-5.070527685695083,-0.015343032731065031,-0.02338453303865773,-0.01,1.5733506769852585,-2.0006835718435703,-252.59052774058617,0.0,-9.887706560902414e-05,5.999999999995053,0.0,1.57081280630583,90.0,0.05066628454019563,0.056830116486786326,0.05434813934768291,0.22917469774949142,0.3525368855510788,0.04534268507981425,0.13367923997327477,0.20547985083226974,-34.806682826710926,0.15012830882314243
81.8,-2.0450029968310837,47.667520468960674,5.234,0.0,6.04,0.0,1.5733285057966153,0.01164410871953353,-0.0015952273884236876,0.003897067252031994,-2.040306771243507,-252.04642794697094,0.0,-0.10907457882370003,6.052131201529111,0.0,81.709,0.038798578388753044,0.06637532179685848,-5.040576554762442,1.5742614859884099,0.0362006214110812,0.06295926773444568,-5.069518460164218,-0.01208312959562409,-0.062139572271057375,-0.0,1.572817637477155,-2.0006934595501376,-251.9905277406685,0.0,-9.887706566360027e-05,5.999999999992211,0.0,1.570812806305839,91.0,0.05066369817990823,0.056897546458500974,0.054139271552809363,0.22903220356411347,0.3524014134132437,0.04537717299776993,0.1336616336173347,0.20530222840614049,-34.81405918849846,0.1499739964100143
81.9,-2.0450031355768328,48.27778898470853,5.231,0.0,6.05,0.0,1.5733765406210463,0.029054670215995764,0.0010673142842587142,-0.0010268253310854976,-2.0414500398519646,-251.44040919020856,0.0,-0.11028358840386555,6.063242212554816,0.0,81.808,0.03814136979037367,0.06464290447560736,-5.073514061269641,1.5733876179520712,0.03725128052410616,0.05569836034326715,-5.065919072722998,-0.009410859458083216,-0.07097716378890784,-0.0,1.5723703050091251,-2.0007033472567217,-251.3905277407509,0.0,-9.887706586077588e-05,5.999999999992211,0.0,1.570812806305872,92.0,0.05058950510140426,0.05679857234284762,0.053967472415943685,0.22870097912417595,0.35222226485896535,0.045329874502445515,0.13359667532933328,0.20496539482175097,-34.828410103544435,0.14972420457136543
82.0,-2.045003268195007,48.876961631195286,5.229,0.0,6.06,0.0,1.5732750609193484,0.027271202524367398,0.0024612883645569795,-0.00347841783954187,-2.0423921859534357,-250.83340661676675,0.0,-0.11072358249393763,6.071833822998615,0.0,81.907,0.04134246128808926,0.061382698352050444,-5.0409639294371456,1.5818941149234975,0.03574988077830751,0.05151129882769889,-5.060521122141795,-0.031874558961614924,-0.07051570524266548,-0.0,1.5761180300486353,-2.0007132349633707,-250.79052774083297,0.0,-9.887706562248733e-05,6.000000000003579,0.0,1.5708128063058322,93.0,0.05068544118758312,0.05689673380848172,0.05391489055868405,0.2287121092571835,0.35221119571624504,0.045399734765551654,0.13361613893032276,0.20498943149857474,-34.82337488099771,0.14971997196262474
82.1,-2.045003407287801,49.48723014522878,5.229,0.0,6.07,0.0,1.5735521135528128,0.018870026104193343,-0.0095873362192829,0.008439856939904157,-2.043114861899597,-250.22567868758148,0.0,-0.1133499766516119,6.07788164857208,0.0,82.006,0.04075939144994539,0.034650640508212704,-5.044088454951684,1.5769226221608905,0.035411812020801445,0.02842929768234853,-5.06279313637301,-0.031313459015114425,-0.11870600906477691,-0.0,1.5760579001770996,-2.0007231226699376,-250.19052774091534,0.0,-9.887706579549477e-05,5.999999999992211,0.0,1.570812806305861,94.0,0.05061121744098671,0.05684603504009007,0.053863806269626044,0.22855826085587438,0.35214360194072875,0.04537523986249323,0.13357962054859204,0.20484069906822677,-34.82918307852161,0.14961712510610714
82.2,-2.045003546456904,50.08640294613049,5.231,0.0,6.07,0.0,1.5746578861170004,0.042300411234779504,-0.004887285058600109,0.00634212331155659,-2.04364208705802,-249.61747045283826,0.0,-0.12096254439905994,6.081150085314254,0.0,82.105,0.04115950850770115,0.028546117657546027,-5.1056757243291795,1.5728354826605146,0.038332293152332386,0.01655960554963865,-5.0670805478655065,-0.014579141889065925,-0.12140219099707128,-0.0,1.5732471754093962,-2.0007330103764613,-249.59052774099774,0.0,-9.88770646377542e-05,5.999999999992211,0.0,1.570812806305668,95.0,0.0506030761041636,0.056850898622078275,0.05382796300768916,0.2285426722059224,0.3521443024746981,0.04538045769173673,0.1335764080906066,0.20482955111001389,-34.82873449170333,0.14961370842430927
82.3,-2.045003685252105,50.69667145962947,5.231,0.0,6.07,0.0,1.5748755615812282,0.03871341378211165,0.003235595058729212,-0.0038203100601467534,-2.044011844540103,-249.00909377330655,0.0,-0.12292361792990558,6.081036324095275,0.0,82.204,0.04470349092983994,0.019892450446956297,-5.04877529956232,1.5689001576352635,0.04069999937075307,0.0055886170351867725,-5.065836331673033,-0.005589155836440845,-0.12078620306630317,-0.0,1.5717358045784917,-2.00074289808288,-248.99052774108014,0.0,-9.887706368518284e-05,5.999999999992211,0.0,1.5708128063055093,96.0,0.05063030321890236,0.056990954081955224,0.05387013626708092,0.22871045396422257,0.3522170463349203,0.0454697258699181,0.1336247151442169,0.20500176798211817,-34.81927380446719,0.1497267026329028
82.4,-2.0450038238597497,51.306939972402226,5.232,0.01,6.07,0.0,1.5742100261293837,0.029666490008394976,0.0055108214718792405,-0.008981906689336855,-2.044206691407398,-248.40091450576347,0.0,-0.11947411939808565,6.077640388643013,0.0,82.303,0.04588308070161423,0.008042130237451164,-5.032579979360016,1.5741727301321993,0.04000421319625118,-0.005974360189511448,-5.064386744327791,-0.026043146779158484,-0.12151190815168711,-0.0,1.5734933327622938,-2.0007527857892726,-248.3905277411623,0.0,-9.887706429935822e-05,5.999999999992211,0.0,1.5708128063056117,97.0,0.050610099780783166,0.05693414213994327,0.05387140526388151,0.2286118533876305,0.3521786809559539,0.04544032606175631,0.13359784510596787,0.20491141732489737,-34.82250782813876,0.1496644885648976
82.5,-2.045003957260546,51.89501690319324,5.232,0.01,6.06,0.0,1.5737421103429536,0.027038913982780514,-0.00315466493565065,-0.004368860720492473,-2.044170963374018,-247.7932388242192,0.0,-0.11756207936725095,6.0714709343048305,0.0,82.402,0.046390308577536045,0.016799054207289985,-5.028961004229311,1.5725305423603042,0.03995864666299541,0.0029093667867403543,-5.065163971831481,-0.01989072439075476,-0.06575347626368355,-0.0,1.5724463616033377,-2.0007626734957813,-247.7905277412447,0.0,-9.887706609125818e-05,5.999999999992211,0.0,1.5708128063059104,98.0,0.062266875064168774,0.06767216525153152,0.05612158669475491,0.24476067754187408,0.35917146456116056,0.05194124515786218,0.13817061556394583,0.22230726035285941,-33.870877565773455,0.1609587093825389
82.6,-2.045004096137708,52.505285415232365,5.232,0.01,6.05,0.01,1.57379628933524,-0.018313536385995855,0.0004832641748263583,-0.001243952435525784,-2.0438814017760873,-247.18628324015745,0.0,-0.11827602231570275,6.063659013406583,0.0,82.534,0.040895434826101626,-0.0027863287395612085,-5.0427592530057606,1.5782169078768469,0.03900806557929705,-0.005911053267109565,-5.064078153122395,-0.023685813389662573,-0.061646865848155485,-0.01,1.5730817280155318,-2.0007725612023908,-247.19052774132706,0.0,-9.887706609125818e-05,5.999999999992211,0.0,1.5708128063059104,66.0,0.052364261972179416,0.05798065877201193,0.05526046882140718,0.22919454257718042,0.35230414658983494,0.04607879230566636,0.13378117874222478,0.20582650107545197,-34.644031046838684,0.14994131949362915
82.7,-2.045004232478828,53.10445813590735,5.23,0.01,6.04,0.01,1.5736263478782515,-0.010742490554266414,-0.0025730069533864493,-0.0014834789708267745,-2.043345931719528,-246.58009365137082,0.0,-0.11800869018484192,6.056273315300923,0.0,82.633,0.03870489910940631,-0.01446898731607088,-5.05386055986364,1.5725728099345506,0.03891172911096494,-0.016328291507953837,-5.061161064296066,-0.01693252783550608,-0.064218935883539,-0.01,1.5719564303279911,-2.0007824489089523,-246.5905277414094,0.0,-9.887706526258771e-05,5.999999999992211,0.0,1.5708128063057722,67.0,0.050534936792074055,0.056451640892599464,0.0546676349997866,0.22787082356712487,0.3519163321061812,0.045170151615942074,0.13337825349444918,0.20432943605098033,-34.81129835465088,0.14920760697861363
82.8,-2.0450043677891863,53.71472656114055,5.229,0.02,6.04,0.01,1.5735500017788746,0.003451947907447786,0.0011269684873325089,-0.006671639373133926,-2.042573479051782,-245.9745848386885,0.0,-0.11789022402891282,6.049762103807151,0.0,82.732,0.04016889991769119,-0.00798635483761842,-5.069976070632554,1.5774533341445331,0.03387095869093641,-0.020559434675981335,-5.061556252661134,-0.04727346878925655,-0.05774660543580712,-0.01,1.5753553579880966,-2.000792336615467,-245.99052774149177,0.0,-9.887706458179896e-05,5.999999999992211,0.0,1.5708128063056588,68.0,0.05045344487385926,0.05662623387629001,0.054284437837022186,0.22862962545964102,0.35231369210811697,0.04525332351168028,0.13356501553295977,0.2049828006017747,-34.82343701090136,0.1497753345327879
82.901,-2.0450045039999853,54.31389927980457,5.227,0.02,6.03,0.02,1.5736190060295652,0.0034962632218335293,-0.015480912487139998,0.008535359824628575,-2.041352190502191,-245.2488161602049,0.0,-0.12041270214492909,6.0418864528366605,0.0,82.831,0.04160995818016917,-0.01655139109348299,-5.064546758946231,1.5831612087473428,0.03253644777494563,-0.01886759084503707,-5.063269442145421,-0.05365847284456095,-0.033313706754336536,-0.02,1.5764091132149465,-2.0008042018632484,-245.27052774159066,0.0,-9.887706468171903e-05,5.999999999992211,0.0,1.5708128063056754,70.0,0.05057038283600311,0.056658407999133895,0.054053803216035014,0.2286220985024301,0.35225132854007624,0.04524270848994674,0.13355165137514985,0.2049213610977335,-34.83122587364099,0.14972051917857526
83.0,-2.045004640345544,54.91307199810177,5.224,0.02,6.02,0.02,1.5745621107660719,-0.009640255006638293,-0.013852581773044565,0.007930052763273106,-2.0404160318047664,-244.76548904688167,0.0,-0.12541893673932014,6.036500800450523,0.0,82.897,0.03857162215139475,-0.02308316326793613,-5.039365300111595,1.5710231859676453,0.030900558696562844,-0.02516237412419682,-5.062825069489733,-0.04006866575641592,-0.03163846529518022,-0.02,1.5741475924975068,-2.000812112028447,-244.79052774165658,0.0,-9.8877064736342e-05,5.999999999992211,0.0,1.5708128063056845,103.0,0.05062406127483686,0.05667657773253415,0.0538830729355373,0.22857536553170324,0.3522074770212799,0.04528419546628585,0.13357185764548987,0.20486731970394984,-34.836589372896995,0.1496744866900348
83.1,-2.045004776426021,55.51224471513456,5.221,0.02,6.02,0.02,1.5753466552731135,-0.005649433355895187,-0.002385016498885875,3.8588781574205085e-05,-2.0392188672066047,-244.1618901299056,0.0,-0.13026880708509192,6.030298847910581,0.0,83.029,0.03861455930827513,-0.020216529338917003,-5.049664117767985,1.565750904863686,0.03515331013029428,-0.02880226631326678,-5.06328632303814,-0.0050333743897290565,-0.030899059812576013,-0.02,1.568297354978442,-2.0008219997349133,-244.19052774173898,0.0,-9.88770646457478e-05,5.999999999992211,0.0,1.5708128063056694,71.0,0.05486870933945466,0.060309220358975076,0.055654859592371875,0.2324641975113075,0.3535938405564655,0.047429909015397564,0.13466855160279764,0.2091986629851832,-34.43177063829277,0.15205423334137252
83.2,-2.0450049120183955,56.12251313403748,5.219,0.02,6.01,0.02,1.5745594832722585,0.0007521300051456443,0.016734138233317687,-0.020917245691935784,-2.0380500427713977,-243.55885640098134,0.0,-0.12559206793296554,6.025043754474591,0.0,83.128,0.03968782336955751,-0.021634950601054803,-5.0128311183841125,1.574002871983997,0.03526549681621688,-0.023739297451361184,-5.054479237366786,-0.017290549671514326,-0.0018555613334392262,-0.02,1.5703453639106861,-2.000831887441385,-243.59052774182138,0.0,-9.887706463508966e-05,5.999999999992211,0.0,1.5708128063056677,72.0,0.05127757754632052,0.05699006229421029,0.05489032293851784,0.22838072953987548,0.352076947690928,0.04549274193462291,0.13354449085509712,0.20490986003861514,-34.74704374806895,0.14949947926821844
83.3,-2.0450050483683953,56.72168584957717,5.216,0.02,6.01,0.02,1.572826276826907,-0.015855178839382686,0.00650984845338612,-0.010516251294114955,-2.0368637375544374,-242.95635059160801,0.0,-0.11608782116999072,6.020356345227823,0.0,83.227,0.03883515533462421,-0.028715036477573452,-4.992624511638571,1.5734361162974502,0.03472558472545684,-0.02733929037960217,-5.046679743828072,-0.021029466052226713,-0.008329171808234115,-0.02,1.5709678567024175,-2.0008417751478587,-242.99052774190378,0.0,-9.887706457646989e-05,5.999999999992211,0.0,1.570812806305658,73.0,0.050867690948852365,0.05679538875322983,0.05445054575112669,0.22871735877206564,0.35232743737475597,0.045334571110456245,0.13358767422877413,0.20512524347304845,-34.79418831209371,0.14981382399546797
83.4,-2.045005184453313,57.32085856537137,5.214,0.02,6.0,0.02,1.5722497003760678,-0.0038154670481085396,0.0004522030248535892,-0.005460575188082704,-2.0355825138433854,-242.35431493801764,0.0,-0.11314990410855467,6.016102178489566,0.0,83.326,0.03132322154137492,-0.03922023710969655,-5.046313346307431,1.566788165881877,0.03257535942027467,-0.03650592037122767,-5.044358434170377,-0.013708146489568022,-0.018869175488578804,-0.02,1.569744376691449,-2.0008516628543274,-242.39052774198618,0.0,-9.887706462309925e-05,5.999999999992211,0.0,1.5708128063056657,74.0,0.050669369139022716,0.056787150519833095,0.05417403885655563,0.2288223870925646,0.3523589170205285,0.04532296324927668,0.13361295708121732,0.20515007645544203,-34.81506093936294,0.149871289315805
83.5,-2.045005320672992,57.92003127927981,5.212,0.02,6.0,0.01,1.5719591130644568,0.009848055321872867,0.003145650862226843,-0.004482263523876864,-2.034171725749835,-241.75267993962728,0.0,-0.11164832342257527,6.0122122306604275,0.0,83.425,0.0334129709599295,-0.042821566644009997,-5.042721704231707,1.5665299171066847,0.03361923470642046,-0.043436219638746595,-5.043140866444757,0.000695871147714841,-0.03157241942322919,-0.01,1.5673287823001154,-2.0008615505607947,-241.79052774206858,0.0,-9.887706484958475e-05,5.999999999992211,0.0,1.5708128063057034,75.0,0.04972161460690876,0.05580460907612712,0.05388285797929426,0.22709616445063086,0.35149688502880294,0.044706057547445485,0.13311969369727675,0.20333196826190592,-34.9127469743997,0.14862147960631028
83.6,-2.0450054567051126,58.519203992841774,5.211,0.02,5.99,0.01,1.5711924860104942,0.018034326210006515,0.007019827622363029,-0.01197747959015543,-2.0326070349933345,-241.1514600879952,0.0,-0.10753036480142132,6.007857897666844,0.0,83.524,0.03132091920308224,-0.028044404103666515,-5.056665594272941,1.5682447936637833,0.03321718118062949,-0.038275406145588636,-5.043572548614989,0.005379719538314027,-0.003366074587696666,-0.01,1.5665569549190512,-2.0008714382672643,-241.19052774215098,0.0,-9.887706464441553e-05,5.999999999992211,0.0,1.5708128063056692,76.0,0.05033506147828776,0.056573830992394256,0.05378985222070363,0.22839862280324635,0.3521142607726808,0.0451982645971314,0.13351991794556725,0.20464840011779847,-34.85441217322757,0.14953857107180019
83.7,-2.0450055931167874,59.1183767054784,5.21,0.02,5.99,0.01,1.569974703367569,-0.0039757707959744365,0.004507768820428924,-0.015183029115968555,-2.030837474144807,-240.55074452425697,0.0,-0.1008755799036472,6.002652112583807,0.0,83.623,0.028790772262573053,-0.03731155898057803,-5.079888811654122,1.5701157140305706,0.030235105174114797,-0.035330750236363104,-5.050292335734866,-0.002777551235703661,0.004711065013164095,-0.01,1.5679233941056854,-2.0008813259737352,-240.59052774223338,0.0,-9.887706464041873e-05,5.999999999992211,0.0,1.5708128063056686,77.0,0.05066597789446788,0.056774943526354746,0.05375890806841922,0.22855868281582928,0.35216612531504304,0.04532275555018247,0.13357421520285895,0.20483673017277093,-34.836925402806486,0.14963382669961017
83.8,-2.0450057260594647,59.71754932379717,5.208,0.03,5.98,0.01,1.569278551675614,-0.009589535000472884,-0.0029756120053611515,-0.006026699591190357,-2.0288098852961487,-239.95058057560414,0.0,-0.09728090194841336,5.997306583602192,0.0,83.722,0.024551488659977697,-0.04094442877759911,-5.081736875374177,1.5646830081443128,0.025467580381857438,-0.038981512097493995,-5.054751411354866,-0.00939063665353199,0.004275913002818044,-0.01,1.5673524211048868,-2.0008912136802053,-239.99052774231578,0.0,-9.887706463508966e-05,5.999999999992211,0.0,1.5708128063056677,78.0,0.05062872855450492,0.0567127007004443,0.05369896476860213,0.22837574861195764,0.35208137536672457,0.04527885009345103,0.13352178209494156,0.20465819538679422,-34.8430007723741,0.14950845720903871
83.902,-2.035916947792611,60.327817827862,5.208,0.03,5.98,0.02,1.5689158872144782,-0.00336249948761984,-0.007558440074441295,-0.0064961387088756616,-2.02602253741217,-239.23104487396574,0.0,-0.0954345817795348,5.991715477759544,0.0,83.821,0.02587280709127686,-0.04024105322325531,-5.070038367483152,1.5639545201559535,0.02598277519227267,-0.04084981887410531,-5.061474403064752,0.004256931221293593,-0.0008676370048421589,-0.02,1.5650669743893377,-2.0009030789279647,-239.27052774241466,0.0,-9.88770646497446e-05,5.999999999992211,0.0,1.57081280630567,81.0,0.05099896296513685,0.057121527983855384,0.0537668610437519,0.22898007808238519,0.3523514163397262,0.045548318544174876,0.13370339515103263,0.20528928248156902,-34.803113952399556,0.14991744714597752
84.002,-2.0359170834090428,60.92699053860402,5.209,0.03,5.97,0.02,1.568311145589922,0.001096441692353638,0.002148001068481892,-0.009632033353886477,-2.0234461442088807,-238.63191497960997,0.0,-0.09086284746283914,5.987597097280164,0.0,83.92,0.025268832549662865,-0.04152425212377442,-5.019687032969176,1.574480790658849,0.023742761550184253,-0.04026395554659258,-5.058483166750525,-0.014827693693397485,0.0073009737823275245,-0.02,1.5682580116275897,-2.000912966634434,-238.67052774249706,0.0,-9.887706466972862e-05,5.999999999992211,0.0,1.5708128063056734,82.0,0.05099638898878887,0.05709908661585737,0.05374082461258862,0.22894272296397258,0.3523399215552744,0.04553455508609288,0.13368926214508778,0.2052534188518237,-34.80532205791744,0.1498970920572149
84.101,-2.0359172192377635,61.52616324799848,5.209,0.03,5.97,0.02,1.5677094183072937,-0.0015403668046566467,-0.009052203887963848,0.0011957514762817505,-2.0206761435350757,-238.03320481487086,0.0,-0.08902907349206073,5.983453158834932,0.0,84.019,0.01917970201049206,-0.028168140343746415,-5.080268547954704,1.573950570316979,0.015969662349392292,-0.028018822709612333,-5.064901591710699,-0.04021822986083274,0.03535025363691613,-0.02,1.572497846201442,-2.000922854340904,-238.07052774257946,0.0,-9.887706469903851e-05,5.999999999992211,0.0,1.5708128063056783,82.0,0.05070041482665909,0.05678293046958265,0.05364238426200173,0.22846056784880972,0.3521289988308588,0.045307237183449776,0.1335306050721339,0.20474456975717215,-34.83897932596304,0.1495742642352509
84.2,-2.0359173522447946,62.11424016712442,5.207,0.03,5.97,0.02,1.5684476569902637,0.0,0.0,0.0,-2.018361398294112,-237.55452661220662,0.0,-0.0943391303127403,5.980284593377564,0.0,84.118,0.018705597772801973,-0.024747925498021184,-5.032524737433947,1.5693620770543784,0.014710331004719569,-0.021979120525508426,-5.064563454675701,-0.0292678113449956,0.043621841605105516,-0.02,1.5706745717742665,-2.00093076450608,-237.59052774264538,0.0,-9.887706462309925e-05,5.999999999992211,0.0,1.5708128063056657,82.0,0.050538541636122244,0.05650469532962109,0.05358357572077959,0.2280553867686784,0.35195757298523206,0.04518940451798027,0.13344702009456552,0.20435170644069936,-34.862580094406916,0.14930929687292394
84.3,-2.026828571638056,62.713412878080085,5.206,0.03,5.96,0.02,1.569789569885705,-0.02390016945796746,-0.00970917082205666,0.0041153918393624185,-2.0154503864432387,-236.95645630869114,0.0,-0.10254257297219899,5.977510849275743,0.0,84.217,0.016388819296180638,-0.02492450532974909,-4.9966331984191426,1.570831205398869,0.012278433942899247,-0.01769539965102497,-5.052514303083095,-0.03756248471997744,0.05114471808683074,-0.02,1.572054403431675,-2.0009406522125506,-236.99052774272778,0.0,-9.887706459378936e-05,5.999999999992211,0.0,1.5708128063056608,83.0,0.05071666892523283,0.05667857736546908,0.0536078922146519,0.2283125014493065,0.35207069184286915,0.04528720531039312,0.13351139671220508,0.2046150421363685,-34.847119814530984,0.14948362491534412
84.4,-2.0268287060391295,63.31258558686506,5.206,0.03,5.96,0.02,1.5705047958206875,-0.021728445693370506,-0.007959916720410569,0.004457547606046573,-2.012639594163472,-236.3585185532093,0.0,-0.1072361898200526,5.976956352670511,0.0,84.316,0.015103797806187922,-0.021625104573842036,-4.981420311516909,1.57522050654618,0.00840195749526227,-0.017004531168304523,-5.045564570631207,-0.0493676279703639,0.04248713510665603,-0.02,1.5740229160941392,-2.0009505399190184,-236.39052774281018,0.0,-9.88770646044475e-05,5.999999999992211,0.0,1.5708128063056626,84.0,0.05074147777512852,0.05680404337468579,0.05366600018175549,0.22845181971318695,0.3521239372022403,0.04535229473534255,0.13354290545345218,0.20475347580181,-34.83723892829462,0.14957010921629638
84.5,-2.026828841452158,63.91175829457879,5.205,0.03,5.96,0.02,1.5714503829393092,-0.008126442874628674,-0.010948759268456894,0.01084696599742465,-2.009539940572927,-235.64089347248986,0.0,-0.1147805632331146,5.978552376788271,0.0,84.382,0.01192474862896683,-0.02172926150599354,-4.992531963488667,1.567663619289512,0.007417283086490334,-0.014770712969542125,-5.044290081867615,-0.026609896503812576,0.03924847115711838,-0.02,1.5702312388256887,-2.000962405166778,-235.67052774290906,0.0,-9.887706465907048e-05,5.999999999992211,0.0,1.5708128063056717,118.0,0.062383765062503066,0.06757827906573867,0.05595396739937906,0.24463160006999052,0.3591247079577916,0.05187912009989914,0.13812878311682206,0.22217558385883793,-33.881539825842225,0.16087344863874375
84.6,-2.0268289736558955,64.49983521085191,5.204,0.03,5.97,0.02,1.5721830019636567,-0.002417987447726314,0.00034206788779299167,-0.003840360401869276,-2.0072965633263773,-235.04263716876605,0.0,-0.1170118326690703,5.981036450923666,0.0,84.514,0.004291304428284433,-0.021457042698412407,-5.083785220300593,1.5628835412436637,0.00692122765689266,-0.018894868549040746,-5.054641986846425,0.005075440272537889,0.013344145650207473,-0.02,1.5649342139636715,-2.0009722928732465,-235.07052774299146,0.0,-9.887706470436758e-05,5.999999999992211,0.0,1.5708128063056792,86.0,0.05472560902012114,0.06010202500568572,0.055442597509079074,0.2320319841792789,0.35341253389533606,0.047291836192849906,0.13454296255915485,0.20875861465214168,-34.45626086685108,0.15176501229294195
84.7,-2.0177401888798734,65.09900791932606,5.203,0.02,5.97,0.02,1.5711767977071016,0.013614490453329907,0.015713217006190664,-0.019673932506139188,-2.005755563768583,-234.56384604701216,0.0,-0.11216737099050633,5.9832955501955425,0.0,84.613,0.0008445763474135082,-0.017665933359245094,-5.04688551451949,1.5752590962536461,0.0016352644606432115,-0.017087687377807637,-5.058677228600544,-0.016521235775507754,0.014485325755853928,-0.02,1.5702150297169861,-2.000980203038423,-234.59052774305738,0.0,-9.887706465374141e-05,5.999999999992211,0.0,1.5708128063056708,87.0,0.05115314296719315,0.05693315600484579,0.05474509651622518,0.22825807618157762,0.3520430081870448,0.045455005547456566,0.13350679065784254,0.2047813035172399,-34.75860812706092,0.14943449574274073
84.8,-2.0177403233426183,65.69818062596742,5.203,0.02,5.97,0.02,1.569958054346733,0.00883752250919066,0.0014693470240941934,5.455683983307602e-05,-2.004118301988005,-233.96515767681922,0.0,-0.10561522896952534,5.985550837485924,0.0,84.712,0.0012306891508587605,-0.015724777465944792,-5.087549187487872,1.5630891502881243,0.0043923826097359425,-0.01358413141507651,-5.064196620362267,0.00928497768741307,0.019217899788738002,-0.02,1.5659067494250953,-2.00099009074489,-233.99052774313978,0.0,-9.887706469903851e-05,5.999999999992211,0.0,1.5708128063056783,88.0,0.05078637692557921,0.05680836375566739,0.054365359547938606,0.22871052807399797,0.3523391623198716,0.04533625660954631,0.1335771152388587,0.20511165142765764,-34.79886202895973,0.14982247735187568
84.9,-2.0177404573852407,66.29735333216664,5.203,0.02,5.97,0.02,1.5698531053520293,0.0009925442162542133,0.013845663933883673,-0.01211124559540909,-2.002768281511674,-233.366321127314,0.0,-0.10517983840622934,5.986823866593805,0.0,84.778,0.0032967408565015874,-0.013140067838015745,-5.0796782184947205,1.5650310848891744,0.00566701684760546,-0.011220209280352774,-5.067975690759447,0.014768419553471818,0.020968861043126452,-0.02,1.5649929200286443,-2.0009999784513597,-233.39052774322218,0.0,-9.887706462709606e-05,5.999999999992211,0.0,1.5708128063056663,72.0,0.05060130939802637,0.05671135418867877,0.05409156830403439,0.2286992827824499,0.352317345328017,0.04528944135744105,0.13357921363587763,0.20502798154653526,-34.824921831587,0.14980275390884223
85.0,-2.017740592039985,66.8965260375362,5.202,0.02,5.97,0.02,1.5685055985257514,-0.0021397318416292942,0.009417706096168385,-0.01690372907218044,-2.0014580356555323,-232.64757695646887,0.0,-0.09623550863930681,5.988408744565864,0.0,84.91,0.0017212358001583625,-0.01032596280292318,-5.069951737623313,1.5636013275649443,0.004949134560991447,-0.008561754859750928,-5.0711602636022945,0.018887433001811612,0.022689909573560207,-0.02,1.5643072730034613,-2.0010118436991244,-232.67052774332106,0.0,-9.887706468171903e-05,5.999999999992211,0.0,1.5708128063056754,90.0,0.05494258927668732,0.06031545804283963,0.055802124563434245,0.2326001179541819,0.353695319542926,0.04742644274952248,0.1346860670748304,0.20936331777596862,-34.423222519543536,0.152181114979601
85.1,-2.0177407241300642,67.48460295066505,5.201,0.01,5.98,0.02,1.567431531208802,-0.0046405906245932165,0.00817215691425546,-0.011361861512946155,-2.0007042469737804,-232.16832322458248,0.0,-0.0912536750724256,5.989618711523756,0.0,85.009,0.0007049757977245551,-0.0248504256341256,-5.03240445077612,1.5659061314005227,0.0034900244328202133,-0.01689681763799261,-5.069227950787541,0.02936286691568086,-0.012435187529225011,-0.02,1.564200286820836,-2.001019753864297,-232.19052774338698,0.0,-9.887706469903851e-05,5.999999999992211,0.0,1.5708128063056783,91.0,0.051331607948700037,0.057100792012526706,0.05500047453445502,0.22864228581192605,0.35220729954398056,0.04552350395391844,0.13358364022370958,0.20516474168309776,-34.73369876608513,0.14968735729132887
85.2,-2.0177408555158642,68.08377554735299,5.199,0.01,5.98,0.02,1.5665583592515921,0.015834079118096794,0.008421733071183629,-0.009723334311682982,-1.9998307394285384,-231.5691451282023,0.0,-0.0865095038886081,5.990857264587883,0.0,85.108,-0.0004489094606006439,-0.023039076325932106,-4.999378314077762,1.5708166868959907,0.000878934700103166,-0.02458421413682574,-5.056505376102066,0.00224638596271331,-0.02925165080221248,-0.02,1.568738372407391,-2.001029641570769,-231.59052774346938,0.0,-9.887706468171903e-05,5.999999999992211,0.0,1.5708128063056754,92.0,0.050606687464008114,0.05672377955056415,0.054496351809014014,0.22869647157991627,0.3523270335825231,0.04531020131056038,0.13358744854389362,0.20508351180050732,-34.80064019256723,0.14980575384713007
85.3,-2.017740989542638,68.68294825049067,5.197,0.01,5.98,0.02,1.5667656418543798,0.023924362102635523,-0.0047216680869834856,0.011101785040682564,-1.9989848403781305,-230.96992403489577,0.0,-0.08814148694765335,5.990511967033558,0.0,85.207,-0.004741354653527775,-0.028357712012179154,-5.040407509273445,1.56676474499191,-0.0017639932187130266,-0.030012155695932748,-5.050280015398171,-0.002500875087865219,-0.03800860082774005,-0.02,1.5695342716307499,-2.001039529277239,-230.99052774355178,0.0,-9.8877064736342e-05,5.999999999992211,0.0,1.5708128063056845,93.0,0.05051645358649537,0.05680928231135617,0.054212186582055,0.22890783450478966,0.3523953819842978,0.04534904253191285,0.13363877807370167,0.2052153284188201,-34.81484326192589,0.14993056139048688
85.4,-2.017741121804434,69.27102516204368,5.193,0.01,5.97,0.02,1.567753832848046,0.022377340753294925,-0.004788594749141958,0.01071063505381511,-1.9981775478729884,-230.37084755869225,0.0,-0.09463312956051677,5.987849486734399,0.0,85.306,-0.0004938971112759463,-0.024658972250779072,-4.954031450262057,1.572903604931155,-0.0029774455270634125,-0.029644637021342374,-5.036495395868391,-0.011816186528370125,-0.02146089220788383,-0.02,1.5711016431825047,-2.001051394525004,-230.27052774365066,0.0,-9.887706463508966e-05,5.999999999992211,0.0,1.5708128063056677,94.0,0.050551167421419976,0.056886593509613975,0.05405365215987085,0.22889471866990427,0.35234205116879475,0.04539060483139158,0.13364441853756284,0.20517215323062785,-34.817935666191815,0.14988405988370826
85.5,-2.0086523323659122,69.87019786619706,5.19,0.01,5.97,0.02,1.5689154485615455,0.005997781678216879,-0.007580655640533767,0.012219148122926852,-1.9974819877275503,-229.77211690790458,0.0,-0.1018056450826006,5.983470827664125,0.0,85.405,-0.0041441646738893815,-0.00774241111152188,-5.059164049000768,1.5628695316857764,-0.000813877564215507,-0.017839456146319405,-5.039255318916711,0.012570882885582222,0.012254145169047881,-0.02,1.5670233717786939,-2.0010593046901786,-229.79052774371658,0.0,-9.88770645924571e-05,5.999999999992211,0.0,1.5708128063056606,95.0,0.05058852428314276,0.05684322423798109,0.05394131869059715,0.2286980331171758,0.35222706769604667,0.04537497401526328,0.13360796007848239,0.20497668962563556,-34.82451566163898,0.14972882566949006
85.605,-2.00865246008172,70.45827466431848,5.188,0.01,5.96,0.01,1.5694014045319076,-0.02192660561374261,0.003430087370329331,-0.008731430672182823,-1.9968971502256778,-229.05423182353363,0.0,-0.1036122477727894,5.978190315433127,0.0,85.504,-0.0023830962992863786,-0.006126155898020361,-5.032679346802766,1.5718063483014677,-0.002259573938174694,-0.00454199360664943,-5.0404932475683015,-0.0023611923536091886,0.04938483265221105,-0.01,1.5695251811211175,-2.0010711699379398,-229.07052774381546,0.0,-9.887706468571583e-05,5.999999999992211,0.0,1.570812806305676,101.0,0.05176708829137,0.05778750750848129,0.05405743459225583,0.23008874244531857,0.35283096056680296,0.04595796070075945,0.13401425402261893,0.20644390425647785,-34.72808235233895,0.15065573265488277
85.7,-2.0086525941701687,71.0574473645531,5.184,0.01,5.96,0.01,1.5690457544431575,-0.04196973888376164,-0.001678692292368316,0.001226039283794081,-1.9966774245755619,-228.57592554848358,0.0,-0.10256848724202117,5.976299086959009,0.0,85.603,-0.0009005839945596399,2.4406332679791087e-05,-4.985926341910748,1.5735908286515068,-0.0038173130385005206,0.004853327669387562,-5.03587406528146,-0.013710235640314525,0.06349731964101579,-0.01,1.5714122870874307,-2.001079080103119,-228.59052774388138,0.0,-9.887706463242513e-05,5.999999999992211,0.0,1.5708128063056672,97.0,0.05073580002292922,0.05680217954966296,0.053795896434025624,0.22852131372840986,0.3521399694078023,0.04534405649855799,0.13356310628591064,0.2048143431818714,-34.832625476147136,0.14960225692886342
85.8,-2.0086527275937023,71.65662006414462,5.181,0.01,5.96,0.01,1.5697619142618515,-0.038180273403235675,-0.004929540264429693,0.010075591897915565,-1.9966051712790496,-227.9781118360694,0.0,-0.10727022798360815,5.976765391024687,0.0,85.702,-0.0075470635106359455,-0.0030916064846151226,-4.993917626227329,1.5782157660045608,-0.01112280167405681,0.005255586385763299,-5.02720650781737,-0.04423165891369302,0.052194308196656714,-0.01,1.576489969956728,-2.0010889678095896,-227.99052774396378,0.0,-9.887706462709606e-05,5.999999999992211,0.0,1.5708128063056663,98.0,0.055168420434485034,0.060582753174964074,0.05566826183157284,0.23267425521969756,0.3536571225541853,0.04756535655696609,0.13471828493988316,0.20943492878772516,-34.41443285490535,0.1521745276026643
85.9,-2.0086528558035397,72.244696857632,5.178,0.0,5.97,0.01,1.571414852692049,-0.01786382943127943,-0.014683342548199925,0.025732597820045763,-1.9968302991026872,-227.38005663498984,0.0,-0.11755749977721604,5.98022966304353,0.0,85.834,-0.004262007404302251,0.006366117961173784,-4.973404867720844,1.570029906023477,-0.00841737541195267,0.010106842034111538,-5.021710484751802,-0.014984427980745337,0.04641598410605852,-0.01,1.5732869120598518,-2.0010988555160587,-227.39052774404618,0.0,-9.887706463242513e-05,5.999999999992211,0.0,1.5708128063056672,66.0,0.06447752986872116,0.06897634490445519,0.05753185566052223,0.24567642665568148,0.3594100117599381,0.05269311059225835,0.1384344722435211,0.2236981326069068,-33.691944538814305,0.16148592911845486
86.0,-2.017741916507646,72.84386955258664,5.177,0.0,5.97,0.01,1.5730307775691637,-0.008701146655404854,0.003148022278390213,0.004821892968424331,-1.9974852888934864,-226.7815129112522,0.0,-0.1271284885078958,5.985535024829321,0.0,85.933,-0.0074867272277385,-0.014386453996778542,-5.0013168707799975,1.5615073258021914,-0.004431866312562288,-0.0041184749810077555,-5.020094188861066,0.019270956077957705,0.0034189303035860874,-0.01,1.567570219694945,-2.001108743222528,-226.79052774412858,0.0,-9.887706463508966e-05,5.999999999992211,0.0,1.5708128063056677,67.0,0.06799771870267836,0.07161335939953126,0.05891217758777905,0.24882211940469237,0.3606465945267104,0.05414991017370865,0.13925343429247874,0.22752495264421588,-33.42876148096743,0.16369549866202246
86.1,-2.0177420506577732,73.44304224953848,5.175,0.0,5.98,0.01,1.5727720980674513,0.02671247025792345,0.023663367398586186,-0.015588425986724134,-1.9986380989798518,-226.18237220931744,0.0,-0.12541404027430342,5.991681412190066,0.0,86.032,-0.0023584050905425067,-0.007727565602138942,-4.986788664481616,1.5700892870394512,-0.0012239281308657067,-0.010144395767612557,-5.01936997907481,0.02389090650213022,-0.020499135927943613,-0.01,1.5667874711769627,-2.0011186309289957,-226.19052774421098,0.0,-9.887706465907048e-05,5.999999999992211,0.0,1.5708128063056717,68.0,0.05258269872604299,0.05797239117424587,0.05690975295176262,0.22942705919049355,0.35258426764349515,0.046120708224755926,0.1338462812014972,0.20635884632192564,-34.54892392786254,0.1502270305944386
86.2,-2.0177421848651385,74.04221494596503,5.175,0.0,5.98,0.01,1.5710431155774298,0.03434154986927975,0.01982092078459143,-0.02271047559506215,-2.000207983142831,-225.58269604469254,0.0,-0.11550363062872553,5.996685111196964,0.0,86.131,0.0013050862121706237,-0.0033241067878426456,-4.94037907375959,1.5748383518319375,-0.0008686676195269717,-0.00810360172543065,-5.008127881669708,0.002624623198743051,-0.011629480181458263,-0.01,1.570356571417639,-2.001128518635469,-225.59052774429338,0.0,-9.887706462709606e-05,5.999999999992211,0.0,1.5708128063056663,69.0,0.050998856175965494,0.056976024823810055,0.05579460848560055,0.2295383405269927,0.35286532699764617,0.04552282181485759,0.13379433176050343,0.20613522835831,-34.710168613008186,0.1504999661078018
86.3,-2.0177423196846256,74.64138764118218,5.174,0.0,5.98,0.01,1.5701290328896158,0.016468758315694908,0.0016908473362949416,-0.001071018570881959,-2.0020505818634815,-224.98270504551476,0.0,-0.1107540954677387,5.998951677013133,0.0,86.23,0.0009407586623643256,-0.005415159313689327,-5.0424858444366025,1.562771793447304,0.0025190652670192886,-0.006005796379462282,-5.011161244971554,0.018419921598299038,-0.0046103399323458305,-0.01,1.5677137055265422,-2.001138406341938,-224.99052774437578,0.0,-9.887706463242513e-05,5.999999999992211,0.0,1.5708128063056672,70.0,0.05082566966241504,0.05703787576645813,0.055105853287213874,0.2298865816259469,0.35295649101717474,0.04548762396761016,0.1338447912532282,0.2062829000777538,-34.75249961124944,0.15069012917529528
86.4,-2.0177424539167177,75.24056033515524,5.172,0.0,5.98,0.01,1.5702224170698338,0.004379459032244921,0.012435205645942587,-0.007917780848466244,-2.0040757406957037,-224.38261187771263,0.0,-0.11119102560143536,5.999347940682902,0.0,86.329,0.004352137634477184,-0.0011595915654600275,-4.956021516713351,1.5685280754397413,0.006347240131441782,-0.0035211767436314012,-5.007690488239925,0.026808180543002505,0.002816182177096671,-0.01,1.5663154936371595,-2.001148294048406,-224.39052774445818,0.0,-9.887706461777018e-05,5.999999999992211,0.0,1.5708128063056648,71.0,0.05061794355239239,0.05689045661571974,0.05458376248574962,0.2294401152893751,0.35265303314420227,0.0453639567203401,0.133733748742103,0.2057276198022674,-34.794163241743775,0.1503025877837294
86.5,-2.017742582702546,75.82863711951087,5.169,-0.01,5.98,0.01,1.5694430159081258,-0.00486270605602264,0.009605936494146204,-0.010418310056124343,-2.006666607755664,-223.66249333997288,0.0,-0.1054388201087837,5.999513944467685,0.0,86.428,0.0051729401299779754,-0.0003780550876644334,-4.9577534619211825,1.567882285477425,0.007812615952911009,-0.0007455952691626537,-4.997378655114112,0.02111509575449229,0.009517024250032868,-0.01,1.5689405706546296,-2.0011601592961705,-223.67052774455706,0.0,-9.887706462176699e-05,5.999999999992211,0.0,1.5708128063056654,72.0,0.05063051518184073,0.05676822811872048,0.054236747212639616,0.22897306219958022,0.3523746137464288,0.045316069920349464,0.13365591895916576,0.2052416880313683,-34.81609588313126,0.14992943577472925
86.6,-2.0177427169715862,76.42780981265463,5.166,-0.01,5.98,0.01,1.568881741320018,-0.009344783635341173,0.007086098127345817,0.0028277666780905644,-2.0088663265973286,-223.06237726496184,0.0,-0.10444976982158177,5.9999692995005285,0.0,86.527,0.008319138872153067,0.00048680303755831156,-4.950945606909522,1.5715871096648735,0.010385521066989721,0.0010508128908534886,-4.9888490681383,0.019345828317459825,0.012578384177198032,-0.01,1.5692367609217128,-2.001170047002638,-223.07052774463946,0.0,-9.887706461244111e-05,5.999999999992211,0.0,1.570812806305664,73.0,0.05064735293854171,0.05675698011360206,0.05401384339656462,0.22872264241551124,0.35222668450555805,0.045300743334789874,0.13360373626946884,0.20498380455292367,-34.826713206611295,0.14973179716396062
86.7,-2.017742851452912,77.02698250559004,5.163,0.0,5.98,0.0,1.5692614578318338,-0.008365276622522153,0.0054784432514350155,-0.0012400167615881233,-2.0106004051782707,-222.58222826342674,0.0,-0.10611110463213021,6.000789046246033,0.0,86.626,0.005477388866995956,-0.0031282848955217074,-4.976409906179934,1.5709821135330313,0.006945580217924425,-0.0002551170312339586,-4.9831550246235246,-0.006226027150456011,0.007052064702755878,-0.0,1.571836241737818,-2.001177957167813,-222.59052774470538,0.0,-9.887706467372542e-05,5.999999999992211,0.0,1.570812806305674,74.0,0.050636219722134564,0.05671324201532858,0.05387420206229274,0.22850086125251662,0.35211784833385823,0.04529445874022014,0.13356670031826043,0.2047741223503716,-34.83542300632896,0.14957497147399076
86.8,-2.0177429859139515,77.62615519746197,5.161,0.0,5.99,0.0,1.5699155858627074,-0.0021232250305087894,-0.007508065296265654,0.011108266804509015,-2.012706964915505,-221.98191047893079,0.0,-0.11036859156728836,6.002340553359279,0.0,86.725,0.010070502216264316,-0.0012107040852489814,-5.040333154546801,1.5606315896083045,0.014633530342367092,-0.001407857130498989,-4.995163409753566,0.039423342264441816,-0.005673572306799102,-0.0,1.564208656077253,-2.001187844874284,-221.99052774478778,0.0,-9.88770646044475e-05,5.999999999992211,0.0,1.5708128063056626,75.0,0.05058133228974352,0.05668383135454933,0.05378125618164483,0.22837158140077393,0.3520642285902844,0.045284034000487035,0.13353797173306137,0.20464978530401168,-34.84240413390514,0.14949224165073785
86.9,-2.017743122117281,78.24751934576025,5.159,0.0,5.99,0.0,1.57016599615128,0.00623308625220168,0.014880987240054572,-0.01673483866102536,-2.014759801651024,-221.3814046830541,0.0,-0.11170510921839,6.00423350827964,0.0,86.824,0.013609732549774932,0.00038612413904128007,-5.00096300638326,1.5711897995952542,0.016616294165071897,-0.0011840412649323933,-5.000029010384409,0.03096640005409508,-0.0030797942965197223,-0.0,1.5656240307152336,-2.0011977325807555,-221.39052774487018,0.0,-9.887706464041873e-05,5.999999999992211,0.0,1.5708128063056686,76.0,0.05048978705230636,0.056553766487315485,0.05370712160031883,0.22810229847757496,0.3519435838527827,0.045198831824279875,0.13345755537019696,0.2043808002806426,-34.855147050252384,0.14930963529829425
87.0,-2.017743256603044,78.84669203631788,5.158,0.0,5.99,0.0,1.5684133221537362,0.0025574302279869417,0.008413262992831691,-0.01007403146770381,-2.0167202939290014,-220.78071330010917,0.0,-0.10134029178625382,6.006257111087012,0.0,86.923,0.017705206790585147,0.0008816300486658296,-4.96925902874888,1.565231648160377,0.0214711581691973,-0.0004248948863803725,-5.000537708578969,0.044131233833888485,0.0003003977522340051,-0.0,1.5634293447520804,-2.001207620287225,-220.79052774495258,0.0,-9.88770646457478e-05,5.999999999992211,0.0,1.5708128063056694,77.0,0.05069066569277833,0.05676394698162986,0.05369608225505452,0.22841380417954346,0.3520943743292805,0.04530299160301145,0.1335285194928225,0.2047004994550778,-34.83803976979924,0.14953261881245716
87.1,-2.0268323249421485,79.44586472355101,5.157,0.0,5.99,0.0,1.5674630881429206,-0.00016266082980747823,0.014133553566844714,-0.015819372881179676,-2.018482403318348,-220.17986682109387,0.0,-0.09574520267959624,6.007848778684328,0.0,87.022,0.018340125041675738,0.0021382133483783816,-4.94418372534948,1.570722207829959,0.019226851954789827,-3.448369262941224e-05,-4.994397920292137,0.013817838036612079,0.002567862708405144,-0.0,1.5684905016688164,-2.0012175079936947,-220.19052774503498,0.0,-9.887706470436758e-05,5.999999999992211,0.0,1.5708128063056792,78.0,0.05062501752230349,0.056691321638225906,0.05366379576438956,0.22829325338965617,0.3520486775966706,0.045277480490994775,0.1335044093418791,0.20458615981819914,-34.84507076765528,0.1494582607294073
87.2,-2.026832459774951,80.04503741201455,5.155,0.0,5.99,0.0,1.5671569759168218,0.0,0.0,0.0,-2.0199551491689776,-219.57887708483008,0.0,-0.09409597117547536,6.009273280843007,0.0,87.088,0.014080766571601495,-0.0007045844457426315,-4.993039338094102,1.5668119011812796,0.019238716108390876,-0.0005733956725944905,-4.994253176261267,0.013857368641930216,0.0020200878478977558,-0.0,1.5684836937038127,-2.001227395700168,-219.59052774511738,0.0,-9.887706468171903e-05,5.999999999992211,0.0,1.5708128063056754,112.0,0.05055150225748208,0.05658404565717473,0.05363638489751834,0.2281057468417905,0.3519611459077638,0.045193271537804856,0.13343396599885268,0.20439000543372615,-34.855266512186034,0.14932768524548334
87.303,-2.0268325950648354,80.64421010123016,5.154,0.0,5.99,0.0,1.5679891077477972,-0.00021857659510910818,-0.00030674537640850634,0.0037718979912527337,-2.0213118035820012,-218.85748994498073,0.0,-0.09978736582210426,6.010961954132266,0.0,87.22,0.015499823720652216,-0.001193925887565353,-4.9937944889575725,1.565337425414635,0.01973660814262735,-0.0011526269105611188,-4.994272287474709,0.023765830024005462,0.000984120070081751,-0.0,1.566829415034694,-2.001239260947928,-218.87052774521626,0.0,-9.887706468171903e-05,5.999999999992211,0.0,1.5708128063056754,83.0,0.05544901995579453,0.06081496217939919,0.05555673212739771,0.23309528668426538,0.35387292097353024,0.047704697104437824,0.134832958089088,0.20987472550925343,-34.391322817621166,0.15248741143399785
87.401,-2.0268327300896374,81.24338278766241,5.155,0.0,5.99,0.0,1.5682790491872023,0.0011091951984781533,0.003285620676612835,-0.0052310974630976285,-2.022122528469946,-218.25615161376146,0.0,-0.10080754961602413,6.01256475775977,0.0,87.319,0.018512515457235784,-0.001711725890855359,-4.98081757666687,1.5732413610782594,0.0191204198990211,-0.0017809354312249065,-4.992507355294871,0.008386418093638392,5.657629414379528e-05,-0.0,1.5693962711347773,-2.0012491486543937,-218.27052774529866,0.0,-9.887706475232921e-05,5.999999999992211,0.0,1.5708128063056872,82.0,0.05136941852390006,0.05712472498486735,0.05477408665864074,0.22854145948560955,0.3521627766721496,0.045581237534705873,0.1335935389505281,0.205076954775141,-34.73963243844137,0.1496199310465039
87.5,-2.0268328647718405,81.84255547532989,5.155,0.0,6.0,0.0,1.5685493606750407,0.002279607474337275,-0.00020909646334218475,0.008151976865117186,-2.0225701618479746,-217.7749615024805,0.0,-0.10265082829454597,6.013754216323029,0.0,87.418,0.01580178837206347,-0.0017173768577300325,-4.993310503397508,1.5635996000446197,0.02096124598099823,-0.001906387960566826,-4.9887191670012285,0.020092673820764503,-0.0073760383152130515,-0.0,1.567443438534901,-2.0012570588195677,-217.79052774536459,0.0,-9.887706466306728e-05,5.999999999992211,0.0,1.5708128063056723,82.0,0.05047236252734305,0.05645898557544204,0.05427706434990316,0.2282280152096813,0.3521302700774995,0.04515966672283616,0.1334631584067615,0.20461664032757226,-34.83162167586205,0.14949867867872024
87.6,-2.026832999988642,82.44172816162951,5.155,0.01,6.0,0.0,1.568613499929432,0.004954704578101901,0.0023765114927036452,-0.008256334707060277,-2.0229267533011335,-217.05299837765568,0.0,-0.10286394623217804,6.0153261705670165,0.0,87.517,0.02111683188152744,-0.020701955663959305,-4.962300351875336,1.5670656231697802,0.02195392335832684,-0.019424794349772137,-4.986355997153325,0.0022863943092754115,-0.047944967467160815,-0.0,1.568732102457042,-2.0012689240673334,-217.07052774546347,0.0,-9.887706473101293e-05,5.999999999992211,0.0,1.5708128063056837,83.0,0.05040894997602562,0.056582908138264,0.054008490747460544,0.2285556051753481,0.35226019444170636,0.0452083310028177,0.13353771537261552,0.2048606286680636,-34.84042848528728,0.14971046991419373
87.703,-2.026833134940361,83.04090084742418,5.155,0.01,6.0,0.0,1.5685669994589426,0.03485023302858245,-0.005993275210479293,0.003283799873408111,-2.022946887051754,-216.45126515509952,0.0,-0.10347449708348387,6.015501564979173,0.0,87.616,0.022532036692009066,-0.0009775372070090493,-4.986357369186925,1.5678923992836353,0.023666370709970443,-0.008352860684279135,-4.9866780062549285,0.007987107875713126,-0.01061890921991182,-0.0,1.5677931694522451,-2.0012788117738,-216.47052774554587,0.0,-9.887706465907048e-05,5.999999999992211,0.0,1.5708128063056717,87.0,0.05113969594527528,0.05733314261886946,0.0539907311556647,0.22960343105895822,0.352673811011646,0.045654250220361535,0.1338392494955177,0.2059111645908849,-34.775988941370514,0.15037663930188516
87.8,-2.0268332696270015,83.64007353271388,5.155,0.01,6.0,0.0,1.568690097253073,0.0008662779669534994,-0.0013447272375766274,-0.0034898500505693123,-2.0227919347711585,-215.96991541424566,0.0,-0.10348682560999188,6.014540927250343,0.0,87.715,0.024907419512249347,-0.006810749118015005,-4.985861014385904,1.5695959299738287,0.023842246809887044,-0.008193035465370053,-4.98688548247196,0.0037402018460416554,-0.006855118527291815,-0.0,1.568503677769411,-2.001286721938977,-215.9905277456118,0.0,-9.887706460977658e-05,5.999999999992211,0.0,1.5708128063056634,85.0,0.05070463369384531,0.05691173086997922,0.0538535803698635,0.22877926422479908,0.35226901757229045,0.04540593878929567,0.13362164857379494,0.20505996983280045,-34.82493681693823,0.14979035216451675
87.902,-2.026833404693196,84.2392462185972,5.156,0.01,6.0,0.01,1.5687872805309038,-0.006463175942573123,-0.00324077735316738,0.002180257295371287,-2.0222906251683064,-215.2480830880876,0.0,-0.10447397133077543,6.01245134321405,0.0,87.781,0.021908194217925697,-0.005712035482092828,-4.931839269469102,1.573151467658382,0.021304396485928703,-0.007944741950403636,-4.981554478700623,-0.01048752893032223,-0.0031314554175274623,-0.01,1.5708776240462243,-2.0012985871867395,-215.27052774571067,0.0,-9.887706475366148e-05,5.999999999992211,0.0,1.5708128063056874,69.0,0.05087677599506883,0.056936512762706545,0.0538169847345858,0.22877131021304276,0.35225551307674896,0.045434061123923175,0.1336352318630415,0.20506936864201006,-34.816270741746344,0.14977231465778373
88.0,-2.017744600022926,84.83841890468224,5.158,0.02,5.99,0.01,1.5692270356838147,-0.00651019999774224,-0.005821223407950122,0.010828643064575653,-2.021789577843874,-214.76697801095128,0.0,-0.10663063718168855,6.011395869938608,0.0,87.913,0.020538197335382168,-0.008971219387181428,-4.950769548392999,1.5685715674753717,0.019245294470561808,-0.008130005898012419,-4.974471076030618,-0.019440749477186926,0.005894132487177295,-0.01,1.5707030545474496,-2.001306497351912,-214.7905277457766,0.0,-9.887706468971263e-05,5.999999999992211,0.0,1.5708128063056768,87.0,0.05476622140666877,0.06015534212575449,0.055505407019700144,0.23215524992517295,0.35345699415212567,0.04733488071361302,0.13458673309159808,0.20888094084116976,-34.450988186246526,0.1518417467255108
88.1,-2.017744734236647,85.43759158881647,5.159,0.02,5.99,0.01,1.5699847991953162,-0.008363381436786567,-0.007362991389238776,0.003022779397780947,-2.021019387861317,-214.16567334852547,0.0,-0.11118049127434075,6.01062544617312,0.0,88.012,0.01726638771879284,-0.014795130762254569,-4.987019927645761,1.5635820225762345,0.018985530501679747,-0.012401233988918115,-4.973628592066616,-0.005778472284055321,-0.0050747972471478775,-0.01,1.5684201064634424,-2.001316385058385,-214.190527745859,0.0,-9.887706466306728e-05,5.999999999992211,0.0,1.5708128063056723,88.0,0.05109099886777326,0.056826353303473194,0.05477789867898912,0.2281070128869258,0.3519623454935317,0.04539886450969758,0.1334723447525788,0.20462636846478902,-34.76574639914202,0.14931993357048484
88.2,-2.017744868907439,86.03676427218386,5.159,0.02,5.99,0.01,1.569992372419454,0.003555581462207443,-0.00013289467195455186,-0.009928224658481586,-2.0201597947851355,-213.56439705074922,0.0,-0.11116303436440442,6.0105016907079305,0.0,88.111,0.021352087500032063,-0.014171233445735065,-4.959662846989437,1.5630452538502366,0.021878009585289418,-0.014513593020945077,-4.9729589241872905,0.01267371632640164,-0.008541635193612507,-0.01,1.5653338811241535,-2.001326272764855,-213.5905277459414,0.0,-9.887706469903851e-05,5.999999999992211,0.0,1.5708128063056783,89.0,0.062351157935443054,0.06745089221472368,0.0567929234125722,0.2445486560702382,0.35915994835403053,0.05185236439178457,0.13811933151973008,0.22222825702610416,-33.84446312120015,0.1608628611130254
88.3,-2.0177450033131556,86.63593695504628,5.157,0.02,5.99,0.01,1.569336719988149,0.0065637193195623375,0.007200050060918394,-0.015397175933881522,-2.0192416089494993,-212.96313089780975,0.0,-0.10721319343494021,6.010454162469639,0.0,88.21,0.02089273703834037,-0.015493544069796555,-4.9211245383892885,1.5719446413730405,0.020093398336683048,-0.017167419878604193,-4.969832058628294,-0.0004429371179147795,-0.012619054525206508,-0.01,1.5675244936500767,-2.0013361604713253,-212.9905277460238,0.0,-9.88770645964539e-05,5.999999999992211,0.0,1.5708128063056612,90.0,0.05194883004910829,0.057560654769186204,0.05557550496350101,0.22890129757044997,0.35224632811705686,0.045804515385606294,0.13366210162853914,0.20553743741572986,-34.66144309805905,0.14979589318847394
88.4,-2.0177451351378117,87.22401384565617,5.154,0.02,5.99,0.01,1.5683665867571275,0.007809215101159004,-0.0002562678758538108,-0.0019575190842966023,-2.0182285101219426,-212.36190995177375,0.0,-0.1014511663675585,6.009946097015887,0.0,88.309,0.017738510418901624,-0.01781965908845319,-4.951479926380744,1.5664361125241568,0.020036944325308476,-0.019703432438710734,-4.971080639944711,0.0061573357097889185,-0.015368602993403258,-0.01,1.5664182879084299,-2.0013460481777954,-212.3905277461062,0.0,-9.887706470436758e-05,5.999999999992211,0.0,1.5708128063056792,91.0,0.06271094603375958,0.06774969226715964,0.05739695454099395,0.24487544680772377,0.3592830742164129,0.05198202326868756,0.1381719734685754,0.2226590308083108,-33.79285197431448,0.1610790763415924
88.5,-2.0177452696580005,87.82318652784777,5.151,0.02,5.99,0.01,1.568214506204475,0.006074778789631224,0.004578788001016605,-0.0007849149234440897,-2.016840723295877,-211.64058481864632,0.0,-0.09952974796371185,6.008373419214228,0.0,88.408,0.017910105977507265,-0.01874770059104481,-4.934620422457888,1.567146046108348,0.01963322522967042,-0.020604636620111076,-4.9648091036122075,0.007062317613806254,-0.014210311574143653,-0.01,1.5662676981077701,-2.0013579134255606,-211.67052774620507,0.0,-9.887706479229724e-05,5.999999999992211,0.0,1.5708128063056939,92.0,0.05222499135760851,0.05786136002884562,0.05598218224573535,0.22956177890616966,0.3525868379145903,0.046005142170437476,0.13384883074060555,0.20625746263760883,-34.61766129151916,0.1502817469352976
88.6,-2.017745403913107,88.42235921029388,5.15,0.02,5.99,0.01,1.5677983565863707,0.0041118186034429256,0.0012676275990043389,-0.0032792589054508174,-2.0158001580951814,-211.15983204339545,0.0,-0.0980905371911608,6.0069118795254495,0.0,88.507,0.018036897989515747,-0.021155480135961427,-4.924720904144333,1.568830673264587,0.01836630804447298,-0.022649197388928073,-4.958092820467648,0.0005168368466269696,-0.015919452020265012,-0.01,1.5673620315890253,-2.0013658235907372,-211.190527746271,0.0,-9.88770646044475e-05,5.999999999992211,0.0,1.5708128063056626,93.0,0.05076473717441155,0.056768913746208696,0.05510552981329272,0.2289150259177273,0.35246952742373544,0.04536070230432211,0.13364144558172542,0.20539087366825504,-34.76520389016416,0.1499853660216453
88.7,-2.017745537825615,89.02153189055761,5.15,0.02,5.99,0.01,1.5676881422430766,0.005559341766547736,-0.0007186123312332347,-0.002605180994668073,-2.0143621406261625,-210.55908091956616,0.0,-0.09739245675797022,6.004636878553821,0.0,88.606,0.016065258013467695,-0.0243137010797135,-4.915875873677632,1.5670922687046482,0.016360462070047804,-0.02624070202553603,-4.953629029515518,-0.0019190931035605943,-0.021027095774864613,-0.01,1.5677671872955312,-2.001375711297206,-210.5905277463534,0.0,-9.887706472701613e-05,5.999999999992211,0.0,1.570812806305683,94.0,0.05052439643457947,0.0567214640436425,0.05454487564324438,0.22905872806925667,0.35251347565848923,0.04528587739024787,0.1336525650955493,0.20539265285042832,-34.8050066707084,0.15007042923184954
88.8,-2.017745672827605,89.6207045702883,5.15,0.02,5.98,0.0,1.5677716194794067,0.008937550061216607,-0.0027944907273379635,-0.002940358383173219,-2.0127855099963443,-209.95858475681644,0.0,-0.09785676368531195,6.001791199492157,0.0,88.705,0.012992912431351427,-0.03007905097152927,-4.985962121307364,1.562255415260921,0.017999735309332687,-0.03043957297660023,-4.957485413907209,0.022106188700225824,-0.020679884855024255,-0.0,1.5637308416015883,-2.0013855990036777,-209.9905277464358,0.0,-9.887706458179896e-05,5.999999999992211,0.0,1.5708128063056588,95.0,0.05047740408616504,0.056724763595389124,0.05419604432122449,0.22891199141271998,0.3523818914015955,0.04528631044358547,0.13363231247451932,0.20518502039948228,-34.82342738793485,0.14991874362269125
88.9,-2.017745804306042,90.20878145917719,5.151,0.02,5.98,0.0,1.567546273875285,0.008641054936898127,0.007005308364414502,-0.011559651251734188,-2.011093604132678,-209.35840625964713,0.0,-0.09627430263920601,5.998325876500811,0.0,88.837,0.007703242418202452,-0.0365808500476678,-5.000185854015581,1.5625542226402647,0.016391506573683292,-0.03765014950330553,-4.966979929429044,0.025552199654510808,-0.034774530035313944,-0.0,1.5631344965546254,-2.001397464251278,-209.27052774653467,0.0,-9.887706379442879e-05,5.999999999992211,0.0,1.5708128063055276,63.0,0.05046121465768804,0.0567374902608115,0.053984410326661306,0.2287185271602588,0.3522463373688527,0.04529538881879705,0.13359937864484736,0.2049699066228072,-34.83272173925928,0.14974862340956677
89.0,-2.0177459387003474,90.80795413849896,5.152,0.03,5.98,0.0,1.5662925844688458,0.0153372342877946,0.0033332103634733067,-0.013737304951369544,-2.0092654681733593,-208.75862822957873,0.0,-0.08860436960310934,5.99407603293432,0.0,88.936,0.010022215337075875,-0.0345337053093012,-4.9618996339315355,1.5642577097586388,0.0132016435214279,-0.03855595776814218,-4.963701166531473,0.0015038655546997862,-0.030454152071342833,-0.0,1.5655012047938348,-2.0014053744163576,-208.7905277466006,0.0,-9.887706363455667e-05,5.999999999992211,0.0,1.570812806305501,64.0,0.05050420936568139,0.056785710416717636,0.05385995712053446,0.22861878639536906,0.35217684389149123,0.045312041552279546,0.1335774397890083,0.20486737944869454,-34.8340205317099,0.14966188195867633
89.1,-2.0177460729968466,91.40712681773799,5.151,0.03,5.97,0.01,1.5657575480316321,0.008256244218806838,-0.007340056294936685,-0.0013038943774388294,-2.0068284140250476,-208.0395786992275,0.0,-0.08568944283350996,5.987269993449255,0.0,89.035,0.009952631673111476,-0.03543603425012229,-4.955946242350131,1.566875972808147,0.010238863660232026,-0.03839354979536061,-4.96447241760136,-0.005862208289922385,-0.01645542918316867,-0.01,1.5667419925799058,-2.0014172396639753,-208.07052774669947,0.0,-9.887706300306182e-05,5.999999999992211,0.0,1.5708128063053957,65.0,0.05051122183366138,0.05676003282985275,0.05379284349460358,0.22846983460214457,0.3521051274824322,0.04532435310412548,0.13356078838559857,0.20473602217025144,-34.83773506906787,0.14955750994231554
89.2,-2.0086572617265617,92.00629949666794,5.15,0.03,5.96,0.01,1.5660255500723161,-0.0019542237084367725,-0.011252696656195741,0.0028413308049925626,-2.0050695130310245,-207.56070297499215,0.0,-0.08722433379415426,5.982089145434448,0.0,89.134,0.0038290372500306836,-0.021083640786299367,-4.97834622884691,1.567913427799473,0.0047581557493610645,-0.02962274022881326,-4.965136070131885,-0.019875457952963603,0.01822173261885318,-0.01,1.5691027575664196,-2.001425149828979,-207.5905277467654,0.0,-9.887706256607803e-05,5.999999999992211,0.0,1.5708128063053228,66.0,0.05048837842672752,0.056673945611390754,0.053733241064130154,0.2283082096156633,0.35204263600229374,0.04529921451166163,0.1335300835555399,0.20458923185365535,-34.84500525735353,0.14945668154661892
89.3,-2.008657392305377,92.60547202907244,5.149,0.03,5.96,0.01,1.5667078118447701,-0.026369285480093898,-0.016378309261678374,0.008696306135399243,-2.002799473777704,-206.96267659542923,0.0,-0.09123908407919004,5.97588395310297,0.0,89.233,0.0035621825700709246,-0.019390835970550302,-4.915440478834072,1.5716008892818851,0.0015779426753950313,-0.020008250199074984,-4.963825907666433,-0.02169958685279269,0.038602379438176904,-0.01,1.5694126031665256,-2.001435037535231,-206.9905277468478,0.0,-9.88770623289344e-05,5.999999999992211,0.0,1.5708128063052833,67.0,0.05062184147854729,0.056632261746609965,0.05369839306794586,0.22824208619238132,0.3520225615211114,0.04529856694968537,0.1335221170294462,0.20454775095635064,-34.845742511630554,0.14942050226649434
89.4,-2.0086575233478428,93.19354891483738,5.147,0.03,5.95,0.01,1.567810949697394,-0.031536243820178826,-0.009369051991025187,0.009987850922449458,-2.000570165786573,-206.3651684140757,0.0,-0.09764563528814757,5.971432747261592,0.0,89.332,0.004140070569907774,-0.017125484105039446,-4.914069078950725,1.5739646437687347,-0.001488090979426301,-0.011208786763114775,-4.95485909789214,-0.036688732531976506,0.05876423768360173,-0.01,1.571909489086619,-2.001444925241403,-206.3905277469302,0.0,-9.887706089807896e-05,5.999999999992211,0.0,1.5708128063050448,68.0,0.0508393412064375,0.056846792821111235,0.05374478378978203,0.2285199085207765,0.35213995427264433,0.04539542259898653,0.13357576149338285,0.20483182268992312,-34.82788297357051,0.14960459545534086
89.5,-2.0086576573061805,93.79272159065546,5.145,0.03,5.95,0.01,1.5688257341415175,-0.036087803392712246,-0.013769512702468008,0.013954219709164856,-1.9985180075335367,-205.76793231390488,0.0,-0.10376837363777275,5.969836436939408,0.0,89.431,5.74138560055288e-05,-0.013901251565884565,-4.964444213595395,1.5689473305231838,-0.00372458457997542,-0.008789249888095648,-4.958550793693433,-0.0313028920632865,0.053392004004650495,-0.01,1.5710133527765353,-2.001454812947468,-205.7905277470126,0.0,-9.887706015200909e-05,5.999999999992211,0.0,1.5708128063049205,69.0,0.050818681196084625,0.05687543752335907,0.0537738775730865,0.22852260134857777,0.3521391038197924,0.04539817622305402,0.13356775368770946,0.20483485065691573,-34.82623778738059,0.14960495573142157
89.6,-2.008657790522072,94.39189426529224,5.145,0.02,5.95,0.01,1.5700078984398882,-0.020235847679293373,-0.0071463996750227715,0.004947987157537433,-1.996770720519286,-205.17068277567324,0.0,-0.11062393304779704,5.970981787369329,0.0,89.53,-0.006316810878384203,-0.013597345699919716,-4.931654404606238,1.5699694516896323,-0.006778547142387434,-0.007152763053279046,-4.954612803859275,-0.02360595894559643,0.04643894964706696,-0.01,1.5713976767863185,-2.0014647006534667,-205.190527747095,0.0,-9.887705960045029e-05,5.999999999992211,0.0,1.5708128063048286,70.0,0.05087045967929512,0.056923623798175095,0.05381099180133224,0.22858348407101586,0.35216785614695945,0.045425941135897006,0.13358337373689125,0.20490436741314383,-34.82011723428354,0.14964779768733144
89.7,-2.008657922058564,94.97997114908128,5.143,0.02,5.96,0.01,1.570456785763616,-0.007067671981311136,-0.00277528227999629,0.00591481676467004,-1.9954291676731384,-204.5731857815423,0.0,-0.11342628043695288,5.97417437505024,0.0,89.629,-0.004255984301667435,-0.007481771863087114,-4.947340308925014,1.5654545116149612,-0.005279205004989198,-0.004213289793679535,-4.9513664890112,-0.009132739350488625,0.03828618567457376,-0.01,1.5689846011747666,-2.001474588359407,-204.5905277471774,0.0,-9.887705923141216e-05,5.999999999992211,0.0,1.570812806304767,71.0,0.050725844219197035,0.056763922359911484,0.05377192940132138,0.22837823821602893,0.3520879621841865,0.04533417998901861,0.13352661345228153,0.2046937717259551,-34.83427901737036,0.14951794750272565
89.8,-2.0086580559438154,95.57914382388205,5.14,0.01,5.96,0.0,1.5707746201376889,-0.0005043777509457182,0.003768737023729132,-0.001985168993392235,-1.9945430094961993,-203.9753114141069,0.0,-0.1150407484842954,5.9782884490403205,0.0,89.728,-0.004812450937789256,-0.004212308915124197,-4.989082551505041,1.5646979240484316,-0.0007400844784071634,-0.0006275192195658551,-4.957073111468397,0.02333685146242434,0.03935689974898704,-0.0,1.5652396464859617,-2.001484476065324,-203.9905277472598,0.0,-9.887705919144413e-05,5.999999999992211,0.0,1.5708128063047604,72.0,0.050637959451739184,0.056664849662674266,0.05370618764315175,0.22827990873760848,0.3520534568631716,0.04526736836019497,0.13349265303653438,0.20458223899144087,-34.84495691989793,0.14945916802873757
89.9,-2.0086581886557617,96.18941213505111,5.136,0.01,5.97,0.0,1.5698168493716531,-0.002182474222748638,0.01592128047368595,-0.019372795227400878,-1.994097040532472,-203.37700830640068,0.0,-0.1095888251778775,5.982977796612839,0.0,89.827,-0.0007457748924457537,-0.01083433896170298,-4.915416248671679,1.5760246400000408,-0.0013713563395817078,-0.0033912382742601003,-4.952693363312909,0.005933402805462474,0.01653870584195083,-0.0,1.5681347946532718,-2.001494363771245,-203.3905277473422,0.0,-9.887705937263252e-05,5.999999999992211,0.0,1.5708128063047906,73.0,0.050613291055009696,0.05661215544316874,0.05365566462338288,0.22822907577672405,0.3520329315142174,0.04524895084390206,0.13348598335455422,0.20452724292651508,-34.85063238331323,0.14942679993910102
90.0,-2.0086583228880563,96.78858480699833,5.133,0.01,5.97,0.0,1.5689377432598284,0.009225412200878587,0.003641690570895941,-0.0010721913474671608,-1.9939937776188779,-202.77826848059618,0.0,-0.10429452418821995,5.987506124596875,0.0,89.926,-0.004266197622276317,-0.01179418589646905,-4.903329726545319,1.5740596253669374,-0.005053423014443266,-0.010345104885846484,-4.943332241916641,-0.01476055607307205,-0.0038608962706625505,-0.0,1.5715942557368756,-2.001504251477193,-202.7905277474246,0.0,-9.887705978163869e-05,5.999999999992211,0.0,1.5708128063048588,74.0,0.050613375001330264,0.05673507743664596,0.053652050536268994,0.22838787465875518,0.3520933169143927,0.04528647131225198,0.1335079065470742,0.20466507596893385,-34.84285625512366,0.14952633309077487
90.1,-2.008658456777752,97.38775747942131,5.132,0.0,5.97,0.0,1.5694564987814539,0.020073848340234318,-0.0039596389978782,0.011734991966194208,-1.9941491003013803,-202.17914561840627,0.0,-0.10743021643372869,5.990751783458385,0.0,89.992,-0.006310046782684327,-0.009228908573435474,-4.926847316658251,1.573635928489998,-0.00759219401163928,-0.010663455089782971,-4.941611956718575,-0.015467424650749746,-0.004220990131591051,-0.0,1.5733890125057999,-2.00151413918318,-202.190527747507,0.0,-9.88770599908047e-05,5.999999999992211,0.0,1.5708128063048936,108.0,0.050528962367000524,0.05671991310698371,0.05365267571234403,0.2283481716090142,0.35207231070299,0.04530506642354506,0.1335169078559388,0.2046260473598191,-34.846006840968315,0.14949674446355654
90.2,-2.008658589925002,97.98693015028326,5.131,0.0,5.97,0.0,1.5707772574504073,0.013747987480547393,-0.0046499280879312025,0.013866886066262612,-1.9945800654460906,-201.5797757086762,0.0,-0.11536574701909036,5.992266230687015,0.0,90.124,-0.004705296136783898,-0.009340912295141168,-4.9196822034424414,1.568437092116933,-0.0055151850586979715,-0.010396306992282372,-4.93540223995293,-0.003473511260585046,-0.0033651011611350867,-0.0,1.571378482553893,-2.001524026889176,-201.5905277475894,0.0,-9.887706027857451e-05,5.999999999992211,0.0,1.5708128063049416,76.0,0.05484398309742518,0.060365698529065696,0.05548835007328854,0.23235622464210262,0.3535329977638885,0.04745087108328518,0.13463433425334406,0.2090838217990051,-34.436241858218374,0.15197231020245994
90.3,-2.0086587240842135,98.58610282007395,5.131,0.0,5.97,0.0,1.5715626757035517,0.006486615232283783,0.00485044552410311,-0.0002880096372716461,-1.995341012582882,-200.98030331861096,0.0,-0.12009949851684561,5.992668894848936,0.0,90.223,-0.0038017422518791155,-0.0065631412219468305,-4.914381176283203,1.5697391054614496,-0.004678541322908927,-0.010367872818825466,-4.936411808195452,0.005015751867103811,-0.0008762026307298498,-0.0,1.5699560442246447,-2.0015339145952122,-200.9905277476718,0.0,-9.887706055968298e-05,5.999999999992211,0.0,1.5708128063049884,77.0,0.051198038462022255,0.05705561705597793,0.05481443459423,0.2283726300105107,0.35207214764034045,0.045531407597364244,0.13353930397792918,0.20489591488658862,-34.74614499414663,0.149494990943296
90.4,-2.0086588552216824,99.17417969915027,5.132,0.0,5.97,0.0,1.5715202399322317,0.0017937227511010516,0.006786636442683318,-0.001608409806144509,-1.996446946698213,-200.3808187006574,0.0,-0.11980208762957109,5.992621084570094,0.0,90.322,-0.003517733983795209,-0.004493278777129989,-4.9151175676059164,1.57068881490372,-0.003922891944259684,-0.005445908855639,-4.93246303057456,0.003172431753656607,0.011104092217625094,-0.0,1.570265917792271,-2.001543802301263,-200.39052774775413,0.0,-9.887706051971495e-05,5.999999999992211,0.0,1.5708128063049818,78.0,0.050629476122404954,0.056644901187565676,0.05437544918549016,0.2284847706612083,0.3522386018150978,0.045302624650331934,0.13355180429671706,0.20489441342097953,-34.80990953219244,0.14966931350923787
90.5,-2.008658988695693,99.77335236799384,5.131,0.0,5.97,0.0,1.571274299380837,0.0,0.0,0.0,-1.9978667794113059,-199.78135495287646,0.0,-0.11824255731799352,5.992560561936925,0.0,90.421,-0.002913070143395888,-0.004309310816404913,-4.912115623609153,1.573021096547903,-0.0036386036854385894,-0.003673276044469583,-4.927948135069373,-0.004206398977393993,0.013394881395190517,-0.0,1.571499338775186,-2.00155369000731,-199.79052774783653,0.0,-9.887706045976291e-05,5.999999999992211,0.0,1.5708128063049718,79.0,0.05055965625086852,0.05663940111819077,0.054089914194385476,0.22863741784667482,0.3522907925381446,0.04527657023965007,0.1335752673023211,0.20496621061109083,-34.82862316375445,0.1497618498461328
90.6,-2.008659122549254,100.37252503743102,5.131,0.0,5.98,0.0,1.5711432983251312,-0.007096863575017943,-0.0005426294495473446,-0.00179058566909546,-1.9995689927908973,-199.18188380178432,0.0,-0.11737251966848382,5.992996584128695,0.0,90.52,-0.0011122774959391334,-0.0027034528417780035,-4.924860546996602,1.5751715360184768,-0.0031763002309626886,-0.002576332032586886,-4.928675786851837,-0.009856758460340967,0.006291678292218883,-0.0,1.5724428803012023,-2.001563577713383,-199.1905277479189,0.0,-9.887706091539844e-05,5.999999999992211,0.0,1.5708128063050477,80.0,0.050541231713846495,0.056681444258071555,0.053901110048180136,0.2286219264640343,0.3522385488493145,0.045270626525730204,0.13356355877706536,0.20490116630558358,-34.838062008580096,0.14971533933987044
90.7,-2.008659256770141,100.97169770583757,5.133,0.0,5.98,0.0,1.5717549998105989,-0.002991767968305327,0.0008785399573379463,0.008359395568094806,-2.0015429975155365,-198.5823424485698,0.0,-0.12095744840963535,5.993886176877615,0.0,90.619,-0.0012706011532909488,-0.006791996251034618,-4.971044110256375,1.572332931236728,-0.0022819435239406485,-0.005127723854708614,-4.935925409921431,-0.009862083473097263,-0.0007965897834418811,-0.0,1.5724457228520627,-2.001573465419501,-198.5905277480013,0.0,-9.887706166946192e-05,5.999999999992211,0.0,1.5708128063051734,81.0,0.05043169689197229,0.056561546062783005,0.05377805942048814,0.22828347715993458,0.35204514287826405,0.045190525272154995,0.13347803017215137,0.20454234090086837,-34.85414950974383,0.14945057688936605
90.801,-2.008659390171065,101.57087037328411,5.134,-0.01,5.98,0.0,1.5722778698571513,0.0021227031631883466,-0.0006246782051426413,-0.0007623584374072992,-2.004278043193509,-197.86273609142123,0.0,-0.12486930313039288,5.995337495142243,0.0,90.718,0.003189448860445029,-0.0027567329397817225,-4.966431594468974,1.5739720999021274,-0.0004734745986431767,-0.003527276650456301,-4.9415942317216235,-0.006459231818423871,0.0037958212326163476,-0.0,1.5735469537882338,-2.001585330666977,-197.8705277481002,0.0,-9.887706311630456e-05,5.999999999992211,0.0,1.5708128063054145,83.0,0.05072072398892237,0.05686093338717159,0.05374115552538644,0.22867837679734238,0.3522132860142603,0.04536394398214821,0.1335957272918499,0.20494757400870878,-34.828940496462785,0.14971192548041615
90.901,-2.0086595241065908,102.17004304012222,5.137,-0.01,5.98,0.0,1.5727313842533641,0.0,0.0,0.0,-2.0068646752856942,-197.26292187279498,0.0,-0.1280355216907521,5.9965756741195095,0.0,90.817,0.0045276954392230616,-0.0017769928111013716,-4.967474866478498,1.5721908845398074,0.0027408000719166105,-0.0018743132945121103,-4.94642882835617,9.403329460704393e-05,0.0076995637542340845,-0.0,1.572450711348165,-2.0015952183733177,-197.2705277481826,0.0,-9.887706315227579e-05,5.999999999992211,0.0,1.5708128063054205,84.0,0.05071573045890241,0.05681608501818871,0.05368438784481274,0.22856155957196117,0.3521602326510913,0.04536234623702195,0.13358284877376603,0.2048415022485266,-34.83388033836015,0.14963254691891903
91.0,-2.008659658176871,102.76921570659354,5.139,-0.01,5.98,0.0,1.5731426927403103,-0.003125725251656926,0.003947770428251567,-0.0011292313694653503,-2.009128946147735,-196.7829753604231,0.0,-0.1291654816519178,5.997676727954926,0.0,90.916,0.007374351850384342,-0.0011287059824925255,-4.997281363050047,1.5630625967593157,0.010922809140991925,-0.0007873827021015378,-4.956521937348645,0.03954228446666453,0.009470937053985828,-0.0,1.5658639971768484,-2.001603128538348,-196.7905277482485,0.0,-9.887706289781267e-05,5.999999999992211,0.0,1.5708128063053781,84.0,0.05046118133335746,0.05654787448566105,0.053591613608874995,0.22812763918490436,0.3519708653831375,0.04519675495237233,0.13345753301228816,0.20439542359419038,-34.86194108360674,0.14934349890513599
91.1,-2.0177487523889717,103.36838853318685,5.14,-0.01,5.98,0.0,1.5723266491575654,-0.0024035544432866743,0.019002173109575467,-0.025140091076089055,-2.012155351639771,-196.1829083149426,0.0,-0.12429271401208876,5.999463982047749,0.0,91.015,0.008085533954335358,-0.001717086947125232,-4.955127299360134,1.5669341708651912,0.014824721379752707,-0.00011487066155823826,-4.958549229028902,0.046333803986555365,0.009684187850046655,-0.0,1.5647303378049842,-2.001614993785881,-196.0705277483474,0.0,-9.88770628471865e-05,5.999999999992211,0.0,1.5708128063053697,85.0,0.05050032142798481,0.056542331133063214,0.053576986274988116,0.22810550356336204,0.351964257651389,0.04521169358726312,0.1334620794477983,0.2043849944401483,-34.861224639086345,0.1493316430519347
91.2,-2.017748886651251,103.96756119876608,5.141,-0.01,5.98,0.0,1.5701368942416762,-0.0013523937978598905,0.01853372622918694,-0.022546308081481507,-2.0152532065901196,-195.58266666562784,0.0,-0.11110972848130855,6.001772092535146,0.0,91.114,0.014070058920817474,0.0021488366525350133,-4.966127311480263,1.5709601789854999,0.015501190919382533,0.002935815374230393,-4.958368653332682,0.025165780809508355,0.015879660802881723,-0.0,1.5682669650789256,-2.0016229039509077,-195.5905277484133,0.0,-9.887706264068502e-05,5.999999999992211,0.0,1.5708128063053353,86.0,0.0507626394968721,0.0567903073840413,0.05362629920363344,0.22843149881215874,0.35210252481139176,0.045327307128907125,0.13353130738826252,0.2047200770002439,-34.83747564223684,0.14954782827159868
91.304,-2.0177490189484892,104.55563807459319,5.142,-0.01,5.99,0.0,1.5687110380411635,-0.006488029119706632,0.002055039684190043,-0.008825348024681379,-2.0187954691697607,-194.86210551487562,0.0,-0.10291793685320373,6.0046294839913115,0.0,91.279,0.019502171639897224,0.004414928531586912,-4.944814527325063,1.5683106642921205,0.020540520536493558,0.004191423145990244,-4.953981674131832,0.032222597706969565,0.009037827996501768,-0.0,1.5670919834157264,-2.0016347691984375,-194.8705277485122,0.0,-9.887706282986702e-05,5.999999999992211,0.0,1.5708128063053668,25.0,0.05163217234657089,0.05762022766449033,0.05383252579014627,0.22967957726244556,0.3526497173720599,0.045840738283226774,0.13389063508034083,0.2060265195128982,-34.7516984617969,0.15038288326720298
91.4,-2.0177491503482443,105.14371495082071,5.141,-0.01,5.99,0.0,1.5687645890892037,-0.0008182293168857225,0.009195935139778769,-0.0024225220231084994,-2.020961390229767,-194.38153795312942,0.0,-0.10279413731247397,6.006697193593302,0.0,91.312,0.01987872569962865,0.00429928701729658,-4.91455983072341,1.5689283413082005,0.02277512604329532,0.004906915896191055,-4.949491504359408,0.02871588816693197,0.010415710257335675,-0.0,1.5676772383222322,-2.0016426793634583,-194.3905277485781,0.0,-9.887706266999491e-05,5.999999999992211,0.0,1.5708128063053401,88.0,0.05490146513973074,0.06026405121726733,0.05544875662272334,0.2321926116144177,0.35346578765121095,0.04737381417436084,0.1345807806785274,0.20892822808029604,-34.443132184057774,0.151862929273396
91.5,-2.0268382427513423,105.7428874466836,5.139,-0.01,5.99,0.0,1.5684878547352292,-0.0014667326159313943,0.006663795037362352,-0.0022532512477806514,-2.023399947770429,-193.7805786499848,0.0,-0.10113583518363468,6.009560099289109,0.0,91.411,0.022010073224127638,0.006002658177141379,-4.942629703605199,1.5655465957829073,0.025524025206367366,0.006818162950908509,-4.947680756181084,0.032711396785740546,0.014092539854423158,-0.0,1.5670136921479119,-2.001652567069721,-193.7905277486605,0.0,-9.887706277524405e-05,5.999999999992211,0.0,1.5708128063053577,89.0,0.051083138282006016,0.05671249760479135,0.05474578650092517,0.2279139387788835,0.3518814888664528,0.0453658584614329,0.13343538672486116,0.20445130478184914,-34.772547842705976,0.1491931366744686
91.6,-2.0268383777974535,106.34206010985731,5.136,0.0,5.99,0.01,1.5684414893065135,-0.003909540913202173,0.00585379279286621,-0.0019223954057239353,-2.0254885822512136,-193.1793187671884,0.0,-0.10074049105442241,6.012638449116201,0.0,91.477,0.023030364224939953,-0.012068182547560119,-4.954015367357379,1.5652347229116366,0.028297484386258148,-0.0040112103314091305,-4.948875037689028,0.028687603689956695,-0.012964616072379087,-0.01,1.5659967260626315,-2.0016624547759814,-193.1905277487429,0.0,-9.88770627033016e-05,5.999999999992211,0.0,1.5708128063053457,73.0,0.05047898430201619,0.05645551560906215,0.054315410366580004,0.2282310875052542,0.3521316269971449,0.045185932852695204,0.13347689141791935,0.20462947800798495,-34.828013019822016,0.14950080346777803
91.7,-2.026838512500966,106.94123277274736,5.135,0.0,6.0,0.0,1.5680964766677954,0.01872284562846505,0.003388191985453787,-0.005585679111197162,-2.027462273171982,-192.45739202172558,0.0,-0.09776247658681177,6.016269063219898,0.0,91.609,0.02600453475704564,-0.012982409360801528,-4.907848952385929,1.5690155244467618,0.028661315477236042,-0.016713694403310667,-4.940533834459025,0.019211590309963892,-0.04647341892937451,-0.0,1.5675694118958012,-2.001674320023507,-192.47052774884176,0.0,-9.887706255275536e-05,5.999999999992211,0.0,1.5708128063053206,91.0,0.054656489801315745,0.06014474805095717,0.055949740442132204,0.23245447993101678,0.3536813481379782,0.04734629750501135,0.13464989527918292,0.20923294349788157,-34.430235500808834,0.15212052089998002
91.8,-2.02683864741676,107.54040543504931,5.134,0.0,6.0,0.0,1.5678494633783142,0.03639509016946095,-0.001330135746801879,0.0038651663387074633,-2.028427123734181,-191.97591946100982,0.0,-0.09721998168909586,6.017388158860552,0.0,91.708,0.02819805253391671,-0.016899527019072727,-4.902585215361136,1.571533597039149,0.028361580282617566,-0.022415184331110942,-4.93186651506849,0.003020622003389144,-0.05072257400130109,-0.0,1.5702885976157819,-2.0016822301885204,-191.99052774890768,0.0,-9.887706298041327e-05,5.999999999992211,0.0,1.5708128063053919,92.0,0.05113600404732492,0.05710679192221098,0.055126973817352876,0.22877346517831176,0.35229724740543494,0.045565867514206944,0.13363482734890378,0.2053002240978659,-34.73160836416578,0.14980186213258506
91.903,-2.026838782467312,108.13957809622497,5.133,0.0,6.0,0.0,1.568407546323959,0.030229704753959037,-0.006386415717287401,0.00839129066933594,-2.029351302573262,-191.25372544441382,0.0,-0.1017376712343825,6.015577342786287,0.0,91.873,0.028028927666451108,-0.002825286811625985,-4.91178714108282,1.5666559223916499,0.0296849954194527,-0.012236531577497985,-4.9302991792624145,0.013631908183459685,-0.01110694764664455,-0.0,1.568520132426137,-2.001694095436093,-191.27052774900656,0.0,-9.887706291113535e-05,5.999999999992211,0.0,1.5708128063053803,30.0,0.0631084863582015,0.06845181886526172,0.05724106246353302,0.24615701159810105,0.35985760301641456,0.05241551051998097,0.13853193367745234,0.22397412298745137,-33.75779549491105,0.162028795548465
92.0,-2.026838917097738,108.73875075771795,5.132,0.01,5.99,0.0,1.569098847164076,-0.007102350833705244,-0.0018284506836211858,0.0014283021783857738,-2.029647970921804,-190.7724635552478,0.0,-0.10452484049448865,6.012779156000923,0.0,91.906,0.029709736580010415,-0.0026983975953647765,-4.914601693055303,1.5694052152053803,0.029653886734913072,-0.005863966928092924,-4.928328273723578,0.001210492823951484,0.015213476223610911,-0.0,1.5689295355732662,-2.0017020056011092,-190.79052774907248,0.0,-9.887706276192137e-05,5.999999999992211,0.0,1.5708128063053555,94.0,0.0582444349069117,0.06303568347708087,0.058118184499693075,0.23495498997875283,0.3544503727624683,0.04890675090294984,0.13531088326326127,0.21228345443932428,-34.08392863495339,0.15356419688694373
92.1,-2.0268390523402857,109.33792341952048,5.132,0.01,5.99,0.0,1.569167199023303,-0.022002917711757747,-0.003374769152194517,0.0010522624377092935,-2.0296858903708146,-190.17118583745386,0.0,-0.10475700666008758,6.009678886526352,0.0,92.005,0.02965038339171291,-0.004799313971004429,-4.905271947337421,1.5699734846910263,0.02929961748605526,-0.0027962266728232613,-4.922392360791074,-0.0022423040349289812,0.021023143219320417,-0.0,1.5695057492221296,-2.0017118933073754,-190.19052774915488,0.0,-9.887706272994695e-05,5.999999999992211,0.0,1.5708128063053501,95.0,0.05154540244139602,0.05704969091008911,0.056419113628716225,0.22865434640946164,0.3523340121664989,0.045576933006190874,0.1336178299685163,0.205447759697459,-34.658321021956745,0.14977825424843336
92.2,-2.026839187717595,109.93709607867778,5.132,0.01,5.99,0.0,1.5694396501083412,-0.02299281062531819,-0.0035239229592898824,0.005107142817309357,-2.029276788060854,-189.44990440683387,0.0,-0.10656585165080044,6.00844713171253,0.0,92.104,0.02604972241204602,-0.012430368134674144,-4.945670632292501,1.5663660740695138,0.029263396556967518,-0.007436833120528117,-4.923062997218338,0.004929919478946597,0.006595397507473955,-0.0,1.5683065992678022,-2.001721781013635,-189.59052774923728,0.0,-9.887706270196933e-05,5.999999999992211,0.0,1.5708128063053455,96.0,0.05082215928997843,0.05684166777653278,0.05544282829493182,0.2295368410113375,0.3528625031087333,0.045395963980562046,0.13376673940386416,0.2060412158779456,-34.74637445165273,0.15049866569621895
92.3,-2.0268393219526253,110.5362687384143,5.131,0.02,5.99,0.0,1.5695303810669594,-0.004810678289173906,0.0008074659160943634,-0.0011108668612607976,-2.0287537965649496,-188.9690524188433,0.0,-0.10665646982647073,6.008942052864034,0.0,92.236,0.03027727381443438,-0.00923810503523513,-4.925808526685317,1.5687632511520857,0.029731952745456508,-0.00991345429825018,-4.928318262116115,0.004491299193015944,0.0005323271247039685,-0.0,1.5667080152052242,-2.0017316687198923,-188.99052774931968,0.0,-9.887706268864665e-05,5.999999999992211,0.0,1.5708128063053433,64.0,0.05065556060668706,0.05689349325542028,0.0548151424106386,0.2296469727678216,0.3528206891618897,0.045369603933276915,0.13377288672993917,0.20598131221989985,-34.78209091596624,0.1505039648682898
92.4,-2.0268394571220902,111.13544139768057,5.131,0.02,5.99,0.0,1.5689958994651703,0.0040207411123157275,0.003667124893636159,-0.00982669785046201,-2.027834582582051,-188.36789600299025,0.0,-0.10317830413508375,6.010118206973434,0.0,92.335,0.03029231043208659,-0.010496390392964669,-4.926451182203632,1.5688961134699426,0.029647816109688474,-0.010441003958259556,-4.929569985659839,0.002414200966174288,-5.156953303320222e-05,-0.0,1.5670543753223225,-2.0017415564261465,-188.39052774940208,0.0,-9.88770627112952e-05,5.999999999992211,0.0,1.570812806305347,65.0,0.05058368261532295,0.05679360785519812,0.05435458633825176,0.22921236674715562,0.3525273250357873,0.045282057089091235,0.133671110746855,0.20547089840537813,-34.81211385081582,0.15012889390926892
92.5,-2.0268395920264766,111.73461405568241,5.132,0.02,5.99,0.0,1.5684774302088214,0.004623620040139177,0.0016205207324246794,-0.0025380047374058087,-2.0266196753336696,-187.7666397948732,0.0,-0.09997072231562737,6.011036653416987,0.0,92.434,0.028067950765575674,-0.011745683668713841,-4.951278692421833,1.5657703374963134,0.02984028429999034,-0.011379044279077728,-4.933966027291822,0.007720389776525113,-0.0016802175215913095,-0.0,1.5661672834596598,-2.001751444132381,-187.79052774948445,0.0,-9.887706213442332e-05,5.999999999992211,0.0,1.5708128063052509,66.0,0.050602801522694515,0.05677314602267265,0.05407543853801541,0.22888454878542663,0.3523177984978011,0.04528340000935434,0.13362208269855386,0.20512940179648748,-34.825069076164574,0.1498563360354101
92.614,-2.026839762428178,112.48912777282426,5.133,0.02,5.99,0.0,1.568020953624744,0.004771097866356319,-0.00014674884939182013,-0.007987221876968806,-2.0247675418601854,-187.04505379262923,0.0,-0.09743531415930316,6.011544407198003,0.0,92.566,0.02626204882914035,-0.01788638770001777,-4.98092008912369,1.5566968544242357,0.03160349293878427,-0.017077379153572873,-4.9408785237954245,0.033249449488021776,-0.014908941120105546,-0.0,1.5618846567796023,-2.0017633093798297,-187.07052774958333,0.0,-9.887706174273664e-05,5.999999999992211,0.0,1.5708128063051856,48.0,0.05357330340171414,0.059645223183539244,0.054536977155487436,0.23308034560948399,0.35412883339874335,0.04709192993351337,0.1348705349509455,0.20954332257985306,-34.54243512994632,0.15266357848407236
92.7,-2.0268398620844827,112.93295937102819,5.133,0.03,5.99,0.0,1.5671716465756784,0.013181040837193618,0.012339061374501433,-0.02000713070208361,-2.0232775184508025,-186.56398634807772,0.0,-0.09184896374624608,6.011535423770326,0.0,92.632,0.02262127699132928,-0.021499962211645823,-4.966447327085167,1.5734733480338472,0.025353332579338653,-0.021444738756358432,-4.94383741715974,-0.010693306711195373,-0.022807803831826234,-0.0,1.5675608644056893,-2.0017712195447577,-186.59052774964925,0.0,-9.88770615921904e-05,5.999999999992211,0.0,1.5708128063051605,68.0,0.05465710338500539,0.06023477941460039,0.05562911826703865,0.2323460573474502,0.3535176865470122,0.04735031541220838,0.1346334103899886,0.20903787903006382,-34.43997726660193,0.1519355773813484
92.8,-2.02683999739315,113.5321320279296,5.133,0.03,5.99,0.0,1.5664356942896285,0.01446533530891884,-0.007056282968293551,0.007471986447232066,-2.0210953985279363,-185.9627153722663,0.0,-0.08757239038627633,6.010480875509384,0.0,92.731,0.023283613822526198,-0.017913220086374082,-4.942362193491512,1.5678936490849797,0.023020147195186746,-0.021618489864722923,-4.943661341865813,-0.014158550025521997,-0.018158270330682846,-0.0,1.5681436421568575,-2.0017811072508858,-185.99052774973165,0.0,-9.887706097401822e-05,5.999999999992211,0.0,1.5708128063050575,47.0,0.044415965222137636,0.049759375621692276,0.05434787834909792,0.21567947628587747,0.34615933418250094,0.04081229963797378,0.12983800012675192,0.19226993652120009,-35.38874225117951,0.14085314374822308
92.9,-2.026840136897519,114.15349626368916,5.133,0.03,5.99,0.0,1.5672052917678396,0.007771412796931258,-0.008713573233712012,0.008632610126272927,-2.0185911253220543,-185.36162434904892,0.0,-0.09191181918779785,6.007988972546552,0.0,92.83,0.018991935441984704,-0.02180882635212577,-4.926691590603727,1.570705297788983,0.01847426768764939,-0.024324812578051615,-4.942645914522911,-0.02287379097356614,-0.02017404634482034,-0.0,1.5696026227075457,-2.001790994956992,-185.39052774981405,0.0,-9.887706135904356e-05,5.999999999992211,0.0,1.5708128063051217,70.0,0.06623146451721681,0.07057045842728968,0.058698800246786684,0.24773699536444105,0.3602235739268969,0.053612407777152565,0.13903599725862945,0.22615228653137828,-33.50282895829093,0.1628468275892
93.0,-2.026840272475699,114.7526689194772,5.135,0.03,5.98,0.0,1.5679256902684013,0.004807921853987284,-0.01147328170959516,0.009119939532122279,-2.015306493793499,-184.64068721849492,0.0,-0.09697726468783197,6.003978264090629,0.0,92.929,0.016340668506662687,-0.025773388591127003,-4.930491377639479,1.5662313118440059,0.016620633674950917,-0.027481095893978756,-4.937599743814424,-0.016856349924645533,-0.014565466832044294,-0.0,1.5685930289909296,-2.001802860204338,-184.67052774991285,0.0,-9.887706133382415e-05,5.999999999997895,0.0,1.5708128063051174,71.0,0.05252735751294032,0.057967646419938214,0.05678869173905268,0.22974609086416103,0.3525999187746436,0.046121109202064164,0.13399749791067062,0.20653678197578984,-34.5516415155608,0.15025680013914802
93.101,-2.0268404069891304,115.35184157486374,5.138,0.03,5.98,0.0,1.5686878883887567,0.004680679524260051,-0.0058385360146669,0.0036034521239358044,-2.0124562909208765,-184.04028657813836,0.0,-0.10043791730099383,6.0001584429338815,0.0,93.028,0.012739453606407701,-0.03290667523235177,-4.966348333300704,1.5677105101095683,0.013965182027631466,-0.032853008602006205,-4.942925788586299,-0.011584669734809358,-0.025124069222596468,-0.0,1.5677038574009017,-2.001812747910492,-184.07052774999522,0.0,-9.887706142032787e-05,5.999999999992211,0.0,1.5708128063051319,73.0,0.051026764297456784,0.05701663060855401,0.05566989981084413,0.22972483156967602,0.352874357510312,0.04553816628503798,0.13395604670664155,0.20626552205147716,-34.70830173642267,0.15049089947742864
93.2,-2.017751571027347,115.9510142323872,5.139,0.03,5.98,0.0,1.5687725109190236,0.00842951563069714,-0.0034784848763228407,0.0015504291881978344,-2.010156992899333,-183.56024949326027,0.0,-0.10073597382119792,5.996798093042439,0.0,93.127,0.009395130086032258,-0.0352657634329621,-4.991430983586493,1.5654094127166551,0.009866981000264584,-0.038065807015647796,-4.951083773678473,-0.013436170517258171,-0.033166134782157464,-0.0,1.568011014976158,-2.0018206580753883,-183.59052775006114,0.0,-9.887706112456446e-05,5.999999999992211,0.0,1.5708128063050826,73.0,0.050431867499606216,0.05673143416638054,0.05486589301375827,0.2294705332399323,0.3527956338118048,0.04530018458809897,0.13384727858617487,0.20586078066900226,-34.787347283501425,0.1503665952112362
93.3,-2.0177517088916765,116.5501870694233,5.14,0.03,5.97,0.0,1.5686314304501305,0.01153367176238701,-0.0074016678718147886,0.0013333380347876603,-2.007297373086441,-182.96061341527573,0.0,-0.09968725923945633,5.991938814267396,0.0,93.226,0.00878997885044971,-0.03132396933309805,-4.9103113488042105,1.5751814662366255,0.004294974877556623,-0.034723012598109185,-4.943072740016165,-0.04213552172490348,-0.011817744541733788,-0.0,1.5728331065413523,-2.001830545781509,-182.99052775014354,0.0,-9.887706112989353e-05,5.999999999992211,0.0,1.5708128063050835,74.0,0.050414019104349214,0.056760365544709486,0.054407437610565386,0.22922856834783445,0.35264657017715617,0.04530345206795254,0.13378737304608998,0.20558028564672698,-34.81124136051752,0.15018439913763526
93.4,-2.0177518407140127,117.13826393426794,5.142,0.03,5.97,0.0,1.5693419855695705,-0.0019485179246868081,-0.012318330465613214,0.014415708137316356,-2.0045124183247407,-182.36151121816744,0.0,-0.10365694084868361,5.986196025993183,0.0,93.325,0.006033455750316937,-0.01565004372757199,-4.911815411275746,1.568813847903705,0.003695798575185774,-0.024820996704662722,-4.937463168683987,-0.029637333561372606,0.016205600821744603,-0.0,1.5707357431025935,-2.0018404334875606,-182.3905277502259,0.0,-9.887706031054894e-05,5.999999999992211,0.0,1.570812806304947,75.0,0.05041770373089289,0.05663924793158525,0.05412813307438329,0.22869867777858235,0.3523706187760973,0.04526583746338941,0.13366956422245596,0.20506449068087465,-34.831157892224084,0.14980460157454714
93.5,-2.017751974579184,117.73743658863754,5.143,0.03,5.96,0.0,1.5703324689846505,-0.01898749434037156,-0.004104489953587352,-0.000662327359210987,-2.0019129401920166,-181.76295611218046,0.0,-0.10947430100790242,5.980862589374416,0.0,93.424,0.0019478372039435834,-0.012649437642744885,-4.942371985921358,1.5711190105511468,0.0004292049823575756,-0.010792836416278522,-4.937318508900788,-0.030439879251997724,0.05365450919083514,-0.0,1.5708694735396158,-2.0018503211935763,-181.7905277503083,0.0,-9.887705996415935e-05,5.999999999992211,0.0,1.5708128063048892,76.0,0.050597516351661806,0.056679338020669184,0.0539518624323384,0.22853046770576327,0.35227723259897026,0.04525244840467077,0.1335936079979481,0.2049039189412666,-34.8348733859812,0.14968646301412186
93.6,-2.0177521092115214,118.33660924173492,5.143,0.03,5.96,0.0,1.5706304000803526,-0.03740478891934923,-0.004851951788315026,0.0010489951590581781,-1.9991780898736828,-181.04521217940615,0.0,-0.11146882611952462,5.977556403415064,0.0,93.556,0.0007388050151732928,-0.013283223602165134,-4.91540235499649,1.5721292891026486,-0.0020970842370128273,-0.00899752263058853,-4.9364050524205805,-0.03348182047581022,0.047431571892558644,-0.0,1.571375912270698,-2.00186218644079,-181.0705277504072,0.0,-9.887706038782046e-05,5.999999999992211,0.0,1.5708128063049598,44.0,0.050750979064454284,0.05683020442685166,0.05388159914994372,0.22863843878844983,0.35232214171662146,0.04536152513370534,0.1336278785624911,0.2050290658651281,-34.82655847357655,0.1497668425983068
93.7,-2.0086632704147327,118.93578189682447,5.142,0.02,5.96,0.0,1.5709715778965059,-0.022545534053702757,-0.0058685563709904905,0.002949499176735493,-1.9976413331904836,-180.56681728607563,0.0,-0.11290302582423382,5.977674183020985,0.0,93.622,-0.004584872253418081,-0.016601833278360525,-4.944856390316617,1.5685450905512095,-0.004267020279763448,-0.009182386577375395,-4.9373584982014105,-0.020091009712094203,0.03783514790435483,-0.0,1.570811500555069,-2.001870096605636,-180.59052775047311,0.0,-9.887706087276588e-05,5.999999999992211,0.0,1.5708128063050406,78.0,0.05509463856417029,0.06055893063220682,0.055699965455659195,0.2327069858694655,0.35379769097833885,0.04755443544703993,0.13474864261345704,0.20954925786050624,-34.4148161725675,0.15228499288806982
93.8,-2.008663404039549,119.53495454823558,5.14,0.02,5.96,0.01,1.571135509587128,-0.008952590189375042,0.0013493116793830077,-0.0006056081421622174,-1.9958360991490107,-179.84905543385116,0.0,-0.11328525918805361,5.980285274253863,0.0,93.721,-0.0019520938877341531,-0.008185075099344324,-4.9194539683094645,1.5723411955603823,-0.004472386933868184,-0.005624913973775939,-4.93419105437189,-0.019178347349059172,0.03924073316227794,-0.01,1.5706593673558027,-2.0018819618529275,-179.870527750572,0.0,-9.88770607195551e-05,5.999999999992211,0.0,1.570812806305015,79.0,0.05134977706478638,0.05710272393456398,0.05497248687540788,0.22846883370668428,0.3522196687156823,0.04557092547582306,0.13358755113767565,0.20509854107177883,-34.7345962930428,0.14963189865150736
93.9,-2.0086635317896437,120.1230312225612,5.136,0.01,5.97,0.0,1.5712303637436147,-0.004441155309633238,5.460960668470101e-05,-0.0017808401832250693,-1.99481564218963,-179.25062172209275,0.0,-0.11378452113824215,5.9834613790429625,0.0,93.82,-0.0009014099579593468,-0.004476540862084349,-4.917916786210461,1.5736514791112812,-0.005250869405422049,-0.0020092577625790797,-4.931484055077865,-0.017158523290035352,0.033053378893108665,-0.0,1.5719888065956003,-2.0018918495590037,-179.2705277506544,0.0,-9.88770606782548e-05,5.999999999992211,0.0,1.5708128063050082,80.0,0.050700485450729735,0.05666372432011117,0.054470901235592555,0.22854547181206916,0.35236206774373735,0.04529337376144465,0.1335621349295798,0.20503078902426752,-34.804791953303685,0.1497792681451246
94.0,-2.008663665928772,120.72220387268017,5.134,0.01,5.97,0.0,1.5714258840915298,-0.003072826013344157,-0.0006373014917846748,0.003987402401917508,-1.9942364932256869,-178.65185236163222,0.0,-0.11542285693889177,5.987023869637958,0.0,93.919,-0.003385041330096689,-0.024448338994624154,-4.961626739901805,1.5659235605806998,-0.003547863544907876,-0.01936521859433235,-4.93379828197939,-0.0020302948786691186,-0.015948376471812686,-0.0,1.5694577928241573,-2.001901737265078,-178.6705277507368,0.0,-9.887706060498008e-05,5.999999999992211,0.0,1.570812806304996,81.0,0.05050054525458218,0.056656599509406054,0.05414073556100509,0.2286971677014421,0.352400188870509,0.04525754863765402,0.13357702917405626,0.20507085064835426,-34.82760259811457,0.1498628098154219
94.1,-2.008663799725305,121.32137652251546,5.134,0.01,5.97,0.0,1.5714266781604402,0.031393715827112055,0.006105041875922153,-0.005732328096113452,-1.994085075635874,-178.05275193826614,0.0,-0.11413947740439324,5.99004891888764,0.0,94.018,-0.005069788903613053,-0.022427316121150676,-4.97305820035146,1.5583530825355987,-0.0007915976237034235,-0.024967403742136282,-4.941536339909366,0.028895387339898534,-0.02745801383304336,-0.0,1.564251176248928,-2.0019116249711537,-178.0705277508192,0.0,-9.887706075152952e-05,5.999999999992211,0.0,1.5708128063050204,82.0,0.05037234867374609,0.05665938891848501,0.05392497043811183,0.22861910323220988,0.3523059230089622,0.04525016558902322,0.13356048378421145,0.20492770036468008,-34.8408143390321,0.1497641502752931
94.2,-2.0086639337341126,121.92054917176267,5.134,0.0,5.97,0.0,1.5700496706438736,0.030693042280278932,0.013529323205023723,-0.02157136430328612,-1.9942254856880348,-177.5733319102677,0.0,-0.10713957496033787,5.991064256770064,0.0,94.117,-0.005578767356631825,-0.01862844292404095,-4.946761502526464,1.5702980231303807,-0.0025119494180396726,-0.023418189909624104,-4.940884362566306,0.013644347286884316,-0.018921843997745214,-0.0,1.5685035786539465,-2.0019195351360146,-177.59052775088512,0.0,-9.887706075552632e-05,5.999999999992211,0.0,1.570812806305021,83.0,0.050482874611095754,0.05679785802077291,0.053893974560927926,0.2286303310782449,0.35224396979416905,0.045347930124788334,0.1335845265987039,0.2049279808572273,-34.83241713080126,0.1497183800005336
94.3,-2.008664067000481,122.51972182058802,5.135,0.0,5.97,0.0,1.5689358843399694,0.015471911369188948,0.001769873923386251,-0.0026599630008150386,-1.9946237301416092,-176.97409634064036,0.0,-0.1001910978016652,5.989976590563905,0.0,94.216,-0.006127927560851703,-0.02037635234295275,-4.944605791057661,1.5716086534762737,-0.004570229894459883,-0.022744757296895256,-4.938855563295803,-0.0009599741443755194,-0.014147840686628221,-0.0,1.5709575084546128,-2.0019294228420907,-176.99052775096752,0.0,-9.887706071022922e-05,5.999999999992211,0.0,1.5708128063050135,84.0,0.05063315948075266,0.056899526214474624,0.05386481365197341,0.22867961628319344,0.3522441610726284,0.04539687763753456,0.13359915012868245,0.20498261639972876,-34.82385090302023,0.14973612317218704
94.4,-2.0086641988403002,123.1077986785856,5.137,0.0,5.97,0.0,1.5691925235467519,0.00350952218990633,-0.006551560737877542,0.0042300099468579695,-1.995187125027696,-176.3750897117752,0.0,-0.1016334046214443,5.987105539116694,0.0,94.315,-0.004443063583752694,-0.018270622078517082,-4.922071574389094,1.5724382720560277,-0.0062047573219540155,-0.020674317000647507,-4.934158659940442,-0.012308584283562775,-0.006521106873402793,-0.0,1.5728603178017757,-2.0019393105481655,-176.39052775104992,0.0,-9.887706077151354e-05,5.999999999992211,0.0,1.5708128063050237,85.0,0.05052488642890176,0.056733568922251086,0.053788850649101064,0.22840237436604283,0.35211936765811186,0.04531727164598835,0.13353703994498223,0.20470619228815917,-34.83915177939297,0.14954809364723298
94.5,-2.008664333276087,123.6958757317617,5.14,0.0,5.97,0.0,1.5701664807882647,-0.0034209961381517274,-0.01094795841576159,0.009164717885590907,-1.9959123654685649,-175.77640264276747,0.0,-0.10734542809759859,5.983608021137305,0.0,94.414,-0.0047503983573386295,-0.01717550113183121,-4.914510828573116,1.5742546304556768,-0.007829940982240501,-0.01851012743549945,-4.930207215109247,-0.020349574824222103,8.54897834150492e-05,-0.0,1.5742049037824744,-2.0019511757954565,-175.6705277511488,0.0,-9.887706074220365e-05,5.999999999992211,0.0,1.5708128063050188,86.0,0.05052845208599021,0.056687045679087854,0.05371554881143232,0.22834291015225217,0.3520940604812115,0.045273161645578326,0.13350777085778767,0.2046366018898913,-34.844983205127214,0.14950997633050972
94.6,-2.008664466314329,124.29504838039202,5.144,0.0,5.96,0.0,1.5716309869338314,-0.007823635529451003,-0.00922990958783411,0.01861114093729188,-1.9968602751297746,-175.1780417522193,0.0,-0.11590463339333365,5.980249252657529,0.0,94.513,-0.005176858450358855,0.0018518640522608848,-4.928387208364049,1.5739476385636055,-0.008371091861435092,-0.006220114271561444,-4.92839666868371,-0.022450389127753104,0.040809764802966164,-0.0,1.5745375359423608,-2.001959085960293,-175.1905277512146,0.0,-9.887706026525184e-05,5.999999999992211,0.0,1.5708128063049394,87.0,0.05060067601812107,0.05671080817257458,0.053691490141874465,0.22836667305241634,0.35209898539539525,0.045303483167577915,0.13352515686948324,0.20466572627236349,-34.84211443127679,0.14952240416639534
94.7,-2.0086646002094852,124.89422102801387,5.146,0.0,5.96,0.0,1.5727174470110352,-0.0326140361687038,-0.006947750188593292,0.008793005197954507,-1.9981200589336372,-174.57994543578835,0.0,-0.12225682656339676,5.977986047655919,0.0,94.612,-0.0019926863841747996,-0.016198335450165358,-4.906772528610237,1.5693266488839772,-0.004658487198879668,-0.0036536835839843405,-4.9251887944174815,-0.004249749941968708,0.03782613531150769,-0.0,1.5715048750480323,-2.001968973666324,-174.590527751297,0.0,-9.887706023993875e-05,5.999999999992211,0.0,1.5708128063049351,88.0,0.05075557134504937,0.05673542429543465,0.05367255232050793,0.2283769799811313,0.35209616549718126,0.04529563782826635,0.1335143312184814,0.20468130545525137,-34.84036747586419,0.14952392610891846
94.8,-2.0086647343169233,125.4933936754274,5.147,0.0,5.96,0.0,1.57302337867697,-0.022466909803291742,0.002512509397488363,-0.008936515528049277,-1.999758153929093,-173.98196178262992,0.0,-0.12380813570931852,5.977749434693889,0.0,94.711,0.00010408170271400701,-0.011289146965800911,-4.912214028490165,1.5709633296785672,-0.0023306063770866152,-0.006816584119560399,-4.91971934907264,-0.00198262881731427,0.022743946743276844,-0.0,1.5711277180030756,-2.001978861372356,-173.9905277513794,0.0,-9.887706050106321e-05,5.999999999992211,0.0,1.5708128063049787,89.0,0.050611221955135,0.056735159816638674,0.05371583508761847,0.2283146182087154,0.3520513221179902,0.04530105486864525,0.1334983763340236,0.20460746543522065,-34.842383275981945,0.1494671694958588
94.9,-2.0086648654882,126.08147053096481,5.148,-0.01,5.96,0.0,1.572645074632254,-0.005580230014561285,0.004170788102478069,-0.00528965351188371,-2.0017737211342115,-173.38389085902102,0.0,-0.1214758028077835,5.9795041874364365,0.0,94.81,0.0013823213159044753,-0.010927836591994061,-4.908306451778653,1.5715394454837066,0.0009163642038208836,-0.008697946986704203,-4.918138755967597,0.017161909858476203,0.013402274623540045,-0.0,1.5695973607622378,-2.0019887490784205,-173.3905277514618,0.0,-9.887706066892893e-05,5.999999999992211,0.0,1.5708128063050066,90.0,0.050611447350287324,0.05675272567635552,0.05371323890719879,0.2283715673909301,0.35208800943897334,0.045321318836163464,0.1335207422283292,0.2046688522380302,-34.84004029024623,0.1495159387746384
95.0,-2.0086649992327494,126.6806431785501,5.148,-0.01,5.97,0.0,1.572006303644974,0.004266667235760986,0.009362960543474012,-0.009468189580798245,-2.004107973041344,-172.7856152933699,0.0,-0.1175516215066109,5.9819250557291115,0.0,94.909,0.0019048476212145903,-0.0074223756815688935,-4.885386372226965,1.573961612910633,0.0020141464198449466,-0.007275847571341476,-4.912030566290873,0.006094035248313293,0.005060595457434758,-0.0,1.5714500380222383,-2.001998636784466,-172.7905277515442,0.0,-9.887706030521987e-05,5.999999999992211,0.0,1.570812806304946,91.0,0.050554191996470585,0.05664929413672577,0.053671343364124276,0.2282504850755589,0.35204185508143804,0.04527619551812314,0.13349642836927889,0.2045484638874725,-34.847921916699974,0.1494406287138649
95.1,-2.0086651328672716,127.27981582328923,5.148,-0.01,5.97,0.0,1.5717592465251242,0.006181213213868436,0.004349490779006866,0.0006628493285626712,-2.0072064049359706,-172.06741003824078,0.0,-0.11652772069876803,5.984257323514264,0.0,95.074,0.009340978184296883,-0.002956869289719208,-4.9281414673983255,1.5671851607772613,0.008433398763061453,-0.0031015800264020156,-4.916849369476024,0.02593343498823765,0.014542866979974534,-0.0,1.5681339016616351,-2.0020105020316685,-172.07052775164308,0.0,-9.887705950985609e-05,5.999999999992211,0.0,1.5708128063048135,26.0,0.05058121192791074,0.05667380844294632,0.05365021422783707,0.22829892397656354,0.3520617839011665,0.045276440490555875,0.13349869778613652,0.20458848179683423,-34.84746296712784,0.14947253720312806
95.2,-2.0086652669588574,127.87898846802095,5.149,-0.01,5.97,0.0,1.571564869899538,-0.0026695147539566064,0.014617256331374607,-0.010697047761269786,-2.0099417234491357,-171.46872371615927,0.0,-0.11362843760226907,5.985874302784545,0.0,95.173,0.010282397130785626,-6.356033314207366e-05,-4.889830650823927,1.5730907401077316,0.009982926474559818,-0.0002791420993008577,-4.913548218092506,0.01452033577930578,0.019573768899546096,-0.0,1.5700416261942367,-2.0020203897376287,-171.47052775172548,0.0,-9.887705972301891e-05,5.999999999992211,0.0,1.570812806304849,27.0,0.05479929525768085,0.06020107148862796,0.05545341916718417,0.23215364200431168,0.3534581018546677,0.04737457967551257,0.13458852286627382,0.2088885780157766,-34.44784955536414,0.15184459703130934
95.3,-2.0177543811968164,128.46706532053548,5.149,-0.01,5.97,0.0,1.5708743737876087,-0.006431408289370277,0.006452331199292639,-0.004873386527936921,-2.012168901452984,-170.9896636730276,0.0,-0.11058958733603744,5.987306514015741,0.0,95.206,0.010763999953872824,0.00034846686137261773,-4.8841362055935145,1.5738076364724962,0.010502658874220843,0.0018307923457787176,-4.91004386143698,0.005708820921873212,0.021503243737744704,-0.0,1.5715125374301626,-2.0020282999024186,-170.9905277517914,0.0,-9.887706002544366e-05,5.999999999992211,0.0,1.5708128063048994,94.0,0.05617507604201408,0.06099624150637863,0.05683232145446972,0.23244906846396055,0.35350077230580756,0.047858613843434976,0.13470518877787846,0.209537393661399,-34.296231034174966,0.15196403949612997
95.405,-2.017754515480405,129.06623796399538,5.149,-0.01,5.97,0.0,1.5710590411643517,-0.007319821952228666,0.0014582035846909377,0.0037096164255370693,-2.015492514790882,-170.2708351153718,0.0,-0.1120329561028907,5.989969187586751,0.0,95.371,0.016600036889101076,0.007148635906441006,-4.940452531109361,1.5692256576108452,0.014183911710835391,0.0072112027917682255,-4.918864933311177,0.01781031001979354,0.03102125886374818,-0.0,1.5694948307206549,-2.0020401651495114,-170.27052775189009,0.0,-9.88770585133199e-05,5.999999999992211,0.0,1.5708128063046474,34.0,0.05246371071062126,0.058026377573806576,0.05586354948721623,0.23013323138740127,0.35296881052968077,0.04619495098518001,0.13405120218048056,0.2068922212952765,-34.59828876062817,0.15076918501191577
95.501,-2.017754652927067,129.66541081230778,5.151,-0.01,5.98,0.0,1.5711827088696901,-0.012402072558497776,0.0066668004807209314,-0.006516324360859403,-2.018215602020303,-169.6715121985745,0.0,-0.11151476765962656,5.993125105417728,0.0,95.404,0.015878595434098242,0.0070524741739740465,-4.978455592154816,1.5671714357154642,0.016670634279352864,0.008689924074201893,-4.923523627019415,0.024837681285853185,0.02247308400714143,-0.0,1.5683244038296826,-2.002050052855394,-169.6705277519723,0.0,-9.887705897295224e-05,5.999999999992211,0.0,1.570812806304724,97.0,0.05523930061371099,0.06045459991674297,0.05699617066118856,0.23305300414500638,0.3540439700301955,0.04755808015105836,0.13480947919690459,0.2100509045781742,-34.347418556266874,0.15260234026808162
95.6,-2.017754787002815,130.2645834554969,5.152,-0.01,5.98,0.0,1.5707073146066417,-0.0051209861074197165,0.00820114032716635,-0.007954049898691458,-2.0203352268299177,-169.19179805378803,0.0,-0.10930237083243578,5.9963015699057,0.0,95.503,0.016475707406909443,0.0061719481507272606,-4.966685207391681,1.562689283277369,0.0217765631580216,0.009351208394129663,-4.929862052157887,0.03581964727195926,0.020344932801686255,-0.0,1.5664933261834897,-2.0020579630201456,-169.19052775203807,0.0,-9.88770595751372e-05,5.999999999992211,0.0,1.5708128063048243,97.0,0.056176617216248885,0.06105982772433183,0.05795801397622864,0.2332480806866655,0.35400296744462845,0.04786935982556037,0.13486288461522314,0.2104454876281186,-34.244785371515476,0.1526253911664006
95.7,-2.0268439079596945,130.86375609699624,5.154,-0.01,5.98,0.0,1.5697073144281768,-0.0034239060016388397,0.012822094255543865,-0.013022930469359949,-2.022841617786884,-168.59177517425027,0.0,-0.10322382019793648,6.000876665775516,0.0,95.602,0.02043475555703616,0.010667103033470043,-4.945847479777846,1.5689481692196725,0.02376976238304461,0.0120920741925979,-4.931925329630005,0.030639496246673427,0.024125996771465097,-0.0,1.5673587881821176,-2.002067850726088,-168.59052775212047,0.0,-9.887705926871565e-05,5.999999999992211,0.0,1.5708128063047733,98.0,0.0643861114681785,0.06869777929749558,0.059189170547818436,0.24586462971082623,0.3596719489925683,0.05257443731046031,0.13845057053477197,0.22411427311540863,-33.624979477598515,0.16174910764286315
95.8,-2.026844045441173,131.47402452911558,5.154,0.0,5.99,0.0,1.5688211166441928,-0.004230044798736836,0.007388331990678202,-0.003379617269363016,-2.025497076941519,-167.8711398963389,0.0,-0.09746210460121531,6.0066610501838,0.0,95.701,0.0227860665607907,0.012753638749904317,-4.9502094303310615,1.5625882735884349,0.02967004347716322,0.013737129426535589,-4.937938210698292,0.04762688825674774,0.01648605063888109,-0.0,1.562867249836077,-2.002079715973236,-167.87052775221932,0.0,-9.887705995483348e-05,5.999999999992211,0.0,1.5708128063048876,99.0,0.05243414215058653,0.057866818932337104,0.0570662308035134,0.23006724748104604,0.35292677151030116,0.04602814311235221,0.13395841080613963,0.2069061528908025,-34.56051693632666,0.15070743182177399
95.9,-2.026844180321042,132.07319717172217,5.154,0.0,5.99,0.0,1.567849705987845,2.434615853606428e-05,0.010874965922871387,-0.02001968255524006,-2.026971030739523,-167.39032669192636,0.0,-0.09236741921434777,6.010739655328417,0.0,95.833,0.028710782477892133,-0.0027742761168105118,-4.906002450231536,1.5684819023542056,0.03124928961525829,0.0037133449346996436,-4.932511149000273,0.02780982974316778,-0.010797832979097421,-0.0,1.5661452665973492,-2.00208762613805,-167.39052775228524,0.0,-9.887706017332537e-05,5.999999999992211,0.0,1.570812806304924,67.0,0.06304526994810453,0.06787224217215095,0.05852936344162684,0.24582671642915102,0.3598267543209696,0.052090773782330096,0.13839163918168357,0.22377879584932336,-33.731745851399886,0.16186270163376182
96.0,-2.0268443153356586,132.67236981396192,5.155,0.0,6.0,0.0,1.566816231762294,0.016978230977317987,0.00145107655922796,-0.0031239625397565646,-2.0283906101668094,-166.78887587567957,0.0,-0.08583210494625415,6.015443689589313,0.0,95.932,0.028331660485550816,-0.0030631169984367407,-4.907812209357782,1.5706131495570443,0.02966983258927236,-0.004368996866798009,-4.924290554097963,0.009182043331920948,-0.036593433104538775,-0.0,1.569256596781061,-2.0020994913852665,-166.67052775238403,0.0,-9.887706024526782e-05,5.999999999992211,0.0,1.570812806304936,68.0,0.05221112149266838,0.057923257944136816,0.05666238326769208,0.23020981509698843,0.3529123981583316,0.04600742425873955,0.1339746256090192,0.2069013338308149,-34.58602045985408,0.150743395324831
96.1,-2.0268444504850507,133.2715424539362,5.157,0.0,6.0,0.0,1.5671824780900516,0.0,0.0,0.0,-2.0292906444762395,-166.18703973160387,0.0,-0.08795029447711171,6.018362475911885,0.0,96.031,0.028756121237325464,-0.0037960688903942302,-4.919230877808767,1.5739350115883934,0.028129271674581173,-0.008582857398014105,-4.923936341829489,-0.004797873554984893,-0.03899512645890546,-0.0,1.5716012032579605,-2.002107401550065,-166.19052775244992,0.0,-9.887706023727422e-05,5.999999999992211,0.0,1.5708128063049347,69.0,0.05057433671412497,0.056696928620732064,0.055520488262439216,0.22912771076089772,0.35255281074682726,0.04528577048168303,0.13367057738817806,0.2055664463374241,-34.75781171133867,0.15011040668215025
96.2,-2.026844585291826,133.870715094766,5.157,0.01,6.0,0.0,1.56829580740561,0.024140362270286344,-0.011569411434620527,0.013625650392291825,-2.0296984613266966,-165.5850231048864,0.0,-0.09426079957393604,6.0188407043596595,0.0,96.13,0.029557435885139524,-0.0066073528785101365,-4.918524689789006,1.5699936918879673,0.026697837458412713,-0.01054198983135933,-4.923041453793239,-0.018580379103334987,-0.03556181455249696,-0.0,1.5722349154628337,-2.0021172892560686,-165.59052775253232,0.0,-9.887705984558753e-05,5.999999999992211,0.0,1.5708128063048694,70.0,0.0504261009966056,0.05668801972805465,0.05478647007486979,0.22922409170424488,0.3525735718638004,0.0452594670052365,0.13369857636745117,0.20553341701638853,-34.79994543517482,0.15016425206612716
96.3,-2.02684472015585,134.46988773431104,5.157,0.01,6.0,0.0,1.569688663180221,0.012939351471684062,-0.01287259383503818,0.012035437175703165,-2.0296557830811732,-164.86268432319721,0.0,-0.1042163662031206,6.016613942569078,0.0,96.229,0.029518838922810035,-0.00733610440690631,-4.912112241983471,1.5691419451339106,0.027956052977991558,-0.012054015292662701,-4.921037026001171,-0.0081695773148178,-0.03122676003143532,-0.0,1.5704896603235445,-2.0021291545032507,-164.8705277526312,0.0,-9.88770597150253e-05,5.999999999992211,0.0,1.5708128063048477,71.0,0.05062700113346741,0.05691669618797688,0.05441864292866517,0.2292778716279288,0.35251938753080564,0.04538564212908002,0.13373382692944208,0.20554684622691033,-34.79997367511427,0.15014118464935208
96.4,-2.0268448551546285,135.069060373869,5.156,0.01,6.0,0.0,1.570482104582714,0.006519305203915244,-0.004818676555815151,0.001343763032611483,-2.0293898326877313,-164.38130425139505,0.0,-0.10724824098800684,6.014251751608218,0.0,96.328,0.030231413532185156,-0.010573802689087447,-4.941411789397262,1.568835093251592,0.030852091088625078,-0.013727675388947484,-4.923041532079223,0.006225478298229796,-0.0281845408705772,-0.0,1.5680793241542084,-2.0021370646680094,-164.39052775269712,0.0,-9.887705930868368e-05,5.999999999992211,0.0,1.57081280630478,72.0,0.050647197007649726,0.056836488929676236,0.05415420934844418,0.22887583615529286,0.3522976620690987,0.045352985720692254,0.1336537947100874,0.20514622465806484,-34.81520925978925,0.1498355458230055
96.5,-2.026844989965852,135.66823301270077,5.156,0.01,5.99,0.0,1.5701516846336911,0.0016977540851781559,0.004236055301426961,-0.010402883014788915,-2.028848276817873,-163.7798613500134,0.0,-0.10528371489012744,6.010958333263526,0.0,96.394,0.03104263953607141,-0.01654755026863658,-4.9317337519989275,1.5689217380376876,0.03142690112763026,-0.01878291625408674,-4.923976223507882,0.005908010538435383,-0.025749115696262592,-0.0,1.5681291061961222,-2.0021469523739417,-163.7905277527795,0.0,-9.887705958046627e-05,5.999999999992211,0.0,1.5708128063048252,106.0,0.05050578653128427,0.05669514660538916,0.05394815307646543,0.2285073693576877,0.3521273921389637,0.04528147537548497,0.13356944614523317,0.20477610444319522,-34.83617017874607,0.14958277069181186
96.6,-2.0268451277910273,136.27850144090303,5.158,0.02,5.99,0.0,1.5696662534636001,0.001966795460608697,0.003591983988595656,-0.00868383823657858,-2.0280626865585147,-163.17876743499022,0.0,-0.10211750535610842,6.0074350252163695,0.0,96.526,0.02847117543248671,4.9698200566175577e-05,-4.946570394524035,1.5665787599893832,0.029844484776086623,-0.0060196685583789045,-4.926846498023755,-0.0012810969146215927,0.011216069258761507,-0.0,1.5676771519206154,-2.0021568400799623,-163.1905277528618,0.0,-9.887706006812306e-05,5.999999999995053,0.0,1.5708128063049065,43.0,0.04726277252982745,0.05237662691368103,0.05514273519987621,0.21799056555560184,0.3468478239901624,0.04220269330988169,0.13039401587729765,0.1946247683365635,-35.113242139378,0.1420928474472128
96.7,-2.0268452601598455,136.8665782904455,5.159,0.02,5.99,0.0,1.5692310999755306,-0.021048253075618195,-0.0005707766601576075,-0.004405576341851491,-2.026994360180052,-162.57801354089906,0.0,-0.09920363850520746,6.004396974685807,0.0,96.625,0.022197651429705235,-0.004390697392124734,-4.9690809709506105,1.5664144819563972,0.02472741446721889,-0.003740235522931402,-4.9276381559601035,-0.013702094955046264,0.016298048215292127,-0.0,1.5697477769749733,-2.0021667277859883,-162.5905277529442,0.0,-9.887706012936054e-05,5.999999999992211,0.0,1.5708128063049167,75.0,0.0704441350963036,0.07364687071982334,0.059532075763370815,0.25049866552256417,0.3610566151604809,0.05518713975254913,0.13969607549215704,0.22960238046269127,-33.249113404084305,0.16465333183424952
96.8,-2.0268453983383665,137.4657511435957,5.16,0.02,5.98,0.0,1.5692011407252886,-0.019401522931888775,-0.00830142369747782,0.0002624490830751409,-2.025646054054067,-161.97748698651677,0.0,-0.09874879277480829,6.002910559260887,0.0,96.724,0.02769412537948179,-0.0030653065765948867,-4.918488752036891,1.574213457725305,0.024528242205409563,-0.0008851079826551471,-4.933289890797516,-0.01183666677686837,0.028210850871528415,-0.0,1.5694376314357563,-2.0021766154919836,-161.9905277530266,0.0,-9.887706005475355e-05,5.999999999992211,0.0,1.5708128063049043,76.0,0.053022498881141314,0.058160988538097605,0.05735296149091357,0.22951800192243116,0.3525874201900508,0.04626292640298247,0.13393014027443909,0.20655739108314683,-34.5009189527672,0.1502198971261657
96.9,-2.0268455330562176,138.06492378072642,5.162,0.02,5.99,0.0,1.569557487443324,-0.018062833195615698,-0.0029767411583347145,-0.0029947066074681064,-2.024079268601248,-161.3769993904245,0.0,-0.10081790556427295,6.003283103650794,0.0,96.823,0.026078162382243406,-0.000982587438676255,-4.943759775673999,1.5696573896200336,0.023785284605882778,0.0007060759349366132,-4.933571475808634,-0.01106286149578636,0.020253722098718008,-0.0,1.5693093459900185,-2.0021865031980033,-161.390527753109,0.0,-9.887706039581406e-05,5.999999999992211,0.0,1.5708128063049611,77.0,0.05104317503543535,0.056874951312972856,0.05601194960573,0.22961655816730742,0.3529525431980938,0.04545960471798485,0.13383214952915307,0.20625438574649774,-34.703968406875234,0.15056365485832512
97.0,-2.0268456679088303,138.66409641824976,5.165,0.02,5.99,0.0,1.5698277648214738,-0.009720409080471594,-0.00379985617460953,-0.0035817253147180446,-2.0223622553072076,-160.7763746994471,0.0,-0.10223874600729443,6.005243766840949,0.0,96.922,0.023815318990357773,-0.0030251522733355657,-4.925978968305718,1.5694189964257188,0.02312378589866987,-0.0002846575254179349,-4.934457308223264,-0.00751722572181622,0.01501511270739897,-0.0,1.5687176049159033,-2.0021963909040528,-160.7905277531914,0.0,-9.887706077417807e-05,5.999999999992211,0.0,1.5708128063050242,78.0,0.05073275036895747,0.05688282365636571,0.055160940942965454,0.22995415045118325,0.3530598764578053,0.04537091575047423,0.13386259885771842,0.2063601000359387,-34.76189274033846,0.15077026047334538
97.104,-2.0268458029737246,139.2632690540458,5.166,0.02,5.99,0.0,1.5696565310379977,0.00012556971168926662,-0.0029181715267942725,-0.00106732173363714,-2.020148426802945,-160.0552821020626,0.0,-0.10125411293526075,6.00873205093269,0.0,97.021,0.021322988471583756,-0.0030797019362733824,-4.92209045407297,1.5699459478647206,0.020903976743066537,-0.001214808714809491,-4.931526702250663,-0.01367472982675094,0.01070847369773631,-0.0,1.5697422399552665,-2.00220825615142,-160.0705277532903,0.0,-9.887706193325091e-05,5.999999999992211,0.0,1.5708128063052174,83.0,0.051513881093020276,0.057687744081362374,0.054773397978977116,0.2308775863852032,0.3533474392257018,0.04583733478595177,0.1341501781945442,0.20723788516095137,-34.710928491876395,0.15130323468900014
97.2,-2.0268459380958532,139.86244169007605,5.165,0.03,5.99,0.0,1.5696689958593364,0.005001916303093097,-0.004738049147564045,-0.003221843813742002,-2.018593648393658,-159.57431579780317,0.0,-0.10101419041245871,6.011078540624176,0.0,97.12,0.020691885233181606,-0.0033176953663614367,-4.9133630261431085,1.5692120007607322,0.01865791206369207,-0.002201206123444676,-4.928073533570085,-0.02371395852083437,0.007003431207083466,-0.0,1.5697481300998168,-2.002216166316328,-159.5905277533562,0.0,-9.887706071822283e-05,5.999999999992211,0.0,1.5708128063050149,80.0,0.050594523631397895,0.05676310089704007,0.0542169152574672,0.22908680164879153,0.3524817113037052,0.04528192765796098,0.13368651228748143,0.2053679853782441,-34.8194480155172,0.15003695800243533
97.303,-2.0268460707305778,140.4505185366881,5.163,0.03,6.0,0.0,1.5698492899562722,0.005529111312631514,-0.009197507172663757,-0.0017270440970006135,-2.0161754396528258,-158.85253538890592,0.0,-0.10252132121701119,6.014116998837275,0.0,97.219,0.022133565623995984,-0.0037136339492717108,-4.922122136105552,1.572379103704336,0.01791286962022281,-0.003653061307487262,-4.928560368745485,-0.022284237212460242,-0.005935353122540121,-0.0,1.569509093676721,-2.002228031563561,-158.8705277534551,0.0,-9.887705968837995e-05,5.999999999992211,0.0,1.5708128063048432,84.0,0.05104156066728534,0.057145093932253685,0.05409997423803489,0.2293964923607962,0.3525720184122722,0.04554692796044937,0.13381894292248067,0.20570942089469924,-34.78619203766386,0.15020802425976168
97.4,-2.0268462055673453,141.0496911719094,5.161,0.03,6.0,0.0,1.569959363262404,0.010704559657676986,-0.008366266151271968,-0.0003568107479229131,-2.014545496607541,-158.37116327348122,0.0,-0.10258490932782928,6.01572323054264,0.0,97.318,0.01427970955173187,-0.027462992030796128,-4.93970741700505,1.5765587662765086,0.009105369460761945,-0.019742422519090745,-4.932861851204443,-0.050173269678362886,-0.04516238719425303,-0.0,1.5741840249685775,-2.002235941728306,-158.390527753521,0.0,-9.887705881840919e-05,5.999999999992211,0.0,1.5708128063046982,82.0,0.05049789835286965,0.05661896243917126,0.05382029837557413,0.22842452497819282,0.35214335408757674,0.045236560337222086,0.1335577948870614,0.20471910556877987,-34.847070409698006,0.14956205628706495
97.501,-2.0268463374860985,141.6488635831068,5.158,0.02,6.0,0.0,1.5707643417216044,0.03152117656355662,-0.015153187175958155,0.013962605730919933,-2.0121720190046855,-157.64896199681363,0.0,-0.10885007575737841,6.0160016525490985,0.0,97.417,0.011547833718398898,-0.02352829061014282,-4.93580618544182,1.571646131474304,0.008676594733190275,-0.02188838476733934,-4.9348066670028885,-0.028508614325298977,-0.042748787313819925,-0.0,1.5722246044074617,-2.002247806975295,-157.6705277536199,0.0,-9.88770575381e-05,5.999999999992211,0.0,1.5708128063044848,84.0,0.05068968055587399,0.05680993660688934,0.05381140710512749,0.22859176856841512,0.3522078056596718,0.045387680971650114,0.1336282442117247,0.20491356440669872,-34.82821989579257,0.14966905094178465
97.6,-2.0268464748922455,142.2591320062864,5.155,0.02,6.0,-0.01,1.5717548641867491,0.02309727561778982,-0.003357342276802059,0.007907973815173698,-2.0107202754687368,-157.16755935614887,0.0,-0.11304730150158677,6.014217228623547,0.0,97.516,0.011620502236910588,-0.009501172587257314,-4.926694832859488,1.5676310416743329,0.009850123043420304,-0.017232772843944574,-4.933398668138954,-0.007910739885554617,-0.022143652624619925,0.01,1.5687739891991355,-2.002255717139897,-157.1905277536858,0.0,-9.887705743551539e-05,5.999999999992211,0.0,1.5708128063044677,84.0,0.050664254283221924,0.05688435637163302,0.053795876681467465,0.22860065299563273,0.3522110154773458,0.04540549171119487,0.13360801733774222,0.20492031195788818,-34.827437990380915,0.14968054601868278
97.7,-2.026846609810974,142.85830463852886,5.153,0.02,5.99,-0.01,1.57138752943394,0.0021799339746409302,0.004920678674558964,-0.013697715932263346,-2.00911531450326,-156.56608500729533,0.0,-0.11064001505146731,6.010663295302229,0.0,97.615,0.01159909092133395,-0.0113154876832091,-4.946225761523914,1.567136245488836,0.010895794889384452,-0.012730864089173483,-4.9329938063318775,-0.001269367323357161,0.0007480420753864792,0.01,1.567669743685217,-2.0022656048457104,-156.5905277537682,0.0,-9.88770590688755e-05,5.999999999992211,0.0,1.57081280630474,85.0,0.05060790751295632,0.0567238711051862,0.053759041586999005,0.22832050275495344,0.3520910525223865,0.04531319081930679,0.13352737041632295,0.2046499975654719,-34.84034405660882,0.14949640639377398
97.8,-2.0268467448644643,143.4574772707843,5.153,0.02,5.99,-0.01,1.5704594266451917,-0.01353552035875555,0.006534121999884096,-0.009918382541654227,-2.007707796087817,-155.96500403637813,0.0,-0.10481855308674769,6.007027479845072,0.0,97.681,0.009280239928802992,-0.015232887382373564,-4.954557607565358,1.5642726565774274,0.011690516699186793,-0.014705209591913147,-4.934222325452772,0.008976386084841328,-0.0029723094190279298,0.01,1.5659565028730096,-2.002275492551678,-155.9905277538506,0.0,-9.887706061030915e-05,5.999999999992211,0.0,1.5708128063049969,69.0,0.05062021624151822,0.05669689035100192,0.05369991455680416,0.22830909246867465,0.3520954034566653,0.04527708103101614,0.13350580988827596,0.20463065467101504,-34.84343039751929,0.14949870330140783
97.9,-2.0177578777587044,144.04555411459444,5.154,0.02,5.99,-0.01,1.5693122548426057,-0.00850080106293244,0.006654654326067581,-0.017531720027702074,-2.0064214486327354,-155.36426286750145,0.0,-0.09775263581749136,6.00436360096215,0.0,97.813,0.008100311245256002,-0.015521508987091232,-4.888238124062426,1.572462694326659,0.006719229193769603,-0.016226085155704176,-4.924443661387764,-0.017313647243518474,-0.00534287746375206,0.01,1.5703474535309725,-2.0022853802577996,-155.39052775393301,0.0,-9.887706206914221e-05,5.999999999992211,0.0,1.57081280630524,87.0,0.054892897395203234,0.06030521500881229,0.05550795881938948,0.23229488684962354,0.35354829567333707,0.04741499966742559,0.13462117285408928,0.20905943683806774,-34.43784825227338,0.15196152826754517
98.008,-2.0177580125268264,144.6447267449017,5.154,0.02,5.98,-0.01,1.5690536186473933,-0.0025101025514743824,-0.007710460237812089,0.007952170472923886,-2.004961031962787,-154.64369171451307,0.0,-0.0966040828502038,6.001918989684526,0.0,97.978,0.006259895394836297,-0.01840213032461637,-4.912136322972079,1.5717371870599595,0.004116475022082993,-0.017389246383387742,-4.917368498652792,-0.026958304953738865,-0.0008178020351277127,0.01,1.5719600815663832,-2.002297245505151,-154.6705277540319,0.0,-9.88770600774021e-05,5.999999999992211,0.0,1.570812806304908,30.0,0.05299440984518854,0.05871137968738517,0.05518151245558007,0.23095480263237023,0.35323844783544833,0.04655590472519599,0.13428336655852396,0.20761742958374768,-34.57834381193548,0.1512532583469723
98.1,-2.0177581465525023,145.24389937592628,5.155,0.01,5.98,-0.01,1.5699637435053029,-0.0013585415848595514,-0.00762704381846248,0.011766076836816824,-2.0038473742458813,-154.0434200964978,0.0,-0.10227005099695909,6.000052844063057,0.0,98.077,0.0036180323722157966,-0.020697729600105297,-4.964380811684226,1.5683306610197725,0.0038863853319551014,-0.019852550977726917,-4.922457614532242,-0.007516132957517715,-0.006835165254607034,0.01,1.5703804891329485,-2.0023071332110773,-154.0705277541143,0.0,-9.887705806034891e-05,5.999999999992211,0.0,1.5708128063045719,23.0,0.05494055973505538,0.0602406328749079,0.05633653988810504,0.2323146082959212,0.35363691319580426,0.047417649851026714,0.13463491167913122,0.2092253412423208,-34.39617589796055,0.15203011991999416
98.2,-2.017758280790467,145.84307200560335,5.157,0.01,5.98,-0.02,1.5706055728540544,0.0027648949052292843,0.0023431279650108767,-0.002494943090263262,-2.0030779550369915,-153.56331945785286,0.0,-0.10486000569720812,5.998716295103455,0.0,98.11,0.00386200429181886,-0.021145562300806282,-4.943381732441984,1.571582535209808,0.002678220374895619,-0.021704300897210975,-4.923021824097486,-0.011084077278723924,-0.009901297555040323,0.02,1.5709779112746247,-2.0023150433756816,-153.59052775418021,0.0,-9.887705693458276e-05,5.999999999992211,0.0,1.5708128063043842,90.0,0.05606643081592828,0.061015985415904195,0.05747515940163306,0.23282537665386752,0.35377162202384244,0.047835624676820634,0.13476882509103413,0.20998268885698937,-34.26778690245831,0.15229762773429928
98.3,-2.0177584154855097,146.44224463489329,5.159,0.01,5.98,-0.01,1.5708847244484951,0.005558954473157146,0.00010748101378786,0.005015655338825157,-2.0022986009697723,-152.96333989035514,0.0,-0.10637231516593434,5.996992954431722,0.0,98.209,0.002121044994299587,-0.022632899773495134,-4.964306471987551,1.567291810013644,0.003648355707780735,-0.023943644915046434,-4.930609906299727,0.004485089681223844,-0.013458631365555362,0.01,1.5683686119214266,-2.002324931081448,-152.99052775426262,0.0,-9.88770587318118e-05,5.999999999992211,0.0,1.5708128063046838,91.0,0.05123913795896365,0.056987092151669395,0.056011853492234746,0.22890065924148484,0.3524972704549509,0.045529407403589926,0.13366116035177322,0.20559837586679783,-34.6887650810514,0.1499914000119747
98.4,-2.017758553135508,147.0414174953522,5.16,0.01,5.98,-0.01,1.5706643977344523,0.007024504805186246,0.006339304311290261,-0.006221564297762111,-2.001715463273907,-152.36355449992658,0.0,-0.10487151591562581,5.9949132371904525,0.0,98.308,0.0023424724208875557,-0.0237274608626952,-4.957719409172898,1.5681260387684162,0.0031452356340544094,-0.02548825434371344,-4.934093061696979,0.0020447106075870657,-0.014636247588086349,0.01,1.5687772220529907,-2.0023348187873946,-152.39052775434502,0.0,-9.887706060098328e-05,5.999999999992211,0.0,1.5708128063049953,92.0,0.050566954159896794,0.05672415097432961,0.05512128747237872,0.2293393401658799,0.35275465858806626,0.04531723073565288,0.1337155325242566,0.2057788796324785,-34.77287859042039,0.150347613370387
98.5,-2.0177586871453386,147.64059012407472,5.162,0.01,5.97,-0.01,1.5701032003879103,0.006296194025538899,0.0006981647953177168,-0.006063397757742159,-2.0012955096249536,-151.76402012992682,0.0,-0.10132027984774093,5.992274566880722,0.0,98.407,0.003376745595155723,-0.024841889874055265,-4.970415296520347,1.5685631831261713,0.002630077413326508,-0.02587485366880532,-4.939067350972595,-0.001603757109076863,-0.003970335880072007,0.01,1.5693889859299668,-2.002346684034774,-151.6705277544439,0.0,-9.887706244084488e-05,5.999999999992211,0.0,1.570812806305302,93.0,0.05052487519358701,0.056785854178458064,0.054571063315250794,0.22937689527358102,0.35267794929172014,0.04531502460654502,0.13372127997851002,0.20568572537560506,-34.80056134530801,0.15030106278063177
98.6,-2.017758821844822,148.2397627525058,5.164,0.01,5.97,-0.01,1.5699546385465677,0.0010979309633174332,-0.002073673904735887,0.0019939297795932534,-2.0010050529640706,-151.1647915026353,0.0,-0.10020093689956656,5.98910411754855,0.0,98.506,0.001967384168844978,-0.026714799701520298,-4.970088618047151,1.5681331432990582,0.0025147375403818863,-0.027136210810157997,-4.94480735534364,0.0034039187905614485,-0.006714278663517703,0.01,1.5685485900867653,-2.002354594199779,-151.19052775450982,0.0,-9.88770628804932e-05,5.999999999992211,0.0,1.5708128063053752,94.0,0.05049248926919956,0.056776773537195464,0.05420845502929577,0.22906478207155842,0.3524476027947747,0.0452884204745064,0.1336552421697824,0.2053164019723701,-34.82033169013292,0.150016824750457
98.7,-2.017758953526453,148.82783959127417,5.165,0.01,5.97,-0.01,1.569721722919729,0.0011300889939625236,-0.0009548290249989616,-0.004123611068437895,-2.0008359876937383,-150.56589553857793,0.0,-0.09860797408164514,5.985808801024468,0.0,98.605,0.0008766715907531884,-0.02684081654099235,-4.957157520639531,1.570564478527922,0.0013852620808632362,-0.028062171552028073,-4.94757239333927,-0.0017234767597598226,-0.007952077270929614,0.01,1.5694081262921595,-2.0023644819060173,-150.59052775459222,0.0,-9.887706177870786e-05,5.999999999992211,0.0,1.5708128063051916,95.0,0.0504478699698932,0.056703269133426215,0.05396547846474414,0.22869596324298958,0.35223498380962837,0.04525904289241185,0.13358807527761019,0.20493800342376742,-34.83643956662828,0.14972910752897511
98.8,-2.017759092891218,149.4492037978959,5.165,0.0,5.96,-0.01,1.569567916044269,0.0012192685809958343,-0.004455376716870754,-0.0011456101320599578,-2.0007908187000862,-149.8476714402733,0.0,-0.09746845573802074,5.981740151959384,0.0,98.737,0.000637963156957473,-0.026750185744694288,-4.964612070533431,1.5692098771609564,0.0035614175069691324,-0.028019015831829974,-4.951504382839355,0.01329879353324389,0.0023738697232342787,0.01,1.568565877686805,-2.002376347153295,-149.8705277546911,0.0,-9.887705936330665e-05,5.999999999992211,0.0,1.570812806304789,63.0,0.05044499418804119,0.05666428598020855,0.05381542296013921,0.22846455944034988,0.35211437332059575,0.04525808920324513,0.13355211614822862,0.20471668767788492,-34.84487164419362,0.14955998894148098
98.9,-2.0177592270402513,150.04837642463332,5.165,0.0,5.96,-0.01,1.5695744741850086,-0.0029642772888854394,0.0016065649966010619,-0.003762335028672331,-2.0008797399551463,-149.2495311535545,0.0,-0.09732262871040115,5.978321651312126,0.0,98.803,0.0013557464189997278,-0.01185160819206793,-5.008431178412644,1.5637424159033537,0.006094374163867735,-0.01322319327007489,-4.961945030900036,0.0313235006912472,0.03768194244517442,0.01,1.5655737731136934,-2.0023862348591575,-149.2705277547735,0.0,-9.887705761004245e-05,5.999999999992211,0.0,1.5708128063044968,97.0,0.05038880183803882,0.056487420844897204,0.05370762202440521,0.22807491173426564,0.35193332429121316,0.04516516275566255,0.1334537206470535,0.2043393863184426,-34.862094372886645,0.14929077120941028
99.0,-2.017759359448476,150.6364532611417,5.166,0.0,5.96,0.0,1.5689421175655467,-0.024763990535843772,0.009133849954908643,-0.010826474094117916,-2.001006421165677,-148.7712360874959,0.0,-0.09351783438086818,5.976427253859285,0.0,98.902,0.0019325803961240022,-0.005905668807631229,-4.965062153261445,1.5673372272028632,0.0058562936271529965,-0.0026454454758759226,-4.964238649419601,0.024549809342523748,0.05649375851366134,-0.0,1.5667159314551273,-2.0023941450237395,-148.7905277548394,0.0,-9.887705680668507e-05,5.999999999992211,0.0,1.570812806304363,98.0,0.050643287341888575,0.05665646549205966,0.053674074378572925,0.22830246640133808,0.3520467536134105,0.045273721091340396,0.1335216524147655,0.20459227827494397,-34.84783935462557,0.14945734959818174
99.1,-2.0177594933121483,151.23562588782963,5.166,0.0,5.96,0.0,1.568013921440814,-0.03189414051756057,0.0043850111447986,-0.006724731558492326,-2.0011650163204004,-148.17349853723812,0.0,-0.08773756036293565,5.976123686341075,0.0,99.034,-0.0019303102693219768,-0.007575594588951129,-4.9775705790566995,1.5646849064391275,0.0036577287547203225,0.0004713691892578194,-4.964507936898569,0.017587435438952748,0.05309617909075026,-0.0,1.5678714799667075,-2.0024040327293795,-148.19052775492176,0.0,-9.887705616591118e-05,5.999999999995053,0.0,1.5708128063042561,66.0,0.050843571568859595,0.05687529482372799,0.053726139622515864,0.22855460468362868,0.3521531625814993,0.04538908781768295,0.13357775072604075,0.20485860803009306,-34.829180085456514,0.14962500894984515
99.2,-2.017759627787946,151.83479851330813,5.165,0.0,5.96,0.0,1.5680416315470378,-0.020994712448219835,-0.0015033261362070234,0.00400834699016746,-2.0012639519788182,-147.57565548427476,0.0,-0.08787804451262725,5.978394216468669,0.0,99.133,0.0033873692793702217,-0.020255384547742616,-4.95165182905554,1.576568202285595,0.001002828442707119,-0.005805971360672084,-4.958939766111241,-0.01481741432932002,0.02570266074032901,-0.0,1.5732717895605082,-2.0024139204349094,-147.59052775500408,0.0,-9.887705510671157e-05,5.999999999992211,0.0,1.5708128063040796,67.0,0.05082109027684809,0.056876855613982084,0.053761484005074286,0.22851300117751816,0.3521364298927061,0.045393564754660866,0.13356561886440999,0.2048266643123947,-34.82841442563366,0.1495988295903944
99.3,-2.01775975949068,152.4228753485654,5.165,0.0,5.96,0.0,1.5690399777984734,0.0024030258620117827,-0.014561057441391826,0.02053541333038026,-2.0013075535914493,-146.97748063719956,0.0,-0.09315618114510703,5.9821629049312754,0.0,99.232,0.0020693572960882273,-0.013980550738352304,-4.9254487419379895,1.5720566046768008,0.0004833661677007596,-0.012610768472072216,-4.952077876717974,-0.014295417749460944,0.003624893037843968,-0.0,1.5731934243027035,-2.002423808140418,-146.99052775508648,0.0,-9.88770551839831e-05,5.999999999992211,0.0,1.5708128063040925,68.0,0.05052270217604726,0.056600939722513136,0.05373577237023154,0.22809923235614088,0.35195809477103235,0.04526295363017082,0.13346965748780798,0.20441038776242199,-34.84887152381112,0.14932263694357983
99.4,-2.017759894080939,153.0220479733731,5.165,0.0,5.97,-0.01,1.5707747588010699,0.0,0.0,0.0,-2.0013857042707737,-146.3789087699453,0.0,-0.10357477867030043,5.9855694427008554,0.0,99.364,0.0017983089214134132,-0.010307336028509029,-4.990947528966957,1.5653345945041126,0.0020726027346924126,-0.012289902593423607,-4.95517881424286,0.007554595049878541,-0.0022545633131825227,0.01,1.5695304230973306,-2.0024336958459266,-146.39052775516882,0.0,-9.88770560566184e-05,5.999999999992211,0.0,1.570812806304238,36.0,0.05049225720394441,0.05663348563350226,0.053704928893526974,0.2281841927920123,0.352002646101824,0.045233194693530106,0.1334585849456171,0.2044721636207057,-34.849155169814296,0.14938622003878815
99.501,-2.01776002848365,153.62122059669508,5.167,0.0,5.97,-0.01,1.5712786772954301,0.015850859884495333,0.0029038719212727618,-0.007017560894332074,-2.0016649336196974,-145.66023718455557,0.0,-0.10624138175704162,5.988111615259923,0.0,99.43,0.0019950916441774783,-0.012463447961983468,-4.989194462877707,1.5724657835868956,0.0017972216360144103,-0.012979725832227899,-4.957997654863034,0.0002607377907840961,-0.003722254356676835,0.01,1.570752624875252,-2.0024455610927006,-145.67052775526767,0.0,-9.88770565255766e-05,5.999999999992211,0.0,1.570812806304316,71.0,0.054868999918723384,0.06033271567416817,0.055521556534091576,0.23236016603953022,0.3535576342015283,0.047452105823688036,0.13465105995004326,0.2091101447295416,-34.433654813917684,0.15199079864408924
99.6,-2.0177601656984976,154.2203934619867,5.17,0.0,5.97,-0.01,1.5710028624187709,0.009893503184164848,0.00042866605292791137,-0.0015949905182331494,-2.0019810595968033,-145.1810106534395,0.0,-0.1049799800458425,5.988767260696813,0.0,99.529,0.0037881464526574988,-0.007435552455719127,-4.940952390901529,1.5734620064930078,0.0041001442325952035,-0.010534960314633177,-4.962030419030473,0.00825839038210486,0.003006910477711955,0.01,1.5694137090876772,-2.002453471257202,-145.19052775533342,0.0,-9.887705579815847e-05,5.999999999992211,0.0,1.5708128063041948,71.0,0.05118011991435367,0.05704659651361621,0.05482063814574238,0.22840474427256083,0.35210214047667293,0.04553886817495022,0.13355502277386885,0.20493439837219413,-34.74746174970337,0.14952951304812073
99.702,-2.017760300215677,154.8195660861568,5.173,0.0,5.97,-0.01,1.5708059015813143,0.0008610028944638601,0.007662410710382994,-0.00689082332354323,-2.002619489517543,-144.46213880007426,0.0,-0.10342552816416853,5.988869548957839,0.0,99.628,0.002362063055694425,-0.005548837660976302,-4.969073318190663,1.5646632408613828,0.006351397761263132,-0.006659744637220745,-4.962851673890766,0.02501762361490796,0.011891087810319334,0.01,1.5666141246471215,-2.0024653365039162,-144.4705277554323,0.0,-9.887705618851289e-05,5.999999999992211,0.0,1.57081280630426,74.0,0.050989858800999176,0.05702849954829405,0.05446459987069052,0.22908713405719444,0.3525087022268594,0.045531608753427676,0.13371972049104963,0.20551599928043332,-34.77249669247909,0.15007630946042105
99.8,-2.017760431972029,155.40764292021095,5.175,0.0,5.97,0.0,1.5701297899966613,-0.005700149117814307,0.00847446937339325,-0.011981907430739756,-2.003118498021826,-143.98289608400282,0.0,-0.09961441633858245,5.988966300699958,0.0,99.727,0.004951973739764852,-0.0042943937797739334,-4.9323289875235075,1.5766677078745288,0.004990310593071394,-0.003604830473617388,-4.960332872720754,0.005140050621707634,0.017277508244642803,-0.0,1.5699378315352621,-2.0024732466683863,-143.99052775549822,0.0,-9.88770560606152e-05,5.999999999992211,0.0,1.5708128063042386,73.0,0.05057181783419372,0.0566593853961635,0.05409339774295278,0.2286663764399711,0.35230833622645874,0.04527975461644138,0.13358040567811863,0.20499734684000112,-34.82776041774848,0.14978523017587198
99.901,-2.0177605666812113,156.0068155427295,5.178,0.0,5.97,0.0,1.5696534102924655,-0.008238923939690015,-0.0023956961420235194,0.0017274171958213012,-2.0038995971354394,-143.264007776328,0.0,-0.09670250477035122,5.9895725627164484,0.0,99.826,0.000501937636803084,-0.007601230719337146,-4.966679722973032,1.5657213649401722,0.004116241281503619,-0.004319531506211944,-4.959180551342385,0.007815148072938665,0.01197819263969535,-0.0,1.5694898787646716,-2.0024851119151252,-143.2705277555971,0.0,-9.88770560606152e-05,5.999999999992211,0.0,1.5708128063042386,75.0,0.05071834591758976,0.05684849679224001,0.05394957043790919,0.2288636377812735,0.35234434147993954,0.045350472055336696,0.13362081393665645,0.2051509452547352,-34.82047765578193,0.14987548207788293
100.078,-2.0177608061774706,157.06091577243188,5.182,0.0,5.97,0.0,1.570064270987876,-0.006603954181755186,0.0009868979922708619,0.0026674501220849667,-2.0049684910979866,-142.30527368031633,0.0,-0.09875065257807467,5.991696232016627,0.0,99.925,0.0005715437190895897,-0.0063797542788281425,-4.987807178118018,1.5674883614947805,0.0045720885969013116,-0.004569875469928707,-4.96251488806619,0.010185467707839044,0.00823877207743795,-0.0,1.5690925711837944,-2.002500932244122,-142.31052775572894,0.0,-9.887705638435623e-05,5.999999999992211,0.0,1.5708128063042925,153.0,0.08292948034460781,0.08551787351085861,0.059491582804832625,0.2703418010581051,0.3699189468101726,0.061916675198143596,0.14503436042340292,0.2525232108041755,-32.244421621187,0.1795252470113293
100.1,-2.0177608386263373,157.20516103348402,5.183,0.0,5.97,0.0,1.5700728189575042,-0.0050476089230047285,0.001907563060713518,-0.0010025171538794275,-2.005105585460764,-142.1854031105924,0.0,-0.09871792775162744,5.992084588109742,0.0,100.024,0.005483727661951194,-0.0002281241249315752,-4.944096947517943,1.5704032715303784,0.0058330563371861086,0.0010359464565348302,-4.957421684179884,0.00567612292203923,0.020365143238365135,-0.0,1.5698487850194667,-2.0025029097852483,-142.19052775574542,0.0,-9.887705612189951e-05,5.999999999992211,0.0,1.5708128063042488,76.0,0.06444797854307319,0.07041853361220166,0.05779351320927747,0.2480231567268932,0.360425079571025,0.053414197418533385,0.13912043294352847,0.22608169758826568,-33.30951796320312,0.16230015770843578
100.2,-2.017760972707549,157.80433365642884,5.185,0.0,5.98,0.0,1.5700151058288778,-0.005176805001850726,0.0029766967179978574,-0.002662126969552111,-2.0058006672601287,-141.5859291405995,0.0,-0.09832953860982513,5.9942069117733885,0.0,100.123,0.007708509581228475,0.0029832896262803887,-4.929118271573569,1.575737441158144,0.004772165126985906,0.002975949483082182,-4.95339229684105,-0.013977042541068772,0.015181476530289117,-0.0,1.573127701962202,-2.0025127974908803,-141.59052775582782,0.0,-9.887705644297601e-05,5.999999999992211,0.0,1.5708128063043023,77.0,0.09320912390710306,0.09401698703650718,0.06196565278939488,0.2807880819134621,0.37402954792240795,0.06635069614403842,0.14782832736732335,0.2663625556712693,-31.812494342518406,0.18814281567056834
100.3,-2.017761104750093,158.39241048747687,5.187,0.0,5.98,0.0,1.5705114105392732,-0.0022748028389107246,-0.009478116308801065,0.009691330244234344,-2.006513319651078,-140.98621984809014,0.0,-0.10095452883700835,5.996655681721232,0.0,100.222,0.007571842799359016,0.005448341809100102,-4.935945889257381,1.574327249413895,0.004211675759784509,0.006789233028254191,-4.949490907040341,-0.01952044125012386,0.02165712032532774,-0.0,1.5740488239010864,-2.002522685196512,-140.99052775591022,0.0,-9.887705621649051e-05,5.999999999992211,0.0,1.5708128063042646,78.0,0.05398713089079169,0.05898816784251526,0.05870189066379275,0.23288614976557048,0.3525775136730308,0.04657615002218876,0.13527667859054632,0.20885610563660748,-34.2811490893378,0.15031629250377804
100.4,-2.0177612390232937,158.99158310952959,5.187,0.0,5.98,0.0,1.5716351803883464,-0.004893738274278712,-0.006284035770486617,0.009727716699604594,-2.0072852916154513,-140.38623958282835,0.0,-0.10749209722863734,5.999314538341633,0.0,100.321,0.006475629170558149,0.007970606657390425,-4.934927338621287,1.5710272854445515,0.004675090316954336,0.009530024323562657,-4.944918543535932,-0.014491897883683401,0.02498512222025262,-0.0,1.5732096333152092,-2.0025325729021435,-140.39052775599262,0.0,-9.887705624313586e-05,5.999999999992211,0.0,1.570812806304269,79.0,0.05108954490909879,0.05713071843390941,0.05678455927116282,0.23207643657329205,0.35343612936213253,0.04548866109444884,0.1354645899559195,0.20829499013054803,-34.59951778703492,0.15090285456707592
100.5,-2.0177613731089465,159.59075572971688,5.186,0.0,5.99,0.0,1.572543419841912,-0.006750639634333089,-0.0028440410376458997,0.006145721568050283,-2.0083958601696508,-139.66585409081384,0.0,-0.11373505533125505,6.003125622941857,0.0,100.42,0.00977110545958456,0.009735999202133278,-4.921180079626086,1.579430993939981,0.0037739253222083442,0.01123766047243344,-4.9405157167933424,-0.028801100745653556,0.017380198976600703,-0.0,1.5755905763893252,-2.0025444381488997,-139.6705277560915,0.0,-9.887705631241378e-05,5.999999999992211,0.0,1.5708128063042806,80.0,0.050746689399826676,0.057100692808686036,0.05560202569815812,0.23150568316877407,0.35404104248017987,0.045479308638693004,0.1353796729662984,0.20826326533262177,-34.69162311352573,0.15139250820174338
100.6,-2.017761505168153,160.17883256039107,5.185,0.0,5.99,0.0,1.5731252844587456,-0.0034159499492149767,-0.007706917705948674,0.012128919333807312,-2.009293460705474,-139.18530782890036,0.0,-0.1162558437834691,6.006168205925278,0.0,100.519,0.0105652098673371,0.010775050180062806,-4.9274958601629075,1.5768519784759751,0.0038523558039801533,0.01239699958398521,-4.938927274492146,-0.029794696876825108,0.01820005666638025,-0.0,1.5757552916038229,-2.002552348313404,-139.19052775615742,0.0,-9.887705632706872e-05,5.999999999992211,0.0,1.570812806304283,34.0,0.044564071691544915,0.05022149088212009,0.05436052249259662,0.21782423914560534,0.3483763512741618,0.04103303671472698,0.1311906388079534,0.1951713961371512,-35.36634370052305,0.142825969851562
100.7,-2.0177616399231653,160.77800517808421,5.184,0.0,5.99,0.0,1.5740194470298032,-0.0013649957462663594,-0.00544965111956552,0.006608096295088246,-2.0106381782998204,-138.5842607823528,0.0,-0.12158378853444068,6.010201953415502,0.0,100.618,0.009528962310680452,-0.009501657542978714,-5.004598223980563,1.5650081323805278,0.008835447393669347,-0.002504386523547374,-4.948675290052142,0.004882595834293157,-0.020931326990227817,-0.0,1.5699783441224244,-2.0025622360190307,-138.59052775623982,0.0,-9.887705637636263e-05,5.999999999992211,0.0,1.5708128063042912,82.0,0.06729939238535655,0.07157915969848248,0.05877789283631564,0.25021578338773964,0.3624764843662215,0.05416095230647932,0.1403977315655733,0.22974969676319582,-33.44061630422962,0.1652632608089165
100.8,-2.017761774258048,161.37717779799334,5.185,0.0,6.0,0.0,1.5736247106131653,0.021960123477850518,0.011052928620251085,-0.02023010643890222,-2.0122573518514058,-137.9828093585332,0.0,-0.11924002697777503,6.014100575873691,0.0,100.717,0.00974712951028425,-0.00959248380508572,-5.013508772033024,1.5629751993406789,0.01454971333340897,-0.014107562628897643,-4.963399913898886,0.036981961391908985,-0.05047831988383944,-0.0,1.5645804514544828,-2.0025721237246628,-137.99052775632222,0.0,-9.887705624846493e-05,5.999999999992211,0.0,1.57081280630427,83.0,0.052636590113641885,0.058110388619903655,0.0568385351502298,0.22981360941103607,0.3542374722198077,0.04625612082918894,0.13446177919116167,0.2078961275349962,-34.53039810447319,0.15139582339178467
100.911,-2.0177619432849667,162.13169146436266,5.187,0.0,6.0,0.0,1.570827106733139,0.0,0.0,0.0,-2.0144467736068608,-137.26072367726857,0.0,-0.10338922572819902,6.0163691210871715,0.0,100.882,0.009769866297148553,-0.016264511351483296,-4.978665646127489,1.5690333284377165,0.013043030122879721,-0.018806746229741607,-4.963373363062162,0.015971164325816255,-0.051083401592312505,-0.0,1.5681116151016097,-2.002583988971421,-137.2705277564211,0.0,-9.887705619783876e-05,5.999999999992211,0.0,1.5708128063042615,29.0,0.0533741187472451,0.0593380408420742,0.056227099253285465,0.23318797523451756,0.3559651938984006,0.04702669869249867,0.13516035045435615,0.21109896811941886,-34.46914139659716,0.15398140917942826
101.001,-2.0177620450036997,162.58661882279745,5.188,0.0,6.0,-0.01,1.5697863429693992,0.027267457535979957,0.004861390668689875,-0.005747895669124661,-2.016279174061683,-136.6590179152149,0.0,-0.09492478647668914,6.014807482149257,0.0,100.915,0.016393884526712667,-0.012018808754030372,-4.980889800373128,1.5675135637771973,0.0164031948798328,-0.019476076785589595,-4.964532948443157,0.022375127195700305,-0.04268343221313575,0.01,1.5670404374229125,163.34269999970041,-2.6119134376246636e-09,0.0,5.999999999995964,-1.577434749138914e-10,0.0,-2.6290579152332915e-11,86.0,0.05489416971853259,0.0604937172027154,0.05704820424820712,0.23369824181958967,0.35577520443365035,0.047590646579941207,0.1351294210556859,0.21164305169414915,-34.341957036141324,0.15405903035435592
101.1,-2.0177621826772665,163.18579169678,5.19,0.0,5.99,-0.01,1.569227859205801,0.011303593896137443,0.005093146451959693,-0.009268572203840308,-2.0176577519379393,-136.17786566799114,0.0,-0.09246597346567809,6.011838286947956,0.0,100.981,0.016223274350306953,-0.016669951362658766,-4.987713029209396,1.5652717194857062,0.020080780177373005,-0.023337408315431997,-4.9661095266871556,0.03132004718728399,-0.03392034460416671,0.01,1.5655378748737243,-2.0026017868415584,-136.19052775656942,0.0,-9.887705622448412e-05,5.999999999992211,0.0,1.570812806304266,69.0,0.050595432201855604,0.056635121255835544,0.05572645542716444,0.22887975642371097,0.35366864596276093,0.04527268363482469,0.13367929486340993,0.2062600963502189,-34.740043788458664,0.15081433694855717
101.2,-2.017762314924852,163.7738685255045,5.19,0.0,5.99,0.0,1.5683432047397383,0.0036829440996636546,0.008973593418074714,-0.010795290415033144,-2.019210780299577,-135.57682500954976,0.0,-0.08701041221076256,6.007156098350334,0.0,101.113,0.017730159610740124,0.0009136946758381281,-4.945030325152607,1.5699773688757634,0.01965603549908637,-0.010309877537999716,-4.962868432285809,0.01676019972091882,0.005695806440874307,-0.0,1.5680009621521802,-2.0026116745471882,-135.59052775665182,0.0,-9.887705645896322e-05,5.999999999992211,0.0,1.570812806304305,87.0,0.05477360943892395,0.0602846932965671,0.05703370820967955,0.23334215060139557,0.3552060969959187,0.047437907187838746,0.1348991024508915,0.21095528987975232,-34.3650372439536,0.1535517547023697
101.3,-2.017762445877132,164.37304088397266,5.189,0.0,5.98,0.0,1.5679354048941772,-0.02208244704657355,-0.0011031187858039635,0.0007452940048289268,-2.020506439871115,-134.9762670649836,0.0,-0.08412537963120406,6.002572676438843,0.0,101.212,0.019866122835025705,-0.0022759823251512906,-4.96996138428282,1.5717621153624306,0.01970192650982122,-0.0012037725998046212,-4.964393786716299,0.0027648090212149035,0.03683082397243709,-0.0,1.5703368143193919,-2.0026215622528203,-134.99052775673422,0.0,-9.887705636570448e-05,5.999999999992211,0.0,1.5708128063042894,88.0,0.05133526939589433,0.057137816140050625,0.055762128199988194,0.2295618742891499,0.35359125641017264,0.04555031812295842,0.13379668088731722,0.20671126889303237,-34.69467434327977,0.1510304984482152
101.4,-2.0268516010720106,164.97221349739547,5.188,0.0,5.98,0.0,1.568604239556242,-0.03406611011587166,-0.003586871255441166,0.013935540795489046,-2.0216863245719217,-134.2560579702666,0.0,-0.08867948197663535,5.999653706636932,0.0,101.311,0.021344981764399633,-0.0031492544919420606,-4.942011927710577,1.573867695620087,0.019182866457587586,0.0017998997283554005,-4.963191012578891,-0.009289147766357551,0.03812844900385137,-0.0,1.5723398532363841,-2.0026334274995783,-134.2705277568331,0.0,-9.887705630442017e-05,5.999999999992211,0.0,1.5708128063042792,89.0,0.050876947530130556,0.05697322904275747,0.05504341249789786,0.2297166587334203,0.35353108643923487,0.04542770806193117,0.13380204136219095,0.20658482518795784,-34.75824953274868,0.15105552842469414
101.5,-2.0268517363502028,165.57138611207876,5.188,0.0,5.98,0.0,1.5694747195255498,-0.023949955350861873,-0.00634608156778463,0.013665052692417388,-2.0222760082694986,-133.77598402711806,0.0,-0.09297282999915407,5.999952569214884,0.0,101.41,0.02091638776501089,-0.00027461333833514456,-4.9720704778740785,1.5742528755801115,0.01858997860926917,0.00108569404106594,-4.966447822516127,-0.008833272690375557,0.03066547989870383,-0.0,1.5722659255208251,-2.002641337664084,-133.79052775689902,0.0,-9.887705645629868e-05,5.999999999992211,0.0,1.5708128063043045,90.0,0.05082441435501905,0.05704018726319661,0.05461370277558831,0.22967044969531858,0.35330173398335946,0.045442233334369704,0.1337831794297067,0.20635292695604626,-34.77893855137443,0.15087059798248523
101.6,-2.02685187088597,166.17055872558078,5.188,0.0,5.98,0.0,1.5705727635966633,-0.010318082452165043,-0.003028865652781961,0.010383187616798847,-2.022853425996018,-133.17573563879492,0.0,-0.09939092279532227,6.002192304765159,0.0,101.509,0.01746759778203116,-0.007347406193519673,-4.976414551333783,1.5665554818999663,0.01942455260411697,-0.0017130043972214317,-4.965250084423808,0.0005627436468722862,0.018105538159612244,-0.0,1.5707025065642186,-2.00265122536972,-133.1905277569814,0.0,-9.887705689727927e-05,5.999999999992211,0.0,1.570812806304378,91.0,0.05079341605062062,0.056929772760925604,0.05429606987605781,0.22925573381648737,0.3529420851075794,0.04537533822659843,0.13368898278197783,0.20582700570896792,-34.80075066505672,0.15045708672118968
