timestamp,quad_x,quad_y,quad_z,quad_vx,quad_vy,quad_vz,quad_yaw,quad_omgx,quad_omgy,quad_omgz,quad_true_x,quad_true_y,quad_true_z,quad_true_vx,quad_true_vy,quad_true_vz,landing_pad_raw_stamp,landing_pad_x_raw,landing_pad_y_raw,landing_pad_z_raw,landing_pad_yaw_raw,landing_pad_x,landing_pad_y,landing_pad_z,landing_pad_vx,landing_pad_vy,landing_pad_vz,landing_pad_yaw,landing_pad_true_x,landing_pad_true_y,landing_pad_true_z,landing_pad_true_vx,landing_pad_true_vy,landing_pad_true_vz,landing_pad_true_yaw,measure_lag,sigma_px,sigma_py,sigma_pz,sigma_v,sigma_a,sigma_yaw,sigma_yaw_rate,covar_trace,covar_det_log,covar_max_eig
180.8,6.064139858666384e-11,1.7001925735338208e-10,0.01,0.0,0.0,0.0,1.5520759868111946,0.0003485667454024665,0.00034787742492581634,-0.0008394351180067341,0.00020594531885129508,0.0007092424649211622,0.0,-0.0,0.0,0.0,0.0,0.0,0.0,0.0,0.0,0.0,0.0,0.0,0.0,0.0,-0.0,0.0,-2.0,-8.624095593485096e-19,0.0,0.0,0.0,0.0,1.5707963267948963,0.0,0.3872983346207417,0.3872983346207417,0.3872983346207417,0.7071067811865476,1.224744871391589,0.3872983346207417,0.7071067811865476,3.1,-8.56930919255525,1.5
180.9,6.064139858666384e-11,1.7001925735338208e-10,0.01,0.01,0.0,0.0,1.5520946467902998,0.00027182910429530467,0.00043245982990300076,-0.0008946062972770637,0.00020594531885129508,0.0007092424649211622,0.0,-0.0,0.0,0.0,0.0,0.0,0.0,0.0,0.0,0.0,0.0,0.0,-0.01,0.0,-0.0,0.0,-2.0,-8.624095593485096e-19,0.0,0.0,0.0,0.0,1.5707963267948963,0.0,0.3872983346207417,0.3872983346207417,0.3872983346207417,0.7071067811865476,1.224744871391589,0.3872983346207417,0.7071067811865476,3.1,-8.56930919255525,1.5
181.0,0.0,0.0,0.009,0.01,0.0,0.0,1.5520962766048052,0.00043801109166576035,0.00042478619541118725,-0.0007938165137748197,0.00020594531885129508,0.0007092424649211622,0.0,-0.0,0.0,0.0,0.0,0.0,0.0,0.0,0.0,0.0,0.0,0.0,-0.01,0.0,-0.0,0.0,-2.0,-8.624095593485096e-19,0.0,0.0,0.0,0.0,1.5707963267948963,0.0,0.3872983346207417,0.3872983346207417,0.3872983346207417,0.7071067811865476,1.224744871391589,0.3872983346207417,0.7071067811865476,3.1,-8.56930919255525,1.5
181.1,0.0,0.0,0.008,0.01,-0.01,0.0,1.552113271379147,0.0003604788768192795,0.0003828281544947871,-0.0008934958768211909,0.00020594531885129508,0.0007092424649211622,0.0,-0.0,0.0,0.0,0.0,0.0,0.0,0.0,0.0,0.0,0.0,0.0,-0.01,0.01,-0.0,0.0,-2.0,-8.624095593485096e-19,0.0,0.0,0.0,0.0,1.5707963267948963,0.0,0.3872983346207417,0.3872983346207417,0.3872983346207417,0.7071067811865476,1.224744871391589,0.3872983346207417,0.7071067811865476,3.1,-8.56930919255525,1.5
181.2,0.0,0.0,0.007,0.01,-0.01,0.0,1.5521303611483912,0.0003889843989364247,0.0004396535665493704,-0.0009148326899695667,0.00020594531885129508,0.0007092424649211622,0.0,-0.0,0.0,0.0,0.0,0.0,0.0,0.0,0.0,0.0,0.0,0.0,-0.01,0.01,-0.0,0.0,-2.0,-8.624095593485096e-19,0.0,0.0,0.0,0.0,1.5707963267948963,0.0,0.3872983346207417,0.3872983346207417,0.3872983346207417,0.7071067811865476,1.224744871391589,0.3872983346207417,0.7071067811865476,3.1,-8.56930919255525,1.5
181.3,0.0,0.0,0.006,0.01,-0.01,0.0,1.5521466034140925,0.00036041221022652657,0.000463823081471594,-0.0008134655429669789,0.00020594531885129508,0.0007092424649211622,0.0,-0.0,0.0,0.0,0.0,0.0,0.0,0.0,0.0,0.0,0.0,0.0,-0.01,0.01,-0.0,0.0,-2.0,-8.624095593485096e-19,0.0,0.0,0.0,0.0,1.5707963267948963,0.0,0.3872983346207417,0.3872983346207417,0.3872983346207417,0.7071067811865476,1.224744871391589,0.3872983346207417,0.7071067811865476,3.1,-8.56930919255525,1.5
181.4,0.0,0.0,0.004,0.01,-0.01,0.0,1.5521643190321066,0.0003117718621382326,0.000502445930636878,-0.0009040122951459914,0.00020594531885129508,0.0007092424649211622,0.0,-0.0,0.0,0.0,0.0,0.0,0.0,0.0,0.0,0.0,0.0,0.0,-0.01,0.01,-0.0,0.0,-2.0,-8.624095593485096e-19,0.0,0.0,0.0,0.0,1.5707963267948963,0.0,0.3872983346207417,0.3872983346207417,0.3872983346207417,0.7071067811865476,1.224744871391589,0.3872983346207417,0.7071067811865476,3.1,-8.56930919255525,1.5
181.5,0.0,0.0,0.002,0.01,-0.01,0.0,1.5521835433926918,0.0003712667113884293,0.00030303863583866156,-0.0009591517022333354,0.00020594531885129508,0.0007092424649211622,0.0,-0.0,0.0,0.0,0.0,0.0,0.0,0.0,0.0,0.0,0.0,0.0,-0.01,0.01,-0.0,0.0,-2.0,-8.624095593485096e-19,0.0,0.0,0.0,0.0,1.5707963267948963,0.0,0.3872983346207417,0.3872983346207417,0.3872983346207417,0.7071067811865476,1.224744871391589,0.3872983346207417,0.7071067811865476,3.1,-8.56930919255525,1.5
181.6,0.0,0.0,0.001,0.01,-0.01,0.0,1.5522142751750092,0.00039967313482245915,0.00039424740487000945,-0.0010044184490186744,0.0002061551251316937,0.0007089888687338226,0.0,1.8620321953035948e-08,-2.5374997761240214e-05,0.0,0.0,0.0,0.0,0.0,0.0,0.0,0.0,0.0,-0.01,0.01,-0.0,0.0,-2.0,-8.624095593485096e-19,0.0,0.0,0.0,0.0,1.5707963267948963,0.0,0.3872983346207417,0.3872983346207417,0.3872983346207417,0.7071067811865476,1.224744871391589,0.3872983346207417,0.7071067811865476,3.1,-8.56930919255525,1.5
181.7,0.0,0.0,0.001,0.01,-0.01,-0.05,1.552320416146193,-0.02194718362425859,-0.007071674343460907,0.0028725720912925524,0.0002342326884499705,0.0007443866515748317,0.0,-5.858863748826428e-07,0.0007142713567008458,0.0,0.0,0.0,0.0,0.0,0.0,0.0,0.0,0.0,-0.01,0.01,0.05,0.0,-2.0,-8.624095593485096e-19,0.0,0.0,0.0,0.0,1.5707963267948963,0.0,0.3872983346207417,0.3872983346207417,0.3872983346207417,0.7071067811865476,1.224744871391589,0.3872983346207417,0.7071067811865476,3.1,-8.56930919255525,1.5
181.8,6.064139858666384e-11,1.7001925735338208e-10,0.01,0.01,-0.01,-0.13,1.5522848247226815,-0.015482771023485251,-0.0074788397444935486,-0.0037275406102441648,0.0002689645203893637,0.000915610690945572,0.0,-2.1190091860396344e-06,0.00281805145344615,0.0,0.0,0.0,0.0,0.0,0.0,0.0,0.0,0.0,-0.01,0.01,0.13,0.0,-2.0,-8.624095593485096e-19,0.0,0.0,0.0,0.0,1.5707963267948963,0.0,0.3872983346207417,0.3872983346207417,0.3872983346207417,0.7071067811865476,1.224744871391589,0.3872983346207417,0.7071067811865476,3.1,-8.56930919255525,1.5
181.9,4.376008062856318e-11,1.1882503488103158e-10,0.026,0.01,0.0,-0.22,1.5523237502810099,-0.005652670113384524,-0.006222275798838119,0.0011874648723344146,0.0002691536405854318,0.0013939592194629575,0.0,-5.036238184106522e-06,0.006546002753196827,0.0,0.0,0.0,0.0,0.0,0.0,0.0,0.0,0.0,-0.01,0.0,0.22,0.0,-2.0,-8.624095593485096e-19,0.0,0.0,0.0,0.0,1.5707963267948963,0.0,0.3872983346207417,0.3872983346207417,0.3872983346207417,0.7071067811865476,1.224744871391589,0.3872983346207417,0.7071067811865476,3.1,-8.56930919255525,1.5
182.0,-2.516780707451094e-10,1.6606171993061025e-10,0.053,0.01,0.0,-0.31,1.5523337005313973,0.0033352256662380862,-0.003752326222399089,0.00035543615522356,0.00019236844298663313,0.002283809518632588,0.0,-8.236997758787021e-06,0.010830882973732714,0.0,0.0,0.0,0.0,0.0,0.0,0.0,0.0,0.0,-0.01,0.0,0.31,0.0,-2.0,-8.624095593485096e-19,0.0,0.0,0.0,0.0,1.5707963267948963,0.0,0.3872983346207417,0.3872983346207417,0.3872983346207417,0.7071067811865476,1.224744871391589,0.3872983346207417,0.7071067811865476,3.1,-8.56930919255525,1.5
182.1,-1.4727659369828672e-10,-3.045866753259574e-10,0.089,0.01,0.0,-0.4,1.5522815241154768,0.009052180749196444,-0.0038930478447582596,-0.005623561535108839,-4.1774781027064485e-05,0.003898006800129406,0.0,-1.1616337752749543e-05,0.015491842105016399,0.0,0.0,0.0,0.0,0.0,0.0,0.0,0.0,0.0,-0.01,0.0,0.4,0.0,-2.0,-8.624095593485096e-19,0.0,0.0,0.0,0.0,1.5707963267948963,0.0,0.3872983346207417,0.3872983346207417,0.3872983346207417,0.7071067811865476,1.224744871391589,0.3872983346207417,0.7071067811865476,3.1,-8.56930919255525,1.5
182.2,7.840768312394886e-11,3.242961316152204e-10,0.136,0.01,0.0,-0.5,1.5523004541781285,0.007831188675680365,-0.0007223254628580069,-0.00603774994991826,-0.00030299836755681784,0.005252407264059499,0.0,-1.2613404790315768e-05,0.01794897278615584,0.0,0.0,0.0,0.0,0.0,0.0,0.0,0.0,0.0,-0.01,0.0,0.5,0.0,-2.0,-8.624095593485096e-19,0.0,0.0,0.0,0.0,1.5707963267948963,0.0,0.3872983346207417,0.3872983346207417,0.3872983346207417,0.7071067811865476,1.224744871391589,0.3872983346207417,0.7071067811865476,3.1,-8.56930919255525,1.5
182.3,-1.901516999414099e-10,5.941729053215994e-11,0.192,0.01,0.0,-0.6,1.5524087241527178,0.00832229107169106,-0.0010751186236398918,0.0018006472915140597,-0.000876633671896311,0.007581195370085638,0.0,-1.4809091249574903e-05,0.02046922862944068,0.0,0.0,0.0,0.0,0.0,0.0,0.0,0.0,0.0,-0.01,0.0,0.6,0.0,-2.0,-8.624095593485096e-19,0.0,0.0,0.0,0.0,1.5707963267948963,0.0,0.3872983346207417,0.3872983346207417,0.3872983346207417,0.7071067811865476,1.224744871391589,0.3872983346207417,0.7071067811865476,3.1,-8.56930919255525,1.5
182.4,9.617397156436169e-11,4.785730145506761e-10,0.258,0.01,0.0,-0.7,1.5524043841895203,0.0066669103007865466,-0.0008110842197158308,0.003376852924586337,-0.001388186894061362,0.009266184837289863,0.0,-1.626271687384294e-05,0.021473575463467055,0.0,0.0,0.0,0.0,0.0,0.0,0.0,0.0,0.0,-0.01,0.0,0.7,0.0,-2.0,-8.624095593485096e-19,0.0,0.0,0.0,0.0,1.5707963267948963,0.0,0.3872983346207417,0.3872983346207417,0.3872983346207417,0.7071067811865476,1.224744871391589,0.3872983346207417,0.7071067811865476,3.1,-8.56930919255525,1.5
182.5,-2.3810640958910056e-10,0.011095778581980575,0.334,0.01,0.0,-0.8,1.5523486575719454,0.0055358970903824365,0.00055666293711594,-0.00239365248402127,-0.0021779501367634718,0.011453470448529528,0.0,-1.5036660076276747e-05,0.022128329169463928,0.0,0.0,0.0,0.0,0.0,0.0,0.0,0.0,0.0,-0.01,0.0,0.8,0.0,-2.0,-8.624095593485096e-19,0.0,0.0,0.0,0.0,1.5707963267948963,0.0,0.3872983346207417,0.3872983346207417,0.3872983346207417,0.7071067811865476,1.224744871391589,0.3872983346207417,0.7071067811865476,3.1,-8.56930919255525,1.5
182.6,7.509803889860223e-11,0.011095778689020758,0.42,0.0,0.0,-0.9,1.552345392354999,0.003886785924319973,0.000567474636986206,-0.004949827451684484,-0.003136917423877553,0.013672980565303701,0.0,-1.454252215192438e-05,0.02219814995798689,0.0,0.0,0.0,0.0,0.0,0.0,0.0,0.0,0.0,0.0,0.0,0.9,0.0,-2.0,-8.624095593485096e-19,0.0,0.0,0.0,0.0,1.5707963267948963,0.0,0.3872983346207417,0.3872983346207417,0.3872983346207417,0.7071067811865476,1.224744871391589,0.3872983346207417,0.7071067811865476,3.1,-8.56930919255525,1.5
182.7,-4.2825809565272266e-10,0.011095778641397852,0.52,0.0,0.0,-1.0,1.5523481919106583,0.005672250657606349,0.002053157617163204,-0.002298654547922519,-0.004505309689461315,0.016300552920757733,0.0,-1.4846701502044714e-05,0.021549854702692214,0.0,0.0,0.0,0.0,0.0,0.0,0.0,0.0,0.0,0.0,0.0,1.0,0.0,-2.0,-8.624095593485096e-19,0.0,0.0,0.0,0.0,1.5707963267948963,0.0,0.3872983346207417,0.3872983346207417,0.3872983346207417,0.7071067811865476,1.224744871391589,0.3872983346207417,0.7071067811865476,3.1,-8.56930919255525,1.5
182.8,-5.441228023705946e-11,0.01109577891845731,0.626,0.0,0.0,-1.11,1.5523691019651036,0.002228132716446179,0.002001792552243244,-0.0031440499602951796,-0.005542986498787771,0.017989706600755852,0.0,-1.2700813867570648e-05,0.02074777252129852,0.0,0.0,0.0,0.0,0.0,0.0,0.0,0.0,0.0,0.0,0.0,1.11,0.0,-2.0,-8.624095593485096e-19,0.0,0.0,0.0,0.0,1.5707963267948963,0.0,0.3872983346207417,0.3872983346207417,0.3872983346207417,0.7071067811865476,1.224744871391589,0.3872983346207417,0.7071067811865476,3.1,-8.56930919255525,1.5
182.902,-1.1416867451430335e-10,0.011095778851520743,0.741,0.0,0.0,-1.21,1.552379080155168,0.002562541979509019,0.0008892279648708415,0.0024160161347618735,-0.007273533971779584,0.020379917682790863,0.0,-1.0605540879883776e-05,0.019190299774230007,0.0,0.0,0.0,0.0,0.0,0.0,0.0,0.0,0.0,0.0,0.0,1.21,0.0,-2.0,-8.624095593485096e-19,0.0,0.0,0.0,0.0,1.5707963267948963,0.0,0.3872983346207417,0.3872983346207417,0.3872983346207417,0.7071067811865476,1.224744871391589,0.3872983346207417,0.7071067811865476,3.1,-8.56930919255525,1.5
183.0,-9.640244158504174e-11,0.011095779005797557,0.864,0.0,0.0,-1.31,1.5523359021779635,0.00112918536598366,0.002441785352158833,0.00037366460601156586,-0.008530189874094875,0.02186031913287118,0.0,-1.0358260180915107e-05,0.017986365231199276,0.0,0.0,0.0,0.0,0.0,0.0,0.0,0.0,0.0,0.0,0.0,1.31,0.0,-2.0,-8.624095593485096e-19,0.0,0.0,0.0,0.0,1.5707963267948963,0.0,0.3872983346207417,0.3872983346207417,0.3872983346207417,0.7071067811865476,1.224744871391589,0.3872983346207417,0.7071067811865476,3.1,-8.56930919255525,1.5
183.103,-1.7994716827729462e-11,0.011095779330093758,0.997,0.0,0.0,-1.41,1.5523208948459963,0.00032265577311649626,0.0028843528030807228,-0.005381502385260624,-0.010541449103663123,0.02389464661265079,0.0,-9.918579530407625e-06,0.016082514899009345,0.0,0.0,0.0,0.0,0.0,0.0,0.0,0.0,0.0,0.0,0.0,1.41,0.0,-2.0,-8.624095593485096e-19,0.0,0.0,0.0,0.0,1.5707963267948963,0.0,0.3872983346207417,0.3872983346207417,0.3872983346207417,0.7071067811865476,1.224744871391589,0.3872983346207417,0.7071067811865476,3.1,-8.56930919255525,1.5
183.2,1.8169576954107924e-10,0.011095779994428345,1.142,0.0,0.0,-1.52,1.5524383960899453,0.00020438726029691024,0.00458424791224434,0.002734958103692259,-0.011949920920751374,0.025123982165451305,0.0,-8.895631445871962e-06,0.014805348520140413,0.0,0.0,0.0,0.0,0.0,0.0,0.0,0.0,0.0,0.0,0.0,1.52,0.0,-2.0,-8.624095593485096e-19,0.0,0.0,0.0,0.0,1.5707963267948963,0.0,0.3872983346207417,0.3872983346207417,0.3872983346207417,0.7071067811865476,1.224744871391589,0.3872983346207417,0.7071067811865476,3.1,-8.56930919255525,1.5
183.3,-1.7349882641681802e-10,0.011095779594982091,1.298,0.0,0.0,-1.62,1.552442223825727,0.0005131669371161769,0.0007816753596081601,0.003126088025373638,-0.013765178427099622,0.026513860407298192,0.0,-7.895494237308765e-06,0.013164687302951197,0.0,0.0,0.0,0.0,0.0,0.0,0.0,0.0,0.0,0.0,0.0,1.62,0.0,-2.0,-8.624095593485096e-19,0.0,0.0,0.0,0.0,1.5707963267948963,0.0,0.3872983346207417,0.3872983346207417,0.3872983346207417,0.7071067811865476,1.224744871391589,0.3872983346207417,0.7071067811865476,3.1,-8.56930919255525,1.5
183.4,-0.009089150022719705,0.02219156125528088,1.468,0.0,-0.01,-1.73,1.5524150049921612,-0.0012418119308270975,0.0018912381161276337,-0.004980343811660038,-0.015615041991621975,0.027739146828969434,0.0,-6.250048790014098e-06,0.011536042729077269,0.0,0.0,0.0,0.0,0.0,0.0,0.0,0.0,0.0,0.0,0.01,1.73,0.0,-2.0,-8.624095593485096e-19,0.0,0.0,0.0,0.0,1.5707963267948963,0.0,0.3872983346207417,0.3872983346207417,0.3872983346207417,0.7071067811865476,1.224744871391589,0.3872983346207417,0.7071067811865476,3.1,-8.56930919255525,1.5
183.5,-0.009089150535188217,0.0221915620537968,1.65,0.0,-0.01,-1.8,1.5524122594532113,0.0011191779966783983,0.002337456272162822,-0.002294193295479614,-0.017474511175784933,0.02880604286465407,0.0,-5.0779416434531445e-06,0.00999422244708247,0.0,0.0,0.0,0.0,0.0,0.0,0.0,0.0,0.0,0.0,0.01,1.8,0.0,-2.0,-8.624095593485096e-19,0.0,0.0,0.0,0.0,1.5707963267948963,0.0,0.3872983346207417,0.3872983346207417,0.3872983346207417,0.7071067811865476,1.224744871391589,0.3872983346207417,0.7071067811865476,3.1,-8.56930919255525,1.5
183.6,-0.009089150708458726,0.022191562544154553,1.837,0.0,-0.01,-1.84,1.552392921471272,0.000275016986947526,0.0016525790307179249,-0.0026655076141302086,-0.01932430224299453,0.02972155609334753,0.0,-3.983485759157263e-06,0.008524143378926595,0.0,183.514,-2.325030656980356,-0.008336636529565455,-1.7535434906230032,1.8151393975150338,9.812675710763462e-17,0.0007999999999998957,0.1465700000000006,-6.718558138311241e-17,0.01,1.84,-7.473180699837852e-16,-2.0,-8.624095593485096e-19,0.0,0.0,0.0,0.0,1.5707963267948963,49.0,0.3919414764831877,0.3878143885933063,0.38781438859330614,0.7152660444547888,1.226376777340471,0.3919218763669615,0.7085195833567342,3.12562639251282,-8.547906218439076,1.518399345446243
183.7,-0.009089150821087633,0.02219156320453164,2.026,0.0,-0.01,-1.85,1.552378769093428,0.0004310268481369788,0.0023626448383265754,-0.001842186303173575,-0.0211507031147771,0.03049378104349333,0.0,-3.1805385832995093e-06,0.007094330205461282,0.0,183.613,-2.0015800954473866,0.0641122680918502,-1.7031694497437024,1.5513392136323294,-1.991066107866752,0.023143316689162977,-1.3581829649815367,0.003203333878508326,-0.36401876584605414,1.85,1.579360751497059,-2.0,-8.624095593485096e-19,0.0,0.0,0.0,0.0,1.5707963267948963,48.0,0.03775812188842976,0.08579621664161813,0.09958314562983477,0.7209512499163934,1.2279351924165096,0.08436100559858928,0.6867329999175407,2.525018003424421,-25.35297047827691,1.5749221525597679
183.8,-0.009089151011239305,0.022191563643695345,2.214,0.0,-0.01,-1.83,1.55236169608799,-0.000610380740420005,0.002512258083321699,-0.0034102555659316636,-0.02329310019904164,0.031236613502871984,0.0,-2.1779243992769175e-06,0.005450127269456701,0.0,183.712,-2.0064760067708383,0.06357631649536626,-1.8934163821260677,1.5521578315987787,-2.0009614330330896,0.04823437199410422,-1.4077792454241926,0.000525030506110942,-0.10097082664564196,1.83,1.575527539533255,-2.0,-8.624095593485096e-19,0.0,0.0,0.0,0.0,1.5707963267948963,48.0,0.033345598839793204,0.07348485511222176,0.07444452928240691,0.47275561202764604,1.21225886566794,0.07024191605436718,0.40578497063395536,1.8747187360904713,-28.754918736181658,1.5350726246038724
183.903,-0.009089151106987048,0.022191564735012825,2.399,0.0,-0.01,-1.79,1.552330761277352,-0.0004354228875635436,0.002715181937767264,-0.001951830977699838,-0.025018250061090323,0.03171059909903929,0.0,-1.6571670581288559e-06,0.004183861908873982,0.0,183.877,-2.0102579248225876,0.06923387636034545,-2.1998547929319403,1.5524830737726965,-2.007427172950684,0.0671913524389863,-1.534107862901512,8.626537496409389e-05,0.017900046690984536,1.79,1.5598771575940513,-2.0,-8.624095593485096e-19,0.0,0.0,0.0,0.0,1.5707963267948963,26.0,0.033127589566693476,0.06496910318487967,0.06449269585370569,0.3840761008245694,1.175538885927233,0.05850124195672628,0.2643348731392235,1.6121791733972795,-30.807900957984927,1.463945803002407
184.0,-0.01817830366248563,0.02219156526416377,2.578,0.0,-0.01,-1.74,1.5523163611677033,-0.0013388615336865088,0.0014558759567647292,-0.00172537076827786,-0.02634614271452245,0.03200336082835439,0.0,-1.119451029283646e-06,0.0032671170192326003,0.0,183.91,-2.0144969706680467,0.06316273636980028,-2.2654020280375238,1.551916999081801,-2.0096214082687665,0.06640636715188862,-1.4720015749929054,0.00010290767606977534,0.02018977855705855,1.74,1.5606975619275796,-2.0,-8.624095593485096e-19,0.0,0.0,0.0,0.0,1.5707963267948963,50.0,0.03229927871847486,0.05785306247630456,0.05893095489909469,0.35698392178856486,1.0961682886487412,0.0482324632881619,0.19569005725177155,1.3775064841656397,-32.46492474466357,1.2941395807862937
184.1,-0.018178304235595633,0.022191566272406815,2.751,0.0,-0.02,-1.69,1.552283096187983,0.00010852703208488659,0.0031241878197432772,-0.004867853797882723,-0.0279213581736817,0.03226941045129444,0.0,-6.118151758302765e-07,0.002192360167870423,0.0,183.976,-2.015927322002216,0.06590358674012613,-2.3852498546789644,1.551531828107127,-2.0116004540019805,0.0702476513189825,-1.4186869104311448,0.0002505977703769998,0.044281743925657785,1.69,1.5604762742249871,-2.0,-8.624095593485096e-19,0.0,0.0,0.0,0.0,1.5707963267948963,45.0,0.03572085001294215,0.07353464795685084,0.05928289048094498,0.39745831094535944,1.0357951785935078,0.05412919755926204,0.18048689461887857,1.276548034774231,-32.21858291706442,1.2037160191028953
184.2,-0.018178304929988398,0.022191566181118505,2.918,0.0,-0.02,-1.62,1.5788894184541442,-0.0022102697094195404,0.0004897545374933255,-0.0025579145188398085,-0.029663994026270665,0.03245900698326755,0.0,-1.906714195689972e-07,0.001078825088862985,0.0,184.174,-2.03042358685781,0.01797285152506672,-2.744568932266629,1.5746956906491447,-2.0219769269833314,0.020033664036404362,-1.6901534668897265,0.0006068209416372583,-0.1619407073105288,1.62,1.5741315820026416,-2.0,-8.624095593485096e-19,0.0,0.0,0.0,0.0,1.5707963267948963,26.0,0.03299287904422415,0.05791710652361258,0.056053971257396515,0.3357534971380715,0.833243627456465,0.04362601045690349,0.15112665163093647,0.8393528161482368,-33.9770169340975,0.7876051980644516
184.302,-0.018178305563739894,0.022191567019342218,3.08,0.0,-0.02,-1.56,1.5790163819354512,-0.0011421996329908804,0.0039894380129547055,0.0017697960436088866,-0.0309740796469156,0.032523810126789926,0.0,-9.894589305309851e-08,0.00030834956106266256,0.0,184.273,-2.0367201539315394,0.012888659079964662,-2.9129948096125204,1.579138484970308,-2.0277767499696484,0.004914417914243437,-1.8050660403092402,0.0022336875275194034,-0.17797172408449416,1.56,1.582078709468862,-2.0,-8.624095593485096e-19,0.0,0.0,0.0,0.0,1.5707963267948963,29.0,0.032601337461629874,0.05609548381293552,0.05422767414712398,0.31392503490554063,0.7008200487467937,0.04147836054994095,0.14128275704616172,0.6185291312502799,-34.710077684088404,0.572977681376474
184.4,-0.018178305441572062,0.022191567462463313,3.237,0.0,-0.02,-1.49,1.579186219782803,-0.0018882174351184937,-0.0010153229704776517,0.0012136789853266123,-0.03191964658677416,0.03252422537487916,0.0,7.314120617257378e-08,-0.00021761937883610756,0.0,184.306,-2.025463598366094,0.014965824064673231,-2.9474034937328764,1.580116909248247,-2.0268425632452107,-0.006541416060714912,-1.7875759904891755,0.003202903192632656,-0.17582192194202056,1.49,1.5871510718990167,-2.0,-8.624095593485096e-19,0.0,0.0,0.0,0.0,1.5707963267948963,54.0,0.032225924998772304,0.053354667891656514,0.05292687515020479,0.28731781918275484,0.5867395541709155,0.04007764447840397,0.13584733420007164,0.45356203438584314,-35.337967229764274,0.411323192268512
184.5,-0.018178306119083665,0.022191568181862076,3.388,0.01,-0.02,-1.42,1.579162205630217,-0.0018464315733203128,0.0020335197074515454,-0.002357171018084074,-0.03296339081938965,0.03247580056871656,0.0,2.561772879000991e-07,-0.0006756998791208236,0.0,184.405,-2.028548544145886,0.01945209081589121,-3.1083831280742706,1.579106341735879,-2.0282896389170553,0.001019139891410011,-1.9117195479368627,-0.007428861099930684,-0.10869292161138101,1.42,1.5907725372602861,-2.0,-8.624095593485096e-19,0.0,0.0,0.0,0.0,1.5707963267948963,55.0,0.03227524841633234,0.05191342508932502,0.05219212353009134,0.2655593228303801,0.5004727688683684,0.039759462223304724,0.13287462591993457,0.3466919404939716,-35.74570787932202,0.3061214008364016
184.6,-0.018178306796595045,0.02219156852151416,3.531,0.01,-0.02,-1.35,1.5790282311525683,-0.0014370358177587452,0.00014599690311405247,-0.0011704115878706913,-0.033849689091051495,0.032391540320393694,0.0,3.10408711334256e-07,-0.0009407291616136285,0.0,184.504,-2.0346205985541483,0.024472831394253183,-3.2642691725165456,1.580869075580915,-2.026151143530422,0.014307662715049569,-2.039933555639438,-0.00860073859586567,-0.039495567310501176,1.35,1.5943107424237053,-2.0,-8.624095593485096e-19,0.0,0.0,0.0,0.0,1.5707963267948963,56.0,0.03228676738979273,0.050272323578280376,0.051733168217555775,0.2462363324549442,0.4351014858218195,0.039518192457036326,0.13091888663901158,0.2748931393593544,-36.08363637514587,0.23537409810807014
184.7,-0.02726745997761748,0.02219156893966745,3.666,0.01,-0.02,-1.28,1.578976269872163,-0.001182920689590078,0.0009914911112079428,0.00411214395426582,-0.03457717493442052,0.03228668268524059,0.0,4.399153141079152e-07,-0.0011154753597758882,0.0,184.636,-1.9979424518431308,0.02439765137400437,-3.3892304927667096,1.5935133026988562,-2.008386929135851,0.02440200898829497,-2.1753548824205886,-0.009448476977779513,0.0024469187063707112,1.28,1.6022062898744955,-2.0,-8.624095593485096e-19,0.0,0.0,0.0,0.0,1.5707963267948963,24.0,0.03146110948438126,0.04609832960930711,0.05123798976928742,0.22403497298229347,0.38072845393288357,0.03785411922580239,0.1283098183831385,0.2187823575875302,-36.604266770729126,0.18079167891074466
184.8,-0.027267460376572128,0.022191569180888715,3.794,0.01,-0.02,-1.22,1.5788151296463346,-0.0012620207192352696,0.001325239351102622,-0.002458009788463964,-0.035150311505457374,0.032171490784873656,0.0,3.8584251417452657e-07,-0.0011650767310902729,0.0,184.702,-2.0511829051246595,0.018361595442091514,-3.563236927549551,1.574569130977804,-2.0272059956315935,0.01989896331378308,-2.317839240811411,-0.009475489559902522,-0.003429408670966517,1.22,1.5931794287640544,-2.0,-8.624095593485096e-19,0.0,0.0,0.0,0.0,1.5707963267948963,58.0,0.032097336052071865,0.04715149191739862,0.05112834091733437,0.2174933662554716,0.3514424975861218,0.0389085604675773,0.1286560090837734,0.19474904764236636,-36.61880810966612,0.1564254247707243
184.9,-0.02726746115848533,0.02219156999118943,3.915,0.01,-0.02,-1.15,1.5788532598551848,0.0,0.0,0.0,-0.03557288820734586,0.03205581498085889,0.0,5.280863565187901e-07,-0.0011257969589592897,0.0,184.834,-2.050579299435637,0.025268649579673078,-3.7189095441536746,1.5721684578588424,-2.0319759192408116,0.02574768204270417,-2.4715090338101646,-0.009989305660847348,0.018270101993841412,1.17,1.576978311443287,-2.0,-8.624095593485096e-19,0.0,0.0,0.0,0.0,1.5707963267948963,26.0,0.03132705947727191,0.04399329279135124,0.05083669581813426,0.20305403882064,0.32189079535207044,0.03748250067923556,0.12693615465330027,0.16786351613692152,-37.00846567117584,0.13055197671425717
185.0,-0.027267461523677206,0.022191570714545916,4.028,0.01,-0.02,-1.09,1.5787977334719638,0.0,0.0,0.0,-0.03588695365353477,0.03192298373505744,0.0,4.787974372369792e-07,-0.001081594304189261,0.0,184.933,-2.093979808947354,0.02358550755759906,-3.9093854269413164,1.598533109399419,-2.0605184164226285,0.02595614715545305,-2.6404879467042193,-0.010024697486440628,0.021370427602775306,1.1,1.588816113565673,-2.0,-8.624095593485096e-19,0.0,0.0,0.0,0.0,1.5707963267948963,27.0,0.03111187553156703,0.042842113161128195,0.050640174386605535,0.1951516570318662,0.30303768907860623,0.03708938731746195,0.12639717467282027,0.15263570138234975,-37.19551218464205,0.11562715600335349
185.1,-0.02726746244375433,0.022191570374120673,4.134,0.02,-0.02,-1.03,1.578830901594136,-0.0004425934737001938,0.0010270159844761526,0.0011076532196280325,-0.03598176379746299,0.03184091448298452,0.0,6.144708641007972e-07,-0.0009893483165260399,0.0,185.032,-2.1129969656210656,0.033875866972629745,-4.071328672957127,1.5720214207222856,-2.0862489034728373,0.0338655779908268,-2.812397514860047,-0.020444260356385607,0.04337621419216286,1.03,1.5897988426838499,-2.0,-8.624095593485096e-19,0.0,0.0,0.0,0.0,1.5707963267948963,28.0,0.0311902479916893,0.042579936182023714,0.05054745294330748,0.19017098755089384,0.28989081221652535,0.037224198694346566,0.1263899004139337,0.14290266294282342,-37.270983487110584,0.105866634744357
185.2,-0.027267462469747983,0.022191570789318993,4.235,0.02,-0.02,-0.97,1.578795588636074,-0.002247621723867908,0.00010940133644723092,0.0029589920583467538,-0.03597480935745359,0.03175127368844,0.0,5.138799678501673e-07,-0.0008059185474810927,0.0,185.131,-2.0590209627759073,0.034468911892910306,-4.0709100245173016,1.5811768999540945,-2.0752494722288772,0.03835360791380854,-2.9585124762189987,-0.020437137595348036,0.05056501298725806,0.97,1.585097246429242,-2.0,-8.624095593485096e-19,0.0,0.0,0.0,0.0,1.5707963267948963,29.0,0.031201233947161768,0.042208525065260925,0.05048533034181987,0.18581343656851515,0.27976280563786465,0.03724306066238244,0.1263048781362251,0.13543767360401276,-37.3450579515623,0.09842689991155466
185.3,-0.02726746297310423,0.022191571121442433,4.331,0.02,-0.02,-0.91,1.5786410263415918,0.0010795850180560648,0.0017828139292443666,-0.004005340095004218,-0.03583202972880004,0.031682040372594054,0.0,3.4871821138918367e-07,-0.0005854708954697386,0.0,185.23,-2.061241212898798,0.024132635105790137,-4.171476319576492,1.5802101982232535,-2.071736736970846,0.03021614172861578,-3.1023561399483053,-0.020093717565154542,0.026194255661610235,0.91,1.585924926631609,-2.0,-8.624095593485096e-19,0.0,0.0,0.0,0.0,1.5707963267948963,31.0,0.031205510843711943,0.041889503049883606,0.05044677169045869,0.1823108398641608,0.27214695189711025,0.037242652967425294,0.12623489476656327,0.1298968607624136,-37.4045540205828,0.09290840826727921
185.4,-0.027267462982216717,0.022191571587835135,4.422,0.02,-0.02,-0.85,1.5787413316455223,0.0,0.0,0.0,-0.03555717053313042,0.03163681669127065,0.0,2.7790125104241936e-07,-0.0003532565878638554,0.0,185.329,-2.075969567194487,0.024307597946888172,-4.299050213954417,1.5587612418159413,-2.071426526119362,0.02844761165244481,-3.242349898774595,-0.020001419231035943,0.02045753924234627,0.87,1.5738981951218827,-2.0,-8.624095593485096e-19,0.0,0.0,0.0,0.0,1.5707963267948963,31.0,0.031186232468818343,0.041584409045134746,0.05041560307200381,0.17947302634531292,0.26640763992249755,0.03720992759665969,0.12616592098842777,0.12572959332957345,-37.4564675141797,0.08877416453258957
185.504,-0.02726746352933307,0.022191571801133403,4.507,0.02,-0.02,-0.8,1.5787613681193926,0.0012104257418801877,0.0009880053197298985,0.006373282706494928,-0.03505949028437576,0.031610691162498865,0.0,1.427314035199434e-07,-0.00013970492902632477,0.0,185.428,-2.0969593418996433,0.02759219444058839,-4.424871628929391,1.5727883493372492,-2.080851659790894,0.029814542241602654,-3.3807872060520783,-0.020025758651682574,0.023039011223596043,0.8,1.5792721213735939,-2.0,-8.624095593485096e-19,0.0,0.0,0.0,0.0,1.5707963267948963,32.0,0.0315252564515657,0.04212236454644842,0.050600142776042,0.17833766699620449,0.2625686520577634,0.037755153387176325,0.12654802033480508,0.12351498340930414,-37.3980578366629,0.08626573882638536
185.6,-0.0272674640764492,0.022191572394178127,4.584,0.02,-0.01,-0.74,1.5787994880836944,-0.012375424606787831,-0.02343405216484979,0.0010499779760821792,-0.034538210637490754,0.03161428305000027,0.0,-2.3504782426754975e-07,0.00021984054301453523,0.0,185.494,-2.0869672230268113,0.021181781377211373,-4.4513066941311425,1.6014701985516184,-2.0849024986481632,0.026948308747949807,-3.421552409657794,-0.019927508101037106,0.006181811114926543,0.74,1.589779984425037,-2.0,-8.624095593485096e-19,0.0,0.0,0.0,0.0,1.5707963267948963,66.0,0.03440464237198143,0.04852566838468016,0.05266623999541055,0.18590072498335466,0.26396012144918624,0.042669334319523536,0.13008950593564372,0.12929012965483522,-36.63025634780211,0.08932239059556758
185.7,-0.02726746420684445,0.022191572900278622,4.655,0.02,-0.01,-0.66,1.580673623890851,-0.009556284256662549,-0.013737354179589071,0.04100498207515251,-0.034122263035218446,0.03166253965557948,0.0,-2.8250836815988873e-06,0.0009536354715105823,0.0,185.626,-2.1407450162906705,0.02233789019021279,-4.671366393867159,1.5748401320484493,-2.09542660813013,0.024313537080348804,-3.589233529832507,-0.01991205808877288,0.0023204691161789253,0.66,1.5822472954463418,-2.0,-8.624095593485096e-19,0.0,0.0,0.0,0.0,1.5707963267948963,34.0,0.03194005658128038,0.04225243361407038,0.05187659283684187,0.17516920671593647,0.2569122475813677,0.03826971504389267,0.12654148855728997,0.11966208959972224,-37.31506008395375,0.08218601853219192
185.8,-0.02726746439788119,0.022191572856613107,4.718,0.02,-0.01,-0.57,1.5826215344157555,-0.005810835979732779,-0.007989130942439516,-0.0031286102093659057,-0.033710309584091165,0.031848633864394155,0.0,-1.3391221128576817e-05,0.002687118350613968,0.0,185.725,-2.092807997389229,0.02992390988952301,-4.6240583447808605,1.572173610491859,-2.0954572915442293,0.0296598647981089,-3.7355999631947703,-0.020024375616921764,0.01581886844017319,0.57,1.574985367085226,-2.0,-8.624095593485096e-19,0.0,0.0,0.0,0.0,1.5707963267948963,35.0,0.03181597781362472,0.04209430561717753,0.051505521627897045,0.17457342636897147,0.255448940766851,0.038016568150765546,0.1265610622540847,0.11863001023374413,-37.36946401819088,0.0812089422938505
185.901,-0.027267465066280305,0.02219157272987271,4.77,0.01,-0.01,-0.48,1.5810997542601566,-0.001777367994621724,-0.005901970177351625,-0.029285773781060394,-0.033492885200393605,0.032339252034942825,0.0,-1.6147696711098054e-05,0.005316563250772419,0.0,185.824,-2.1066458683282425,0.037377148471803505,-4.730724586133889,1.5730727374255575,-2.0931796097556146,0.03885250432262123,-3.872551707016948,-0.010175576342120693,0.03525670998638642,0.48,1.5777478859652028,-2.0,-8.624095593485096e-19,0.0,0.0,0.0,0.0,1.5707963267948963,29.0,0.03180851464491009,0.04205987098002591,0.05132711999227198,0.17400768962094035,0.2542463185565036,0.03812526505701327,0.12672018979092725,0.11784669648054172,-37.379597422740055,0.08037717761493068
186.0,-0.027267464901237215,0.022191572808990312,4.813,0.01,0.0,-0.38,1.5793541828778128,0.00013437150554218485,0.0004059632301176025,-0.00893324148995244,-0.03355946376024527,0.03284897939486401,0.0,-1.3426667081147016e-05,0.007184346931074009,0.0,185.923,-2.0631311254196847,0.04579179546410327,-4.690271320934804,1.559814306339469,-2.0879318872871937,0.044852974378507805,-4.002559847563594,-0.009677064711256214,0.03615617443673091,0.38,1.561864886817829,-2.0,-8.624095593485096e-19,0.0,0.0,0.0,0.0,1.5707963267948963,37.0,0.03154376759337028,0.04149744430545786,0.05101689245795999,0.17281113609840454,0.2530014427779037,0.037596513614557736,0.12639586048229245,0.11658260066428713,-37.47111827934814,0.07936101601661139
186.101,-0.027267465196675555,0.02219157285622675,4.846,0.0,0.0,-0.28,1.5764723620985188,0.0008160271702347548,-0.0012652429071962294,-0.06366916720605387,-0.034013342049035895,0.033898730448049114,0.0,2.1657155601354487e-05,0.010066105063434803,0.0,186.022,-2.09392311135926,0.0253565823635519,-4.790660181665744,1.5808318552456728,-2.0909310914922887,0.035851166562855724,-4.064076856684581,1.4823096388061824e-05,0.012440554858441562,0.28,1.5696048132698228,-2.0,-8.624095593485096e-19,0.0,0.0,0.0,0.0,1.5707963267948963,38.0,0.03298696010339665,0.04412059281149436,0.05278492070903463,0.1748925693119966,0.25321861433100884,0.03986162987538584,0.12759557553301917,0.11839767197735221,-37.07268157850811,0.08002859683934499
186.2,-0.027267465092273957,0.022191573524817265,4.87,0.0,0.0,-0.18,1.5719659564227353,-0.000502034121691227,-0.0005181604093718997,-0.018107615474458827,-0.03456124246616482,0.03478805481389451,0.0,6.302328516860434e-05,0.01187411910278152,0.0,186.121,-2.0569298921743417,0.01956187507538702,-4.72797829908123,1.5764928508566998,-2.0801636089559103,0.02798012518265896,-4.188444950410606,-7.850231263552395e-06,-0.005342544941276957,0.18,1.5693269473699054,-2.0,-8.624095593485096e-19,0.0,0.0,0.0,0.0,1.5707963267948963,39.0,0.03211929420886202,0.042366323973409545,0.05202991034335192,0.17281210425597035,0.25209260055481053,0.03825279353601009,0.12664938928735692,0.1164517126898653,-37.322228319194025,0.07884892899994864
186.302,-0.027267465431472182,0.022191573453228752,4.884,0.0,0.0,-0.08,1.5711396846189183,-0.0001055131859240875,0.0016515028932591225,-0.007382944942393098,-0.035762297572971155,0.03640416702584341,0.0,9.038890260161758e-05,0.01472748881856391,0.0,186.22,-2.0746520917202766,0.02270557176642318,-4.795870744472894,1.5889766977022142,-2.089077671589127,0.02153635655470088,-4.319386951544248,0.0002572706611949318,-0.016762652316366772,0.08,1.5861429711447337,-2.0,-8.624095593485096e-19,0.0,0.0,0.0,0.0,1.5707963267948963,40.0,0.03119189359372781,0.04052990614498963,0.05136264191073952,0.17057436022237688,0.2509516043697125,0.03698389629003344,0.12590321174816585,0.1145454759164363,-37.56533354099639,0.07763440039378688
186.4,-0.027267465431472182,0.022191573453228752,4.887,0.0,0.0,-0.01,1.572970101670597,-3.797986251173962e-05,0.002834459331325412,0.054839827983146634,-0.03682223689063231,0.03767586692776216,0.0,6.85549310037657e-05,0.016683843907919736,0.0,186.319,-2.0833721026197543,0.016635554645910246,-4.836375506470521,1.5570298844894843,-2.088169828576973,0.0156971074097018,-4.4225641733622005,-9.255019762990157e-05,-0.02553190353847903,0.01,1.567171458318861,-2.0,-8.624095593485096e-19,0.0,0.0,0.0,0.0,1.5707963267948963,41.0,0.03148645107390089,0.04139920592176805,0.0509596973017747,0.17224338002279524,0.25162443218027286,0.03766216613256479,0.1266807611154996,0.11575127242759159,-37.48882099331114,0.07844957299751862
186.5,-0.027267465431472182,0.022191573453228752,4.883,0.0,0.0,0.01,1.5748624355208611,-9.255473440441412e-05,0.0017802783181128327,-0.02906284988451845,-0.03880509576842934,0.03989649400815649,0.0,5.4134392081419646e-05,0.019983648577366602,0.0,186.418,-2.0443074957029492,0.01481871205339532,-4.737381062492338,1.5843202641770484,-2.067135496892128,0.013894610282333221,-4.487479472564955,0.000164784894255564,-0.024276730618812317,-0.01,1.57758399380638,-2.0,-8.624095593485096e-19,0.0,0.0,0.0,0.0,1.5707963267948963,42.0,0.03184071351124591,0.04218582236475044,0.050792802640977706,0.17314042066548244,0.2518476346737133,0.03802965527219497,0.12696274214445863,0.11634401237754748,-37.41976781577976,0.07881061001763659
186.601,-0.03635662119942107,0.0332873587013216,4.88,-0.01,0.01,0.0,1.5736646981120597,-0.00034976646232262593,0.0010215997852577178,0.015510111743256798,-0.04081948996020691,0.042051573471712254,0.0,6.647611327391464e-05,0.022767226515744844,0.0,186.517,-2.053636384969638,0.01650921774058509,-4.762286440725299,1.5751572410737318,-2.0574499630926875,0.01281307976921766,-4.540553690283433,0.010175480219146518,-0.030585542969495415,-0.0,1.579320559996119,-2.0,-8.624095593485096e-19,0.0,0.0,0.0,0.0,1.5707963267948963,43.0,0.03190894559996481,0.04229680194941658,0.05071955853255499,0.17303752084602853,0.25166117823681045,0.03818730557582893,0.12702938139066586,0.11624974017790336,-37.4070940639977,0.0786780722314259
186.7,-0.03635662119942107,0.0332873587013216,4.88,-0.01,0.01,-0.03,1.5753056840647497,-0.001106084006116951,0.0005484749174475631,0.020176130621761625,-0.04266646528080642,0.04398380472799253,0.0,3.667705374853265e-05,0.025157588574382304,0.0,186.616,-2.0497818265181627,0.013434426030932364,-4.754150922760781,1.5756099563557318,-2.0522505059566134,0.010726185560661591,-4.58220144655704,0.010113209612383616,-0.02848424292485359,0.03,1.5769209052980773,-2.0,-8.624095593485096e-19,0.0,0.0,0.0,0.0,1.5707963267948963,44.0,0.03174027073197719,0.0419224101876114,0.05059289728680605,0.1724023321030841,0.2513035020630505,0.038035132738826284,0.1268773900997567,0.11574513222267258,-37.450018395933824,0.07831088501627624
186.802,-0.03635662119942107,0.0332873587013216,4.883,-0.01,0.01,-0.07,1.5763289775375766,0.00046221645525644354,0.0003244253636798867,0.004310479765687536,-0.0452621080208569,0.046669573403377046,0.0,9.73427270467852e-06,0.028209253444364316,0.0,186.715,-2.058094208879093,0.011827169149555674,-4.796859471453253,1.579078412137261,-2.0521924499487905,0.008589419183194884,-4.616057412469855,0.010121942211870861,-0.026633284977864047,0.07,1.5781274118714992,-2.0,-8.624095593485096e-19,0.0,0.0,0.0,0.0,1.5707963267948963,41.0,0.031745343146750586,0.04193175290586943,0.050551407202987654,0.17236509520472243,0.25124142126996724,0.03808390388215919,0.12690583646770195,0.11570893635462492,-37.44672698293394,0.07825893755289454
186.9,-0.045445778011843796,0.04438314594549553,4.889,-0.01,0.02,-0.1,1.5765923145834844,-0.000548256711161339,6.415318185358436e-06,-0.00014978422778192394,-0.048170863014578166,0.04965541933949561,0.0,2.653929186507599e-08,0.03120928393161231,0.0,186.814,-2.1281273663145357,0.009900049393324322,-4.992000718298347,1.5889426563935731,-2.0737350393015,0.006236162375869164,-4.6628132256002885,0.010146552309322402,-0.03391525725226022,0.1,1.5813277089020594,-2.0,-8.624095593485096e-19,0.0,0.0,0.0,0.0,1.5707963267948963,48.0,0.03171486676084067,0.0418722427749789,0.05052005355941534,0.17226563233085487,0.2511465087188638,0.03808958565357288,0.12693034422689697,0.11562353904515388,-37.454245096842584,0.07817865250051652
187.0,-0.04544577795120208,0.044383146495261094,4.897,-0.02,0.02,-0.12,1.5777237830359976,0.00018948364757123145,0.0011451452996398875,0.015739147528765363,-0.05206197279273534,0.05362730633599533,0.0,-5.1494011622346516e-05,0.034744527513702855,0.0,186.913,-2.068139167901671,0.006331266933147762,-4.843757336823238,1.5691905233057089,-2.0781022140830654,0.0040428150704916194,-4.696077759308251,0.019972393148929738,-0.03077636643598923,0.12,1.5682345365252588,-2.0,-8.624095593485096e-19,0.0,0.0,0.0,0.0,1.5707963267948963,50.0,0.03210515060582617,0.04275689604589615,0.0506526462319518,0.17347383377974276,0.25165910618702225,0.038776901130896636,0.12746831511868462,0.116601879578806,-37.348858991222016,0.07878515305733533
187.1,-0.045445778367923184,0.04438314620245931,4.907,-0.02,0.02,-0.14,1.5769877504233758,0.0006762740355423283,-0.002754010681626433,-0.0378846198254738,-0.055630340513167474,0.05725910500146732,0.0,6.416416389809975e-06,0.037625964596915494,0.0,187.012,-2.0228504416798754,0.005902826982920939,-4.757606160921415,1.577112897737051,-2.0464890079339115,0.0028372593974380664,-4.69335512308189,0.02000962338730893,-0.0261651141992016,0.14,1.5723572677899977,-2.0,-8.624095593485096e-19,0.0,0.0,0.0,0.0,1.5707963267948963,48.0,0.03218812730607659,0.042907840038646755,0.050728657043428896,0.17352682864643046,0.25164993177564854,0.03888853652234565,0.12749716804278027,0.11665764947623908,-37.328965247693326,0.07879528223453165
187.201,-0.05453493359786843,0.055478931703645706,4.919,-0.02,0.03,-0.15,1.5746539249692597,-0.0007338697304602121,-0.0008327967864293073,-0.008918288718880025,-0.0594979858560473,0.061176260688681414,0.0,7.528362738318862e-05,0.040364194155946415,0.0,187.177,-2.031949207379863,-0.0026287757644018984,-4.817467911055193,1.603061188356495,-2.055724383108455,-0.0013719848260970015,-4.7380402296721,0.02004660981853003,-0.037169981001846285,0.15,1.5772969244915767,-2.0,-8.624095593485096e-19,0.0,0.0,0.0,0.0,1.5707963267948963,24.0,0.032397457878817204,0.04333331867425302,0.050849917873108094,0.17400349144733457,0.25184836730282656,0.03913944185090341,0.12765168426737877,0.11704474948569682,-37.27773036449727,0.07903162683848321
187.3,-0.05453493395394804,0.05547893196060949,4.933,-0.03,0.03,-0.16,1.57445048663323,-0.001351373976747802,0.0006758370818298178,0.007393021921788572,-0.06367297120644116,0.0653789441437535,0.0,6.256232733503145e-05,0.04324961881836364,0.0,187.21,-2.052883161839232,-0.004367246206872744,-4.8654904755393655,1.5654956934132518,-2.0522879991555314,-0.0065096639666597355,-4.736084234043693,0.030020518087866935,-0.03963997543805545,0.16,1.5729247613552189,-2.0,-8.624095593485096e-19,0.0,0.0,0.0,0.0,1.5707963267948963,50.0,0.03226613719410933,0.043018105936822815,0.05083699720626369,0.17351134573430269,0.25162002865504,0.038959400116833694,0.12749955656758602,0.11666885903405695,-37.310858021079746,0.07877385609105039
187.4,-0.06362408912325179,0.06657471839130746,4.95,-0.03,0.03,-0.17,1.5747700562377016,-0.0006126906801210207,-0.0005689414096695106,-0.003914240386239753,-0.06724112709994902,0.06895428082955687,0.0,6.743350199444096e-05,0.04569001911930995,0.0,187.309,-2.0368102130093653,-0.008731192162617524,-4.850939084465006,1.5618116474433579,-2.0421752946915115,-0.012694263135604095,-4.742220408803101,0.029945770509589728,-0.04380843444348265,0.17,1.5668690740833413,-2.0,-8.624095593485096e-19,0.0,0.0,0.0,0.0,1.5707963267948963,51.0,0.032265484296277,0.04302618495525384,0.05086841828995003,0.17353756046484442,0.2516450231953943,0.03901696504435943,0.1275396729714975,0.11670910438204768,-37.30672403175873,0.07879724542635738
187.5,-0.0636240895399729,0.0665747184782517,4.969,-0.03,0.04,-0.18,1.5731163381740936,0.0001718707579139921,-0.001531199151285368,-0.028736424621576273,-0.0719909220643942,0.07369692641084553,0.0,0.00014913016190994737,0.04867702368355665,0.0,187.408,-2.0261768876112556,-0.010046025166170107,-4.853939431977548,1.569891243877447,-2.037892053685585,-0.01717668619300669,-4.753501888026365,0.02988900152472876,-0.05263242596235611,0.18,1.5620097628293208,-2.0,-8.624095593485096e-19,0.0,0.0,0.0,0.0,1.5707963267948963,52.0,0.03229117286714821,0.043077376691674336,0.05089129577197757,0.17360253484058935,0.2516795964867395,0.03903411059022831,0.12754239272917176,0.11675948733658187,-37.301233309459455,0.07883598306159129
187.6,-0.07271324463175377,0.07767050513016382,4.989,-0.04,0.04,-0.19,1.5700602227614746,0.0019015218428038647,0.0014407996515957628,-0.03941502270518719,-0.07706899070694771,0.07874515497757524,0.0,0.00031233949211560144,0.051528701737600054,0.0,187.507,-2.0436745775191762,0.002090463662319588,-4.934505258998312,1.5751436295870993,-2.043129188552153,-0.006625704892036046,-4.774945789534973,0.039999878209910626,-0.018361144990400226,0.19,1.5708019551005217,-2.0,-8.624095593485096e-19,0.0,0.0,0.0,0.0,1.5707963267948963,53.0,0.03232450535302471,0.04314762288760934,0.05090358731971557,0.17368214267252516,0.2517154210981321,0.03903222067025691,0.1275335670271741,0.11681223108024069,-37.29562497441503,0.0788788907381856
187.7,-0.0818024023231827,0.07767050550191934,5.006,-0.04,0.04,-0.19,1.5687701709710546,-0.0004940681416510626,0.0029375915590504893,0.016598394715953885,-0.08248131810664616,0.08408886410507344,0.0,0.00039741366860541983,0.054314535719427195,0.0,187.573,-2.02201581036687,-0.0101214631864003,-4.920261931245572,1.5575236593981596,-2.031857898747842,-0.010812197013100539,-4.770673987364772,0.040124235499020694,-0.020647649658922577,0.19,1.5643767555176247,-2.0,-8.624095593485096e-19,0.0,0.0,0.0,0.0,1.5707963267948963,47.0,0.035707470065845966,0.05096870600169736,0.053252411168637444,0.18395940632300337,0.2561046638016218,0.045071380451700865,0.13191528242239134,0.12557238477331917,-36.38069988165368,0.08426855509617448
187.8,-0.08180240303353736,0.08876629294332972,5.024,-0.04,0.04,-0.19,1.5684172381323318,-0.00015131519290329667,0.0027438119143491277,-0.01881238253926718,-0.08822464393812274,0.089726688720683,0.0,0.00043478366991480776,0.057291330488109284,0.0,187.705,-2.0170330067027047,-0.015847180083066542,-4.936557247258297,1.5864047530877068,-2.0180267623810986,-0.015580476527772424,-4.785618755641442,0.039918742280770435,-0.02416015894321033,0.19,1.5759262397873361,-2.0,-8.624095593485096e-19,0.0,0.0,0.0,0.0,1.5707963267948963,55.0,0.032998691714434175,0.044159328283221284,0.05240314317036924,0.17423055765588458,0.2518352746406921,0.040047154867752566,0.12789183932310755,0.11752243929630644,-37.09073669752826,0.07908543267687695
187.902,-0.09089155912560765,0.0887662931422768,5.043,-0.05,0.05,-0.2,1.5689112410789843,0.002565557609044954,0.0005416871688015229,0.028491163461916044,-0.09554668447583498,0.09688532601788345,0.0,0.00038849507002736096,0.06085903315837323,0.0,187.804,-2.0441560723148084,-0.023752173000644732,-5.0321084101293305,1.582254861164139,-2.0326955012678125,-0.026481266902178557,-4.821724965220971,0.050008410392108515,-0.04827347562478235,0.2,1.5659250804310372,-2.0,-8.624095593485096e-19,0.0,0.0,0.0,0.0,1.5707963267948963,56.0,0.03261386090026652,0.0435451760642536,0.051959961959995256,0.17407875811524032,0.2519186216390713,0.03944179944102525,0.12772018401852211,0.11729419083251805,-37.1895978857136,0.07909691241395231
188.0,-0.09998071469475112,0.09986207933136759,5.064,-0.05,0.05,-0.21,1.5704888817588818,0.0013231419529458766,0.0029019075018414946,-0.008859607642419927,-0.1006885775518405,0.10189361037501914,0.0,0.0003397188369720279,0.06328119692066982,0.0,187.903,-2.0139366924551654,-0.027294645396836157,-4.993290910182942,1.567665417005837,-2.016585619896138,-0.03189424533047314,-4.830965007129359,0.050003891059181564,-0.04882849043930815,0.21,1.567474932754397,-2.0,-8.624095593485096e-19,0.0,0.0,0.0,0.0,1.5707963267948963,63.0,0.03294438889965236,0.044415650805257674,0.05180935864264025,0.17541514282407394,0.25248402952128685,0.04011890359682752,0.12830895364878397,0.11833366394694148,-37.10398624669335,0.07977532353695561
188.1,-0.09998071505083073,0.09986207996807739,5.085,-0.05,0.05,-0.22,1.5690685409961755,0.0012048167706337032,0.0001175181762622096,-0.013745024338076187,-0.10741111012527618,0.10841305181794533,0.0,0.0004439928519831704,0.06599718854916412,0.0,187.969,-2.003295563257379,-0.03072637724556903,-4.993088142272999,1.5852976840254913,-2.0152533260954297,-0.03648510351404845,-4.851140998649667,0.04995150904420633,-0.04781611648926477,0.22,1.59299668177931,-2.0,-8.624095593485096e-19,0.0,0.0,0.0,0.0,1.5707963267948963,91.0,0.034504139553182406,0.048304737889466313,0.05212504165088314,0.1811517635106239,0.2550360675717807,0.04294701557484318,0.13064627136254736,0.12301315486919093,-36.69802564282118,0.08283427623262113
188.2,-0.10906987149717606,0.1109578669717246,5.105,-0.06,0.06,-0.22,1.5716089104560693,-0.0003554452871617897,0.0018605206645823035,0.07965057230735924,-0.1144583510717005,0.11520792019293138,0.0,0.00028723014991045116,0.06880622353984109,0.0,188.134,-2.0091668626354435,-0.050108694793892815,-5.063328800756445,1.5550426127177424,-2.0153426730240858,-0.053873514033888854,-4.883367906576291,0.06025743506213188,-0.08347883873503663,0.22,1.5817604442868514,-2.0,-8.624095593485096e-19,0.0,0.0,0.0,0.0,1.5707963267948963,26.0,0.03185976288513155,0.041780853380802126,0.05147267225706474,0.17107060946820432,0.25039298243200203,0.038146073235710676,0.12650453626488073,0.11483043986352057,-37.407506613567946,0.07744769590051608
188.303,-0.11815902666648004,0.12205365378216904,5.126,-0.06,0.06,-0.23,1.5772946566019697,-0.0013129617361569215,0.0014489064219181036,0.02330873182827528,-0.1233354677842089,0.12372900730308183,0.0,-0.00014528082292538855,0.07277143306481865,0.0,188.266,-1.9960086663986103,-0.04976245167492969,-5.132691935254172,1.6106198006072976,-1.995009186210595,-0.055541237020991036,-4.919050402121259,0.06015332157125864,-0.0683131354732371,0.23,1.5892375263801901,-2.0,-8.624095593485096e-19,0.0,0.0,0.0,0.0,1.5707963267948963,37.0,0.03178890199258805,0.041749978918238936,0.05122045480960056,0.17145853712881776,0.25067654820479296,0.037767154497614454,0.1264167834027367,0.11502145287943528,-37.44232937493123,0.07770947105862813
188.4,-0.12724818515758796,0.12205365405045532,5.148,-0.06,0.06,-0.23,1.5795223424818854,-0.000312720961879328,0.0023388374424297533,0.037764103902944504,-0.12950143989850124,0.12964374249474533,0.0,-0.00029252921517609274,0.07523794884907979,0.0,188.332,-1.9849905914811654,-0.051628020615981374,-5.083237751153931,1.5729442937252553,-1.9863274370726949,-0.05956870780728662,-4.9150729645518325,0.06003104060055965,-0.06237426617686417,0.23,1.5838693480602537,-2.0,-8.624095593485096e-19,0.0,0.0,0.0,0.0,1.5707963267948963,28.0,0.031351209792740295,0.04091460614636092,0.050822264714754345,0.17053884772260852,0.2503086058858514,0.03723984441118691,0.12613099077572762,0.11427353555122646,-37.555779010619844,0.07727103145110462
188.501,-0.13633734146576937,0.13314944220482827,5.171,-0.07,0.06,-0.24,1.5819857800987103,-0.0005913644027889645,-0.00026900520954553506,0.007290128225316856,-0.13912161848569365,0.13887273585061882,0.0,-0.000522037266686631,0.07910743633633986,0.0,188.431,-1.9916286390013864,-0.06580835901096645,-5.160913375429876,1.5548850368629692,-1.9763794095176994,-0.06877589754383664,-4.931489982151076,0.06999380947406579,-0.0685027395918694,0.24,1.570068264412941,-2.0,-8.624095593485096e-19,0.0,0.0,0.0,0.0,1.5707963267948963,29.0,0.03136392057275721,0.04099247101923311,0.050705552672847896,0.17072188869002897,0.2503891455364499,0.03729198196687254,0.12619806603270547,0.11439246253559263,-37.54695174160265,0.07734514175508844
188.6,-0.1454264983119542,0.1442452285871214,5.197,-0.07,0.07,-0.24,1.5804481330004072,0.0,0.0,0.0,-0.14578580907388364,0.14527103776570532,0.0,-0.000416494379785865,0.08153361879670913,0.0,188.53,-1.949949798383753,-0.07427503772109952,-5.088594718459538,1.5666493044174445,-1.961717126674817,-0.07876582634100136,-4.944320420646411,0.06987549884890569,-0.08434490421664431,0.24,1.5621174242905294,-2.0,-8.624095593485096e-19,0.0,0.0,0.0,0.0,1.5707963267948963,30.0,0.031232924606616513,0.040747272096202165,0.0505515708100026,0.17049308645267156,0.25025958830590156,0.037191590153040834,0.12619575430099797,0.11419763392303033,-37.58190911117256,0.07721377141230407
188.7,-0.1545156539435435,0.1442452288179492,5.223,-0.07,0.07,-0.25,1.575284674358789,-0.00018706470214994804,-0.0014032462317272508,-0.06272729226472984,-0.15440891599381845,0.15355046756302404,0.0,-1.2125294598301675e-06,0.08423724329698573,0.0,188.629,-1.942842316097031,-0.08047113358802817,-5.110411238967638,1.5674489059122876,-1.9487206528033765,-0.08643924995582837,-4.9594173346073624,0.06993225344466146,-0.08318294705974703,0.25,1.5656574182737961,-2.0,-8.624095593485096e-19,0.0,0.0,0.0,0.0,1.5707963267948963,31.0,0.03133247857619427,0.04097502701819964,0.050488310114401996,0.17077759860363698,0.25035887321508715,0.03722107278657976,0.12623417221115035,0.11437477458664914,-37.5677885707879,0.07734137615897342
188.8,-0.1545156549930966,0.15534101732701,5.25,-0.07,0.07,-0.25,1.5714560032382163,0.0009988362710844443,0.001771270544200596,-0.025981213595109104,-0.1633705877066287,0.1621445913415752,0.0,0.00033643731012017827,0.08701905884125821,0.0,188.728,-1.9813987670442326,-0.103278682928914,-5.275442504517965,1.587989066017327,-1.9469765785246105,-0.10490263491020922,-4.981905058855558,0.07005522391817459,-0.10611768433274373,0.25,1.5723253250172355,-2.0,-8.624095593485096e-19,0.0,0.0,0.0,0.0,1.5707963267948963,32.0,0.03135056690246295,0.04100751152455001,0.05044916782088785,0.1707303263168532,0.2503374573859611,0.03723432015494746,0.12621761983308313,0.1143445616288189,-37.56763782664849,0.07731977421919603
188.9,-0.16360481183928188,0.1664368040890496,5.278,-0.08,0.08,-0.26,1.5707763721118848,8.873282632093594e-05,0.003854128610969473,0.0058396699291765036,-0.17458806244472835,0.1728761081288627,0.0,0.00040286537568870755,0.0907493779567878,0.0,188.827,-1.9361904882479473,-0.09523534795784004,-5.212189234342335,1.5899532826403984,-1.934157706639757,-0.10874220087836554,-4.99877383912542,0.08020196817522099,-0.10221770628093374,0.26,1.5798864916249653,-2.0,-8.624095593485096e-19,0.0,0.0,0.0,0.0,1.5707963267948963,33.0,0.031271092887024725,0.04083604603097016,0.05042831316750685,0.17044704274102268,0.25023083234289617,0.03724533643899198,0.12619299309745685,0.1141680291022397,-37.58248284198168,0.07719160503320074
189.0,-0.17269397062402359,0.17753259247129494,5.305,-0.08,0.08,-0.26,1.5727161687708016,-0.0008915331726920192,0.00369025004208793,0.03508667310042742,-0.1823421787120795,0.18028549614797681,0.0,0.00024989603655081825,0.09346100130486248,0.0,188.926,-1.9391293760382218,-0.10446866455791551,-5.260048218070135,1.5713248702395566,-1.932050235839794,-0.11525662248044889,-5.025249291343771,0.08016492719048414,-0.09454887505027024,0.26,1.582131919801955,-2.0,-8.624095593485096e-19,0.0,0.0,0.0,0.0,1.5707963267948963,35.0,0.031271751069972764,0.04083420029300519,0.05041769280362828,0.17042187038951553,0.2502384141887242,0.03724912007927492,0.12616798729596632,0.11415603388393633,-37.58350726174601,0.07719308962358246
189.1,-0.19087228354539776,0.18862837948347577,5.332,-0.08,0.08,-0.26,1.575758545254592,0.0009766348460130958,0.003251160320425831,0.030592335126113483,-0.19233387472665425,0.1898360286773808,0.0,-4.296947212924658e-05,0.0969918242277856,0.0,189.025,-1.9053242037319313,-0.11700596265951323,-5.218039366697452,1.576555294092756,-1.9174979169869064,-0.12594233883654443,-5.046784617664365,0.08022233737609513,-0.09719645694770587,0.26,1.5837248613737096,-2.0,-8.624095593485096e-19,0.0,0.0,0.0,0.0,1.5707963267948963,35.0,0.03165805523348197,0.04163519985574582,0.05055872829869271,0.17140718772973648,0.25065530288983673,0.037826835779680885,0.1265487884939212,0.1149458775819702,-37.48458845950901,0.07768108863648654
189.2,-0.19996144113062075,0.19972416821079753,5.361,-0.09,0.08,-0.27,1.5782815968294184,0.0,0.0,0.0,-0.20265170027894353,0.19971129741699284,0.0,-0.0003069331374806795,0.10052899634674894,0.0,189.124,-1.92080037440476,-0.13465710840264414,-5.326492880691555,1.5588284276289857,-1.9111399934444493,-0.1399491262761805,-5.053920454860213,0.0900129069192843,-0.10700883862717442,0.27,1.5712742043697145,-2.0,-8.624095593485096e-19,0.0,0.0,0.0,0.0,1.5707963267948963,36.0,0.03300743688139719,0.044011564195193024,0.05239742312236562,0.17337958374064036,0.25129774877458455,0.039827455757211756,0.12748702084243388,0.116822203934875,-37.1083445488634,0.07854542350863786
189.3,-0.2090505975163246,0.2108199553844643,5.391,-0.09,0.09,-0.27,1.5779877780613045,0.00036252351617987126,0.0032669645483376394,-0.029265481424463457,-0.21546644859876393,0.21199251373985067,0.0,-0.00025629967296595714,0.1044399045906012,0.0,189.223,-1.9267242467684156,-0.1444507864018802,-5.4299568473922815,1.5560681416662776,-1.908786573947284,-0.1545885732176874,-5.095791356541017,0.08970089332035143,-0.124478030827339,0.27,1.5621212612773192,-2.0,-8.624095593485096e-19,0.0,0.0,0.0,0.0,1.5707963267948963,37.0,0.03202293781753451,0.04202640264693156,0.05182836841361753,0.17135523941320419,0.25059919583911205,0.038286777223437485,0.12659288957111658,0.11513207886801355,-37.36090044694146,0.0776333127888158
189.4,-0.21813975730135526,0.21081995617450566,5.42,-0.09,0.09,-0.27,1.5739602640413235,0.0014486423176079915,-0.0017034724372155124,-0.05644114194869702,-0.22427470543087233,0.2204401178487797,0.0,9.591004466590606e-05,0.10665441365464245,0.0,189.322,-1.8971066599909485,-0.14490658609155632,-5.374933198727687,1.572490570685718,-1.8916025569024892,-0.1611151938997866,-5.119256111581018,0.08982588928598108,-0.11211687824614391,0.27,1.562924188806565,-2.0,-8.624095593485096e-19,0.0,0.0,0.0,0.0,1.5707963267948963,38.0,0.03186732062576369,0.04186180865419096,0.05146357196201499,0.17157148949935894,0.25077158426153756,0.03800167636863113,0.12656551840384947,0.11520255772448622,-37.40859321373276,0.07779068027167149
189.5,-0.22722891488657826,0.22191574490182742,5.45,-0.1,0.09,-0.28,1.5699245971071087,-0.0019337862275165547,0.0005067102623958406,-0.030852345142212082,-0.23559641681538207,0.23128598055295135,0.0,0.0005415494749781662,0.10933872194919712,0.0,189.421,-1.833923846277056,-0.1565555968728488,-5.256797516959195,1.5762639736103197,-1.8741506950457063,-0.16930221122529568,-5.145903301718679,0.10008408428596617,-0.10607424702205473,0.28,1.5760272728493105,-2.0,-8.624095593485096e-19,0.0,0.0,0.0,0.0,1.5707963267948963,39.0,0.03266728949073396,0.04384840194431196,0.051424842167860425,0.17482315439521806,0.25228310956245165,0.03944252343731071,0.1278950869841526,0.11775711716071172,-37.19593587810952,0.07950317086393141
189.602,-0.23631807165524088,0.23301153264457275,5.479,-0.1,0.1,-0.28,1.5697997841660418,-0.0014172013605575876,0.0027009617233288547,0.032398239969103244,-0.24966097783653182,0.244721402487555,0.0,0.0005148611742777063,0.11318561561169543,0.0,189.52,-1.8761098032873462,-0.179909093195753,-5.421526796688173,1.5838626153039181,-1.862643354445275,-0.18648747383488767,-5.168338868922184,0.10024290072870015,-0.12943901520855644,0.28,1.5790471196656772,-2.0,-8.624095593485096e-19,0.0,0.0,0.0,0.0,1.5707963267948963,41.0,0.03213463836015476,0.042528014358162995,0.05130288765850008,0.1725081999131177,0.2511265003503726,0.03852807812225716,0.12699354690887418,0.11590862524566779,-37.34181418680031,0.07823387843374566
189.7,-0.2544963854538167,0.24410732047131045,5.508,-0.11,0.09,-0.28,1.5722481158471224,0.2180667521722328,-0.6562546910287458,-0.0005472809167928693,-0.25956113589544527,0.2538572841515845,0.0,0.00028955412191515687,0.11291881032111897,0.0,189.619,-1.7919275608233045,-0.1716202805265956,-5.264024433804254,1.5782488921137514,-1.8334681414104357,-0.18673341496420476,-5.1826915421486355,0.11005806465156191,-0.09409956083934523,0.28,1.584959007031499,-2.0,-8.624095593485096e-19,0.0,0.0,0.0,0.0,1.5707963267948963,33.0,0.031739363245822876,0.041782583732664025,0.05092279213121098,0.17188298799163046,0.25094517947669254,0.03797556027977306,0.12673451370630542,0.11536732704752269,-37.44435407927951,0.07796859616331422
189.8,-0.2726747018064759,0.2552031079249608,5.536,-0.19,0.08,-0.26,1.5747651435111205,0.14349861513411022,-1.0896736979018262,0.018158028988133217,-0.28046480543804325,0.2668291411712319,0.0,-7.462271932519421e-05,0.10037319002826588,0.0,189.718,-1.7819577352656932,-0.19289186872289973,-5.686877381109764,1.569711295798139,-1.8133363553673514,-0.1996045686132844,-5.207836063921635,0.1902361517570623,-0.09136019108437972,0.26,1.591580990388991,-2.0,-8.624095593485096e-19,0.0,0.0,0.0,0.0,1.5707963267948963,42.0,0.03322241001510763,0.04253477567856521,0.05204874435562908,0.17302414428351404,0.251443642382407,0.040554507295226284,0.12859960809597415,0.1169657945222062,-37.14277798994087,0.07854648971365645
189.902,-0.29994217467792383,0.26629889564806586,5.558,-0.35,0.06,-0.19,1.5798194762927034,0.0860309902216988,-0.5570511258232481,0.03731363949761301,-0.3115699596678494,0.2755994995052233,0.0,-0.00044253654323347236,0.07821998194344629,0.0,189.784,-1.8353685157058617,-0.19617816921847905,-5.506457923730192,1.5679630325913287,-1.7925646294256732,-0.206998624345244,-5.218516750633901,0.3500896832030394,-0.0684450796421417,0.19,1.5814155081066155,-2.0,-8.624095593485096e-19,0.0,0.0,0.0,0.0,1.5707963267948963,36.0,0.03541889325562197,0.048955747074363676,0.05401839174348516,0.18116716882360567,0.254859301985416,0.044358403008115076,0.1311280190926058,0.12350618199425029,-36.475253068848005,0.08272416732763471
190.0,-0.3453879595762379,0.2773946821913569,5.573,-0.55,0.03,-0.11,1.5826607002553086,0.0,0.0,0.0,-0.34961131762682945,0.28063230183788745,0.0,-0.0004132904432741106,0.0561844510226715,0.0,189.916,-1.7579337507404642,-0.21433166209582563,-5.5600033585377915,1.5807265635338088,-1.728895862001474,-0.21896126621658038,-5.259171101321417,0.49021437556076614,-0.0625995892072865,0.13,1.5802818589989567,-2.0,-8.624095593485096e-19,0.0,0.0,0.0,0.0,1.5707963267948963,44.0,0.03309799305901935,0.04294471576005881,0.05325814186778342,0.17278293210845588,0.25122193593972797,0.04011752358840632,0.12785609391062253,0.1166991546057044,-37.09975925350104,0.07835170919055424
190.1,-0.41810121322081684,0.27739467957606,5.581,-0.76,0.0,-0.04,1.5818329267811517,0.0,0.0,0.0,-0.41583546725621606,0.28405411667254543,0.0,-0.0001582365597798336,0.024240393732232034,0.0,189.982,-1.6804042333751485,-0.22467718263332154,-5.44114056296953,1.5955670984850105,-1.6443243850073408,-0.22554013220277622,-5.302401241184601,0.710642940816663,-0.03044957163206589,0.06,1.5919081276528793,-2.0,-8.624095593485096e-19,0.0,0.0,0.0,0.0,1.5707963267948963,78.0,0.03375242436329211,0.045741284502380936,0.05288229229828178,0.17757911194536616,0.2535108751268808,0.04147857307286937,0.12939744788977292,0.12029430444849813,-36.88551626769157,0.08094765376297072
190.2,-0.4999036249713167,0.27739467501958215,5.583,-0.97,-0.03,0.0,1.5820620787006359,0.0,0.0,0.0,-0.5034150584213847,0.2841028108683621,0.0,5.853538222363835e-05,-0.007858854410928873,0.0,190.114,-1.6504164672265145,-0.22134377683069123,-5.469013315189314,1.5703351251136306,-1.5691190569683233,-0.22533937274882973,-5.346282227831233,0.9202523937118203,-0.006379610386157544,0.01,1.5803637922353868,-2.0,-8.624095593485096e-19,0.0,0.0,0.0,0.0,1.5707963267948963,51.0,0.033274642025375514,0.0443955345928331,0.052559972845313226,0.17542021214594142,0.25246671332844134,0.04065003537688641,0.12869778621987019,0.1185679537614304,-37.02789618971252,0.07976276732007477
190.3,-0.6089735079615233,0.26629888148119507,5.582,-1.16,-0.07,0.02,1.5815853998672704,-0.022717749049974287,0.22990621350421198,-0.007714526097185067,-0.6350070089784963,0.279664608080101,0.0,0.0003884041194715518,-0.04494699580267529,0.0,190.213,-1.603331058927229,-0.2145326501807397,-5.623059252842678,1.587639888020795,-1.4660869067963551,-0.21800481313529727,-5.388767406190112,1.160348561926147,0.05414330281705068,-0.02,1.5927747877392024,-2.0,-8.624095593485096e-19,0.0,0.0,0.0,0.0,1.5707963267948963,47.0,0.032514760497108455,0.04246376922536674,0.05221273521250193,0.1727066683831836,0.25127026602814184,0.03929534163195546,0.12761659992591806,0.11638101140987642,-37.24419890222337,0.07836683638665451
190.401,-0.7362217040428021,0.26629887168174005,5.58,-1.32,-0.1,0.03,1.5802823985603194,-0.04988065248672198,0.28688340900861325,0.045444483204595945,-0.76363919681019,0.2724015736830585,0.0,0.0007516224581627251,-0.07247571168442507,0.0,190.312,-1.4292153954941682,-0.21781243552450075,-5.425826464195605,1.5499259643161112,-1.3161047507844013,-0.20949059020137678,-5.395617951752211,1.3200929035024878,0.08699309994439358,-0.03,1.5779388374812875,-2.0,-8.624095593485096e-19,0.0,0.0,0.0,0.0,1.5707963267948963,45.0,0.033351109971950454,0.04328184049553525,0.05277637289864264,0.17406776055360146,0.2519118248654868,0.04074225895844659,0.12869475370433017,0.11775238385663961,-37.058475764075204,0.07907922340765872
190.5,-0.8725590528450828,0.25520307138288567,5.575,-1.44,-0.12,0.03,1.5796431005608778,-0.05463778826049521,0.31807439380796954,-0.010444825271061223,-0.9056851439086658,0.26228795868621657,0.0,0.001079955879151589,-0.0959046095791158,0.0,190.411,-1.3428300684798475,-0.20935280779396254,-5.530226255003184,1.5635939920561384,-1.1875268355109294,-0.19680511416559696,-5.42131000613746,1.4399870451237042,0.11396153542643302,-0.03,1.5686509376380853,-2.0,-8.624095593485096e-19,0.0,0.0,0.0,0.0,1.5707963267948963,49.0,0.03269773759310182,0.04256673579550033,0.052444253398245,0.1730520087758309,0.2514174253384652,0.039602674633245814,0.12787900248296277,0.1167105993738079,-37.202397574820395,0.07853027658009659
190.602,-1.0179855597870473,0.24410726979995356,5.57,-1.51,-0.14,0.03,1.5745644390725086,-0.05361112069757169,0.33119492490559016,-0.03544068153879647,-1.057015651252715,0.2498479938718998,0.0,0.0009662820185610755,-0.12067625167012493,0.0,190.51,-1.2118969986139805,-0.19127707841570937,-5.515284100241346,1.5473885513767875,-1.0391892889333838,-0.18115668251289482,-5.446787224000651,1.5100189350114082,0.14088464226395817,-0.03,1.5493954494442141,-2.0,-8.624095593485096e-19,0.0,0.0,0.0,0.0,1.5707963267948963,50.0,0.03325653969158073,0.0435793793469702,0.05262442520163236,0.17448993097583623,0.2520589084322483,0.04062753158932141,0.12872951418570858,0.11797680334186551,-37.06513432812899,0.07927441715022085
190.7,-1.1725012246996191,0.24410725040042403,5.565,-1.55,-0.15,0.03,1.567201294065688,0.0,0.0,0.0,-1.1819821929075893,0.2386118943711981,0.0,0.0004831223141020524,-0.13947606700116638,0.0,190.609,-1.030590432729069,-0.17489430573550524,-5.409220505676776,1.546247730486318,-0.8983498964318354,-0.16241331190286593,-5.4459434827904225,1.5502495855036764,0.16142513301036085,-0.03,1.5489544968013051,-2.0,-8.624095593485096e-19,0.0,0.0,0.0,0.0,1.5707963267948963,52.0,0.033517216093242166,0.04402192485165148,0.05268681468794076,0.1749424076538453,0.2522235707293722,0.04109573229378632,0.12903928501052092,0.11839880600023475,-37.0061813472384,0.07949113764061821
190.8,-1.327016885014726,0.2330114407152557,5.559,-1.55,-0.16,0.02,1.5589333288979272,0.0,0.0,0.0,-1.3397610704946543,0.22344680797076147,0.0,-0.0005628433350857494,-0.16095672030232241,0.0,190.708,-0.9109149521056451,-0.1614954501909216,-5.641565773098884,1.5386591479171243,-0.7350944368117402,-0.14051380153605067,-5.467262587282743,1.5507142483054583,0.18359441152981498,-0.02,1.5405336415877353,-2.0,-8.624095593485096e-19,0.0,0.0,0.0,0.0,1.5707963267948963,52.0,0.03324219647354768,0.043583219155602884,0.05263051556949549,0.17420335215236585,0.251897797221763,0.040556191737057885,0.12855624965657786,0.11774533394773715,-37.07132982995104,0.07911133116645205
190.9,-1.4815325469794107,0.21081984096245554,5.553,-1.51,-0.17,0.01,1.5524310144272186,-0.05688441561921759,0.25174788225104106,-0.06045591531649178,-1.5267755048015297,0.20435634867153227,0.0,-0.0017139877402662903,-0.17528786502956203,0.0,190.807,-0.7258842274529689,-0.14148804468998716,-5.5429074575573205,1.551057330500947,-0.5712647968063151,-0.12138929946049962,-5.482380579516743,1.5109946698004373,0.19720539181245134,-0.01,1.5342511097113234,-2.0,-8.624095593485096e-19,0.0,0.0,0.0,0.0,1.5707963267948963,53.0,0.03315132810995719,0.04345799678783571,0.05256707537502814,0.1740574143457542,0.25185850618463784,0.04040267327429467,0.12845371547105536,0.11761232910606453,-37.092931218583885,0.07905329346341666
191.0,-1.6360482053606158,0.19972402722244187,5.549,-1.45,-0.16,0.01,1.546070330837045,-0.05318105386840536,0.19645809320092167,-0.058520964609116495,-1.6475968839461805,0.19154181924080668,0.0,-0.0025177336344304004,-0.17978753539821396,0.0,190.906,-0.5538460269193319,-0.11540012082353956,-5.483207242337896,1.5593445151952101,-0.4081841290196981,-0.09646863820770697,-5.483349007839333,1.4506642612842873,0.2022213542373373,-0.01,1.5550647971453477,-2.0,-8.624095593485096e-19,0.0,0.0,0.0,0.0,1.5707963267948963,54.0,0.03298993967005493,0.043439244277785366,0.052417126790290515,0.17404870988291174,0.2518701744565373,0.04014851784885111,0.1282865956727257,0.1175237515512378,-37.12205794475741,0.07905999969356282
191.1,-1.7723855530864001,0.1886282134437991,5.547,-1.36,-0.16,0.0,1.5435448187079768,-0.05433484560545752,0.15873314803463234,0.03460125542423935,-1.7919255864293477,0.17590862999416773,0.0,-0.0027735191684232262,-0.1754780106154829,0.0,191.005,-0.39510858795927517,-0.09714310621611387,-5.480364158991133,1.5859033679521364,-0.25706309014539636,-0.07255396607944749,-5.485890907863016,1.3602654509625396,0.2134891490954241,-0.0,1.5658336607617909,-2.0,-8.624095593485096e-19,0.0,0.0,0.0,0.0,1.5707963267948963,55.0,0.0328560065609311,0.0434195590980418,0.0522441929496887,0.17403255827224096,0.25186963751155633,0.03994610479935656,0.12816212072427813,0.11744109709253393,-37.14816714010099,0.07905728949929322
191.2,-1.9087228986912794,0.16643661074662885,5.546,-1.26,-0.15,0.0,1.5487578819182257,-0.053933615553230105,0.12151125995367631,0.07320015951724265,-1.926875915177466,0.16122570318801568,0.0,-0.0015128166478176762,-0.1540608262697739,0.0,191.104,-0.24090369098747796,-0.09695204343266946,-5.496390025157526,1.5868286239331677,-0.11475234381347925,-0.07079896465082725,-5.48404605620712,1.2599661265125934,0.16672060599823024,-0.0,1.5728221768789439,-2.0,-8.624095593485096e-19,0.0,0.0,0.0,0.0,1.5707963267948963,57.0,0.03276178192431927,0.04345358750977055,0.05207956665727193,0.1740801949148634,0.25189062807292195,0.03980179074713203,0.12807475388667017,0.11741395778791273,-37.1660581356097,0.07908258840350013
191.312,-2.02688193446772,0.1553407979265864,5.544,-1.14,-0.13,0.0,1.5551184518870453,-0.004799597366516266,0.08429266232114092,0.0782834209166122,-2.0742195051544945,0.1456480713006565,0.0,-0.000148083463056402,-0.1214971155820936,0.0,191.269,-0.014498395974589455,-0.06565621810128087,-5.470970608582832,1.5715529901123029,0.03965586681991481,-0.04534080825878791,-5.473074424889994,1.1400260007450342,0.16371558118175983,-0.0,1.5700251480410763,-2.0,-8.624095593485096e-19,0.0,0.0,0.0,0.0,1.5707963267948963,43.0,0.032803778462319355,0.043550456420282595,0.052272786015020105,0.17385373939950272,0.2517156059943612,0.03975862337930428,0.12790184997770965,0.11723067465862855,-37.149470303940944,0.07891280968951708
191.4,-2.1450409680001687,0.14424498193655344,5.543,-1.02,-0.11,0.0,1.560012602308069,0.0,0.0,0.0,-2.1627237703200186,0.13677526970181683,0.0,0.00031747887885236035,-0.1007963439249988,0.0,191.335,0.07343476889207405,-0.05433341225001721,-5.454242402875572,1.5328920333586753,0.14201275252222792,-0.03677332089137925,-5.47107520801007,1.0503851228895025,0.14356236599627853,-0.0,1.5544529511161946,-2.0,-8.624095593485096e-19,0.0,0.0,0.0,0.0,1.5707963267948963,25.0,0.03169652961953391,0.04125177537848508,0.051492125840473996,0.17079677912437558,0.2503787209811649,0.0377611476355259,0.12644760212805953,0.11463376201948298,-37.46161557050786,0.07736815907545969
191.505,-2.235932531950059,0.13314917309659924,5.541,-0.89,-0.1,0.0,1.559978245818291,0.010064498533379984,0.038271273436426494,-0.030580887379543,-2.279924979477132,0.1258550411320976,0.0,0.00026198892621316134,-0.076917691356103,0.0,191.467,0.22148985894945553,-0.03191324051975478,-5.506629062147767,1.5547208413860847,0.2523222380185989,-0.030176624344977417,-5.472788802940865,0.890130076234878,0.1096021409564457,-0.0,1.5572505686582288,-2.0,-8.624095593485096e-19,0.0,0.0,0.0,0.0,1.5707963267948963,38.0,0.03178829868953495,0.041564698538610424,0.051427737402410835,0.17136841814088033,0.2506509920027345,0.03806680814294528,0.12675180996763502,0.11509109001283774,-37.42697854264337,0.07766581013000937
191.6,-2.3268240943156684,0.1331491494411403,5.539,-0.75,-0.08,0.0,1.5573382340979316,0.025656011251110434,-0.018070890264442464,-0.012329145885055208,-2.347346220596927,0.12012004413463749,0.0,0.00011394647203795284,-0.06387015117892925,0.0,191.533,0.2872394036829701,-0.023540224805095815,-5.549280176395836,1.5589143521776558,0.3366684582092988,-0.0183595495138036,-5.480978549460881,0.7502158247411619,0.0958938715224933,-0.0,1.5572180443203056,-2.0,-8.624095593485096e-19,0.0,0.0,0.0,0.0,1.5707963267948963,27.0,0.03140776688251655,0.040925365089239656,0.05102302367535239,0.17059243190528078,0.25032382568589573,0.03745432571893904,0.1263275397784706,0.11438995162413165,-37.532528982459304,0.07728761601859485
191.7,-2.390448189160364,0.12205334538971213,5.537,-0.62,-0.07,0.01,1.5565539906409123,0.016845524556207032,-0.03543030789805182,-0.0044460251889989495,-2.4194727566860283,0.11453322718625697,0.0,6.622764113715503e-05,-0.047519240245998254,0.0,191.632,0.36893830693105395,-0.033041508786365255,-5.557274582738033,1.5570415504624773,0.4116844736937098,-0.019643955184581847,-5.489920578216715,0.6199086441951428,0.0636280906071161,-0.01,1.5564600359947445,-2.0,-8.624095593485096e-19,0.0,0.0,0.0,0.0,1.5707963267948963,28.0,0.03295945712694626,0.04378111194871886,0.0528444435587862,0.17331730078139884,0.2512989996417554,0.039937711676648766,0.127665753845242,0.1168792862825449,-37.09697385534329,0.07853032906796119
191.8,-2.4540722836371778,0.12205332802524005,5.534,-0.49,-0.05,0.01,1.5562260207396488,0.026460608619102873,-0.042164020431165614,-0.0030148782278321016,-2.4885937003280048,0.10988019965116855,0.0,3.517008594650336e-05,-0.03050160031634625,0.0,191.731,0.42013888084105255,-0.019243349526344777,-5.455303634949081,1.5578729616260683,0.4640108904461496,-0.018321585997018636,-5.487909907640681,0.4898603871941428,0.0345945553261732,-0.01,1.5617340123426824,-2.0,-8.624095593485096e-19,0.0,0.0,0.0,0.0,1.5707963267948963,29.0,0.031676382052942986,0.04114649768038486,0.05204307781802964,0.17040314170685184,0.2502067040113811,0.037841086040117156,0.12634152111917454,0.11443966258730609,-37.438238924439396,0.0771700135468629
191.9,-2.4995180676211874,0.12205331537754205,5.531,-0.36,-0.04,0.01,1.5570519772034626,0.02900728687829118,-0.049131189278114294,0.01965354443296962,-2.532221697310255,0.10743425988756596,0.0,4.1514452747613755e-05,-0.018584654392653662,0.0,191.83,0.47350666391428375,-0.024665053280299155,-5.455954629078327,1.5119132377389795,0.5077033707692947,-0.0217053094633854,-5.49005731702713,0.35923290785098216,0.008965172666713893,-0.01,1.5460842192315465,-2.0,-8.624095593485096e-19,0.0,0.0,0.0,0.0,1.5707963267948963,30.0,0.03152245405188557,0.04094328084215673,0.05167293481569197,0.1706275049963297,0.2503961168088755,0.03768969213248455,0.12642132642354964,0.11455493499000743,-37.48182433993248,0.07733880863050285
192.0,-2.535874686958598,0.11095751823779132,5.528,-0.25,-0.04,0.01,1.5564443180945255,0.031097796792389575,-0.057221221786183545,-0.04811887806507975,-2.5584068738248744,0.1062158784251005,0.0,1.235922175719333e-05,-0.01185728176333122,0.0,191.929,0.5326804277043806,-0.013562743169677897,-5.546068770949893,1.5585759582564682,0.5448464594870537,-0.017103902064047133,-5.5007589701777455,0.24944774460531532,0.015328530586623347,-0.01,1.5484156904646618,-2.0,-8.624095593485096e-19,0.0,0.0,0.0,0.0,1.5707963267948963,31.0,0.03144585187656514,0.04091588943359411,0.051349520971232306,0.1707547224823136,0.2504564876481266,0.03760557409271016,0.1264386837271655,0.11458627231290862,-37.50738737826118,0.07740757607787443
192.101,-2.5540529990507617,0.1109575129343332,5.525,-0.14,-0.03,0.02,1.5536434734847882,0.013436916227726942,-0.059101014411593926,-0.025538102616630528,-2.5839887905201286,0.10525919713537574,0.0,-1.534250650284946e-05,-0.0053324735899315705,0.0,192.061,0.5522955815474486,-0.02228596769663474,-5.467486643407141,1.528711454195393,0.5618522041543681,-0.025957827736849133,-5.4996877466203475,0.13905277885795822,-0.01736336048615624,-0.02,1.5507999650767137,-2.0,-8.624095593485096e-19,0.0,0.0,0.0,0.0,1.5707963267948963,40.0,0.031563644151912526,0.04117072045416227,0.05121081931630524,0.17108315933217205,0.2505741966983446,0.037769576446971515,0.12656913506315218,0.11481700218362673,-37.48589133425605,0.07755809201919144
192.21,-2.5722313136970074,0.11095750763753376,5.522,-0.03,-0.03,0.02,1.552803020053778,0.024111447147832157,-0.0668672581297412,-0.009754737290538797,-2.593499197841002,0.10499246758676183,0.0,-5.41515770649324e-06,-0.0012890708612646885,0.0,192.16,0.5640124148896957,-0.015075043822113046,-5.422920456924839,1.5383264611054164,0.5694301849071819,-0.023325806075121244,-5.496415104768609,0.028705473139422972,-0.01014836065069804,-0.02,1.5385639142720495,-2.0,-8.624095593485096e-19,0.0,0.0,0.0,0.0,1.5707963267948963,50.0,0.03227363427229546,0.04261615434521271,0.05157137141088612,0.17296984858495895,0.2513744661755841,0.03893320051219891,0.12740935185916571,0.11637395823737573,-37.28646059691776,0.07846488034123733
192.3,-2.572231309926524,0.1109575076473992,5.519,0.05,-0.03,0.02,1.5516785430398325,0.011641766752861504,-0.06408185813893838,-0.051928066456694705,-2.5938743364281325,0.10499323494365649,0.0,5.471911282605138e-06,0.0008820226439842124,0.0,192.226,0.5818850646204494,-0.025528662538315962,-5.534042358527281,1.5924819699433905,0.5719257481146671,-0.025414077367842958,-5.502140881069764,-0.05046672138183824,-0.014826969353587613,-0.02,1.5603850827340096,-2.0,-8.624095593485096e-19,0.0,0.0,0.0,0.0,1.5707963267948963,34.0,0.03182749188958603,0.041577376226884906,0.05121065523298007,0.1715521075134369,0.2506667693659708,0.03820416084836413,0.12691236756939114,0.11519446046815529,-37.420454383000624,0.07769708890408739
192.4,-2.5631421539579655,0.11095750988804154,5.516,0.14,-0.03,0.02,1.5511695789780953,0.006535620708831827,-0.061611915867079675,0.036043032004209684,-2.5833069520627356,0.1051538114629817,0.0,1.854478563864939e-05,0.0026357916493361553,0.0,192.325,0.5779715362719691,-0.014266675040821422,-5.505907662952889,1.5593963932023687,0.5646779063212696,-0.019838799964390162,-5.504519335277978,-0.14032306298404748,-0.0015541416804110142,-0.02,1.5605583143097603,-2.0,-8.624095593485096e-19,0.0,0.0,0.0,0.0,1.5707963267948963,35.0,0.03330876758630738,0.04417380404942925,0.05307067100033364,0.17380950225658762,0.2514117351949971,0.040410202020767956,0.12802381025273002,0.11731797917017003,-37.02041001793481,0.07869398650281383
192.5,-2.5449638388343567,0.11095751564766232,5.513,0.22,-0.03,0.02,1.5559059391405918,-0.0057771408490297355,-0.07052511247069541,0.023764440938971322,-2.569436327064776,0.10531057078566303,0.0,1.3843166145446435e-05,0.003117016862530306,0.0,192.424,0.5648349656624483,-0.029627486585441128,-5.544157898330173,1.5403762372885907,0.5496210306015421,-0.021244475310994826,-5.518266037240005,-0.22103739601781447,-0.007643254322484701,-0.02,1.543244683616587,-2.0,-8.624095593485096e-19,0.0,0.0,0.0,0.0,1.5707963267948963,36.0,0.03230658458723609,0.04216796755828487,0.05242911432705903,0.17169637001880603,0.25068089267280275,0.038784086787524354,0.12706721659733305,0.1155415012754124,-37.281754166605786,0.07773818919380082
192.6,-2.526785527541873,0.11095752046790519,5.51,0.3,-0.02,0.02,1.5560903847825267,0.0010179849470354097,-0.07771350675016184,-0.04976842499459429,-2.5451575397377284,0.10557527946989186,0.0,2.3211358723734526e-05,0.004426640367399814,0.0,192.523,0.5514024280946856,-0.024291381321535483,-5.521479466556797,1.6073459644403785,0.5254892600893658,-0.029110469229617603,-5.520577737787695,-0.29947399338471203,-0.032340965145420855,-0.02,1.580845604772942,-2.0,-8.624095593485096e-19,0.0,0.0,0.0,0.0,1.5707963267948963,31.0,0.03214585131209717,0.04172277199854698,0.05216352872108089,0.17148767783263458,0.25069871950559025,0.03861381621088014,0.1270799928395123,0.11539340218108746,-37.33139814205099,0.07769520308550806
192.7,-2.5086072084029865,0.11095752527707914,5.506,0.36,-0.02,0.02,1.5566452807423217,0.01425767935166033,-0.0845499385413944,0.06875066629341021,-2.5140025607161713,0.10590314150739409,0.0,3.4097078224067695e-05,0.005523921913609811,0.0,192.622,0.52190909478081,-0.024748488859266185,-5.478881658345295,1.5691408923573615,0.4941560780842413,-0.029788660625154166,-5.51650537678618,-0.35971792352404264,-0.029144235122420686,-0.02,1.576536031109202,-2.0,-8.624095593485096e-19,0.0,0.0,0.0,0.0,1.5707963267948963,39.0,0.03195830215025367,0.041461918334082005,0.051937116230787714,0.17131461008417992,0.25065141861342616,0.03828500760346886,0.12691480105073194,0.11518582560480148,-37.38440383063343,0.07762904690204322
192.803,-2.472250581264738,0.11095753573919831,5.502,0.41,-0.02,0.02,1.565369960912738,0.012297184231927893,-0.08203919244490954,0.051157193701298134,-2.468896666416795,0.10626556891251947,0.0,-4.286828059021585e-06,0.0016142938321496649,0.0,192.721,0.48326180688450615,-0.018069440752027346,-5.482603757657789,1.5402429550793164,0.45267162864412486,-0.026240700373248448,-5.511857834644296,-0.4102080168154411,-0.016540732545460634,-0.02,1.5651036503237663,-2.0,-8.624095593485096e-19,0.0,0.0,0.0,0.0,1.5707963267948963,39.0,0.03243081171165471,0.04271807643332656,0.05201472316249175,0.17293208293291137,0.2513492942651403,0.03893960145592798,0.12739931365890894,0.116410973745518,-37.26034491501605,0.07844442288166559
192.904,-2.426804795264649,0.11095754736765029,5.498,0.45,-0.02,0.02,1.5694332256123908,0.002577495577722553,-0.09580034504686424,-0.006159866543709364,-2.426020797572886,0.10645201370499928,0.0,3.345526027759259e-06,-0.0007743902295298381,0.0,192.82,0.4457136329350751,-0.019846190255006804,-5.410447032185324,1.5614818426233956,0.40275866643354946,-0.025151154034799717,-5.500670234804966,-0.45019022965224625,-0.011600145123470174,-0.02,1.564776501454501,-2.0,-8.624095593485096e-19,0.0,0.0,0.0,0.0,1.5707963267948963,40.0,0.0321334453809713,0.042375140892043965,0.051640077266606126,0.17273602919759387,0.2513550748712698,0.03863412707460119,0.1272973403764186,0.11620922654599333,-37.326344289834466,0.0784037809755006
193.0,-2.3904481710803225,0.1109575575948214,5.495,0.49,-0.02,0.02,1.568811318199385,-0.0025455016223701007,-0.108502093452617,-0.014533036053967698,-2.388990517796349,0.10648494128522469,0.0,5.2667394311962655e-06,-0.0016948720523298614,0.0,192.919,0.40090143223286784,-0.017621077385104586,-5.401194762635665,1.5600844789708082,0.3555635413747677,-0.02054445117496054,-5.482803679485485,-0.4901897676880345,0.00018813339873389665,-0.02,1.561218133653914,-2.0,-8.624095593485096e-19,0.0,0.0,0.0,0.0,1.5707963267948963,41.0,0.031753697402330056,0.041544675088932205,0.0512102632538413,0.17175053422665126,0.2509601144896266,0.03809939239518231,0.1269416951841166,0.11540173113837725,-37.43703595854522,0.07793358700005637
193.1,-2.335913230328075,0.1109575714473916,5.491,0.51,-0.02,0.02,1.5676807212319714,-0.009435081039471306,-0.10802103538968026,-0.027628331812606682,-2.3402171197842168,0.10637963530246121,0.0,2.3459815005626784e-06,-0.00224939030602566,0.0,193.018,0.36517394356298594,-0.020469307107784333,-5.582179668686065,1.5182067718466563,0.3078948019287474,-0.019739649585032576,-5.487865106242868,-0.5104729714646662,0.0020407692597701615,-0.02,1.5444665708227272,-2.0,-8.624095593485096e-19,0.0,0.0,0.0,0.0,1.5707963267948963,42.0,0.03216583304389795,0.04193635893130269,0.051391388324591086,0.17233878401888128,0.25122912255164154,0.03880258083432446,0.12742773061361637,0.11599456911366686,-37.35051655223756,0.0782425303391814
193.2,-2.2904674435283066,0.11095758317931237,5.487,0.52,-0.02,0.02,1.5636685831148665,0.0,0.0,0.0,-2.2897805418590935,0.10616412092372801,0.0,-2.7131043082355873e-06,-0.0007472970748465269,0.0,193.183,0.2534004146803279,-0.007246972026569865,-5.370726287027291,1.543076553797008,0.2492205227505261,-0.012885850930667977,-5.470229345917481,-0.5200528649385281,0.0181854746753798,-0.02,1.54167025837794,-2.0,-8.624095593485096e-19,0.0,0.0,0.0,0.0,1.5707963267948963,17.0,0.032257631686343574,0.04208247711715889,0.051492310112971035,0.17246153002950435,0.2512621992457126,0.038923948523949495,0.12744335466887483,0.11609550221095986,-37.328638475071344,0.07829635129316329
193.301,-2.2450216617760628,0.11095759433507801,5.484,0.52,-0.02,0.02,1.5576398987930753,-0.013362740322680066,-0.11126097364799215,-0.06393708015237805,-2.22859572773576,0.1058686234439259,0.0,4.215032341634912e-05,0.003579967742752012,0.0,193.216,0.25410651595650036,-0.031698732418639616,-5.566755740294043,1.52347592915004,0.19789023500693573,-0.01921626765907143,-5.481821061252154,-0.5207163028855886,0.0014974086970045222,-0.02,1.5321019978178385,-2.0,-8.624095593485096e-19,0.0,0.0,0.0,0.0,1.5707963267948963,44.0,0.0321360308173647,0.04233673472164211,0.05131753824875975,0.17276294071255707,0.2513822264476141,0.03860823397089566,0.1272400521575827,0.11617929737632406,-37.33921344514533,0.07842051983347481
193.4,-2.190486722315934,0.12205339449764718,5.479,0.51,-0.02,0.02,1.5513516860690455,-0.0017946880588175281,-0.08951309869960754,-0.08610951874375927,-2.1881786228710736,0.10571408890087561,0.0,0.0001221140576080772,0.0070020119516190325,0.0,193.315,0.2009904447182998,-0.03273376298155171,-5.435742480060617,1.5854873339698725,0.14717063105800798,-0.028552044755026196,-5.470021107172798,-0.510081696126078,-0.019112598335227316,-0.02,1.5687075878528052,-2.0,-8.624095593485096e-19,0.0,0.0,0.0,0.0,1.5707963267948963,39.0,0.032004249334155105,0.04205567226875294,0.051183059372799544,0.17243632316246502,0.25117504895291404,0.03845356397918129,0.1272453419740465,0.1159059015112609,-37.37395789144026,0.07820785105175557
193.5,-2.1450409393641716,0.12205340523899633,5.476,0.49,-0.02,0.02,1.5494412864234783,0.016452493311439033,-0.0751017661219794,0.05419367598628375,-2.1389376649072145,0.10560291696965099,0.0,0.00018201054659567833,0.009008356462501034,0.0,193.414,0.14553521359622418,-0.03169384215879765,-5.413598634458244,1.5707011281990206,0.0957640048532458,-0.033325017968044254,-5.463845262908448,-0.48980923386894115,-0.026667947418427308,-0.02,1.574884037506049,-2.0,-8.624095593485096e-19,0.0,0.0,0.0,0.0,1.5707963267948963,46.0,0.03201567727909713,0.04216998019591211,0.051113781028870375,0.17260261380267355,0.2512322872645167,0.038489449753049736,0.12731782253959295,0.11601651956662154,-37.37180483285582,0.07828528152020622
193.6,-2.0995951576894507,0.1220534161735487,5.472,0.46,-0.02,0.02,1.5579238087546567,0.01986364231095775,-0.05517150654608402,0.07962490344190919,-2.091911713441139,0.10548977789797394,0.0,5.1155822865422245e-05,0.0041879321374977295,0.0,193.513,0.09447026053259508,-0.011250527877847532,-5.402680618931722,1.5754178856068903,0.045702269052420544,-0.020150678600105065,-5.452370298310019,-0.45994407361221623,0.0060168254736992,-0.02,1.574795854189388,-2.0,-8.624095593485096e-19,0.0,0.0,0.0,0.0,1.5707963267948963,47.0,0.03257177693917612,0.04345748055728023,0.051299443304671725,0.17428356652108096,0.25197672265138693,0.039330098814696714,0.12793714986318427,0.11736290745806177,-37.22938926389613,0.07915369981971097
193.705,-2.0541493714445678,0.12205342646194195,5.469,0.43,-0.02,0.02,1.5643282863919177,-0.00876123235984085,-0.04704178066310576,0.044798647699901654,-2.039384072624682,0.1051626711463756,0.0,-7.790048359152705e-06,-0.0014581441050373826,0.0,193.678,0.003485156771634494,-0.02856520740430837,-5.389784500805661,1.5319798825456383,-0.003294245719324041,-0.026013238469071245,-5.442157861735637,-0.43043628576740767,-0.00803069308173187,-0.02,1.5552330105287797,-2.0,-8.624095593485096e-19,0.0,0.0,0.0,0.0,1.5707963267948963,27.0,0.033043020122624334,0.04445464575064919,0.05163640410461039,0.1754324712922108,0.2524759997582198,0.040121343464351866,0.12843299600713284,0.11835981403885215,-37.10228065321633,0.07974720982118452
193.8,-2.0177927450162496,0.1220534346583606,5.466,0.39,-0.02,0.02,1.566285814685051,-0.0018897035113547463,-0.03800142994462857,-0.03214281541682573,-2.0071830336969634,0.10479995314011141,0.0,-1.5042476980995885e-05,-0.003344436132592809,0.0,193.711,0.004250383330539071,-0.03113257292038306,-5.420196251931159,1.5648999185236954,-0.039747775549022056,-0.02937117526879751,-5.441771729232851,-0.39042592559430667,-0.01418222962120479,-0.02,1.5583365324032197,-2.0,-8.624095593485096e-19,0.0,0.0,0.0,0.0,1.5707963267948963,49.0,0.0323472435709233,0.04290664755544934,0.05132905075723581,0.17322105276521654,0.25151782212864354,0.0389836177169334,0.12750180191852628,0.1165651759349201,-37.28674334463115,0.07862370422410787
193.9,-1.9814361185104081,0.12205344307599297,5.463,0.35,-0.02,0.02,1.5630688928675394,0.004736189829064247,-0.02573881223152325,-0.02498914738024154,-1.9705394635098301,0.10422240230054189,0.0,-2.926988358581839e-05,-0.00360657869475672,0.0,193.81,-0.03145082870122769,-0.03236007294702567,-5.487203973746545,1.5991873556189375,-0.07411765357855547,-0.03189312537478518,-5.4455267688428055,-0.3495213727354962,-0.01747256655586089,-0.02,1.5835683699944407,-2.0,-8.624095593485096e-19,0.0,0.0,0.0,0.0,1.5707963267948963,50.0,0.03251012607846669,0.04333241571603721,0.05133883615628448,0.17391626866033522,0.251870982655263,0.03924889112787853,0.12772498761913714,0.11711029097284556,-37.243727331610195,0.07901328409967395
194.004,-1.9541686506047315,0.12205344865868151,5.46,0.31,-0.02,0.03,1.565080555216644,0.006808040784107731,-0.013504011976223662,0.0698144583125686,-1.9323221177397383,0.10331880978363392,0.0,-3.5303543872528235e-05,-0.007079838587835212,0.0,193.975,-0.09634444996051418,-0.029524611854071896,-5.408312175888413,1.5896676000965209,-0.10907860331375822,-0.028738781525074843,-5.438735142040439,-0.309587917540752,-0.007949991507153233,-0.03,1.5855388216021313,-8.578041044712133e-17,1.5151417495534182e-32,0.0,-4.378151562466085e-19,1.2293053993515694e-34,0.0,-2.807818280870883e-16,29.0,0.032735783677778914,0.043873506149168025,0.05148413063461786,0.17467900522236535,0.25221764515815065,0.03974871539045041,0.12808620152917655,0.11775966257398361,-37.173823421361604,0.07941528058716069
194.106,-1.9269011768518511,0.12205345454124794,5.458,0.26,-0.02,0.03,1.572000112212498,-0.002645879340129027,-0.009505630692025771,0.05704223737110397,-1.9055279049380174,0.10232339353322661,0.0,1.4796484685878672e-05,-0.011370437747368284,0.0,194.074,-0.12199094058904372,-0.02820827325606529,-5.38902476151334,1.5712098304985622,-0.1347866778889638,-0.02865319754504502,-5.431126509594634,-0.25982558587881993,-0.006229769645833057,-0.03,1.57744570088403,-2.0,-8.624095593485096e-19,0.0,0.0,0.0,0.0,1.5707963267948963,32.0,0.03287113572996303,0.04422670793786606,0.05145667895050062,0.17504719534245453,0.25234894100029837,0.039639600975156085,0.1279788449282758,0.1179556944036906,-37.155493783937885,0.07958856314633798
194.2,-1.8996337067919313,0.12205346063516265,5.456,0.21,-0.03,0.03,1.5757937068727352,-0.004292124251374992,-0.003146773285853472,0.009665312831476725,-1.887489259717085,0.10134394243590271,0.0,5.409682883517398e-05,-0.013917300232741805,0.0,194.074,-0.12199094058904372,-0.02820827325606529,-5.38902476151334,1.5712098304985622,-0.1566686026997307,-0.028641725637113754,-5.433946509594666,-0.20978951894396416,0.003669097625523414,-0.03,1.5787898459699337,-2.0,-8.624095593485096e-19,0.0,0.0,0.0,0.0,1.5707963267948963,32.0,0.035888314415481855,0.051318030509676746,0.05347245298969547,0.1843896600428999,0.2563349344777688,0.04503124303027632,0.13191292630975482,0.1259167929366246,-36.34731687192198,0.08452067300319666
194.3,-1.8814553949323363,0.12205346413574203,5.454,0.17,-0.03,0.03,1.5763781211015322,-0.008663376947432045,0.007082334786096369,0.002536765166428628,-1.8692163691678694,0.09990932234724356,0.0,6.84282895170437e-05,-0.01595568228183545,0.0,194.206,-0.16038997053553045,-0.024867003165058178,-5.465155766396825,1.5499299149180086,-0.1753766990645708,-0.025773607960322412,-5.4338821914852815,-0.17011762576951794,0.008919290238262271,-0.03,1.565216602480529,-2.0,-8.624095593485096e-19,0.0,0.0,0.0,0.0,1.5707963267948963,54.0,0.033037127361999305,0.04423886566081477,0.05255852185977494,0.17436607128752948,0.25194575861805596,0.040070707882098495,0.12794635941764904,0.11766705185965123,-37.07516531872734,0.0791772334714699
194.4,-1.8723662360554192,0.1109576791852791,5.452,0.12,-0.03,0.03,1.57497139234585,-0.009172428713319003,0.010568534134778942,-0.04897366576636308,-1.8535022423694625,0.09797373094713155,0.0,3.153348015182656e-05,-0.016851077696266217,0.0,194.305,-0.17801836962528422,-0.024251309870445215,-5.381665550146659,1.5625438523742692,-0.19084246498467924,-0.019668564728129608,-5.434929861124948,-0.12009777929625452,0.019698476455452377,-0.03,1.561304880254837,-2.0,-8.624095593485096e-19,0.0,0.0,0.0,0.0,1.5707963267948963,76.0,0.032501411379805854,0.04326764669925551,0.05199329025809148,0.17378653197742794,0.25184573420129924,0.03921657710128091,0.12759866070845463,0.1170791238906982,-37.198784276291946,0.07892111494086854
194.5,-1.863277075116858,0.11095768102137082,5.449,0.07,-0.03,0.03,1.5708425871260425,-0.013457126933172485,0.012513526897322437,-0.042582142594313574,-1.8467183931144462,0.09664003484614424,0.0,-2.155078854785166e-05,-0.016511557775262496,0.0,194.437,-0.1966133194815457,-0.019518602076165237,-5.480597611423089,1.5531264742606323,-0.20057426804614056,-0.01723777372547302,-5.439224092125622,-0.07013691468308084,0.0213760652456352,-0.03,1.5549215334969364,-2.0,-8.624095593485096e-19,0.0,0.0,0.0,0.0,1.5707963267948963,28.0,0.03229906526495805,0.04275501671453607,0.05175519072482613,0.1730156622274615,0.25131913146155493,0.03877395871266565,0.1273430251896053,0.11636521199150274,-37.26580014467076,0.07839197946671854
194.604,-1.854187919148299,0.1109576828822667,5.446,0.03,-0.03,0.03,1.5661918800931909,-0.009966442894840603,0.020876199650098445,-0.05155589468976274,-1.8419026231238804,0.09474426800547106,0.0,-9.85996700161778e-05,-0.01474103377138712,0.0,194.569,-0.19087289120058387,-0.010978932501699751,-5.334633583910914,1.5912820858067682,-0.20193010949693566,-0.012881759513525309,-5.431108496465333,-0.03000846425107782,0.02773796062703068,-0.03,1.5670544769955395,-2.0,-8.624095593485096e-19,0.0,0.0,0.0,0.0,1.5707963267948963,35.0,0.03452600116102779,0.047426456340042215,0.05375843446667369,0.1787353709119243,0.25363077735803025,0.04246609398955218,0.1299278386033776,0.12129079921458956,-36.66729850380868,0.08124228595859731
194.7,-1.854187919148299,0.1109576828822667,5.443,0.0,-0.03,0.03,1.5639532809753456,-0.009530656450421567,0.023327495044367617,0.009182251253285452,-1.8421165649859483,0.09364622424295306,0.0,-0.00010652317030779672,-0.012919565530568613,0.0,194.635,-0.1992680180584775,0.0023447950688765297,-5.330965542464887,1.5861684038631783,-0.20321369741637674,-0.0020091491351001017,-5.422539046130481,-9.002643278330001e-05,0.04709068938772239,-0.03,1.576063849835716,-2.0,-8.624095593485096e-19,0.0,0.0,0.0,0.0,1.5707963267948963,5.0,0.032608432922286525,0.04328816230391405,0.05259868107114922,0.1737032533612057,0.2516247738685078,0.03925748543919563,0.127803336615288,0.1170664862093759,-37.16189217355692,0.07872363771108201
194.8,-1.854187915855178,0.11095768280905727,5.439,-0.04,-0.02,0.03,1.5666412390444915,-0.017146754313886535,0.02505718013919346,0.04313456990136372,-1.846003889139786,0.09256156306764862,0.0,-5.292841849975594e-05,-0.009417078384206815,0.0,194.668,-0.19970028041046195,-0.014316395704633073,-5.330019976445601,1.5606914745847897,-0.2005108578035838,-0.0028187736876965266,-5.4155789554426015,0.03999596820709559,0.029319772486589776,-0.03,1.5712289331335918,-2.0,-8.624095593485096e-19,0.0,0.0,0.0,0.0,1.5707963267948963,52.0,0.03655153591482754,0.05295021467322537,0.05473399041050689,0.18711300858378893,0.25749859316471785,0.04654953896634454,0.1334073800794693,0.12841674181866422,-36.114065827344746,0.08592394341631227
194.9,-1.854187915855178,0.11095768280905727,5.435,-0.08,-0.02,0.03,1.5689599660134428,-0.004664256103599592,0.03191686439589785,0.007164677030214304,-1.8555958117008853,0.0918481147058812,0.0,-9.837612984570612e-06,-0.003377994338128156,0.0,194.866,-0.19142578830573997,-0.006929073154033114,-5.422132607764817,1.5709849064033552,-0.19191856225354625,-0.005228371919516077,-5.423489256212234,0.08000101398952413,0.02021261381636517,-0.03,1.5660272019380408,-2.0,-8.624095593485096e-19,0.0,0.0,0.0,0.0,1.5707963267948963,34.0,0.032432546497813755,0.042475922724658326,0.05325590973476536,0.1717811608592865,0.25074198064412456,0.03884219076738734,0.12708986137379805,0.11573312273644537,-37.2119295747092,0.07774014011988634
195.0,-1.8723662303463788,0.11095767871417728,5.431,-0.11,-0.01,0.03,1.5687060920198002,0.0038369066318800337,0.03406895171955671,-0.013385412814271082,-1.864721350954866,0.0917958212022104,0.0,2.6665011536462028e-06,0.0008733511880676589,0.0,194.932,-0.17231265696164252,0.0002633762955028782,-5.290674416816043,1.5804870730779415,-0.17694488299659006,-0.0008763620162634544,-5.411395961326166,0.10998837593640559,0.017572201339146245,-0.03,1.572331422593729,-2.0,-8.624095593485096e-19,0.0,0.0,0.0,0.0,1.5707963267948963,28.0,0.03154217413666758,0.04078278081451981,0.05232867572249787,0.1704117418584355,0.2504102612149308,0.03758100531877964,0.12647042985762078,0.11454899653720083,-37.45494486219207,0.07722806002392753
195.1,-1.8814553833441332,0.11095767713942362,5.426,-0.13,-0.01,0.03,1.5686173088059319,0.001708653133278904,0.03898257002728893,0.012418363368520403,-1.878863715198334,0.09221247391934911,0.0,1.8845906441340827e-05,0.0060152765959405495,0.0,195.031,-0.17135293159938406,-0.004943942486197304,-5.310944328868738,1.5449625390469655,-0.16369173961670724,-0.0017939398769688062,-5.402317619990496,0.13003843013510416,0.013175503907960816,-0.03,1.5586948587363394,-2.0,-8.624095593485096e-19,0.0,0.0,0.0,0.0,1.5707963267948963,29.0,0.03305195240266455,0.0436198561984885,0.05384273008194211,0.17344872721780993,0.251611449394278,0.039995882242660374,0.12786313392836463,0.11723559704920089,-37.04380860980114,0.07869212373519392
195.2,-1.8996336957586133,0.11095767295481007,5.421,-0.16,0.0,0.03,1.5674846505888296,0.0037985318924831342,0.03631185487219391,-0.041434978259156416,-1.8956580943150885,0.09314368316851919,0.0,4.208727647174408e-05,0.010940083699484782,0.0,195.13,-0.1540115482459755,-0.020301467747326735,-5.420479578791234,1.602683836820723,-0.14683188603896738,-0.017610396276735267,-5.404726769930345,0.1602277627954378,-0.030970943728756056,-0.03,1.578150274145439,-2.0,-8.624095593485096e-19,0.0,0.0,0.0,0.0,1.5707963267948963,30.0,0.031739490417770834,0.0411572934224653,0.05266972549783384,0.17088827447227894,0.25068930968547676,0.037909002581515874,0.1265940628022743,0.11498649959406522,-37.395795030227056,0.07752940732226221
195.3,-1.9178120069566928,0.11095766878672109,5.417,-0.18,0.0,0.03,1.5670853043582778,0.027886483767179032,0.04602752674922621,0.04246143903621026,-1.914671532711852,0.09453328547549887,0.0,6.474624293503681e-05,0.014617586121018062,0.0,195.229,-0.14002248524743136,-0.024648619412100982,-5.2946653800466175,1.5290664408607715,-0.12804958000065403,-0.022989162495330343,-5.395530965912927,0.1797294020302188,-0.03779233611168655,-0.03,1.5636363209980655,-2.0,-8.624095593485096e-19,0.0,0.0,0.0,0.0,1.5707963267948963,31.0,0.03148824834440011,0.04095976007077773,0.05195940308376076,0.17103499747445938,0.25080760789551104,0.03759329073268338,0.12653751825098036,0.11495141687026103,-37.470185649796555,0.07764684274718273
195.4,-1.935990318816288,0.11095766528614215,5.413,-0.19,0.0,0.03,1.568454323862914,0.026908509237376543,0.043457108356621824,-0.022334751982930827,-1.9354476371233853,0.09620414628542705,0.0,4.234075151824055e-05,0.016782296786154303,0.0,195.328,-0.12167291300413224,-0.011328086338703478,-5.348000378280816,1.5734750993557145,-0.10804865922445822,-0.017615835389355027,-5.392756092714171,0.1899675970900866,-0.019317774860529543,-0.03,1.5691189659312161,-2.0,-8.624095593485096e-19,0.0,0.0,0.0,0.0,1.5707963267948963,32.0,0.0314831643570094,0.041040237016382944,0.05161066167072335,0.17110612849267837,0.2507862491912491,0.037606585837789024,0.12654173689784842,0.11493726755704878,-37.48350087520209,0.07766064587593342
195.5,-1.9541686300143677,0.11095766111805316,5.409,-0.2,0.0,0.03,1.5675457553614418,0.004988421979983268,0.04138846560235207,0.006677479724805821,-1.9575172314348905,0.09792267330119446,0.0,5.334617940114202e-05,0.016109698506808323,0.0,195.427,-0.09247682245344917,-0.01507167685913324,-5.4017148713692045,1.5710217455149567,-0.08599270416800965,-0.01627171738684175,-5.388692843053473,0.19992983254342706,-0.01256156229718642,-0.03,1.5652104987636892,-2.0,-8.624095593485096e-19,0.0,0.0,0.0,0.0,1.5707963267948963,33.0,0.03141058848327709,0.04090605145730215,0.05127725511093727,0.1708829012564078,0.2506461720631782,0.037537635301474394,0.12647648321125035,0.11471913138764911,-37.514752424705584,0.07753156297376529
195.606,-1.9814360975202043,0.11095765539722491,5.405,-0.21,0.0,0.03,1.5671063061479964,-0.0037306151963308713,0.038149325896043716,-0.013981250607325326,-1.9850745253574467,0.09986479872417466,0.0,5.4125773135994605e-05,0.014768663038510498,0.0,195.559,-0.06892022631735852,-0.016768114938073918,-5.374555048994868,1.5948527676529214,-0.0587048905562726,-0.020899877292211586,-5.389421662656211,0.2100823936956075,-0.018911729434716227,-0.03,1.575153050202202,-2.0000208269854967,0.036197088731460846,0.0,-7.960245289642482e-05,0.5174379841012378,0.0,1.5709501663944512,47.0,0.03185230875904863,0.04176932240669063,0.0513455352744123,0.17198256071755602,0.251087396115642,0.0382895590700392,0.1270066211491458,0.11561526368881359,-37.40387910056139,0.07806396624359489
195.7,-1.999614411211726,0.11095765102606814,5.4,-0.21,0.0,0.03,1.567396289031256,0.0024391760174402918,0.036626104357957254,0.030177922146490854,-2.0037563713785502,0.10107789305523439,0.0,4.406365500122396e-05,0.014042335458286087,0.0,195.625,-0.04502605644520192,0.02807754523954378,-5.4053830403957175,1.546713271303257,-0.035450109672065244,0.00403363424195635,-5.3939077732381335,0.2103292156655374,0.042439330519551594,-0.03,1.5630391577229807,-2.0001117641871633,0.11200864420004267,0.0,-0.0005148063092757713,1.3694552069760628,0.0,1.5711722472940872,36.0,0.031729700385442566,0.04153462643754496,0.05109208460053575,0.17149527796631797,0.25080434966599946,0.03807580120870187,0.12677243509573902,0.11517676930260218,-37.447128803795195,0.07778364326540974
195.801,-2.0177927203330848,0.11095764676824471,5.396,-0.2,0.0,0.03,1.5679389245950173,0.0,0.0,0.0,-2.031678117725706,0.10285204729872077,0.0,3.7157820946952945e-05,0.014640765271969442,0.0,195.724,-0.030090352846433355,0.16782863014351423,-5.355325400236713,1.5626951441719228,-0.012529938938422766,0.11384382815944481,-5.391421949427194,0.21288297499746184,0.2814624887515528,-0.03,1.5605538458396888,-2.000203709518658,0.35278293254538634,0.0,-0.0009590508332469797,2.5454509010627446,0.0,1.5711730972867044,36.0,0.03189710479573835,0.04190461292839062,0.051128976198696684,0.17181083645444892,0.25088803295129,0.03831208390421846,0.12688347563000063,0.11541859484853326,-37.40652796494297,0.07791352688112414
195.9,-2.045060190393005,0.11095764067433045,5.391,-0.2,0.0,0.03,1.5655431496587136,-0.19752427973832515,0.036369297460598686,-0.023348796798934486,-2.049903738051793,0.10429794256889062,0.0,8.644418319521148e-05,0.02024163673403358,0.0,195.823,-0.004026202041745606,0.40793021803611906,-5.2350405970094345,1.5676148094553197,0.010779821163547686,0.33916818731073933,-5.373447721375511,0.20239613279600127,0.7363094394492272,-0.03,1.5675420912666929,-2.0002937263343945,0.59169896421733,0.0,-0.0012544148549182652,3.3294502121299674,0.0,1.5711730901388845,29.0,0.03189929331534917,0.04197781646678766,0.05112891076094975,0.17178723902727056,0.25084773252045445,0.03831758678612103,0.12684566571527897,0.11538736827606942,-37.40488159981799,0.07788121550493068
196.0,-2.0632384994368405,0.11095763625797428,5.386,-0.18,0.03,0.03,1.5649957988087575,0.0,0.0,0.0,-2.0718548791165325,0.10766870444870054,0.0,0.00023116289055962868,0.047985522019036095,0.0,195.922,0.02141722294941824,0.7660649635216568,-5.350903918078391,1.556825959542324,0.033382944040043855,0.6755713641148664,-5.371902093517164,0.2009372217024183,1.3475391280862394,-0.03,1.5627987578104412,-2.00043700291815,0.9719798519262745,0.0,-0.0015069563551746079,3.999741456927037,0.0,1.5711730902182575,38.0,0.03201328077114883,0.04284420994921173,0.051659677844054,0.1727414580862842,0.25120956933868677,0.03898628270009281,0.127263234265286,0.11619091889039257,-37.31363502749162,0.07833120021337117
196.1,-2.0814168134826376,0.1220534186915172,5.383,-0.17,0.11,0.02,1.5651932592180113,-0.9815791264740621,0.04340555576816383,-0.008535741395902127,-2.0924612927025388,0.11614703277737122,0.0,0.0005548823052423191,0.12442851454131063,0.0,196.021,0.03873078963309898,1.1228412223284663,-5.2545012629793,1.5734559114726687,0.05242977283749413,1.0914325075365099,-5.368250028928376,0.17358960359562067,1.9617698554163032,-0.02,1.5690637019117553,-2.000587700718283,1.3719582790889298,0.0,-0.0015069996269902034,3.999856325622061,0.0,1.57117309021663,39.0,0.032748508164441,0.04429957340623274,0.05217020802599948,0.17462380364948255,0.25201726190782536,0.04005962913408255,0.12803554287994143,0.11776069482389875,-37.15632098762892,0.07928570126064487
196.202,-2.0995951327583082,0.1442449886067192,5.38,-0.15,0.28,0.01,1.566210180581782,-1.3355770837825345,0.028237200286175212,0.02371864913156322,-2.1147415733250967,0.14288001045501908,0.0,0.0010546359892619939,0.32949614216245443,0.0,196.12,0.06575024388420464,1.5377790080790588,-5.290921332033381,1.564744114587134,0.07379525166626419,1.5214278830484393,-5.361108866190209,0.16174074874591718,2.4391417494057412,-0.01,1.5664785394686782,-2.0007685439167235,1.8519487400046366,0.0,-0.0015070374883612053,3.999956819653055,0.0,1.5711730902163537,40.0,0.034060736556860156,0.04789341237074496,0.05392683791416542,0.1786904952684695,0.25363333793936804,0.042769304305494554,0.12972489535650458,0.12127994165031938,-36.77400888952356,0.08131069457469303
196.3,-2.1177734552190897,0.18862813387817967,5.38,-0.12,0.58,-0.02,1.5679855982915054,0.0,0.0,0.0,-2.127771699097635,0.17955457026787008,0.0,0.0010980790279052702,0.5714519768666244,0.0,196.219,0.08919971558580898,1.9195740149118905,-5.260156474817188,1.5574341293404517,0.09456599959508738,2.096724415741794,-5.3417827278345555,0.14404693528274815,3.120813482856488,0.01,1.5669061052456286,-2.000889107443956,2.1719464733696987,0.0,-0.001507046426811148,3.9999805440572884,0.0,1.571173090216344,42.0,0.035075924150631814,0.045785533448101254,0.053949122819596254,0.176036061762216,0.25260279603706914,0.04108886391028726,0.12855102322239745,0.1192476712966113,-36.9366073905695,0.07999356486846428
196.4,-2.126862632358063,0.2662986419767752,5.387,-0.09,1.04,-0.08,1.5693998070808612,-1.4815094569599663,0.01623458634613878,0.013991920360394487,-2.1440934597127526,0.2817096875229191,0.0,0.0007491152757611443,1.124970734281141,0.0,196.318,0.10413550444751725,2.2985496118311053,-5.236592342393779,1.5603165083793047,0.11363639846206502,2.509047592792248,-5.326533434708033,0.11833875182717565,3.0574806769331806,0.08,1.5638802966212386,-2.0010699534479435,2.6519451658227866,0.0,-0.0015070514996474186,3.9999940082130503,0.0,1.5711730902163528,42.0,0.03773256094876073,0.0483093209068408,0.054411773754766676,0.18007343952815696,0.25447491765550945,0.04275447914020541,0.13007971099350166,0.12265078180335427,-36.65897128161415,0.08218845924121507
196.5,-2.145040978359614,0.39944808579116575,5.399,-0.06,1.67,-0.14,1.5700613139222859,-0.9656774037586303,0.0064881882446981495,-0.007271802208314887,-2.1543677443731126,0.42855117918899693,0.0,0.0012729224316229972,1.773425078097564,0.0,196.417,0.1203939251789842,2.5887744604768423,-5.123928676215977,1.5775783060299167,0.1258983046069626,2.846700336489552,-5.296476353224497,0.07587192151826141,2.794576810248448,0.14,1.5672412631624084,-2.0012206586953734,3.0519447924479555,0.0,-0.001507052873734119,3.999997655645087,0.0,1.5711730902163197,43.0,0.04013706680942669,0.05189792668182529,0.056090686927537284,0.1840769293213132,0.25600053989623517,0.045031379268157784,0.13149441999400063,0.12618974402981842,-36.30785591285178,0.08422509922313774
196.605,-2.14504103584311,0.6102680463006704,5.417,-0.02,2.45,-0.22,1.5703831530434569,-0.4828712105975293,-0.009640046528506183,0.01167158568483809,-2.161329959785899,0.6481490987944303,0.0,0.0026091501312483726,2.5562521087443004,0.0,196.417,0.1203939251789842,2.5887744604768423,-5.123928676215977,1.5775783060299167,0.1316934699255323,3.11180196575093,-5.277376353224517,0.03645513806582567,2.2929319507891455,0.22,1.5673269386158333,-2.0013713640173414,3.451944637782184,0.0,-0.0015070533765916914,3.999998990723044,0.0,1.571173090216282,43.0,0.06098410485310599,0.07110674138681043,0.06059014078216889,0.20858471399520973,0.26605690449068203,0.05873008641277952,0.14112328826086298,0.15010525975462694,-34.47119625166499,0.0984931205411732
196.7,-2.154130268764246,0.8987585166459733,5.439,0.0,3.28,-0.27,1.571162848328475,-0.10335394377264137,-0.021731706861422312,-0.002484236445431047,-2.1645043602466147,0.8825848146391814,0.0,0.003993397963406274,3.223814251044925,0.0,196.417,0.1203939251789842,2.5887744604768423,-5.123928676215977,1.5775783060299167,0.13417661659786423,3.299420583606612,-5.253876353224566,0.01694171133138604,1.7147771907019078,0.27,1.5674044545022638,-2.0014919282955943,3.7719445747812608,0.0,-0.0015070535369745967,3.9999994165881634,0.0,1.571173090216265,43.0,0.08673325977247852,0.09042795668489134,0.06439072262370564,0.23140086788165917,0.27483863707121636,0.07146458333074447,0.14930097953315188,0.17632664610471221,-33.064280331615095,0.11363489156021131
196.8,-2.1541303634817197,1.2538237162742396,5.465,0.02,4.1,-0.3,1.5711761029404612,0.159718616732401,-0.01890188540441392,-0.003449237789345602,-2.165689214145711,1.2507677855112187,0.0,0.00937590164694676,4.051704851305742,0.0,196.417,0.1203939251789842,2.5887744604768423,-5.123928676215977,1.5775783060299167,0.13468917985574838,3.4419858906706136,-5.225306353224635,-0.002588286696501005,1.1598775538032324,0.3,1.5674860501721877,-2.001642633653522,4.171944525706176,0.0,-0.0015070536193007495,3.9999996352856235,0.0,1.5711730902162473,43.0,0.12224006797640902,0.11294538575162348,0.06816278427414046,0.25608256197603524,0.28378914078442796,0.08534045807087023,0.1574508891354972,0.21053379079014153,-31.734815473051928,0.1322319500766241
196.9,-2.154130479662754,1.697655219357043,5.493,0.05,4.86,-0.29,1.5712352315047775,0.2914542384146613,-0.017602454633570724,-0.006346995099876013,-2.164053161314787,1.6992215538698132,0.0,0.017953296661296317,4.827931113423146,0.0,196.417,0.1203939251789842,2.5887744604768423,-5.123928676215977,1.5775783060299167,0.13264428458399374,3.526529436197884,-5.195706353224672,-0.03216154670085172,0.6649780250943342,0.29,1.5675676458421144,-2.0017933390159226,4.571944489744673,0.0,-0.0015070536495352073,3.999999715335457,0.0,1.571173090216266,43.0,0.16740754620165404,0.13782294535912176,0.0717367769000182,0.28144339762832915,0.2924658551475087,0.0997464239792386,0.1651992206082058,0.2541534100346714,-30.511834535362325,0.15397653375161535
197.0,-2.1541306120985864,2.2080614492577504,5.521,0.06,5.54,-0.24,1.570544506833192,0.361338108341063,-0.020082985101321314,-0.004170047147969298,-2.159906744704109,2.221103765623028,0.0,0.029523935742707032,5.527111649172759,0.0,196.417,0.1203939251789842,2.5887744604768423,-5.123928676215977,1.5775783060299167,0.12906704304121228,3.569119646544601,-5.169036353224676,-0.04177806869600972,0.250078599280223,0.24,1.5676492415120369,-2.001944044379961,4.971944458583164,0.0,-0.0015070536606019873,3.999999744635663,0.0,1.5711730902162728,43.0,0.22324877863999054,0.1651603096389332,0.07514096858573938,0.3074782246232877,0.3008924665510316,0.11470108896317001,0.17260006514934642,0.3107903675478272,-29.37289680653939,0.1793551726813997
197.1,-2.1541307571493267,2.7850424057136127,5.544,0.07,6.16,-0.17,1.5699325613121058,0.0,0.0,0.0,-2.152061446291416,2.933917514131108,0.0,0.04286367295805508,6.276579909849523,0.0,196.417,0.1203939251789842,2.5887744604768423,-5.123928676215977,1.5775783060299167,0.12430251930501574,3.574862619401104,-5.1480063532246945,-0.05143785269581436,0.04517927106589603,0.19,1.5677308371819612,-2.002124890817565,5.451944423393947,0.0,-0.0015070536649073078,3.99999975648947,0.0,1.5711730902162326,43.0,0.2907957890042866,0.19504461407345142,0.07839748184733264,0.33417965496861735,0.3090894311152735,0.13020805935816504,0.17969636192633015,0.38520799697517566,-28.300156934711055,0.20889475189367207
197.2,-2.1541309150977637,3.4175023038964913,5.561,0.08,6.72,-0.1,1.5692498594897355,0.37608586737169414,-0.022287482051100573,-0.004113085105069174,-2.1453072737044425,3.4567666830077686,0.0,0.05058170259766906,6.733629902203552,0.0,196.417,0.1203939251789842,2.5887744604768423,-5.123928676215977,1.5775783060299167,0.11835571686953683,3.5437358894751863,-5.1348063532247465,-0.061140898713462205,-0.3997199648436247,0.1,1.5678124328518817,-2.0022454551094797,5.7719444004171345,0.0,-0.0015070536665311106,3.999999759285899,0.0,1.5711730902163752,43.0,0.3711178269103251,0.22755419502364718,0.08152401584810984,0.36153835820136987,0.31707455972872334,0.14626267555016528,0.18652287390440522,0.48358533191026226,-27.283722704340853,0.24318026559757716
197.3,-2.1450419222473034,4.10544113692421,5.572,0.1,7.25,-0.05,1.5684647316255158,0.42168682396129675,-0.01677898243581903,0.00377783660697977,-2.13534157829776,4.160166554947085,0.0,0.060000877184397984,7.275392145299459,0.0,197.209,0.10781346876862953,2.749811277654004,-5.191331879543015,1.583116756568155,0.09246945820388434,2.498570468500234,-5.167374533031467,-0.13364948470961158,-1.9544904138010128,0.05,1.5771505843553553,-2.002396160474453,6.171944371890978,0.0,-0.0015070536669483025,3.999999760723238,0.0,1.571173090216344,51.0,0.043923192517566205,0.048502571200704454,0.06901025938456265,0.18748425106141803,0.2606437371955127,0.04268096666261082,0.1307092588667149,0.13103623955838434,-35.623672664719116,0.08765710153823852
197.401,-2.135952937064176,4.837763114008772,5.578,0.1,7.72,-0.02,1.5687688505884745,0.0,0.0,0.0,-2.121577628414105,5.072106065918041,0.0,0.055302082363324644,7.855336667915876,0.0,197.308,0.09593788725713402,2.4730980703851353,-5.514531530879328,1.6007510364154605,0.07019110871298076,2.190684274718884,-5.256675548702578,-0.21788403065937392,-2.286491230858319,0.02,1.5929367557761833,-2.002577006912438,6.651944337767707,0.0,-0.0015070536669317184,3.999999761303929,0.0,1.5711730902162853,52.0,0.04059374488268815,0.046087959366912803,0.06275977234761736,0.19139371114472462,0.2622077607770613,0.040728845324493695,0.12981307963945385,0.13160547811174836,-36.28009374622377,0.0898080163558259
197.5,-2.1268639604396147,5.603372462813088,5.58,0.1,8.08,-0.02,1.5723092319120204,1.9006033309651622,-0.0879412412581478,0.0847267358799008,-2.111951253054241,5.714340634927736,0.0,0.027816894362247088,8.148983028634868,0.0,197.407,0.0938559170698366,2.1352715317134843,-5.364359897342,1.5960262216453327,0.05893037520650487,1.7849052327646466,-5.296064507569911,-0.21926590324089074,-2.9091501628217147,0.02,1.5938572866108285,-2.0026975712044277,6.971944315042549,0.0,-0.0015070536669525671,3.9999997614417744,0.0,1.5711730902162775,53.0,0.04067641034087138,0.04885611620319461,0.06039990962698455,0.1942423586623067,0.26229591366054605,0.04198334607931747,0.13066059553885492,0.1330536723279277,-36.278426820527365,0.0907863742703692
197.6,-2.1177749862355673,6.413364951559843,5.583,0.09,8.26,-0.07,1.5780528081257383,2.118682308646292,-0.0591180573308767,0.05349004371913557,-2.1005343026102627,6.542421124538651,0.0,-0.025984321016599317,8.357478946357729,0.0,197.506,0.07718177314020765,1.609229333196011,-5.4888616001317345,1.5575854794887471,0.05832936616743188,1.3535198499745609,-5.322560130413777,-0.14245054265021037,-3.235198673456912,0.07,1.5812342793395129,-2.002848276569415,7.3719442866456575,0.0,-0.0015070536669098925,3.9999997615123846,0.0,1.5711730902162602,54.0,0.0424154275617795,0.053844474077409436,0.061077418505883586,0.19695320133357574,0.26214967150431057,0.044861828129403224,0.13220787397949932,0.13543326628591748,-35.95124370959582,0.09162314321522197
197.7,-2.1086860193144252,7.234453238996018,5.592,0.07,8.25,-0.15,1.5809957553308942,2.1373441181486363,0.00688088495216963,-0.0036735076129444516,-2.090785343376006,7.380914646175868,0.0,-0.058522951168145196,8.37357733244512,0.0,197.605,0.06074604862413889,1.0946305264928575,-5.505274705269926,1.5680602345849413,0.05641046499179703,0.7496372029658098,-5.353807963264956,-0.0635481709372642,-3.7000578773954986,0.15,1.569378325298484,-2.0029989819344025,7.77194425825301,0.0,-0.0015070536669977233,3.999999761538053,0.0,1.5711730902162797,55.0,0.03995631261282446,0.05058942924195822,0.05942191799087251,0.1889893666156432,0.25800736613463116,0.04295869866505104,0.13055842543536256,0.12886249552302223,-36.28312355701331,0.08667422698503133
197.8,-2.099597046429853,8.033349953828347,5.608,0.05,8.03,-0.23,1.579099795841847,2.298440964011954,0.04670100330246102,-0.03389615496245895,-2.0831338556684633,8.209486389964475,0.0,-0.04905977199971764,8.177253771629005,0.0,197.704,0.050397977263712486,0.5186200138389417,-5.487784689987719,1.5772645845424116,0.044610334314502384,0.23303432285282044,-5.348604337163618,-0.062355002326830805,-3.733616048838745,0.23,1.5736719934976078,-2.0031496872993895,8.171944229861916,0.0,-0.0015070536669257416,3.999999761547379,0.0,1.5711730902162608,56.0,0.04030442820405565,0.0543952542497431,0.060481498262847426,0.19127888752548977,0.25855850441991163,0.04551620350586488,0.13209602049142774,0.1312024986819783,-36.00869418673947,0.08773697130397023
197.9,-2.099597237292921,8.810055120149745,5.633,0.03,7.58,-0.32,1.5766292005453748,1.7942246502930619,0.025696106748616117,-0.002605797709364536,-2.0775495496171237,9.005848403578147,0.0,-0.03407368354250594,7.750561364622841,0.0,197.803,0.03881790139844229,-0.010059522574321737,-5.49505795795743,1.5798205025639118,0.03205698502650791,-0.3281793421654217,-5.342390005786314,-0.0718679554898014,-3.6549020315002325,0.32,1.5814626510585743,-2.003300392664371,8.571944201471405,0.0,-0.0015070536667691184,3.9999997615512872,0.0,1.5711730902162213,57.0,0.038449636470522575,0.050277933979509554,0.059060240703192796,0.18441326010284495,0.25573977855803925,0.04330874171285463,0.13046742774374975,0.12580283887137816,-36.34029258835482,0.08402387734898836
198.0,-2.09959741798326,9.542377142132864,5.668,0.02,6.9,-0.4,1.5770660741862397,1.2717981348925838,0.017266857870379286,0.028335204616838063,-2.073448824230335,9.885807061084174,0.0,-0.04192030690510496,6.936168940608078,0.0,197.803,0.03881790139844229,-0.010059522574321737,-5.49505795795743,1.5798205025639118,0.02530509068923282,-0.6597382700236093,-5.306390005786344,-0.06529035578174645,-2.9426381091942893,0.4,1.5822404099575795,-2.0034510980293345,8.971944173081104,0.0,-0.0015070536667631687,3.9999997615519978,0.0,1.5711730902162198,57.0,0.05488753715353635,0.06855098581656129,0.063151500630777,0.20765898568528504,0.2653353243292626,0.056341819828839255,0.1397202551603402,0.1479212304595746,-34.592127704256775,0.09751317992544868
198.1,-2.090508417207385,10.185932903608112,5.711,0.0,6.08,-0.44,1.5787368436020355,0.2613834472458569,0.009329784172298601,0.030275671144368282,-2.0721605356930595,10.411504679933666,0.0,-0.049618749053426156,6.279875234037877,0.0,197.803,0.03881790139844229,-0.010059522574321737,-5.49505795795743,1.5798205025639118,0.019812417841755237,-0.9085703807145814,-5.2641900057863715,-0.04876296827670941,-2.0903771557029267,0.44,1.5830181688565832,-2.0036018033942904,9.37194414469089,0.0,-0.001507053666767056,3.999999761552886,0.0,1.5711730902162206,57.0,0.07599243780829212,0.08887002797005135,0.06699337304479498,0.23159077681691267,0.27459576532953844,0.069703484371597,0.14839726986056911,0.174078292186552,-33.13196503523985,0.11333234935139756
198.2,-2.0905085648106594,10.762913929527716,5.753,0.0,5.27,-0.41,1.5799370874327163,-0.6165548293640574,0.0069974189689515146,0.027456628712928165,-2.0719219745382587,10.993879020700787,0.0,-0.0503763190795123,5.4596124786438525,0.0,197.803,0.03881790139844229,-0.010059522574321737,-5.49505795795743,1.5798205025639118,0.01477547750181713,-1.071760011229225,-5.221590005786396,-0.05228579041166969,-1.2481192296151855,0.41,1.5837959277555798,-2.0037525087592454,9.771944116300666,0.0,-0.00150705366664804,3.999999761552886,0.0,1.571173090216191,57.0,0.1025613846701569,0.11141842353804282,0.07062656746521885,0.2562086176618945,0.2835539354989011,0.08353097987871871,0.15659421988716754,0.20546587916378503,-31.83744335809524,0.13184763001178437
198.3,-2.0905086903941736,11.262224428527018,5.788,0.0,4.58,-0.33,1.5810943572458367,-1.2020658146896421,-0.00810475171275201,0.02052809560983849,-2.0728980192919777,11.499707471862566,0.0,-0.04828287835784364,4.754248030996324,0.0,197.803,0.03881790139844229,-0.010059522574321737,-5.49505795795743,1.5798205025639118,0.00939124929806712,-1.157211733926154,-5.184790005786425,-0.05585881956290996,-0.5258643895179338,0.33,1.58457368665458,-2.0039032141241884,10.171944087910443,0.0,-0.001507053666631165,3.999999761552886,0.0,1.5711730902161867,57.0,0.13505248002816622,0.13632088231072956,0.07408179285032969,0.2815099659133155,0.29223763333444064,0.09788206556615842,0.16438293616452587,0.24356401105465256,-30.667825535492277,0.1535172554198853
198.4,-2.0905088033778565,11.706055995062634,5.81,-0.01,4.06,-0.18,1.581975801908646,-1.353499960569626,-0.011426506592928565,0.01326008391505084,-2.0748313824663827,11.944282625725196,0.0,-0.045151974533269995,4.219392494228315,0.0,197.803,0.03881790139844229,-0.010059522574321737,-5.49505795795743,1.5798205025639118,0.004457022765261619,-1.1834347204585296,-5.158790005786447,-0.04948205304587011,0.026387306004218125,0.18,1.5853514455535747,-2.0040539194891314,10.57194405952022,0.0,-0.0015070536666640273,3.999999761552886,0.0,1.571173090216195,57.0,0.17380270990472876,0.16367908734883382,0.07738289237240414,0.30749136815454026,0.30067064096269025,0.11278216742259384,0.17181894453776217,0.29018168045456816,-29.585008213110864,0.17880743810743274
198.5,-2.099598065366573,12.10550435414471,5.816,-0.02,3.7,-0.01,1.5827118242767195,-1.1874352922486888,-0.006203655992362085,0.011881768871643116,-2.0775929334097696,12.343974489803475,0.0,-0.042836165951198546,3.8333961968656878,0.0,197.803,0.03881790139844229,-0.010059522574321737,-5.49505795795743,1.5798205025639118,-0.00022943478042377835,-1.1635529576827481,-5.148990005786487,-0.043155488115271465,0.4186357983690394,0.01,1.5861292044525637,-2.0042046248540744,10.971944031129997,0.0,-0.0015070536666036314,3.999999761552886,0.0,1.5711730902161798,57.0,0.21909797989932403,0.19357635023612282,0.08054881769411062,0.3341437995194943,0.3088734924478224,0.12823482682804915,0.17894622013909822,0.34748467380655107,-28.570780549777552,0.20824631194098722
198.6,-2.0995981497390446,12.482761119429021,5.807,-0.02,3.44,0.13,1.5833381973814706,-0.9541778405647056,-0.0063701931484065645,0.010931331253570037,-2.081139274746196,12.711141484208383,0.0,-0.041339801675912835,3.551650391433454,0.0,197.803,0.03881790139844229,-0.010059522574321737,-5.49505795795743,1.5798205025639118,-0.004669865899478711,-1.107703085266302,-5.156390005786511,-0.04687912196516848,0.7108810289966336,-0.13,1.586906963351569,-2.0043553302190174,11.371944002739774,0.0,-0.0015070536666036314,3.999999761552886,0.0,1.5711730902161798,57.0,0.27121749324304334,0.2260886747287743,0.08359492826672507,0.36145664312865483,0.3168640628675252,0.14423513928215595,0.18580029521524072,0.41804239381813696,-27.612848768037217,0.242414887200035
198.7,-2.090509056740066,12.837826288837912,5.787,-0.03,3.25,0.24,1.5840733722460012,0.0,0.0,0.0,-2.0854882292704477,13.054298838237903,0.0,-0.04128077296102416,3.3428384374756313,0.0,198.628,0.04425309728594582,-1.448136805189271,-5.592989280138684,1.5823124136202626,0.042300652325684786,-1.4002815351835487,-5.247765695092028,0.014556377841070174,0.39083718977953863,-0.22,1.5749919841254887,-2.0045060355839603,11.771943974349591,0.0,-0.0015070536666057426,3.999999761553774,0.0,1.5711730902161802,32.0,0.049831626353103856,0.06597396384805496,0.07945879890001414,0.1919292433924111,0.2608182875344732,0.05159443557352882,0.13481070699749084,0.13884838169836558,-33.947714912517355,0.08892187014937762
198.8,-2.0995982938105318,13.170699856373687,5.757,-0.04,3.1,0.3,1.582739286185477,-0.08006332057387981,0.042291266685196886,-0.03456185227561604,-2.0906526275244413,13.379494105343714,0.0,-0.03563383121986467,3.1822000222420286,0.0,198.727,0.04676122297360956,-1.3439238978196502,-5.655194827760386,1.5753675159152876,0.048706694158590864,-1.3861821031046,-5.391880285442063,0.021325537859603318,0.5627220850972154,-0.3,1.5758948027085526,-2.0046567409489033,12.171943945959457,0.0,-0.0015070536666057426,3.999999761553774,0.0,1.5711730902161802,33.0,0.036860179403293246,0.045746878657718384,0.06853546355581021,0.18928174656973418,0.26210350042361114,0.04113403367197247,0.1296608161165615,0.1311783199783155,-36.04932802772498,0.08901702044980214
198.9,-2.0995983596335037,13.49247763640562,5.725,-0.04,2.96,0.29,1.579721135148082,-0.061809970411792904,0.034890795077201,-0.015893791201643522,-2.097638345004115,13.749968776750686,0.0,-0.02391791829895796,3.007681418067894,0.0,198.826,0.04905914788670073,-1.2291681672913333,-5.704909616200885,1.5758774576530061,0.05112736654396983,-1.2469844016870977,-5.498932099211624,0.021910470079777422,0.8899022140596751,-0.29,1.5754949907584754,-2.004837587386835,12.651943911891296,0.0,-0.0015070536666057426,3.999999761553774,0.0,1.5711730902161802,34.0,0.03576896369723371,0.043179045413016016,0.06160766398106474,0.18938144767363632,0.2612161546522635,0.03857382859570247,0.12848915591531074,0.12903596860259428,-36.66415663318974,0.08856106541665415
199.0,-2.1086875891497954,13.792063834309669,5.694,-0.04,2.83,0.25,1.5780867115270834,-0.287796422672822,0.024334446936260024,-0.009500572596002954,-2.1024773588676497,13.985580853668516,0.0,-0.01978781777122483,2.8984978937117636,0.0,198.925,0.055061667869475854,-1.1365435503114423,-5.700962565438684,1.5884685693720189,0.053103914164127575,-1.106417401865439,-5.574020459500192,0.0018564889374795626,1.151846070190505,-0.25,1.580375387291086,-2.0049581516787893,12.971943889179236,0.0,-0.0015070536666060771,3.9999997615546623,0.0,1.5711730902161802,35.0,0.03569343677774954,0.043433045790919854,0.05780531916562045,0.18704219431515923,0.2587514348738067,0.038267198580997475,0.12821798486073063,0.12634322345199023,-36.88672633683035,0.08643901028142448
199.1,-2.1086876490907533,14.091650031931152,5.668,-0.04,2.73,0.22,1.5780057497930269,-0.42588360900194966,0.008215193428893491,0.01246296237970638,-2.1084326636065445,14.268983737670045,0.0,-0.01885783687563793,2.7870265137974477,0.0,198.958,0.06478552320172698,-1.229802009580154,-5.6649128222074445,1.542828524665117,0.06662164568941531,-1.015055704503034,-5.608597489951652,0.05552209410961384,1.2130217629676312,-0.22,1.5668597484896067,-2.005138998116721,13.451943855111182,0.0,-0.0015070536666060771,3.9999997615546623,0.0,1.5711730902161802,62.0,0.04396629569312742,0.055228470708428186,0.05925399352639261,0.2010050084125204,0.2640671056085704,0.046640579842235214,0.13431086985795565,0.13884345800401887,-35.724786188801254,0.09410202834737476
199.2,-2.117776878931231,14.369044671723142,5.645,-0.03,2.67,0.2,1.576731157549892,-0.35871651789008735,0.03224029435204625,-0.039490812565433714,-2.1140775882633074,14.543345906659576,0.0,-0.015403675517218923,2.714341041221224,0.0,199.123,0.06610157605168036,-0.8573669249439679,-5.63304028653374,1.575915602920053,0.0704588480771044,-0.7880545899393195,-5.6403807558656,0.03880713734162783,1.522365714548541,-0.2,1.568695573906072,-2.0052595624086753,13.771943832399145,0.0,-0.0015070536666060771,3.9999997615546623,0.0,1.5711730902161802,37.0,0.03776300943585413,0.04658772903819515,0.0569315149831493,0.1829837543261966,0.2551530454635802,0.04052615866212619,0.12885814764193704,0.123670581483134,-36.67685387128868,0.0832089989678892
199.3,-2.1177769372094035,14.646439312925322,5.624,-0.03,2.65,0.18,1.5735333085202168,0.0,0.0,0.0,-2.1191459978768954,14.81268117577177,0.0,-0.00679671365919616,2.6830803730574693,0.0,199.222,0.0728117405142426,-0.7236201756936143,-5.62992421104002,1.5620924969317591,0.07788975930379755,-0.6190491499978349,-5.647564221478127,0.059614009722001114,1.6142764691515468,-0.18,1.5638517644827936,-2.0054102677736183,14.1719438040091,0.0,-0.0015070536666060771,3.9999997615546623,0.0,1.5711730902161802,38.0,0.037081381889324624,0.0454119277101834,0.05600323381835791,0.17915769421630437,0.2534100068854801,0.03986376581677228,0.12822096351402817,0.12091748055545262,-36.84998639567054,0.08115495062479905
199.4,-2.126866169877376,14.923833949625486,5.607,-0.02,2.67,0.16,1.5710233314483215,-0.5276171266654471,0.027670203499623507,-0.03238305913409167,-2.123340505850817,15.081541395701255,0.0,-0.0002453595483829633,2.7010297424215612,0.0,199.321,0.08305355584727861,-0.5915771272526181,-5.631444249248628,1.557961973471933,0.08195091616684527,-0.4900342894210764,-5.665028238453349,0.03885436979169624,1.571222720466178,-0.16,1.566350852734073,-2.0055609731385613,14.571943775619054,0.0,-0.0015070536666060771,3.9999997615546623,0.0,1.5711730902161802,40.0,0.036811276883721544,0.045230609243792616,0.055102948302797945,0.17789556041821525,0.2530041613743017,0.039861426487997086,0.12823709936958724,0.12012883609564345,-36.91733381781054,0.08060555475677333
199.501,-2.12686623246869,15.201228610155354,5.591,0.0,2.75,0.15,1.5690439141497503,-0.3572211700394602,0.010817785133653317,-0.01099751523901516,-2.126853335391907,15.410607745339755,0.0,0.00572279721167023,2.7861132016200183,0.0,199.42,0.07734964289951755,-0.4389814599448944,-5.533938844671279,1.5567871579582915,0.08631219918577265,-0.31198539608159753,-5.655102055523935,0.046669313526909895,1.5784949201653573,-0.15,1.5600148643941403,-2.005741819576493,15.051943741551,0.0,-0.001507053666625617,3.9999997615546623,0.0,1.5711730902161851,40.0,0.038839808243565414,0.04757245771902129,0.055311486356397634,0.18037052666967152,0.254208069637964,0.041766866869627585,0.1296210501409005,0.12253238732866864,-36.659217038672566,0.08201035966982137
199.6,-2.126866293532961,15.489719032562267,5.577,0.0,2.86,0.13,1.567043526158903,0.0,0.0,0.0,-2.1281276117675474,15.637273389119033,0.0,0.010549566667260264,2.8726256699591586,0.0,199.519,0.08402122765951711,-0.28286213529904386,-5.523780081323528,1.5777803252436837,0.08915694591610142,-0.1521431853008083,-5.654634267710177,0.034640900957861334,1.5565497534396533,-0.14,1.5628994185595682,-2.005892524941436,15.451943713160997,0.0,-0.0015070536666196006,3.999999761555195,0.0,1.5711730902161836,41.0,0.0388802713878803,0.046828936156318376,0.05493699395969674,0.17874650283327412,0.2536265457225131,0.04127083266307862,0.12914803759948232,0.12138193228481636,-36.7285113793955,0.08124372262856241
199.7,-2.1268663612393954,15.789305265759538,5.565,0.02,3.0,0.12,1.5649275365893285,-0.25495893908474443,0.0010868586251544,-0.010667456538159266,-2.128421335750747,15.931718236103004,0.0,0.01715749991908525,3.007041481179968,0.0,199.618,0.08656319321006802,-0.17172426851663614,-5.526843449208503,1.5910347998048284,0.08267143524718198,-0.022997699129828873,-5.648263878488459,-0.029776774415393684,1.3934670586405264,-0.12,1.5730216213394805,-2.0060130892333903,15.771943690449017,0.0,-0.0015070536666586803,3.999999761555195,0.0,1.5711730902161933,42.0,0.03892334787709239,0.04644506611413809,0.05459243549182297,0.17802265897219152,0.25345347246945904,0.041019601436469995,0.12895448914600866,0.1208951029765076,-36.765582931785765,0.08096149762558555
199.8,-2.1268664312137204,16.09998728457819,5.554,0.03,3.16,0.11,1.5657608565550785,-0.10930470943733614,-0.033019943305222246,0.03378420532855479,-2.1272841190083747,16.240904343900645,0.0,0.01516146599094511,3.163832937906299,0.0,199.717,0.08990514753704151,-0.038112771445867395,-5.480280685269667,1.5710036425206053,0.08782166933336592,0.10354144716906849,-5.630565600821122,-0.005098986360450704,1.2607758770031081,-0.11,1.5651636616275906,-2.0061637945983337,16.17194366205906,0.0,-0.0015070536666446034,3.9999997615555505,0.0,1.5711730902161898,43.0,0.037327405867128925,0.04412338736318604,0.05390692499277141,0.17476717664530073,0.2521604218844257,0.03929954764322562,0.12766949933191696,0.11821856500547323,-37.03576230181912,0.07935663676778862
199.9,-2.1268665064826626,16.43286087773049,5.544,0.04,3.33,0.1,1.566668833666716,-0.029484037315287925,-0.005858434616377262,-0.010658619006314547,-2.1243542949346703,16.633658222371544,0.0,0.012494255951503835,3.366637351682912,0.0,199.783,0.0877319999484326,0.027262508645224576,-5.464881842276225,1.5804835473962557,0.08151642565960159,0.19044877321926806,-5.620651192383349,-0.04674457698850033,1.0611238696954421,-0.1,1.572332282482961,-2.0063446410362644,16.651943627991106,0.0,-0.0015070536664492042,3.9999997615555505,0.0,1.571173090216141,37.0,0.04236796653235195,0.049127443515059446,0.05532379718480279,0.18131334738421911,0.25500136967395737,0.04315099503230551,0.13045117562459743,0.12404901889873944,-36.39241764244536,0.08280242897393847
200.001,-2.1268665846519035,16.776830255219174,5.536,0.05,3.5,0.08,1.5670073121462507,0.0,0.0,0.0,-2.1208960251116626,16.97965583077873,0.0,0.009526018967139288,3.5359945498838528,0.0,199.915,0.09196123808815426,0.12579065395378833,-5.514662736480369,1.5735329233681188,0.08568811424753009,0.22712481790989889,-5.605690519195324,-0.02898569857825645,0.8362524922191952,-0.09,1.565905056118003,-2.006495346401203,17.05194359960115,0.0,-0.0015070536664500923,3.9999997615555505,0.0,1.5711730902161412,51.0,0.03734235367553243,0.04314207451064112,0.053646297606822796,0.17345349157502854,0.2517282616884385,0.03865440759372079,0.12719400753748614,0.11725932547014911,-37.083228746244096,0.07876132499302117
200.101,-2.12686666524408,17.131895419405804,5.527,0.06,3.66,0.08,1.5672861433730014,0.16163061117666924,-0.004433262794878269,-0.012003306781682278,-2.116700376211186,17.342140640629218,0.0,0.009792493830115923,3.695836805459089,0.0,200.08,0.07816788386013297,0.22169900384713753,-5.47853605270595,1.5641331858495002,0.08387719439641649,0.2531592774392387,-5.577334352492024,0.00028234465173397616,0.5553372064723918,-0.08,1.5564965845095775,-2.006646051766143,17.45194357121119,0.0,-0.0015070536664686103,3.999999761555195,0.0,1.5711730902161458,21.0,0.036358910717617,0.042465261466595516,0.05267947598910055,0.17330739993595518,0.2517399663643491,0.03814246959595457,0.12712471956086804,0.11692440385847659,-37.23294093202371,0.07873759787032894
200.2,-2.1177775778677255,17.50915218797082,5.52,0.06,3.81,0.07,1.5646630856816213,0.2471402101361323,0.006394768147632669,-0.0442024806735915,-2.1128593832461267,17.643051601740172,0.0,0.01818791079406692,3.8109060541785382,0.0,200.113,0.06356266120718743,0.22935752383966912,-5.490805350935461,1.6133120437673427,0.06647635414118819,0.2901499104012264,-5.575906190889725,-0.08433149721989411,0.39834751852397643,-0.07,1.576577984796742,-2.0067666160580973,17.771943548499223,0.0,-0.001507053666468744,3.9999997615555505,0.0,1.5711730902161458,49.0,0.03622303562823033,0.04305417487944024,0.052473055451334155,0.1740925056195757,0.25205018887301117,0.03855823803682002,0.12744232301425645,0.11748497347266901,-37.210401038113616,0.07912780025584532
200.3,-2.1177776659857335,17.89750471103808,5.514,0.07,3.93,0.06,1.5640511094268899,0.21109687347800632,-0.03494943796133137,0.04958213650502146,-2.1074398874646705,18.03111704391729,0.0,0.020976967619779338,3.934655174671456,0.0,200.212,0.07832594085641856,0.26456519122899025,-5.45099572674114,1.5693046322400261,0.06924824749236987,0.29765956779489067,-5.565734823134164,-0.05088983447910474,0.23526858032140074,-0.06,1.566208379807262,-2.0069173214230402,18.171943520109267,0.0,-0.0015070536664651914,3.9999997615555505,0.0,1.571173090216145,49.0,0.036952064136105786,0.044008964214007476,0.05233649779985137,0.17536681049518382,0.25259395421356934,0.039314033574943605,0.1279997473482201,0.11852810546270294,-37.1068868324212,0.07978477614232178
200.4,-2.1086885818554046,18.296953022511104,5.506,0.07,4.03,0.06,1.566283497554485,0.18611064296983115,-0.00433404619594969,-0.0024844286535283906,-2.101497575017878,18.430337371143946,0.0,0.011041361535277232,4.0366561645906565,0.0,200.311,0.07280029517651164,0.28051952264720775,-5.490012101641245,1.560275412493742,0.06315982240121087,0.2948379540373526,-5.548532824905665,-0.05277296923062252,0.10052239705932298,-0.06,1.5666256846267943,-2.0070680267879832,18.57194349171931,0.0,-0.0015070536664643032,3.9999997615555505,0.0,1.5711730902161447,44.0,0.037014599226770244,0.044097768940200247,0.05218770405389964,0.17527415067852126,0.25251552490379897,0.039369207526718755,0.12796014770754105,0.1184471023519748,-37.09826580858053,0.07971477598206861
200.5,-2.099599500613148,18.707497120494025,5.499,0.08,4.11,0.05,1.5658878526326754,0.15956870133088422,-0.005607260140653196,-0.0001780306734205597,-2.095233980552638,18.83870186183558,0.0,0.012058474628117112,4.119852207538062,0.0,200.41,0.0562890133913795,0.25612794028150837,-5.472387092470806,1.582617976082922,0.05163166876255098,0.26123802936799145,-5.542401961958813,-0.07604282583054658,-0.056641495005854914,-0.05,1.5698200566457403,-2.0072187321529236,18.971943463329353,0.0,-0.001507053666413677,3.9999997615555505,0.0,1.571173090216132,50.0,0.036920488613095145,0.04440547216994348,0.05233679762721228,0.17543401894304234,0.25252256040813215,0.03961347292882336,0.1280553429366005,0.11858624543361657,-37.07470130056394,0.07976573960695141
200.6,-2.0995995964214043,19.118041243054623,5.492,0.08,4.17,0.05,1.5662795268606886,0.1682106397838143,-0.021657372384460468,0.008236026139419364,-2.088750241625091,19.254437991674813,0.0,0.009782982155883099,4.185883666265155,0.0,200.509,0.05486501109215907,0.26072755474181614,-5.414274213405626,1.573478973347893,0.04017086128539164,0.23704505043661936,-5.532011527106944,-0.1219857415850171,-0.14735691918165017,-0.05,1.581233299755835,-2.0073694375178515,19.37194343493939,0.0,-0.0015070536663097601,3.9999997615555505,0.0,1.571173090216106,51.0,0.03685655501317328,0.04409450164430618,0.05216659223650394,0.17499951160815824,0.25234995478377825,0.03941489180869427,0.12790160890382996,0.11824176806721665,-37.10460097374822,0.07955851058617247
200.7,-2.090510515052169,19.539681126877817,5.485,0.08,4.22,0.05,1.569083484416131,0.15105339911194987,-0.037337087815199343,0.05156887319545203,-2.080937687517583,19.760686301359616,0.0,-0.005779605504393299,4.243177935989308,0.0,200.674,0.04462737530288588,0.18520904979794953,-5.493040863521225,1.5479088059449067,0.03908421379658032,0.1852635928367712,-5.521836740156623,-0.06125701153910579,-0.2733647280660154,-0.05,1.5660472566980816,-2.0075502839557484,19.85194340087144,0.0,-0.0015070536662982138,3.9999997615555505,0.0,1.5711730902161032,26.0,0.04300647932487818,0.051348467908218245,0.0542132641026787,0.18453093180156188,0.2564195645042278,0.04495029184342336,0.13191002272118538,0.1266487411083124,-36.233171646707774,0.08459268416633352
200.808,-2.081421432267237,19.96132100602697,5.478,0.07,4.25,0.05,1.5708118324208211,0.17171187968599877,-0.0032306078557345127,-0.02026973752600372,-2.074692528588983,20.186810058484372,0.0,-0.009772263410088,4.273557366674011,0.0,200.773,0.039921272290993036,0.16028167560003495,-5.450625958276659,1.541354854615151,0.03999181691817327,0.14557771775418094,-5.515687870389119,0.0019068604083557206,-0.32849313910126554,-0.05,1.552461843256897,-2.0077009893206608,20.25194337248148,0.0,-0.0015070536662626867,3.9999997615555505,0.0,1.5711730902160943,35.0,0.039112528027634964,0.046828703006312596,0.053967841019241895,0.17771263511762775,0.25338911133156444,0.04146347544755207,0.12903850858868346,0.12079322405507667,-36.70807780260633,0.0808852111958101
200.9,-2.081421532423719,20.39405670214482,5.472,0.07,4.27,0.05,1.5671718205001692,0.0,0.0,0.0,-2.0699403920130806,20.529360301693917,0.0,0.0019902974759704135,4.286796842784524,0.0,200.806,0.033829728286469976,0.1492274703416964,-5.359798212279446,1.5714230752541574,0.03471563247760168,0.11108759499919228,-5.50505122656115,-0.016706144657233996,-0.3619097452083695,-0.05,1.5571603694126015,-2.007821553612585,20.571943349769516,0.0,-0.0015070536662768975,3.9999997615555505,0.0,1.5711730902160979,54.0,0.038336861772676444,0.0462803588496082,0.05340869983609198,0.17778159587121517,0.25360744040686367,0.04114312996113134,0.12909955684495375,0.12074655818480655,-36.80589190379079,0.0810408703693915
201.0,-2.0723324492961854,20.815696580253423,5.466,0.07,4.27,0.05,1.562487743855689,0.12609788579360118,0.0018617249391566816,-0.027129821105652666,-2.064183464872205,20.95833212796215,0.0,0.02226399349284942,4.290213185078981,0.0,200.872,0.02661207822018891,0.134654474218427,-5.344361691396724,1.5654807508233848,0.027104416282003194,0.08000769088588362,-5.491469503510299,-0.029125203774028406,-0.3592104701287546,-0.05,1.5603449057655596,-2.007972258977492,20.97194332137956,0.0,-0.0015070536662680158,3.9999997615555505,0.0,1.5711730902160956,48.0,0.04357250103023332,0.05217300948080751,0.0551533903070031,0.18543655573064557,0.2568115981495506,0.04559243100129397,0.1322619821511096,0.12757329705919004,-36.10963678156503,0.0850982584776489
201.1,-2.0723325494201568,21.24843227406611,5.461,0.07,4.26,0.06,1.5610206640001874,0.0888331325384921,-0.007677933975977301,-0.004265647891256965,-2.0585203368188205,21.386927634811126,0.0,0.02817527628298959,4.281239506155282,0.0,201.037,0.014830058903498929,0.06676923794489147,-5.400855898620112,1.5769900234168759,0.013041312743267712,0.0379990365202839,-5.478408315740264,-0.09096206175432027,-0.36995397048211487,-0.06,1.5761849156968886,-2.0081229643424017,21.371943292989602,0.0,-0.001507053666333741,3.9999997615555505,0.0,1.571173090216112,23.0,0.03625866267705952,0.042949973872031054,0.05363771219567097,0.1723850181175034,0.2510727792518566,0.038482657496471305,0.12672539124219942,0.11633076971042529,-37.14556702986906,0.07815138743390336
201.2,-2.063243465460431,21.670072149593278,5.457,0.06,4.24,0.06,1.5631933902066688,0.07715328554160544,-0.03564377339773031,0.05498802157458903,-2.05193091896923,21.89927640487525,0.0,0.014807841168045474,4.2582381922306345,0.0,201.136,0.011016629710450044,0.025294972582464957,-5.3985211133138815,1.5664231227577161,0.005756989732336035,0.0026761634542970284,-5.469783192812354,-0.08077594460082808,-0.357468916208326,-0.06,1.5761474098517956,-2.008273669707319,21.77194326459964,0.0,-0.0015070536663772617,3.9999997615555505,0.0,1.571173090216123,24.0,0.03510038760691789,0.04148720438324229,0.05265291756674602,0.1713288148676831,0.2507816148319491,0.03745821574813164,0.12629733826177733,0.11532467178671163,-37.35988766347509,0.0777251111136261
201.3,-2.0541543831944686,22.09171205805878,5.451,0.06,4.21,0.06,1.5676276612237583,0.05832854340850061,-0.021033040313960874,0.03470812567655282,-2.0468790065393416,22.323643581202173,0.0,-0.003421945530730253,4.230948165246468,0.0,201.235,-0.005539481140522628,-0.00488787752975238,-5.362294819372793,1.5330303240546916,0.008173098842894782,-0.03474739010959692,-5.46135996615703,0.004706189269961983,-0.3433786641141534,-0.06,1.5540633331961207,-2.0084545161452323,22.25194323053167,0.0,-0.0015070536663346291,3.9999997615555505,0.0,1.5711730902161123,25.0,0.03624175802756677,0.043311420233859525,0.05233399601358047,0.17446714948030007,0.25224138277610414,0.03883102344727885,0.12758422639863554,0.11777827592663599,-37.161407616433024,0.07935895118412882
201.4,-2.054154476660157,22.513351927776753,5.445,0.05,4.18,0.07,1.5671057857715078,0.04685913847940143,0.022628518497690226,-0.05486916658222716,-2.042410358100226,22.744981916264894,0.0,0.0036946872437282,4.198328727850252,0.0,201.268,0.004539844414796476,-0.003024009713988418,-5.397571072821868,1.5612704255028285,0.0062515133237647045,-0.0578765745682463,-5.461244926748126,0.010956253439467975,-0.30098769727021546,-0.07,1.555083245246945,-2.0086052215101415,22.65194320214169,0.0,-0.0015070536662696583,3.999999761555195,0.0,1.571173090216096,52.0,0.042441528603230645,0.0510619175296766,0.054340255378971705,0.18472696198193664,0.25655498430328694,0.04474472281416149,0.13192248596573775,0.12671160910367027,-36.2464613783687,0.08471549209526098
201.5,-2.0541545726968087,22.93499183390584,5.44,0.05,4.15,0.07,1.5624496974658706,0.019666339294347187,0.014761886414588997,-0.03251085320154226,-2.0384655350467282,23.16282613898849,0.0,0.021136253354268112,4.161875209123027,0.0,201.367,-0.005755390602630594,-0.023513738386102982,-5.366408232549158,1.5514348703143925,0.0040107510808272935,-0.07162908604994184,-5.457555498420938,0.021882396772237522,-0.24798679228521303,-0.07,1.5523765360012383,-2.008755926875038,23.051943173751734,0.0,-0.001507053665919582,3.99999976155484,0.0,1.5711730902160086,58.0,0.0455920092975803,0.05445191011363101,0.05597443372122132,0.1880596853458903,0.2576741292482521,0.0470644110045062,0.1332060306299635,0.12989808657285706,-35.853141969628155,0.08637456021375742
201.6,-2.0450654836175177,23.345535917200067,5.433,0.04,4.11,0.08,1.5591410985824208,-0.008339665273605981,0.01251689055696633,-0.02943314965588253,-2.0355790592890646,23.49441426263275,0.0,0.03129664140270143,4.131671841271484,0.0,201.532,-0.007902835379694585,-0.06506739036632254,-5.356459220410471,1.5601160992896148,-0.0007942441897223113,-0.08213615343825455,-5.449322951942801,0.021473066118828314,-0.1880369893487308,-0.08,1.5551235546292401,-2.0088764911669323,23.371943151039762,0.0,-0.0015070536658683355,3.9999997615555505,0.0,1.5711730902159957,28.0,0.03649402117499483,0.042618099723644456,0.05390231152625844,0.17179834939748592,0.2507189147059197,0.038157430502796054,0.126516161034564,0.11589055074596363,-37.1444860779425,0.07777478056586215
201.7,-2.0450655740117414,23.756079996555155,5.424,0.04,4.07,0.08,1.5571314180877545,-0.029753502021276464,0.00440579929679429,-0.009555854234831783,-2.0315603521933725,23.987334097124844,0.0,0.0398412496809464,4.087731451007873,0.0,201.631,-0.003756609927405781,-0.07231001092755346,-5.339153075032953,1.5759885550450246,-0.00963832616709952,-0.08942523373114322,-5.441693525631882,-0.048411908642237995,-0.13043013690040794,-0.08,1.5729315588508432,-2.009057337604766,23.8519431169718,0.0,-0.0015070536657687257,3.999999761555195,0.0,1.5711730902159708,29.0,0.03499424338543887,0.041027014673636494,0.0526399364475682,0.17083683180877113,0.2505546287574902,0.03701510959400283,0.1260964355224014,0.11491205039632736,-37.40380579348112,0.07745209281547577
201.8,-2.0450656639572227,24.16662407459274,5.416,0.04,4.04,0.09,1.559066556454871,-0.03813481362178937,-0.025438853073384712,0.05992717695437981,-2.029078908063183,24.313131806303232,0.0,0.03197419183360122,4.060793526604828,0.0,201.73,-0.008152586100632284,-0.08210377840778983,-5.39030163263514,1.5602802809583767,-0.009415908289574516,-0.09318965041943544,-5.434375711809466,-0.0157078468060993,-0.08520370643557529,-0.09,1.5646539503270727,-2.009177901896649,24.171943094259827,0.0,-0.001507053665737907,3.9999997615559058,0.0,1.571173090215963,30.0,0.03480397895151025,0.0409521229690471,0.05190925092151735,0.17118050470822768,0.2507595476819901,0.03702301497156895,0.12623644840224227,0.115072424146399,-37.4538820633178,0.0776645517177666
201.9,-2.0359765686974995,24.566072366302727,5.407,0.03,4.01,0.09,1.5623013731699924,-0.03914067414099911,-0.002663764994809328,0.007650610067103441,-2.0263007898275958,24.717519834591137,0.0,0.017147046549513885,4.030616191489125,0.0,201.829,-0.019606281875347346,-0.10492427716421175,-5.335892721269521,1.5556260306306113,-0.014403736555129108,-0.10418524191489967,-5.427371132371313,0.0003768241866185691,-0.06559003900860905,-0.09,1.5630952450187494,-2.009328607261506,24.57194306586985,0.0,-0.0015070536657633966,3.999999761555195,0.0,1.5711730902159695,31.0,0.03494393763501197,0.041261387590725215,0.05152428281889308,0.17151741030708684,0.25085608235418083,0.037105181434267866,0.1262578833602123,0.11524317629576097,-37.447432502351084,0.0778099858156254
202.0,-2.035976656032486,24.9655206546404,5.398,0.03,3.99,0.09,1.5627396815132837,-0.024399359599926496,0.00020261408947387047,0.0026331405449600332,-2.023990657337496,25.119082248926382,0.0,0.014560005454094836,4.003860678567323,0.0,201.928,-0.019733265970739478,-0.09606340104076709,-5.363637269627594,1.5564051803260366,-0.015047419616320274,-0.10394035914975057,-5.428662940360628,0.012179933365805133,-0.034165072430194954,-0.09,1.5601340176440628,-2.0094793126263606,24.971943037479885,0.0,-0.001507053665582342,3.999999761555551,0.0,1.5711730902159242,25.0,0.03725368378986911,0.04400296522147519,0.05320463944085751,0.17393961657760068,0.2516519515405424,0.039218519273263065,0.12733206746003886,0.11749007414919099,-37.03694398118439,0.07887523413333568
202.1,-2.035976742996251,25.36496894105962,5.389,0.02,3.96,0.09,1.5621462492879967,-0.022727874050964873,0.0036959291993529206,-0.009495826920618353,-2.0218682750545245,25.597657294741097,0.0,0.01710423375063793,3.9753389029490127,0.0,202.027,-0.02202416469746718,-0.08461128160281038,-5.288689200951127,1.5640475861902268,-0.017004654655174548,-0.09264960482641436,-5.415738132676619,0.022808092105823827,0.024104316185225905,-0.09,1.5600520185543754,-2.0096601590641767,25.451943003411937,0.0,-0.0015070536655832302,3.999999761555551,0.0,1.5711730902159244,33.0,0.03520227464969473,0.04131839904239524,0.05221497156338221,0.1709220685597938,0.25048375690128427,0.03725748531390562,0.1261268727798977,0.1149253877365969,-37.39450286163495,0.07744110701454696
202.2,-2.035976833265364,25.764417267150627,5.381,0.02,3.94,0.09,1.5611860110100844,0.0,0.0,0.0,-2.0208310726792327,25.914926511595684,0.0,0.0193026488134081,3.958715407225913,0.0,202.126,-0.021241834936925198,-0.07200010211340924,-5.304204529490367,1.6231351786203536,-0.03002447002611768,-0.08130234235983484,-5.40947563254187,-0.08732720545907745,0.05467224067350607,-0.09,1.58760690682984,-2.009810864429021,25.85194297502198,0.0,-0.001507053665582342,3.999999761555551,0.0,1.5711730902159242,34.0,0.03483648965290635,0.040986799051983505,0.05162323854028848,0.17090256569881715,0.2505521046754512,0.03701061079204836,0.12610514366397282,0.11481479415470072,-37.46753200048612,0.0774789996807715
202.3,-2.0359769204536367,26.163865551570474,5.373,0.01,3.93,0.09,1.563855229006384,0.0,0.0,0.0,-2.01997932615281,26.309819714228592,0.0,0.010448034214460585,3.9414837026010456,0.0,202.225,-0.014546462544689689,-0.07676374845820337,-5.360586480065691,1.5899245967021527,-0.029497911199919787,-0.07415134086881973,-5.403136575090617,-0.0783567532927249,0.07863937440804714,-0.09,1.5853530443967332,-2.0099314287208982,26.171942952310015,0.0,-0.0015070536655814538,3.999999761555551,0.0,1.571173090215924,35.0,0.03519599918832618,0.04144153159595409,0.05136771621539043,0.17157355310301595,0.25081997901620523,0.03738147772232133,0.12640145066554354,0.11531764877420932,-37.42594885816839,0.0778049532080442
202.4,-2.035977005247595,26.55221804827155,5.363,0.01,3.91,0.09,1.5716659048364983,-0.04152503204340173,-0.017759645186937303,0.06076129593149531,-2.0198379592015576,26.703235657952288,0.0,-0.021610096706999305,3.928707161855899,0.0,202.324,-0.023014537128118295,-0.06898776463125353,-5.318377816265355,1.5706562508329729,-0.02328568881224696,-0.06697089605917787,-5.395721815339481,-0.017297859519831794,0.09966790896516908,-0.09,1.5726163906074477,-2.0100821340857467,26.57194292392006,0.0,-0.0015070536655832302,3.999999761555551,0.0,1.5711730902159244,36.0,0.03576689323913604,0.04219491488511746,0.05127788948152054,0.1723841605489586,0.25111760077428213,0.03772244285223638,0.12658054155588244,0.11591106786594271,-37.35093393489429,0.07818461999975196
202.503,-2.0359770896825555,26.940570543538875,5.353,0.0,3.91,0.09,1.5741905409984775,-0.0363828224881699,0.013260697434272611,-0.008815664112498584,-2.0209529803117268,27.174001781784163,0.0,-0.032801309687211413,3.9188434032012367,0.0,202.456,-0.025676916754419694,-0.059976008303245135,-5.296984674510258,1.5564411849950541,-0.019673984110793182,-0.0541328832395246,-5.380748773144765,0.04236394690565345,0.10916150998689922,-0.09,1.5602562233433612,-2.010262980523562,27.05194288985211,0.0,-0.001507053665567243,3.999999761555551,0.0,1.5711730902159204,47.0,0.036107324007176304,0.04258018525247781,0.05133842741764667,0.17269793748889412,0.2512187022175708,0.038101607902762784,0.12680002067098597,0.11621783687654835,-37.296969879204205,0.07832423408710971
202.601,-2.0359771770464334,27.340018822501513,5.344,0.0,3.9,0.09,1.571470289901134,0.0,0.0,0.0,-2.02293185350441,27.565643934393933,0.0,-0.020387403747579875,3.9148047688483043,0.0,202.555,-0.02325166944219152,-0.0635811049773153,-5.222196492570652,1.5624829437448675,-0.01630103261372161,-0.050960984125196694,-5.3611880807780885,0.07013121393714533,0.10334701356121956,-0.09,1.5532799733690732,-2.0104246837131625,27.462529683159865,0.0,-0.001877259138934156,4.268286504111559,0.0,1.571236142401483,46.0,0.03570706636065342,0.04197149201607989,0.05123553440761916,0.17175102637605763,0.25078946920745154,0.037767430066695966,0.12649820437844597,0.11548362812757268,-37.36676107987109,0.0778399797264197
202.7,-2.035977261783424,27.72837131326978,5.334,-0.01,3.9,0.08,1.566564688985471,-0.01800092701965378,0.026210071255525137,-0.055710844944828475,-2.0256102546471273,27.957023941314237,0.0,-0.0012655214896558616,3.9133533894533437,0.0,202.654,-0.02765782983811967,-0.01053475401921838,-5.26924483702757,1.5410417088073907,-0.013535265086726119,-0.02105146002249641,-5.344639223897479,0.1000051067747897,0.1510466039230942,-0.08,1.5485822398498577,-2.010662255788209,27.94822196644368,0.0,-0.002521711313912025,5.308962792073309,0.0,1.5712713180922608,46.0,0.03842111145908669,0.04568188840035478,0.05150291768566955,0.17748643331923467,0.25345001190288524,0.0406459858022986,0.12893961726919603,0.12023143087303409,-36.93712512989839,0.08088594897680232
202.8,-2.0359773466387843,28.116723804419955,5.324,-0.01,3.9,0.08,1.561098243170653,-0.04659326768837657,0.029986199712111403,-0.05431968647104928,-2.0280393275842417,28.270126696742683,0.0,0.015567278657712447,3.914182838394735,0.0,202.72,-0.015464888180465557,0.09727010110719293,-5.220262157078787,1.5752293725397943,-0.010709117716732143,0.059420187508924326,-5.339082345788942,0.05842045093660558,0.30580552065679756,-0.08,1.5592840703216229,-2.0108802693655816,28.407180282726234,0.0,-0.0028501995301186017,5.999903033952363,0.0,1.5712713676913235,40.0,0.03667014547250352,0.04281963425941406,0.05139547904664036,0.1725856744216201,0.2510875818570888,0.038257675741872596,0.12674367248979862,0.11617811296129554,-37.25907225027421,0.07822603096452085
202.9,-2.0359774309678773,28.505076293334607,5.314,-0.01,3.91,0.08,1.5584819205713014,0.0,0.0,0.0,-2.031185146048571,28.66188166258791,0.0,0.026634337866427816,3.9210925743154834,0.0,202.819,-0.016604913989604123,0.3057582672280374,-5.204218974856695,1.5856939441720466,-0.014752895116664975,0.24959481928763252,-5.321259103393896,0.009109896206333394,0.6574279377456644,-0.08,1.5709912075449666,-2.0111652913547076,29.007174443580183,0.0,-0.002850228516340879,5.999964053938282,0.0,1.5712713676911954,41.0,0.03834571059661425,0.04434859476253013,0.051614355828104176,0.17508190575030227,0.25228999230051397,0.03951965108621097,0.12787446922722517,0.11831882974439209,-37.071176791040905,0.07957124972352693
203.003,-2.035977518225888,28.904524567083804,5.305,-0.01,3.94,0.08,1.5611428172003965,-0.4104363680545149,-0.01866571406025358,0.05131559909799789,-2.0349772167677687,29.13423861800989,0.0,0.013511497475477368,3.9545081756819114,0.0,202.918,-0.007235598261612191,0.5215043108564009,-5.2137583730451835,1.5600941634473202,-0.005597693522148918,0.5056866792520051,-5.312124123067079,0.04088249420588704,1.0738516323120613,-0.08,1.5646369694917954,30.885999999941568,1.629164159834507e-09,0.0,6.000000000000405,3.532796607795789e-10,0.0,5.887994346325917e-11,42.0,0.040164859135399945,0.04592508473598449,0.05226029149343944,0.17709417730820742,0.2531409247314763,0.04069261052235647,0.12870574567222634,0.12011720031489889,-36.88330942365361,0.08060002716958929
203.101,-2.045066792954204,29.303972838137653,5.295,-0.01,4.01,0.08,1.5636912999351062,0.0,0.0,0.0,-2.0382370696618164,29.533361310931717,0.0,0.005695393141908263,4.028472450967402,0.0,202.984,-0.005493865925878683,0.6936115272629056,-5.271154609412568,1.559821075143581,0.0010545659944974995,0.7506935219618062,-5.315437788359169,0.054554485499540346,1.392263968436053,-0.08,1.5625184964813017,-2.0117923440432235,30.327171327553508,0.0,-0.0028502434184522734,5.999995424182456,0.0,1.571271367691189,36.0,0.04567718569179528,0.04977702498531302,0.05402327656687182,0.1816168943981783,0.254969874572908,0.04350887131801665,0.13054990013966228,0.12441330350053895,-36.352820998070726,0.08291861696309319
203.201,-2.045066880359199,29.703421109349208,5.283,-0.01,4.14,0.09,1.5638859873313942,-0.8176689610776374,0.022901837045560914,-0.002883305318031466,-2.0416083075300895,29.94330978360621,0.0,0.006502864729398304,4.167759878409314,0.0,203.116,-0.0033576297712578766,0.9181866406423811,-5.295288838375369,1.5853299754036254,-0.00011457357794909176,1.031963638194394,-5.31124602944743,-0.0005541513573213957,1.6437239305077895,-0.09,1.5726211268319297,-2.0120773684711053,30.92717102835653,0.0,-0.002850244580911149,5.999997871747025,0.0,1.5712713676911498,44.0,0.04094767099288867,0.0454209340462186,0.05373310355120528,0.17556503999977818,0.2523872108798231,0.03993372266878764,0.12791128724030765,0.11910540652209747,-36.88489355004669,0.0797472801793995
203.301,-2.0450669759143736,30.13615673758016,5.273,-0.01,4.35,0.09,1.5654775323953964,0.0,0.0,0.0,-2.0450554186962377,30.371442573578637,0.0,-0.002170376814280265,4.386138439099401,0.0,203.215,0.006341587321942781,1.096298046933874,-5.139710438136924,1.5685817853611743,0.00944795817378145,1.2540662440860464,-5.292957220194236,0.04647482387071266,1.7415310272506908,-0.09,1.5647490430984174,-2.0123623929618413,31.527170875921644,0.0,-0.002850245006388104,5.999998767635164,0.0,1.571271367691132,45.0,0.04068807578905739,0.0447636657701241,0.053602884159893775,0.1752795309840146,0.2524049882931985,0.03943266517275253,0.12776915054165242,0.11884365748488213,-36.97134613999234,0.07968387031142399
203.4,-2.0541562599062537,30.579988149473245,5.264,-0.01,4.65,0.07,1.5668483297948281,-0.6497824721588814,0.02106195987757594,-0.011598728758039635,-2.0478942479420437,30.732575316973616,0.0,-0.0062850432255940605,4.620890375289769,0.0,203.38,0.00709536265208436,1.4454697182501768,-5.091383777284681,1.5582220464787957,0.012056493779505847,1.4823078037664081,-5.261836100257376,0.053084539387444826,1.6654513182431936,-0.07,1.5639743486276496,-2.0125904125718743,32.00717079473311,0.0,-0.0028502451420096588,5.999999053407273,0.0,1.57127136769111,20.0,0.04089876382825757,0.044453770878914466,0.053448281089631844,0.175217499998633,0.2524290781938796,0.03912314908069463,0.1276518277112167,0.11875278711505806,-37.0086803404228,0.07967873937799835
203.5,-2.0541563657163913,31.057106922109902,5.256,-0.01,5.0,0.05,1.5662027770329754,-0.4331816163359619,0.016261288574160638,-0.015370559642842068,-2.0515188416489156,31.213796782880802,0.0,-0.0032797738794273653,4.9776732581244,0.0,203.413,0.014264133813822763,1.497893025127451,-5.244212352716544,1.6005312549468556,0.008458276403657514,1.645182916165167,-5.2666192106608705,-0.019521762903977828,1.4714377724001517,-0.05,1.5753581504818452,-2.0128754370929216,32.60717071315362,0.0,-0.0028502452113694657,5.999999200161343,0.0,1.571271367691051,48.0,0.04333615007545752,0.046890431131973914,0.05426811016867501,0.17838892762707806,0.2537333185705852,0.040747828171254226,0.12881388668148674,0.12147837157183033,-36.741263356299314,0.08128631066101116
203.6,-2.054156481895694,31.578608836967476,5.249,-0.01,5.41,0.03,1.5672686778150984,-0.1830349806417133,-0.015835748332265795,0.039823302227718696,-2.0558043104448975,31.84237805630429,0.0,-0.012602756829509383,5.465158102765458,0.0,203.578,0.025489900379226396,1.7082453825341866,-5.1527227562188616,1.5276480166780497,0.03180707495822075,1.7501693156120606,-5.227448597066491,0.142998301262911,1.1428586861382737,-0.03,1.550502886962483,-2.0132174665228932,33.327170626299846,0.0,-0.0028502452395873165,5.999999259525767,0.0,1.571271367691054,22.0,0.04283245577690381,0.04465856323577675,0.05349470378827331,0.1756516545880194,0.25258568397183245,0.039214637510028294,0.1277611231208763,0.11920441375473734,-36.92718412770531,0.07987635321002501
203.7,-2.054156608420749,32.13339816165646,5.246,0.0,5.83,0.01,1.5670895502578952,0.05974201844450817,0.05493456005767424,-0.06341242048614426,-2.0586228673019287,32.294782551735324,0.0,-0.0107579777154596,5.803178665079223,0.0,203.611,0.023768443333445206,1.7370640576466834,-5.212099808289968,1.6012930760127049,0.02705628832669135,1.8444224131800246,-5.228083150825711,0.021179385592283658,0.8479384396057457,-0.01,1.5676247919309731,-2.0134454861438824,33.80717057081502,0.0,-0.0028502452458145713,5.999999273540512,0.0,1.5712713676909822,51.0,0.042017876830370664,0.04365659171800707,0.052995499136613,0.17448245207292698,0.2520730629539524,0.03843710359023035,0.12725759532116165,0.11813678455020285,-37.06020685553685,0.07927150335144559
203.8,-2.0632459341520697,32.732570629365675,5.244,0.0,6.24,0.0,1.5637348280895986,0.17364708979035906,-0.0041541079879447405,0.00502979278918946,-2.061814890818308,32.898063233979734,0.0,0.010039512686914094,6.218107444079863,0.0,203.71,0.023814904712644334,1.7922485787993656,-5.172334418264565,1.5602286695695577,0.03011116411951739,1.8677919051357692,-5.219872823628464,0.030287709087626763,0.47380872198185386,-0.0,1.5662851015160306,-2.013730510670499,34.40717050243519,0.0,-0.00285024524871523,5.999999280737598,0.0,1.5712713676908958,50.0,0.042394811443400154,0.04358794687626345,0.052438796450454545,0.1746827183187967,0.25219743608671924,0.03843563382833275,0.12735437124002666,0.11826108919306873,-37.07349909598405,0.07939952345320798
203.908,-2.0632460817174874,33.37612624349108,5.243,0.0,6.63,0.0,1.5649091504190606,0.0,0.0,0.0,-2.0648140326955238,33.67498366130018,0.0,0.0010366716962870763,6.685173783726956,0.0,203.875,0.03375274845080487,1.7028166358930803,-5.159407167352524,1.5937484495104843,0.022091475419190248,1.7594451604384456,-5.206397790378986,-0.08789458807086661,0.0007845152937830946,-0.0,1.5842540180754277,-2.0140725401026485,35.1271704209208,0.0,-0.002850245250160735,5.999999283648691,0.0,1.5712713676909063,33.0,0.05407634423818716,0.05257866296623565,0.0547859927798409,0.1865097079401622,0.2572237342547829,0.045253887715865394,0.13230050928961695,0.12919153154194865,-35.953633513685766,0.08563701944468455
204.002,-2.063246237090482,34.05296921625356,5.241,0.01,6.98,0.0,1.56690038746712,0.45755448106526253,-0.05941318043018241,0.06646891223791997,-2.0668296634806813,34.36328483725142,0.0,-0.020205410995229524,7.0394029922143515,0.0,203.974,0.03255357502220971,1.5953791177486312,-5.113612870878134,1.568852399731408,0.027154495566096296,1.6802418969643744,-5.197110371601763,-0.040864383580392336,-0.4929771290051992,-0.0,1.5755541565886322,-2.0143575646295093,35.72717035314694,0.0,-0.002850245250801499,5.999999284433841,0.0,1.5712713676909509,28.0,0.0570261848828787,0.05574304316725939,0.056506880860851275,0.18940560019947586,0.2581786612111343,0.046909726838816425,0.13310302727649775,0.1319999410424235,-35.643210630255,0.08709046284761188
204.1,-2.063246399691712,34.76309954926644,5.241,0.01,7.3,0.0,1.57137428474636,0.550210107212673,-0.015990695159529885,0.02538936535859178,-2.068430646022777,34.93794255460234,0.0,-0.04639144469591337,7.290513548660551,0.0,204.007,0.030992910514060203,1.644394478077744,-5.068538919186082,1.5543200708499878,0.03141210226314116,1.5998867216367672,-5.1851653770141795,0.005223839959748953,-0.7609328731543057,-0.0,1.5684681946379682,-2.014585584251024,36.20717029896367,0.0,-0.0028502452508540536,5.9999992846875045,0.0,1.5712713676909396,53.0,0.04555849839216104,0.04814195599688088,0.05599810555763938,0.17856401566025915,0.2534852791723638,0.04108832484691612,0.12874094044925136,0.12193138716129057,-36.497141777842614,0.08114853567864767
204.207,-2.063246567575609,35.495421452710744,5.242,0.01,7.55,-0.02,1.571524182919182,0.5316934293575265,0.01534370183067927,-0.015163950338629745,-2.071135548749541,35.833925161509214,0.0,-0.04985518387130028,7.603119808629919,0.0,204.106,0.033038840099985256,1.5318142745390433,-5.179887980532566,1.5470452861632238,0.05280761818143107,1.4275304502956643,-5.193034035662553,0.12848524556821206,-1.0761813652380994,0.02,1.5494080032157664,-2.014927613683315,36.927170217710994,0.0,-0.0028502452508342886,5.999999284828192,0.0,1.5712713676909251,54.0,0.044683763166816624,0.047055517443656006,0.055360662196956255,0.1784380434623869,0.2537650963909671,0.040867289963585456,0.12898768727866894,0.12182048169099285,-36.607417318848576,0.08127886311874655
204.3,-2.063246743528266,36.26103071500638,5.242,0.01,7.75,-0.03,1.5680634964399527,0.6364699177478215,0.05928430717342102,-0.07934387104280176,-2.0733777378367395,36.60561302144878,0.0,-0.01711000973260912,7.801740888620217,0.0,204.205,0.03247263930344509,1.3302969484146756,-5.152119234171705,1.5310198091700935,0.06471959409242131,1.1993560086392048,-5.183871673189024,0.1960882853932259,-1.454385408235761,0.03,1.5380727991155267,-2.0152126382102016,37.52717015000804,0.0,-0.0028502452507079734,5.999999284867982,0.0,1.571271367690901,55.0,0.044510596399494354,0.04681456825203518,0.05447881751255211,0.17904715594863893,0.2542006692488093,0.04096466817092789,0.1292761806610642,0.12220703777453419,-36.65598847081286,0.08171087062181381
204.4,-2.063246921385927,37.03773576272063,5.244,0.02,7.89,-0.04,1.5600232305612902,0.8572166726231352,0.07153116736562828,-0.10223119186659611,-2.0745834788135236,37.23511296306753,0.0,0.033752245647952685,7.914188379548456,0.0,204.304,0.0256352319721681,1.130186044888345,-5.214469716262735,1.5562084955620508,0.04887309485441174,0.9576605559269008,-5.173306317386231,0.08517358025601539,-1.7244489563190193,0.04,1.5537397198500158,-2.01544065783172,38.00717009584746,0.0,-0.0028502452508722517,5.999999284880062,0.0,1.5712713676909273,56.0,0.04295842782071349,0.045937132814626344,0.054085179449007356,0.17767757002727558,0.2535304131450441,0.04013057973468266,0.12851723365953477,0.12085498538572273,-36.790348235077154,0.08095088278466875
204.503,-2.063247102013566,37.82553659580358,5.248,0.04,7.95,-0.06,1.5541660963234047,0.9550280248482074,-0.014702670911930197,-0.016512894563387722,-2.07451975291774,38.03136135527449,0.0,0.08250982399961564,7.988143993352794,0.0,204.436,0.0503120634007692,0.7324118723062134,-5.270761884507464,1.554291868981277,0.048076343808208834,0.6776491960626425,-5.174272105486796,0.042491386881023295,-1.9711235304657153,0.06,1.5570000636479198,-2.015725682358633,38.60717002814758,0.0,-0.0028502452509775364,5.999999284885746,0.0,1.5712713676909444,24.0,0.04043100980626968,0.04487002064000117,0.05390038172898406,0.17577628959455024,0.2525994566667801,0.03905878095098903,0.12754668323063284,0.11905077072121145,-36.97926860781874,0.07990397264855598
204.6,-2.063247285836516,38.6133374903984,5.254,0.06,7.93,-0.09,1.5541704940286019,1.0368156137550424,-0.03379289830637443,-0.0005147854861953481,-2.072358939549856,38.830265617551724,0.0,0.0811957279219082,7.974430596765427,0.0,204.502,0.042235422513612474,0.7138209980157026,-5.256183011414437,1.6126919998733071,0.02850006828462488,0.49047021650100836,-5.171086151622443,-0.10328757682143155,-1.90416372180532,0.09,1.5779798661788764,-2.0160107068855466,39.20716996044797,0.0,-0.002850245250980201,5.999999284885746,0.0,1.5712713676909449,58.0,0.04293866498356143,0.048356305067412175,0.05508162317759612,0.18014617758802734,0.2544348747247246,0.04165381177937473,0.12939682860494836,0.1228843764667552,-36.61288769773083,0.0821645954805704
204.7,-2.063247467412136,39.39004259701528,5.261,0.07,7.81,-0.11,1.5579822762545685,0.7030717335853076,-0.10638442657990263,0.06513605042494242,-2.0683644505470014,39.622765434865066,0.0,0.051372954477313076,7.871739819108797,0.0,204.601,0.0376218052459838,0.4463513534557215,-5.138246154690766,1.5732729321251897,0.020019397986703893,0.2653971276315553,-5.160895892294608,-0.11878680478495773,-1.840613850139154,0.11,1.5789689792857715,-2.0162957314124594,39.80716989274874,0.0,-0.002850245250896979,5.999999284892851,0.0,1.5712713676909305,59.0,0.042686397677380014,0.047011013199411124,0.05479799072120268,0.17840598455142367,0.253732731938569,0.04085240286342737,0.1288074054949497,0.12150424480661637,-36.70300574082383,0.08127544531694067
204.8,-2.0632476487390683,40.166747706561054,5.27,0.07,7.63,-0.11,1.5651414748888952,0.473850032449026,-0.0834167599135665,0.041209668727300086,-2.0633330518606523,40.400927446046225,0.0,-0.0058845318200532,7.699708163125035,0.0,204.733,0.013127329063018013,0.0810699712603538,-5.10810498225932,1.5636893126821971,0.01976880239180496,0.009875568648015332,-5.1426093212566855,-0.049175368411378144,-1.8144615743242083,0.11,1.5672154816423667,-2.0165807559393727,40.40716982504942,0.0,-0.0028502452509605726,5.999999284889299,0.0,1.5712713676909413,27.0,0.04017873738269903,0.044424316762060996,0.05419458284299591,0.1748552355657843,0.2521829127100843,0.038858612071167094,0.12727471737558915,0.11840432394981167,-36.995919070991,0.07942642482569187
204.9,-2.0541586217237864,40.910165397677304,5.279,0.07,7.41,-0.1,1.568140018326465,0.3936724961292615,-0.012481101147099804,-0.007464330903845021,-2.0581248150400033,41.15914711467033,0.0,-0.029825610402778292,7.479738858587902,0.0,204.799,0.028340290561174958,-0.05391929957149408,-5.17429219884884,1.567801240107093,0.025543833478733728,-0.20944332738605903,-5.1388494850434085,-0.009098960489190983,-1.6888109021238638,0.1,1.5601519068416816,-2.0168657804662864,41.00716975735,0.0,-0.0028502452509499144,5.999999284889299,0.0,1.5712713676909396,61.0,0.04260629026930778,0.04637341566768409,0.05386182999933309,0.17837588912354163,0.25388635880312826,0.04075140115561008,0.12898725082494786,0.12144151496052566,-36.75174037544137,0.08136659915624989
205.0,-2.0541587918454685,41.64248736441119,5.286,0.06,7.15,-0.08,1.5664873319354395,0.24329414684829198,0.018976415900016592,-0.023696184157879233,-2.053148520737984,41.89332375461572,0.0,-0.017974523247050248,7.2242025495042705,0.0,204.898,0.013353022831085205,-0.2475537228149185,-5.171844817064999,1.5823354094285629,0.006720144768927929,-0.3835370189667134,-5.134933647232685,-0.06723732360286468,-1.4671154179122947,0.08,1.5720698560361897,-2.0171508049932,41.607169689650576,0.0,-0.002850245250927266,5.999999284889299,0.0,1.5712713676909358,62.0,0.04287783620760661,0.04664528369940108,0.053540158428047935,0.17879496612634138,0.25404428056146094,0.04097073366747924,0.12913865671754365,0.12174236996791739,-36.73213226163449,0.08157748696803836
205.1,-2.054158954686118,42.341521972845,5.292,0.06,6.87,-0.05,1.5664355834622419,0.035327084839064285,-0.0292080801080044,0.019051039626934798,-2.0484711775229867,42.600682549974394,0.0,-0.01572471147303129,6.948497642608919,0.0,205.03,-0.0010467628314651664,-0.3730924139307525,-5.180675362343765,1.5740995750742934,-0.0023213387453433184,-0.47994487715508066,-5.1416113025298,-0.06901692514605492,-1.1112853518097507,0.05,1.572362113316372,-2.017435829520114,42.20716962195115,0.0,-0.002850245250903285,5.999999284889299,0.0,1.5712713676909318,30.0,0.039037508474229064,0.04249868364636384,0.052690486858706025,0.1725141119497721,0.25115219674829337,0.037597252072393596,0.1263717965522446,0.11632828166550564,-37.233302334246446,0.07823768823563589
205.2,-2.0450699104079693,43.01836494381638,5.296,0.05,6.6,-0.01,1.5688288305562477,-0.2426148145775305,-0.021238545609021737,0.013230894323911844,-2.0442024708894677,43.28036674100644,0.0,-0.03113562122372323,6.674224979104972,0.0,205.129,-0.0025634584629714067,-0.46773967894971263,-5.2323160884719435,1.5521528670471283,0.0044818728739817485,-0.5549521157589712,-5.159547014654292,0.024003605370262998,-0.7879970362769626,0.01,1.5580641229565497,-2.017720854047027,42.80716955425175,0.0,-0.0028502452509089516,5.999999284890009,0.0,1.5712713676909327,31.0,0.038257745449793316,0.04128065806262059,0.051968060143297044,0.17114972668793765,0.25061114580313704,0.0367990356031005,0.1258918994814874,0.11516954181453368,-37.390153406287496,0.07758650027560232
205.3,-2.045070056221169,43.66192055403587,5.294,0.04,6.35,0.03,1.567854382856984,-0.36844609326841904,0.03495221167415919,-0.03610173962871817,-2.040482952861772,43.93379301107783,0.0,-0.025164242396457363,6.423629231622437,0.0,205.228,-0.008294389673514964,-0.5295425738032712,-5.207193050084688,1.5766325912969152,-0.004640909310576868,-0.6011362604300049,-5.163671374646494,-0.015364637596803999,-0.48432294470461557,-0.03,1.5665964335307052,-2.0180058785739408,43.407169486552476,0.0,-0.002850245250928278,5.99999928489143,0.0,1.5712713676909358,32.0,0.03849492530716799,0.04220610147935733,0.051926034880133164,0.17247053443773055,0.2511860812823583,0.03744001251254974,0.12640396917369082,0.11617977801389022,-37.31931194123454,0.07825249489933447
205.401,-2.0450701970365746,44.29438030706086,5.287,0.03,6.14,0.07,1.5661963984046618,-0.3902947097778172,-0.0017556017099712828,0.008503113793000863,-2.0366797723202836,44.68755227370205,0.0,-0.013376072461087286,6.168361273243293,0.0,205.36,-0.006400345322773313,-0.6133099946556025,-5.230419388471743,1.5573308543860314,-0.0056187582353035125,-0.6181934953094438,-5.182743163294653,0.032449050068902106,-0.21702149013174044,-0.07,1.5602531961635546,-2.018347908006234,44.12716940531349,0.0,-0.0028502452508157106,5.999999284892851,0.0,1.571271367690917,41.0,0.039047935774788364,0.042969422713333275,0.05208324860098502,0.1733346759564888,0.25151578733198876,0.03795455929577187,0.1267395299960431,0.11689233556254647,-37.24060596702071,0.07866413547613088
205.5,-2.045070332683789,44.90464848519137,5.275,0.03,5.97,0.11,1.5658108043160777,0.0,0.0,0.0,-2.034468775169449,45.174480993951974,0.0,-0.010596494214895181,6.026128855013067,0.0,205.426,-0.01694828184728093,-0.5701933539305145,-5.192641974735832,1.5754529045823782,-0.011406854195831945,-0.6066497333954592,-5.192243195066389,-0.0058073164390438255,-0.01597897520017355,-0.1,1.566760212791842,-2.018575927627743,44.60716935115423,0.0,-0.002850245250742436,5.999999284892851,0.0,1.5712713676909047,34.0,0.039254024688068476,0.04352292486878535,0.0525980350298071,0.17361860917270316,0.25155139313720576,0.03824076479202699,0.1268115698853273,0.11716673192133552,-37.184285926107705,0.07875666383605034
205.6,-2.045070463085292,45.49272508712964,5.261,0.02,5.82,0.14,1.5652740053508918,-0.3110016452436025,-0.005522913286799061,0.010236502588954031,-2.0320112916611803,45.76861044433446,0.0,-0.006725039590949344,5.876333672549729,0.0,205.525,-0.018356654564048062,-0.5732861229960983,-5.24854199683393,1.5490419071703674,-0.007810515001748494,-0.5896010565003484,-5.211703606374568,0.05760772256620178,0.20938872545180676,-0.14,1.55792546366483,-2.0188609521546135,45.207169283455165,0.0,-0.0028502452506798193,5.999999284892851,0.0,1.5712713676908943,35.0,0.04028010407980536,0.04436668131978732,0.053061754132879765,0.17452585787627514,0.25191296156789283,0.03880481393627949,0.1271592093577629,0.11800113233014678,-37.06329440360129,0.07920061606611531
205.7,-2.0450705903978967,46.08080161530155,5.245,0.02,5.71,0.15,1.5647087889399864,-0.2822798395534014,0.01978882763580284,-0.02324244420948772,-2.029844967074007,46.34939766001639,0.0,-0.0041516423487235905,5.755828708923737,0.0,205.624,-0.02492208213878842,-0.5526984959305529,-5.226002734445952,1.5551786133018355,-0.01244426889884367,-0.559054754619559,-5.227832906850534,0.04948068064103418,0.3513494439222402,-0.15,1.5593339225380356,-2.0191459766814828,45.8071692157561,0.0,-0.0028502452506465126,5.999999284892851,0.0,1.5712713676908887,36.0,0.040329932770109836,0.04409909207236694,0.053216425823269756,0.17407997422050886,0.25172214868369375,0.03860096057217028,0.12699044228599765,0.11768770552788844,-37.072970403846384,0.07897367099485819
205.8,-2.0359815073240135,46.64668656981587,5.228,0.02,5.62,0.16,1.562827358083103,-0.24325677707250243,0.009373724179183932,-0.010683094255665503,-2.0278734883066822,46.91959374103904,0.0,0.0064175155950004885,5.661527835464042,0.0,205.723,-0.026109728869808824,-0.5046148467754894,-5.129827397047997,1.574118505566064,-0.020289951695124986,-0.5036372589173217,-5.235928455027867,0.0060270652492111325,0.49783696368245156,-0.16,1.56654206039582,-2.019431001208352,46.40716914805703,0.0,-0.002850245250642516,5.999999284892851,0.0,1.571271367690888,32.0,0.04035930806546282,0.04393071215279891,0.05327548461572661,0.1739376916257569,0.2516900851483518,0.03848355774946419,0.1269391255392066,0.1175938038186118,-37.073268189254165,0.07890914576058657
205.9,-2.035981632141368,47.212571590252594,5.213,0.02,5.56,0.15,1.5631905133512356,-0.2401567756102447,-0.01343406735380909,0.01802123939618499,-2.0260086855483945,47.48171650061466,0.0,0.0047668205442031155,5.591657134983266,0.0,205.822,-0.023449728876297794,-0.4712893846286379,-5.262140032879729,1.5691011101061112,-0.020247919652509137,-0.4525707845614488,-5.2445579050621784,0.019381153054327926,0.5805910733197548,-0.15,1.5643831635204535,-2.0197160257352214,47.00716908035796,0.0,-0.0028502452506505094,5.999999284892851,0.0,1.5712713676908894,39.0,0.039493277234699725,0.0426480250503426,0.05273141505910569,0.1726402271819459,0.2511883422351177,0.03762894725160467,0.12645919783964005,0.11646727282733696,-37.22709792178604,0.07828667096229536
206.003,-2.0359817512754486,47.76736074837553,5.199,0.01,5.51,0.15,1.5642813672919311,-0.21085565699279588,-0.0018712306999778214,0.0027044885437027314,-2.023982586568972,48.14892666978033,0.0,-0.0024345107754939594,5.538119262586541,0.0,205.921,-0.02005699912595981,-0.4177702768609551,-5.14357355685435,1.5691727780478961,-0.016374287444966606,-0.3786061422987606,-5.241763131787101,0.03412504181003889,0.6787703270587198,-0.15,1.5636665915156076,-2.0200580551674645,47.72716899911908,0.0,-0.0028502452506505094,5.999999284892851,0.0,1.5712713676908894,39.0,0.04079956148624864,0.04395935083791137,0.052990992032473656,0.17440423499607205,0.2519389284715808,0.03856909764734263,0.12715059676003337,0.11794998439388273,-37.07043320918838,0.07917454229018239
206.102,-2.0359818738699236,48.32214997800628,5.187,0.01,5.49,0.14,1.5643704156999032,-0.21319478650863458,0.008164791030200442,-0.002627215416583199,-2.0225467377371023,48.70144830062292,0.0,-0.002487062784408789,5.517554179009766,0.0,206.02,-0.033792378998768656,-0.3652673412661347,-5.102164859284428,1.547875621818315,-0.017028197600022763,-0.2940668216863287,-5.2327661989876955,0.08063391402050013,0.7561055721296182,-0.14,1.5562868772385055,-2.020343079694334,48.32716893142001,0.0,-0.0028502452506198673,5.999999284892851,0.0,1.5712713676908843,40.0,0.03902788483864995,0.042188154065890014,0.05266662072014193,0.1719536843347791,0.25088332028135096,0.03722197084464842,0.12615924448261756,0.11588892911023,-37.29650155297246,0.07793768646056658
206.2,-2.0359819958117047,48.87693920710157,5.174,0.01,5.49,0.13,1.563187604365174,-0.2212185598590421,0.021804089595705598,-0.029219403360721156,-2.0212802503550322,49.253083076925385,0.0,0.006076890918748115,5.518350772812544,0.0,206.119,-0.03206133901637527,-0.31679001504072796,-5.114130435043227,1.571921553112709,-0.02552278867134212,-0.22843757475255105,-5.223043111174977,0.012805035687841583,0.7633775807535068,-0.13,1.5671495080483306,-2.020628104221203,48.927168863720944,0.0,-0.002850245250598551,5.999999284892851,0.0,1.5712713676908807,41.0,0.03982357098621809,0.04239923173991877,0.0521644695087685,0.17287575077961537,0.2514238410430615,0.03762903855100026,0.12667875095253367,0.11666816707498995,-37.25861180548224,0.07849030666757877
206.3,-2.035982118300309,49.43172843227837,5.163,0.01,5.51,0.12,1.5628357008707263,-0.17540846629192802,-0.021515646216514073,0.019772853546897635,-2.0201006931892023,49.80591913618753,0.0,0.0032642419208417043,5.539228081589173,0.0,206.218,-0.03175518879519664,-0.2678104160832359,-5.095174729246697,1.5424782513643898,-0.01634332976476068,-0.1778090493897321,-5.21248645776291,0.0949049493497782,0.7144386310339961,-0.12,1.553944201714489,-2.0209131287480724,49.527168796021876,0.0,-0.002850245250534602,5.999999284892852,0.0,1.57127136769087,42.0,0.04059127853358359,0.04338813258165054,0.05229946364607249,0.17417160924450717,0.25196633584185935,0.038332681106213885,0.12716817776656672,0.11772933958123447,-37.14964586029039,0.0791396318047058
206.4,-2.035982240458539,49.98651765613984,5.153,0.01,5.55,0.11,1.5627158415180187,-0.0994632929028133,0.019813735236924535,-0.033469781705914504,-2.0191945026046683,50.25026907383836,0.0,0.004922864256872107,5.567336658372721,0.0,206.317,-0.038747401515400945,-0.20835389621746037,-5.0959563392107485,1.5621091637018063,-0.01953347845620377,-0.12897580866187608,-5.205619776477393,0.08563127447982888,0.6508511865446112,-0.11,1.5553752675206982,-2.021141148369568,50.00716874186262,0.0,-0.002850245250459995,5.999999284892852,0.0,1.5712713676908576,43.0,0.04050507545467943,0.04319400490438728,0.05219741570676169,0.1737999416771745,0.2517776384160039,0.03817775390340997,0.1270074739379013,0.11741779166625925,-37.16988725806054,0.07893560604110453
206.5,-2.035982368340118,50.5634984488955,5.145,0.01,5.6,0.1,1.5599334380265812,-0.041092458341042415,0.009905546075499466,-0.01809668558344243,-2.0180309837094836,50.809353700983294,0.0,0.020013680473461557,5.611063325090501,0.0,206.416,-0.0379115881107636,-0.17362869811525916,-5.0662963149869125,1.5504132951059615,-0.021590506784987223,-0.0958510213296743,-5.1932316651985495,0.061557283421512766,0.5543126980329784,-0.1,1.5591696736567682,-2.02142617289643,50.60716867416355,0.0,-0.002850245250365404,5.999999284892852,0.0,1.5712713676908419,44.0,0.040036400677452184,0.042389917786302495,0.05170899665680109,0.17284215849544113,0.25138553761661336,0.0376248706501421,0.12663619741752616,0.11659509650835556,-37.26155132833165,0.07846571397983594
206.6,-2.0359824929746253,51.12938345408727,5.138,0.01,5.65,0.08,1.5593048688631987,0.015924850848055883,-0.009056931972621118,0.0033224988037392684,-2.016681126368694,51.37307607797946,0.0,0.024077312696303185,5.658765035472824,0.0,206.515,-0.03369162486146777,-0.12179461865747962,-5.096633449849649,1.5646704738730886,-0.02317532057400822,-0.0582815747774105,-5.1806204045375726,0.05647595786124062,0.4830328495415097,-0.08,1.5599577488206815,-2.021711197423292,51.20716860646449,0.0,-0.0028502452504679887,5.999999284892852,0.0,1.571271367690859,45.0,0.039727269175171574,0.042001765266624684,0.05128289404286852,0.17244547778503644,0.25122900728442327,0.03738222038018669,0.1264938311697346,0.11622391605721771,-37.31794085446418,0.07827706967139583
206.7,-2.035982620914483,51.69526853806471,5.131,0.02,5.69,0.07,1.559565469683383,0.03081262865924747,-0.011589781012232446,0.0036431920061527406,-2.015127917615787,51.94155155643293,0.0,0.02203139212009103,5.705624341352157,0.0,206.581,-0.027876784603228944,-0.07619454704654267,-5.021957144303842,1.5633880307642738,-0.02146199605440334,-0.01676303914744224,-5.170583430878903,0.03537499265205751,0.4437226464837263,-0.07,1.5617686136932987,-2.021996221950159,51.80716853876543,0.0,-0.0028502452504826437,5.999999284892852,0.0,1.5712713676908614,40.0,0.04709894443949306,0.048419451513662136,0.05334644614272345,0.1806321262599678,0.25467237320985664,0.042210676113849994,0.12989963843123598,0.12355023712434847,-36.48760608017424,0.08246700763514977
206.8,-2.0268935407058013,52.272249326283486,5.124,0.02,5.74,0.06,1.5602356196057536,0.014572185668755946,-0.010891798309312379,0.008987965076266537,-2.013455964477639,52.51457097429589,0.0,0.01808930409233898,5.749921565718799,0.0,206.713,-0.04376832209308549,-0.050283668892292285,-5.103285753628831,1.5567759402344985,-0.03527660406472012,-0.0011689509434054468,-5.158755077875595,0.004210232682188213,0.34774420802346295,-0.06,1.5668194670216935,-2.022281246477028,52.40716847106636,0.0,-0.0028502452505172826,5.999999284892852,0.0,1.5712713676908672,48.0,0.04078211707425343,0.042932489636420455,0.05234717383559512,0.17291540885593998,0.25130433042120026,0.037981769528259615,0.12669201698415788,0.11679369344029014,-37.15082033058176,0.07843639628460294
206.9,-2.0268936677187828,52.84923011196581,5.118,0.02,5.78,0.05,1.5618130192768318,0.040170051930800976,-0.028661868012070595,0.02479763722711129,-2.0118100986268557,53.09188142246671,0.0,0.008907001808409113,5.791621427588475,0.0,206.812,-0.03314283033373246,-0.015791926877820266,-5.069227402986274,1.5791099073935204,-0.033510360344303686,0.023356105548619555,-5.145683222446429,0.0059064057635436484,0.29582124741750704,-0.05,1.566532500109794,-2.0225662710038974,53.007168403367295,0.0,-0.002850245250646175,5.999999284892141,0.0,1.5712713676908887,50.0,0.040881742286352774,0.04306794666244637,0.05191665157335517,0.17374072058842213,0.2517930446731649,0.03829850945273875,0.1271325700439697,0.1174365451213292,-37.15097551375239,0.07893531099257281
207.0,-2.0268937973924785,53.426210979132826,5.112,0.01,5.82,0.05,1.5635445374671857,0.03599763051703961,-0.014307728883607167,0.012609989985081402,-2.0104155241743022,53.673174779294854,0.0,-0.0020879592597628813,5.829768988678653,0.0,206.911,-0.038486191954900245,0.019944668360037773,-5.089278951528586,1.5444707161547462,-0.029072995825391575,0.04666924696607851,-5.132998727898899,0.05263945575991751,0.2515119158076313,-0.05,1.5604797476073857,-2.0228512955307667,53.607168335668234,0.0,-0.002850245250698471,5.999999284892851,0.0,1.5712713676908974,49.0,0.040853489982859516,0.0431764980589052,0.05163816222851542,0.17401816204968362,0.2519128522641784,0.03833340826113215,0.1271800010693262,0.11758632614668088,-37.16042804549621,0.079078273526939
207.1,-2.0268939267022397,54.0142875467577,5.105,0.01,5.85,0.04,1.563551617381398,0.02582604889233693,0.015475020287151225,-0.01242254791106206,-2.0094551569082233,54.25808134991851,0.0,-0.0037759072564811837,5.864386181733608,0.0,207.01,-0.04163414978151857,0.033564926196437514,-5.019496579144607,1.5522115580098996,-0.03469562449839835,0.05620231712335576,-5.115557667473979,0.03560844089688307,0.19555296999643978,-0.04,1.5632523393546622,-2.0231363200576387,54.20716826796917,0.0,-0.0028502452507664167,5.999999284892851,0.0,1.5712713676909087,51.0,0.04084970496447939,0.04323460003627954,0.051451405177341855,0.17406772263167206,0.2519080566678333,0.038368364830456345,0.12719258520946974,0.11759250235907732,-37.16468190001515,0.07908963681112766
207.2,-2.0268940537318905,54.59126832447902,5.099,0.01,5.88,0.04,1.5630345773559549,0.02953562939937475,-0.003133237977703285,-0.0004900317530816744,-2.008941670463712,54.8462811128814,0.0,-0.0008610813585042628,5.896015464193479,0.0,207.109,-0.04473886962743081,0.03693151896623126,-5.002921348028027,1.5547645329104716,-0.03380228215534595,0.05442303190759282,-5.099240750635335,0.05280932183599226,0.12551768376147265,-0.04,1.5603381056695607,-2.0234213445845115,54.807168200270105,0.0,-0.002850245250707797,5.999999284892851,0.0,1.571271367690899,51.0,0.04068027888362896,0.04318534729039969,0.051312225827124296,0.17392518170280655,0.2518198851033386,0.0383172849327811,0.12713552218684154,0.1174476825201298,-37.180693895241205,0.07900259406199076
207.3,-2.0268941862491907,55.17934497422703,5.093,0.0,5.91,0.03,1.5626354544099907,0.048326275502228344,0.006018356982346956,-0.01199086422750803,-2.008832053769111,55.437456726936915,0.0,0.00035253454535015457,5.924107063941197,0.0,207.208,-0.04460855126064325,0.048500881794478215,-5.010633233020638,1.5572621747009487,-0.03226958561077509,0.055334901841260165,-5.084891909968407,0.0695982290296034,0.07374138896971427,-0.03,1.5591656285042694,-2.0237063691113875,55.40716813257104,0.0,-0.0028502452506864806,5.999999284892851,0.0,1.5712713676908954,52.0,0.040694834875120336,0.04330245644819068,0.051268151832258614,0.17401386829810805,0.25184224605552663,0.038413134082424145,0.12719071863164821,0.11751798674668938,-37.172770116741,0.07903938351318512
207.4,-2.026894317823226,55.77851732110953,5.088,0.0,5.93,0.03,1.5616671564665179,0.049658495823740954,0.011778826575058441,-0.011743781303589598,-2.0090824245975734,56.03119586457212,0.0,0.005638917199655141,5.947563068582577,0.0,207.307,-0.053283208500676346,0.058445799983363224,-5.061230339970744,1.5561610288229266,-0.03215891582703767,0.06222069146134804,-5.082622897557542,0.0874856419793197,0.053088582397388784,-0.03,1.5561752148810604,-2.0239913936382568,56.007168064871976,0.0,-0.0028502452506265286,5.999999284892851,0.0,1.5712713676908854,53.0,0.0407650234660043,0.043369371137489635,0.05126200703951563,0.174035698524298,0.25184007326396735,0.038470925967839895,0.12721542353379298,0.1175461058489107,-37.16523146720855,0.07904440979117074
207.5,-2.0268944505325273,56.36659396921125,5.085,0.0,5.95,0.02,1.5603174484011273,0.0,0.0,0.0,-2.009600151435464,56.627022932201164,0.0,0.012845287128974881,5.966392960071767,0.0,207.406,-0.05050098002867847,0.0812648790688515,-4.983753058816611,1.5645305064886554,-0.03646894075379724,0.0745443501360092,-5.064975874075662,0.060867714024471865,0.049796679228575336,-0.02,1.56065171202982,-2.024276418165126,56.607167997172915,0.0,-0.002850245250556256,5.999999284893563,0.0,1.5712713676908736,54.0,0.04080200826015684,0.04330895127458613,0.051232400538660974,0.1739172094177556,0.2517855301494045,0.03843567481990324,0.1271806874755683,0.11746060529341584,-37.169463634261604,0.07898272460524405
207.6,-2.026894585469144,56.96576640195169,5.082,0.0,5.97,0.02,1.5598543715339641,0.009780327548006501,-0.001279377387551466,0.006118871339773106,-2.0104408091999213,57.34423920356312,0.0,0.015069742488739182,5.985098197671752,0.0,207.505,-0.04067025333481457,0.0671625173426992,-5.057135738837377,1.558459267824546,-0.033993905001207525,0.07038963197133143,-5.0602404663863005,0.049142759387898596,0.011666656488753091,-0.02,1.5625809486040392,-2.0246184475973705,57.32716791593404,0.0,-0.0028502452507557586,5.999999284892851,0.0,1.571271367690907,55.0,0.040673792705449595,0.04318997929909639,0.05116267468330164,0.17375551116276183,0.2517189618265554,0.03833672304204823,0.1271112654224328,0.11731774253901799,-37.18573052679476,0.07890297709407013
207.7,-2.026894720295731,57.56493883336768,5.08,0.0,5.98,0.02,1.5606630333375675,0.0,0.0,0.0,-2.0111244911523634,57.823555132304435,0.0,0.010441909320262708,5.996227451266207,0.0,207.637,-0.045181289694266914,0.05565507767612285,-5.02156649667636,1.5292337460614553,-0.026020858487038244,0.05720577677464841,-5.058764091439514,0.11383547865233892,-0.030845210703026815,-0.02,1.5516639302491373,-2.024903472124245,57.92716784823497,0.0,-0.0028502452507744103,5.999999284892851,0.0,1.57127136769091,24.0,0.03861718497332578,0.041222182386155964,0.05090752686102753,0.17073490475249012,0.2503240369225223,0.03669132502752623,0.12574684762039132,0.11475318576781948,-37.438671878413494,0.0773305418541636
207.8,-2.0268948519314414,58.164111173180515,5.079,0.0,5.99,0.03,1.5599156488340835,0.039021820328965055,0.019275345047841674,-0.035082470812086715,-2.01213984987414,58.42386179140474,0.0,0.012754229914105223,6.008223115309505,0.0,207.769,-0.04343229560163635,0.054811656906168814,-5.106885662882588,1.531999615387782,-0.030732852824304397,0.060966343431888906,-5.049519247305113,0.1164167177979306,-0.030213951438729403,-0.03,1.5512651031298614,-2.025131491745768,58.407167794075754,0.0,-0.0028502452515387945,5.999999284892141,0.0,1.5712713676910375,31.0,0.03824780750534102,0.040871772718278104,0.05076232255133012,0.17038939305185533,0.250206351962816,0.03647286415141702,0.12563570349712352,0.11446057361465052,-37.48868895058034,0.07717808719492687
207.9,-2.026894986950026,58.763283602950196,5.078,0.0,6.0,0.03,1.5571612436932065,0.02380979239066502,0.012919486653581757,-0.021345747119129805,-2.013217027130936,59.02520621611291,0.0,0.029443466951638346,6.0170724076122735,0.0,207.835,-0.045960777598094575,0.05634601795317499,-5.025371117249769,1.5640163333550798,-0.029667478574108834,0.05512263056144444,-5.049921603596037,0.08239164772578214,-0.048028580710163915,-0.03,1.5569544616629967,-2.025416516272726,59.00716772637671,0.0,-0.002850245251380592,5.999999284892851,0.0,1.571271367691011,25.0,0.03837422414223114,0.04105596532281984,0.050768862671811896,0.1706629963780243,0.2503302275120289,0.03656124472185979,0.12570882002884912,0.11466616397170305,-37.46940422749428,0.07731745195378956
208.0,-2.0268951224256853,59.36245603233535,5.074,0.0,6.0,0.03,1.5563080646705367,0.02152951054541571,-0.006812097220339647,0.004796209524961047,-2.014192827819945,59.62729901994339,0.0,0.03517270844566729,6.023369107395254,0.0,207.934,-0.04155572189305894,0.05301716595298336,-5.02028044219577,1.5688105718977716,-0.03307281659514072,0.047698085773933654,-5.040928137664682,0.0479351681338827,-0.05637272410461058,-0.03,1.5627315329147446,-2.025701540799683,59.60716765867764,0.0,-0.0028502452513432886,5.999999284892851,0.0,1.5712713676910048,26.0,0.038220464055714456,0.04091345527780284,0.050678583155757906,0.1705106934619343,0.25026927682123146,0.036485603880179275,0.1256640875606872,0.11453430318453131,-37.490028616612165,0.07724513589948262
208.1,-2.0268952573139423,59.961628460479126,5.07,0.0,6.01,0.03,1.5578504680332284,0.020779830100479246,-0.019980572499675227,0.024393345426701733,-2.015042893089548,60.22990454493392,0.0,0.026022277886305154,6.027624823820294,0.0,208.033,-0.04320465052401189,0.055369938532333955,-4.9807881081966014,1.548848056481384,-0.029958476946716307,0.04850189113629697,-5.035191168483047,0.07744172717187404,-0.05435247480787453,-0.03,1.5577939852908318,-2.026004313909737,60.21951698625948,0.0,-0.003502956341796502,6.287394597959962,0.0,1.5713534663102833,27.0,0.03826073904568445,0.040883389192155395,0.050636810242196385,0.1704908351708365,0.25026091203479894,0.0365079862997357,0.1256824856319527,0.11452599144368983,-37.491480244662945,0.07723581545774766
208.2,-2.0268953887665404,60.560800794920205,5.066,0.0,6.01,0.03,1.5589403845977525,0.009683763577862525,0.001771499804491474,0.0013239208961080826,-2.015863408957075,60.832823322826414,0.0,0.018045478333278242,6.030062395829544,0.0,208.132,-0.05151672515525332,0.10823829323640755,-4.945101528617913,1.559773428672729,-0.03584903552693418,0.0807557870989557,-5.026227536890133,0.04995223146242045,0.028092478281562805,-0.03,1.5625236658326345,-2.0264023169522054,60.911770577859215,0.0,-0.004195488329983276,7.367732327231489,0.0,1.5713657676608461,28.0,0.038100360282084536,0.04064940669934894,0.05055384502438873,0.17013839277551895,0.2500927209855932,0.036272325906328326,0.12549144703436257,0.11421692965703127,-37.52712635021398,0.07705164731827263
208.3,-2.026895523769273,61.159973222018635,5.061,0.0,6.01,0.04,1.5595699130233867,-0.04648162363217481,-0.014576587897178238,0.015552756660460734,-2.016920944326813,61.55663898854914,0.0,0.0124191993890489,6.033672730661589,0.0,208.231,-0.030950003360783622,0.23507299857415528,-4.924605310129683,1.5262211170258682,-0.01820121531326474,0.1783433360480015,-5.01353610224702,0.15387638601861958,0.24344418197645012,-0.04,1.5461946295443694,-2.0269391190067965,61.85440147793664,0.0,-0.004555844905835391,7.999937948643789,0.0,1.571365811763727,29.0,0.03844853823018362,0.04068469544276752,0.050558611999748274,0.17017960344502603,0.25010739070849686,0.036309182711124204,0.12552223608096713,0.11427870059828461,-37.518624039211765,0.07707012118081105
208.4,-2.026895655723955,61.759145551270336,5.056,0.0,6.02,0.04,1.558499151901577,-0.19588385449452067,0.035906521420445495,-0.05340236964034833,-2.0176687197596928,62.03967366439091,0.0,0.017670504049922642,6.042119836203267,0.0,208.33,-0.041976211837018815,0.4454024269125014,-5.025596948867207,1.5429652259740845,-0.01582479250346582,0.3820332764599356,-5.012689727311464,0.15036858961665214,0.6496460764920693,-0.04,1.5482549327121031,-2.0273035877044743,62.494398206417706,0.0,-0.0045558639785751535,7.999971440310198,0.0,1.5713658117636942,30.0,0.039462561800154644,0.041094884027996985,0.050646556602002644,0.1707515371971476,0.25036394320798305,0.036566539962702684,0.12573107065083866,0.11479476245843456,-37.46172590639957,0.07735980529119207
208.5,-2.026895793064316,62.36941376129418,5.05,0.0,6.06,0.04,1.554929590844784,-0.4931162471255509,0.03296423438032247,-0.025391110816962128,-2.018443846391386,62.64528978993846,0.0,0.04053350619491855,6.072080453075789,0.0,208.429,-0.03906281973772778,0.6380064563731429,-4.881273428214861,1.5755866649128307,-0.022271228853152816,0.6074689067623114,-5.007285352773847,0.0774525834991935,1.0140957854500483,-0.04,1.5598480033363027,-2.0277591748014,63.29439644995318,0.0,-0.004555873773747562,7.999988639395716,0.0,1.571365811763763,31.0,0.04043800251102793,0.041742385520196094,0.05097237905288982,0.17146722063173553,0.2506424673547056,0.036854398858810575,0.12590603950538984,0.11540907391431407,-37.38776452018326,0.07769738246512499
208.6,-2.0268959274341505,62.97968187211084,5.044,0.01,6.14,0.06,1.5550689856198172,-0.7142145035349747,-0.006135259780830866,0.03246786121802516,-2.0187324140210055,63.25603244128045,0.0,0.042520161995811434,6.144244681148585,0.0,208.528,-0.03058747144937592,0.8624955220237994,-4.997232051634731,1.5634575414302778,-0.02264995864329128,0.8415987059400255,-5.003686254670374,0.05297938398088741,1.3052696296417308,-0.06,1.5623375489360924,-2.0282147624394873,64.09439572478878,0.0,-0.004555877359322966,7.999994934815457,0.0,1.5713658117638165,32.0,0.04184693118880436,0.04306684815863157,0.05152844749324302,0.17314771193913023,0.25136534789299114,0.03764487544941966,0.12649700590566176,0.11684439738312288,-37.24097488088884,0.07853999486064697
208.7,-2.0268960642394163,63.60104576593315,5.036,0.01,6.28,0.07,1.5579712242495756,-0.7767649568572225,-0.013959278102803417,0.036004793437710784,-2.0185144636111585,63.87725047178696,0.0,0.02564264245559462,6.278118219566449,0.0,208.627,-0.031522107562209925,1.0546758214602634,-4.977596413709562,1.5553343449053763,-0.021541291239692506,1.0648703068015852,-5.007994025070369,0.049370058029566434,1.4755108388019407,-0.07,1.5631412671134526,-2.028670350275626,64.8943953771136,0.0,-0.004555878671337989,7.999997239142401,0.0,1.5713658117637834,33.0,0.04754580471191196,0.04850403428515259,0.05425817460277537,0.1789523675647566,0.2535777711591226,0.04054378731968404,0.12819248687390397,0.1219599426630637,-36.58848347613899,0.08135869190597111
208.8,-2.0268962037126883,64.23350544323671,5.028,0.02,6.5,0.07,1.5603106106307842,-0.6887778405661026,-0.005890762823227482,0.023477303445445095,-2.0180297967552816,64.51587860248351,0.0,0.011608241101055981,6.486077417050144,0.0,208.726,-0.03108012811388079,1.2106877687072672,-4.91047854327656,1.5523597029130942,-0.01708662803653522,1.3081462631611616,-5.002750923744202,0.07526813448717921,1.5770848539247382,-0.07,1.5590020075926354,-2.0291259381842544,65.6943951676116,0.0,-0.004555879151512218,7.999998082602067,0.0,1.571365811763763,34.0,0.04587866463716645,0.046219114201037116,0.05416356301626798,0.17626120081193036,0.2525742952884601,0.0391342099263504,0.12737865671714188,0.11979334407078435,-36.814110903167474,0.08004313689505785
208.9,-2.026896353160769,64.89925257630148,5.022,0.02,6.79,0.06,1.5610818174344043,0.0,0.0,0.0,-2.017495733679886,65.17939773390218,0.0,0.006361296152001807,6.767437142451509,0.0,208.825,-0.030639900211003865,1.3744134154855268,-4.858403471214753,1.5643733462089005,-0.01705945752556244,1.5140181021033647,-4.997291627915883,0.0696644186701166,1.604504256610098,-0.07,1.5600126480267904,-2.0295815261193946,66.4943950086855,0.0,-0.004555879326903465,7.999998391332873,0.0,1.5713658117637097,35.0,0.045789858334281605,0.04529850138515665,0.0539559799172777,0.17556684218893293,0.2523991787462336,0.03855364158845944,0.12709929148630533,0.11922958780686735,-36.898118844423976,0.07975715852871798
209.0,-2.0268965079479777,65.59828696284723,5.017,0.02,7.14,0.04,1.5609811172497012,0.0,0.0,0.0,-2.0169356332100694,65.87470065493955,0.0,0.007775751019329573,7.113502432412015,0.0,208.924,-0.03206031715282456,1.539831259431605,-4.918010441222012,1.5674711513335704,-0.023493476766432125,1.676455046776612,-4.995037325452321,0.02870508034020344,1.437437825579523,-0.05,1.5650578994004556,-2.030128231653684,67.45439484120307,0.0,-0.004555879397491497,7.99999851621928,0.0,1.571365811763643,36.0,0.04587142524922851,0.04548280668005196,0.054421813893480914,0.17565524336626026,0.25238979106069803,0.03834527917846819,0.12688466555988362,0.11926005712858834,-36.88919843533675,0.07977104470542393
209.1,-2.0268966724285207,66.3306088057777,5.013,0.03,7.54,0.02,1.5620028423753123,0.0,0.0,0.0,-2.0163138204988456,66.607430917447,0.0,0.0014071396250986056,7.507497925747795,0.0,209.023,-0.02681875833203629,1.6501374223272982,-4.93436155362551,1.5561190613655898,-0.028614518330761802,1.8044726307303403,-4.994382823364955,-0.016236984133728954,1.1867736454187847,-0.02,1.5692009442387742,-2.0304927020125123,68.09439473463426,0.0,-0.0045558794140854045,7.99999854570396,0.0,1.5713658117636184,37.0,0.04575901381542636,0.04392215769533915,0.05373520531501893,0.17413828751679944,0.25184108145098033,0.037566413076184364,0.12645698724340315,0.1180611940719934,-37.014505618900955,0.07905765024583769
209.2,-2.026896845161769,67.09621800571671,5.011,0.03,7.95,0.0,1.5642198599551358,0.0,0.0,0.0,-2.0158280821864007,67.38101114841211,0.0,-0.016466446554633477,7.924251904176344,0.0,209.122,-0.02933501892729821,1.7074118387111297,-4.902419184614819,1.5520706063489453,-0.023455711193174425,1.843829529849758,-4.971937255351735,0.033929563619167005,0.7851710002961827,-0.0,1.5633930691573312,-2.030948289962097,68.89439460347698,0.0,-0.004555879422442062,7.9999985608427835,0.0,1.5713658117635854,38.0,0.04540854398792481,0.04261866761851833,0.052901203130632124,0.1727824221767894,0.25129595299699353,0.0368315193575432,0.12597596555699456,0.11690675011149709,-37.13867121862543,0.07839624858090144
209.3,-2.017807805734673,67.91730613262867,5.01,0.02,8.37,-0.02,1.5651743161168434,0.21892253819413046,0.009811326033787048,0.00032473088953693637,-2.015875182290581,68.1964430372581,0.0,-0.026901727043792477,8.340626073131272,0.0,209.221,-0.030351053172930912,1.7077096069628803,-4.842397410228591,1.558088776597958,-0.01742189442075783,1.8279380729256947,-4.945533713829381,0.0715483474006544,0.24459260238904257,0.02,1.5601696024100848,-2.0314038779121604,69.69439447322756,0.0,-0.00455587942561249,7.999998566385014,0.0,1.5713658117635871,39.0,0.04802822941498159,0.04401061613805322,0.05247793068505555,0.17526107943137553,0.2524638333122559,0.03830742040173176,0.12724235785729626,0.11911008754766338,-36.95045209696133,0.0797185034885981
209.402,-2.017807992488695,68.74949004312242,5.014,0.02,8.75,-0.03,1.564330386989985,0.40439952114355654,0.02286201614006473,-0.025332152242726936,-2.0168282899068593,69.22831673260397,0.0,-0.020681494986218716,8.80897045011494,0.0,209.32,-0.03566268268669192,1.6801544167869484,-4.913364112045127,1.5352591051445696,-0.013503701022369193,1.774101275683238,-4.931081447817286,0.11459380145293495,-0.15612763558617537,0.03,1.5551360059618478,-2.0319505834524114,70.65439431734521,0.0,-0.00455587942657675,7.999998568630332,0.0,1.5713658117635478,40.0,0.04997173945905665,0.046144614309425604,0.052961250803871276,0.17785477326479676,0.2534941508215282,0.03965535842855789,0.1281390056966832,0.121315151367872,-36.7356519365148,0.08100991811672863
209.5,-2.0178081913543267,69.63715287998306,5.019,0.02,9.09,-0.05,1.5623103930291273,0.0,0.0,0.0,-2.017784863721698,69.94565914000802,0.0,-0.006110154907394832,9.085454267815155,0.0,209.419,-0.031084039621453372,1.6203792864964455,-4.915261222913064,1.553981281611586,-0.015106410379639622,1.6226035563818468,-4.924281465514198,0.10163379802359002,-0.57633035500678,0.04,1.556374921797382,-2.0323150538126753,71.29439421351474,0.0,-0.004555879427382447,7.9999985691561335,0.0,1.5713658117636111,41.0,0.04683279689386841,0.04519603809172517,0.053305453820245194,0.17586141182542903,0.2524991761362665,0.038600510592466705,0.12721661627876926,0.11943460112521853,-36.89857003578232,0.07988996780277731
209.6,-2.0178084010802984,70.55810318310984,5.024,0.02,9.38,-0.06,1.560405329861913,0.5511180116804041,0.010915243751623283,-0.019624371527350123,-2.0191767699274026,71.05972183296974,0.0,0.013597200397218512,9.440246494746372,0.0,209.518,-0.03390173191208419,1.5118513690570132,-4.968468431346014,1.5555607287938473,-0.018824369811150682,1.5148703235437588,-4.931113921683924,0.06049907409676128,-0.9295488405311065,0.06,1.5612706058894064,-2.032861759353076,72.25439405781577,0.0,-0.004555879427711303,7.9999985694559825,0.0,1.5713658117636309,42.0,0.049820280504564975,0.04715146555489917,0.05394638754205708,0.178504768649353,0.2536574153394886,0.04013518029649075,0.12835521053954216,0.12190746333971705,-36.64726142246641,0.08127608257955944
209.7,-2.0178086156813073,71.50124505861206,5.032,0.03,9.62,-0.08,1.560099685625408,0.617223646326556,-0.010612335002827596,0.005267111477058113,-2.0198729405511413,71.82378499335908,0.0,0.01490385415785175,9.631501573049668,0.0,209.617,-0.0230709578159501,1.38267338702776,-5.011163401245131,1.5885391115180267,-0.021432970647468665,1.2908246660760285,-4.93566954477649,0.016146549360046204,-1.3438248531964891,0.08,1.5652205541317863,-2.033226229713372,72.89439395402871,0.0,-0.004555879428171954,7.999998569525616,0.0,1.5713658117636835,37.0,0.045996888947112013,0.044491717810679766,0.05349971762899686,0.1749259277632129,0.25215224266441894,0.038253032325075306,0.12700891726488245,0.11873183976431831,-36.94688188849739,0.07943382344327252
209.8,-2.0178088356224926,72.46657850630172,5.043,0.03,9.79,-0.1,1.5613679290425517,0.8423783103363786,-0.028148064323221044,0.022016569935200833,-2.020471401299833,72.79753384044471,0.0,0.002680027876341804,9.813367503361732,0.0,209.782,-0.03256997805172988,0.9924082686650829,-4.988554256276198,1.5567125815577858,-0.023288538781638966,1.054562983854213,-4.942138258000336,0.04369496603698285,-1.6779702180652034,0.1,1.561711924894537,-2.0336818176637976,73.6943938242999,0.0,-0.004555879428907742,7.999998569566826,0.0,1.5713658117637725,18.0,0.04983511824129707,0.04748925078560585,0.053787676531101454,0.17939079332300362,0.25414124663893056,0.04053737850871074,0.12875587231113694,0.12262206578012325,-36.60189017984034,0.08178850751604622
209.9,-2.0178090574934053,73.44300774189863,5.056,0.03,9.88,-0.12,1.5623880569499473,1.0271332035138425,-0.006187557165605498,-0.003965801200718513,-2.0209231314328773,73.78547139947396,0.0,-0.008731234270635798,9.919782989195934,0.0,209.815,-0.03532764314134499,1.0078079113381142,-5.071260466889705,1.584275498991525,-0.03119898439807569,0.864547666421359,-4.940293322832684,-0.020530731141110037,-1.7641804376037538,0.12,1.5696295605195856,-2.03413740561429,74.49439369457318,0.0,-0.004555879429065049,7.999998569581037,0.0,1.5713658117637912,45.0,0.04767377030652273,0.04785292533879062,0.054781396691649754,0.17895232400816996,0.25375135176556696,0.040154605169611966,0.1282617166190089,0.12204083531936677,-36.641982032029645,0.0814333619222661
210.0,-2.017809282935019,74.41943709589754,5.071,0.03,9.89,-0.15,1.563701681853507,0.8550046875336595,-0.04605871551966185,0.023285837478893887,-2.021365451595347,74.77934136574738,0.0,-0.02131585068596497,9.94059710717543,0.0,209.914,-0.029072222860746674,0.8062866613251393,-4.949384682257215,1.5695979868186742,-0.04124208259633948,0.6235404410500966,-4.938531825251516,-0.07095693772712239,-1.868762090294064,0.15,1.5759023443762765,-2.0345929935647686,75.29439356484752,0.0,-0.004555879428813615,7.999998569582458,0.0,1.5713658117637597,46.0,0.045964230060552676,0.04544575415858912,0.05442281750281872,0.1759826238426232,0.2525878573722426,0.038878476946118505,0.1274534693113074,0.11966630247662027,-36.84694758228331,0.07995369119935597
210.103,-2.01780950748671,75.40696212039754,5.087,0.02,9.82,-0.17,1.5671052334972213,0.7860518600915967,-0.06934189623447104,0.029379417262326832,-2.0222865045831617,75.9677475676549,0.0,-0.06258458278933719,9.854936645748348,0.0,210.079,-0.033752165247885574,0.37231185412514295,-4.952343747811529,1.55438095803613,-0.02476235106191901,0.3343243583143644,-4.927301963203076,0.07485037180917808,-1.9841816945244872,0.17,1.5586921998366232,-2.0351396991053208,76.25439340917674,0.0,-0.004555879428541833,7.999998569582458,0.0,1.5713658117637257,24.0,0.04781850412921332,0.04657527139663895,0.05438254260431101,0.1781395766738864,0.25366285431885693,0.04003269250390239,0.1284484035316273,0.12159348746061271,-36.6882393499201,0.08116320349561776
210.2,-2.0178097303589446,76.37229569631252,5.104,0.01,9.67,-0.18,1.5681021011576544,0.0,0.0,0.0,-2.0234006306620813,76.75117975385034,0.0,-0.06684484795259031,9.737426183842723,0.0,210.112,-0.041012518828106456,0.3583126976402664,-5.018495856491435,1.5603372037710548,-0.025543165777528676,0.15887666977283144,-4.9178583005147996,0.06548437309113073,-1.8374743849709247,0.17,1.5612082906722753,-2.0355041694656664,76.89439330539622,0.0,-0.004555879428403277,7.999998569582458,0.0,1.5713658117637084,52.0,0.047747467616465776,0.0477786329451153,0.05507995279730884,0.17929466537757463,0.2540545296327039,0.04046426238714796,0.12859161206040715,0.12245985991262438,-36.608486245986015,0.08170900173710255
210.301,-2.017809950543164,77.32653349186273,5.122,0.0,9.45,-0.17,1.5657047345910706,0.4665550935324842,0.015965049072114906,-0.010376141830456098,-2.0256191943116586,77.90408211670521,0.0,-0.03932580449016471,9.485434799387178,0.0,210.211,-0.0389582270682289,0.1454189319748311,-4.957405853570473,1.5684321038457132,-0.031747761749912756,-0.04396544663971908,-4.91611154522232,0.027716613347004218,-1.6291673493754848,0.17,1.5672523950231905,-2.036050875006184,77.85439314972544,0.0,-0.004555879428261168,7.999998569582458,0.0,1.5713658117636906,49.0,0.046887333389321106,0.04622286744038871,0.05459653129197634,0.17747855500876156,0.253346373338835,0.039663657823730686,0.12807098890868632,0.12097416305983404,-36.735888232253814,0.08080051350736839
210.4,-2.026899397774372,78.25857959631037,5.138,0.0,9.2,-0.14,1.5656661503624656,0.16257939419044823,-0.01790093134732705,0.006844329616508584,-2.027173467661674,78.65407222216521,0.0,-0.03996849880796596,9.286691973291008,0.0,210.31,-0.03446844381637181,-0.1354734995735894,-5.037801302951686,1.5802629029132447,-0.031924116441320635,-0.2421245578342685,-4.9209192435704825,0.019810296970076812,-1.4745569040408215,0.14,1.568232039762726,-2.036415345366496,78.49439304594492,0.0,-0.004555879428053335,7.999998569582459,0.0,1.5713658117636646,50.0,0.045703141499417746,0.04478339165438714,0.053792578188675805,0.17595096368180996,0.25275727695270006,0.038830081320408154,0.1275331735688374,0.11960543902816106,-36.891841567517105,0.08005378092285635
210.5,-2.0268996088256266,79.16843425682467,5.152,0.0,8.94,-0.1,1.5670011016216616,0.0,0.0,0.0,-2.0290779605888742,79.5685126510028,0.0,-0.051212423111145905,9.026768033848885,0.0,210.409,-0.03915358207751238,-0.3035073308403785,-4.992858703364918,1.575000839665461,-0.0365783691903583,-0.40632634821086233,-4.923461695879446,-0.006126337819399315,-1.3434563903281607,0.11,1.571595426992756,-2.0368709333168744,79.29439291621927,0.0,-0.004555879427765565,7.999998569582459,0.0,1.5713658117636287,51.0,0.04502832456187647,0.04371017233048475,0.05291481925768371,0.17482662017865427,0.25230911776394743,0.03823293779755224,0.12715171812575252,0.11859166225995897,-37.012659305360124,0.07950275331387287
210.6,-2.0268998098248225,80.04500143939416,5.161,0.0,8.68,-0.05,1.5685294441089521,-0.02519413845914909,-0.02785190453065544,0.01090366320308716,-2.031021062712794,80.45678784391346,0.0,-0.06275080736312615,8.764525464721656,0.0,210.508,-0.03452685660752143,-0.42718841540233793,-4.9924870697069474,1.5624359563994086,-0.029914421673500387,-0.5105273315651531,-4.938980192035521,0.029028429865183093,-0.9958398086881628,0.05,1.5670186476399268,-2.0373265212672056,80.09439278649361,0.0,-0.004555879427170486,7.999998569582459,0.0,1.5713658117635543,52.0,0.044795067353142794,0.0431795601569965,0.0522423505547106,0.17425211796124412,0.2520575057469696,0.037992872261709824,0.12699498087318603,0.11806830599304399,-37.081377530409384,0.07921181499511606
210.7,-2.0269000018486665,80.89937692562505,5.163,-0.01,8.43,0.0,1.569150173748147,0.0,0.0,0.0,-2.0331423382950407,81.31910897318602,0.0,-0.06747885305732593,8.508979584489223,0.0,210.607,-0.0351248789481804,-0.49921323249657934,-5.076685454682665,1.550029758526683,-0.01981819586436048,-0.5559759061731121,-4.964084725263076,0.10314530051530643,-0.7177089658820188,0.01,1.557526205347356,-2.0377821092174666,80.89439265676796,0.0,-0.004555879426268098,7.99999856958246,0.0,1.5713658117634415,53.0,0.045036849066180905,0.04354084657355424,0.051953040176755,0.1746659474860049,0.25219958492038663,0.03816184451850382,0.12710131032775984,0.11834713478704637,-37.07043645189816,0.0794051558303861
210.8,-2.0269001919677834,81.74265662453881,5.16,-0.01,8.2,0.05,1.5671756903782972,-0.354126641082917,0.04022953841180633,-0.03490343416754517,-2.0354687250295793,82.15698272450706,0.0,-0.050423619430098654,8.27576810350551,0.0,210.706,-0.04355354045238482,-0.5550080726566753,-5.007437403632787,1.5611666425433293,-0.021553906949433314,-0.577048778851704,-4.986096574082049,0.0958132459106917,-0.35382364861578175,-0.05,1.559859811893632,-2.038237697167643,81.69439252704231,0.0,-0.004555879425520249,7.9999985695824565,0.0,1.571365811763348,54.0,0.045720198321420345,0.04430632748951623,0.052048179285697924,0.17546717939174408,0.25249221398295474,0.03863464359892983,0.12740113120742494,0.11902713324177096,-37.000030276412915,0.07978707284807546
210.9,-2.026900371284068,82.55264883653744,5.152,-0.01,8.01,0.1,1.5646709558230383,-0.4239576748635724,0.017845008450308016,-0.011425018700447365,-2.03782276540455,82.97320685827515,0.0,-0.028178403991932978,8.074334829657825,0.0,210.805,-0.03594140137806778,-0.61834447208552,-5.153563976096137,1.5366239899284706,-0.018585060573271642,-0.5912918041298862,-5.013771899615154,0.11204034085610848,-0.13360269751292897,-0.1,1.5578418466200006,-2.0386932851177404,82.49439239731666,0.0,-0.004555879424779508,7.999998569582457,0.0,1.5713658117632554,55.0,0.046153520390475496,0.044778724748246575,0.05223519943162297,0.1758525671090431,0.2526152860338517,0.03889647672627411,0.12754363188148432,0.11938271972621708,-36.95140166960335,0.07996157332906866
211.0,-2.035989786790516,83.35154525790207,5.141,-0.01,7.85,0.13,1.5630824366260805,-0.3584332800559855,0.01725761468947985,-0.014778829064888784,-2.0399948392848146,83.7712617914486,0.0,-0.014947935356832297,7.908877115586457,0.0,210.904,-0.03733351662274277,-0.5872383990531105,-5.057863673763497,1.5596613055103377,-0.009612795974530935,-0.5602372347216109,-5.03948575318039,0.16078565753354462,0.1118745075951404,-0.13,1.5518601285325766,-2.0391488730677843,83.29439226759101,0.0,-0.00455587942448108,7.999998569582457,0.0,1.571365811763218,56.0,0.04647244518793423,0.04503060188138744,0.05242447085824818,0.17602292703230235,0.2526708553273902,0.039024394462170084,0.12761158079142207,0.11957001930043178,-36.922747435197664,0.08003982895120115
211.1,-2.035989958971708,84.13934575921738,5.126,-0.01,7.73,0.16,1.5607206579905488,-0.3218261613662991,0.038816684398521255,-0.028891751731118985,-2.041809621583597,84.55463074331145,0.0,0.003140458923642811,7.77668898143094,0.0,211.036,-0.032200840818541104,-0.4465459906407246,-5.107556662086484,1.5430060400654977,-0.011703839058811744,-0.4646824748820727,-5.0632419785752045,0.1376905060343647,0.4166661448682287,-0.16,1.5551236517885836,-2.0396044610178103,84.09439213786536,0.0,-0.004555879424269694,7.999998569582457,0.0,1.5713658117631917,24.0,0.04403509316728107,0.04313991451582379,0.05230700019256705,0.17306657472835854,0.2513168734321296,0.037304226606059115,0.12620872780482575,0.11696862238052527,-37.15875806681939,0.07847927077106229
211.2,-2.035990128844933,84.90495481845738,5.11,0.0,7.63,0.17,1.5588850798693041,-0.37643855214592814,0.01785073858220327,-0.007756024930774854,-2.043043641317197,85.32655024914136,0.0,0.0178374663706333,7.67681324907925,0.0,211.135,-0.025371551166001267,-0.41315997802290516,-5.12513941527536,1.5460855663205606,-0.009842037977770779,-0.38950603007972484,-5.091210493400586,0.12159309122400791,0.6062711177990368,-0.17,1.5560342752658798,-2.0400600489678027,84.8943920081397,0.0,-0.004555879423937515,7.999998569582457,0.0,1.5713658117631502,25.0,0.043771716021466,0.042805630341919226,0.05224308798624278,0.17275827263123006,0.251219172000562,0.03708445263594619,0.12610832800207414,0.116712685516732,-37.203246531931086,0.07834471800016918
211.3,-2.045079539925972,85.67056373658804,5.092,0.0,7.57,0.17,1.5584974960100388,-0.3687109124683622,0.007045751076194706,-0.002046231683798339,-2.04348807513176,86.24248047897586,0.0,0.020926077854947128,7.602982269494091,0.0,211.234,-0.020604070688810473,-0.37131059572200104,-5.047442990028041,1.5660928790351414,-0.008506149400705458,-0.32568767117756803,-5.1056309841365035,0.10024990610441763,0.6997869271046557,-0.17,1.5586744914034258,-2.0406067545077566,85.85439185246892,0.0,-0.004555879423614218,7.999998569582457,0.0,1.5713658117631097,26.0,0.04371749608255575,0.04284303693906449,0.05223303123898895,0.17290496996695004,0.2513053720832221,0.03707821702072022,0.1261385488269724,0.11681128118507227,-37.20870321459099,0.07843311227538922
211.4,-2.045079707257397,86.43617265244728,5.074,0.0,7.55,0.17,1.5587539841097335,-0.30203822360824284,-0.002592354284251606,0.009212574956210369,-2.0430972323330994,86.8496212496824,0.0,0.019054371664138665,7.581239311807272,0.0,211.333,-0.029877581564694576,-0.3136707477270776,-5.027167595337423,1.571168337272052,-0.016673694524576094,-0.26680659494217107,-5.102318078775667,0.040819628370284626,0.7274024548699645,-0.17,1.5658649129006315,-2.0409712248677114,86.4943917486884,0.0,-0.004555879423441911,7.999998569582458,0.0,1.5713658117630882,27.0,0.043339092663706454,0.0425293624784275,0.05215541936383836,0.17248592995771667,0.2511203185715554,0.03680820926192819,0.12593014682337397,0.1164332679756369,-37.25126942519473,0.07822005624139816
211.5,-2.0450798729777944,87.19068577629363,5.057,0.01,7.55,0.16,1.5605545100432379,-0.2151858135452998,-0.029471711379882855,0.03026329771721375,-2.0418860170263833,87.60745410274066,0.0,0.005848567114968084,7.579616022722605,0.0,211.432,-0.034639473957611036,-0.2819301857405027,-5.05379132244461,1.5565193135575632,-0.02208817877020456,-0.21717207698373575,-5.106256082441892,0.01895269873396862,0.7078720804206187,-0.16,1.5672902685974859,-2.041426812817633,87.29439161896275,0.0,-0.004555879423280263,7.999998569582458,0.0,1.571365811763068,28.0,0.043779769765398366,0.04284104203153332,0.052434382442208334,0.17274677214961537,0.25120477535875685,0.03700267934624144,0.1260242756577467,0.11669799037016976,-37.20273030259455,0.07833476093547613
211.6,-2.0359907972211175,87.9562948200425,5.041,0.01,7.58,0.14,1.5631525773231425,-0.12935563813847534,-0.03131635671495881,0.024393150243572772,-2.040103892021054,88.36635086394172,0.0,-0.01452643455100613,7.599032821965034,0.0,211.531,-0.03326305581239659,-0.2416297454792595,-4.984768149685363,1.5639626122939538,-0.021794820638403607,-0.17694167669713448,-5.097696943330195,0.03548709256949399,0.6415993592793914,-0.14,1.5652637501671782,-2.0418824007675322,88.0943914892371,0.0,-0.004555879423036902,7.999998569582458,0.0,1.5713658117630376,30.0,0.04343066899118008,0.04198568114413442,0.05205355411692415,0.17182017727375723,0.250852670366803,0.03654781168148378,0.12574818018792192,0.11595617583418247,-37.27956579858532,0.07789889834546304
211.707,-2.0359909613996656,88.7108079340797,5.027,0.02,7.61,0.11,1.5645418665979547,-0.05014430068618614,-0.008974552002392973,0.007677389069769736,-2.0376654002469374,89.28070239725668,0.0,-0.026863925233600552,7.63851434552411,0.0,211.63,-0.033945983360838795,-0.18098499901148518,-4.812474183038541,1.567043441211839,-0.025828258518883547,-0.12826764010178504,-5.065231634739451,0.01571045885815491,0.5979520724240173,-0.11,1.5664456394093142,-2.0424291063073605,89.05439133356631,0.0,-0.004555879422370768,7.999998569582457,0.0,1.5713658117629543,77.0,0.058640471340120445,0.05151702688111133,0.05444013997819412,0.18484491772245773,0.25652107146802355,0.04409171385160612,0.1314096017341148,0.12823970415172162,-35.95527811376302,0.08469558231174182
211.8,-2.03599113158824,89.47641696879988,5.014,0.02,7.65,0.09,1.565167324678276,-0.025971013391075073,-0.01226832266888379,0.01053980027358125,-2.036035490842972,89.893173079168,0.0,-0.031529259246853424,7.66935742797333,0.0,211.729,-0.040310797021980246,-0.14556085143670547,-4.920943728293471,1.5513998252536099,-0.020116799262359125,-0.08982216671093661,-5.0492864789320855,0.08834948392319214,0.5414678372813952,-0.09,1.5575699834922192,-2.042793576667198,89.6943912297858,0.0,-0.004555879421862731,7.999998569582458,0.0,1.5713658117628908,31.0,0.04329626100757837,0.04166808538970991,0.05134684591521538,0.17191782144760018,0.25081926658410425,0.03653127662066601,0.12581032769113587,0.11587610868908488,-37.29274469628643,0.07783632273852475
211.901,-2.035991303820744,90.2531217850653,5.004,0.02,7.69,0.07,1.564451191169445,-0.0067398769521742384,0.018680250829713488,-0.025002865331079153,-2.0337023817232835,90.81666202587286,0.0,-0.024046364058465254,7.718010709231954,0.0,211.828,-0.029786555729564453,-0.11062520693419552,-4.922969240053375,1.5728442627313979,-0.017383033628878525,-0.06133209145053229,-5.026516964415315,0.0742974032935067,0.46595801312655194,-0.07,1.5592350605708374,-2.0433402822068545,90.65439107411503,0.0,-0.00455587942058634,7.999998569583879,0.0,1.5713658117627312,32.0,0.042849171213983996,0.041141382239174434,0.05108624236215329,0.1712168734522686,0.25046380149800734,0.036088736525455536,0.12563687772872761,0.11527282452999021,-37.37867947298654,0.07745528513894934
212.0,-2.035991473977081,91.01873081216411,4.995,0.02,7.74,0.05,1.5625188900765519,0.017475958904599038,0.007304839061502275,-0.014828644754307849,-2.0321645584622945,91.43557663522586,0.0,-0.01323676232267194,7.750530476937308,0.0,211.927,-0.03622645171419835,-0.087284899165629,-4.9289520988709485,1.5532446917493878,-0.02477817339330817,-0.038539639016472685,-5.015974296623607,0.05742204899864971,0.3825736131348574,-0.05,1.5612649013965052,-2.043704752566541,91.29439097033453,0.0,-0.004555879419738208,7.999998569582459,0.0,1.5713658117626252,33.0,0.042470218503246775,0.04089046980784872,0.050823005784873816,0.17079704248266886,0.2503335667653858,0.03586696571876205,0.12555284940767975,0.11494720949239426,-37.42900076866331,0.07728557476541621
212.1,-2.035991649576335,91.79543576698067,4.99,0.02,7.77,0.04,1.5621055849504213,0.04100830988134175,-0.007812858825729782,0.001606239605584848,-2.029715789808624,92.36866737835693,0.0,-0.010334406221472718,7.7963114005392935,0.0,212.026,-0.04098602516586775,-0.06621629087761549,-4.878635161656363,1.54715046640761,-0.023307993052063828,-0.02513257778834488,-4.999102387575496,0.09603807622350669,0.3105921303268584,-0.04,1.5564372180591184,-2.0442514581059363,92.25439081466409,0.0,-0.004555879418544988,7.999998569589563,0.0,1.5713658117624756,34.0,0.042372581090634645,0.040955818919359135,0.050738502683829644,0.17075979675110342,0.2503823387787838,0.03595967896453689,0.12559290026886802,0.11496410925422493,-37.432321601933126,0.07731588125080516
212.2,-2.0359918222378433,92.57214057438915,4.987,0.02,7.81,0.03,1.5611827858400087,0.05173190939680441,0.011041819392055972,-0.02016618894996435,-2.0275094308756865,93.15017740438782,0.0,-0.0021440080757106753,7.829752801084426,0.0,212.125,-0.046352492705219864,-0.026421342992424685,-4.888211461167436,1.5509120795423492,-0.024662841989347803,-0.0012883548235356134,-4.979548867119142,0.09971523376936282,0.26552947038222374,-0.03,1.5559729686906953,-2.044707046055354,93.05439068493932,0.0,-0.004555879418398202,7.999998569593826,0.0,1.571365811762457,35.0,0.043480607130141125,0.0418736728742648,0.050937539979342666,0.17177639012607787,0.2508463608989246,0.03659652759590554,0.12593848850018113,0.1158694343543019,-37.31551627618009,0.0778474975529072
212.3,-2.03599200065236,93.35994130939004,4.984,0.02,7.84,0.01,1.5597429481011371,0.036025400191380424,0.00642058844741698,-0.016423551898321658,-2.0256007264638,93.77762863272291,0.0,0.006231147132767293,7.853161308033162,0.0,212.224,-0.05392251730532666,-0.005191920712520708,-4.94726683393961,1.5656760055067624,-0.04172083310081033,0.023815937141836573,-4.973867228561653,0.01645469303948167,0.23906582582290525,-0.01,1.566284116296964,-2.045071516414892,93.69439058115935,0.0,-0.004555879418699531,7.999998569589563,0.0,1.571365811762495,36.0,0.04360218939147815,0.04192577531296281,0.05098501773135501,0.1716820896331505,0.2508256938193732,0.036594289305267785,0.12584566328489596,0.11582293514653808,-37.30619699534455,0.07782093793136803
212.401,-2.035992183701289,94.16993361457533,4.983,0.03,7.87,0.01,1.5605126098406057,0.0,0.0,0.0,-2.022498372717687,94.72205528464943,0.0,-0.0028364263635241834,7.884118158061623,0.0,212.323,-0.044495945038457226,-0.0073070434654536115,-4.873388661049993,1.5426864678581902,-0.03672631889919316,0.026936318955714546,-4.959673156601241,0.06749968554819567,0.1792383513082063,-0.01,1.5586689458948844,-2.0456182219542907,94.65439042548928,0.0,-0.004555879419356132,7.999998569585299,0.0,1.5713658117625773,37.0,0.043897855050256174,0.04197868614301854,0.051107981731447046,0.171680023386857,0.2508461726402967,0.03673782261069722,0.12589833382007273,0.1158991483922121,-37.27905876668602,0.07783963013418412
212.5,-2.0359923620713403,94.95773434906505,4.983,0.03,7.89,0.0,1.561530394540403,0.0,0.0,0.0,-2.0198950542339795,95.51175611951098,0.0,-0.007419940618429981,7.907219624991739,0.0,212.422,-0.053310395794226466,0.0021716714824487034,-4.958472977116449,1.5765836436026854,-0.05234585241241211,0.024605475239453917,-4.948879054196317,-0.04052331658952439,0.1208151577233485,-0.0,1.572111606589988,-2.0460738099038203,95.45439029576403,0.0,-0.004555879419460779,7.999998569588141,0.0,1.5713658117625902,38.0,0.04346121413966833,0.0418151858485207,0.05101983457739827,0.1714808552560681,0.25077813644138436,0.03653105952977264,0.12572193711758642,0.11567629164167782,-37.31324693372803,0.0777576494340996
212.6,-2.026903288939778,95.7455350836581,4.984,0.02,7.91,0.0,1.5629245918851835,0.0,0.0,0.0,-2.017984899371991,96.1450718598297,0.0,-0.017772944748610173,7.923209853581082,0.0,212.521,-0.05254019991762338,0.03018688440303474,-4.95093108743784,1.5610989562396784,-0.053141828364589805,0.03630874257964035,-4.9492262479452,-0.017356619866645388,0.10315376812842025,-0.0,1.5704660344984076,-2.046438280263467,96.09439019198385,0.0,-0.004555879419858843,7.999998569585301,0.0,1.5713658117626401,39.0,0.04374491552042667,0.04187271397348578,0.051088252395879,0.17157112575849334,0.250818622506434,0.03672138284270982,0.12584139856025048,0.11580810148180212,-37.290102452589,0.07780899451631243
212.701,-2.026903466310646,96.53333581514454,4.984,0.01,7.93,0.0,1.5661003143203,0.0,0.0,0.0,-2.0157829031782066,97.09720086101622,0.0,-0.048352035913698556,7.942648359614837,0.0,212.62,-0.05720254048451768,0.02048860896568864,-4.934801872198516,1.5460780497345956,-0.04150311059983648,0.03756023872571772,-4.940701907638347,0.08482963214998954,0.0640307432838556,-0.0,1.5576671678372527,-2.0469849858029536,97.05439003631338,0.0,-0.004555879419861428,7.999998569586722,0.0,1.5713658117626403,40.0,0.043861773906958085,0.0421140831892564,0.05113405299768093,0.17189879230693483,0.2509518970509159,0.03678222598837639,0.12586996522417698,0.1160343723133381,-37.26857591751473,0.07797196428594805
212.802,-2.026903646733235,97.33223233137639,4.984,0.01,7.94,0.0,1.5658226856638235,0.029418032652206955,0.02771753971712467,-0.03403368369787478,-2.0147987578506568,97.89224139197756,0.0,-0.04150830955638563,7.955798335745408,0.0,212.719,-0.056544826628649146,0.0410219616344703,-4.870055298698341,1.5394890770729062,-0.028551954754163927,0.0405418821928233,-4.936438392485959,0.1770738355967598,0.03725986428090966,-0.0,1.5473497352709684,-2.0474405737525183,97.85438990658821,0.0,-0.004555879419666027,7.99999856958672,0.0,1.571365811762616,41.0,0.04668203994288171,0.04410978022308022,0.0513904924532017,0.17496185434996084,0.2523531035032811,0.03856526835917515,0.12732866279477867,0.11875947589717609,-37.0039572540385,0.07957538216646086
212.902,-2.02690382405963,98.12003306235167,4.982,0.0,7.95,0.0,1.5613191640612223,0.025784119623240166,0.06147128198214345,-0.059313014726266,-2.0143658097656476,98.68843592023504,0.0,-0.00374756437699787,7.966401870500713,0.0,212.818,-0.06949185245569288,0.03530934027062645,-4.952903057706235,1.5643196986697396,-0.049103470496567554,0.04726991950990626,-4.929224059115636,0.06493956885236606,0.032894720599545124,-0.0,1.5626616665356725,-2.0478961617020475,98.65438977686321,0.0,-0.004555879419014598,7.999998569593825,0.0,1.571365811762534,42.0,0.044605191438126426,0.04247969127596066,0.05121611031000489,0.17263512905737088,0.25130645209911756,0.03737042440757445,0.12641081119272762,0.11675129968752626,-37.20004413964154,0.07836912966267816
213.0,-2.026904004037913,98.9189295764152,4.98,0.0,7.96,0.01,1.5588180581715443,0.0,0.0,0.0,-2.014123799588055,99.32605713389106,0.0,0.010866763241103453,7.973103674588001,0.0,212.983,-0.06034511559568075,0.03721473596265382,-4.9021410076051595,1.5444737594430313,-0.04701706444841664,0.0373865924375393,-4.9278698337471205,0.13732646799628956,-0.00726434724576297,-0.01,1.5535302152082142,-2.048260632061628,99.29438967308306,0.0,-0.00455587941889945,7.999998569588141,0.0,1.57136581176252,17.0,0.04350268754187235,0.04186605186487143,0.05090068194676608,0.17198342065018976,0.25104766719052674,0.036809798320021,0.12605798931786583,0.11608493564833311,-37.30508799400271,0.07805774414968122
213.101,-2.026904180809204,99.71782593278648,4.978,0.0,7.96,0.01,1.558953533009861,0.02564211592496497,0.018335669333278674,-0.020151018138859434,-2.0136969966700184,100.28338200277975,0.0,0.010063427156521995,7.981219430599973,0.0,213.016,-0.06238551929792305,0.043237297919839456,-4.8847709992946715,1.5409945022917235,-0.03461586916468437,0.0386330301457944,-4.924506716537131,0.16932682889453896,-0.00657443374572253,-0.01,1.5495097438419774,-2.0488073376009615,100.2543895174127,0.0,-0.004555879418455361,7.999998569588142,0.0,1.5713658117624645,44.0,0.043853382315900184,0.04210422681567753,0.05084402702794807,0.1724434045974808,0.2512595728683267,0.03710221787858676,0.1263113782274962,0.1164802397290934,-37.27395232485454,0.0782984450544971
213.2,-2.026904357907746,100.50562665901784,4.974,0.01,7.97,0.01,1.5565286195513346,0.0,0.0,0.0,-2.0131795199849156,101.08177328149172,0.0,0.02954284273696445,7.985773965304621,0.0,213.115,-0.06748455042760003,0.0690682625231739,-4.918452038623965,1.5690685300801355,-0.05507202299312006,0.05361895673715001,-4.927885988608486,0.01556117814235044,0.017550059356381098,-0.01,1.5675962102764187,-2.0492629255503783,101.05438938768764,0.0,-0.0045558794186107135,7.999998569589563,0.0,1.5713658117624838,45.0,0.04368386899229093,0.0418594722167161,0.05075646299824358,0.17211272054325016,0.25109201725803126,0.03695198158110205,0.1261806168150724,0.11619370106659836,-37.30389041635903,0.07811933854069308
213.3,-2.0269045379682673,101.30452316973108,4.971,0.01,7.97,0.01,1.556611890034054,0.0,0.0,0.0,-2.0125717045187135,101.7207775753141,0.0,0.028587392490445975,7.988773303933249,0.0,213.214,-0.06601464103487127,0.042384721922265306,-4.947462750889493,1.5557653501663578,-0.053704720388310805,0.04654098050502089,-4.921482222346302,0.059799677573776015,-0.0023783640487238245,-0.01,1.5620361352025036,-2.0496273959099587,101.69438928390754,0.0,-0.004555879419309631,7.999998569590983,0.0,1.571365811762571,46.0,0.04365330668083285,0.04195751051111907,0.05066560210669418,0.1722569251772911,0.251142410004778,0.03693078985384878,0.12617204855590788,0.11626127455986177,-37.304192723994156,0.0781860765534269
213.4,-2.026904717922921,102.10341967864862,4.97,0.01,7.98,0.01,1.5597945023935773,0.0011898854029848,-0.009264773016785193,0.011505344558999117,-2.0117156849781233,102.51987817939309,0.0,0.0003725257168154672,7.9929025375416245,0.0,213.313,-0.06501540815463613,0.028921097103833022,-4.911171632848938,1.5636058849817684,-0.05733381197124778,0.03426751255720154,-4.923873270081371,0.03566544284909772,-0.03908556746552261,-0.01,1.5650457372549242,-2.050082983859481,102.49438915418239,0.0,-0.004555879419599493,7.999998569585299,0.0,1.5713658117626077,48.0,0.043688105091814484,0.04205726348199013,0.05062360528904745,0.17235634747884102,0.2511665968496566,0.03695900596613612,0.12618928227908685,0.1163212863239691,-37.2971781413352,0.07822581244204918
213.5,-2.0269048949031436,102.90231602465329,4.968,0.01,7.98,0.01,1.561373940729771,0.02238208003446424,-0.021320562689252247,0.020711814242585835,-2.011061586778653,103.31937110382823,0.0,-0.012144158793278334,7.996437523742505,0.0,213.412,-0.06634713805595274,0.04348810054232685,-4.954884640567126,1.5751091735749085,-0.06226299690430591,0.03385156121923305,-4.9247394476430735,0.00033460426636138657,-0.034355389156344174,-0.01,1.5694956647410592,-2.0505385718090117,103.29438902445723,0.0,-0.004555879419501635,7.999998569588141,0.0,1.5713658117625953,50.0,0.04498191041012465,0.042921590497468264,0.05077924104117929,0.1735754409507385,0.25169398560468365,0.03774846401616703,0.1267802406787571,0.11742063856865248,-37.176268884136526,0.0788432913941185
213.6,-2.026905074568539,103.70121253058034,4.965,0.0,7.98,0.01,1.5637365007449429,0.0,0.0,0.0,-2.010862217516478,104.11913503348377,0.0,-0.03131834439078043,7.998243952000405,0.0,213.577,-0.06618219739012751,0.050155794167248496,-4.860439751522442,1.5383447886968886,-0.05243994453388812,0.04848825736038358,-4.920518626099151,0.14302255376950387,0.001381115652381304,-0.01,1.5528787200524816,-2.051005080287745,104.10413740424404,0.0,-0.005142808076348702,8.258726110669626,0.0,1.5714190387413507,23.0,0.045344411439910554,0.0430797201714431,0.05089709048269202,0.17367513552565164,0.25170361806497077,0.037861550019693324,0.12682110456146964,0.11753734533742018,-37.147666045325145,0.07887438285237089
213.7,-2.026905254682948,104.50010903592637,4.962,0.0,7.99,0.01,1.5632297732543687,-0.012673710964042245,0.04494433989840618,-0.04238081677272224,-2.011292206463933,104.91902847925218,0.0,-0.031990847188398196,7.9993242406295595,0.0,213.61,-0.07121161840790809,0.06939701012289583,-4.882952214601399,1.5464394599778455,-0.04348116231620372,0.05788770950697,-4.917736858809441,0.1569478540447313,0.01342652247390852,-0.01,1.5511887574786003,-2.051590639113341,104.98663812198961,0.0,-0.006124518720462909,9.279576741469096,0.0,1.571456326491199,50.0,0.0454522865332901,0.04302282555614301,0.05097430212077335,0.17354112799314192,0.2516320769054236,0.03786949044912956,0.12681381687891155,0.1174663210377824,-37.14359456773261,0.07879853764686448
213.8,-2.0269054346914857,105.29900553985642,4.96,0.0,7.99,0.01,1.5594368782502155,0.0,0.0,0.0,-2.012192147425678,105.7190704863916,0.0,-0.0015053896482488266,8.00151527122119,0.0,213.709,-0.07305240949572402,0.18743949692872866,-4.878378886919155,1.540094826946242,-0.040678289560883464,0.15439556722995704,-4.919179936183408,0.17734755490366305,0.22065272513726342,-0.01,1.549199994778779,-2.0522354813328523,105.96362458186618,0.0,-0.006600470472672278,9.999916482557621,0.0,1.5714563792588991,51.0,0.04615477898815333,0.04325667515805349,0.05106841831571219,0.17382788236795713,0.2517526901145192,0.0379845993775244,0.12689571636829577,0.11775028920936265,-37.10886196992812,0.0789426700373417
213.9,-2.0269056113257626,106.09790187617853,4.958,0.0,8.0,0.02,1.556462043025766,0.0,0.0,0.0,-2.0133190150550866,106.67980256805693,0.0,0.026693554799596533,8.012045036263583,0.0,213.808,-0.06334536408035032,0.3821254256101829,-4.928419335750667,1.560254747392803,-0.04312186443727216,0.3481854431132109,-4.918346420945856,0.13217958699173543,0.607621323960597,-0.02,1.555423566173917,-2.0530275408963092,107.16361894401362,0.0,-0.00660050799189783,9.999973326358262,0.0,1.571456379258832,52.0,0.04716827463830871,0.043541309159553954,0.051218027104970205,0.17415365327707227,0.25188454879670324,0.03809361730021594,0.12697216799361224,0.1180923540324911,-37.069799575958655,0.07910334773920633
214.008,-2.0269057915999333,106.89679837719356,4.957,0.0,8.03,0.03,1.555397993014429,-0.47084339762865174,0.01408500691684814,0.008479424628301332,-2.013904749610417,107.48246992504718,0.0,0.03204839174518027,8.04245993048429,0.0,213.973,-0.0670304119932085,0.7184290224886554,-4.9110012031719705,1.5696397083177986,-0.0481362719227838,0.6678054971850692,-4.922691201642294,0.11294434147921904,1.1731694374906958,-0.03,1.558524611863191,109.7839999999252,6.5068866372282886e-09,0.0,9.999999999999432,6.754388431975529e-10,0.0,6.754388431975913e-11,35.0,0.05062519244556526,0.045678034274614226,0.05208716912955477,0.17684458062327926,0.25302336880793386,0.039484373037485775,0.12798966465175213,0.12059766694384474,-36.693762291721285,0.08039100143303052
214.1,-2.0269059739344186,107.70679066204576,4.953,0.0,8.1,0.04,1.556586895198796,-0.8685745131843706,0.011143261833036908,0.024155945337125485,-2.0140309726159322,108.29028471344806,0.0,0.021451773791058802,8.116139848022103,0.0,214.006,-0.0653782186296736,0.7873374360806743,-4.9080267574978125,1.5697900405052434,-0.037182499486921594,0.8106358491446808,-4.925584171388438,0.11405998772226424,1.255369976812533,-0.04,1.5586050038328452,-2.0543476445004107,109.16361651874885,0.0,-0.006600521874986441,9.999994361825713,0.0,1.5714563792586895,54.0,0.06754887313274362,0.05509910170705118,0.05465656031067326,0.18937865141513227,0.25836197804792554,0.04644523146972595,0.13313828521861543,0.1330842486853025,-35.6310740424624,0.08716211178305491
214.2,-2.0269061532822583,108.5167827755257,4.947,0.01,8.23,0.06,1.5580487056311707,0.0,0.0,0.0,-2.013829794823977,108.94400101212725,0.0,0.013358626632137235,8.221389186468704,0.0,214.105,-0.06305360239613352,0.933402469482698,-4.8512411984631285,1.5428540368876307,-0.047778430892451644,1.0503817353218674,-4.925301230961473,0.05628017857194995,1.4934993277287116,-0.06,1.5639517821422972,-2.0548756863281517,109.96361617442601,0.0,-0.0066005230625969195,9.999996159770173,0.0,1.5714563792587768,55.0,0.05335788615689365,0.048102975284773454,0.05448804690093463,0.179017273831101,0.25361536188028855,0.04000845055421146,0.1282209662354888,0.12253913591115825,-36.50082722374587,0.08131104713683716
214.3,-2.0269063406676615,109.34896662501788,4.94,0.01,8.44,0.07,1.559993396573935,0.0,0.0,0.0,-2.013292000806273,109.7765343883675,0.0,-0.001036880588482328,8.42124575494347,0.0,214.204,-0.05155279973453972,1.2043450001636942,-4.999060930831002,1.5757182253057602,-0.05220881354171174,1.3019476466372613,-4.932773950197758,0.004408052817504152,1.6427667553292746,-0.07,1.5693587952984054,-2.055535738690262,110.96361586917827,0.0,-0.006600523673327432,9.999997083077783,0.0,1.5714563792589067,56.0,0.052631126082877844,0.04641802741699048,0.054233565231058496,0.17739004603549627,0.25314259073426726,0.03920664534273363,0.12803459515406632,0.12134436657113651,-36.65864519470965,0.0805990339400583
214.4,-2.026906532238236,110.21443765669636,4.932,0.01,8.73,0.07,1.5628620461237173,-0.6111622969048353,-0.040141292090553865,0.051338897561387875,-2.012733816544656,110.6331525840082,0.0,-0.024554876256695873,8.69551855374714,0.0,214.369,-0.051329072047153576,1.4576367866152327,-4.865047225998078,1.5619461383701936,-0.046090342452454185,1.5088709188033615,-4.913923191221054,0.04366779652665448,1.540484638416114,-0.07,1.565570934814501,-2.0561957910866604,111.96361561937844,0.0,-0.006600523896598429,9.99999742103747,0.0,1.5714563792589267,31.0,0.05311962411061117,0.04603064234611043,0.054024974260566606,0.17730228589627758,0.25327512428617743,0.039005969081219664,0.12799852870204084,0.12134869048437927,-36.68955804405654,0.08066505647171443
214.501,-2.026906729251234,111.10210025181703,4.928,0.01,9.07,0.05,1.564947633599166,-0.370050764934636,0.001080841152430967,0.0064974450425703874,-2.012748596712564,111.7028664796442,0.0,-0.04753454723096685,9.11107086543263,0.0,214.435,-0.05893087653930802,1.5998777320769952,-4.848825464195122,1.5543194662965223,-0.04654357715800834,1.6824547825485852,-4.914031958893704,0.044192712041967286,1.4022239712607192,-0.05,1.565621472967707,-2.0569878539780144,113.16361534504662,0.0,-0.006600523987127204,9.999997557747305,0.0,1.571456379258956,25.0,0.05070248644215498,0.045557708154732285,0.05449723773085981,0.17599459703729348,0.2526315563111493,0.03770658915075074,0.12677428631120374,0.1199065037896338,-36.81498692613097,0.07994795837674704
214.6,-2.026906936406853,112.02305037375416,4.927,0.01,9.46,0.02,1.5655535227295496,-0.1768244287461156,0.006188351884666152,0.0029809493336018745,-2.0134115402336237,112.44568254077757,0.0,-0.05348877146642408,9.422816037787324,0.0,214.534,-0.059654671474472495,1.7077928859406384,-4.8308239048224895,1.561705853025228,-0.05095879421740596,1.8068730174811696,-4.905905121299924,0.020839845249770235,1.1497067825521352,-0.02,1.567889577435604,-2.057515895909045,113.9636151677263,0.0,-0.006600524009113817,9.999997590021579,0.0,1.5714563792590244,27.0,0.04855005476908345,0.042818527038502315,0.05350573493100902,0.17283355290806454,0.2514287540040848,0.036253383427425255,0.12576620221447138,0.11727269852659392,-37.09857381158967,0.07844284479783312
214.7,-2.026907153896328,112.98838363228191,4.928,0.0,9.87,0.0,1.566497853552226,-0.003158472380824825,-0.008226329493130524,0.01569575753658623,-2.0154421604468107,113.60807212190402,0.0,-0.06789268842593212,9.91081985821348,0.0,214.666,-0.05234817754098186,1.7611118640870267,-4.836784923236091,1.5512088386602956,-0.05031564480246214,1.8363570954727617,-4.892535016877119,0.05418606341052836,0.722583985830795,-0.0,1.5656808997336102,-2.058307958807379,115.16361490459238,0.0,-0.006600524020902541,9.999997608339369,0.0,1.5714563792589942,34.0,0.04672624777260896,0.04106500051911259,0.05271547510630249,0.17070091596661696,0.250533149436096,0.035019640748155376,0.12478391758049472,0.11535166081730194,-37.316975285551266,0.07739739912912816
214.8,-2.026907384653505,113.99810020793801,4.932,0.0,10.27,-0.03,1.566884147064064,0.0,0.0,0.0,-2.017522252339422,114.41549262155029,0.0,-0.0727742144293544,10.232450014312551,0.0,214.732,-0.05160884180747057,1.7380204253961056,-4.792278965077493,1.5570332464628873,-0.0427045541164706,1.8385917661840236,-4.880066000968304,0.08186069222105172,0.41822867175837786,0.02,1.5630651883957642,-2.0588360007400643,115.96361472991573,0.0,-0.00660052402393389,9.999997612659467,0.0,1.5714563792590122,28.0,0.046881079490481516,0.040839115514680134,0.05195610070401992,0.1708426340396456,0.2506578803913456,0.03513156571571928,0.12493516550247497,0.1154247064672356,-37.349820726844804,0.0775151569602381
214.901,-2.026907619526664,115.04110395708442,4.938,0.0,10.65,-0.05,1.5663423021931688,0.2905166379049471,0.015018133514531313,-0.017621194395207998,-2.021665299732371,115.67343624873142,0.0,-0.07047341657001246,10.686844915758419,0.0,214.864,-0.05309357525933431,1.7358058846616746,-4.827878852372794,1.5555333548487174,-0.03577348322903645,1.7915256413352765,-4.881819528330794,0.12789555431919072,-0.09322577692670819,0.05,1.558681897241845,-2.0596280636393423,117.16361446828212,0.0,-0.0066005240248771585,9.999997615117945,0.0,1.5714563792589442,37.0,0.04842935668571221,0.04225770043552823,0.05194984620772102,0.17278188649654744,0.2514748957220254,0.036115214493339064,0.12563303609490878,0.11701107431213052,-37.20472353866563,0.07848171671120627
215.007,-2.026907865542185,116.11739524060792,4.946,0.0,10.99,-0.07,1.565728724063609,0.19272787322597185,0.010903382482136232,-0.011136424830283112,-2.0258132678414484,116.76131109039575,0.0,-0.06681992139702536,11.031443381406099,0.0,214.93,-0.05122138321639104,1.6704573646952274,-4.918489528857924,1.5453987318910365,-0.024258620413919234,1.6939035589636757,-4.877850937418527,0.15903166493038812,-0.44718286554920716,0.07,1.5557131092226621,119.78399999983846,7.1852203072106205e-09,0.0,9.999999999999432,6.79671228098716e-10,0.0,6.796712280987547e-11,77.0,0.06901891383406998,0.053127003719861524,0.054855510938162905,0.18722290181468593,0.2576540292345188,0.04439513387010014,0.13177282547231536,0.13136823526036706,-35.5508235926553,0.08592058683230971
215.1,-2.0269081181057267,117.22697388069084,4.957,0.0,11.3,-0.09,1.5638959804226198,0.0,0.0,0.0,-2.029376021252339,117.6553134925103,0.0,-0.05038535175014278,11.283054754569399,0.0,215.029,-0.049184745962731515,1.5577301103553867,-4.899755716016349,1.5446708108767826,-0.026535666740703855,1.5610246697217027,-4.877445078877512,0.1333840448656374,-0.775995079316127,0.09,1.5580378855584924,-2.0608161579885618,118.96361407609636,0.0,-0.006600524026435804,9.999997615989072,0.0,1.5714563792590426,31.0,0.05292939090866298,0.04602822671793914,0.05395511197119402,0.17691579028302565,0.2526211004263411,0.038234402287438504,0.12645725702773764,0.12040119678992417,-36.612354171586794,0.0800102948658655
215.2,-2.02690837665045,118.35874409073386,4.969,0.0,11.56,-0.11,1.561989130513046,0.0,0.0,0.0,-2.0337707932500115,118.79912662225343,0.0,-0.028539359763479516,11.556207272702983,0.0,215.128,-0.04455326915308769,1.4166741519210082,-4.868088099999323,1.5562301829277025,-0.017591313903526244,1.4020645595128147,-4.872481203746014,0.19370358749736885,-1.1078455141360024,0.11,1.5521590788798953,-2.061476210404755,119.96361385825124,0.0,-0.006600524026342434,9.999997616099916,0.0,1.571456379259026,32.0,0.04918175377148505,0.0440652687961988,0.05358209151323938,0.17481625179575055,0.2517926486356031,0.03691385636597541,0.12637822002297083,0.1185259804358832,-36.94703600047553,0.07897971267299617
215.3,-2.0269086450646654,119.52380184436291,4.981,0.01,11.76,-0.13,1.5600016257402038,0.6907816236798314,0.052369805022954845,-0.04211824018593126,-2.0382876999853674,120.20284055737135,0.0,-0.0007101420077939307,11.803455044397108,0.0,215.128,-0.04455326915308769,1.4166741519210082,-4.868088099999323,1.5562301829277025,0.0022154531366892884,1.2774447417511883,-4.860281203746041,0.1968317852239044,-1.296246428591763,0.13,1.5510324005201026,-2.062268273304154,121.16361359684525,0.0,-0.006600524025808457,9.999997616145391,0.0,1.5714563792589695,32.0,0.08679204218534768,0.06162032920785885,0.05806066250856177,0.1977258130625509,0.2615330531824462,0.049967013496715,0.1359097292182367,0.14316415608145555,-34.83296586076325,0.09160625624032447
215.4,-2.0269089080651206,120.67776362748168,4.997,0.02,11.9,-0.16,1.557443126165543,0.6545450468340891,0.04925533354850162,-0.03174481999586133,-2.0403705363286764,121.15241141034926,0.0,0.02454739606984323,11.915356550272062,0.0,215.326,-0.04274126611515941,1.0527042939158036,-4.949675672650594,1.5707121510530349,-0.029904942515436704,0.9988352387711347,-4.861567031515602,0.037796964924705856,-1.660127140673966,0.16,1.5651520817967637,-2.062796315237075,121.9636134225764,0.0,-0.00660052402607738,9.999997616152497,0.0,1.571456379258996,34.0,0.05270619803227548,0.0476057642562144,0.05655339193600985,0.17767073024571595,0.25317724787647805,0.03835123565062664,0.12757925139131945,0.12165542813075661,-36.488522631107855,0.08058535844851437
215.5,-2.026909181865342,121.86501295950657,5.015,0.03,11.96,-0.18,1.5575010050695877,0.9247987621210294,-0.08797277468507808,0.03189840466465957,-2.0415161602837326,122.34881493641089,0.0,0.027826585739422757,11.992398309166228,0.0,215.425,-0.03604231014471735,0.8361853992237538,-4.922560108426981,1.5738661119903046,-0.034060997837904124,0.7515356736318459,-4.857969182776719,0.0058939729768176935,-1.837495588456724,0.18,1.56725038390594,-2.0634563676532767,122.9636132047411,0.0,-0.006600524026896629,9.999997616162444,0.0,1.5714563792590772,35.0,0.05067220827310226,0.04563151383672776,0.055584554033063525,0.17624781620084307,0.25301731214213585,0.03798992335951697,0.12738832543565562,0.12049162308671832,-36.719119717066256,0.08014932601913191
215.602,-2.02690945606178,123.05226229593876,5.035,0.04,11.95,-0.2,1.5604549721491079,0.9619398026869079,-0.07559697129764503,0.0235548467337528,-2.0411154850487656,123.78837199400812,0.0,-0.01555494305690959,11.980450533278487,0.0,215.524,-0.03563137740990346,0.6407289898502325,-4.965961020963647,1.5428080681309464,-0.021459393272576347,0.5227409432895547,-4.851178249175968,0.0850003800506196,-1.8805047748389399,0.2,1.5583831961534877,-2.0642484305528135,124.1636129433393,0.0,-0.006600524027241736,9.999997616163864,0.0,1.5714563792591116,36.0,0.05144129801591683,0.04637073618268465,0.0552493647724969,0.17778758895984936,0.2538553897316387,0.038551447334028065,0.12764975341737597,0.12168060394647466,-36.67204876070177,0.08108056328174151
215.7,-2.0269097297772305,124.23951163824216,5.059,0.05,11.85,-0.22,1.5614589527857043,0.0,0.0,0.0,-2.0401998210466847,124.74369096166285,0.0,-0.022166987407512113,11.90393917093431,0.0,215.623,-0.0482470621072289,0.40960264181895006,-4.967840865324625,1.5560946479429636,-0.021466187247523846,0.30154922026760234,-4.850336155864584,0.09967602115460478,-1.872185503193732,0.22,1.5568405372341483,-2.0647764724858533,124.96361276907143,0.0,-0.006600524027727076,9.999997616162442,0.0,1.5714563792591603,37.0,0.050141110421268516,0.04602669961926922,0.054831710188927255,0.1773829449127858,0.25370027203049533,0.03813914551983931,0.12717442639872614,0.12109557079947102,-36.767015806964686,0.08090625254945216
215.8,-2.0359992829763343,125.40456961106364,5.083,0.05,11.68,-0.23,1.5602393057805042,0.6196161898301259,0.010639718609925776,-0.01075000824600382,-2.0384403069900663,125.92578331133144,0.0,-0.007519539961609684,11.743269934497835,0.0,215.722,-0.05389497261839038,0.19955821610647306,-4.9489133278985316,1.555076809849053,-0.03562262099508161,0.07397592593419,-4.8488953195826525,0.040776582090221156,-1.7577797874408905,0.23,1.5616477645195113,-2.0654365249021405,125.96361255123664,0.0,-0.006600524027380686,9.999997616162442,0.0,1.5714563792591256,38.0,0.04973561931298509,0.045705631539042224,0.05450059884839027,0.17688879451326664,0.253455695774876,0.037960623778527526,0.12692028313988277,0.1206121544327081,-36.81263227132029,0.08065143411387143
215.9,-2.026910268247107,126.5585316135583,5.106,0.05,11.46,-0.2,1.5600911817189793,0.0,0.0,0.0,-2.035841542676162,127.08862499865774,0.0,-0.004379663030757732,11.528112222665074,0.0,215.821,-0.05100546000454875,-0.007156681590618063,-4.98060286802551,1.5462878559442383,-0.043199673185592515,-0.15958347652189345,-4.8501671267195,0.028206885651681654,-1.722755237238184,0.21,1.5628139576216686,-2.06609657731847,126.9636123334018,0.0,-0.006600524028106773,9.999997616162444,0.0,1.5714563792591982,39.0,0.052872325152024335,0.04660083511785173,0.05420843429522303,0.17847651779244192,0.25419353241718357,0.039356207104133366,0.12802277363779585,0.12231263588298144,-36.6442706894294,0.08153041237924018
216.0,-2.0269105291660168,127.69030204981895,5.125,0.05,11.2,-0.16,1.561253615715776,0.0,0.0,0.0,-2.0324987917435804,128.2278443943284,0.0,-0.017416037454610674,11.276250194206083,0.0,215.92,-0.0535758163737314,-0.17271122265987243,-4.9552947356594315,1.5657810215176262,-0.043701584156968384,-0.354549087608719,-4.852844904230613,0.02951634964522308,-1.5471580870019288,0.17,1.5626182058689067,-2.0667566297348707,127.96361211556696,0.0,-0.0066005240288062135,9.999997616162444,0.0,1.5714563792592682,40.0,0.05289180156742065,0.046227038048421085,0.05381352719384279,0.1779615220364616,0.2539170404912424,0.0392146180637721,0.12785426213448403,0.12185904282202614,-36.67073878089148,0.08124276387025908
216.1,-2.026910785532486,128.79988092279785,5.14,0.05,10.92,-0.12,1.5620438000794987,0.0,0.0,0.0,-2.0287073117126315,129.34036404982714,0.0,-0.02600045208068095,10.998862430046533,0.0,216.019,-0.05846434071331797,-0.32375799622191753,-5.014390184941997,1.5633227079838488,-0.04889288366001277,-0.49106504369924636,-4.858601733129577,0.021861264019583465,-1.2655088440170346,0.13,1.5634067415873856,-2.067416682151316,128.96361189773194,0.0,-0.006600524028495351,9.999997616162444,0.0,1.571456379259237,41.0,0.05235648344973647,0.04552290700896345,0.053330795553269424,0.1770139045927405,0.2534546070885542,0.03883534001662182,0.127552145993488,0.12100860403144584,-36.74548213498216,0.08072856079906085
216.2,-2.0269110309938725,129.8761722420373,5.151,0.05,10.64,-0.06,1.5628536027532558,-0.13351605150208254,-0.02764172225347116,-0.0026771730841908398,-2.0239439069413696,130.63813167237262,0.0,-0.03534738720297679,10.659975242401982,0.0,216.151,-0.06739089209366436,-0.6071161000940467,-5.013546248283705,1.5554875093821705,-0.057950339414518645,-0.6185752338038369,-4.8867269529771775,0.033520410838317305,-0.9641255244510099,0.06,1.5621647207503824,-2.068208745050925,130.1636116363301,0.0,-0.006600524026679025,9.999997616162444,0.0,1.5714563792590555,49.0,0.051692460913349114,0.04434668877015064,0.05268282629044574,0.17551750471377037,0.25277165118287637,0.03827517161774369,0.12714571584566148,0.11974514342904358,-36.85926215899384,0.07994266286553561
216.303,-2.017821980567625,130.93027178956814,5.157,0.04,10.37,0.0,1.563298447584037,-0.2943565071587654,-0.019188604497994505,-0.006246062983859297,-2.0200569414864655,131.68941697955847,0.0,-0.03757836301148631,10.395169873362184,0.0,216.217,-0.07482825473145709,-0.5368943881526862,-5.047869226407357,1.5551124068735,-0.06032806260895664,-0.6614223626482597,-4.900023666995246,0.03754285791654497,-0.6067622125139014,-0.0,1.5628541636331952,-2.068868797467083,131.16361141849526,0.0,-0.006600524024678403,9.999997616162442,0.0,1.5714563792588554,43.0,0.053240533929250516,0.04585142385546687,0.05292123572895893,0.1774143706193911,0.253516955850054,0.03918248712038735,0.1277847070697523,0.12134846917732,-36.710838251455705,0.08088771315785592
216.401,-2.0178222093800215,131.9510839790369,5.155,0.03,10.14,0.06,1.5634073936988155,0.0,0.0,0.0,-2.0164413695869237,132.7157489599863,0.0,-0.03805100735371259,10.159572112309707,0.0,216.316,-0.07625669817601151,-0.6063474965917682,-5.07080801207983,1.5714095971115445,-0.07970654904900935,-0.6330384535830446,-4.937694672881504,-0.0570398268441248,-0.26017147569644017,-0.04,1.5725123493905033,-2.0695288498830307,132.16361120066077,0.0,-0.006600524022834744,9.999997616168129,0.0,1.5714563792586707,44.0,0.049200188091758336,0.04351127622998687,0.0524823030756946,0.17397609429266792,0.2519485749895383,0.03731141666446574,0.1263904677954587,0.11818073979121024,-37.03144703514928,0.07907093637126686
216.5,-2.0178224323991145,132.9608001734752,5.147,0.02,9.94,0.12,1.5654400098745267,-0.47949853865662034,-0.06258152429786654,0.027956561420186328,-2.0138991984943257,133.5211532382357,0.0,-0.055083137214637194,9.998594041563106,0.0,216.415,-0.07593914338557468,-0.611371134211549,-5.067423639276583,1.5759650159984586,-0.07453226481048877,-0.6030778345922366,-4.965810421396254,0.02544769083191745,0.08943368249585149,-0.12,1.5662649263986077,-2.07005689181567,132.96361102639403,0.0,-0.006600524021574718,9.999997616176655,0.0,1.571456379258544,45.0,0.04943451968174811,0.043525412758321134,0.052409223638246155,0.17412740691440715,0.25202692831609136,0.03740423543877114,0.12652095038605915,0.1183295141648415,-37.034316448612216,0.07916018505990431
216.6,-2.0178226510410866,133.9483247942376,5.133,0.01,9.78,0.16,1.566978362216849,-0.4603774098204196,0.007771722589545904,0.0022889739991164533,-2.011415336576722,134.51173675970614,0.0,-0.07111461023157102,9.83496689628894,0.0,216.514,-0.08888431402849006,-0.613856339736743,-5.041880264309701,1.5468828874531766,-0.07760456282029071,-0.5703873084786368,-4.998887067937728,0.058345670473026544,0.3006377285111981,-0.16,1.5640165351658564,-2.0707169442312865,133.96361080856062,0.0,-0.0066005240191544315,9.999997616176655,0.0,1.571456379258302,38.0,0.04963703023780304,0.0438387452438402,0.052477947675579964,0.1745646949153511,0.2521981678539867,0.03755114344312152,0.12663951197781514,0.11866400829528612,-37.004166956383614,0.07936990333361957
216.7,-2.0178228633470994,134.92475341354339,5.115,0.0,9.67,0.19,1.5664007575858874,-0.37674649103849445,0.021562993039974446,-0.006993350898488623,-2.009695073266194,135.68217456225517,0.0,-0.06318816673399832,9.691645238307794,0.0,216.613,-0.10492940681936105,-0.5597527528308291,-5.0324626627511755,1.570641234156438,-0.08753635314031173,-0.522187324046862,-5.022353756782563,0.045750704561062026,0.45917296317369605,-0.19,1.5662796309487574,-2.0713769966467033,134.9636105907272,0.0,-0.006600524017575694,9.999997616176657,0.0,1.5714563792581442,27.0,0.048589454921652446,0.042162307642871835,0.05174059708246708,0.1725450118330129,0.25132567631883096,0.03655647522652525,0.12594821808207243,0.11695139090641485,-37.178280130522054,0.078347403079273
216.804,-2.0178230734585725,135.8900862406424,5.097,0.0,9.59,0.2,1.5662516686741752,-0.31030251224960587,0.003534818753182402,0.0010775135248954496,-2.009300006904547,136.64662380618452,0.0,-0.06236516496192045,9.609394716710302,0.0,216.778,-0.09705132827638797,-0.46103333826828485,-5.008758297874793,1.536504843725477,-0.08280017258211902,-0.44817520978347836,-5.048349001805104,0.1332628126194964,0.6101286781864061,-0.2,1.5577322532508031,-2.072169059545017,136.1636103293271,0.0,-0.00660052401641218,9.999997616176655,0.0,1.5714563792580278,26.0,0.05135729095342737,0.043500833201219884,0.05162650198033558,0.17463016493828412,0.25225310847014304,0.03769686171879433,0.1268575980511536,0.11883641833597697,-36.99245177139817,0.07942356721399109
216.9,-2.017823283766205,136.8554190599276,5.079,-0.01,9.53,0.19,1.5652283249099295,-0.29614957147409393,0.03221346435513982,-0.03160578337903256,-2.009756390298844,137.6044545295016,0.0,-0.04752373740426282,9.556260150903759,0.0,216.811,-0.0952066772011064,-0.4590356028590844,-4.951212262985301,1.5601851365221808,-0.07704012628753568,-0.3905473665999078,-5.0585150416960065,0.12582416401188173,0.6870549396949528,-0.19,1.559460457168761,-2.07282911196018,137.16361011149368,0.0,-0.00660052401556397,9.999997616176655,0.0,1.571456379257943,50.0,0.051382728167210914,0.04457868458041384,0.052134384175502556,0.175616737425089,0.2525554935798313,0.038004354906592985,0.12694561479353825,0.11953047379454496,-36.9281205581988,0.07985955359054125
217.0,-2.0178234941888107,137.80965630510124,5.064,-0.01,9.51,0.18,1.563262569778834,-0.24273897306288453,0.02565590125155293,-0.011705017964544236,-2.0105872310654544,138.36782790873167,0.0,-0.03305295711428818,9.533104657225678,0.0,216.91,-0.09811957127177555,-0.44199174180796075,-5.122779674795677,1.5239915615329913,-0.06414579695869058,-0.3446621270812073,-5.074087400163725,0.2265824492180659,0.6786788421665868,-0.18,1.5495423605791339,-2.0733571538922795,137.96360993722695,0.0,-0.006600524015677213,9.999997616176655,0.0,1.5714563792579543,50.0,0.05168504986775,0.04445265272670775,0.052169636947918444,0.175341088059286,0.2524227623999286,0.03801954229243148,0.12696933289950071,0.11939749896604601,-36.91763454722017,0.07971179503260648
217.1,-2.017823705219655,138.7638935453624,5.05,-0.01,9.5,0.16,1.560443315715764,0.0,0.0,0.0,-2.011866819301241,139.32049848597313,0.0,-0.007962169428457162,9.524277651871751,0.0,217.075,-0.10364374798229567,-0.3016324556222441,-5.018921699926929,1.5567542556106337,-0.07849264580138211,-0.276238830464859,-5.0635759332442944,0.1665170668306542,0.7087601140576982,-0.16,1.5554658847808795,-2.074149216790488,139.16360967582685,0.0,-0.006600524016922882,9.999997616176655,0.0,1.571456379258079,25.0,0.0519495550045926,0.04423042358147107,0.05213308221728853,0.17504477734251805,0.2523030056362671,0.03798796817263149,0.12695007218521706,0.11922983217854874,-36.91778905376007,0.07956659354496784
217.2,-2.0178239129620863,139.71813056064946,5.037,-0.01,9.51,0.13,1.5576048512619476,-0.14497328609646012,0.000569295846190978,-0.011023218452582131,-2.0131023556441603,140.463890647771,0.0,0.022002397440696483,9.534436231176615,0.0,217.108,-0.10520816388452571,-0.2939076497987013,-5.000187117768763,1.5384631351738554,-0.06808463321609058,-0.2140957345950788,-5.071784710498754,0.19336030558360015,0.7028960329328751,-0.13,1.5528444542397881,-2.0746772587227134,139.96360950156011,0.0,-0.006600524017482435,9.999997616176655,0.0,1.5714563792581349,52.0,0.050903202969680345,0.04372516744460413,0.051936605655320024,0.1744576226984064,0.25206891743158344,0.03765481579821162,0.12674227477017916,0.11865612796705415,-36.94035378954566,0.07924075533149366
217.3,-2.0178241239323356,140.6723677905128,5.025,0.0,9.54,0.11,1.5568535114314894,-0.11253291135524619,0.01388292311527057,-0.01023163155692797,-2.0134888606109964,141.41847856796124,0.0,0.02993432763399382,9.556689388597846,0.0,217.273,-0.09836748322228812,-0.20868135095191337,-4.938569036384221,1.5586260500076619,-0.08386855508505371,-0.16939210516600153,-5.0474974514235456,0.08309200571406629,0.6377566753858606,-0.11,1.5626324295481615,-2.0754693216211186,141.16360924016,0.0,-0.006600524018532707,9.999997616176657,0.0,1.5714563792582399,27.0,0.05115800657337606,0.043759586117810965,0.05182635877271782,0.17473426501870043,0.2521136777238415,0.03773862665676489,0.126814767756123,0.11881757360744671,-36.97352691338106,0.0793335207675991
217.4,-2.0178243345560887,141.6266050163894,5.013,0.0,9.57,0.1,1.5574862287056186,-0.05353518818102548,-0.045873702965068805,0.029338940372670104,-2.013361702876381,142.18408790866016,0.0,0.023562448175087847,9.581206926456186,0.0,217.306,-0.08753096872104794,-0.19420404170975106,-4.961012364498379,1.5807408698225531,-0.0858589898009428,-0.11855674921452618,-5.049226913811339,0.009850753115992657,0.5984630734536829,-0.1,1.5698275717369066,-2.0759973635535003,141.96360906589328,0.0,-0.006600524020084798,9.999997616176655,0.0,1.571456379258395,54.0,0.05142180940242138,0.04387428849365611,0.05188504637827549,0.17477576928472288,0.2521182008900919,0.03775716979149399,0.12690291846517607,0.11890132504548556,-36.96012676803549,0.07935041942205362
217.5,-2.017824547921748,142.59193802257994,5.001,0.0,9.6,0.08,1.561084050745938,-0.030991980528110284,-0.06651282081427518,0.047141807671250396,-2.0129367863130856,143.14414773329705,0.0,-0.010601398207421078,9.617014083876942,0.0,217.405,-0.08249342233822489,-0.13063132946990963,-4.901884860196653,1.5429192989264238,-0.07191270010393527,-0.06689583432759227,-5.025197653932068,0.09582448681623396,0.5685974497180926,-0.08,1.5613730360294515,-2.0766574159691453,142.96360884805986,0.0,-0.006600524021818967,9.999997616176655,0.0,1.5714563792585685,55.0,0.05139289759695202,0.04344358457377953,0.051725268702853225,0.1741933046834911,0.2519159071710556,0.03763593241534328,0.12685811517170661,0.11851845486247403,-36.9889419738254,0.07908913274632778
217.6,-2.0178247585624476,143.54617523783747,4.99,0.0,9.65,0.06,1.5628372561794261,-0.03203212527957237,0.007949989997487064,-0.005407814729737722,-2.0127306893826065,144.1079985154376,0.0,-0.030210180775953388,9.656394369165692,0.0,217.537,-0.09349245171741315,-0.08881857473442381,-4.849134480729496,1.5523507670293943,-0.08013714285798074,-0.03681306122721603,-5.006041387454067,0.061049038003299444,0.47857031916972126,-0.06,1.5647689905767825,-2.0773174683849636,143.96360863022642,0.0,-0.0066005240234110266,9.999997616176655,0.0,1.5714563792587277,23.0,0.04703841122667079,0.04133773092153473,0.05129559872917369,0.1709597837173601,0.25047074978064765,0.03553654986889548,0.12515524315069926,0.11544218398651651,-37.314401884838105,0.0774381181445358
217.7,-2.017824974943707,144.52260401934507,4.982,0.0,9.69,0.04,1.5631226092253365,0.00641998006464023,-0.01637004111281055,0.0088936175007561,-2.0130154248613676,145.07591293380278,0.0,-0.032782759835548896,9.697757151406423,0.0,217.636,-0.0922783904930308,-0.04177761806767051,-4.948410167004599,1.5480519169848337,-0.07342083230540733,-0.0016363031427518609,-4.994696520612521,0.13372441601709423,0.4242924467079803,-0.04,1.5575757653268834,-2.0779775208009412,144.963608412393,0.0,-0.006600524025489364,9.999997616176653,0.0,1.5714563792589356,25.0,0.04647336483398442,0.04086202939275811,0.0510045098898927,0.1704633334283444,0.25032260328911077,0.035399191210262734,0.12507690103443103,0.11504742678585345,-37.37910804454304,0.0772375703846549
217.8,-2.0269144903143967,145.48793700971132,4.976,-0.01,9.73,0.03,1.5624834858488776,0.01326218636562116,0.030089057354466223,-0.020773043417316957,-2.0138175399344775,146.04797121286455,0.0,-0.028848165917096064,9.738949299811502,0.0,217.702,-0.09651675311327673,-0.006585133469542367,-4.846974978229282,1.5552402255009428,-0.07356588465136943,0.034288810695761326,-4.972661853393385,0.13780999314806963,0.38260451911038196,-0.03,1.558158317639003,-2.0786375732170743,145.96360819455955,0.0,-0.006600524025642576,9.999997616176655,0.0,1.5714563792589509,58.0,0.049920932018127195,0.04261790435058054,0.051044711561966105,0.1732714442456604,0.25165549501469714,0.037171190310208324,0.12649544035848842,0.11765022318587294,-37.124932284971926,0.07872283734183391
217.9,-2.026914710286917,146.4643660116946,4.972,-0.01,9.77,0.01,1.5610346887868383,0.006315132913797759,0.01687814430257838,-0.011981702311867909,-2.015022573436849,147.0240866486656,0.0,-0.014820529519268932,9.779090841221546,0.0,217.834,-0.09357159834413366,0.015766366999248136,-4.8018721564942295,1.5580301577513382,-0.0814975307294748,0.04874483622174391,-4.944759032914593,0.0769648783051448,0.302392239439051,-0.01,1.5641480658745015,-2.079297625633168,146.96360797672614,0.0,-0.006600524024543454,9.999997616176653,0.0,1.571456379258841,26.0,0.04659217799113822,0.04098856005784735,0.050832195556291176,0.1705562742108069,0.2503495973117532,0.03538531966913547,0.1249473645401244,0.11506313351108528,-37.37546185727863,0.07728618703785337
218.0,-2.0269149277462475,147.44079478079541,4.968,-0.01,9.81,0.0,1.5614612578090767,0.0,0.0,0.0,-2.016817343728331,148.20059237649724,0.0,-0.021338396224724835,9.825001264782452,0.0,217.933,-0.09250489500932872,0.01835203280476473,-4.843727457418984,1.5400190980887878,-0.07816688263852442,0.05330020792316079,-4.932894998541103,0.10533565088241525,0.22273311379189842,-0.0,1.5612846721666362,149.78399999982798,9.223657391306074e-09,0.0,9.999999999999432,6.781774451924231e-10,0.0,6.781774451924617e-11,27.0,0.04596395365034882,0.04060533036063248,0.05073399794232086,0.1700404783997422,0.2501260078321808,0.03520880804249427,0.12482315893395106,0.11463268169457994,-37.42716189688643,0.07703353749458104
218.1,-2.026915147401162,148.4172237777713,4.966,-0.01,9.84,0.0,1.5620452296596505,0.05222920560068734,-0.004044989809040818,-0.0029474098076965934,-2.018267603785909,148.98786171949413,0.0,-0.02558169724733414,9.852853415369898,0.0,218.032,-0.09286101034427574,0.03869223192340183,-4.890812342339084,1.5623955518323076,-0.07974087328992091,0.06481550894229017,-4.925533195531662,0.07360309241089101,0.16395841160634284,-0.0,1.5644386198916111,-2.0806177304652005,148.9636075410593,0.0,-0.006600524024301425,9.999997616176653,0.0,1.5714563792588168,28.0,0.046195397913199036,0.040932389393984234,0.05069957072915007,0.1705741452464566,0.25037754877348267,0.03545453151811041,0.12503337487395574,0.11505474635589644,-37.39785118975646,0.07731361272602508
218.2,-2.02691536945121,149.4047485594286,4.965,-0.02,9.87,-0.01,1.5625965223324039,0.05193788290328294,-0.014289258997343119,0.012043889380890892,-2.0204681176739063,149.9748636815329,0.0,-0.031106787902829076,9.883261590650479,0.0,218.131,-0.08188235710098207,0.0586240164832272,-4.9025317291734245,1.559711462513189,-0.07231137030100118,0.07737822788931983,-4.921407681438261,0.11546921446148677,0.12720898590040264,0.01,1.5612470303200094,-2.0812777828811813,149.9636073232259,0.0,-0.0066005240240283106,9.999997616176653,0.0,1.5714563792587894,29.0,0.04634353584306711,0.04106271178985089,0.05070844791088192,0.1707298418218675,0.2504322167239878,0.03554210873980088,0.12508239244630232,0.11517903675907752,-37.38390016452666,0.07738617163098443
218.3,-2.0269155917749444,150.39227333798763,4.965,-0.02,9.9,-0.01,1.5627942253511886,0.03604786634777674,0.013602521793030493,-0.004815288873235936,-2.023152845551053,150.96464001453228,0.0,-0.03423283384808618,9.908916180840704,0.0,218.23,-0.09307560387342245,0.07965907208746792,-4.947920630439238,1.5793522050006819,-0.08578004498478212,0.08776726473113808,-4.923425942835522,-0.004846732157517686,0.09519107204156363,0.01,1.5732821903264829,-2.081937835297163,150.9636071053924,0.0,-0.006600524024634492,9.999997616176653,0.0,1.57145637925885,30.0,0.05051254124660767,0.0440138852010487,0.05262617882991576,0.17353915360331063,0.2514258499505292,0.03694118203407221,0.1257932656416276,0.11777764607947859,-36.9474392385453,0.07866322712008986
218.4,-2.0360051296646304,151.41308546578801,4.967,-0.03,9.92,-0.02,1.5646415600229542,0.02472091074586999,-0.05093230992942811,0.04200152034051882,-2.0263734416703683,151.9567601505072,0.0,-0.04990248482005559,9.93071470205285,0.0,218.329,-0.08333277045666466,0.09303702471586454,-4.922984325145613,1.563428260140168,-0.07479546779373022,0.09650621200748973,-4.918040827607639,0.0724574503263635,0.07442296465469589,0.02,1.5665482381281624,-2.0825978877131783,151.963606887559,0.0,-0.006600524024785483,9.999997616176653,0.0,1.5714563792588652,31.0,0.04707592653392174,0.04135040737676064,0.051956985872823165,0.17061330348252923,0.2503288473426542,0.0357538185253541,0.12517172141763958,0.11534525394916262,-37.26785131666955,0.07729478603699
218.5,-2.036005355734666,152.4006104810892,4.97,-0.03,9.94,-0.02,1.5664605606023707,0.0,0.0,0.0,-2.030313000033166,152.95091827696282,0.0,-0.07165606919028995,9.949950814584682,0.0,218.428,-0.08228422712920445,0.08668766490877226,-4.838606119787833,1.5618497911669842,-0.0766212097273952,0.09643264000148188,-4.907470844594496,0.038716862147245186,0.04784059120030193,0.02,1.5699227049074795,-2.083257940129236,152.96360666972558,0.0,-0.006600524024683342,9.999997616176653,0.0,1.571456379258855,32.0,0.04634891980693775,0.04095745722587113,0.05143694996056832,0.17061843360507134,0.2504188883127607,0.03548937822753629,0.12506702616431897,0.11519302200113567,-37.35095914279795,0.07735196958290902
218.6,-2.045094894506562,153.3992310394333,4.972,-0.04,9.95,-0.01,1.5673919995923082,0.0,0.0,0.0,-2.0351227489085026,153.9469032352333,0.0,-0.0803890421681974,9.96737603760523,0.0,218.527,-0.07629537802365985,0.08530751661120266,-4.849910953514685,1.556558265593557,-0.06233561310095283,0.09540411199255404,-4.899208625433792,0.13214857971373525,0.014952114610951028,0.01,1.561549322676181,-2.0839179925453046,153.96360645189216,0.0,-0.006600524024816569,9.999997616176653,0.0,1.5714563792588683,33.0,0.04613931313925589,0.040853265236923224,0.05109709587821655,0.17066192879160483,0.2504362046156214,0.03542847069121273,0.12503254740983935,0.11514083967312838,-37.383472426596526,0.07737486818992695
218.7,-2.045095119279601,154.38675581354588,4.973,-0.05,9.97,-0.01,1.566944892113332,0.0,0.0,0.0,-2.0407833980638506,154.94453938234304,0.0,-0.07966693955048922,9.983136821055515,0.0,218.626,-0.08179965913186213,0.10692582985753203,-4.88849536029273,1.548792177962631,-0.055610815201417155,0.10126014767257191,-4.8923648437459875,0.1668260519767556,0.004525411614917374,0.01,1.5590844201648562,-2.0845780449613156,154.96360623405872,0.0,-0.006600524025185163,9.999997616176653,0.0,1.5714563792589051,34.0,0.04650196007197562,0.04086796725262838,0.05096581056867457,0.1706892293816265,0.250416777719723,0.035579280854651986,0.1251245704095062,0.11519555582153987,-37.37166985108823,0.07737163148968546
218.8,-2.0541846556246597,155.37428058566354,4.973,-0.05,9.98,-0.01,1.5647494425673525,0.0,0.0,0.0,-2.047056515672471,155.94364001559063,0.0,-0.05835174866177926,9.997097362266004,0.0,218.725,-0.0756379070445061,0.0996420392453993,-4.9289109453171305,1.541294492377092,-0.048885272623344196,0.10496778559681559,-4.892517038070073,0.2034250618594194,-0.002052824794731123,0.01,1.555421122933917,-2.0852380973773768,155.9636060162253,0.0,-0.0066005240246500355,9.999997616176653,0.0,1.5714563792588516,35.0,0.04788404498987349,0.041671519477928916,0.05105124334292771,0.1716328839667784,0.2507710592713514,0.036099721419056575,0.1254396267524862,0.11601788762021628,-37.26125525659718,0.07781183140527134
218.9,-2.0632741976819418,156.37290113825344,4.973,-0.05,9.99,0.0,1.562369288006101,0.0,0.0,0.0,-2.0535077349797364,156.94403640265165,0.0,-0.03519119970207402,10.009555927548158,0.0,218.824,-0.06663043434669574,0.08699485702915978,-4.876508257252951,1.5475801294739904,-0.03538774778775211,0.09221644485951873,-4.885433909737218,0.23715832965641576,-0.04094018083705997,-0.0,1.5519868854367938,-2.0858981497933877,156.96360579839185,0.0,-0.006600524023852895,9.999997616176653,0.0,1.571456379258772,36.0,0.04761988530135925,0.041567514361701946,0.051075366148941995,0.17126118069954463,0.25054832098328117,0.035935418316395684,0.12526134478410705,0.11569081670241406,-37.27618749369372,0.07758950695140097
219.0,-2.0632744239982017,157.36042590888513,4.974,-0.05,10.0,0.0,1.5596241467308738,0.0,0.0,0.0,-2.0596556436512174,157.94559977815123,0.0,-0.008333190101100958,10.020501961771199,0.0,218.923,-0.056589780986611826,0.10009331095392482,-4.847030393242853,1.5222470597059892,-0.01694152567028843,0.09167270409091675,-4.88841108431523,0.31481930412766723,-0.04652516956067032,-0.0,1.5441968879244292,-2.086558202209388,157.96360558055844,0.0,-0.006600524024816569,9.999997616176653,0.0,1.5714563792588683,37.0,0.04805105463033855,0.04183006241614451,0.05114003972292729,0.17156701649710024,0.25067751739410465,0.03617503062838932,0.12545232476951498,0.11599533914331757,-37.237980020191735,0.07774122673382088
219.101,-2.072363967480051,158.3590464598905,4.975,-0.03,10.01,0.0,1.5559200095620496,0.02263475197517599,0.07523242999470943,-0.04971011817868471,-2.065866594958024,159.14876701867038,0.0,0.03592715997150782,10.0306486537714,0.0,219.055,-0.05249068953786432,0.11071622650846775,-4.958620405998597,1.5409852707192124,-0.027401539022771763,0.10516344477232611,-4.894815993673477,0.2346595114090059,-0.01968402891675325,-0.0,1.5503134021752605,-2.087350265108636,159.16360531915834,0.0,-0.006600524024736633,9.999997616176653,0.0,1.5714563792588603,46.0,0.04865337299092781,0.04205321861933678,0.051268823223863634,0.17181938764408294,0.2507831346769424,0.036413467593520474,0.12562249258712932,0.11628515000916866,-37.19303292192457,0.07786546536462538
219.2,-2.0723641979380716,159.35766701132,4.976,-0.02,10.01,0.0,1.5532860207047796,-0.010482391193704178,0.008656333573353832,-0.008246692510674045,-2.0688492930906452,159.9515059623169,0.0,0.05619622802679496,10.036281500548997,0.0,219.121,-0.053393869531402974,0.09442666078933919,-4.921261651339633,1.5732356846842808,-0.0326882795333029,0.09730628938907954,-4.897673337585413,0.09613915938912641,-0.03205038989587372,-0.0,1.5631657328753152,-2.087878307041453,159.96360514489157,0.0,-0.00660052402437248,9.999997616176653,0.0,1.5714563792588239,40.0,0.048059140639512665,0.04196291256540747,0.051261177205424925,0.1716303377611537,0.2506923533333142,0.036084292212767065,0.12536710980774132,0.11602089254431205,-37.22731670178712,0.07776582089664189
219.305,-2.072364425075378,160.34519177607456,4.977,0.0,10.02,0.0,1.5550459651884176,-0.0034571467766625692,-0.07086736724007993,0.04179786572474424,-2.071358200722198,161.1564851970623,0.0,0.033870296828182996,10.04546971041468,0.0,219.286,-0.043921674842558676,0.08026447637499017,-4.86931383162506,1.5562741022923676,-0.037081012177911155,0.08395840724652444,-4.899962659108427,0.051586028632834104,-0.06489992291892932,-0.0,1.5656145037579157,-2.088670369940636,161.16360488349147,0.0,-0.006600524024436873,9.999997616176653,0.0,1.5714563792588303,19.0,0.053146314094796386,0.04450739974484162,0.051709130628461185,0.1755286888818289,0.2524965118550993,0.038716751099049575,0.1274937794143067,0.11979773324883697,-36.83177422686547,0.0798031789445238
219.4,-2.0723646549587684,161.34381232560855,4.975,0.0,10.02,0.0,1.55871543666837,0.0,0.0,0.0,-2.0720272896779184,161.96039701376944,0.0,0.004121586154133265,10.051392720397772,0.0,219.319,-0.039236855767412586,0.09282935104636088,-4.914572035720195,1.5602723654093416,-0.031403095972680976,0.08140191916279861,-4.901434480578558,0.05941822489418695,-0.05886982349447756,-0.0,1.5648313891693462,-2.0891984118734395,161.96360470922474,0.0,-0.0066005240247499555,9.999997616176653,0.0,1.5714563792588616,41.0,0.04862743098879687,0.04201825841171388,0.051339198217472466,0.17199923599167982,0.2508942542441493,0.036602000154816954,0.12587250387184792,0.11648113199888768,-37.18421844045996,0.07796216009526771
219.501,-2.07236488494857,162.34243287238175,4.972,0.0,10.03,0.0,1.5612169374388196,0.01394677301285151,-0.024392911440294644,0.018200879109514134,-2.0722669147066437,163.16704490297874,0.0,-0.026296399710037263,10.058374423299462,0.0,219.418,-0.042776059863761796,0.08745613881033054,-4.935364320810569,1.5422915290553187,-0.020518263270160944,0.08202011922690279,-4.900052589670404,0.12361639296169906,-0.05671726714226466,-0.0,1.55840220677815,-2.0899904747726312,163.16360444782464,0.0,-0.006600524023797384,9.999997616176653,0.0,1.5714563792587664,42.0,0.051920824571016905,0.04401376693735639,0.05147204432838426,0.17498166655402825,0.2522517275194598,0.0381125336542542,0.12710052613528405,0.11913898168348301,-36.9371749705306,0.07951747543918224
219.6,-2.072365114967262,163.3410534169951,4.97,0.01,10.03,0.01,1.5614081472766141,0.0,0.0,0.0,-2.0721557142452487,163.97189124892842,0.0,-0.027848476201143214,10.062073754919735,0.0,219.517,-0.05115626069730867,0.06279929356864586,-4.902094385307157,1.559421149391014,-0.03704586738907295,0.06833924900246577,-4.9041845253495655,0.021230695220371208,-0.0759466456832456,-0.01,1.5676588518755912,-2.090518516705397,163.96360427355788,0.0,-0.006600524023670819,9.999997616176655,0.0,1.5714563792587537,43.0,0.051794160057855546,0.044022869329713395,0.05145087733790216,0.17484049448547362,0.25216211199260696,0.038007962918951844,0.12697823132407807,0.11899084653089614,-36.94415115299565,0.07943067614844498
219.7,-2.072365341868988,164.33967370164837,4.969,0.01,10.03,0.01,1.5622746404868106,0.0,0.0,0.0,-2.0718030303562873,164.97831193700117,0.0,-0.03396128489807605,10.065571088506708,0.0,219.616,-0.04130997679986507,0.059366713151529166,-4.873612334049156,1.5476430095057192,-0.02441366195816003,0.051814590103029766,-4.897124341133656,0.13021632280238657,-0.09786820065249024,-0.01,1.5566798197241245,-2.0911785691213347,164.96360405572446,0.0,-0.006600524023359956,9.999997616176655,0.0,1.5714563792587226,44.0,0.04879473231200541,0.042285969119198664,0.05121197966780092,0.17234984110092885,0.251085292399538,0.036773160596888954,0.12607080988908548,0.11678610218049677,-37.16964320679425,0.07816714864211123
219.8,-2.0723655717904137,165.3382942431439,4.969,0.01,10.03,0.0,1.5625256533410887,0.0,0.0,0.0,-2.071307584117285,165.98499124107406,0.0,-0.041816424021425797,10.067131068848733,0.0,219.715,-0.050365892996216834,0.05974150023607647,-4.8508614725518715,1.564431207837796,-0.02560063572574251,0.0472963844800701,-4.901424588492995,0.12562756362944547,-0.08977563775969877,-0.01,1.5571528572763071,-2.091838621537265,165.96360383789104,0.0,-0.006600524024312528,9.999997616176653,0.0,1.5714563792588179,45.0,0.04823729694575,0.04204956302385621,0.05101502874457019,0.1722093584837807,0.2510822657674542,0.0366071252162777,0.1259950826914363,0.11661074553627494,-37.2182897003654,0.07813273654151603
219.902,-2.072365801895785,166.33691478279667,4.968,0.01,10.03,0.0,1.5606950941171984,0.02274584204335677,0.011262177018369962,-0.014570852337896402,-2.0704862033804674,167.19300038663445,0.0,-0.020161321384204702,10.065617851664394,0.0,219.88,-0.04829550585084187,0.030164962054093962,-4.85316901150282,1.5204816862273036,-0.026514928308844932,0.03369579487496527,-4.901258555542444,0.21757359297479786,-0.10564636173751651,-0.0,1.5478695220813157,-2.0926306844364633,167.1636035764909,0.0,-0.0066005240243214094,9.999997616176653,0.0,1.5714563792588188,22.0,0.048756960052201447,0.04236581336202135,0.0509838385702612,0.17272969573584646,0.2513322566752544,0.036850791262536875,0.12618088388341742,0.11705450239946562,-37.17857833346439,0.07841017579457306
220.0,-2.0723660318749992,167.33553531997248,4.967,0.02,10.03,0.0,1.558195186839674,0.0,0.0,0.0,-2.069341896956993,168.19936150295962,0.0,0.007930644551113338,10.06157845628662,0.0,219.913,-0.055639081956544593,0.04934614225972879,-4.845104603748232,1.5390525076919783,-0.015542953892057879,0.030241497594142987,-4.895563017217254,0.21956092897041943,-0.0935662025573798,-0.0,1.5466916495779832,169.78399999981704,1.0579670952296738e-08,0.0,10.000000000015064,6.786753728289148e-10,0.0,6.786753728278924e-11,47.0,0.04951717223573012,0.042738721670501544,0.050980274994654094,0.17328035862177119,0.2515676665446766,0.037156857124356596,0.12638333885415667,0.11754329102088977,-37.129501647032825,0.07868947908715737
220.1,-2.0723662619606316,168.33415585552672,4.966,0.03,10.02,0.01,1.5545866964992623,0.015221366807449017,0.033170166465741294,-0.031577493533563455,-2.0678771784512677,169.00408014534926,0.0,0.036371492774106284,10.056678896252475,0.0,220.012,-0.05613087575200307,0.0360441700656939,-4.8620482602657535,1.5584350837600869,-0.02547482396567002,0.027034498723889282,-4.891398916802732,0.13401485121287826,-0.07392669297032661,-0.01,1.5543074088550983,-2.093818778785358,168.96360318439076,0.0,-0.006600524026270961,9.999997616176655,0.0,1.5714563792590137,48.0,0.050322943599368924,0.043200486545918085,0.05104936742624087,0.1738649475972736,0.25180791644154904,0.03746433236603612,0.12659194291094053,0.11807006160016514,-37.06745818172154,0.07898059244557204
220.2,-2.07236649199762,169.33277639104102,4.964,0.04,10.01,0.01,1.5537547069278097,-0.0013272373674610854,-0.037166316489039446,0.006447055616523929,-2.0650930760693873,170.0093692644914,0.0,0.04715045604994476,10.049506474095416,0.0,220.111,-0.04877863891251151,0.024673286192529374,-4.889321292835752,1.5448355440861727,-0.029131539304882745,0.019900377444474295,-4.88751999326478,0.09920555012472315,-0.06591574057454608,-0.01,1.556798410614871,-2.094478831201546,169.96360296655735,0.0,-0.0066005240263775425,9.999997616176655,0.0,1.5714563792590244,50.0,0.05039359254274454,0.04314210030462279,0.05109514963863825,0.17371885750163008,0.25172773108582486,0.0374927720108219,0.12659214977434355,0.11798784169148743,-37.06424505501948,0.07889736152122148
220.3,-2.0723667219859863,170.33139692385723,4.962,0.05,10.0,0.01,1.554828549796019,-0.0014485760153101542,-0.03911036864415973,0.013305153626265291,-2.0604007360736074,171.21475118401352,0.0,0.03336228360877941,10.040811253638559,0.0,220.276,-0.06561380657818337,0.00932170877184956,-4.957517842353765,1.5754684772297614,-0.051213166876183984,0.009242875686908916,-4.907365545682575,-0.01486376509406672,-0.06710200780757702,-0.01,1.5672589816633538,-2.0952708941009797,171.16360270515725,0.0,-0.0066005240253072875,9.999997616176653,0.0,1.5714563792589173,24.0,0.05034383349377297,0.043051893482936074,0.05112856513055104,0.17357658982337873,0.2516610006655593,0.03748195209735324,0.12657686806257468,0.11789078932788663,-37.06855869726512,0.07882272615588869
220.4,-2.072366951925723,171.33001745701324,4.96,0.05,10.0,0.01,1.557623744071696,0.00580865053102461,-0.07645219278965158,0.04723629800125153,-2.0557788660666017,172.21842446041396,0.0,0.0018040130519055297,10.033320991208566,0.0,220.309,-0.05306181062752191,0.021006903941032575,-4.876045476601728,1.5481869424888104,-0.04590685745376226,0.007721483127550238,-4.905297869940579,0.03494075454190955,-0.05734093518408656,-0.01,1.5622534724495432,-2.0959309465170572,172.16360248732377,0.0,-0.006600524025614053,9.999997616173811,0.0,1.5714563792589482,51.0,0.05090293318394387,0.043140281354686054,0.05129768886694137,0.17368426583599456,0.2517044507371886,0.03770238708552158,0.1267221144797176,0.11808496437523544,-37.03126222782997,0.07887634850248737
220.5,-2.063277849379851,172.3286377170349,4.958,0.05,9.99,0.01,1.560186093733881,0.0,0.0,0.0,-2.051982101505514,173.02081546006647,0.0,-0.018331635579182663,10.027018709992314,0.0,220.408,-0.05699217983440531,0.018618126567350186,-4.976316914456126,1.5942766101678116,-0.05894647551535263,0.010075984965547341,-4.908827693809803,-0.04633546353165214,-0.03238977369327145,-0.01,1.5704283131631487,-2.0964589884499443,172.96360231305698,0.0,-0.006600524025433853,9.999997616176653,0.0,1.57145637925893,53.0,0.05041883262295925,0.04319465801074808,0.051228432179642444,0.17374743327075898,0.25172868069835197,0.037478007115537636,0.12656651745442565,0.1180113730395151,-37.055249711600915,0.07890702898770556
220.6,-2.0632780787327363,173.32725824401325,4.956,0.04,9.98,0.01,1.5626148814943173,-0.01036552319156452,-0.0578137252210506,0.03540131122618344,-2.0475302417572023,174.0231040027146,0.0,-0.040872499226505675,10.019107094456318,0.0,220.507,-0.06804438054366449,0.005855857569029847,-4.912740666771756,1.5427446702982568,-0.05156625461954529,0.003961586168098596,-4.907431115871889,0.09011239656798076,-0.03052254805026955,-0.01,1.5577197626380699,-2.097119040866045,173.96360209522354,0.0,-0.006600524025165179,9.999997616176653,0.0,1.5714563792589031,53.0,0.050545270484336685,0.043109437541047645,0.05125489174263669,0.1736264017660916,0.2516734385857794,0.03755114041938237,0.12662612081988744,0.11797022160150888,-37.05195563311471,0.07884415827290027
220.702,-2.063278307082264,174.32587877035837,4.952,0.04,9.97,0.01,1.5631015669230857,-0.004374733881237915,0.036069177603898626,-0.023321041184639915,-2.043017681586623,175.2248882854094,0.0,-0.04623233061979186,10.010792239523353,0.0,220.672,-0.08406366822838,0.01605380975911997,-4.908748242618358,1.5592423225219683,-0.06914424789238058,0.007427943987071445,-4.9066621935608,0.06915643528187859,-0.00581691689185071,-0.01,1.5598418844601702,-2.0979111037653144,175.16360183382344,0.0,-0.006600524024954237,9.999997616176653,0.0,1.571456379258882,30.0,0.050981234320956526,0.043475209675050384,0.051313856598228846,0.1741296472730257,0.25189406190582975,0.037751113721786,0.1267783336571804,0.11839193694313438,-37.01044968145736,0.07910151366500941
220.8,-2.0541892037174563,175.32449929631997,4.95,0.03,9.97,0.01,1.5615981575709323,-0.013449922977957558,-0.00044723667044640125,-0.010933860743338207,-2.0405630007369786,176.02555998505616,0.0,-0.03524276315095557,10.006096814639552,0.0,220.705,-0.08806156627436636,0.012287771800853239,-4.908557305864954,1.5428089348172875,-0.0640593222659224,0.008763144272430122,-4.907841679256306,0.11429725133226395,-0.0010055687095960053,-0.01,1.5563227330785456,-2.0984391456981673,175.9636016595567,0.0,-0.00660052402531839,9.999997616176653,0.0,1.5714563792589185,55.0,0.05000349816034096,0.04302793956336686,0.051176265739326834,0.1734754001872782,0.25159406050090777,0.03726135305389864,0.12639950922869805,0.11772929370049591,-37.08638587180006,0.07875940174316375
220.9,-2.0541894257312947,176.31202375931,4.948,0.03,9.96,0.01,1.5605066568267085,0.0,0.0,0.0,-2.038020436615472,177.0259035930223,0.0,-0.0252469787576372,10.001151086706122,0.0,220.804,-0.09375577701170967,0.010674309585136293,-4.887984374840568,1.548694649587933,-0.0675754460295045,0.013196802804074476,-4.902729702522347,0.1229855279536298,0.018138840310777837,-0.01,1.555465457528129,-2.09909919811434,176.96360144172328,0.0,-0.0066005240267861046,9.999997616176655,0.0,1.5714563792590652,56.0,0.05025926830952132,0.04309551831009807,0.051145069350280375,0.173619589019116,0.25166929152579165,0.03741160600823524,0.12653681702057867,0.11789142418234494,-37.073205754842874,0.07884072195684413
221.003,-2.054189653845185,177.31064427805669,4.947,0.02,9.96,0.01,1.5589548135784008,-0.015621267159803495,0.01364686022054821,-0.016859056211578908,-2.0355857448317547,178.2257562925192,0.0,-0.007200534698999869,9.996943226242239,0.0,220.969,-0.09556937835903931,0.011726071841968819,-4.86485197782978,1.5405232622311804,-0.08041394479267705,0.013627123808020803,-4.897885194497404,0.11522615149469868,0.015405240494116512,-0.01,1.5572412013721144,179.78399999983176,1.1261237292977002e-08,0.0,10.000000000019327,6.806670833709323e-10,0.0,6.806670833696168e-11,34.0,0.04763284898653438,0.0417424672820818,0.05107016928859364,0.1714301898471525,0.2506343907070779,0.036024669901463136,0.12537893428131133,0.11584304586770094,-37.26484282415215,0.07768259334094119
221.1,-2.0541898818329187,178.30926479584542,4.947,0.02,9.96,0.01,1.558206589021955,0.0,0.0,0.0,-2.034234892070881,179.02542454177532,0.0,-0.0016124809795982353,9.99512214057254,0.0,221.035,-0.09257816752069573,0.0054254581821459235,-4.902548198897925,1.545521017579441,-0.07204320426916072,0.010329073908697752,-4.8993384497937615,0.14096899823838516,0.005606464661141786,-0.01,1.5546452774866313,-2.100419302946903,178.96360100605645,0.0,-0.0066005240270747625,9.999997616176655,0.0,1.571456379259094,25.0,0.04601624524984497,0.04081928253786259,0.05077667356982417,0.1702594650964185,0.2501407452592572,0.035329807459449074,0.12489469641387674,0.11476753761382755,-37.4075757652572,0.07710861795425816
221.2,-2.045100770909208,179.2967895323198,4.946,0.02,9.96,0.01,1.5575698651981096,0.0016492703533123201,0.01111046701538244,-0.011812364652427998,-2.0328038622015554,180.02484419356165,0.0,0.0036909150324385184,9.993520896906936,0.0,221.134,-0.08985771008417182,0.003927097302018575,-4.893394020594336,1.5617472002622599,-0.07242509375834641,0.00484091674596345,-4.898162912211985,0.1135228385773256,-0.006768101969186091,-0.01,1.5573821080674553,-2.1010793553631397,179.96360078822303,0.0,-0.006600524026204348,9.999997616176655,0.0,1.571456379259007,26.0,0.04603096137751376,0.04074376309632812,0.05065771024277063,0.17028607205705304,0.25017671279091097,0.03537832032740045,0.12496051241238491,0.11479759641466815,-37.41546085408579,0.07713679817386901
221.3,-2.0451009930224444,180.27321848004604,4.947,0.01,9.96,0.01,1.5572769120943288,0.011042574937763951,-0.0010129547200359173,0.0026898160924109394,-2.031618470870805,181.02410489164436,0.0,0.0073847006499246845,9.991786333683697,0.0,221.233,-0.09866674034925604,0.000810421941711552,-4.877703850916982,1.5403870379305145,-0.0699756642716622,0.00020165913090237054,-4.8945644845249685,0.1735484637942377,-0.016579654964431256,-0.01,1.5523391346088506,-2.1017394077793283,180.96360057038962,0.0,-0.0066005240264374945,9.999997616176655,0.0,1.5714563792590304,27.0,0.04565161055557269,0.04057523202963453,0.05055175743831222,0.17005752367095628,0.25006665024379393,0.03518288992955749,0.12479918410186538,0.11455146219821478,-37.448768714888075,0.07701694398087841
221.4,-2.0451012194321976,181.27183899340733,4.947,0.01,9.95,0.01,1.5565714808788638,0.01472554708765838,0.024160341705756313,-0.017181477453455867,-2.030617863917709,182.0231490400047,0.0,0.013042547904599897,9.989167992629696,0.0,221.332,-0.09932485461538057,0.0028366587393019384,-4.875581808569608,1.5426411690566064,-0.06894707981978987,4.296652690270226e-06,-4.892665431245561,0.1824881879385135,-0.005534810097930887,-0.01,1.5514424299270213,-2.1023994601955276,181.9636003525562,0.0,-0.006600524025926792,9.999997616176655,0.0,1.5714563792589793,28.0,0.04596226641567633,0.04067997195387646,0.05056119864281115,0.1702150667608039,0.2501351159773111,0.03535206027633409,0.12492842193906924,0.11472144883176705,-37.426716177584794,0.07709540126576322
221.5,-2.045101444104226,182.25936372291125,4.946,0.01,9.95,0.01,1.5552030066635945,0.004927887366938844,0.018627361288244625,-0.013201987973849864,-2.0296596257864645,183.02187169364046,0.0,0.026359416925712573,9.985456655601539,0.0,221.431,-0.10140069645888594,0.029824195277607782,-4.84060363489639,1.5644459534912172,-0.08273765359710286,0.014347012278537819,-4.889066480793101,0.08896176753131352,0.028497845345059503,-0.01,1.5608791504087924,-2.1030595126116935,182.96360013472275,0.0,-0.006600524026157718,9.999997616176655,0.0,1.5714563792590024,29.0,0.046194514546113896,0.04079128607017317,0.050548459599245386,0.17037799016994834,0.2502073228021746,0.035434792750728125,0.12499314787919279,0.1148642844334858,-37.411606903847684,0.07717756141331494
221.6,-2.0451016712939207,183.25798423358953,4.945,0.02,9.95,0.01,1.5557680661466458,-0.02108192060989541,-0.03503753702323291,0.02494704387685255,-2.0286084884427464,184.02021723769383,0.0,0.022865750665402477,9.981839275280766,0.0,221.53,-0.1027683452245919,0.028341630918073176,-4.841025060223742,1.5618255009394078,-0.09221940753883322,0.027842507765556863,-4.879730409054632,0.0290839041814361,0.05356526145691021,-0.01,1.5658897250980157,-2.1037195650277787,183.96359991688934,0.0,-0.006600524024308087,9.999997616176653,0.0,1.5714563792588174,30.0,0.04643603013892648,0.04083044635906786,0.05059737396957755,0.17039953452677425,0.2502093072517721,0.035502161324811404,0.12503278362589493,0.1149178237398871,-37.396966630527785,0.07718407016949805
221.7,-2.045101898035142,184.25660474295054,4.945,0.01,9.95,0.01,1.5587172154944877,-0.03398304761584423,-0.05199396407531303,0.03474436102801389,-2.0276306583911907,185.01829088473218,0.0,-0.006020266999715646,9.980165675560293,0.0,221.629,-0.10685233480564776,0.02816364670616395,-4.875724981030217,1.5475275001981674,-0.09462606695490096,0.031214053370843327,-4.884018376214458,0.04839222829664736,0.05284005794700697,-0.01,1.5649588281753621,-2.104379617443668,184.96359969905592,0.0,-0.006600524019842771,9.999997616176657,0.0,1.571456379258371,32.0,0.04643811982704877,0.040938907149742916,0.05066007875205788,0.17054113093559514,0.2502714318542529,0.035589534058629385,0.12510468420918916,0.11503680055961235,-37.36103351922993,0.07723748876952519
221.8,-2.045102122573496,185.24412946674352,4.945,0.01,9.95,0.01,1.5611747494575123,-0.02152117326502074,-0.023577541830206553,0.01505702402750871,-2.027146310221645,186.01634481077932,0.0,-0.03182303309305305,9.98111955371141,0.0,221.728,-0.10315110970790954,0.025008862561213673,-4.939219771337583,1.5495557580769157,-0.08358987675196887,0.026253081999176513,-4.886248308147174,0.1308375642792085,0.033960264516085914,-0.01,1.5566908796670926,-2.1050396698592193,185.96359948122245,0.0,-0.006600524018961597,9.999997616173813,0.0,1.571456379258283,32.0,0.04635887868465961,0.04092793124156961,0.050641891435901455,0.17058919254011204,0.2502525520386549,0.03551793878844956,0.12506162911266433,0.11501778982226002,-37.3859796224836,0.07723535408069228
221.9,-2.0451023492174585,186.24274997412596,4.945,0.0,9.95,0.01,1.5609719725933409,-0.001037926035211247,0.031978733827978736,-0.019979141873343896,-2.0274541301279823,187.014618325009,0.0,-0.03262477445004835,9.98406078260605,0.0,221.827,-0.11168693167997172,0.03464589701562261,-4.897480696261314,1.5627741458239301,-0.08583415459991096,0.030871921458249428,-4.885123867967163,0.12371528783219915,0.03922637749141522,-0.01,1.558412088178128,-2.1056997222748013,186.963599263389,0.0,-0.006600524020213585,9.999997616176657,0.0,1.571456379258408,33.0,0.04636528519809051,0.040798245612784716,0.05062496509644058,0.17040747253405258,0.25018078981041875,0.03548600898940395,0.1250892921553077,0.114912845739118,-37.39678471484346,0.0771503963328938
222.0,-2.0451025763676682,187.24137047850596,4.945,0.0,9.96,0.01,1.5597696155917384,-0.0024131492124214496,0.01473729905425399,-0.00644221397408997,-2.0285192751796077,188.01322085641755,0.0,-0.01980425344346534,9.987606017289975,0.0,221.926,-0.11370456381184645,0.017992553704458694,-4.901649114216326,1.576918928967105,-0.0950467812695221,0.02164306364424327,-4.884911186784217,0.06450401412116616,0.004516605903807758,-0.01,1.5643230460838127,-2.106359774690359,187.96359904555558,0.0,-0.006600524020153632,9.999997616176655,0.0,1.571456379258402,31.0,0.04603048647380594,0.04080248109795829,0.050575246505287504,0.17040384615616436,0.250202728953505,0.035408061788807746,0.12505423479643196,0.11487267254859104,-37.39670699790601,0.07715307537675492
222.1,-2.0451028033917282,188.23999098268752,4.945,-0.01,9.96,0.01,1.5605109716441967,0.01878774868840037,-0.02344432896198307,0.018766903981233922,-2.030215446417682,189.012160414117,0.0,-0.02604664675725168,9.99075902105185,0.0,222.025,-0.10140003330017874,0.018773166856166063,-4.876282913757567,1.5533751684347985,-0.08538710121204902,0.020152905745153986,-4.889354411432878,0.13380650322868756,-9.743559666475221e-05,-0.01,1.5583664735633083,-2.107019827105892,188.96359882772217,0.0,-0.006600524019176636,9.999997616176655,0.0,1.5714563792583043,35.0,0.04631710452139858,0.04089548295275226,0.0505745276886309,0.17055624744266637,0.25025960645259826,0.03552071622972549,0.12512732453900507,0.11501337033940869,-37.39174754704002,0.07722422631886251
222.2,-2.0451030279803604,189.22751569930648,4.944,-0.01,9.96,0.01,1.5608981969442706,0.0,0.0,0.0,-2.0325617034969232,190.01135154867788,0.0,-0.03213442281066806,9.992615059274668,0.0,222.124,-0.106335651470422,0.027881917604663787,-4.825370196338874,1.566024636511654,-0.09778659944593322,0.025070620095967992,-4.883986283445656,0.031125891100704343,0.0111553308191219,-0.01,1.5686776295337195,-2.107679879521406,189.96359860988875,0.0,-0.006600524019387578,9.999997616176655,0.0,1.5714563792583254,36.0,0.0472940975169537,0.041545968333108016,0.05070069612152423,0.17132471785271908,0.25058853550268984,0.03588010538759533,0.12536313293901571,0.1156834298674928,-37.30888404105076,0.07760818205417151
222.3,-2.0451032544297973,190.2261362019723,4.943,-0.02,9.97,0.01,1.5618996387955288,0.0,0.0,0.0,-2.0355859268838987,191.01064578348922,0.0,-0.03999150723971981,9.993042686060994,0.0,222.223,-0.097929395800531,0.020212496552281516,-4.781961261018547,1.5577480459934236,-0.08622677257618772,0.023089223463823257,-4.876204340855471,0.11412818169232922,-0.004660077195346446,-0.01,1.5613510511449902,-2.108339931936947,190.96359839205533,0.0,-0.00660052402009368,9.999997616176655,0.0,1.571456379258396,37.0,0.04744935171845523,0.04154866975529342,0.050803430007406794,0.17116308521680157,0.25051258678975097,0.03589553320555531,0.12532636257499655,0.1156072657788708,-37.29661195140122,0.07752744834800562
222.4,-2.045103481385482,191.22475670011676,4.942,-0.03,9.97,0.01,1.5630800943498053,0.0,0.0,0.0,-2.0393729385979564,192.00994689306128,0.0,-0.05449650675246785,9.992861513637367,0.0,222.322,-0.10075734890625751,0.017729026207887986,-4.758045982425811,1.538840830675176,-0.07503361445941546,0.018743565021822138,-4.8635314535420076,0.18250658799711034,-0.013154526961299595,-0.01,1.5554807668700503,-2.1089999843525553,191.96359817422191,0.0,-0.006600524020615486,9.999997616176655,0.0,1.5714563792584482,38.0,0.05071539501339029,0.04396510382599623,0.0526429270651358,0.17327539747141218,0.25125417717945453,0.03692576849135046,0.12580089023239444,0.11761866069672043,-36.93315926333004,0.07848516879716982
222.501,-2.054193057914354,192.22337719535224,4.941,-0.03,9.97,0.01,1.5615331233155472,0.009520885285642504,0.05118954516367276,-0.026196527493651534,-2.044858931287651,193.20904335244896,0.0,-0.035787678201153576,9.992006108755714,0.0,222.421,-0.10655033612440085,0.021903630619784453,-4.900015480096147,1.5414335487065518,-0.07000704028622345,0.021309944164235664,-4.867148786347274,0.20455807146168994,-0.0061756831681609725,-0.01,1.5532789348136657,-2.109792047251339,193.1635979128218,0.0,-0.006600524020866395,9.999997616176655,0.0,1.5714563792584733,39.0,0.05220589193946889,0.04417408051332545,0.05237769751081402,0.17465643217682794,0.2521386030763628,0.03824162834958192,0.12713527176276432,0.11912477166598562,-36.8631512298011,0.07935952480160033
222.603,-2.054193286204864,193.2219976908891,4.941,-0.03,9.97,0.0,1.5591628272694094,0.0,0.0,0.0,-2.04980768809842,194.2081620762199,0.0,-0.01247762695725373,9.990594876995441,0.0,222.52,-0.09811498161247907,0.021802400461970357,-4.88928636853662,1.5474681109412898,-0.06831557335493793,0.020740880613710204,-4.873564675191076,0.197332973647835,-0.0060424283452160665,-0.0,1.5540040789367622,-2.1104520996669507,194.1635976949883,0.0,-0.00660052401979392,9.999997616176655,0.0,1.571456379258366,40.0,0.04654072966304105,0.04097474910510723,0.051715006303854665,0.17040070451566539,0.25029116922822753,0.0355745158517747,0.12511899484974473,0.11512179000216943,-37.318039981376586,0.07721091589894465
222.7,-2.0632828632280393,194.20952239963634,4.942,-0.03,9.96,0.0,1.5574696902793386,-0.00031286637582796225,0.021734546314764777,-0.013393428043138545,-2.054669951554581,195.20712592455146,0.0,0.0027374905722430147,9.988944494200274,0.0,222.619,-0.08691412814562761,0.018542777802755664,-4.854523570708598,1.521362912490122,-0.0473303455886605,0.01955543449819633,-4.8714356053638,0.2950838927560544,-0.00016859399736190994,-0.0,1.5441873094648224,-2.111112152082526,195.16359747715487,0.0,-0.006600524020884159,9.999997616176655,0.0,1.571456379258475,41.0,0.04757347066685009,0.041458220785512825,0.0512883820834768,0.171713705355004,0.2509851164127075,0.03627976120244951,0.1258144377493293,0.11623713640526276,-37.26695034991969,0.07794546966655311
222.803,-2.063283092298498,195.20814289286997,4.943,-0.02,9.96,0.0,1.5547127361085755,0.0,0.0,0.0,-2.0590449595135594,196.20594086957416,0.0,0.03404003376791079,9.987316467757351,0.0,222.718,-0.08609865050306345,0.02132826044485253,-4.882547957214413,1.566335135969487,-0.05366055752199168,0.02077960968998692,-4.874609821901421,0.18829574177008415,0.0035413875882497337,-0.0,1.5549101655378705,-2.111772204498163,196.16359725932142,0.0,-0.006600524020317946,9.999997616176657,0.0,1.5714563792584184,42.0,0.049474973734095117,0.042407283775920734,0.05134466514141492,0.17310285994553448,0.25158317900374966,0.037139217912837884,0.12643776818326458,0.11750695219102318,-37.124976537808735,0.07864438160010288
222.9,-2.0632833212427997,196.20676338400645,4.944,-0.01,9.96,0.01,1.5531609496709444,0.0,0.0,0.0,-2.0619348678544265,197.0048957363991,0.0,0.04467284033685645,9.986157072278594,0.0,222.817,-0.08414752019084308,0.030325253326171257,-4.870488181749403,1.5432616543191096,-0.05842656688864512,0.02760523271563817,-4.868476131694608,0.15404936156357713,0.017809069863890414,-0.0,1.557362385883529,-2.112300246430655,196.96359708505466,0.0,-0.006600524020768697,9.999997616176655,0.0,1.5714563792584635,43.0,0.04781018128061041,0.04175438687973907,0.05092587500142874,0.1721058442164219,0.2510950182871608,0.03630627228452384,0.12578091987258375,0.11643080203571711,-37.26179524777406,0.07811163447549715
223.003,-2.072372904635877,197.20538387215146,4.945,-0.01,9.96,0.01,1.5545388097551205,-0.010703376551886886,-0.024446355224565293,0.013424361461304045,-2.06508982382913,198.20322006678074,0.0,0.027357893938022338,9.985686520337085,0.0,222.982,-0.07837033856397634,0.031005118105910917,-4.8911441740365245,1.5558924735828545,-0.06390417330007811,0.02961561969096397,-4.873153219527897,0.1205708968837573,0.019681973736094704,-0.01,1.5597171788784956,199.7839999998606,1.261542669607732e-08,0.0,10.000000000017906,6.796712280999726e-10,0.0,6.796712280987556e-11,21.0,0.04905808572259799,0.04241625106593857,0.05096996407800985,0.17297393165131086,0.2514619381002989,0.03693357372192345,0.12625896197103048,0.1172622730573139,-37.16450191325985,0.07854524661670659
223.102,-2.0723731316876695,198.19290857759475,4.944,0.0,9.96,0.01,1.5563551877301671,-0.00995006640069447,-0.029198612865605433,0.01919985781198294,-2.0668797087508377,199.20182088088438,0.0,0.00876546609913712,9.986252937436381,0.0,223.015,-0.07325772000077575,0.031240093233187112,-4.893974163773865,1.5606977427915703,-0.057778367912664184,0.03193592148841336,-4.876248149103693,0.09310919946521398,0.022287186957203886,-0.01,1.5614691558109874,-2.113752361745188,199.16359660582108,0.0,-0.006600524020533329,9.999997616176655,0.0,1.57145637925844,45.0,0.04858042859766964,0.042100789238151165,0.05088737100750733,0.1724331368865029,0.2511949275262468,0.03666875539750097,0.12602174375171454,0.11678021485732458,-37.208512629435546,0.07825467931934268
223.2,-2.0723733619181743,199.19152906418506,4.943,0.0,9.96,0.01,1.5580488900330405,-0.00662502727463535,-0.023821315198115638,0.017610618190291066,-2.0682357382379926,200.2005217387304,0.0,-0.008019125529015524,9.98766383864118,0.0,223.114,-0.05959674301571898,0.03473024552884025,-4.904762653496362,1.5474549608189248,-0.0559874134417188,0.03704768275060723,-4.880090020743097,0.08206782751555719,0.030187200699652195,-0.01,1.5625816677637363,-2.1144124141608645,200.16359638798767,0.0,-0.006600524022969158,9.999997616176655,0.0,1.5714563792586835,49.0,0.04794309105002851,0.041736585516912776,0.05071493629960618,0.17193235852746214,0.25097389968092965,0.03639077242703839,0.12582141774288425,0.11631643902445,-37.267064999924855,0.07800251017257645
223.3,-2.0723735916226715,200.19014955119826,4.943,0.0,9.97,0.01,1.5596603500333166,-0.009046402501903094,-0.015635314703940518,0.016262546596204977,-2.0692010990265435,200.99961175999124,0.0,-0.02086985275307385,9.989352556035968,0.0,223.213,-0.07301957501397013,0.028627007789851423,-4.881937588493651,1.5406669913894697,-0.046302085066873236,0.03287237307433137,-4.882516961427099,0.17152703023488428,0.007289568466678276,-0.01,1.5536062739822778,-2.1149404560935463,200.96359621372085,0.0,-0.006600524022698263,9.999997616176655,0.0,1.5714563792586564,48.0,0.0481761799244988,0.041911261750889016,0.050673381482337486,0.1721757131001343,0.25108244929589574,0.0365201740731981,0.12592511873833673,0.11652302093409042,-37.248683171968864,0.07812826509330428
223.401,-2.0723738218334304,201.18877003406982,4.944,0.0,9.97,0.01,1.5591468876835444,0.0059455088041713245,0.038380201193482025,-0.02243994258226346,-2.0705999640107655,202.19854051520866,0.0,-0.014542600782968033,9.992453568680935,0.0,223.378,-0.07828145819779361,0.03455477290092538,-4.91138406537554,1.534171763115475,-0.05050387623752403,0.03357904249988744,-4.872002981728349,0.21542003839367663,0.006824801802064684,-0.01,1.5492076375490147,-2.1157325189925387,202.16359595232072,0.0,-0.00660052402243181,9.999997616176655,0.0,1.5714563792586298,23.0,0.05033774840365626,0.0429646914785337,0.050891111731177406,0.17364773972142789,0.25172702649770445,0.037482286249778576,0.12662988374807044,0.1179298415017275,-37.08695408995572,0.07887825349093099
223.5,-2.072374051595709,202.18739051676332,4.944,0.0,9.97,0.01,1.5566547979277114,0.005521268612948242,0.03513316966264453,-0.030322970639153336,-2.07138425755243,202.99802655316893,0.0,0.005369986696337603,9.994319444508696,0.0,223.411,-0.07667382701722038,0.039273574876002804,-4.80577490811552,1.564186364535645,-0.04894448553123183,0.036778141109398754,-4.866288226989164,0.1397555248136039,0.014471296087066321,-0.01,1.5567999523665956,-2.1162605609251712,202.96359577805399,0.0,-0.006600524022247513,9.999997616176655,0.0,1.5714563792586114,49.0,0.05042632481015797,0.0430889494710651,0.05100982647836711,0.17366012486638613,0.2516937375145207,0.03743382976473072,0.1265354598269141,0.11792156487483335,-37.07299036757688,0.07886301283020604
223.6,-2.0723742792937827,203.1749152153316,4.945,0.01,9.98,0.0,1.5557594961163144,0.0,0.0,0.0,-2.0719497199619696,203.9975787797363,0.0,0.016478973045264956,9.996393295629462,0.0,223.51,-0.07517310795954807,0.03542876637568685,-4.883764028227037,1.5368227110398358,-0.04519389034504432,0.037993018115569904,-4.868724263326527,0.17680382714381565,0.00528085935758682,-0.0,1.5530917317978803,-2.117052623824148,204.16359551665388,0.0,-0.006600524022236411,9.999997616176655,0.0,1.5714563792586103,50.0,0.050256671966284736,0.04314807571811093,0.05100578092071403,0.17368395681484705,0.2516966272624597,0.03737363357190806,0.12649890600141628,0.1179051499387161,-37.07773127452599,0.07887144262045484
223.7,-2.072374509358646,204.1735356946657,4.946,0.01,9.98,0.0,1.5556639740851264,0.0,0.0,0.0,-2.0719578185619674,204.99734292843573,0.0,0.016266003440125867,9.998596861731746,0.0,223.675,-0.08002625079449356,0.0471648771771848,-4.8588135888720725,1.5412887482056303,-0.05653339082158546,0.04443741199993205,-4.8721680312541125,0.1624698235778184,0.019458038490807184,-0.0,1.5535501197258348,-2.1175806657567726,204.96359534238715,0.0,-0.006600524022354094,9.999997616176655,0.0,1.571456379258622,25.0,0.05016630149696611,0.04306439687285914,0.05099432077212708,0.17355896644699478,0.2516426771993504,0.03735000727967232,0.12648658333534213,0.11781225146476378,-37.08697310260829,0.07880863392122425
223.8,-2.072374739052563,205.17215617208154,4.946,0.02,9.98,0.01,1.5551255206253864,-0.007391291292326456,-0.004757975589038426,-0.004891774140697844,-2.0711963916978036,206.1973628795778,0.0,0.022402106512749716,10.001520407554708,0.0,223.708,-0.08036477451771433,0.04806815714689089,-4.863741490981124,1.54221972826949,-0.04775538791696851,0.04775925055502372,-4.872086970871623,0.1655339792341668,0.02482770301210202,-0.01,1.552254006929975,-2.118372728655747,206.16359508098705,0.0,-0.006600524022251954,9.999997616176655,0.0,1.5714563792586118,53.0,0.050150072337409764,0.04307757916186073,0.05097247820312811,0.17358214008231115,0.25165492990766714,0.037324085706762725,0.12646922644784603,0.11781741683061245,-37.08930393074077,0.07882225694220604
223.9,-2.0723749690976945,206.1707766488361,4.946,0.02,9.98,0.01,1.554530513533626,-0.009914129950676488,0.005878277987156404,-0.00944987622682459,-2.0702129563078047,206.997597503696,0.0,0.027127817574119303,10.00405149045461,0.0,223.807,-0.07888361152089042,0.043146348308065983,-4.882127719300927,1.551489860205471,-0.05500150401665265,0.04625063295935493,-4.876023683019858,0.1195017495038909,0.01890182714162769,-0.01,1.556845524834064,-2.118900770588392,206.96359490672032,0.0,-0.006600524022060995,9.999997616176655,0.0,1.5714563792585927,53.0,0.05007288991446178,0.04304817230778987,0.0509691460213713,0.17354497242741973,0.2516381902199879,0.03731091857801222,0.1264603891144893,0.11778226418172265,-37.093618924264184,0.0788030014854921
224.0,-2.0723751991717094,207.16939712381054,4.947,0.03,9.99,0.0,1.5548773697253804,-0.002537788156129258,-0.024417989370370794,0.010551333014068036,-2.068490938982399,207.9982101156554,0.0,0.02472326232272164,10.007896987402937,0.0,223.906,-0.07527561029661764,0.052478618693422185,-4.823974128815094,1.559469482384613,-0.0700142060404513,0.04982790083479434,-4.872852192742471,-0.002191703553416833,0.017065373455636745,-0.0,1.568017467675897,-2.1195608230040968,207.96359468888681,0.0,-0.006600524020320166,9.999997616176655,0.0,1.5714563792584186,54.0,0.05033187688056152,0.04305878241798167,0.05100940538258997,0.17357289331469533,0.2516506539214452,0.03740730818204739,0.12652760116781994,0.11785345748655963,-37.080089829180416,0.0788177728180435
224.1,-2.0723754288747713,208.16801759838575,4.947,0.03,9.99,0.0,1.557937145293925,-0.0004108534220622908,-0.080292176279298,0.051327339057854734,-2.0664283747638272,208.99922661671897,0.0,-0.003459320850249415,10.012047256175887,0.0,224.005,-0.0696277931351458,0.026970552336318593,-4.888168434560664,1.554683914350826,-0.05189409065688895,0.035579173923476204,-4.872901008905449,0.12076460209745488,-0.015917219486189182,-0.0,1.5556818421215861,-2.120220875419705,208.9635944710534,0.0,-0.006600524020002643,9.999997616176657,0.0,1.5714563792583869,55.0,0.050886651463613486,0.043125734609018064,0.05117060949146153,0.173656326459475,0.25168419084447,0.03765526535486466,0.12669534648590913,0.11803879302903961,-37.04184430881496,0.0788589579223373
224.2,-2.0723756589290474,209.16663807040092,4.948,0.03,10.0,0.01,1.5593308052655797,0.02147220814887387,0.024528010687429606,-0.015790035121126072,-2.064423419374828,210.00064136845143,0.0,-0.02213926441744175,10.015664387548448,0.0,224.104,-0.0770391638400286,0.03414816096826019,-4.974452332498776,1.5501610024331558,-0.0521404541168074,0.03024528209718663,-4.88573276229711,0.12188498044459745,-0.03259323809038328,-0.01,1.555559341917175,-2.120880927835385,209.96359425321995,0.0,-0.00660052402260979,9.999997616173813,0.0,1.5714563792586478,56.0,0.05040109065710375,0.04320727549678087,0.0511436430608024,0.17375047166147617,0.25172087663819104,0.037456694476600945,0.1265492097516341,0.11799314340877243,-37.06062089135715,0.0789046324540574
224.3,-2.072375896429925,210.19854589021898,4.947,0.02,10.0,0.01,1.5580560602855424,0.0,0.0,0.0,-2.0626381418108344,211.0023345324732,0.0,-0.00932543793342661,10.017599281550899,0.0,224.236,-0.08944503625451353,0.02948967274287493,-4.86658401556495,1.5547108052178082,-0.06561276729646269,0.024612300158308568,-4.883769062750394,0.0981189798039031,-0.038023682651566304,-0.01,1.5579362363077986,-2.1215409802512575,210.9635940353865,0.0,-0.006600524023732991,9.999997616176655,0.0,1.57145637925876,24.0,0.04661561446160786,0.041221696936665816,0.050925605908547986,0.17066664282508118,0.25028622890715857,0.03555976058333524,0.12501502704480227,0.11512921406063151,-37.34975841452834,0.07729283840335541
224.4,-2.07237612677455,211.1971663595293,4.947,0.02,10.0,0.0,1.5577800023045876,0.0,0.0,0.0,-2.06098294365515,212.0040895945004,0.0,-0.005490476279020511,10.017208628844537,0.0,224.335,-0.09401637293363238,0.024013840331713734,-4.862784104577169,1.5457132253464665,-0.06986003479150599,0.022201059040889523,-4.881805779695119,0.11376099179788422,-0.03636649247676438,-0.0,1.5573722123171758,-2.1222010326671947,211.9635938175531,0.0,-0.006600524024070499,9.999997616176653,0.0,1.5714563792587937,25.0,0.04618209192063357,0.04091923086669326,0.05078409200966585,0.17041116694901964,0.2502140156803306,0.0354495957931489,0.1249939793364215,0.11491338124618855,-37.39305132891751,0.07718888902055518
224.5,-2.072376356425913,212.19578682732148,4.948,0.02,10.0,0.0,1.5578908771884181,0.0,0.0,0.0,-2.0594559904268057,213.00570139333732,0.0,-0.006689499931996066,10.015002767606635,0.0,224.434,-0.09375745758070601,0.015862688106881725,-4.843981503211609,1.5319439879912766,-0.06871799212239346,0.014380389105893085,-4.876098605151165,0.14001401163250707,-0.04656246915195261,-0.0,1.5547214553467756,-2.122861085083164,212.96359359971967,0.0,-0.006600524023706346,9.999997616176655,0.0,1.5714563792587573,26.0,0.0458536092290785,0.04071994007575916,0.050658400716269855,0.17022033004726334,0.25014151638272675,0.03530382717968206,0.12489347425257327,0.1147174196662969,-37.42600526957964,0.07710023665619667
224.6,-2.07237658650601,213.19440729233247,4.949,0.02,9.99,0.0,1.5572481016304829,0.0,0.0,0.0,-2.058097476137715,214.00701455906324,0.0,-0.0018232600828139388,10.011443148316086,0.0,224.566,-0.09154164124380693,0.03346642166851729,-4.890340946806787,1.5735339483781372,-0.08663620749524423,0.02404434827571047,-4.868909055385327,0.002789521878715392,-0.013549634976293135,-0.0,1.5685142864817412,-2.123521137499044,213.96359338188626,0.0,-0.006600524023519828,9.999997616176655,0.0,1.5714563792587386,34.0,0.04557422501084179,0.04051500489634073,0.05057156734842257,0.16994767927540605,0.25001235692228596,0.0351312895099221,0.1247515689219415,0.11446151278721407,-37.4564673445461,0.07695809546917814
224.7,-2.0723768164599505,214.19302775714502,4.949,0.02,9.99,0.0,1.5588060096513967,-0.011004395926848157,-0.04946183559647502,0.04542256562671685,-2.056947404421527,215.0079170299739,0.0,-0.012634394921093453,10.006993105401383,0.0,224.632,-0.08929087520717237,0.03278294240412887,-4.755130350416551,1.5387444103537782,-0.0762919264056477,0.02782632097378951,-4.857094532507217,0.0921601520885478,0.007281271447524773,-0.0,1.5595777320961288,-2.124181189914963,214.96359316405284,0.0,-0.0066005240233310905,9.999997616176655,0.0,1.5714563792587197,28.0,0.0459861908734631,0.04048428351282653,0.050573963369539225,0.16995094143812972,0.25001764660874026,0.035293024259193104,0.12487979535941102,0.11454413969534888,-37.438098671845935,0.07696180055992788
224.801,-2.0723770464427886,215.19164822055717,4.949,0.01,9.99,0.0,1.5607699351992945,-0.019797284697132267,0.014597644971732025,-0.0031251444044688914,-2.0561691595309575,216.20846889312855,0.0,-0.035885384400813035,10.002774893896866,0.0,224.731,-0.0987983308922618,0.035158936713848045,-4.878132426936873,1.5604407421047883,-0.08207962952148706,0.03311230650851777,-4.861916890347915,0.06804549898921974,0.019703365649577975,-0.0,1.562999500589667,-2.12497325281408,216.1635929026527,0.0,-0.006600524023382161,9.999997616176655,0.0,1.5714563792587248,29.0,0.04654287414176834,0.041028920157542746,0.05060056356114187,0.17071758027644932,0.250358610576343,0.03554359937637903,0.12508137259122684,0.1151426517864724,-37.38137776987028,0.07734748395516328
224.901,-2.0723772765320305,216.19026868234778,4.949,0.0,9.99,0.0,1.5611600680884463,0.0,0.0,0.0,-2.0562475603085697,217.2086697891415,0.0,-0.0411223500405692,10.00142012108403,0.0,224.83,-0.09594413347866305,0.031467774391873884,-4.896125532542394,1.5540459557067003,-0.08395609144388473,0.033959513597258684,-4.866357706245209,0.07701216606288144,0.019954724920896894,-0.0,1.5631029207044875,-2.1256333052299494,217.16359268481926,0.0,-0.00660052402313125,9.999997616176655,0.0,1.5714563792586997,30.0,0.04642832308592202,0.04103395316626753,0.050587088389092996,0.17068543644635975,0.25033555489816045,0.035537537191341007,0.1250756038473885,0.11510665949717713,-37.38716765522206,0.07732624722853351
225.0,-2.072377509673494,217.18888948417177,4.95,0.0,9.99,0.0,1.561945014694009,0.0,0.0,0.0,-2.056827041227599,218.00880275719325,0.0,-0.04693250248982589,10.001684632753609,0.0,224.929,-0.10574352163094149,0.03317146264379831,-4.85448737434852,1.543369082869598,-0.08315645221031231,0.03534335940927104,-4.863663843563831,0.12281179348357485,0.0207894445012915,-0.0,1.5585289992716098,-2.126161347162653,217.96359251055253,0.0,-0.006600524023768518,9.999997616176655,0.0,1.5714563792587635,31.0,0.046117641325363105,0.040838980682581634,0.0505165561183947,0.17040346229520253,0.25020953422888476,0.0353848088689098,0.12495911593308706,0.11485559796136598,-37.4159178327236,0.07718346530646941
225.117,-2.072377739665484,218.18750994436357,4.951,0.0,9.99,0.0,1.5624522809546928,-0.00580386804956107,0.004292284926328286,0.004432845742062713,-2.058616170767489,219.20914136084826,0.0,-0.05340339107643505,10.003615526516556,0.0,225.061,-0.10194662908068847,0.03473167827041589,-4.824887706599593,1.5677760703039032,-0.08468961672876338,0.03456038683166958,-4.859665362925339,0.08325611196821012,0.01757234182489853,-0.0,1.5624772071863067,-2.126953410061779,219.16359224915243,0.0,-0.006600524023255595,9.999997616176655,0.0,1.5714563792587122,56.0,0.06835057303043342,0.05286135927193531,0.05375358191602078,0.1866348112489444,0.2572527012179844,0.04477439900546011,0.13198758330338142,0.13079254571291343,-35.71918208587749,0.08563871502008472
225.2,-2.0723779696863573,219.18613040201572,4.952,-0.01,9.99,0.0,1.5618562708285189,0.0,0.0,0.0,-2.0604078738280576,220.00952565373836,0.0,-0.0474719482996626,10.005439118359886,0.0,225.127,-0.09745425485636447,0.041673995063521846,-4.897281529413383,1.5470572856555076,-0.07837367135844767,0.040190069813291374,-4.864018481541054,0.13320234931174746,0.028651246540631448,-0.0,1.5584996476833528,-2.12748145199451,219.9635920748857,0.0,-0.006600524023772959,9.999997616176655,0.0,1.571456379258764,33.0,0.05164235905573746,0.04459378484946334,0.05254411082090971,0.17468597264090044,0.25168816600751837,0.03759765560650494,0.12618929392219036,0.11861586603141383,-36.828570639738494,0.07901026721366673
225.3,-2.072378199581081,220.18475085984923,4.954,-0.01,10.0,0.0,1.5614983346920945,0.0,0.0,0.0,-2.0632558157781395,221.010224402358,0.0,-0.04490544218389453,10.008094481999992,0.0,225.226,-0.09510089090873301,0.034967235930950816,-4.883580731757801,1.550498070257129,-0.07244115814657529,0.03779451783986551,-4.868399483272459,0.14782025629948167,0.011357200571005421,-0.0,1.5570308054713462,-2.1281415044105056,220.96359185705228,0.0,-0.006600524023952815,9.999997616176653,0.0,1.571456379258782,34.0,0.04804572569133257,0.04199420570655557,0.05195938537903116,0.17170039012496296,0.25052682719494573,0.03605937155828383,0.1256024488528898,0.11609265134754979,-37.17270555052093,0.07757886036297837
225.4,-2.0723784299820593,221.1833713158195,4.955,-0.02,10.0,0.0,1.5602638833832485,0.0028534714693186198,0.025402357046751433,-0.015147946384430143,-2.0666368972736846,222.01120344545257,0.0,-0.03340455193613093,10.011098968229028,0.0,225.325,-0.09623066431804832,0.03645777160620781,-4.888551371719939,1.5523798520510061,-0.06976517439178209,0.037373473038183655,-4.871553865536976,0.15540361084815946,0.010086178496761633,-0.0,1.5572704339124988,-2.1288015568264687,221.96359163921883,0.0,-0.006600524025074141,9.999997616176653,0.0,1.571456379258894,35.0,0.04773318549736862,0.04169726673504312,0.0516077350490848,0.17160442571376908,0.2506625907967588,0.03598757709167816,0.1257553392549532,0.11606980177334975,-37.22651066992067,0.07764878802730366
225.5,-2.0723786599345573,222.1819917693333,4.956,-0.02,10.0,0.0,1.5593738183986885,0.0,0.0,0.0,-2.0703318567766975,223.01247585410977,0.0,-0.023967605455605865,10.01396805560089,0.0,225.424,-0.09019171766332569,0.011805558397155372,-4.804396378402508,1.5431774335260762,-0.0636739482428749,0.02544405165488863,-4.863695500447239,0.18349654627793752,-0.018726368585248565,-0.0,1.5544174625536946,-2.129461609242577,222.9635914213854,0.0,-0.006600524026306488,9.999997616176655,0.0,1.5714563792590173,36.0,0.047475725488394134,0.041583029596174624,0.051366335110763245,0.17144874958396195,0.2507029773424831,0.035891672114493955,0.1256354908201286,0.11594073850683555,-37.25946540203918,0.07764984772053188
225.6,-2.081468270688582,223.18061221992366,4.955,-0.02,10.0,0.0,1.558299457715128,0.0,0.0,0.0,-2.074120237633698,224.01399563457412,0.0,-0.014100188519002731,10.016021781469078,0.0,225.523,-0.09052555093711687,0.022621052731803298,-4.8801716472400205,1.5464826242579444,-0.05970635725941276,0.018375984755933127,-4.867919856969165,0.17748699092060935,-0.029535239987197315,-0.0,1.5550022891683044,-2.1301216616587504,223.96359120355197,0.0,-0.006600524025555978,9.999997616176655,0.0,1.5714563792589422,37.0,0.05134161583496303,0.04370411405114696,0.05145218378360536,0.17468402132322575,0.2522712933289373,0.037916109846889326,0.12719706441536324,0.11896537564295781,-36.97163612338686,0.079400488887337
225.7,-2.0814685014210283,224.17923267227343,4.954,-0.02,10.0,0.0,1.5573030124094824,0.0,0.0,0.0,-2.078472638041885,225.21594957958288,0.0,-0.002517259975856051,10.016010236018735,0.0,225.622,-0.08813856406544068,0.03357819340153982,-4.8402576557530015,1.5649006575604176,-0.07295356353859311,0.023354904764817275,-4.85812391160181,0.06653496375326842,-0.019937190415856065,-0.0,1.5661382352422493,-2.1309137245581415,225.16359094215184,0.0,-0.006600524025695866,9.999997616176655,0.0,1.5714563792589562,38.0,0.04820697470805386,0.04218165613795034,0.051294980106196944,0.17202475265165387,0.25103227880222534,0.03620308768567468,0.12562770234333748,0.11643708318868211,-37.20302237467741,0.07801204110368466
225.802,-2.081468732337413,225.17785312126142,4.955,-0.02,10.0,0.0,1.5585905286159853,0.0,0.0,0.0,-2.081834510691632,226.21745730261375,0.0,-0.01954648039902879,10.014084639350868,0.0,225.754,-0.07914424036655276,0.026395039282295148,-4.857102867496944,1.5527268843522488,-0.06524542428863246,0.027219858116690396,-4.859872909507356,0.10234051852407498,6.181194176946292e-06,-0.0,1.5625624661126998,-2.1315737769742715,226.16359072431837,0.0,-0.006600524026268741,9.999997616176655,0.0,1.5714563792590135,48.0,0.048408301866882296,0.042129638427575236,0.05130024875084615,0.17193119683634778,0.2510262934114544,0.03631071104472296,0.12567210731033374,0.11643646836743808,-37.19574698244452,0.07799561812794562
225.9,-2.090558351272975,226.18756935121684,4.955,-0.02,10.0,0.0,1.5607767506178956,0.0,0.0,0.0,-2.0844694188335176,227.01849955300415,0.0,-0.03688570326015672,10.012152729145306,0.0,225.82,-0.07578930480808874,0.01551611184260408,-4.825376930549365,1.5412258387845783,-0.051081703705177485,0.020654522120909874,-4.856241639431641,0.16195091265171982,-0.01360138703446978,-0.0,1.5565828591652078,-2.132101818907247,226.96359055005163,0.0,-0.0066005240268105295,9.999997616176655,0.0,1.5714563792590677,40.0,0.050953269269709625,0.043551721316222924,0.05127006185471202,0.17425613083340744,0.2521351735178358,0.03764313307978407,0.12676441778389919,0.11854517526351555,-37.01235217546432,0.0792442631964291
226.0,-2.090558583446658,227.186189798578,4.955,-0.02,10.0,0.0,1.5604953515019755,0.0014330750071507995,0.03103308665542541,-0.015504300027238578,-2.0878529546372504,228.01959754383557,0.0,-0.03633134514608207,10.01001051810315,0.0,225.919,-0.07053904442516076,0.014712053849383361,-4.86853307672706,1.559176949929286,-0.05401246899781587,0.01463634874058446,-4.85845249744111,0.09299243761841454,-0.02284334408320987,-0.0,1.5634805014636628,-2.1327618713234027,227.96359033221822,0.0,-0.0066005240253472555,9.999997616176653,0.0,1.5714563792589213,41.0,0.05194219556185562,0.043990719846520226,0.05136682532033914,0.17483108087262633,0.25236897881736386,0.038072744295750034,0.12703543910060833,0.11911527080999511,-36.94311174104331,0.0795375265935335
226.1,-2.090558815326915,228.18481024228072,4.955,-0.02,10.0,0.0,1.56062583724526,0.0,0.0,0.0,-2.0912613366030084,229.02047481912933,0.0,-0.03495311958291651,10.00767275256649,0.0,226.018,-0.07685371533360558,0.021587930640436237,-4.843106994924329,1.5461540927319348,-0.05772527804923699,0.015085685878486724,-4.857073148203751,0.08362078450721573,-0.01707396888450141,-0.0,1.564423453449076,-2.1334219237393963,228.9635901143848,0.0,-0.00660052402362641,9.999997616176655,0.0,1.5714563792587493,42.0,0.04862583696701848,0.0422418860296476,0.05108390554225891,0.172335094689074,0.25125507069865743,0.03666210745552465,0.12598006388029803,0.11680199639317906,-37.18136347955449,0.07825009236935268
226.206,-2.099648434883484,229.18343068404798,4.954,-0.02,9.99,0.0,1.562103915089045,0.004944154383837936,-0.01712338486535135,0.012196235573505148,-2.0953482092642064,230.22117045486107,0.0,-0.05245755201060302,10.003995316402605,0.0,226.183,-0.06612160971274328,0.008744349989865723,-4.847256698492384,1.5601715727556533,-0.055180230311355515,0.011663506234744438,-4.851703997973388,0.110310643343101,-0.0124866881350858,-0.0,1.561745155995812,-2.134213986638354,230.1635898529847,0.0,-0.0066005240214592545,9.999997616176655,0.0,1.5714563792585325,23.0,0.051790426178109826,0.043948406069798926,0.05136452001506455,0.17491206294797265,0.2524065915708717,0.03813668002997876,0.12712449624272876,0.1191703856979811,-36.94452350606312,0.07958371116006879
226.3,-2.09964866754369,230.18205112620694,4.953,-0.02,9.99,0.0,1.5625479240578155,0.0,0.0,0.0,-2.098138089696134,231.02137445125095,0.0,-0.05600979407931314,10.001224231900336,0.0,226.282,-0.0645844635652365,0.013854388409316572,-4.876510262476495,1.555246443958764,-0.0553975591504976,0.011126793464798532,-4.8565347115342075,0.09330377017177771,-0.010574591503100805,-0.0,1.563450968839335,-2.1347420285709426,230.9635896787179,0.0,-0.006600524022296363,9.999997616176655,0.0,1.5714563792586163,18.0,0.04731042598425748,0.04148852889151239,0.050819274972837586,0.17142416740605407,0.2508165409864752,0.03603750042998736,0.1255179705900958,0.1158908179267352,-37.30277224197917,0.07777334409834788
226.4,-2.099648898147734,231.16957578443726,4.951,-0.02,9.99,0.0,1.5627584914353232,0.000743292212493388,-0.005668442361561403,0.004496851679522062,-2.1017372345502547,232.0213042847374,0.0,-0.057847956861427643,9.997505009121442,0.0,226.315,-0.06408914459332106,0.01405494551973359,-4.875222231665666,1.55363279306766,-0.04625482876240394,0.010913447403012613,-4.858459682276498,0.11261958316088258,-0.008526600177402699,-0.0,1.5615174436755859,-2.1354020809867245,231.96358946088444,0.0,-0.0066005240220765385,9.999997616176655,0.0,1.5714563792585943,45.0,0.04792497777702113,0.04177750253604416,0.05070178983268051,0.17203257376212128,0.2511157127181879,0.03642615213023694,0.12589030659830586,0.11644237616892825,-37.26426850742524,0.07810365080173556
226.5,-2.1087385167423918,232.16819585674662,4.949,-0.02,9.98,0.0,1.5627962379392724,0.0,0.0,0.0,-2.105451075727905,233.02085907063886,0.0,-0.059193917566113426,9.993753368795373,0.0,226.414,-0.06440951946678412,0.012294503897617659,-4.872866545871565,1.5539608913355232,-0.04312027836278999,0.011563578052009589,-4.86158118261635,0.1253630354532478,0.0035510815568731147,-0.0,1.5602430554105515,-2.1360621334024787,232.963589243051,0.0,-0.006600524021610245,9.999997616176655,0.0,1.5714563792585476,50.0,0.048122974928493656,0.04184172557603564,0.050650958902417866,0.17213868239823266,0.25114694651317737,0.03650583477402504,0.12593750246643826,0.11653151557360808,-37.254153497724324,0.07815097709189597
226.6,-2.108738750533739,233.1668162929031,4.947,-0.02,9.98,0.0,1.5622982150551419,0.0,0.0,0.0,-2.109965097672266,234.2198476089785,0.0,-0.05260868073608429,9.98967456026576,0.0,226.579,-0.054681177860489906,0.012030655268951038,-4.863925906158524,1.5479021958147918,-0.037955450975853025,0.010280861253962069,-4.859896628307137,0.18129340413926498,-0.0006088494961797863,-0.0,1.5546350841951386,-2.136854196301347,234.1635889816509,0.0,-0.006600524022258615,9.999997616176655,0.0,1.5714563792586125,21.0,0.04965761749001774,0.04269851612822049,0.05078096475211007,0.17333350583984,0.251650901685781,0.03718350588784117,0.12642488601350074,0.11760629411512612,-37.13582379942528,0.07874902991512825
226.7,-2.1087389848313407,234.16543672757615,4.945,-0.02,9.98,-0.01,1.5613093088057377,0.0,0.0,0.0,-2.112901421624789,235.01891757503336,0.0,-0.04595318845994394,9.987333314502495,0.0,226.612,-0.05922297778620076,0.005048473017440273,-4.921498004842121,1.5339350847274666,-0.021005956249611504,0.007032142580392615,-4.865232485529004,0.23574462575190722,-0.008206394063629219,0.01,1.549164213177228,-2.1373822382340015,234.9635888073841,0.0,-0.006600524022620548,9.999997616176655,0.0,1.5714563792586487,48.0,0.04982990043599783,0.04288550117608396,0.0508323586883495,0.1734740408286323,0.2516719773731563,0.03723670909861337,0.1264322010671939,0.11770981488592497,-37.116562311272745,0.07879860654608084
226.8,-2.117828612390781,235.16405715910477,4.945,-0.01,9.97,-0.01,1.5581027772885303,0.0,0.0,0.0,-2.1162462002977573,236.0175011215409,0.0,-0.015110367070818111,9.984610515850843,0.0,226.711,-0.062111034836348805,0.0041827248372277555,-4.7410777604793815,1.5361747925217015,-0.030760739561694627,0.00586521437826885,-4.845922891834714,0.13522473466127335,-0.00016447148540699175,0.01,1.5582366261194431,-2.13804229064977,235.96358858955062,0.0,-0.006600524021306044,9.999997616176655,0.0,1.5714563792585172,49.0,0.05086886404747669,0.043223632256262336,0.05109241909810878,0.173832553144521,0.25180027055572546,0.037648023661364285,0.12670088002146068,0.11815797847270056,-37.04057482358607,0.0789667411972455
226.9,-2.117828844518307,236.15158180823664,4.946,0.0,9.97,-0.01,1.5568671767276268,0.00040844281647196585,-0.011856338799254037,0.007007492525973341,-2.1188566834309626,237.01579200303473,0.0,0.00143905219050953,9.981513484142248,0.0,226.81,-0.049730333923936824,0.0222037360308078,-4.870036271223593,1.5447973225165328,-0.014758097153816525,0.018718928996751757,-4.848150673439665,0.22113403271304546,0.025713889420719838,0.01,1.548677049493513,-2.138702343065515,236.96358837171707,0.0,-0.006600524022425493,9.999997616173813,0.0,1.5714563792586294,50.0,0.05029896786081402,0.04318485380861534,0.05103488101205192,0.1737238735027842,0.25174002198772455,0.03736244208758468,0.126490444684053,0.117948284416558,-37.07300056595955,0.07890502342397705
227.0,-2.1178290794696935,237.15020223888905,4.947,0.0,9.97,-0.01,1.555760944322918,0.0,0.0,0.0,-2.120509518062959,238.0137948725091,0.0,0.008816681107950858,9.978935306684214,0.0,226.909,-0.05119527357473066,0.022204391638112327,-4.907337555093067,1.544892463747891,-0.014750221452926836,0.023879230343349503,-4.854831148748433,0.19811324327433683,0.032533909743591494,0.01,1.550992610533932,-2.1393623954812293,237.96358815388356,0.0,-0.0066005240210062835,9.999997616176655,0.0,1.5714563792584872,51.0,0.05071367550025621,0.043159005680074226,0.051148472505001985,0.17367796918713838,0.2517159653828902,0.037562220070047676,0.12663609643548596,0.11802332840025027,-37.05043755252837,0.07888033424932828
227.1,-2.117829314527498,238.14882266716035,4.947,0.01,9.97,-0.01,1.5540023362871747,0.0,0.0,0.0,-2.1210450630287934,239.01161398994384,0.0,0.02813111134995809,9.977738421415967,0.0,227.008,-0.04554332134780295,0.019945490989164753,-4.879616693174436,1.5732260113380596,-0.03102868969246964,0.02561203684329148,-4.851623369915332,0.05428576887177378,0.03154603812907375,0.01,1.564368832150405,-2.1400224478968837,238.96358793605015,0.0,-0.006600524020311284,9.999997616176655,0.0,1.5714563792584177,52.0,0.0504273386508447,0.04320392857063747,0.05112981651216829,0.17374464993438227,0.2517423635439862,0.03744206888024009,0.12654779185759366,0.11800142719351078,-37.06253058139709,0.07891367643450131
227.2,-2.1178295496142,239.14744309403127,4.948,0.02,9.97,-0.01,1.5551762655985095,-0.010975702482179548,-0.04013877523047382,0.041147640596842804,-2.1200784998948907,240.2089880056263,0.0,0.012842984046078405,9.978609463152283,0.0,227.173,-0.04577083896313605,0.012576335499827737,-4.884834378709685,1.5821208642367306,-0.04228227370126943,0.026476906341150165,-4.8487749362426555,-0.017574455228305697,0.02471641025381821,0.01,1.5705536440989085,-2.1408145107955883,240.16358767465005,0.0,-0.006600524020639911,9.999997616176655,0.0,1.5714563792584506,27.0,0.05033124179591587,0.043130031936762285,0.051100333970312405,0.17365342882909787,0.2517002437250221,0.03739667980268293,0.1265198772948451,0.11791899473376767,-37.07332500690001,0.07886640420341354
227.3,-2.1178297771281294,240.1127761729009,4.948,0.03,9.97,-0.01,1.5593921999123435,-0.0011198562415572376,-0.056625475348998706,0.05092212197557748,-2.1187108125027763,241.00733913385514,0.0,-0.020806657915288795,9.979894426527643,0.0,227.206,-0.042701761461727446,0.022112832358198064,-4.787228276232454,1.5606796504207088,-0.04130199423237105,0.02634588031369929,-4.841480800577166,-0.011780564451769383,0.020209227020664855,0.01,1.5689725996901844,-2.14134255272813,240.9635875003833,0.0,-0.006600524021052913,9.999997616176655,0.0,1.571456379258492,54.0,0.050676117714901915,0.043351841617696174,0.05118246156262007,0.17391714869560607,0.25180328255570356,0.037512638209269526,0.1265925179670182,0.1181520267967959,-37.04108568123799,0.07899438177798104
227.4,-2.1178300118074773,241.11139659753889,4.949,0.03,9.97,-0.01,1.563169503645275,0.0038472935985981245,-0.033885553480906105,0.030214028239876626,-2.116758487307207,242.0054442613739,0.0,-0.060298466055007056,9.981387307192325,0.0,227.305,-0.04257302844111195,0.02449790235509536,-4.904695803564271,1.544136389202125,-0.02229693661198533,0.02637256335531044,-4.85295097704326,0.13239096634857006,0.015620919386865495,0.01,1.5545352796173875,-2.142002605143808,241.9635872825499,0.0,-0.006600524021299382,9.999997616176655,0.0,1.5714563792585166,55.0,0.050381978913342645,0.043269632134978336,0.051177200327856505,0.17382006825061025,0.25176218099977277,0.03747814491094784,0.12658031840785255,0.1180545109603269,-37.03588957812946,0.07893109324384577
227.5,-2.1178302469155526,242.11001702015517,4.949,0.03,9.97,-0.01,1.5628394792464118,0.004589609984630503,0.04232858855191255,-0.034657404167220976,-2.1146205477491056,243.20340157699857,0.0,-0.05512176654622142,9.983388238109018,0.0,227.404,-0.05378840246875089,0.02768605743152531,-4.905206816492188,1.5508547663371852,-0.028942824711361802,0.02985817904750061,-4.860878773109533,0.1123992049600489,0.01988123896971139,0.01,1.556542947980299,-2.142794668042626,243.1635870211497,0.0,-0.006600524021215005,9.999997616176655,0.0,1.5714563792585081,56.0,0.05044512615564352,0.04311636261527756,0.05116836115785768,0.17371389168699566,0.25168622319358824,0.03749288583273248,0.12659926346698416,0.11797749377055501,-37.057476978468564,0.0788571978579058
227.6,-2.1087410807574685,243.10863744485576,4.949,0.03,9.97,-0.01,1.5603751894694309,0.0,0.0,0.0,-2.1132924039615033,244.00215587658562,0.0,-0.03581044327981266,9.984678418501078,0.0,227.503,-0.05563737172822651,0.031679439128236335,-4.874483463589825,1.546017185983924,-0.0322334612983273,0.033917660748771346,-4.863985945376916,0.13357083499385508,0.024406855564771845,0.01,1.5554318581783257,-2.1433227099751657,243.96358684688298,0.0,-0.00660052402053555,9.999997616176655,0.0,1.5714563792584402,57.0,0.050373948204796584,0.043183394491028836,0.051124526691104434,0.1738061258082404,0.2517284793226264,0.0374099328010944,0.12658077861540176,0.11801405070451236,-37.06335731342935,0.0789067397016062
227.7,-2.108741312120557,244.09616208044903,4.949,0.03,9.97,-0.01,1.5589806717496848,0.0,0.0,0.0,-2.1115038524682412,245.00072322969027,0.0,-0.021999656853734444,9.986283376938333,0.0,227.635,-0.05829908161869212,0.032291509403120366,-4.895195093036954,1.551757630624813,-0.03883963162536416,0.03378407938846395,-4.87087600291197,0.09285777129287451,0.019841615882819852,0.01,1.5584986765814306,-2.1439827623909307,244.96358662904944,0.0,-0.006600524023202305,9.999997616176655,0.0,1.5714563792587068,25.0,0.04677629203028675,0.04123612577696703,0.05088876304079798,0.17077483125848444,0.25033807710467676,0.03558684006568341,0.12511380086510376,0.11523118796162328,-37.3426552288519,0.07733603358644897
227.8,-2.1087415462830563,245.09478249887184,4.948,0.03,9.97,-0.01,1.558578717583094,-0.002219872428599184,-0.014592839401870734,0.0009453133820970888,-2.1090242718935666,246.199233426726,0.0,-0.016881353554115967,9.98864774008157,0.0,227.734,-0.06567190293195166,0.03829071261236419,-4.8606671643811215,1.550997152644906,-0.044340823910393325,0.035887502236277555,-4.869911035749199,0.09308069668265706,0.020999010743025792,0.01,1.5584777918008437,-2.1447748252899665,246.16358636764932,0.0,-0.00660052402273157,9.999997616176655,0.0,1.5714563792586598,26.0,0.046229835027754754,0.04081577425925441,0.05074034982943663,0.17032004562134978,0.2501870396187746,0.03542094194545802,0.1250278046881398,0.11486677598299352,-37.397994447129605,0.07713959521411301
227.9,-2.1087417800746167,246.0934029165156,4.949,0.03,9.98,-0.01,1.558737945803676,-0.002118833385582096,-0.012441182125610347,0.00039078708782907997,-2.1071894568373497,246.99841204485017,0.0,-0.018516537158905746,9.990494009943166,0.0,227.833,-0.06589514442592412,0.027956620324196692,-4.829207240302705,1.5385036107507142,-0.04245445562239141,0.03235142818298485,-4.863600725675171,0.1373848205623984,-0.00013874885829245898,0.01,1.554025639968881,-2.145302867222607,246.96358619338258,0.0,-0.006600524022045452,9.999997616176655,0.0,1.5714563792585912,27.0,0.04564472555284854,0.04044880515219678,0.05061300613392346,0.16984882791178244,0.24999074409185845,0.03512563373037342,0.1247825746068607,0.11442972074403228,-37.454082277992796,0.07691254109510345
228.0,-2.1087420117038675,247.08092754957403,4.949,0.03,9.98,-0.01,1.5579332132500154,0.007837737309744363,0.017276222760979548,-0.015896585548128776,-2.1042642749366562,248.19745799602086,0.0,-0.007958157518682873,9.993242102920842,0.0,227.932,-0.07162215267334864,0.03746811852342862,-4.790672689125641,1.5769949217704788,-0.05388693347428872,0.03332935613562474,-4.853226369549795,0.04859470922049469,0.0029423407922752887,0.01,1.562923589202692,249.78399999993152,1.5969405533995708e-08,0.0,10.000000000013642,6.557707015989602e-10,0.0,6.557707015980656e-11,28.0,0.046113081302946106,0.040708769870879076,0.050574641860009026,0.17029825401773785,0.250212770892739,0.03539149584537799,0.12499896590909267,0.11482664010674867,-37.41835403005169,0.07715377644172974
228.1,-2.1087422488824643,248.0795483544245,4.95,0.03,9.98,-0.01,1.558279378400419,0.004271285187044668,-0.025038001416214345,0.024713426295697023,-2.1022234746983295,248.99698043743365,0.0,-0.012260581914123735,9.994560202738459,0.0,228.031,-0.06815566481842895,0.04263636737999274,-4.810093509069479,1.5621742653884165,-0.06604654526903303,0.04105804620062326,-4.843679785490863,-0.02894472313960244,0.01943266836966373,0.01,1.5706907931219896,-2.146622972054134,248.96358575771572,0.0,-0.006600524022152034,9.999997616176655,0.0,1.5714563792586018,29.0,0.046235453275182525,0.04075979279998927,0.05055288804393753,0.17035663330110382,0.2502342093492276,0.03542340678746349,0.12500524593968693,0.11487434363743407,-37.41217152427909,0.07718233532151539
228.2,-2.108742482683155,249.0781687677087,4.951,0.03,9.98,-0.01,1.5615596166488268,-0.0072866844484257105,-0.05583740897889831,0.0421634817035659,-2.099756682179965,249.9965240388407,0.0,-0.043868814111560066,9.9958493300304,0.0,228.13,-0.0626178890232283,0.04713449725238779,-4.813699701544109,1.585212119569024,-0.06945635342799517,0.04797363698021298,-4.841600285140807,-0.04851684751389938,0.03157025831600002,0.01,1.5726458694662193,-2.147283024469862,249.9635855398823,0.0,-0.006600524021676858,9.999997616176655,0.0,1.5714563792585543,30.0,0.04672626057447005,0.040883376797056406,0.05063713859341486,0.1704925748056721,0.2502853125269819,0.03561219803246942,0.12512590080306304,0.11505408916161054,-37.37836118771892,0.07724673741458088
228.3,-2.1087427170798776,250.0767891805324,4.952,0.02,9.98,-0.01,1.5652945815261936,0.0,0.0,0.0,-2.097835343227546,250.9962572041198,0.0,-0.08149296741023512,9.997661513581013,0.0,228.229,-0.07653436276409485,0.041319704468940455,-4.925016847206394,1.528583156077794,-0.05584070667777639,0.04744051296045966,-4.850372253540424,0.12558906428925792,0.024220674734358738,0.02,1.5552452382312607,-2.1479430768855763,250.96358532204889,0.0,-0.006600524021163935,9.999997616176655,0.0,1.571456379258503,31.0,0.04654808114286391,0.04087145951591445,0.05066210467967113,0.17042121786621228,0.2502401454127226,0.03550232444873773,0.12502481419312048,0.11495898999208891,-37.38692469548824,0.07720380241838182
228.4,-2.1087429511056257,251.0754095914378,4.954,0.01,9.99,-0.01,1.5649048793737332,-0.006934583930824432,0.061092040125369854,-0.042930297974047946,-2.096741839433002,252.1963412425451,0.0,-0.07499615803410263,10.002198280878842,0.0,228.328,-0.08484855290432326,0.05431721135906848,-4.920596472197154,1.5400065821224231,-0.05449419085266848,0.049442203120119044,-4.855085999154937,0.17092968444640805,0.01619403564428623,0.01,1.5527165284891873,-2.148735139784363,252.16358506064878,0.0,-0.006600524019984878,9.999997616176655,0.0,1.571456379258385,32.0,0.04670995417597636,0.04084075360636795,0.0507078946454707,0.17039386961870803,0.25023143590576324,0.035616017012482314,0.12511750620669504,0.1149938108999472,-37.376919485058465,0.07719275435223322
228.5,-2.108743184682936,252.07403000102596,4.957,0.01,9.99,-0.01,1.561005801023219,-0.0010654671747600537,0.055453873599698965,-0.038752390460003644,-2.0966254836450404,252.99672236587043,0.0,-0.043980566519718066,10.006074548442701,0.0,228.427,-0.08855234337341619,0.030724130877713494,-4.890076441929028,1.5417427588984403,-0.05262876813873827,0.040507603950480496,-4.867870367848335,0.2042892221234484,-0.007225256443453176,0.01,1.549333725164824,-2.1492631817169032,252.96358488638205,0.0,-0.006600524021667976,9.999997616176655,0.0,1.5714563792585534,33.0,0.04662266388708067,0.040872483841772916,0.050729154030861624,0.17041546578811054,0.25023194841732366,0.03554984885700692,0.12505593581664404,0.11497791761725197,-37.378755060794276,0.07719879068932814
228.6,-2.1087434196841883,253.0615550243167,4.961,0.01,9.99,-0.01,1.5575434631344418,0.0,0.0,0.0,-2.096711842916714,253.99758608051994,0.0,-0.00906222264400009,10.01043864603614,0.0,228.526,-0.07788734027234542,0.03177641491566138,-4.877243972013657,1.5680045092785027,-0.06042676636322223,0.03057266634576477,-4.8616037732027575,0.11393235652980598,-0.026377798820833576,0.02,1.5583584840921136,-2.1499232341326437,253.96358466854863,0.0,-0.006600524021958855,9.999997616176655,0.0,1.5714563792585825,34.0,0.04647130645805476,0.04084837956269734,0.05072576974206811,0.17037835555724223,0.25021184999599577,0.035512119854031104,0.12503137274763113,0.11492998490123482,-37.38588739775609,0.07717848395098133
228.702,-2.1087436534865276,254.06017543304512,4.964,0.01,10.0,-0.01,1.5564574283224086,0.02504516822392947,-0.016393085421131,0.010858798269466502,-2.0966451449639596,255.19907093118067,0.0,0.0024544588951473448,10.013551712420616,0.0,228.658,-0.08593746889363611,0.033398120566032134,-4.869731180163506,1.546443834568304,-0.06815430466511921,0.02773850739081438,-4.868716229043304,0.10437681144329142,-0.03700972504458022,0.01,1.5593166621613137,-2.1507152970316756,255.16358440714853,0.0,-0.006600524023901745,9.999997616176653,0.0,1.5714563792587768,44.0,0.04778348458873677,0.04188907641924698,0.05089459005029692,0.1717063106126568,0.2507660081408301,0.03607990509844347,0.1254116535230738,0.11602470575348858,-37.25969938180681,0.07782806451927907
228.8,-2.1087438877951428,255.05879584066986,4.965,0.01,10.0,-0.01,1.5576051595297196,0.0,0.0,0.0,-2.096441597049265,256.00018300555945,0.0,-0.006621849414654204,10.0139497024574,0.0,228.724,-0.0824862395835619,0.037730678169973206,-4.939333851485035,1.554146204863392,-0.06525854252525772,0.029380548205116368,-4.875257465258226,0.09534437299436366,-0.02587432287726088,0.01,1.5602349543417517,-2.1512433389644454,255.9635842328818,0.0,-0.006600524024017208,9.999997616176653,0.0,1.5714563792587883,36.0,0.04760595243552562,0.041802590943397035,0.050915601976513694,0.17147370201836232,0.25063937697457167,0.0359880060506345,0.12531991590306432,0.11582972751704045,-37.27350968133901,0.07769719849769523
228.9,-2.1087441216552634,256.0574162458381,4.967,0.01,10.0,-0.01,1.5586412642758825,0.0,0.0,0.0,-2.096163552013571,257.00153015974087,0.0,-0.01703976533885666,10.012825683430314,0.0,228.823,-0.09518582191661445,0.027089285375671658,-4.836281433779123,1.5324455556673526,-0.05421395443909064,0.025351384297248477,-4.8707984344360415,0.1927565128602767,-0.030921667638359907,0.01,1.5504605890395382,-2.151903391380351,256.9635840150456,0.0,-0.00660052402266396,9.999997616148233,0.0,1.571456379258655,37.0,0.04746292987314151,0.04169201445828293,0.05091060495006062,0.17130118665160024,0.250562954476532,0.035913299935512996,0.12526723330278222,0.11569037903396037,-37.28598211835451,0.07761004143167353
229.0,-2.1087443590407986,257.0560370529468,4.97,0.01,9.99,-0.01,1.5576030631226043,0.0,0.0,0.0,-2.0959441217673986,258.00270916279464,0.0,-0.009436979881102757,10.010806219694537,0.0,228.922,-0.09187531167098924,0.022357064424193655,-4.924444698859921,1.531531591296817,-0.05293794088441649,0.022543137019715664,-4.879725516693421,0.221116834970062,-0.024310979149282375,0.01,1.5476092281743474,-2.152563443796169,257.96358379720937,0.0,-0.00660052402231313,9.999997616148233,0.0,1.5714563792586198,38.0,0.047708205938748145,0.041649325440882165,0.05096014858715626,0.1712555997725353,0.25054739288772815,0.03601886790584091,0.1253437667307841,0.11571857120736759,-37.27321308553663,0.07758998851273541
229.1,-2.1087445928036743,258.05465745689594,4.973,0.01,9.99,-0.01,1.5546956724163632,0.0,0.0,0.0,-2.0956041993914902,259.0036516699059,0.0,0.019279706056982253,10.008208817871676,0.0,229.021,-0.09043741371686283,0.025783886634250356,-4.863636258064751,1.5489825644271937,-0.06294219740538823,0.021947308455731306,-4.8681139827919395,0.14364890250207896,-0.020496408584511627,0.01,1.5553856558819443,-2.153223496212062,258.96358357937316,0.0,-0.006600524024120573,9.999997616148232,0.0,1.5714563792588006,39.0,0.04783637238375927,0.04179549865219694,0.05099626909025886,0.1714580081726771,0.250635950047447,0.036048608597218854,0.1253611075266181,0.11586693917637352,-37.258271537081576,0.0776918902142983
229.202,-2.108744826672961,259.05327785846407,4.976,0.02,9.99,-0.01,1.55376406858233,-0.0013875630539024338,-0.01778674475844777,0.008137327458754414,-2.094635608982944,260.2044176518729,0.0,0.029639260240260454,10.004793292864901,0.0,229.12,-0.08602482816017235,0.0399223617743178,-4.93594268194115,1.5770365876533234,-0.08076175439367236,0.027829564619916546,-4.878844527241657,-0.0045008113301108574,-0.0014383438847112018,0.01,1.5692446342926023,-2.154015559111284,260.16358331796965,0.0,-0.006600524025788127,9.999997616148232,0.0,1.5714563792589673,41.0,0.0481388554169344,0.04207006617753965,0.05105400713171636,0.17183059778797935,0.2507986177987211,0.036189493553810535,0.12547272928861775,0.11617253777797978,-37.22613568425651,0.0778784004822653
229.304,-2.10874506081592,260.0518982607313,4.979,0.02,9.98,-0.01,1.5568753276627998,-0.010909903416655651,-0.07635227624684378,0.05821567295620228,-2.093461675447852,261.2047631616731,0.0,-0.007190395278023177,10.002456278492726,0.0,229.219,-0.07985723726226851,0.04011077476117919,-4.8765449206236395,1.5420229798536176,-0.07070649135369186,0.03775853729250092,-4.8814052924699425,0.09121416024276965,0.030014649706465946,0.01,1.5596864944484112,-2.1546756115274337,261.1635831001334,0.0,-0.0066005240256438,9.999997616148233,0.0,1.5714563792589529,41.0,0.049378603439137934,0.042349093207122095,0.05112033039855636,0.17257732698893447,0.2512202959941954,0.03701217971573497,0.1262474536421797,0.11704787226162364,-37.14637123304993,0.07831135426368892
229.406,-2.0996558802654164,261.05051907200846,4.982,0.02,9.98,0.0,1.559697488383625,-0.02539248963179324,-0.003147226203621293,0.0013809166178484248,-2.0924159710426027,262.2049498980644,0.0,-0.02855776001743716,10.00159358342188,0.0,229.384,-0.09639179380809822,0.04286998422382948,-4.9231767048844635,1.5418626780694602,-0.07720619177457502,0.04110946866933365,-4.890696828061444,0.1084006973436482,0.033199456896909396,-0.0,1.5579738856941112,-2.1553356639434496,262.16358288229725,0.0,-0.006600524024247138,9.999997616148232,0.0,1.5714563792588132,22.0,0.04947393303187439,0.04266353060600998,0.05106562037140253,0.17310369590036948,0.2514642681216034,0.03703483418318139,0.12628331401943632,0.11739376649633707,-37.12866744834635,0.07858503576208486
229.5,-2.09965611080203,262.0380436890754,4.984,0.01,9.98,0.0,1.5594022358444075,-0.019985637561067693,0.004425548666938145,-0.005086501169047023,-2.091803451903939,263.2051683187973,0.0,-0.024597441875015297,10.002917864989223,0.0,229.417,-0.09556317040126414,0.04117997329117359,-4.845018923616089,1.563825607683437,-0.07778780471622601,0.04398967814426377,-4.886015968176325,0.0777820719271787,0.03554490614774508,-0.0,1.562031968479077,-2.1559957163593557,263.163582664461,0.0,-0.006600524023727554,9.999997616148233,0.0,1.5714563792587612,43.0,0.04727082998003838,0.041480469826017954,0.050703079349425105,0.17150360386373303,0.2507517906656964,0.03608361006144538,0.12557374138502814,0.11588670110030483,-37.315649417561644,0.0777696445683654
229.6,-2.0996563431997544,263.0366640872526,4.986,0.01,9.99,0.0,1.5597748431053498,0.0,0.0,0.0,-2.0916703766560945,264.2056203025343,0.0,-0.030503811959501675,10.00601274742708,0.0,229.516,-0.09391139256715808,0.03630767203684523,-4.911246884022009,1.542016749677649,-0.06958413273241651,0.04288414331550281,-4.893228458568094,0.15231993743180838,0.01837326064254796,-0.0,1.5545793349417678,-2.1566557687752947,264.16358244662473,0.0,-0.0066005240233878255,9.999997616148233,0.0,1.5714563792587273,44.0,0.04807247943324716,0.04185065590685361,0.05065900954157393,0.17211511395903442,0.25104101243000265,0.03646746946610697,0.1258977197065304,0.11645409045800481,-37.26035882507329,0.07809164697737969
229.7,-2.0996565765035484,264.0352844829453,4.988,0.0,9.99,0.0,1.5594124803927283,0.0,0.0,0.0,-2.092004655254287,265.2064463503383,0.0,-0.02288041634301895,10.010161313617685,0.0,229.681,-0.09836554457412691,0.03013597723022841,-4.888772487015562,1.553125703469658,-0.08566444478083586,0.03457322135559604,-4.887571730578717,0.08616743620676896,-0.003452159614155903,-0.0,1.561166926792096,-2.1573158211912142,265.16358222878847,0.0,-0.006600524023623193,9.999997616148233,0.0,1.5714563792587508,19.0,0.048172929050130264,0.04189110059389259,0.050623318186061,0.17215168945314108,0.25105000753537837,0.03649953306630799,0.12590929406480372,0.11648589245744367,-37.25410279594437,0.07810643139443306
229.823,-2.0996568688561013,265.28910786861053,4.989,0.0,10.0,0.0,1.5592149962347488,0.01643817418647125,-0.019354031026088535,0.010444029286981401,-2.092949232406655,266.40795687971615,0.0,-0.024143400808972662,10.014471313723252,0.0,229.78,-0.09693517687723471,0.018354137485171937,-4.9247187946034865,1.5325067187528718,-0.07736604124347718,0.023629823439643236,-4.892871315466822,0.16435181547210428,-0.037397559148070414,-0.0,1.5543009472389921,-2.1581078840902777,266.36358196738496,0.0,-0.006600524023356739,9.999997616148233,0.0,1.5714563792587242,43.0,0.05510869117023128,0.04582256056433278,0.05172521135396598,0.17741465298253273,0.25333547963896086,0.039553888304770794,0.12816988200867552,0.12145902545973929,-36.6726946320575,0.08078673818098955
229.9,-2.099657045764104,266.0325256905554,4.991,0.0,10.0,0.0,1.5590878297251205,0.03559114288636054,0.02052999840525549,-0.01548236200353374,-2.093630910155989,267.0088692013421,0.0,-0.023648746353742072,10.015642059701742,0.0,229.813,-0.09645927377298279,0.02802699164455026,-4.873143294128481,1.5495146034278022,-0.07434948111622201,0.02607811815384074,-4.887340805640834,0.10406814985610102,-0.02583988663199932,-0.0,1.5603629296460495,-2.1585039155398302,266.96358183668326,0.0,-0.006600524022767632,9.999997616153918,0.0,1.5714563792586649,50.0,0.05946774125061173,0.04847985589252029,0.05287789172073043,0.18051030431033044,0.2545697473635005,0.04119197754230821,0.1292228625307526,0.12446783355905092,-36.34494339359938,0.08236027702541521
230.0,-2.0996572790770642,267.0311460830278,4.993,0.0,10.0,0.0,1.5587842502307634,0.015501740625381651,-0.009480111555507506,0.009847603747367064,-2.0950708920688705,268.01046884694523,0.0,-0.01849612696123758,10.015942311056458,0.0,229.912,-0.0942777708161235,0.026880453485648197,-4.892653695413014,1.5612180981542627,-0.08121573591708042,0.02037865547825907,-4.8936282189802505,0.06721769013309827,-0.03249679230826352,-0.0,1.5640527451976534,-2.1591639679554655,267.9635816188471,0.0,-0.006600524019069058,9.999997616148233,0.0,1.5714563792582954,48.0,0.05093136439011661,0.04383343295401703,0.05219664982427119,0.17410947089153703,0.2517521701453234,0.03763263049424872,0.12661220892940972,0.11837999333096275,-36.94558718381591,0.07898498059364886
230.1,-2.0996575117089833,268.02976647636547,4.994,0.0,9.99,0.0,1.5601936495539286,0.012396784241218563,-0.02607279651213044,0.015045818460971897,-2.096869423624754,269.01198576343774,0.0,-0.03245792723426718,10.01433547502422,0.0,230.011,-0.09141373449441843,0.0328433635007968,-4.924436320379475,1.5558516854104292,-0.07864620669840705,0.021632300289590855,-4.8864750398384675,0.08961809684098243,-0.013623251236692724,-0.0,1.5618135378884719,-2.159824020370972,268.96358140101086,0.0,-0.006600524019690783,9.999997616148233,0.0,1.5714563792583576,49.0,0.050387811478906114,0.043217345138009663,0.05180488844638744,0.17377924521172275,0.2517321412547968,0.0374788663389637,0.1266755834352147,0.11811008280114126,-37.023857114355536,0.07889224547427373
230.2,-2.0996577450022187,269.02838686625824,4.996,-0.01,9.99,-0.01,1.5612183418732624,0.0,0.0,0.0,-2.0991374811043366,270.0132888699495,0.0,-0.04374908722830342,10.011788498564218,0.0,230.11,-0.09189019054362686,0.03876801161932366,-4.845128333023401,1.5652845374041302,-0.0829250960808283,0.03390685356533328,-4.877313425742525,0.04501665067166224,0.01572980204916341,0.01,1.5662972699717748,-2.1604840727865424,269.9635811831746,0.0,-0.00660052402047238,9.999997616148232,0.0,1.5714563792584357,50.0,0.050206882782559886,0.04310848961332474,0.051493795085844625,0.17382807409809742,0.2518021894319462,0.03736364982235732,0.12662136365962548,0.11808023789827303,-37.05682598052109,0.0789501358729417
230.3,-2.0996579828047714,270.0491988185429,4.999,-0.01,9.99,-0.01,1.562403985359941,0.0,0.0,0.0,-2.102001197206632,271.014349977717,0.0,-0.05392877500318108,10.009606785054686,0.0,230.209,-0.09023628236469271,0.020097865257154745,-4.893078685887453,1.5377945150457062,-0.06177812794393945,0.024608127139549185,-4.879191564768041,0.20332351801645743,-0.007151687869150436,0.01,1.5514331800910344,-2.1611441252021453,270.9635809653384,0.0,-0.006600524020538993,9.999997616148232,0.0,1.5714563792584424,51.0,0.050410017730075654,0.04317319873840075,0.051378019025284744,0.17392185323537399,0.2518501528807027,0.03747175658769985,0.12667363203188328,0.11817244794859158,-37.04981461590945,0.0790062987900309
230.4,-2.108747647814127,271.0478196308543,5.002,-0.02,9.99,0.0,1.5609960500758628,0.0,0.0,0.0,-2.1054797545741804,272.0152639842466,0.0,-0.04536652717679063,10.008779415818426,0.0,230.308,-0.0916211070993597,0.024223465231034382,-4.853109847424813,1.5181902579341013,-0.0494081003804096,0.021363574042360507,-4.87651920591053,0.2662759154878461,-0.013211153014815125,-0.0,1.5461164508028173,-2.1618041776178276,271.96358074750214,0.0,-0.006600524021185143,9.999997616148233,0.0,1.571456379258507,52.0,0.05096274135603689,0.04308849298609464,0.051423214286116486,0.17376663003205456,0.2517800107865631,0.03769889600602499,0.12679524026401823,0.11818442145991284,-37.0268133334183,0.07892923215377418
230.5,-2.1087478815163365,272.0464400191838,5.004,-0.02,9.99,0.0,1.5566966804352145,0.0,0.0,0.0,-2.1092301151229784,273.01611686564246,0.0,-0.0031153944414312883,10.008267638243847,0.0,230.407,-0.09701781296110319,0.03179686008689264,-4.935779272165073,1.545293137375445,-0.044013704500136294,0.025127688848517946,-4.880204149734777,0.2794382905409321,-0.0029391673045680022,-0.0,1.5448247261600112,-2.162464230033483,272.9635805296659,0.0,-0.00660052402097198,9.999997616148233,0.0,1.5714563792584857,53.0,0.05142453132533727,0.04337407660071355,0.051589060298845635,0.1740570226348518,0.25189219643922867,0.03783099330242792,0.12683773055290196,0.11845174378706028,-36.985888906212054,0.079072021580045
230.6,-2.1178375471261717,273.0450604030344,5.007,-0.01,9.99,0.0,1.552971608066235,0.0,0.0,0.0,-2.1131532805185933,274.2170420570894,0.0,0.04188499267788673,10.006911201600142,0.0,230.506,-0.09248946263736264,0.01833705270970246,-4.846388364021628,1.5487704047765947,-0.05030828485416645,0.021188834680245593,-4.879525004949546,0.2086788222897799,-0.0103976199381286,-0.0,1.550890465587906,-2.1632562929323527,274.16358026826236,0.0,-0.006600524022184344,9.999997616148233,0.0,1.571456379258607,55.0,0.050819513181298764,0.043286955112940353,0.051484823172264396,0.17390098803308432,0.2518212826350386,0.037604838417631056,0.12667712799070086,0.11822380107524072,-37.02184335249013,0.07899294289291522
230.703,-2.117837782163207,274.0436807876172,5.009,0.0,9.99,0.0,1.5514576556768755,0.004244340208132081,0.00103101897944786,0.0029675381379253977,-2.1153337887708417,275.2177010002405,0.0,0.0534159359809659,10.005693582502918,0.0,230.671,-0.07991313403723808,0.02510318996879957,-4.92813615258919,1.5554549077171964,-0.0671321190558424,0.021648558282590533,-4.884078548807189,0.09948980797616787,-0.006732569718499448,-0.0,1.5608310007851123,-2.163916345348124,275.1635800504261,0.0,-0.00660052402181575,9.999997616148233,0.0,1.57145637925857,32.0,0.051360973292922996,0.04374778683376974,0.05153914515242154,0.17449003294727258,0.25207366531445513,0.037842105931614176,0.12685486464045118,0.11872018792078261,-36.97055361869746,0.07929237402140496
230.8,-2.1178380206072944,275.042301602999,5.01,0.0,9.99,0.0,1.5532354144987206,0.0,0.0,0.0,-2.1162963489096196,276.0181399047933,0.0,0.04013520143092107,10.00477517647895,0.0,230.737,-0.07826030193447028,0.027315541667472812,-4.850935098639486,1.5561766082807493,-0.0629257010690858,0.023649059201835493,-4.880578052595464,0.09080530707652568,2.575143146366088e-05,-0.0,1.5617069802147878,-2.1644443872807444,275.9635798761571,0.0,-0.00660052402216436,9.999997616148233,0.0,1.571456379258605,23.0,0.04705839402460725,0.04118695195258008,0.05113856582896872,0.17068904305694613,0.2503399076907679,0.03573169741724661,0.12516712417660902,0.11527439235164164,-37.32016896861744,0.07732421971495387
230.9,-2.1178382555470705,276.0409219871222,5.01,0.01,9.98,0.0,1.5562545508753995,-0.0021396388085171665,-0.032009948287547656,0.026710629661432488,-2.116905832232079,277.21862724916224,0.0,0.0030877480924183963,10.00325043577354,0.0,230.836,-0.07533280741852012,0.027747156625522757,-4.850494514564899,1.5596379436460945,-0.06623814006894786,0.028667324286080077,-4.872918236028815,0.03542979353939146,0.021233829370165935,-0.0,1.5662539391396606,-2.1652364501798043,277.1635796147536,0.0,-0.006600524023827474,9.999997616148232,0.0,1.5714563792587712,24.0,0.04657702645405918,0.04093614251394406,0.05095497038143807,0.17048839223600032,0.25028288939789584,0.035541622427794135,0.1250680714063849,0.1150546421864854,-37.366817521235824,0.07724361271547152
231.0,-2.117838490993094,277.03954236900245,5.01,0.01,9.98,-0.01,1.5592409605768063,0.0,0.0,0.0,-2.117183008881837,278.2188955116846,0.0,-0.02704955442596998,10.002230641634416,0.0,230.968,-0.07475399918224032,0.02000733312301992,-4.895590835922488,1.5617748086320016,-0.06914577693652249,0.02426633454872918,-4.876760203205368,0.03992910303950322,0.007768778811731991,0.01,1.5657973437149018,-2.1658965025957886,278.1635793969173,0.0,-0.006600524024062841,9.999997616148232,0.0,1.5714563792587948,32.0,0.046451168826459194,0.04081137618285629,0.05085772726472136,0.17037174360385576,0.2502340331391171,0.03548558003906335,0.12502788407922052,0.11494458848153809,-37.38445115255898,0.07718779344141942
231.1,-2.1178387259906657,278.0381627480465,5.01,0.0,9.98,-0.01,1.561755223260496,0.0,0.0,0.0,-2.1175576124777837,279.01906258632516,0.0,-0.04693425177164382,10.001798843933052,0.0,231.034,-0.0768606779602341,0.00885945654921063,-4.864869227924608,1.5561955515771226,-0.06611233180302006,0.016727020885857334,-4.874529065100161,0.053927324604100456,-0.01049938567443931,0.01,1.564384125128796,-2.166424544528581,278.9635792226483,0.0,-0.006600524023991787,9.999997616148232,0.0,1.5714563792587877,26.0,0.04636167072052763,0.040878281620270907,0.050754106394746465,0.17050307230046452,0.2502925406151541,0.03547554654178617,0.12502993111156455,0.11500506936384106,-37.388960084773814,0.07725513232734481
231.2,-2.1178389610171138,279.0367831272091,5.01,0.0,9.98,-0.01,1.5627824161809423,0.011718401217498961,-0.0051659120088625105,0.007866428211234863,-2.1184803107422816,280.0192408654332,0.0,-0.05802548806584082,10.00127926011271,0.0,231.133,-0.07021405176727777,0.016289911034292944,-4.9034354819244195,1.5326205109112094,-0.050441758418531026,0.011362868934947642,-4.8821704607744785,0.17461272758609536,-0.02080841037214043,0.01,1.5532653015766322,-2.167084596944614,279.96357900481206,0.0,-0.006600524025126435,9.999997616148232,0.0,1.5714563792589011,27.0,0.046148267507481945,0.04085731911074879,0.05067897076683482,0.1704545078427525,0.25026020081681377,0.03540851154826899,0.12497560128864023,0.11492491216115337,-37.40296985741925,0.07722494672449506
231.3,-2.1178391960724667,280.0354035038321,5.011,0.0,9.98,-0.01,1.561692920574222,0.015854665678582503,0.043211080571856846,-0.034990825912750004,-2.1199811711227188,281.0193277431176,0.0,-0.052351472821194095,9.999970169434802,0.0,231.232,-0.08511525067069317,0.015736573991382872,-4.929203040042665,1.5494387867042334,-0.05972534343323026,0.012377517818445248,-4.890062638361526,0.12085999342781834,-0.014904213642598307,0.01,1.5586685890875378,-2.167744649360684,280.9635787869758,0.0,-0.006600524024793368,9.999997616148232,0.0,1.5714563792588678,28.0,0.04592552198754752,0.04061886371213408,0.05062560566017343,0.1701009207252572,0.2500902682901898,0.03529455820309458,0.12487465054933693,0.11464084732116303,-37.429050384200984,0.07703924366437775
231.4,-2.117839430601805,281.0340238797388,5.012,0.0,9.98,-0.01,1.5598972887408475,0.0,0.0,0.0,-2.121844991630492,282.0192059632509,0.0,-0.031093611063504476,9.997483687228067,0.0,231.331,-0.08479765332172452,0.014479481914064745,-4.798950979168357,1.55628918783532,-0.06266246927091462,0.012310836038881797,-4.878029492721751,0.11608745183856535,-0.012690564459870046,0.01,1.5591500340826288,-2.168404701776724,281.96357856913954,0.0,-0.006600524023629854,9.999997616148233,0.0,1.5714563792587515,29.0,0.04610505562863981,0.04083369341461174,0.050558535992369424,0.17043517280504977,0.2502429195081742,0.03537468476959883,0.12495365987491501,0.11488368456583636,-37.41315383996314,0.07721043506873604
231.5,-2.126929108544388,282.03264425225075,5.014,0.0,9.98,-0.01,1.559731460237179,0.0,0.0,0.0,-2.123840506252798,283.0187768540311,0.0,-0.02925022722799996,9.994189691120805,0.0,231.43,-0.07289091282308591,0.004720772851562095,-4.853305606034981,1.5195652270441538,-0.035863008119488955,0.004064542967337968,-4.870737555305155,0.2948161714308388,-0.031190582522237165,0.01,1.5411716844332362,-2.1690647541925627,282.9635783513033,0.0,-0.006600524022304248,9.999997616148233,0.0,1.571456379258619,30.0,0.04602962416302062,0.04076999048928042,0.050523909692502776,0.17033012197397476,0.2501905575216459,0.03537291781277616,0.12495176627225103,0.11480543660950693,-37.4206106166247,0.07715467974269094
231.6,-2.1269293449634574,283.03126462410637,5.016,0.0,9.97,-0.01,1.5565761151399948,0.0,0.0,0.0,-2.1257934791705457,284.01799109075745,0.0,-0.004404868743827253,9.990422792424033,0.0,231.529,-0.08284759511654151,0.00901981770092481,-4.9287200880379824,1.5437167518610608,-0.03943444541598963,0.004230693559892945,-4.880618124456932,0.22688688663085943,-0.015804117261589923,0.01,1.5480071823565196,-2.169724806608348,283.963578133467,0.0,-0.006600524022111069,9.999997616148233,0.0,1.5714563792585996,31.0,0.0469638242067469,0.04082553077782578,0.05070935378014531,0.17040091608849847,0.2502191247693361,0.03579114534619894,0.12524440420912522,0.11505701278323695,-37.36171999124487,0.07718907664511745
231.7,-2.1269295807014714,284.02988499644755,5.016,0.0,9.97,-0.01,1.552618655436907,0.0,0.0,0.0,-2.1272229457332523,285.0167793281288,0.0,0.039916112330898916,9.98554604225496,0.0,231.628,-0.07947094512045746,0.013976862607364422,-4.929457546061016,1.5714541060569511,-0.05637132457964001,0.00969264646120083,-4.891783524937971,0.09148332269990779,-0.000779701162226587,0.01,1.561620006865803,-2.170384859024114,284.96357791563076,0.0,-0.006600524022004488,9.999997616148233,0.0,1.571456379258589,32.0,0.046219544902578756,0.04083120977035,0.0506391067433789,0.1703444526452118,0.2501774886561314,0.035340553320832996,0.12488716197567977,0.11481951946672701,-37.40484473777064,0.07715074458962085
231.8,-2.1269298170232673,285.02850536556514,5.015,0.01,9.96,-0.01,1.5539128324624634,0.0,0.0,0.0,-2.127747557948938,286.01508510694924,0.0,0.03226482210036725,9.980847846622156,0.0,231.76,-0.06264668775321032,0.01876187307952801,-4.869088262653555,1.55461601420487,-0.05765883485304737,0.018169426331639996,-4.898742752808634,0.08502987944216937,0.01896229075117084,0.01,1.561283125133669,-2.1710449114399277,285.96357769779485,0.0,-0.006600524025899992,9.9999976161596,0.0,1.5714563792589777,40.0,0.04685846229696768,0.04081897701064615,0.05076866770384869,0.17035002730088475,0.2501884330401343,0.0357022773381296,0.1251759685887925,0.11499642154121682,-37.365753944073624,0.07715878081708273
231.9,-2.126930050350296,286.0160299528321,5.015,0.01,9.96,-0.01,1.5568219628792743,0.0,0.0,0.0,-2.1275554884907377,287.0129585749741,0.0,0.0019204495647545386,9.977170238400292,0.0,231.826,-0.07110701596722135,0.02260650798469795,-4.950973598417939,1.5926314591272475,-0.0717265066667115,0.022823818909033754,-4.903161897169996,-0.06306414915745023,0.03494349784579498,0.01,1.5761053763770627,-2.171704963856232,286.9635774799587,0.0,-0.006600524029489613,9.999997616148232,0.0,1.5714563792593375,34.0,0.04779834311932355,0.04158560387243336,0.0508941549322027,0.1713324672877671,0.2505984922865216,0.0360440054401711,0.12538544453157296,0.11577935777239345,-37.27799397010248,0.07763933654419944
232.0,-2.1269302861749964,287.0146503186938,5.015,0.01,9.96,-0.01,1.5609429255735616,-0.019257125529074874,-0.08133234546738724,0.06506385189037023,-2.1271360867941067,288.0105388918696,0.0,-0.03471171635096394,9.974846822651836,0.0,231.925,-0.06923377578059871,0.033778374082027204,-4.936522593274922,1.5384181099704968,-0.047382791652575265,0.03055377300416199,-4.899774885719832,0.1414205481332149,0.046312973727591356,0.01,1.5556649800084776,-2.172365016272793,287.9635772621225,0.0,-0.006600524030262328,9.999997616148232,0.0,1.5714563792594147,35.0,0.04820938968281329,0.041711749479503,0.05105688751214242,0.17135295418751634,0.25057506912836336,0.03617433021075304,0.1254395508581773,0.11586418432382875,-37.244141029453075,0.07762996350648826
232.1,-2.1269305222733834,288.01327068373564,5.016,0.01,9.96,-0.01,1.5631525559027233,0.0,0.0,0.0,-2.1270168343443494,289.00801704076287,0.0,-0.06686284406957685,9.974537834480941,0.0,232.024,-0.07118411499425685,0.032428219268895206,-4.87991177008324,1.5710941308404234,-0.05874655546126221,0.03609479026325613,-4.900918427312602,0.03308145995040142,0.051413288048230754,0.01,1.566493118767338,-2.173025068689408,288.96357704428624,0.0,-0.006600524031108316,9.999997616148232,0.0,1.5714563792594993,36.0,0.04803104452086569,0.041898758387003264,0.0510691757537923,0.17157062716720592,0.25066895631017927,0.03607311322561848,0.12537349040914705,0.1159617352636533,-37.24363675482051,0.07773864245445242
232.2,-2.126930755299469,289.0007952656291,5.018,0.0,9.96,-0.01,1.5623668200012781,0.0,0.0,0.0,-2.127355648857241,290.0056090923487,0.0,-0.05348455512951693,9.976726464901,0.0,232.123,-0.07344221984437019,0.03977738107795082,-4.944531686745136,1.5619503377207196,-0.060030399225167515,0.04017817831060429,-4.905952915228065,0.07671072645680152,0.05252551578016984,0.01,1.563135000443108,-2.1736851211060215,289.96357682645,0.0,-0.006600524029653926,9.999997616148232,0.0,1.5714563792593539,37.0,0.04753878550182892,0.04173518807607533,0.05102148372970695,0.1713114115665851,0.2505517520414789,0.035870150176575515,0.1252260695852023,0.11569697021415368,-37.277796552372806,0.0776058270627191
232.3,-2.1269309950255177,289.9994160838661,5.02,0.0,9.97,-0.01,1.5631908034582174,0.0,0.0,0.0,-2.128133403810758,291.0035094867886,0.0,-0.06349493667619265,9.980569996043199,0.0,232.222,-0.07582546352228887,0.022670926941963085,-4.855255270347284,1.5427561091861768,-0.05683626148719553,0.03304788731760126,-4.90096566177813,0.11082734007030752,0.017933873529111466,0.01,1.5597006594316563,-2.174345173522524,290.9635766086137,0.0,-0.006600524028688032,9.999997616148233,0.0,1.5714563792592573,38.0,0.04748529449473237,0.04173839478139787,0.05098027537766946,0.17136030490810727,0.2505870229566029,0.03590205208261541,0.1252684407068438,0.1157352850230817,-37.280436546386106,0.07763881746923379
232.402,-2.126931230978016,290.9980364465098,5.021,0.0,9.97,-0.01,1.5626401454817989,0.00962396974233005,0.018248593222537163,-0.01308141974790606,-2.1296685042520362,292.2015957376576,0.0,-0.0565145833233099,9.986495821429378,0.0,232.321,-0.07630756679253185,0.02365285390088396,-4.878395758151705,1.5586313114086274,-0.05584017342853483,0.026829937836523803,-4.895852143575404,0.10817769532553041,0.0014429113473024557,0.01,1.559948001975534,-2.175137236422254,292.1635763472102,0.0,-0.006600524028794613,9.999997616148233,0.0,1.571456379259268,39.0,0.0480948636927636,0.04195657200419598,0.05106192896501952,0.17168823636976188,0.2507383021438384,0.0362012852759678,0.1254909539736189,0.11608584969217246,-37.232803080791406,0.07780767542111111
232.502,-2.1269314670369113,291.9966568082913,5.022,0.0,9.98,-0.01,1.5618608836692314,0.020774542647477686,0.007762696126384157,-0.004896659822949136,-2.131336959109332,293.2004939272016,0.0,-0.04939569474361558,9.99044548707618,0.0,232.42,-0.07651635001886735,0.03824066973181304,-4.946378388458287,1.562029283873287,-0.06071968067846724,0.036501576384306594,-4.901034072630319,0.07318934956210907,0.012311141721498942,0.01,1.5634718910648338,-2.1757972888386656,293.16357612937395,0.0,-0.006600524028423799,9.999997616148233,0.0,1.5714563792592309,40.0,0.048418077204541624,0.042076655990282236,0.05095047642504041,0.17220843261174906,0.2510573273570941,0.03661165585750842,0.1259570002815233,0.11660181137427879,-37.214220380928715,0.0781246305698958
232.6,-2.126931703047177,292.9952771669949,5.022,0.0,9.98,-0.01,1.56197323376802,0.0,0.0,0.0,-2.1328591245713824,293.99984379089517,0.0,-0.05047723804884062,9.992587144921202,0.0,232.519,-0.07262076162482313,0.02970481047375448,-4.8929586536588525,1.5420395993265876,-0.05569087162152802,0.03507267897516311,-4.897821589123094,0.12858508833097296,0.007057672209349164,0.01,1.5579218658603853,-2.176325330771787,293.96357595510494,0.0,-0.00660052402843046,9.999997616148233,0.0,1.5714563792592315,41.0,0.04780647918244482,0.041703366302205946,0.0507298357953318,0.17183936508497194,0.2509187504657293,0.0363477020920922,0.12578609348552947,0.11623042994239385,-37.27520097716711,0.07795291202255145
232.7,-2.136021388655564,293.9828017420979,5.02,0.0,9.98,-0.01,1.5616299771380164,0.0,0.0,0.0,-2.1349858451215775,294.9992348090534,0.0,-0.0496173585353651,9.994685281722122,0.0,232.618,-0.0730096527437288,0.03351652213481518,-4.8763569777189835,1.543522916430691,-0.04782021073851226,0.03555416197804813,-4.885212168922148,0.16600253348778682,0.006610788672817947,0.01,1.55417534793949,-2.176985383188199,294.9635757372687,0.0,-0.006600524028568128,9.999997616148233,0.0,1.5714563792592453,42.0,0.05140772140493272,0.04363940927129345,0.05100446661563462,0.174568652646044,0.2521111353285274,0.03789755289765643,0.12691653213224502,0.11872687716374007,-37.004569443707545,0.07934378440449606
232.801,-2.136021622185993,294.9814216340226,5.019,0.0,9.98,-0.01,1.5597289698806145,0.0017121674762683007,0.03611515683067877,-0.024429596120353333,-2.1377198700404216,296.19875832296555,0.0,-0.0267653823628116,9.997021993878072,0.0,232.717,-0.07453555272132863,0.038473074711687816,-4.955836909488248,1.5371909119133769,-0.03624188074177628,0.03517024764975094,-4.8866731432623745,0.23930658605577287,0.003919181422586959,0.01,1.5468317124507798,-2.177777446087887,296.1635754758652,0.0,-0.006600524027722138,9.999997616148233,0.0,1.5714563792591607,43.0,0.0491132207051577,0.04241054229100102,0.05095490894587973,0.17261192047867532,0.2512019091137476,0.036854963859932845,0.1260917964968918,0.1169618690297918,-37.165747287739514,0.07831134065303341
232.9,-2.1360218594049343,295.98004198688227,5.018,0.0,9.98,-0.01,1.5565115549278,0.0,0.0,0.0,-2.1397770475327036,297.1985515050801,0.0,0.00637809597543614,9.998649708361954,0.0,232.816,-0.07818410361616997,0.037820016111083106,-4.89853246808473,1.5439357197510777,-0.03760817153853573,0.03700581445213179,-4.885938378466005,0.21566957737502415,0.007404665893140816,0.01,1.5492055260635746,-2.1784374985041954,297.1635752580289,0.0,-0.006600524026898351,9.999997616148233,0.0,1.5714563792590783,44.0,0.048784237031847616,0.04202155409639092,0.05097054286055929,0.17214129535423248,0.25101652702630484,0.03672703665329334,0.12601948019172884,0.11661541604666212,-37.200376480753604,0.078085428850007
233.012,-2.1360220995127293,296.97866280571714,5.02,0.0,9.98,-0.02,1.5538348733123877,0.00014697248594486604,0.025437279726616396,-0.019120952335477993,-2.1411770745642067,298.1984999756677,0.0,0.03122706001700945,10.000021193963963,0.0,232.981,-0.06515012587169787,0.0403279330212057,-4.893617765411067,1.533625969545699,-0.04046260809561067,0.043028684147703576,-4.899618667734449,0.24126833999944683,0.01683868833212898,0.02,1.546666547387646,299.78399999995304,1.9427748759480997e-08,0.0,10.000000000013642,6.961028400689298e-10,0.0,6.961028400679802e-11,31.0,0.055708584207340796,0.045989013252813245,0.051865957788784875,0.17757901246238247,0.25338909863798,0.03964338030706926,0.12817114522887288,0.12164829431883652,-36.65974550976413,0.08087780882485134
233.1,-2.1360223367119318,297.9772831567568,5.022,0.01,9.98,-0.02,1.5520219067719319,0.0,0.0,0.0,-2.141588313850451,298.9985726487173,0.0,0.045858636298258613,10.001310398761841,0.0,233.014,-0.06689962373741241,0.04075936041430627,-4.881158469568927,1.53200365586311,-0.026553694108991173,0.042924316895294086,-4.895913909032764,0.26097365473516815,0.013806494221100252,0.02,1.5436888097961443,-2.1796255928534154,298.96357486592365,0.0,-0.006600524026549741,9.999997616148233,0.0,1.5714563792590435,50.0,0.04693484120480178,0.04125198744289337,0.050971602377491765,0.170822133104859,0.2503636109434403,0.03576813424816916,0.12522579704980602,0.11532570855332447,-37.32424826927734,0.0773684617239101
233.205,-2.136022568610713,298.9537119445658,5.026,0.02,9.99,-0.01,1.549837171160851,0.0,0.0,0.0,-2.140737283140241,300.1989230270237,0.0,0.07242618957782963,10.003799643432949,0.0,233.179,-0.06250517039151808,0.042471675680638435,-4.9568613960214964,1.5604069185476384,-0.05131115336642846,0.042499964527274975,-4.918084897931633,0.06374124938800103,0.003755806720221244,0.01,1.5624171657302797,-2.180417655752926,300.16357460452014,0.0,-0.0066005240280174555,9.999997616148232,0.0,1.5714563792591902,26.0,0.04971480083326,0.04270944785334033,0.05115994684153471,0.17318993604001626,0.2514906517506892,0.03721124284043687,0.12645315882004918,0.11753037835148647,-37.10788413967027,0.07861584896694088
233.3,-2.1360228089071427,299.9523327664034,5.03,0.03,9.99,-0.01,1.5506698275592665,0.0,0.0,0.0,-2.1391166868977622,300.999355791251,0.0,0.06566721825259829,10.006019863208621,0.0,233.212,-0.06605700297924366,0.051814558796800976,-4.947768311250012,1.5547403275711618,-0.050883362570207556,0.04703441471029472,-4.920151216614794,0.04848308511068185,0.014384701279247736,0.01,1.5629516189480488,-2.1809456976860173,300.96357443025113,0.0,-0.006600524027873128,9.999997616148233,0.0,1.5714563792591758,48.0,0.04937100723385509,0.04243381332514602,0.050958380184490386,0.17288546439921545,0.2513560098125827,0.0369780301732156,0.1262573797040747,0.11721240949429149,-37.15628267591527,0.07846304592326224
233.4,-2.1360230458829363,300.95095311412683,5.032,0.04,9.99,-0.01,1.5551585956153011,0.0,0.0,0.0,-2.1355581016575704,302.20034005199426,0.0,0.012822339560282149,10.009876789833342,0.0,233.311,-0.06502806136564869,0.04066599256211763,-4.899075958231746,1.5704186066792687,-0.06068474093050596,0.040801420241093046,-4.9185110625479656,-0.010500923207065048,-5.714659010180867e-05,0.01,1.5678434579459628,-2.181737760585599,302.1635741688476,0.0,-0.006600524026003511,9.999997616148233,0.0,1.5714563792589888,50.0,0.05050337168701789,0.04314978965548749,0.05106124394663723,0.17383582900165365,0.2517700993833014,0.03748059471107685,0.12662997173157267,0.11806676864125243,-37.06393020098693,0.07894835193571428
233.5,-2.1360232832874573,301.9495734621071,5.034,0.04,9.99,-0.01,1.558794209794376,0.0,0.0,0.0,-2.132262204869777,303.2014908281427,0.0,-0.02404087053939883,10.012730320423552,0.0,233.41,-0.06984881547938461,0.03260383094802479,-4.951325651704569,1.5571690326387753,-0.06805640033052608,0.03608925337067363,-4.919532205914772,-0.018079622585078146,-0.009790411227749374,0.01,1.5685999458500564,-2.1823978130017623,303.16357395101136,0.0,-0.006600524025646019,9.999997616148232,0.0,1.571456379258953,50.0,0.05047914227676146,0.043168066123014825,0.051103583819689075,0.17375499110464462,0.2517203781177784,0.03747065869360741,0.12659577585781562,0.11800768843852207,-37.06121292103888,0.07889976051145117
233.6,-2.1360235201659776,302.9481938086114,5.035,0.04,10.0,-0.01,1.5621500202131011,0.0,0.0,0.0,-2.1298321427248856,304.0026140926299,0.0,-0.050572627855775196,10.014506771114906,0.0,233.509,-0.0687276724527901,0.0334240325732444,-4.82357974582421,1.5502083313515642,-0.062477949463232416,0.03169002912804533,-4.9115594084031216,0.04809531481967128,-0.02566277865149935,0.01,1.5619643590894396,-2.182925854934681,303.96357377674235,0.0,-0.006600524026449821,9.999997616148233,0.0,1.5714563792590335,51.0,0.050522778507254715,0.04323942599836976,0.05113350580199369,0.17380492144032106,0.2517428922735408,0.03749978130252286,0.1266059703981594,0.11805477438968455,-37.0538995457918,0.07892678110931428
233.7,-2.136023757073403,303.9468141533357,5.036,0.03,10.0,-0.01,1.5631322060388064,0.015718743021645293,0.007776185033954301,-0.007807926886466661,-2.127424714069637,305.00419915844634,0.0,-0.06285828307810656,10.015925111309986,0.0,233.608,-0.07952393529089777,0.026703069840239117,-4.964409192319078,1.5329197069574498,-0.05303064493633555,0.02705814826138311,-4.9165956663013155,0.169134632036597,-0.03201529162885919,0.01,1.5508215623029464,-2.183585907350906,304.9635735589061,0.0,-0.006600524026525316,9.999997616148233,0.0,1.571456379259041,52.0,0.050214559310396485,0.04318172746165073,0.05108817261568392,0.17371003396915993,0.2517059194473251,0.03738836730987359,0.12652140261075956,0.11793276604960148,-37.072724467325635,0.07888194360915685
233.8,-2.126934530980151,304.9454344976327,5.037,0.02,10.0,-0.01,1.560714818598006,0.0,0.0,0.0,-2.1255091245181337,306.2061910014606,0.0,-0.033196600385752444,10.016245687164197,0.0,233.707,-0.09281922230939332,0.011804524428569262,-4.950077044554475,1.5598873895945782,-0.061855292907209,0.01571565359832955,-4.914580107425724,0.13215376730767692,-0.05071268145383989,0.01,1.5555045875466302,-2.184245959767104,305.96357334106983,0.0,-0.006600524025577187,9.999997616148233,0.0,1.5714563792589462,53.0,0.04998470772753445,0.04304863757560238,0.051025191666588574,0.1735497363826823,0.2516437054955184,0.03731934678511632,0.1264731763906375,0.1177874898931535,-37.091411387689405,0.07880566112630141
233.9,-2.126934766590793,305.94405483958417,5.038,0.02,10.0,-0.01,1.5580798276376464,0.0,0.0,0.0,-2.124582552366018,307.00744256774743,0.0,-0.01278851440779958,10.01487551013796,0.0,233.806,-0.09279503027781963,0.018162877079907876,-4.8889705791585385,1.5378838631653469,-0.06190057496301816,0.012155139280667653,-4.910064399711123,0.16422718440812,-0.050206951767625796,0.01,1.552282762246255,-2.18490601218324,306.9635731232336,0.0,-0.006600524025750382,9.999997616148233,0.0,1.5714563792589635,54.0,0.05029144000563269,0.04322700522277328,0.05105513666442222,0.17378838725690926,0.25174777887120586,0.037440038031768264,0.12655503513073313,0.11800171097489703,-37.067584794157504,0.07892817970245694
234.0,-2.1269350027852028,306.9426751802108,5.038,0.02,9.99,-0.01,1.5566935977574925,0.01940982492967164,0.019914170231422862,-0.019607182641205027,-2.123299177732645,308.20895845463644,0.0,0.0035756589746194006,10.01028739399575,0.0,233.905,-0.09239724929033762,0.02628769636373946,-4.921895066563632,1.551500250606449,-0.08340324759707515,0.015124174778052264,-4.9190455887519935,0.01988150882629881,-0.024393541834347943,0.01,1.566794433273345,309.7839999999535,2.011863331793061e-08,0.0,10.000000000016485,6.722023135683975e-10,0.0,6.722023135672894e-11,55.0,0.05027796595561867,0.043184711285835474,0.051075348365468204,0.17372366896061933,0.2517169030873444,0.03744388530344083,0.12655139386866845,0.11796009665387172,-37.069807764478504,0.0788939417942707
234.1,-2.126935238853463,307.94129551912,5.038,0.02,9.99,-0.01,1.5578025151651838,-0.0018863727852831253,-0.06195132664228872,0.03953177146468033,-2.122474854092708,309.00959656171636,0.0,-0.005722385801006567,10.006084067676897,0.0,234.004,-0.08227231661020229,0.0306019564195578,-4.88104160877758,1.5325117068632572,-0.06355101563665348,0.025923219571769636,-4.916082666574027,0.1500211574021319,0.002605856572408527,0.01,1.5537832717764717,-2.1862261170156083,308.9635726875611,0.0,-0.00660052402599907,9.999997616148233,0.0,1.5714563792589884,56.0,0.0506915237791559,0.043096753682492474,0.05116023884964386,0.173614597766174,0.2516704822069183,0.037571533908611184,0.12663699904771827,0.11797294066000565,-37.053516338245416,0.07883943894678813
234.202,-2.1269354782348557,308.939916341441,5.04,0.01,9.98,-0.01,1.558698948533509,-0.020559381968849533,0.03711963195017707,-0.02440031223982545,-2.1214847369558387,310.2099467938524,0.0,-0.016380225868319317,10.000485296802385,0.0,234.169,-0.10118809792678295,0.025062312320789912,-4.959199303711991,1.5385855778480622,-0.07385225262097724,0.026818450215236662,-4.930218416495951,0.1656588980303384,0.013404501453278428,0.01,1.5532206537226954,-2.187018179915084,310.16357242615766,0.0,-0.0066005240270071526,9.999997616148233,0.0,1.5714563792590892,33.0,0.05114136787043453,0.04352675347473241,0.05125999849034422,0.17419577978687187,0.2519223084522782,0.03775335113209173,0.12677296558277537,0.11844332473677505,-37.00709446788061,0.07913502813116262
234.3,-2.1269357147607337,309.9385366784471,5.042,0.01,9.98,-0.01,1.5569096767019968,-0.01979565694787167,0.020663317364042238,-0.01858212372013126,-2.121017120092784,311.00987261458795,0.0,-0.001838902069893274,9.998151173821888,0.0,234.235,-0.09643640728261371,0.043868947222785955,-4.914843093203358,1.5738170348755764,-0.08067298143107365,0.03677494168634977,-4.927622002497818,0.0551203979840647,0.03555614473233426,0.01,1.5642944931063163,-2.187546221848044,310.96357225188865,0.0,-0.0066005240256837685,9.999997616148233,0.0,1.5714563792589569,25.0,0.04710828977392274,0.04136642905954047,0.051029541381567116,0.17086963421712104,0.2503805162675906,0.03571548818786266,0.12512728606461776,0.11535365515048691,-37.31620557132135,0.07739703413662524
234.403,-2.1269359502832685,310.9371570144402,5.043,0.01,9.98,-0.01,1.5579821905728917,-0.0260477591278963,-0.04427402575774547,0.03091371020254543,-2.1204923565585134,312.20955854630114,0.0,-0.013510997839862595,9.997270325540676,0.0,234.367,-0.09111558876249444,0.02366961881726501,-4.9310202742051725,1.5441346013756319,-0.07030982456064362,0.028245165789381445,-4.929276798662885,0.19534144274642495,0.009932696948203201,0.01,1.5502443834243302,-2.188338284747368,312.16357199048514,0.0,-0.006600524025230796,9.999997616148232,0.0,1.5714563792589116,36.0,0.0470287773246526,0.041222748141888546,0.05108019270335704,0.17074102671790153,0.25034246039412894,0.03574718697895292,0.12518070576314136,0.115292123100769,-37.321440251091055,0.07734126665642752
234.5,-2.126936186312051,311.93577734857007,5.045,0.01,9.98,-0.01,1.558204309144292,0.0,0.0,0.0,-2.1203137061838633,313.00937535305627,0.0,-0.016034105446230327,9.998218789319305,0.0,234.433,-0.09697232969478373,0.02427595468446573,-4.934367546490381,1.5614851305286497,-0.07237656798656689,0.026814041994068647,-4.928876658685208,0.11778898644780754,0.006312389192803636,0.01,1.5580006113114926,-2.1888663266801576,312.96357181621613,0.0,-0.0066005240231635605,9.999997616148233,0.0,1.5714563792587048,27.0,0.045979357581080946,0.040734019976906996,0.0508334817776495,0.17018982889897796,0.25012078812496963,0.03526024548956128,0.12484643857961022,0.11471230922760245,-37.413287266423175,0.0770789784657338
234.6,-2.126936422447244,312.9343976810784,5.046,0.01,9.98,0.0,1.5569838500258066,0.005385543800524664,-0.02142986333942907,0.0027594900543807806,-2.1202645265250686,314.0092871387216,0.0,-0.0003215820454092515,9.99985289601233,0.0,234.532,-0.09730893779103297,0.04537751768303002,-4.939002035743426,1.5733470562689023,-0.09187817559768136,0.03821991704638308,-4.929697702447886,-0.021726369185691617,0.03161723138944694,-0.0,1.5719676024791596,-2.1895263790960526,313.9635715983799,0.0,-0.006600524023372282,9.999997616148233,0.0,1.5714563792587257,28.0,0.04561768022854033,0.040435923724456785,0.05068513515877221,0.16982623576591033,0.24995899589693982,0.035059861543792176,0.1246998527322715,0.11438471675009146,-37.45583330045329,0.07689593516063223
234.7,-2.1269366559180582,313.921922230773,5.046,0.0,9.99,0.0,1.5600679675724844,-0.011192965491582696,-0.08473133558420673,0.053753460504729185,-2.120418292782396,315.0093632610914,0.0,-0.02706099799239067,10.001517158778057,0.0,234.631,-0.09594810701389087,0.03440009695204265,-4.960166228547817,1.5575073074659918,-0.0897051026529043,0.03807909817743517,-4.932978624158892,0.020777303298788245,0.01756618413266864,-0.0,1.5687201703085458,-2.1901864315119757,314.9635713805436,0.0,-0.006600524023894087,9.999997616148232,0.0,1.571456379258778,29.0,0.051272981832868145,0.04359801343611011,0.052740692457017915,0.1730847409083253,0.2511935038125393,0.0371716484695004,0.12597438280006037,0.11761906654717316,-36.92769926965252,0.07841699664827806
234.8,-2.1269368919559923,314.9205425597838,5.046,0.0,9.99,-0.01,1.5637558433834948,0.0,0.0,0.0,-2.1211561386658038,316.009642265152,0.0,-0.06682536475000499,10.003562419506698,0.0,234.73,-0.09225344516364192,0.02328084016386957,-5.0278410954579025,1.5865725533617752,-0.09222253381708184,0.02814145636184874,-4.940007020126638,-0.032381923502952624,-0.005517274359361224,0.01,1.5740395403751057,-2.1908464839279107,315.96357116270735,0.0,-0.006600524023629854,9.999997616148233,0.0,1.5714563792587515,30.0,0.04703993390309173,0.0413537258899091,0.05197216519883013,0.17068314541057034,0.25031620365260143,0.0356870528251439,0.1251279914113048,0.1153455098943082,-37.26856533604429,0.07730836819504931
234.9,-2.1269371278677625,315.9191628893557,5.048,-0.01,9.99,-0.01,1.566510017556373,0.0,0.0,0.0,-2.1224638653934758,316.8100410470139,0.0,-0.08573083964202421,10.005221285673603,0.0,234.862,-0.0938335581731023,0.04398651644069948,-4.941227828536723,1.5606637123538432,-0.08824671788265158,0.03360537727861763,-4.9444132107023115,0.05732764197505031,0.010373958329731536,0.01,1.5650638397642236,-2.1913745258606694,316.76357098843835,0.0,-0.006600524024271563,9.999997616148232,0.0,1.5714563792588156,38.0,0.04646331228817084,0.04090334381476793,0.05149002463610955,0.17055715619378728,0.2503460698845901,0.03556160390270919,0.1251260040083929,0.11516718834785791,-37.314584465029945,0.07727999564752172
235.0,-2.1269373673497114,316.91778371441717,5.051,-0.02,9.99,-0.01,1.5676389253374676,0.0018010381289051535,0.012780457548076139,-0.009931060516576154,-2.12672286505918,318.2110303856871,0.0,-0.1059002905273398,10.007304672843052,0.0,234.928,-0.09680040255316459,0.040600744252160176,-4.915111194799473,1.5448685765017311,-0.07791388738228583,0.03770701464243747,-4.94023137883811,0.13552626993615705,0.01887003516802288,0.01,1.5592544504847647,319.78399999995645,2.0771727658489026e-08,0.0,10.000000000016485,6.333639580047109e-10,0.0,6.333639580036669e-11,32.0,0.046153206452121176,0.040861307038629176,0.05110828980911319,0.1707300149761342,0.2504025645299267,0.03544536221600895,0.12504388237496322,0.11515435072487239,-37.37322706055658,0.07735545593367313
235.1,-2.1269376032417426,317.9164040414095,5.054,-0.03,9.99,-0.01,1.5655511529792585,0.0,0.0,0.0,-2.130280007540044,319.01171682423626,0.0,-0.088316279911427,10.008733374397087,0.0,235.06,-0.09491164564990504,0.033839676843230734,-4.867100044989658,1.5517725065257835,-0.07806945943816031,0.03287381475145397,-4.9352622264075325,0.16593172776286894,0.005888186118719219,0.01,1.557198400623622,-2.192826641175562,318.9635705091986,0.0,-0.006600524021955638,9.999997616148233,0.0,1.571456379258584,40.0,0.046597784879906824,0.04085987970737571,0.05097710316626758,0.1707372318258111,0.2503707590782944,0.03558580027030344,0.12517467938727941,0.11521131724620778,-37.36499848614721,0.07733921604285024
235.2,-2.1360273168843236,318.9150243639356,5.058,-0.04,9.99,0.0,1.5630379673701265,0.0,0.0,0.0,-2.135555066370742,320.01271049079566,0.0,-0.06302654101807519,10.010657210383116,0.0,235.126,-0.09262434593969304,0.027345474682762397,-4.9779505727831745,1.5518234075303146,-0.06775212706044567,0.03019475007170375,-4.939135548682508,0.1758464483802948,-0.0003468082541591144,-0.0,1.5571984497817504,-2.193486693591325,319.9635702913623,0.0,-0.006600524022099967,9.999997616148233,0.0,1.5714563792585985,34.0,0.04652545607051429,0.04086993781997982,0.05086364134104817,0.17066779030670295,0.25032955972192455,0.03553986136867515,0.12515124633732352,0.11514037921508456,-37.37432548629466,0.07730038479265361
235.3,-2.1451170346641533,319.91364518820774,5.06,-0.04,10.0,0.0,1.561211274997566,0.0,0.0,0.0,-2.1413429722107225,321.0138638477493,0.0,-0.04385282702237848,10.012256946621719,0.0,235.225,-0.08701615118019328,0.025624563972737328,-4.892107573263696,1.541010656714837,-0.05794973036369708,0.030347890995862294,-4.930724729404853,0.20977295734195603,-0.009545056777190197,-0.0,1.5538044461632337,-2.1941467460070365,320.96357007352606,0.0,-0.006600524020949776,9.999997616148233,0.0,1.5714563792584835,35.0,0.047534318415910555,0.041511094423146926,0.050916527247811476,0.1713844719601466,0.2506225546673936,0.03593791566018244,0.12539569330639785,0.11577509095330926,-37.29177148366429,0.07765026183999567
235.4,-2.1451172730419046,320.9122655125873,5.061,-0.04,10.0,0.0,1.5592662664738042,0.0,0.0,0.0,-2.1472458404074666,322.01513590066924,0.0,-0.025397031442252624,10.013181907853886,0.0,235.324,-0.08087913331516461,0.028558597739286262,-4.943441803055674,1.532541705845531,-0.046490819949519,0.030154998435804898,-4.9308470893669885,0.26309181936003667,-0.00908080616689766,-0.0,1.5484705779915464,-2.194806798422716,321.9635698556898,0.0,-0.00660052402132059,9.999997616148233,0.0,1.5714563792585206,36.0,0.047800862735887475,0.041648599231231334,0.05097372953923527,0.1713982668670795,0.250614474379314,0.036029085704138784,0.12541584807518164,0.11583006001790966,-37.26937114192798,0.07765160278422902
235.5,-2.154206991969076,321.91088583346755,5.062,-0.04,10.0,-0.01,1.5565140275892357,0.004787188680995153,0.05568904002527709,-0.03610792025961818,-2.1528496146750267,323.0164611894575,0.0,0.001261031120862623,10.013342351194058,0.0,235.423,-0.07419572620827165,0.01942763811817267,-5.019598591723228,1.5879708619904875,-0.06197973071481383,0.023279233560696628,-4.939516317411806,0.055380485405154105,-0.020691884105758618,0.01,1.5692550903636517,-2.195466850838413,322.96356963785354,0.0,-0.0066005240205967266,9.999997616148233,0.0,1.5714563792584482,37.0,0.04812438351914397,0.04176043288614949,0.05106779080380942,0.17145200878892036,0.2506392513009998,0.036169513085595496,0.12548513623237517,0.11593838800410647,-37.24259243485993,0.07768191219188514
235.604,-2.154207231204282,322.9095061538036,5.063,-0.03,10.0,-0.01,1.5572136119615774,0.008470078544836534,-0.06665802897932029,0.05218786624554471,-2.1587386797235686,324.21802969886994,0.0,-0.009109331961114285,10.012750408191671,0.0,235.555,-0.05834686989251726,0.026917869992193363,-4.985102520491195,1.562642339823018,-0.050547914402474435,0.024896629335053034,-4.949474208418701,0.14250657376972972,-0.013307109872851441,0.01,1.5595311546518014,-2.1962589137370747,324.16356937645,0.0,-0.006600524018644953,9.999997616148235,0.0,1.571456379258253,49.0,0.04928103709726939,0.04240349157940377,0.05131825435414409,0.17228225868878727,0.2510126021101953,0.03670494380660896,0.12586700861761163,0.11673849978069734,-37.14014354625884,0.07810681255679841
235.701,-2.1632969523434724,323.9081264702327,5.063,-0.03,9.99,0.0,1.559992161640201,0.0,0.0,0.0,-2.1630721952044114,325.2192480761605,0.0,-0.030619642063660177,10.011741815921912,0.0,235.654,-0.06258487720326765,0.04060104357105824,-4.921489847434149,1.5507203416970048,-0.04600084660452585,0.028581679635170918,-4.942077878675702,0.1528307045088919,-0.0010991016049501923,-0.0,1.5585125240404014,-2.196918966152452,325.16356915861377,0.0,-0.006600524019075719,9.999997616148233,0.0,1.571456379258296,47.0,0.04817225009016911,0.042127593544797594,0.05118114451989901,0.17184827290293708,0.2508186803487233,0.036116135922464536,0.12541302618135214,0.11618945109252408,-37.21625103095377,0.0778875999178282
235.8,-2.163297192358641,324.90674678826554,5.063,-0.02,9.99,0.0,1.5597885950144867,0.0,0.0,0.0,-2.1663067019123217,326.02014233126704,0.0,-0.029319955097461922,10.010843876673215,0.0,235.687,-0.06351591035881497,0.03963458055304313,-4.921528240080794,1.552826907083396,-0.03566902513440962,0.034294297683618385,-4.939999593477509,0.148710077825776,0.020991111741388124,-0.0,1.5579401584896584,-2.197447008084881,325.96356898434476,0.0,-0.006600524019983882,9.999997616148233,0.0,1.5714563792583869,73.0,0.05481671378799679,0.0454936691894716,0.051423904999761946,0.1771394857303388,0.2532864440053684,0.039454805855802154,0.12816377476630167,0.12123401904142064,-36.75298253425659,0.08070372009836058
235.901,-2.172386919708245,325.9053671031438,5.063,-0.02,9.99,0.0,1.559314439133976,0.0,0.0,0.0,-2.1706866298807928,327.2214056480656,0.0,-0.023329950932892137,10.010591845455979,0.0,235.819,-0.053302032873071566,0.021449324492978563,-4.941539069605633,1.5624569087824243,-0.03516000585995671,0.02341987190621824,-4.938873166724326,0.11979936462105216,-0.004162192075421345,-0.0,1.5608025692329397,-2.198239070983551,327.16356872294125,0.0,-0.006600524019115687,9.999997616148233,0.0,1.5714563792583,41.0,0.0527164538541777,0.04461276864112256,0.05149783511754704,0.17547646098640707,0.25244897498870844,0.03834409058699877,0.12714524414880804,0.1195800063803476,-36.87629199469204,0.07977210906747123
236.001,-2.172387160980719,326.90398741803085,5.064,-0.01,9.99,-0.01,1.5594748398896794,0.0,0.0,0.0,-2.173824089965484,328.2224904670626,0.0,-0.025865063686753394,10.01117700253674,0.0,235.951,-0.05826036112768756,0.007923155569634669,-4.981696160573046,1.5429259312916024,-0.03625579416794029,0.006011453484665265,-4.946377953881429,0.1677083587111846,-0.04161517199956144,0.01,1.5549449949086316,329.78399999995776,2.1412901113527594e-08,0.0,10.0000000000108,6.453142212547092e-10,0.0,6.453142212540123e-11,50.0,0.04874561268485833,0.0424234323696317,0.051185205675612175,0.17241040120854714,0.25111631174066784,0.036721981891107314,0.12597882767092922,0.11679972509257863,-37.1675703909065,0.07820623808116345
236.102,-2.1723874018046985,327.90260773236014,5.066,-0.01,9.99,-0.01,1.559153378070567,0.0,0.0,0.0,-2.1764526990459694,329.22359701805937,0.0,-0.019893150498445606,10.010710590200988,0.0,236.017,-0.05078726690329905,0.01338710475213627,-4.944330064201711,1.568259748177852,-0.03358649680795131,0.00512336149442113,-4.945153797147331,0.10421213468358867,-0.03563375395822277,0.01,1.5613322062782107,-2.1995591758145356,329.16356828726884,0.0,-0.0066005240183851606,9.999997616148235,0.0,1.571456379258227,43.0,0.051719944845937914,0.044038841943683016,0.05134115153662378,0.17490312766318356,0.2522564175095991,0.03808277424446209,0.12703122964302543,0.11906192137562893,-36.950416093909645,0.07951119674204701
236.2,-2.181477137908473,328.9345153858606,5.067,0.0,9.99,-0.01,1.5589330094542844,0.0,0.0,0.0,-2.1781705809136604,330.0243683277347,0.0,-0.01851561070411142,10.00855967840657,0.0,236.116,-0.04616635119220352,0.017323439770329935,-5.0078387181924935,1.5286421563411448,-0.01879456293225822,0.013521964478278144,-4.948661010092177,0.19369529667790183,-0.012741613538979735,0.01,1.5513850856827691,-2.2000872177469097,329.9635681129999,0.0,-0.006600524019097924,9.999997616148233,0.0,1.5714563792582983,44.0,0.048295823338063315,0.04212525488712608,0.05101322388181136,0.17217041302400762,0.25103591690521904,0.03652826784896599,0.12585561875680112,0.11654500648402705,-37.21571873242828,0.07810125260051431
236.302,-2.1814773804549077,329.93313569609654,5.068,0.0,9.98,-0.01,1.5580965625729897,0.0,0.0,0.0,-2.1800312932417745,331.2250821395522,0.0,-0.009346065690794807,10.003530259821476,0.0,236.281,-0.05378968226259648,0.00603452588580183,-4.96649549806945,1.5505049329355516,-0.03472925892946839,0.013679120728277908,-4.947541921808629,0.12020293675543871,-0.010740566482811076,0.01,1.5587516330277482,-2.200879280645419,331.16356785159644,0.0,-0.006600524018063196,9.999997616148235,0.0,1.5714563792581948,21.0,0.05645409301302975,0.04662521945731687,0.05316684586479093,0.17746094881546046,0.2531794561298162,0.03961573058556736,0.1278872113111823,0.12170445949402944,-36.54762767008765,0.0807229639193637
236.4,-2.1814776199084918,330.9206602232622,5.069,0.0,9.98,-0.01,1.5571499700334412,0.0,0.0,0.0,-2.1807103918434505,332.02520556752427,0.0,-0.0007415135782585301,9.999983434926992,0.0,236.314,-0.04977409907495822,0.016772154368816898,-4.9238763627747595,1.5671808231174633,-0.03506417836393447,0.014775299508135768,-4.943934562334766,0.06901106155510776,0.002565462039003208,0.01,1.5638832779937428,-2.2014073225775705,331.9635676773276,0.0,-0.006600524015416424,9.999997616148233,0.0,1.5714563792579301,46.0,0.05043896327423472,0.043398896009804046,0.05228530295148878,0.1735927517569663,0.25163267291955205,0.037371490388897886,0.12643562760756052,0.11799734786137754,-36.9915237184464,0.07880528738999913
236.5,-2.1814778650583975,331.9192810525935,5.07,0.01,9.98,-0.01,1.5589879034694771,0.0,0.0,0.0,-2.180907688472385,333.2249047644676,0.0,-0.022037324138810963,9.995474665538186,0.0,236.413,-0.03583918237427807,0.007429820377130078,-4.935634707978666,1.5604630434868132,-0.02884821846014265,0.008096483265640312,-4.946525621672702,0.08452870630007668,-0.011727514832202246,0.01,1.5623167551884336,-2.2020673749926485,332.96356745949146,0.0,-0.006600524015260993,9.999997616148235,0.0,1.5714563792579146,47.0,0.050484137696665224,0.043163754130274186,0.05191823513975626,0.17378753822842682,0.2518092459960898,0.037524642579442546,0.12665128719236107,0.11816591313043466,-37.0196351775511,0.07896057586343065
236.614,-2.1814781037259365,332.9179008367066,5.069,0.01,9.97,0.0,1.5604941575464346,0.002736355018284387,-0.006908100111880209,0.0049540458534161926,-2.1805744328632555,334.22427817101504,0.0,-0.03551615725807448,9.992173546158053,0.0,236.578,-0.053185791571248496,-0.0008196985011061471,-4.9367268596679015,1.5451481221119558,-0.03534553090107283,0.0016782490670639114,-4.950301327465381,0.1013841988626045,-0.01675559690013806,-0.0,1.5596060510363405,-2.2028594378908375,334.16356719808795,0.0,-0.006600524016535528,9.999997616148233,0.0,1.571456379258042,36.0,0.054595466674411404,0.04557294505407395,0.05231412551576046,0.17716786811153232,0.2532750797358326,0.039290264702675305,0.12795992976527937,0.12124851406309634,-36.69477257711669,0.08069390742103344
236.7,-2.181478346155359,333.9165211408655,5.069,0.01,9.97,0.0,1.560849710428391,0.0,0.0,0.0,-2.180111193484352,335.02354488691617,0.0,-0.03861224768579016,9.989434038314613,0.0,236.611,-0.05286995825723547,-0.0008897905840023108,-4.945683301299367,1.5497782658322818,-0.02860648272237701,-0.001802080391952769,-4.949828604879269,0.12023893203269083,-0.022364347499303605,-0.0,1.5577046238184107,-2.2033874798230206,334.96356702381894,0.0,-0.006600524016513324,9.999997616148233,0.0,1.5714563792580398,49.0,0.053203407663916805,0.04484089227761558,0.051590456618924925,0.17646928916575483,0.25300904226300386,0.038906468242480285,0.12776926982576722,0.12049656848987692,-36.82979478721693,0.08035762915212784
236.801,-2.1814785877364784,334.91514144394864,5.068,0.01,9.96,-0.01,1.560093053677354,0.0,0.0,0.0,-2.1791259347145306,336.22199195620914,0.0,-0.030039374734789365,9.98456146364559,0.0,236.71,-0.05801691152461996,0.008708016002135676,-5.015956351613258,1.5318541080767385,-0.025545850819163468,0.0008986895128775864,-4.9569797803383295,0.1752603331281381,-0.013921320936685078,0.01,1.5521907129296275,-2.2041795427213193,336.1635667624154,0.0,-0.006600524017397061,9.999997616148233,0.0,1.5714563792581282,50.0,0.050891870273790614,0.043635870603850345,0.051448704863928274,0.1744230832843904,0.2519928687364337,0.03768294588956088,0.1267164234410211,0.1185419151525465,-36.99983242725432,0.07922505707511163
236.904,-2.1814788272814525,335.9026659645436,5.068,0.02,9.96,-0.01,1.5582765052702763,0.0,0.0,0.0,-2.177926162235857,337.2201958324475,0.0,-0.010491293709014322,9.979757251869001,0.0,236.875,-0.060856209618698746,0.01857910789916911,-4.861542440520791,1.567852469307574,-0.04516598674621141,0.016814016731666027,-4.9426285295809755,0.06541755512038382,0.030882841653340876,0.01,1.5622469848226108,-2.2048395951366384,337.16356654457917,0.0,-0.006600524018147573,9.999997616148235,0.0,1.5714563792582033,29.0,0.051607221799095486,0.043819037778315556,0.0515341036147711,0.1746340357596113,0.2520841758198973,0.037967925769307215,0.1269547470559918,0.11884172658077703,-36.95514218347874,0.07933221024547744
237.0,-2.181479069564986,336.90128626402577,5.069,0.02,9.95,-0.01,1.5580040226366856,0.0,0.0,0.0,-2.1766271824079855,338.0184150347327,0.0,-0.007869172671228093,9.976202052716106,0.0,236.875,-0.060856209618698746,0.01857910789916911,-4.861542440520791,1.567852469307574,-0.03906786884700394,0.019191143580195122,-4.9416685295810225,0.061734644847154865,0.03191694358491581,0.01,1.5626164327538128,-2.2053676370689494,337.96356637031016,0.0,-0.006600524017761215,9.999997616148235,0.0,1.5714563792581646,29.0,0.06505741382824087,0.05096827511296704,0.05358472175746829,0.18403221046441573,0.2561031279420037,0.043276366395126144,0.13082315941388561,0.12814576412532883,-36.03468505044986,0.08428267305689895
237.103,-2.1814793088576465,337.8888107815656,5.068,0.03,9.95,-0.01,1.5598066580158216,-0.02089533496666101,-0.015216606641609197,0.01683579763773977,-2.174246658054385,339.2153334753227,0.0,-0.029099132413358902,9.973074563261905,0.0,237.073,-0.05571456360138041,0.022058653680624467,-4.960048440750995,1.5309596672555135,-0.04334295445726706,0.02321335647151515,-4.948112230225021,0.13174333106650088,0.04137569998855106,0.01,1.5546094463013962,-2.2061596999672735,339.16356610890665,0.0,-0.006600524017148371,9.999997616148233,0.0,1.5714563792581033,30.0,0.052879379449691906,0.044944095680791225,0.05290355499950843,0.1753046250215793,0.25226872118834354,0.038332667685798745,0.12707348211875916,0.11960326915278986,-36.778409979928874,0.07961090895149955
237.2,-2.181479551043921,338.8874310786895,5.068,0.03,9.95,0.0,1.5594658014040923,-0.01740067861745635,0.017238983483116397,-0.022288193411149754,-2.1720893232567526,340.2126305897126,0.0,-0.022711581743668507,9.972950309262385,0.0,237.106,-0.06256198373220696,0.01689534558318378,-4.979652251457182,1.5494675824426687,-0.03812343494007256,0.023604907448422224,-4.950779352046833,0.13314672077767872,0.03500473084162614,-0.0,1.5544586074696791,-2.206687741899473,339.96356593463764,0.0,-0.006600524016368995,9.999997616148233,0.0,1.5714563792580254,54.0,0.049920260539222744,0.04304877771586697,0.05215691018717884,0.17334678739905804,0.2515612396042534,0.03723383591282084,0.12640809749044338,0.11776310457614658,-37.03960553915488,0.07869634309730314
237.3,-2.1814797927817153,339.886051374496,5.069,0.03,9.95,0.0,1.5578340124946575,-0.007059305150591407,0.014855314448726842,-0.01569082020898993,-2.169783656315555,341.2099935108432,0.0,-0.006889493972616532,9.974277727694538,0.0,237.205,-0.06173956370574218,0.03032396523821805,-5.014134208959177,1.540155742903457,-0.03747525755152692,0.030425856873882526,-4.964289893135668,0.1539143661490528,0.0427912698644608,-0.0,1.552393700397606,-2.2074798047976465,341.16356567323413,0.0,-0.006600524014452749,9.999997616148232,0.0,1.5714563792578338,55.0,0.05035026003993173,0.04318872816238843,0.0518031055127012,0.1739180219475444,0.2518744224708949,0.03744223907478222,0.12661787551993947,0.11820618738844291,-37.03288971433305,0.07902821828043632
237.402,-2.172390533052024,340.8735758891148,5.069,0.03,9.96,-0.01,1.556327027329479,0.0,0.0,0.0,-2.167195081771057,342.2075446157142,0.0,0.008333348213991927,9.97666149397614,0.0,237.37,-0.0695773724370864,0.027025575792432137,-4.9578330572112295,1.5632571604519552,-0.06346920041637524,0.03354615355287064,-4.948120038583506,0.010728507378181068,0.040449523328151216,0.01,1.5667196051567438,-2.2081398572126543,342.1635654553979,0.0,-0.006600524014750287,9.99999761614823,0.0,1.5714563792578635,32.0,0.05103405059377986,0.04354522828190566,0.051665623738613976,0.17446916907598237,0.25210395537381336,0.03771658719103405,0.12680475427373838,0.11866787983137923,-36.991247450839005,0.07930514285960964
237.5,-2.1723907738928716,341.87219618190704,5.069,0.03,9.96,-0.01,1.5574692739781477,0.0,0.0,0.0,-2.1649093630062017,343.0057826780381,0.0,0.0004714023842013623,9.979121300080848,0.0,237.403,-0.06636697441675891,0.04620734165768106,-5.050559581038609,1.5590593841442828,-0.060988716909523066,0.04244101502035944,-4.957583386773319,0.024162914457659272,0.04514757692021476,0.01,1.5653828748742245,-2.208667899144669,342.96356528112887,0.0,-0.006600524014337284,9.99999761614823,0.0,1.5714563792578222,57.0,0.05028101888140461,0.0429527708108861,0.05143306276467879,0.17361851044695678,0.25170274236589146,0.037362695483573856,0.1265089239027298,0.11791661785059537,-37.06700017740509,0.07885422285970053
237.6,-2.172391015162475,342.8708164726776,5.069,0.03,9.96,-0.01,1.560525449053619,0.0,0.0,0.0,-2.1620328086398835,344.00389979863684,0.0,-0.03226085652614754,9.982868799326624,0.0,237.535,-0.07261604872425542,0.03075156495786064,-4.966235057483086,1.55165485211108,-0.05300057985035424,0.03513326048379457,-4.961372825128263,0.10781462709729547,0.02119461341122353,0.01,1.5569897760218399,-2.209327951559712,343.9635650632926,0.0,-0.006600524016113643,9.999997616148233,0.0,1.5714563792579999,25.0,0.04719498709676517,0.04141489379457472,0.051232895239875,0.1711024437262065,0.25050397628901283,0.03574364747282957,0.1251671729534578,0.11554008769524843,-37.297889619572715,0.07752246747958155
237.7,-2.172391256978287,343.85834152177847,5.071,0.03,9.97,-0.01,1.560545029179428,0.0,0.0,0.0,-2.1594705311318174,345.00244703052107,0.0,-0.035940472162090197,9.987345162598883,0.0,237.667,-0.0813596605060705,0.03124198409951586,-4.980247309223958,1.530936737604082,-0.054837804793007594,0.03160155104464183,-4.963602986478769,0.1978695006566196,-0.0027808120912773404,0.01,1.5479384153840738,-2.210120014457845,345.1635648018891,0.0,-0.006600524015043389,9.999997616148235,0.0,1.5714563792578928,33.0,0.04596651820886064,0.040561598418889844,0.0509817017430038,0.16998118708153953,0.25002142191955246,0.03525783322338365,0.12483415674054765,0.11458829484820918,-37.4134555012156,0.0769674227202633
237.8,-2.1723914980730825,344.85696181193083,5.074,0.03,9.97,-0.01,1.5579042938214283,0.0,0.0,0.0,-2.1572311430477638,346.0014306499464,0.0,-0.012466229737039156,9.99157440654749,0.0,237.733,-0.0793459597820609,0.041133086175676604,-4.951846140425966,1.5528628710962002,-0.05171349460741605,0.035821722971208364,-4.961397946295602,0.15406808759111268,0.007695833498850391,0.01,1.5523504637611585,-2.2106480563899313,345.9635646276201,0.0,-0.006600524014474952,9.99999761614823,0.0,1.571456379257836,27.0,0.046231418110141365,0.04069062288223239,0.0508603771241193,0.17028064530027529,0.2501785422894168,0.03543100120968153,0.12499788704422496,0.11484447757040336,-37.39975587670156,0.07713310998532472
237.9,-2.16330223184616,345.85558210241703,5.078,0.03,9.97,-0.01,1.5553901773553827,0.0,0.0,0.0,-2.1545509672937486,347.2006566949919,0.0,0.01812420677983033,9.995029466085416,0.0,237.832,-0.07390897199652241,0.03603755616873635,-5.012237775978875,1.5495941075200717,-0.054137553667298215,0.0357627713709226,-4.966145548775346,0.14335469848700966,0.005972438850511352,0.01,1.5534208525214281,-2.2114401192878392,347.1635643662166,0.0,-0.0066005240131804315,9.999997616148232,0.0,1.5714563792577065,28.0,0.046386519693074876,0.04098659727151511,0.05079468255329495,0.17065542562409675,0.250335279944387,0.03545198230643028,0.12500814851034228,0.11508661706403885,-37.380857953390255,0.07731681751251038
238.001,-2.1633024751690613,346.85420293414165,5.083,0.03,9.98,-0.01,1.554761123904262,0.002367235914120081,-0.0022180652562227205,-0.0025689850656973015,-2.1520516182816793,348.20027811665045,0.0,0.02380813704009668,9.997171659488284,0.0,237.931,-0.08133699834790767,0.04253284964505305,-5.074882856976614,1.5872322559683745,-0.07305676562018831,0.03983545169681898,-4.981057591693386,-0.014994174816961919,0.0049924758065067465,0.01,1.5692934900203654,-2.212100171702831,348.1635641483803,0.0,-0.006600524014477172,9.99999761614823,0.0,1.5714563792578362,29.0,0.046391661877159325,0.041004449528405824,0.050719035992191935,0.17066526411741206,0.250336201514537,0.03550324616149321,0.12505471842472649,0.11509998103811364,-37.380828536861785,0.07731916324248961
238.103,-2.1633027129676066,347.84172743972783,5.086,0.03,9.98,0.0,1.5569707826387627,0.0,0.0,0.0,-2.1499115079377864,349.0001224606343,0.0,0.007424665515762493,9.998715141102691,0.0,238.03,-0.07424649971511293,0.039466557329654144,-5.007175822540558,1.5782319265156672,-0.07467985574968944,0.03806869248664726,-4.994212209951556,-0.02292631785457753,0.0012909189375491792,-0.0,1.5700876327974342,-2.2126282136348334,348.9635639741113,0.0,-0.00660052401362008,9.999997616148232,0.0,1.5714563792577505,30.0,0.046629207589812156,0.040745711019622724,0.050720919987831084,0.17032869532428063,0.2501890823329229,0.03561996352426346,0.12512982585922652,0.11493980418185229,-37.38329608254658,0.07715225947144103
238.2,-2.1633029526683742,348.84034772512894,5.088,0.03,9.98,0.0,1.5615797695380191,0.0,0.0,0.0,-2.1474193246600697,350.0000978041812,0.0,-0.04011252660129349,10.000330736788284,0.0,238.129,-0.080575853624013,0.034816917373339897,-5.060592687915002,1.5376581969268475,-0.06866173899320566,0.03638313457298625,-5.001045805685642,0.07191605317859309,-0.0026919161954399584,-0.0,1.560581897427561,-2.2132882660497257,349.96356375627505,0.0,-0.0066005240128518055,9.999997616148232,0.0,1.5714563792576737,31.0,0.046937039994062034,0.04109421021662376,0.05084030392364223,0.1707350130216252,0.25035374943214456,0.03568108267368442,0.1251471994091798,0.11523896204673542,-37.345398502026285,0.07734778562911823
238.3,-2.163303192797869,349.8389680092678,5.088,0.02,9.98,0.0,1.5627168184753994,0.005464895142396135,0.0013806433799432056,-0.003048850702792435,-2.1453198569044143,351.20029395325145,0.0,-0.054918057026742774,10.002034678364812,0.0,238.228,-0.10173311924355782,0.046468224160489256,-5.062164625860263,1.5646295754682213,-0.07810934184637709,0.043544291161340266,-5.005155316527283,0.06671819003462173,0.013767534654544278,-0.0,1.5621193175117285,-2.2140803289475555,351.16356349487154,0.0,-0.006600524012489873,9.999997616148232,0.0,1.5714563792576375,32.0,0.04647304650301978,0.040958821963341545,0.05080095437900151,0.17051836462471925,0.25025621547337845,0.03550568681417386,0.125029724635738,0.11501587800969536,-37.355211396332706,0.07722534977177231
238.401,-2.1542139233738737,350.83758829371345,5.089,0.01,9.98,0.0,1.5622756854307394,0.0,0.0,0.0,-2.144584627532871,352.00054164764595,0.0,-0.05092808542295464,10.00326842932689,0.0,238.36,-0.08937027110714887,0.040128045487830735,-4.9333716115346276,1.528858833395061,-0.0748176477270621,0.04291145569128402,-5.000995904657728,0.20092651456152594,0.008826663103087995,-0.0,1.5496832191554992,-2.2146083708793656,351.96356332060253,0.0,-0.006600524011044362,9.99999761614823,0.0,1.571456379257493,41.0,0.050520005726806594,0.043857456489249415,0.052636805312846965,0.1733840862576763,0.2512832965372292,0.036916115726687466,0.12577659321732026,0.11763426822961337,-36.944497692325854,0.07853075100385487
238.5,-2.1633036762032702,351.8362091250927,5.091,0.0,9.98,0.0,1.5603464833137133,0.0,0.0,0.0,-2.144326359154715,353.00099826526053,0.0,-0.0362670124661055,10.005285941720638,0.0,238.426,-0.09373168295556022,0.03779454414457589,-5.04523885519122,1.5347270590204167,-0.06023943991166757,0.04050872984748063,-5.005889461042075,0.2475073221288039,0.001960815285187323,-0.0,1.5460059452574777,-2.215268423293995,352.9635631027663,0.0,-0.006600524009216935,9.999997616148232,0.0,1.5714563792573102,34.0,0.046734751375827076,0.041150799024789214,0.05185784900171038,0.17043840767109525,0.25018547625804805,0.03561227673576667,0.12512200460391093,0.11513253537995387,-37.29574658923919,0.07715833131629773
238.6,-2.1633039163419028,352.8348294063909,5.092,0.0,9.99,0.0,1.5559495166551809,0.0,0.0,0.0,-2.144477567632222,354.0016655115327,0.0,0.007642286290047514,10.007624495748068,0.0,238.525,-0.1081376374970889,0.048076622673338607,-5.014999106153781,1.5245946708197389,-0.06542023664816918,0.04383372220779021,-5.010495751275213,0.24936537728454014,-0.0006464340529728219,-0.0,1.5458383956271913,-2.215928475708435,353.96356288493,0.0,-0.006600524009045961,9.999997616148232,0.0,1.571456379257293,35.0,0.047867477805009134,0.04168716351272415,0.051609492587363096,0.17156460466890922,0.2507503849690673,0.03609138214181685,0.12552435892974392,0.11606177644523914,-37.23147827317512,0.07776857613316795
238.7,-2.163304156431934,353.8334496846113,5.092,0.01,9.99,0.0,1.5526121995088198,0.0,0.0,0.0,-2.1444811743320944,355.00255929680606,0.0,0.04275675512247854,10.009734719519075,0.0,238.624,-0.10393317158705036,0.03340340169078574,-5.0378951014914355,1.5401101538427682,-0.0679974071336737,0.03699733232532692,-5.021369680314789,0.20278224216926877,-0.014813134436273856,-0.0,1.5494684077707468,-2.2165885281229762,354.96356266709375,0.0,-0.006600524010065146,9.999997616148232,0.0,1.571456379257395,47.0,0.04769816447567112,0.041917101069438883,0.051499168631931665,0.17185903036991249,0.25086570267962444,0.036078600549455525,0.12548345841497893,0.116201213480213,-37.18590299756799,0.07788045767960536
238.8,-2.163304396795624,354.83206996315107,5.092,0.01,9.99,0.0,1.5512242494758706,0.00895100146851432,-0.008880869393210327,-0.0060035424011032935,-2.1437024020550455,356.2039146345546,0.0,0.059686371349164,10.011997448202964,0.0,238.723,-0.10096030025734189,0.022930597937121565,-4.958394764160224,1.5511286111025229,-0.07266133976084774,0.024941662344635598,-5.007725008108045,0.13679020360795477,-0.037009354902258096,-0.0,1.5560490445696649,-2.217380591020549,356.16356240569024,0.0,-0.0066005240100940115,9.999997616148232,0.0,1.571456379257398,37.0,0.05046886535922099,0.04403394254136572,0.053111334759233485,0.17366693215693413,0.2513948396394121,0.03694432573340952,0.12581920108332578,0.11786183163356037,-36.899846359208226,0.07863415022012776
238.9,-2.1633046339847937,355.8195944589334,5.09,0.02,9.99,0.0,1.5521884197976927,0.0,0.0,0.0,-2.142640577505688,357.00493368348947,0.0,0.05187408761417066,10.012742416304445,0.0,238.822,-0.10739367813212795,0.025288661660474582,-4.952914523843953,1.5549848416348053,-0.07961841301966438,0.022317677325876386,-5.000239441362076,0.11711447167685991,-0.037032004734181,-0.0,1.5570209586183033,-2.2179086329521223,356.96356223142124,0.0,-0.006600524008501952,9.999997616148232,0.0,1.5714563792572387,38.0,0.04773207182763405,0.041806899443785815,0.05236411729514155,0.17142208235011966,0.25059704236812647,0.03605770401459573,0.12551214103792896,0.11600603182979351,-37.18292224852637,0.07760857663200957
239.0,-2.1542153553667163,356.81821417482627,5.088,0.02,9.99,0.0,1.5538763991233446,0.0,0.0,0.0,-2.1405018203831556,358.20644066066563,0.0,0.03133676400230864,10.011792145329895,0.0,238.921,-0.1039108512505338,0.03002932921007056,-4.97638128865067,1.5529848123615395,-0.08367088523689217,0.021734176394593203,-5.003393469655892,0.07930295888969262,-0.03060487031422987,-0.0,1.5608258750747999,359.78399999993815,2.3347695058231596e-08,0.0,9.999999999979536,6.443183659818317e-10,0.0,6.443183659831502e-11,39.0,0.047921861049388996,0.041823810743148344,0.05199480038493111,0.1717952095993559,0.2508519042417812,0.03614533381943177,0.12564894240087962,0.1162836089649766,-37.19684643034744,0.07785774698097214
239.101,-2.1542155941402115,357.81683444617545,5.086,0.02,9.99,0.0,1.5558444513615706,0.0,0.0,0.0,-2.138578328830389,359.20749714641397,0.0,0.011731290898815212,10.009394982618623,0.0,239.02,-0.10308005393288434,0.04579000662689459,-5.00900801557233,1.568539254693843,-0.0907302864867431,0.03433883971832051,-5.0024638810209545,0.025527943971294303,0.0035959656256903116,-0.0,1.5662406464210106,-2.21936074826425,359.16356175218147,0.0,-0.006600524010848962,9.99999761614823,0.0,1.5714563792574734,40.0,0.048352929370855606,0.0419777665340537,0.05179809863780902,0.17203812213268874,0.2509828746663093,0.03629321800382077,0.1257258832501809,0.1164968959192399,-37.181768925308205,0.07800196582406507
239.202,-2.154215827759728,358.79326315593295,5.083,0.02,9.98,0.0,1.5585119352352357,0.0,0.0,0.0,-2.1369161719467296,360.2082951732338,0.0,-0.01679235270577953,10.006886392140096,0.0,239.119,-0.10346418772796298,0.04275931558541501,-5.025634593596594,1.5466373268148748,-0.08826142219923738,0.03892829502813237,-5.007165929245529,0.07946011609048206,0.02348781445182091,-0.0,1.5608541105618907,-2.2200208006790683,360.1635615343452,0.0,-0.006600524012498755,9.999997616148232,0.0,1.5714563792576384,41.0,0.04903370195633001,0.042234318804173686,0.051563576733816285,0.17268923330157898,0.2513673424543161,0.03685795134034637,0.12626583338179373,0.11715552546541774,-37.145652133950236,0.07839729470009714
239.3,-2.154216066835801,359.79188342468217,5.08,0.01,9.98,0.0,1.5601101145755985,0.0,0.0,0.0,-2.1358485290674616,361.2089243435464,0.0,-0.029190504947277898,10.005973143210763,0.0,239.218,-0.1149031060712314,0.029130135623550515,-5.000942629238715,1.559374346633953,-0.0974474730243205,0.033670132982154335,-5.011356885271995,0.05530219126005723,0.00934136258334739,-0.0,1.564259233037857,-2.2206808530940743,361.16356131650923,0.0,-0.00660052401436837,9.99999761614823,0.0,1.5714563792578253,42.0,0.047897483197030084,0.041830272985290774,0.051137413039249256,0.17219048617274346,0.2511670599371537,0.03640424115274793,0.12591802041064779,0.11657404781090377,-37.240484327365934,0.07816030504485269
239.405,-2.1542163028687895,360.7905031238488,5.078,0.0,9.98,0.0,1.561067245961402,-0.006613897819022319,-0.016518159035125015,0.013930936165424165,-2.135588905200066,362.20955707364743,0.0,-0.03950206127684132,10.006631526091336,0.0,239.383,-0.10618983195489252,0.03833933483403591,-4.975315890683573,1.57502545920479,-0.10213036837248955,0.036361684352475734,-5.007162454257211,0.04552171746525494,0.01468741384831418,-0.0,1.566241766875994,-2.221340905508996,362.163561098673,0.0,-0.006600524013189313,9.999997616148232,0.0,1.5714563792577074,22.0,0.04962666372038412,0.04276269905143475,0.05118727125327533,0.173466222189422,0.25172503073254254,0.03719388785955915,0.12648989533806732,0.11775069117525017,-37.108790927918214,0.07881075171598405
239.5,-2.1542165414477665,361.78912338858265,5.078,0.0,9.99,-0.01,1.5625151293959956,0.0,0.0,0.0,-2.1360517470760154,363.01014998999165,0.0,-0.05059790842572814,10.007745331673544,0.0,239.416,-0.1159526392441496,0.04110401037307288,-5.052763547983849,1.5581199368290666,-0.10163681569290997,0.039197282295764864,-5.011100948685206,0.04543110393606198,0.010503926882059034,0.01,1.5662534765805634,-2.2218689474409112,362.96356092440396,0.0,-0.006600524013586773,9.999997616148232,0.0,1.5714563792577472,45.0,0.04755259847381667,0.041540837283830206,0.05079139449107339,0.17169853020816545,0.2509193468459403,0.03617184631801089,0.1256770267735194,0.11611067796012484,-37.292914129437605,0.07790104887756649
239.6,-2.154216780532991,362.78774365145324,5.077,-0.01,9.99,-0.01,1.563810923663203,-3.174253823942422e-05,-0.009588872060121868,0.009394228013979275,-2.138056044971749,364.2112445190131,0.0,-0.06700019128940486,10.00985364141669,0.0,239.581,-0.1204418839574499,0.035982760032487876,-5.018848761840524,1.5676270337303029,-0.1013989145004324,0.03471771652199711,-5.007944001405377,0.11050178564878423,-8.088762546520911e-05,0.01,1.5607363459154246,-2.222661010338768,364.16356066300045,0.0,-0.0066005240133691695,9.999997616148232,0.0,1.5714563792577254,19.0,0.04805350805066046,0.04185787886784488,0.05069806577202339,0.17217489556295953,0.25114053387148966,0.03645954673116725,0.12591570935610819,0.11653134235818143,-37.25604453061642,0.07815319433062753
239.7,-2.154217020046957,363.78636391268185,5.077,-0.02,9.99,-0.01,1.5636484972809,0.0,0.0,0.0,-2.140321383005058,365.0121231017183,0.0,-0.06484360470213213,10.011389297438651,0.0,239.614,-0.1164978338508217,0.027691299327661095,-5.019994865433271,1.5492906805865176,-0.09241946567983136,0.031049239701929344,-5.008163721052606,0.13844474996500009,-0.007125888948140258,0.01,1.558932088985008,-2.223189052270685,364.96356048873145,0.0,-0.006600524012596454,9.999997616148232,0.0,1.5714563792576481,46.0,0.048138413563092536,0.04190197089002645,0.05067664153839023,0.17219566672336784,0.2511378280237516,0.036533595112360394,0.12595171036234276,0.11656129724027645,-37.24000759068092,0.07815299759377803
239.8,-2.154217258712592,364.7849841728348,5.078,-0.03,9.99,-0.01,1.5622896161538105,0.0,0.0,0.0,-2.1441103998145836,366.01336606826135,0.0,-0.05131667280178876,10.012919259447969,0.0,239.713,-0.11216477450317314,0.04127911816876308,-4.959034746796901,1.5535572380735128,-0.08263040367127047,0.0351013613541427,-5.000500567823627,0.20118747169864193,0.00333611441864079,0.01,1.5536678395581724,-2.223849104685486,365.9635602708952,0.0,-0.0066005240117660065,9.99999761614823,0.0,1.571456379257565,47.0,0.0483750817063027,0.04194208031971287,0.05068703719130259,0.1722423423303407,0.25113132337078214,0.036602655225661834,0.1259862899456834,0.11661512806411828,-37.23500148890502,0.07816226024618977
239.9,-2.1542175012910008,365.7836050066066,5.08,-0.03,9.99,-0.01,1.5601045229148607,-0.0006885837027270318,0.05701658336438999,-0.0302702042896116,-2.149657856187061,367.21499867021856,0.0,-0.02536767136896587,10.014103053113883,0.0,239.812,-0.11523207272966514,0.03478427890177906,-5.0215803015965985,1.5399460189918501,-0.08161062945641129,0.02978935094078175,-5.000891930934026,0.19348516481613284,-0.007220134709330139,0.01,1.5544210732112125,-2.224641167583,367.1635600094917,0.0,-0.006600524008073406,9.999997616148232,0.0,1.5714563792571958,48.0,0.05038379501324466,0.04293445792242527,0.05091078617297077,0.17362282454248407,0.2517329224860938,0.037482041091617825,0.12664533387092008,0.11793209608694954,-37.0847586011817,0.07886545441271148
240.0,-2.1633072657332093,366.7822252619134,5.082,-0.04,9.99,-0.01,1.5581405303117375,0.0,0.0,0.0,-2.1536468884046487,368.01614804154275,0.0,-0.009736349080869055,10.014600289062985,0.0,239.911,-0.10130633675348008,0.02011480635839691,-4.997120213802386,1.5725608435651717,-0.08350625675821348,0.026628950617353896,-5.0056954627305235,0.13393226932912322,-0.012237968078430583,0.01,1.561382442778117,-2.225169209514467,367.96355983522267,0.0,-0.006600524007016473,9.999997616148232,0.0,1.5714563792570901,49.0,0.05042747200371272,0.043139007164267655,0.05099016043373323,0.1737651828262953,0.2517666421123223,0.037460711247402426,0.12659746071342995,0.11801490312228155,-37.06954648326924,0.07892378320161472
240.1,-2.1633075060073708,367.78084551863907,5.084,-0.03,9.99,-0.01,1.5585053722050526,0.0,0.0,0.0,-2.158685639014435,369.017623844574,0.0,-0.010793859768448532,10.014802383436823,0.0,240.01,-0.0867443714278691,0.02501688962593594,-5.091443642028599,1.5490124779098131,-0.07013805666048345,0.023647563222192962,-5.0114929866172595,0.17230224117331813,-0.016296897028757584,0.01,1.5565295509747032,-2.225829261928723,368.9635596173864,0.0,-0.00660052400730291,9.99999761614823,0.0,1.5714563792571188,50.0,0.05027022941423405,0.04310166923185078,0.05101573917524799,0.17363996317264063,0.25170382369643923,0.037413061835962144,0.12655415958709418,0.11790879967826992,-37.0770953921432,0.07885737634107473
240.205,-2.172397276582487,368.7794657726163,5.086,-0.03,9.99,-0.01,1.5587394666534404,0.0,0.0,0.0,-2.164720261192347,370.2193612792453,0.0,-0.014078714740002463,10.014055954710388,0.0,240.142,-0.10324991189191345,0.033709809423792605,-5.07060709080151,1.5410220423668977,-0.07800694767240401,0.02752143609878432,-5.026664792043803,0.14677291338690046,-0.004125901029283341,0.01,1.5591030498764344,-2.226621324825893,370.1635593559829,0.0,-0.006600524008355402,9.999997616148232,0.0,1.571456379257224,63.0,0.05173914424877279,0.04394482302397201,0.05127133961003896,0.1747559244155996,0.252192201128396,0.03806441569511093,0.12703333713781417,0.11896374469852737,-36.95489169194239,0.07942950999662672
240.3,-2.172397517314252,369.77808602629955,5.087,-0.03,9.99,0.0,1.5584161682662108,0.0,0.0,0.0,-2.169683938022144,371.22069543434884,0.0,-0.011643860632287622,10.01274985229728,0.0,240.274,-0.08788403080829146,0.020235372677948914,-5.0513693420978205,1.5423504294096941,-0.07064463703841661,0.020743132631843342,-5.027244815186277,0.19092038280611204,-0.018523158868791967,-0.0,1.554659658409303,-2.2272813772404647,371.16355913814664,0.0,-0.006600524012794073,9.99999761614823,0.0,1.571456379257668,26.0,0.050759716049900316,0.04347841131664651,0.051124408584484485,0.17401677363150922,0.25183255432826834,0.03752049548718118,0.1265570938017712,0.11820658467497334,-37.03464224608844,0.07903153029777632
240.4,-2.1814872883470144,370.77670627609524,5.088,-0.03,9.99,0.0,1.5579868378725388,0.00695730125025946,0.016048630667729893,-0.013994589858055653,-2.173564222053733,372.02165740121075,0.0,-0.007913153221754482,10.0114902712118,0.0,240.307,-0.08779908258308695,0.01958487092378298,-5.049273017064967,1.5412387651960646,-0.05410364869612274,0.017730626310527034,-5.029531257033801,0.22272385139167353,-0.02148104803725559,-0.0,1.5514654867823612,-2.2278094191724627,371.96355896387763,0.0,-0.006600524016861934,9.999997616148233,0.0,1.5714563792580747,53.0,0.05010082589101182,0.043101397163697285,0.051082906154405666,0.17354234970296176,0.2516464562725826,0.03737122567358065,0.12650059812956932,0.11781918242406245,-37.073581364691904,0.07879714189347689
240.5,-2.1814875299362484,371.7753265268743,5.089,-0.03,9.99,0.0,1.5562829236176352,0.007747056311768811,0.03825446639556327,-0.020529576224024793,-2.1781844789775158,373.0226983544416,0.0,0.008465655101333229,10.009392844224282,0.0,240.472,-0.08780500013627807,0.021215704999533166,-4.990147954654688,1.561296221147835,-0.06598399463070447,0.020510393576263584,-5.022791799771413,0.14153797091006917,-0.010681872555142746,-0.0,1.5596198791391729,-2.228601482070625,373.1635587024742,0.0,-0.0066005240145319945,9.999997616153914,0.0,1.5714563792578413,28.0,0.05044885566659162,0.04312822717226032,0.05112390727293569,0.1736589443421236,0.25169882993287773,0.037500776437993925,0.12660646809769158,0.11796402084916709,-37.061069238106626,0.0788576526902573
240.6,-2.1905773081215756,372.7739473603516,5.091,-0.02,9.98,0.0,1.5561997406792378,0.0,0.0,0.0,-2.1823440962986744,374.02350572490644,0.0,0.013064172455369435,10.006810198427154,0.0,240.505,-0.06839862330213632,0.01060899317317034,-5.10828424630659,1.5407377414118322,-0.04553277844016063,0.01392822580040104,-5.031752428463102,0.19394936888439507,-0.022788422873759373,-0.0,1.553345938550553,-2.2291295240026705,373.96355852820534,0.0,-0.006600524014605269,9.999997616153914,0.0,1.5714563792578486,56.0,0.05028152794914718,0.043173197956703546,0.05113576680235763,0.1737229377038901,0.25172598602089485,0.03741659743380257,0.12655362317532276,0.11796847614616095,-37.06343798324663,0.07888858651743866
240.7,-2.1905775482256615,373.7614718291895,5.091,-0.01,9.98,0.0,1.556342979953859,0.006515705557254437,0.0253362532248434,-0.013684737658090737,-2.186621693316053,375.2241216078867,0.0,0.010929452139608475,10.003526079315213,0.0,240.637,-0.07463549042461695,0.0018543534865316813,-5.0847525302733425,1.5623423392612614,-0.058637229769220325,0.0023970726847831773,-5.040038457194246,0.0558301221174871,-0.034230308663275366,-0.0,1.566188357863055,-2.229921586900542,375.16355826680206,0.0,-0.006600524012829601,9.999997616148232,0.0,1.5714563792576715,24.0,0.04850066512404809,0.04224108093824066,0.05116906577083423,0.17194108141530728,0.2508145916085172,0.03627460290027878,0.12549467741363907,0.11629135244490485,-37.19418941481746,0.07790496270086827
240.804,-2.1905777912683817,374.76009207698365,5.092,-0.01,9.98,0.0,1.5577449175205564,0.015091318160127449,-0.05326416833143614,0.039414991824678565,-2.189657973056017,376.2242822745601,0.0,-0.008185411133575377,9.99985152533383,0.0,240.769,-0.06681762084936682,0.015815927224927778,-5.064073747468411,1.5529007819612413,-0.06263576755965035,0.0064069934687493325,-5.046959106484611,0.04333419657859977,-0.017997669680390516,-0.0,1.5674502050952521,-2.230581639315366,376.1635580489658,0.0,-0.0066005240119503044,9.999997616148232,0.0,1.5714563792575835,35.0,0.04789454525470094,0.041680089307256946,0.051246441749716064,0.1712952196425367,0.2505904231493666,0.03619289378185583,0.1255326428830984,0.11586329753790625,-37.239649115638564,0.07761361648705639
240.9,-2.1996675692428482,375.7587123225056,5.094,-0.01,9.97,0.0,1.561064419397388,0.0,0.0,0.0,-2.191909444802227,377.0241112555993,0.0,-0.03441510789077688,9.996210135426539,0.0,240.802,-0.06317803578421476,0.001489111302010418,-5.029582699450596,1.5544310736478986,-0.053049819954894835,0.0017615679294385115,-5.0452653298225325,0.07492342437735416,-0.02443802574680909,-0.0,1.564275097333207,-2.231109681247268,376.9635578746969,0.0,-0.006600524014101917,9.99999761614823,0.0,1.5714563792577987,58.0,0.05325497104182867,0.0445769247763868,0.05137774697883909,0.1759564265074683,0.2527902261966995,0.038893077955052494,0.12777852351002655,0.12016645212088406,-36.85612601007331,0.08009609877732878
241.0,-2.1996678135428596,376.7573325675337,5.097,-0.01,9.97,0.0,1.562650650800441,0.0,0.0,0.0,-2.194827655784626,378.0234644099438,0.0,-0.05275385094563263,9.991179385704445,0.0,240.934,-0.06568732883441848,0.0055424984087904545,-5.070800318012826,1.5456960416476828,-0.04162967498024746,0.001441286214564162,-5.048290781022722,0.16117799672908567,-0.013103416973571314,-0.0,1.5556142487239124,-2.2317697336622473,377.96355765686064,0.0,-0.006600524014310639,9.99999761614823,0.0,1.5714563792578196,26.0,0.04681308334683809,0.041387944380268306,0.051007179877565596,0.17087015914510242,0.2503923683799506,0.035565140284674654,0.12501818478212434,0.11529353427040401,-37.32661134014574,0.0773977425769345
241.1,-2.199668060980386,377.7559534047218,5.1,-0.01,9.96,0.0,1.5615788372841217,0.0,0.0,0.0,-2.1979642290030186,379.0223145477215,0.0,-0.04423408286344506,9.986164659112847,0.0,241.033,-0.06903401225839632,0.030829133805950315,-5.054865192657613,1.5537437727843153,-0.04281220073828826,0.016046105195374978,-5.05087051945349,0.14391820067328098,0.02260947960838955,-0.0,1.5573954044135758,-2.2324297860772324,378.9635574390244,0.0,-0.006600524014688114,9.99999761614823,0.0,1.5714563792578573,27.0,0.04627534342752305,0.040609046934583344,0.05088868011181909,0.16996934047673576,0.25003746249865144,0.03541303555367412,0.1249618627243239,0.11465801944331304,-37.399384093877075,0.07697250339627168
241.201,-2.1996683025304264,378.74347786734074,5.101,-0.01,9.96,0.0,1.5598481046643595,0.0,0.0,0.0,-2.201745036460009,380.22030015944705,0.0,-0.023438681228830496,9.980976373770275,0.0,241.165,-0.060035602318361365,0.016973233069265372,-5.076342516199725,1.5477604235587015,-0.04661575469754555,0.024910747381177115,-5.0470803715644585,0.14569863668086497,0.04483792579491208,-0.0,1.557233856575746,-2.2332218489753504,380.1635571776209,0.0,-0.006600524015907142,9.999997616148233,0.0,1.5714563792579792,36.0,0.04616236250877765,0.04069540102129129,0.05079257689062089,0.1701978211825262,0.2501541802149772,0.03532600319435138,0.12490841472717955,0.11476141602951602,-37.40827568791474,0.07709663167532296
241.304,-2.2087580819100765,379.74209751066337,5.099,-0.01,9.96,0.0,1.559071653583322,-0.03093387023903846,0.010235654573611558,-0.008095556639306094,-2.2046464842602025,381.21826406177655,0.0,-0.01609120045785203,9.97899767361737,0.0,241.264,-0.06030989407525235,0.025206694500707894,-5.042453309192291,1.5537487911343661,-0.04835400000479579,0.024318933779864122,-5.047903398067184,0.08425856774360341,0.03637963607550532,-0.0,1.563367917255846,-2.2338819013904567,381.1635569597846,0.0,-0.006600524015101119,9.999997616148232,0.0,1.5714563792578986,40.0,0.04709283680897817,0.04141247369607009,0.050864900859621726,0.17124163892852964,0.25062096765638797,0.03585998816690487,0.1253315120417517,0.1156484613897594,-37.317840891220655,0.07762475293452167
241.4,-2.2087583274476543,380.74071774958645,5.097,-0.01,9.96,0.01,1.5597414048996308,0.0,0.0,0.0,-2.20675408038656,382.0165764358697,0.0,-0.021283950372413568,9.979133497330745,0.0,241.33,-0.057852414856520915,0.024894820029065737,-5.016806669454295,1.5618303452262832,-0.04575252982095304,0.02749276324892162,-5.044626322687517,0.0688213092984716,0.03788398978452534,-0.0,1.5649130188179072,-2.234409943322502,381.9635567855156,0.0,-0.006600524014681453,9.99999761614823,0.0,1.5714563792578566,30.0,0.04625167571607951,0.04091313290913962,0.05067905551790945,0.17053945521484165,0.25030021376046907,0.03546196946752705,0.12502342860524243,0.11500378039141111,-37.3980279158003,0.07726755453331893
241.5,-2.2087585693413843,381.7282422064113,5.096,-0.01,9.96,0.01,1.561488906913672,0.0,0.0,0.0,-2.209206170457392,383.01456640687906,0.0,-0.03908881248249829,9.98073021111874,0.0,241.429,-0.052290765887902525,0.03324685123419929,-4.986637756755446,1.563070912671889,-0.046412148208757775,0.03122230350739957,-5.041271056384044,0.0342786412777446,0.040713536423266916,-0.01,1.5683686406610406,-2.2350699957374887,382.96355656767935,0.0,-0.006600524012429921,9.999997616148232,0.0,1.5714563792576315,31.0,0.04625701707840939,0.04085734321958459,0.05061532496145552,0.17045812521716489,0.25025910156374875,0.0354216783875351,0.12498991058382038,0.1149337086604957,-37.404064889143406,0.07722456118050355
241.6,-2.208758814781689,382.72686244221654,5.094,-0.01,9.96,0.0,1.5634160191428401,0.0,0.0,0.0,-2.2116375668211714,384.0127776271136,0.0,-0.056872605279037314,9.983180921217116,0.0,241.528,-0.05750482400782344,0.018603034279157132,-5.032906599189133,1.553520895173048,-0.03842213777045375,0.03213333253871931,-5.043225968119881,0.09983685666948883,0.03481912897295736,-0.0,1.5618082264288948,-2.23573004815223,383.9635563498431,0.0,-0.006600524011202013,9.99999761614823,0.0,1.5714563792575087,55.0,0.04909137871992189,0.042675348955188666,0.05078232197404218,0.17329421930670544,0.2515803175274586,0.037144657161967,0.1264229094274146,0.11749601329425496,-37.113036186151184,0.07866763297165932
241.7,-2.217848604660176,383.7254826746242,5.092,-0.01,9.97,0.0,1.5639461833660047,0.0,0.0,0.0,-2.214218944810305,385.01127630009347,0.0,-0.06575210986020533,9.986208795451065,0.0,241.627,-0.05962060760201405,0.019244239937817827,-5.056579153639537,1.5457256002501478,-0.035915658143690174,0.02016492073997135,-5.04534982372504,0.1268866022230311,-0.005837520784432115,-0.0,1.5590661646917299,-2.2363901005669145,384.96355613200683,0.0,-0.006600524010851183,9.99999761614823,0.0,1.5714563792574736,35.0,0.04652532400902354,0.04118307203163867,0.050706264799206695,0.17094343669161968,0.25034768988365974,0.03563438795609569,0.1251319780550865,0.11525522240100608,-37.328807531735826,0.07733495975104779
241.801,-2.2178488478523377,384.71300712814707,5.092,-0.01,9.97,0.0,1.5626950646427016,0.0,0.0,0.0,-2.21748458494735,386.20986323628074,0.0,-0.0511058908775344,9.9894230504301,0.0,241.726,-0.057342798144360704,0.020279775475998643,-5.066192950666804,1.5496645994946654,-0.038549182831672926,0.018601586095165136,-5.048726935895065,0.10089767033125471,-0.007782945808836317,-0.0,1.5616723388814981,-2.237182163464431,386.1635558706033,0.0,-0.006600524011543962,9.99999761614823,0.0,1.571456379257543,34.0,0.050550784808466344,0.04387840270347101,0.05259145005375893,0.17345952373023524,0.25123477304340674,0.036958552901079356,0.12589437155204866,0.11766900166723618,-36.934476063728695,0.07847596116333025
241.9,-2.2178490944237836,385.7116273587093,5.093,-0.01,9.97,0.0,1.5620856499907114,0.0,0.0,0.0,-2.219639138186593,387.00906677711043,0.0,-0.04582489162833281,9.990223361068244,0.0,241.825,-0.04747373842271573,0.02566873852949913,-5.005323798020743,1.5741218896360913,-0.04143886711040462,0.022924064049911104,-5.044794454527732,0.054089140566857166,0.002661939595775209,-0.0,1.5663753553839583,-2.2377102053961506,386.9635556963343,0.0,-0.006600524012265607,9.99999761614823,0.0,1.571456379257615,35.0,0.04777179459429289,0.042041632806766524,0.05195881614419558,0.17157947355641506,0.2506217892665328,0.036029923369298215,0.12553690234994555,0.1160578280535968,-37.19045042656969,0.07765416395912461
242.0,-2.2269388864656605,386.71024758586634,5.094,-0.01,9.97,0.0,1.5630120305020847,0.0,0.0,0.0,-2.2222425783549866,388.00808526418194,0.0,-0.05399714995458787,9.989813863515822,0.0,241.924,-0.04593820969816351,0.024688864784693603,-5.044503927109741,1.5289379982239768,-0.021248732637385248,0.024958160299937495,-5.042059911221587,0.19946226696589736,0.005043896899264766,-0.0,1.5518049829452991,-2.2385022682938365,388.1635554349308,0.0,-0.006600524010347142,9.99999761614823,0.0,1.5714563792574232,36.0,0.04737523797699713,0.041602182706582995,0.05157911668291486,0.1713120805945328,0.2506283519635817,0.03587933884006944,0.12548129832984603,0.11583084300887177,-37.25512200549124,0.077601704957117
242.1,-2.226939133262178,387.7088678159487,5.094,0.0,9.97,0.0,1.561779595040951,0.0,0.0,0.0,-2.224757016398372,389.00704075781215,0.0,-0.04704437419252789,9.98913578468118,0.0,242.023,-0.047765776582066,0.02101585508481727,-5.132123761268138,1.527719796893643,-0.0004696464002317582,0.021985374604658884,-5.051887101873252,0.30784677368288926,-0.004490734618343595,-0.0,1.5409174589352186,-2.2390303102255658,388.9635552606618,0.0,-0.0066005240105869506,9.99999761614823,0.0,1.5714563792574472,38.0,0.04788750602797221,0.041555065939060915,0.051438958228001264,0.1713825725458934,0.25072268103027134,0.03612567754450694,0.12562941674331451,0.11598766704713151,-37.24091969415794,0.0776837039299097
242.2,-2.2269393860295565,388.72967960259643,5.093,0.0,9.97,0.0,1.5562416250493865,0.0,0.0,0.0,-2.2268571390005154,390.0059233994276,0.0,0.004394421143555016,9.988487447755947,0.0,242.122,-0.06141890630396453,0.027962012542051613,-5.022714213977845,1.5312243337746536,-0.01032376499328623,0.02549354204587756,-5.05159114268678,0.25069204473197043,0.003496162260685054,-0.0,1.5456657944210346,-2.2396903626401348,389.96355504282553,0.0,-0.0066005240089238365,9.999997616148232,0.0,1.5714563792572809,38.0,0.04884752295566918,0.04195946143471779,0.051576860803581724,0.1718569561015871,0.2509340573458912,0.03647605588998167,0.12579362955408177,0.11646410385940073,-37.17022206415599,0.07793260521031518
242.3,-2.2269396331939504,389.7282998282337,5.092,0.01,9.97,0.0,1.5520436438408236,0.0,0.0,0.0,-2.2278432884370325,391.00472930400576,0.0,0.052260107809904685,9.987391064437093,0.0,242.188,-0.06150515612146547,0.03550049382923442,-5.031260994994238,1.567709296992787,-0.026465348552424165,0.03201818561801706,-5.04997403254627,0.12173548348131295,0.017693216237214315,-0.0,1.5576073108657802,-2.2403504150545785,390.9635548249893,0.0,-0.006600524008870546,9.999997616148232,0.0,1.5714563792572755,72.0,0.05565323634459511,0.045857634260669126,0.051917942652918964,0.17773362917013633,0.253633206755864,0.039753162190914425,0.12842496391845876,0.1218880098738094,-36.67493816923057,0.08104542675314126
242.401,-2.2269398779384773,390.7158242723971,5.093,0.02,9.96,0.0,1.5522935940560438,0.0,0.0,0.0,-2.2269710454786313,392.2032220853979,0.0,0.05014543632606954,9.987199006371524,0.0,242.32,-0.031423869339748056,0.0332124738467602,-5.009578765736955,1.542149664540108,-0.01043242751375034,0.03554709915167258,-5.047503205495609,0.17255309837512192,0.021682407246929714,-0.0,1.5515273730032246,-2.241142477951857,392.16355456358576,0.0,-0.006600524008606313,9.999997616148232,0.0,1.5714563792572491,40.0,0.05270229991351511,0.04462683734771623,0.05180133022801391,0.17554527787170562,0.2525653326665218,0.03830814551204603,0.12715875165989046,0.11969471882550434,-36.8600867360387,0.07984181533513465
242.501,-2.226940125083118,391.7144444946952,5.094,0.04,9.96,0.0,1.5532357106592989,0.0,0.0,0.0,-2.224668005655818,393.20201310024856,0.0,0.0437073783311544,9.988398000371857,0.0,242.419,-0.03776757551166214,0.02254786232930172,-5.0774250249848745,1.5560574684800323,-0.022808294929157834,0.030305409659112246,-5.04660125835429,0.06774196408094046,0.015376699365246438,-0.0,1.5599959552400642,-2.241802530366336,393.1635543457495,0.0,-0.006600524009276887,9.999997616148232,0.0,1.5714563792573162,41.0,0.04895451921578582,0.04243816641655777,0.051434440838523984,0.17249946322040854,0.25124499253300686,0.03677643163070491,0.1260500564153713,0.11696427835486578,-37.14551344623201,0.07829146653474814
242.6,-2.2178508170264593,392.7019689382436,5.096,0.05,9.96,0.0,1.5544672599670033,0.0,0.0,0.0,-2.221241638454853,394.2009605242298,0.0,0.028981586140730414,9.990369237543625,0.0,242.551,-0.034412132198175766,0.022519641471214893,-5.0529318004180785,1.5751423396703166,-0.042607433210840165,0.026754803177145025,-5.04197580572713,-0.09442862763875032,0.004094190581071189,-0.0,1.5752551699527284,-2.2424625827808735,394.16355412791324,0.0,-0.00660052401063358,9.99999761614823,0.0,1.5714563792574519,49.0,0.04843676592690919,0.04188729525625338,0.05120889890199549,0.17202831263630108,0.25109581053040103,0.03664070631965856,0.12600647142085009,0.1165860357380465,-37.20930451179959,0.07809112536470209
242.7,-2.2178510631966333,393.7005891577487,5.097,0.05,9.97,0.0,1.558984464095209,0.0,0.0,0.0,-2.2171436657636314,395.2000997243201,0.0,-0.01909934856802065,9.99203643067859,0.0,242.617,-0.04209692094780364,0.03110714349320861,-5.045415795856685,1.5516550557854354,-0.042170735622818645,0.028471587501629283,-5.042308446784261,-0.035753673144131304,-0.0020737939003971917,-0.0,1.569367111042173,-2.243122635195632,395.163553910077,0.0,-0.006600524013557907,9.999997616148232,0.0,1.5714563792577443,43.0,0.05227174291788812,0.04380393986123985,0.05148327188436449,0.17480763827834728,0.2523132419263204,0.038273021346214325,0.12719402828373727,0.11916447498479561,-36.933217376258426,0.07951445005772895
242.8,-2.217851306481819,394.688113595968,5.096,0.05,9.96,0.0,1.563390593570892,0.0,0.0,0.0,-2.2138630531947165,395.9995215282236,0.0,-0.05495225801758405,9.99265291795068,0.0,242.716,-0.053470068640770335,0.041616472495876675,-5.0727675308900535,1.5643161683711009,-0.05228964794392741,0.03560307482896015,-5.0422821011458545,-0.047422275578279376,0.022374393876157583,-0.0,1.5705380992166957,-2.2436506771274907,395.963553735808,0.0,-0.006600524011852605,9.999997616148232,0.0,1.5714563792575738,44.0,0.04946737612232073,0.0426303368713643,0.05136894580387372,0.1728850372739678,0.25139483878973956,0.036927987547487606,0.12612733461255965,0.11726351739931082,-37.11827985324256,0.07848576617961599
242.9,-2.217851549640855,395.67563803133066,5.096,0.04,9.96,0.0,1.565643657990966,0.0,0.0,0.0,-2.2102961602803894,396.99889259182646,0.0,-0.07762099961772657,9.99331100134177,0.0,242.881,-0.0660407469897806,0.03729825036775771,-5.05490723336117,1.548770947926982,-0.0580304347066077,0.038543663607045794,-5.0447973549316885,0.00988397656029976,0.024705411760038487,-0.0,1.5658003294701934,-2.2443107295422426,396.9635535179717,0.0,-0.00660052401277853,9.99999761614823,0.0,1.5714563792576663,19.0,0.06037817629733308,0.04878384657641114,0.05347519248397911,0.18074375420831787,0.254707071805759,0.04135104868785162,0.12928617044915214,0.12485380428115447,-36.291332219714015,0.08252090780293725
243.0,-2.2178517963873077,396.6742582466565,5.094,0.03,9.96,0.0,1.5664328626033406,0.0,0.0,0.0,-2.2076322451892345,397.99838924402144,0.0,-0.08813673194619398,9.994811168531815,0.0,242.914,-0.059552571961175284,0.03806921452226005,-5.043010641510678,1.5196725929667338,-0.037733064943459946,0.040189508845612426,-5.044599271859312,0.17462314284416355,0.022675413305888625,-0.0,1.550301370945533,-2.2449707819571323,397.96355330013546,0.0,-0.006600524012816278,9.999997616148232,0.0,1.5714563792576701,48.0,0.04935045525137186,0.04291813790147582,0.05239335252787523,0.17272239461110875,0.25125143737954975,0.03688490618575332,0.12605499953381755,0.1172331669808459,-37.05533570274234,0.07835760667772199
243.1,-2.208762480437443,397.66178268325496,5.091,0.02,9.97,0.0,1.5633314876493554,0.0,0.0,0.0,-2.20591503855382,398.99810750833456,0.0,-0.06370055418971768,9.997982336433282,0.0,242.98,-0.06408295975287165,0.038859817852243884,-5.061079847291987,1.5468088004010532,-0.02903185966308936,0.04090995129644471,-5.046447568810249,0.19068251288718796,0.011930033035456589,-0.0,1.54969306964717,-2.2456308343719544,398.9635530822992,0.0,-0.006600524013031662,9.999997616148232,0.0,1.5714563792576917,40.0,0.06413093352309988,0.05063803514983186,0.05439221419937474,0.18339328779608222,0.2559122593748389,0.042999069127013186,0.13062263208710959,0.12767087467003604,-36.03963115693655,0.08398446347736124
243.2,-2.208762719195491,398.64930648839567,5.089,0.02,9.97,0.0,1.5586997289818265,0.0,0.0,0.0,-2.204705054826097,399.9981389316647,0.0,-0.014683526417689222,10.001835130337655,0.0,243.112,-0.07749630241688703,0.04510252037681612,-5.070560722409195,1.5443359070922429,-0.04826950410864507,0.04455517047434663,-5.0443387607687455,0.1300596486071177,0.017926042994995228,-0.0,1.5557733521737727,-2.246290886786788,399.96355286446294,0.0,-0.006600524011988052,9.999997616148232,0.0,1.5714563792575873,48.0,0.05178981424513523,0.04423739938241897,0.053268481242081424,0.174577811232286,0.25206909887899165,0.03785591396193277,0.12674593904722456,0.1189905095286818,-36.84345807019758,0.07930776869098691
243.3,-2.208762964196694,399.64792669697334,5.089,0.02,9.97,0.0,1.556913660899971,0.0,0.0,0.0,-2.2034161722982457,400.9985277840244,0.0,0.007991800740701804,10.005567859744671,0.0,243.211,-0.07203522676936494,0.0399346690888324,-5.060633967730897,1.5521963565048753,-0.0515826179422278,0.0413959764554976,-5.043096416700465,0.11763060475390306,0.008581939431062224,-0.0,1.5570045997579385,-2.2469509392015543,400.9635526466267,0.0,-0.0066005240118104155,9.99999761614823,0.0,1.5714563792575695,51.0,0.050613428003117515,0.04340788287499671,0.052542701615377024,0.17413620732052978,0.25199357472854417,0.03752135658228287,0.12664832679395685,0.11847853016689136,-36.971428891741574,0.07915271594105772
243.403,-2.2087632065698983,400.63545112495075,5.088,0.03,9.97,0.0,1.556954553411577,0.0,0.0,0.0,-2.2014487778400507,402.19949009827275,0.0,0.007450173878942425,10.010089035743036,0.0,243.376,-0.07436176034505498,0.04325233941013473,-5.020795481487172,1.5491784826801762,-0.06283930446018757,0.04985509632635123,-5.047266654939655,0.08561185171296429,0.023484768117326027,-0.0,1.559228120392517,-2.2477430020992655,402.16355238522317,0.0,-0.006600524011968067,9.99999761614823,0.0,1.5714563792575853,27.0,0.05091464788878047,0.04351065058254089,0.05209486004770778,0.17456994082649982,0.2521958691847216,0.037696148750936735,0.12681468968232132,0.11877973835102579,-36.97608867084641,0.07938345029688956
243.5,-2.208763451796159,401.6340713315294,5.088,0.03,9.98,0.0,1.5575625813242535,0.0,0.0,0.0,-2.199940981036582,403.0004371523687,0.0,0.002835327280474233,10.013185218420551,0.0,243.409,-0.07074444854234832,0.043588434112745274,-5.021133248610477,1.5511593807979096,-0.05488804969584726,0.04795960425050331,-5.044517031257474,0.10720278652560819,0.007002350220952636,-0.0,1.5570590559929076,-2.248271044031127,402.9635522109543,0.0,-0.006600524013096055,9.999997616148232,0.0,1.571456379257698,51.0,0.04976662266792437,0.04276282792481963,0.051614483751951774,0.173552251119128,0.25170741205634045,0.037161107986838846,0.126385187236501,0.11780059976911195,-37.090146978251234,0.0788390570244652
243.601,-2.2087636973969325,402.62159638876597,5.09,0.03,9.98,0.0,1.5577985626321773,0.0,0.0,0.0,-2.197605614924449,404.202334912795,0.0,0.00020502408155621552,10.018051727149027,0.0,243.574,-0.08522737089830928,0.02881654671477043,-5.050332456622845,1.5621448055378693,-0.06745762837879463,0.0315453503313646,-5.038138882924732,0.05437935131902501,-0.029804601317033885,-0.0,1.5623163597832004,-2.249063106928881,404.163551949551,0.0,-0.006600524012198994,9.999997616148232,0.0,1.5714563792576084,27.0,0.050358467587943295,0.0432073661306869,0.051466813982611714,0.17412452588891064,0.25193147789146547,0.037477638708007785,0.12662091358342836,0.11827793391572379,-37.04596885783926,0.07911774748357199
243.7,-2.2087639425259056,403.6202165937458,5.091,0.03,9.98,0.0,1.5585589483988023,0.0,0.0,0.0,-2.1961104366973334,405.00390341879114,0.0,-0.00596612330099798,10.020654705345159,0.0,243.607,-0.07791032818682747,0.02360877854150001,-5.030450437948003,1.5507416501408138,-0.06246418714027376,0.02400543090452148,-5.037320733202424,0.07868343029982527,-0.04157783891674072,-0.0,1.5598610800931543,-2.2495911488607105,404.963551775282,0.0,-0.00660052401173492,9.99999761614823,0.0,1.571456379257562,53.0,0.04969739792503337,0.0429121580481853,0.05121775072769019,0.17360510959036737,0.2516699850386232,0.037201356722128154,0.12639862700343038,0.117771611954019,-37.101868607672266,0.07883328973804948
243.803,-2.199674623551786,404.61883679966184,5.092,0.02,9.98,0.0,1.5593216587465744,0.028671994760353422,-0.000699167060328498,0.00336178875099331,-2.1941624417399823,406.2065061522404,0.0,-0.01566299512941231,10.021849029578263,0.0,243.772,-0.0849582298143056,0.025148559585744648,-5.06419667392643,1.5381913295745941,-0.06806763127350354,0.02539909939386338,-5.039549385588009,0.10541764195778298,-0.033026706319448706,-0.0,1.5581883713194742,-2.2503832117584315,406.1635515138785,0.0,-0.006600524012454346,9.999997616148232,0.0,1.571456379257634,31.0,0.05111229401917226,0.043782668165956856,0.05139419989568908,0.17467359090383192,0.2521168231653749,0.037865404610597043,0.12687739313511456,0.11877617005187745,-36.985933833960075,0.07936858019417292
243.902,-2.1996748650616667,405.60636122123475,5.093,0.02,9.98,0.0,1.5591544481602049,0.0,0.0,0.0,-2.192929251533069,407.20863000369195,0.0,-0.013595177776386991,10.020313512966771,0.0,243.871,-0.09535529609901817,0.019926880182012822,-5.080796248055027,1.5535660972347511,-0.07468396394479351,0.021901110455041506,-5.046081497248496,0.09569743909841955,-0.03574243831622148,-0.0,1.5591622537243817,-2.2510432641732048,407.1635512960422,0.0,-0.006600524011817077,9.99999761614823,0.0,1.5714563792575702,31.0,0.05028219392750631,0.043324898968910765,0.051297681637084286,0.17391515120370882,0.2517621185314578,0.03746239455251087,0.12654604112809814,0.11808477371462833,-37.051516454974944,0.07896609264870448
244.003,-2.199675109245078,406.60498142126164,5.094,0.02,9.98,0.0,1.5588919465106468,0.0,0.0,0.0,-2.1923675261056252,407.80979705019735,0.0,-0.011626042196500614,10.018660271951788,0.0,243.97,-0.08722100898146111,0.03330211706140968,-5.059529558375611,1.5439771094512478,-0.07414712740501067,0.023442795128137,-5.049917576834037,0.12495191125212678,-0.024746117328524164,-0.0,1.5562370126054887,-2.2514392956220703,407.76355116534046,0.0,-0.00660052401242548,9.999997616148232,0.0,1.571456379257631,33.0,0.05049731331902511,0.043381208591062474,0.051244722912155746,0.17401989049390196,0.25182305355388945,0.037563660379465326,0.1266431782229232,0.11820522529782629,-37.03918861603722,0.07902856990474807
244.1,-2.1996753530575432,407.60360162012984,5.095,0.01,9.97,0.0,1.5584166395154335,0.0,0.0,0.0,-2.191640615579014,409.01178889347744,0.0,-0.007756114921575356,10.014695106942192,0.0,244.036,-0.08948081388065852,0.03753093374224935,-5.0554697639702715,1.547352384941748,-0.06698540918679965,0.028414564532890808,-5.050517165128422,0.1467997709842205,0.001217518389339034,-0.0,1.5550723845614678,-2.252231358519883,408.96355090393695,0.0,-0.006600524012489873,9.999997616148232,0.0,1.5714563792576375,24.0,0.04650472511610857,0.041064410419581185,0.05085247788487144,0.17056474376383945,0.25024966110005187,0.03552230010006065,0.12501698210062698,0.11504325408212623,-37.36705683277384,0.07724424003043193
244.2,-2.1996755946663313,408.59112603760656,5.094,0.01,9.97,0.0,1.5574798007172088,0.0,0.0,0.0,-2.191371078798672,410.2133094657813,0.0,0.0038794486386581496,10.011123063106755,0.0,244.135,-0.09190416165219237,0.03529893362979217,-5.048513951590565,1.5465102708863578,-0.06626836468113995,0.033988546445447465,-5.0510517399251995,0.15414340042953517,0.013324410990321667,-0.0,1.554356050486799,-2.25302342141771,410.16355064253344,0.0,-0.006600524012962828,9.999997616148232,0.0,1.5714563792576848,25.0,0.04634696768962955,0.04087391268277069,0.050761751499476176,0.17040338305224803,0.25020883870458616,0.03547580290927571,0.12501783686762236,0.11492524161598286,-37.389474004328434,0.07718195027486624
244.3,-2.199675838781374,409.58974623273554,5.094,0.01,9.97,0.0,1.5565909185123188,0.0,0.0,0.0,-2.1913351894679876,411.0141371848463,0.0,0.011172252682838548,10.009856735180618,0.0,244.234,-0.08694455669896331,0.027516047017244354,-5.008674823679553,1.567044560840325,-0.07763207584945327,0.03290510660268872,-5.049118272333331,0.05887128724253692,0.009416306937412244,-0.0,1.5638951021395182,-2.2535514633496234,410.96355046826443,0.0,-0.006600524013566789,9.999997616148232,0.0,1.5714563792577452,26.0,0.046303067340632414,0.040904316150355884,0.05072947172730752,0.17048917113453405,0.2502568288360717,0.03547837914093379,0.12502372506929008,0.1149753014965077,-37.39149813878558,0.07723121929687887
244.4,-2.1996760829253077,410.5883664272237,5.092,0.01,9.97,0.01,1.5576728014883139,0.0,0.0,0.0,-2.1913647824057647,412.01510625934407,0.0,0.0049093351179766,10.009720422571137,0.0,244.333,-0.0843230587254216,0.019626537799554058,-5.080194363224232,1.5746858870752602,-0.08294983001402331,0.024960492850730976,-5.052794606355075,-0.008660694494072921,-0.008815916920804412,-0.0,1.5706618743556398,-2.254211515764519,411.96355025042817,0.0,-0.006600524012827381,9.999997616148232,0.0,1.5714563792576712,27.0,0.049637873913730514,0.04336888001821576,0.05249781801715395,0.17265976265725846,0.2509830238489672,0.03649335330636601,0.12545531138100952,0.11697547106775338,-37.02243930322127,0.07818591578283171
244.5,-2.1996763240005777,411.57589084075005,5.09,0.0,9.97,0.01,1.5613606311988573,0.0,0.0,0.0,-2.19178691135834,413.2163171853219,0.0,-0.038450831153817894,10.010280331448772,0.0,244.465,-0.08764361696256133,0.031892365985950015,-5.0360326854554645,1.55388293430593,-0.07132601613844497,0.02933359370786043,-5.0536890471166025,0.1558511635144917,0.0012228749204989953,-0.01,1.5551675041463704,-2.254871568179422,412.9635500325919,0.0,-0.006600524013309217,9.999997616148232,0.0,1.5714563792577194,35.0,0.04720957037773975,0.04133159664532147,0.051975206858863796,0.17060988151239542,0.25028048921927176,0.035810317545214486,0.12521460349677666,0.11534759726957972,-37.25849792302721,0.07726879313064054
244.6,-2.208766136904316,412.5745103803715,5.087,0.0,9.97,0.0,1.5622799816217758,0.0,0.0,0.0,-2.1925513872607714,414.0171661268615,0.0,-0.048064278177642326,10.010586502520134,0.0,244.498,-0.09646343452270223,0.024095285970359655,-5.063777146435731,1.5491922252359256,-0.06275740276045937,0.026615423150190914,-5.054950114035329,0.16107461235029039,-0.004182522084185791,-0.0,1.5546350245340106,-2.2555316205942737,413.96354981475565,0.0,-0.00660052401217901,9.999997616148232,0.0,1.5714563792576064,62.0,0.052446189048958224,0.04425068971003831,0.051782954294901644,0.17561274686651904,0.2526704459786947,0.038537523184518765,0.1275279867842621,0.11982091988060185,-36.887836657164364,0.07993811725089511
244.7,-2.2087663822569397,413.573130568636,5.086,0.0,9.97,0.0,1.5595658356931548,0.0,0.0,0.0,-2.1940255787128176,415.01825097139897,0.0,-0.020379858001853882,10.01090468453334,0.0,244.63,-0.09040112542863943,0.02368196618994955,-5.066768846737695,1.5792221231820234,-0.08240946116990401,0.023982798384839802,-5.05634698519118,-0.004997802139339749,-0.007958149930026082,-0.0,1.5712980112683472,-2.2561916730090648,414.9635495969194,0.0,-0.006600524012436582,9.999997616148232,0.0,1.5714563792576322,31.0,0.05216963125774462,0.044915804762597426,0.05341093838198484,0.17458517931559484,0.25179846756584723,0.03738685679135543,0.12604381141923218,0.1187591008448767,-36.7900681252584,0.07915012932059698
244.801,-2.2087666271610686,414.57175075558314,5.085,0.0,9.97,0.0,1.5606592074644308,0.0,0.0,0.0,-2.1962599758395562,416.21955053218477,0.0,-0.03202630446303949,10.010651072421425,0.0,244.729,-0.0897566032378827,0.024561603116949195,-5.067754341047993,1.5558954802461813,-0.08302733560844511,0.022596808617376184,-5.059356271687719,0.0506389278353696,-0.009223428146405865,-0.0,1.5657125372714207,-2.256983735906866,416.1635493355159,0.0,-0.006600524013056087,9.999997616148232,0.0,1.571456379257694,31.0,0.047529621942145196,0.04151901694453348,0.05255415287378143,0.17085082807704963,0.2503991222946886,0.03595678537608955,0.12532286528974562,0.11563326959386239,-37.20150470004676,0.07739345995800859
244.9,-2.208766869563661,415.5592751606097,5.086,-0.01,9.97,0.0,1.563334048320774,0.0,0.0,0.0,-2.198129576967273,417.020384155775,0.0,-0.05420689280246932,10.01004783453821,0.0,244.828,-0.09029753452675846,0.01733163002970397,-5.050946261993616,1.5380326573258585,-0.0700321458115373,0.01822532790816194,-5.054180304274356,0.14822495469865898,-0.01754811759453112,-0.0,1.556908686855066,-2.257511777838802,416.9635491612469,0.0,-0.006600524014177412,9.99999761614823,0.0,1.5714563792578062,32.0,0.04657040712503462,0.04106924069717958,0.05188730348971078,0.17085790365977,0.250504275658413,0.03557815076758562,0.12513956074737123,0.11541830745691117,-37.309278765301755,0.0774600799996022
245.002,-2.208767114847902,416.5578953447357,5.087,-0.02,9.97,0.0,1.562593520679746,0.010844092167789626,0.039036555049704484,-0.025295405220097465,-2.201776772959154,418.22151483013533,0.0,-0.04570865044410736,10.00858416363991,0.0,244.96,-0.08750763411708899,0.01886842382661033,-4.995612529044211,1.550193101492687,-0.07112441017509055,0.01860891872553959,-5.044167165992009,0.16658705335276291,-0.014155238346821974,-0.0,1.5560736723668707,419.78399999987334,2.720708588759238e-08,0.0,9.999999999982379,6.413308001694337e-10,0.0,6.413308001705638e-11,42.0,0.04695251067914418,0.04116604322616804,0.051548546925943795,0.1712052562546241,0.25065977650056454,0.03581457002923105,0.12533174904598487,0.11568872813397901,-37.30175718613246,0.07763729707557737
245.1,-2.20876735447996,417.53432396705136,5.089,-0.02,9.97,0.0,1.5604678458210566,0.0,0.0,0.0,-2.204647297126344,419.0221349027344,0.0,-0.028478876182102254,10.007045759536634,0.0,245.026,-0.08947293485440812,0.0208778417896743,-5.064064835034661,1.5469171600191032,-0.06224036567268652,0.01804007776686788,-5.046295426506447,0.17546040439562602,-0.01247038878019957,-0.0,1.5551852484055828,-2.2588318826689058,418.96354872557436,0.0,-0.006600524015078913,9.99999761614823,0.0,1.5714563792578964,34.0,0.04649553598604519,0.040932856323553736,0.05121952062834878,0.1708659484779645,0.25047381896102294,0.0355663091161347,0.12512040290988025,0.11531315678950108,-37.354960307157796,0.07744694730743257
245.2,-2.2178571832846217,418.5329448041741,5.09,-0.02,9.97,0.0,1.5587893771615364,0.002721727300505917,0.026998027546961213,-0.017724227825888728,-2.2091844895247057,420.2227916316637,0.0,-0.00881037828072793,10.004134216856405,0.0,245.125,-0.08726381361803034,0.016673126528175795,-5.047956761963163,1.5251524347772025,-0.043869102702550296,0.014217093833210948,-5.046736616579437,0.29035417670999936,-0.01998684781169402,-0.0,1.5436317723349828,-2.2596239455669176,420.16354846417084,0.0,-0.006600524013913179,9.99999761614823,0.0,1.5714563792577798,35.0,0.04734854307249211,0.041495893805177785,0.05112296392458728,0.17149024507177413,0.250693203913927,0.03590950116962118,0.12532697806764945,0.11582968152343995,-37.29033915110756,0.07772942360492577
245.3,-2.2178574291451127,419.53156498488045,5.09,-0.02,9.97,0.0,1.555458864257906,0.0,0.0,0.0,-2.212073081791913,421.02302449326265,0.0,0.01827006277029576,10.00185669298365,0.0,245.224,-0.09312759220821727,0.00196371084336184,-5.0240956928957,1.5400327318094864,-0.05241281094827679,0.0031292502894020415,-5.039162372899423,0.21625491654204448,-0.040007063634195816,-0.0,1.5510350469278427,-2.2601519874988605,420.96354828990184,0.0,-0.006600524013202636,9.999997616148232,0.0,1.5714563792577088,36.0,0.04819045686758526,0.04171888921189782,0.05121733333564607,0.17160235043177713,0.25069767435631524,0.03626519205401167,0.12554473419298903,0.11605933612387401,-37.23208033163422,0.0777602265421598
245.4,-2.2178576721626087,420.53018450341517,5.089,-0.01,9.96,0.0,1.552958580726061,0.0,0.0,0.0,-2.2150856975563826,422.0230303961102,0.0,0.04850353565004068,9.997972004532548,0.0,245.323,-0.07964403705211565,0.005973134775949312,-4.999486328258167,1.5639779173377453,-0.0637498169767236,-0.00026552685962277713,-5.039092994112856,0.09381255660734489,-0.030825902700810204,-0.0,1.562355487175147,-2.2608120399136435,421.9635480720656,0.0,-0.0066005240119347604,9.99999761614823,0.0,1.571456379257582,37.0,0.04763037915274787,0.04186075533247276,0.05111290116682844,0.1716543206236093,0.2506991696970365,0.035989364220974665,0.1253226770664305,0.11594979172059276,-37.25695712387481,0.07777446137497535
245.5,-2.226947496630771,421.51770889736775,5.088,0.0,9.96,0.0,1.554411287480269,0.0,0.0,0.0,-2.217191507269948,423.0226004867753,0.0,0.038206299671679884,9.993113688356756,0.0,245.422,-0.06413479593842952,0.008611462450186316,-4.966590116887042,1.5455753752907282,-0.049494549074928,0.004263874055545323,-5.034102528337957,0.15522281571968152,-0.016910424504759547,-0.0,1.5551864696429527,-2.2614720923284364,422.9635478542293,0.0,-0.006600524011659425,9.99999761614823,0.0,1.5714563792575544,38.0,0.04789652626188494,0.04176326159144814,0.05116213851643857,0.17143604583021738,0.2505990428120324,0.03613459281676233,0.1254260014342442,0.11588340036630987,-37.246694606735545,0.07766226521831296
245.6,-2.2269477437774725,422.51632907162923,5.087,0.0,9.95,0.0,1.555906553813491,0.0,0.0,0.0,-2.218579701204603,424.0216181242468,0.0,0.019506609490320008,9.987514722898519,0.0,245.521,-0.06813401108397174,0.0037671079685249846,-4.999168402796362,1.54045067517942,-0.03880056835501709,0.003917848780196208,-5.0293636958021715,0.19667604663349683,-0.006977328048598963,-0.0,1.5510185983702232,-2.2621321447430813,423.96354763639306,0.0,-0.0066005240093368394,9.999997616148232,0.0,1.5714563792573222,39.0,0.04744388890063207,0.041717631297830536,0.05104100400692026,0.1713741061778119,0.2505830270253368,0.035896929835241106,0.12525893263327742,0.11573579492260047,-37.27769696803364,0.07763813779813875
245.7,-2.2269479906429694,423.51494924613456,5.084,0.0,9.95,0.0,1.5549107259747128,0.0,0.0,0.0,-2.219509859024435,425.21967881050944,0.0,0.03142545519122715,9.98072908903469,0.0,245.653,-0.07655214490186513,0.023893237064728436,-5.030073066158916,1.548756801282807,-0.04798034600255266,0.020168472372177795,-5.026141431951288,0.1770059301677613,0.031222818513894524,-0.0,1.5530642932255028,-2.2629242076403076,425.16354737498955,0.0,-0.006600524006883246,9.999997616148232,0.0,1.5714563792570768,47.0,0.047746905516717494,0.04167974439608523,0.05106419513500338,0.17132266602305452,0.2505673430896762,0.036042581791543266,0.12536665497886715,0.11577583530318805,-37.26445118788875,0.0776167864551098
245.803,-2.2269482351088783,424.50247363718904,5.082,0.01,9.94,0.0,1.5538925110038855,0.0,0.0,0.0,-2.2195630675200935,426.2175129340589,0.0,0.040104693679961924,9.976458617835918,0.0,245.719,-0.0737117876755754,0.016749132583014234,-5.047547100390975,1.5374332851591048,-0.03676247269079783,0.021933588450968444,-5.0283666341917925,0.19243890621233395,0.038247680799640804,-0.0,1.55051108787635,-2.263584260054655,426.1635471571533,0.0,-0.006600524006925435,9.999997616148233,0.0,1.571456379257081,41.0,0.05216235602633645,0.04419329540920863,0.05135758295075221,0.17512712417107845,0.2523197066494592,0.03822525884468504,0.12713013035349893,0.11926954451342954,-36.923929348590846,0.07960764797918882
245.903,-2.2269484819546506,425.5010938079757,5.08,0.02,9.94,0.0,1.5531657850977518,-0.024097592955092517,0.020687322628165482,-0.011939157862318429,-2.2188384425504837,427.21504824980076,0.0,0.048295450571827235,9.97455925787209,0.0,245.818,-0.08022153209452783,0.018290902008547234,-5.041908192607706,1.5600483990238783,-0.05844940658654715,0.023724940846620125,-5.032545549617062,0.07087042024480315,0.03606737395417525,-0.0,1.5616877368304856,-2.2642443124689335,427.16354693931703,0.0,-0.006600524006809972,9.999997616148233,0.0,1.5714563792570695,42.0,0.04906009788871695,0.04253592013142754,0.051140371478668165,0.17270000003833216,0.2512323768990536,0.03686414917461322,0.12609650378759432,0.1170338262786648,-37.15068481258137,0.0783482722066326
246.004,-2.2269487265680965,426.4886181968727,5.08,0.02,9.94,0.0,1.5541401962426047,0.0,0.0,0.0,-2.217378532322926,428.21251480526195,0.0,0.03480635210526921,9.974832332742315,0.0,245.983,-0.06968458751515424,0.0326909098019103,-5.1296261414399655,1.5860209823321203,-0.06515627668842446,0.03144855625254754,-5.0440009971950595,0.00426449799811875,0.04739826349386966,-0.0,1.5683668201688945,-2.2649043648832126,428.16354672148077,0.0,-0.006600524007391729,9.999997616148232,0.0,1.5714563792571277,21.0,0.049014563853626236,0.04235776426840201,0.05105671307652809,0.17262875257283444,0.25124422122554546,0.036892523324918165,0.12617181724481213,0.11700812627197925,-37.16503608401909,0.07833685311671656
246.102,-2.2269489737939523,427.4872383644585,5.08,0.03,9.94,0.0,1.5576063730430343,0.0,0.0,0.0,-2.2154993180932903,429.2100770203584,0.0,-0.0008758382660739041,9.976432620655375,0.0,246.016,-0.07486671303089386,0.03386144227502028,-5.022501301271098,1.5670172448283974,-0.07063937564311856,0.03686292607685801,-5.041828729866552,-0.031449714283730085,0.05169254648107291,-0.0,1.5709414187567252,-2.265564417297493,429.1635465036445,0.0,-0.006600524007278486,9.999997616148232,0.0,1.5714563792571163,44.0,0.04821293059414468,0.041922363982611566,0.05085450732257265,0.17213043773213754,0.2510388374112538,0.036524973642198734,0.12591209236691311,0.11650546637981656,-37.233166427736954,0.07808965794113035
246.2,-2.2269492183223747,428.47476275034273,5.08,0.02,9.95,0.0,1.5618066173654535,0.0,0.0,0.0,-2.2140843939213797,430.0082815003901,0.0,-0.034991758730145546,9.978419610845092,0.0,246.115,-0.06322250096896016,0.037733962600708,-5.010214917075442,1.5719753812646304,-0.06432307685869076,0.04150894442118942,-5.038527108391039,0.028523484881706775,0.04469236284949041,-0.0,1.5659414396320095,-2.2660924592289438,429.9635463293755,0.0,-0.006600524006989827,9.99999761614823,0.0,1.5714563792570875,45.0,0.048482094638272216,0.0419610427070969,0.05086271830670362,0.17220110199805067,0.25106023744791517,0.036588006870647456,0.1259524727825032,0.11658542872266862,-37.223168869749536,0.07812054619648366
246.303,-2.226949465450957,429.4733829155702,5.081,0.01,9.95,0.01,1.564017888684992,0.0,0.0,0.0,-2.212715651371905,431.20600157150056,0.0,-0.060645236493312174,9.982918536950729,0.0,246.28,-0.08316275098221529,0.024481686572865445,-5.032538990017876,1.5523779752576121,-0.07089632829318118,0.02946094437429432,-5.042099882339933,0.07103420230064962,0.009525870313105145,-0.0,1.5616561660687953,-2.2668845221261877,431.163546067972,0.0,-0.006600524007862463,9.999997616148232,0.0,1.5714563792571747,23.0,0.05632185614082955,0.04694704489535319,0.05299960451024112,0.17800202347593375,0.2533941101139737,0.039551331247028754,0.12786838937105516,0.12199306278753605,-36.543683843076955,0.08099100868269621
246.4,-2.226949712286128,430.47200307751893,5.082,0.01,9.96,0.0,1.5637627943095305,0.01571283769475342,0.011877638551063333,-0.012232711521224248,-2.2124778824718105,432.0048185385949,0.0,-0.05889275563939119,9.986360370540531,0.0,246.313,-0.08299868888129892,0.025922411201469778,-5.065481374466706,1.547082234451498,-0.06309447417143924,0.02755673654035064,-5.045022071382817,0.11457647142728815,-0.005374898453727184,-0.0,1.5582825487852339,-2.2674125640577025,431.963545893703,0.0,-0.006600524008528597,9.999997616148232,0.0,1.5714563792572414,47.0,0.04837474062380346,0.04226212916682729,0.05198519534176645,0.1719765874629335,0.250895314788175,0.036513065326879084,0.12582321218942294,0.11651775391013841,-37.151198122678814,0.07796248675221254
246.5,-2.226949959394986,431.4706232405466,5.082,0.0,9.96,0.0,1.562275973209415,0.0,0.0,0.0,-2.2130480337525427,433.20348370811143,0.0,-0.041066627710106204,9.990225527418106,0.0,246.412,-0.09121843657112555,0.035259478069402196,-5.0622019429068175,1.5488704524634296,-0.06600666057645804,0.03139069083729237,-5.044041641326814,0.11694037730668534,0.00379152648543446,-0.0,1.5590603317096665,-2.268204626954983,433.1635456322995,0.0,-0.006600524008317655,9.999997616148232,0.0,1.5714563792572203,48.0,0.05017737535643491,0.04301997978258205,0.0517395150208344,0.17367421194763946,0.25176880029734455,0.037456296201711155,0.12664693132154434,0.11803814510985754,-37.0478733749094,0.07890504400419024
246.6,-2.226950203896152,432.4581476202375,5.082,0.0,9.96,0.0,1.5610470642012098,0.0,0.0,0.0,-2.2141444005572413,434.20260955698694,0.0,-0.029325667949299136,9.991771840032888,0.0,246.577,-0.08653430986546812,0.028493204735617464,-5.01209475797417,1.558295398213455,-0.07167443850518851,0.027559964930820836,-5.032590313471168,0.12057421709849486,-0.0053125208682214264,-0.0,1.5586846134466288,-2.2688646793693343,434.1635454144632,0.0,-0.0066005240072474,9.999997616148232,0.0,1.5714563792571132,23.0,0.05040316134655864,0.04320237948024867,0.051572846726996045,0.1740098621366971,0.2519057067078174,0.037501376648001086,0.12664449097749345,0.11824778032424976,-37.038469314872856,0.0790726673518637
246.7,-2.2269504509852567,433.4567677784072,5.083,0.0,9.97,0.0,1.5603428269412858,0.0,0.0,0.0,-2.215287944438388,435.00198282805354,0.0,-0.02433762821931039,9.99237326636498,0.0,246.643,-0.08537454857538554,0.02883285905256166,-5.023357019698727,1.5276826594907902,-0.0543406419200547,0.026440561333384013,-5.030988280405849,0.26556131460851334,-0.018177231721571374,-0.0,1.5441179669891407,-2.269392721300826,434.9635452401942,0.0,-0.006600524008028997,9.999997616148232,0.0,1.5714563792571914,57.0,0.0500335193692896,0.0430714767807641,0.05135224199596123,0.17381025650470341,0.25179433831367604,0.03734613975823621,0.12651781607555448,0.11800744394298703,-37.0723315891495,0.07895769534538857
246.8,-2.226950698025746,434.4553879357775,5.085,0.0,9.97,0.0,1.5575398943063359,0.011936616756288083,0.07159678629368389,-0.0586386354741561,-2.217193360387207,436.2010792727206,0.0,0.010131914848889029,9.992357238124313,0.0,246.775,-0.08409013189142017,0.0301666409034491,-4.967558315850383,1.5505156590467681,-0.06183232274060205,0.02998815540891505,-5.01977545169979,0.1627607831817934,-0.0055093860920987225,-0.0,1.5544636995861019,-2.2701847841981126,436.1635449787907,0.0,-0.006600524007278486,9.999997616148232,0.0,1.5714563792571163,25.0,0.052210275036967575,0.04399827577185932,0.05150909461864147,0.17499859090429837,0.2522793533725645,0.03822033120097231,0.12711759837184583,0.11920400440827174,-36.926104137005034,0.07954934553414328
246.902,-2.226950942548285,435.44291231197326,5.085,0.0,9.97,0.0,1.5547991870578866,0.0009266724215675912,-0.004627674007430859,0.0007642350001326778,-2.218542108884995,437.20027595771955,0.0,0.03227372088016361,9.991432179575177,0.0,246.874,-0.08515087841806872,0.04256022721858484,-5.033388712114189,1.5543011928718375,-0.06653045884841546,0.03431295158598355,-5.017025237314108,0.12498751086751135,0.007348825456009678,-0.0,1.5582698555229513,-2.2708448366124068,437.16354476095444,0.0,-0.006600524007660403,9.999997616148232,0.0,1.5714563792571545,28.0,0.05144719926765516,0.04393009769619803,0.051534103915745456,0.17467743544855485,0.25209716742662086,0.03781246965990406,0.12678505485920524,0.11880185293932478,-36.9577768036651,0.07935839609473636
247.0,-2.2269511894915155,436.44153246584597,5.084,0.0,9.97,0.01,1.555565654360924,-0.007716396732015272,-0.022156408133980048,0.012845793192422255,-2.2194489088403095,438.1993936756625,0.0,0.023389368572586666,9.990855157879068,0.0,246.973,-0.07757833635901396,0.028325783745507135,-5.0044166201629405,1.5490862086612378,-0.060755471672273985,0.033342600382227576,-5.015697387898729,0.15088771224327144,0.0034040272591671084,-0.01,1.5556684726200878,439.78399999985515,2.8490844422511228e-08,0.0,9.999999999982379,6.423266554402941e-10,0.0,6.42326655441426e-11,27.0,0.05002060106123585,0.04296280971626014,0.051293242005609335,0.17338974861187637,0.2515475291658938,0.037269775801728904,0.12641134914589855,0.11768788995904216,-37.08255244728587,0.07870785861559748
247.1,-2.2269514364636365,437.4401526183184,5.082,0.0,9.97,0.01,1.5563736195352413,0.0,0.0,0.0,-2.219931980916665,438.99865992864164,0.0,0.016425715870610393,9.990774495420217,0.0,247.006,-0.07010536531821879,0.03723641807380659,-4.987656102348302,1.570006216146629,-0.056939337149330624,0.03528679169918045,-5.013767580126663,0.09019571396151257,0.008981197546100717,-0.01,1.5617580035337686,-2.2720329309584346,438.96354436884917,0.0,-0.006600524008333198,9.999997616148232,0.0,1.5714563792572218,54.0,0.050258284544273106,0.043104381091667074,0.05123478601592992,0.17366831911508504,0.2516913471005311,0.0374051465615424,0.12653458158319164,0.1179282507279898,-37.06812096196168,0.07886402059946529
247.2,-2.226951683942005,438.4387727685478,5.082,0.0,9.97,0.0,1.5574625544857719,-0.004202978588196169,-0.025215565712192585,0.018228522398074435,-2.220345028025287,439.99775236637953,0.0,0.007606519924910623,9.99106661681435,0.0,247.105,-0.08176809409580697,0.04522588452126268,-5.064826071737909,1.5616089959877324,-0.07306908539673732,0.04247938370813878,-5.02005348859436,-0.00792840125143268,0.024363107013492424,-0.0,1.5715896139211911,-2.2726929833727523,439.9635441510129,0.0,-0.00660052400675002,9.999997616148233,0.0,1.5714563792570635,55.0,0.05035201845571233,0.0430792058442489,0.05118370148809755,0.17365180292524998,0.251686407481939,0.0374311735684336,0.12655222767860214,0.1179284704922397,-37.068876252857,0.07885762835974658
247.3,-2.226951928204727,439.4262971403531,5.081,0.0,9.97,0.0,1.5610478884216883,-0.01287036562782635,-0.07226633065988056,0.04839491402969387,-2.2208346822671134,441.1967415383197,0.0,-0.03440423210346698,9.992093259646252,0.0,247.27,-0.06367294655680411,0.03131142493266802,-5.06970471021813,1.541519279999686,-0.057071145817222814,0.03488821658707329,-5.028153809682378,0.12575953721658523,0.003828443497408074,-0.0,1.5581880416305296,-2.2734850462697564,441.1635438896094,0.0,-0.006600524005890706,9.999997616148232,0.0,1.5714563792569776,30.0,0.051006828825987886,0.04325726515937401,0.05132330298387684,0.1738564066097763,0.25176707151354294,0.037692203800685393,0.1267229908229741,0.11819909605336815,-37.02330465394345,0.07895748278473327
247.4,-2.2269521752635058,440.42491728672564,5.08,0.0,9.97,0.0,1.5624265019458274,0.0,0.0,0.0,-2.2214029674903895,441.9961724268404,0.0,-0.0456187428151286,9.993334492332075,0.0,247.303,-0.08551444364433528,0.04443299326404108,-5.003506602524262,1.533656800110877,-0.048286162967156473,0.0395623268936559,-5.025526597335512,0.17873876062669275,0.013989379376326383,-0.0,1.552895699881631,-2.2740130882010843,441.9635437153404,0.0,-0.006600524006658981,9.999997616148232,0.0,1.5714563792570544,57.0,0.050464675030426745,0.043193020702670386,0.051301598324220606,0.17372302718903357,0.25170126393756986,0.03745004513068567,0.12653588351263154,0.11799122659407213,-37.05173317983527,0.07888503566246646
247.5,-2.2269524225184654,441.42353743325907,5.08,0.0,9.97,0.0,1.55979990406451,0.0,0.0,0.0,-2.2226392043428462,443.1955308208742,0.0,-0.01473140597671037,9.995673464273073,0.0,247.435,-0.08232772166054977,0.042818323469548315,-5.067230110388073,1.5375960721513189,-0.04860867485333223,0.044158645634056255,-5.03161928334316,0.21281657671766127,0.021395078138823465,-0.0,1.5494995609676345,-2.2748051510981195,443.1635434539369,0.0,-0.006600524006776664,9.999997616148232,0.0,1.5714563792570662,19.0,0.04708654577425293,0.04129654670738394,0.05112448259578956,0.1708006084325319,0.2503498256817791,0.035761504354060634,0.12517186802769464,0.11533102508262152,-37.302492596681816,0.07735403241181371
247.6,-2.2269526657595122,442.4221568823884,5.078,0.0,9.98,0.01,1.5567170503225667,0.0,0.0,0.0,-2.223445621368143,443.99526342236766,0.0,0.010009844594489557,9.997485691818454,0.0,247.534,-0.08092446312063557,0.06028417997250965,-4.942981991798005,1.5542884538475956,-0.054320136671899256,0.055359944412356935,-5.020065436761561,0.17116621300013235,0.04384737747322909,-0.0,1.5537050391359892,-2.275333193029591,443.9635432796679,0.0,-0.00660052400834208,9.999997616148232,0.0,1.5714563792572227,26.0,0.04602067830057752,0.04058843145126326,0.0509320114357892,0.1699435978300756,0.2499712559644858,0.035236294619740066,0.12480690171981824,0.11454420781513695,-37.41201356666843,0.0769220866243975
247.7,-2.226952913072253,443.42077702574136,5.077,0.0,9.98,0.01,1.555204856270228,0.0,0.0,0.0,-2.2241479541279583,445.19521550401333,0.0,0.02878213759641373,10.00166754536326,0.0,247.633,-0.0738995400007823,0.04592615312062542,-4.984653774927036,1.545764518677968,-0.05046017213092914,0.049844782091436675,-5.014533342064402,0.1820928117240991,0.017571015572785953,-0.01,1.552584635206867,-2.275993245443951,444.9635430618316,0.0,-0.006600524007620435,9.999997616148232,0.0,1.5714563792571505,27.0,0.04598185914161072,0.04073148883911406,0.05076314913774016,0.1702990283518526,0.250164159337615,0.03529388139741948,0.12492954726328068,0.11478719838173436,-37.415450476316465,0.0771222175437763
247.8,-2.226953160491405,444.4193971659538,5.078,0.01,9.98,0.0,1.5546699884024007,0.0,0.0,0.0,-2.224150817113762,445.9955255055943,0.0,0.03339486558654586,10.005563409375945,0.0,247.732,-0.06984443138540934,0.02937186985018625,-5.02360369749939,1.5440276102147756,-0.0504925194216834,0.04057103879552217,-5.020459991541635,0.13789603162764044,-0.005422710857661883,-0.0,1.5559701150651568,-2.27665329785827,445.96354284399536,0.0,-0.006600524007329556,9.999997616148232,0.0,1.5714563792571214,28.0,0.04608383940511391,0.04081116817751618,0.05068292530849419,0.17042979529612592,0.2502331666125939,0.035382562914513103,0.125007263060569,0.11489972499409559,-37.40946830738362,0.0771961157738636
247.9,-2.2269534075395967,445.418017304248,5.079,0.02,9.99,0.0,1.5547805270787816,0.0,0.0,0.0,-2.2236058730319836,446.9963600139043,0.0,0.033922736522278014,10.010365111431563,0.0,247.864,-0.08078490452520222,0.03174698520145784,-4.981604251462574,1.5673324431232425,-0.06197953591953784,0.03161678605103932,-5.018862653904208,0.0556236422974391,-0.031917101813764504,-0.0,1.563202275878029,-2.2773133502724368,446.9635426261591,0.0,-0.006600524006012831,9.999997616148232,0.0,1.5714563792569898,36.0,0.05265680277516341,0.044376424818342614,0.05100660181058463,0.17584486441348945,0.25273266067164024,0.03868938456899166,0.12767009962605952,0.11993541631404425,-36.90833512093886,0.08003141565911907
248.0,-2.226953654461653,446.4166374408247,5.079,0.02,9.99,0.0,1.5565976985406618,0.0,0.0,0.0,-2.222552793751152,447.997597119767,0.0,0.018429258174516405,10.013632741416853,0.0,247.93,-0.0843993992445888,0.034213727082485094,-5.013258145939212,1.561607839962784,-0.06945307902582862,0.029655810863719285,-5.018280547489249,0.013741892775095837,-0.02953573896496664,-0.0,1.5674087574185163,449.78399999984606,2.91327229430792e-08,0.0,9.999999999979536,6.423266554401116e-10,0.0,6.42326655441426e-11,30.0,0.04718483856743914,0.04142786756751376,0.05087736275379484,0.17098191733882795,0.25041254174782784,0.03578499987792227,0.12518730206672712,0.11542486717908626,-37.31198275586659,0.07743518328404164
248.101,-2.2269539072203486,447.4374491354707,5.079,0.02,9.99,0.0,1.559938037828777,0.0,0.0,0.0,-2.221112794377102,449.1993124920125,0.0,-0.02038927753188153,10.014344655409822,0.0,248.029,-0.08865050375037137,0.032563319647446305,-5.020512863947329,1.5575315084767172,-0.07054237980915375,0.031248153916311347,-5.011398311454826,0.04157668136741688,-0.020670289484234772,-0.0,1.5646197933556159,-2.2787654655836223,449.1635421469193,0.0,-0.006600524005888486,9.999997616148232,0.0,1.5714563792569773,34.0,0.046453674185366986,0.04100085632476768,0.05087359432802139,0.1704643982747258,0.25022125113729243,0.03558662885377254,0.1250927609656605,0.11501052926360092,-37.34221680567493,0.07718004333606455
248.2,-2.2269541576105922,448.43606997602916,5.081,0.01,9.99,0.0,1.5619802345198137,0.0,0.0,0.0,-2.2202770918619463,450.200693872716,0.0,-0.03960051215640414,10.013034120391081,0.0,248.128,-0.07749187837294094,0.033226558900073186,-4.974575292560714,1.5756065301963933,-0.07052321416984622,0.028898130179278513,-5.0067017405350605,0.0009925850605414163,-0.019972829732379793,-0.0,1.5686907604128686,-2.279293507514899,449.9635419726503,0.0,-0.006600524004571762,9.999997616148233,0.0,1.5714563792568457,32.0,0.0503943444191358,0.04375034111907602,0.05264210983809861,0.1732218845304157,0.2512217093803294,0.03690313191471267,0.12578239809311312,0.11752609538508886,-36.95177553111175,0.07844357686810405
248.3,-2.226954404851881,449.4346901100196,5.082,0.01,9.99,0.0,1.563662318573568,0.0,0.0,0.0,-2.2200824987627663,451.00168267308885,0.0,-0.05249380618329598,10.011438442951622,0.0,248.227,-0.08352903484296173,0.02456957612056448,-4.959236055142731,1.5349027777653508,-0.06758437975883912,0.02700668009155711,-5.003469636819675,0.0976384584438363,-0.020796926050920206,-0.0,1.5599996487451298,-2.279953559928797,450.96354175481406,0.0,-0.006600524001691843,9.999997616148233,0.0,1.5714563792565577,33.0,0.04647317725545704,0.04113987418984936,0.051845018451582535,0.17043369327020655,0.2502001749375779,0.03550166921170632,0.12507068299670415,0.11509096699341562,-37.307751147589606,0.07715695568494484
248.401,-2.226954591206649,450.1892031003738,5.083,0.0,9.99,0.0,1.564199652583573,0.0027402832269389945,0.029208277898090808,-0.0104495956869497,-2.220774792665747,452.202924530879,0.0,-0.05601647582292641,10.008950811013369,0.0,248.326,-0.0936043055276494,0.024519293206039194,-5.038337309184296,1.5445860220767327,-0.06141750743870841,0.022337857844655896,-5.009503835386985,0.16628921252747098,-0.026593612561720548,-0.0,1.5541078802578647,-2.2807456228251604,452.16354149341055,0.0,-0.006600523999129449,9.999997616148235,0.0,1.5714563792563014,34.0,0.05128454253399423,0.04368863959529746,0.051801865788956555,0.1746842149718619,0.25221928502610086,0.0379382521116981,0.12707599961972668,0.11893899818388262,-36.95629200618408,0.07940734296108916
248.501,-2.22695489918857,451.43193037484286,5.083,0.0,9.99,0.0,1.5614337241884806,0.0,0.0,0.0,-2.2221360015899827,453.2037128426023,0.0,-0.031228775910712474,10.006749454821144,0.0,248.458,-0.09793258988799815,0.024702136390406415,-4.9943092781274405,1.5341762750128263,-0.06257185171202538,0.02047284921234355,-5.005180465592813,0.25017510371481333,-0.027028759765569177,-0.0,1.5456911110883762,-2.2814056752384895,453.1635412755743,0.0,-0.0066005239964382675,9.999997616148235,0.0,1.5714563792560323,43.0,0.04848868511751388,0.042198372828292224,0.05158719479713027,0.17216450310744869,0.25098363578272687,0.03630143385171599,0.12561693052654932,0.11652390281637168,-37.17462416437992,0.07804548386318233
248.601,-2.2269551462839843,452.43055050491614,5.082,0.0,9.99,0.0,1.5573485158991556,0.0,0.0,0.0,-2.2237655900913165,454.2042368147072,0.0,0.010849094423796349,10.003894689394258,0.0,248.524,-0.09726895510711105,0.03405054872136743,-5.009210183985265,1.538266331543377,-0.056354405816207744,0.02494949106679212,-5.0055996979735315,0.2299192524181336,-0.010522994695676857,-0.0,1.5477611933431064,-2.282065727651634,454.16354105773803,0.0,-0.006600523994293314,9.99999761614823,0.0,1.5714563792558178,36.0,0.0485455022985961,0.042063210299399384,0.051497500438930095,0.17196468245779878,0.2509039499249897,0.036362414333683375,0.12567170845267964,0.11641821958793519,-37.18365022740783,0.07795326356106082
248.713,-2.2269553934857953,453.4291706333678,5.08,0.0,9.98,0.0,1.5538472859796622,-0.005263425123585282,0.029301062769370802,-0.025349220751482805,-2.2251295565135183,455.20445904470824,0.0,0.04434919887516913,10.000626246698118,0.0,248.623,-0.09270630115206129,0.03646149355310707,-4.96575224815064,1.5489905734070506,-0.06711435981581246,0.03424741771432584,-5.0003381643782525,0.14118535062376358,0.022054289351711276,-0.0,1.5566816288992873,-2.28272578006454,455.16354083990177,0.0,-0.006600523992674608,9.99999761614823,0.0,1.571456379255656,37.0,0.05126511050237882,0.043902368674224396,0.05194473781586165,0.17441021318263883,0.25197809649146624,0.03763608814189958,0.1266162559006289,0.1186138202795818,-36.88793188661373,0.07916726885307206
248.8,-2.2269556368165127,454.4277900460198,5.079,0.0,9.98,0.01,1.5533960788187127,0.0,0.0,0.0,-2.2258908928544527,456.2044182561667,0.0,0.04599652666285874,9.998525374105933,0.0,248.755,-0.07106947187860777,0.03593640086458142,-5.074088348056868,1.5906305466302504,-0.08139559769249319,0.03824507708486195,-5.0097782469413055,-0.05029249895933068,0.028848003261208177,-0.01,1.575821088453452,-2.2833858324772844,456.1635406220655,0.0,-0.006600523989952341,9.99999761614823,0.0,1.5714563792553837,45.0,0.04746511632239103,0.041774562763662544,0.051208101933030416,0.17166672987331624,0.2507283383281139,0.036012337183195214,0.12537866401431658,0.11597118467076324,-37.243160670549024,0.07774488967362839
248.9,-2.226955884076105,455.426410169772,5.078,0.0,9.98,0.01,1.557998281033013,0.0,0.0,0.0,-2.226176498229588,457.0042944877654,0.0,0.012138145239757375,9.998342674787732,0.0,248.821,-0.07590391525903807,0.035045845565635864,-5.031620991567952,1.52997131195899,-0.06449635004885204,0.03876772539652256,-5.012946535199424,0.09483776390883385,0.026340988032053758,-0.01,1.5603195772755534,-2.2839138744072747,456.9635404477965,0.0,-0.006600523988282566,9.999997616148232,0.0,1.5714563792552168,39.0,0.04851910027294096,0.04184659343598636,0.05130446048617676,0.17177949275447552,0.25075788256092446,0.036344412521908086,0.12570098296934326,0.11624675137771516,-37.20137222563026,0.07779236739137066
249.001,-2.2269561314421225,456.42503029076346,5.078,0.0,9.99,0.0,1.5613830844548084,0.0,0.0,0.0,-2.2267405797924913,458.20418436763055,0.0,-0.031819258843080414,9.999901596872443,0.0,248.821,-0.07590391525903807,0.035045845565635864,-5.031620991567952,1.52997131195899,-0.05384733627264273,0.040622253988317814,-5.013146535199452,0.10623421866236038,0.028515852960000032,-0.0,1.5601823425776267,459.78399999983696,2.977343631298176e-08,0.0,9.999999999979536,6.403349448983913e-10,0.0,6.403349448997017e-11,39.0,0.0842690879619267,0.059464557814501266,0.05601024607853133,0.19497416920623103,0.260632913628418,0.04961316309914537,0.13537258629227386,0.14050610588404666,-35.03487890958543,0.09033819203226529
249.1,-2.2269563786044557,457.4236504129169,5.077,0.0,9.99,0.0,1.560842610025082,0.0,0.0,0.0,-2.2274376111608674,459.004266520517,0.0,-0.02713307549245914,10.001848194876644,0.0,249.019,-0.09838360613170531,0.03733778955471645,-5.018111603653841,1.5615880954117722,-0.07900191023232862,0.0365402790325534,-5.006753266315931,0.05422044569179167,0.008951764523994044,-0.0,1.565373766957409,-2.2852339792323964,458.963540012124,0.0,-0.006600523992505854,9.99999761614823,0.0,1.571456379255639,41.0,0.050680852445957866,0.04384111549138531,0.05404601942589554,0.17304160123483933,0.2512676688008168,0.03726447688910824,0.12634807245603288,0.11784287822165014,-36.85507274861196,0.07840535124305983
249.201,-2.2269566254733633,458.4222705317916,5.076,0.0,9.99,0.01,1.5616753567617871,0.0,0.0,0.0,-2.228933274512163,460.2047075884389,0.0,-0.03593423983104817,10.005083815431272,0.0,249.118,-0.07937859578881792,0.04287027755185852,-4.999410346052551,1.5301620257403938,-0.06013547784071728,0.038550859380646306,-5.009243044610864,0.18974044465106452,0.012158386830297019,-0.0,1.5518286517900661,-2.2860260421279346,460.1635397507205,0.0,-0.006600523995538984,9.99999761614823,0.0,1.5714563792559424,42.0,0.048928430630722525,0.04224975417519567,0.052894069366413214,0.17250490863560397,0.25140303649543844,0.03689458478545044,0.12636366709626728,0.1172672326370007,-37.07774401318467,0.07836166669667313
249.3,-2.2269568727710123,459.4208906497838,5.074,0.0,9.99,0.0,1.5604876801979284,0.0,0.0,0.0,-2.2302142002834255,461.0052153908066,0.0,-0.02764504566784568,10.00717970431111,0.0,249.217,-0.09681110612581388,0.023537017722813577,-5.022730047616797,1.5441662222331873,-0.06800831757141224,0.032704612380203335,-5.010994222453286,0.1437050710289681,-0.0013138372012218014,-0.0,1.5564105351855222,-2.2865540840584715,460.96353957645147,0.0,-0.006600523997079976,9.999997616148233,0.0,1.5714563792560965,43.0,0.048621605132552044,0.04186217347248683,0.05217580307278377,0.17259537480194867,0.25151569023480175,0.036729051775477785,0.1262321873845577,0.11717171069332599,-37.15321977250802,0.0784597266047567
249.4,-2.2269571194651405,460.4195107676607,5.073,0.0,10.0,0.0,1.5583759314056973,0.0,0.0,0.0,-2.2319942905826804,462.00604567294454,0.0,-0.0027252279825577736,10.009090093643973,0.0,249.316,-0.08030813436245975,0.024967862210178646,-4.912982851939006,1.5373767826242584,-0.05258920488860167,0.020318014357088122,-5.006303815820701,0.20463742324521278,-0.03589730791255086,-0.0,1.5502617472470424,-2.2872141364717327,461.9635393586152,0.0,-0.0066005239972398485,9.999997616148233,0.0,1.5714563792561125,44.0,0.048541413910979894,0.04212981233651908,0.05169421195054163,0.17301706709165593,0.2516540764072866,0.03666252358015799,0.1261329265174252,0.11732181696569374,-37.16793238817516,0.07865357875890203
249.5,-2.2269573667430365,461.4181308815545,5.072,0.0,10.0,0.0,1.5564279761773092,0.0,0.0,0.0,-2.233723348231713,463.0070006171813,0.0,0.013684268995589896,10.00964149829746,0.0,249.415,-0.09475618134572528,0.044432244242392616,-5.018737468137639,1.5693872093547803,-0.07489478525894011,0.027075656931903395,-5.008776278184685,0.059220988867935365,-0.012805973785766867,-0.0,1.5648667038565192,-2.2878741888850596,462.96353914077895,0.0,-0.0066005239981657745,9.999997616148233,0.0,1.571456379256205,45.0,0.04859531979414562,0.04213221839731498,0.05140903117244623,0.17289163229215307,0.2515314213244573,0.03671132540482538,0.12612565075242957,0.11719449103991343,-37.180533482024615,0.07855500716033748
249.602,-2.2269576136500007,462.41675099580834,5.072,0.0,10.0,0.0,1.5570095768806078,0.0,0.0,0.0,-2.2354931481185605,464.2080725598783,0.0,0.009907372005129544,10.00798824689786,0.0,249.58,-0.07772728341619578,0.031748676992162085,-5.083855273440798,1.5914534686974064,-0.07411833093246828,0.026204291067528702,-5.011394144654233,0.013408832941017959,-0.009421373176056846,-0.0,1.5694541798191806,-2.288666251781138,464.16353887937544,0.0,-0.006600523998401142,9.999997616148233,0.0,1.5714563792562286,22.0,0.050619713829736616,0.04334159551320437,0.05142268338487114,0.17444958483502837,0.2521658263534114,0.037600392765342765,0.12675308679752098,0.11858553787475587,-37.02897561233192,0.07932737209510969
249.701,-2.2360474844531666,463.41537110472865,5.072,0.0,9.99,0.0,1.5607148130100708,0.0,0.0,0.0,-2.2369233273433164,465.20876524568735,0.0,-0.027376770823609023,10.006000556752621,0.0,249.613,-0.07984220394603728,0.03378347170968588,-4.946250156937318,1.5718737114184702,-0.07726048145035427,0.028359126787590474,-5.004854359747178,-0.01747451387093242,-0.0011442807877024563,-0.0,1.5725439763831062,-2.2893263041945504,465.1635386615392,0.0,-0.006600523999198282,9.999997616148233,0.0,1.5714563792563083,47.0,0.048765648557358834,0.04221849220092264,0.051160816846379284,0.17262961154728598,0.2512994360920374,0.03669870165382079,0.12602609913653642,0.11695968047311908,-37.182435021405425,0.07835989220092818
249.801,-2.2360477325399017,464.4139912152985,5.071,0.0,9.99,0.0,1.5644414881852007,0.0,0.0,0.0,-2.23881591857993,466.2092710781644,0.0,-0.0642903382069978,10.004045276745206,0.0,249.712,-0.08393365888126746,0.031287791867429984,-4.93930361100026,1.5618658822677238,-0.08697703845737596,0.03177255279063606,-5.007983135891369,-0.07217186562489472,0.01588775629946859,-0.0,1.5780091414701367,-2.2899863566080323,466.1635384437029,0.0,-0.006600523998860775,9.999997616148235,0.0,1.5714563792562746,48.0,0.050651780056771324,0.04321497529205294,0.05126292682229135,0.1740042618093696,0.2519002481233883,0.03752829978094906,0.1266521410920977,0.1182413808389095,-37.0444917989881,0.07906365012597938
249.9,-2.236047977208443,465.41261059192766,5.068,-0.02,9.99,0.0,1.5683562481452265,0.0,0.0,0.0,-2.240980749971331,467.0095732833538,0.0,-0.0954085653653474,10.00282702239378,0.0,249.811,-0.08354359498858699,0.028784872169597353,-5.041448550236072,1.5582080019282796,-0.06464731372178864,0.03163561910631156,-5.019643974479177,0.1037528722916916,0.013970668374136963,-0.0,1.5614250350458856,-2.2905143985388126,466.9635382694339,0.0,-0.0066005239988785385,9.999997616148235,0.0,1.5714563792562763,49.0,0.0501228602267623,0.04304410329952335,0.051164313968031706,0.17365256040800187,0.2517181663692028,0.03728484356414698,0.12644517312171394,0.11787867135190241,-37.08226373671205,0.07886976932789626
250.001,-2.245137851851908,466.4112306963083,5.067,-0.03,9.99,0.0,1.5685553365063412,0.0,0.0,0.0,-2.245683931359634,468.209964048898,0.0,-0.10087068595264102,10.002786081354472,0.0,249.976,-0.08499101302142345,0.02772087851283732,-5.005888772157987,1.5486893651788929,-0.06328682074003211,0.02706410679039977,-5.019978299365109,0.19072132354990817,0.0024947951375917654,-0.0,1.5547135097033074,469.78399999982787,3.0414000304592026e-08,0.0,9.999999999979536,6.403349448983913e-10,0.0,6.403349448997017e-11,25.0,0.0513334844656517,0.04342724586932448,0.05139038373342163,0.17410333011753312,0.2519035584502856,0.03781874536626964,0.12682279702008045,0.11844367551445484,-36.996656601751475,0.07909502097556308
250.1,-2.245138100824988,467.4098508006749,5.065,-0.04,9.99,0.0,1.564745571525071,0.0,0.0,0.0,-2.250720944230768,469.2103228919648,0.0,-0.06198561389098805,10.003781772635982,0.0,250.009,-0.07289922707645244,0.027925054068669856,-4.969197571193883,1.5355175770872507,-0.0396925022251768,0.027167398824471223,-5.014585148906264,0.26998656523627035,0.0024589955711551426,-0.0,1.5477843767378685,-2.2919665138482044,469.16353779019414,0.0,-0.006600523997390839,9.999997616148233,0.0,1.5714563792561276,52.0,0.04999886968632626,0.04297456633168768,0.05117707878097703,0.17347324838675726,0.25162528091943986,0.03725910853497055,0.12641197422116368,0.11774227201281467,-37.08995574557103,0.07877278585027568
250.2,-2.2542279784801593,468.4084709001212,5.066,-0.04,10.0,0.0,1.560047823996518,0.0,0.0,0.0,-2.255032171837032,470.0106456147072,0.0,-0.024618392437241374,10.004248268903963,0.0,250.108,-0.08730133665025701,0.028184706337388215,-4.997773692791839,1.5418792678702653,-0.04248903386084979,0.03133794203628477,-5.004043698577773,0.2365380590150016,0.011259588863811842,-0.0,1.5511475251833577,-2.29249455577891,469.96353761592513,0.0,-0.006600523999957675,9.999997616148235,0.0,1.5714563792563843,52.0,0.05028256549359999,0.043091242292443696,0.05119717919048849,0.17362443929688456,0.2516890491193766,0.037368824119469825,0.12649691775670485,0.1178970652977792,-37.0713548855432,0.07884978502030453
250.3,-2.2542282283882287,469.40709100136235,5.065,-0.03,10.0,0.0,1.5565544758599739,0.0,0.0,0.0,-2.2601279367491194,471.0110762211709,0.0,0.014377374768807034,10.0043254173536,0.0,250.207,-0.0740515691241621,0.033817887306248524,-5.022477398029741,1.5425188316192833,-0.02705164066781882,0.03107667575365569,-5.002773899904261,0.2723662428444924,0.0010833403126895291,-0.0,1.5465670703080354,-2.293154608192634,470.9635373980889,0.0,-0.006600524004147656,9.999997616148232,0.0,1.5714563792568033,53.0,0.05095954171195893,0.04337888807060119,0.05134483694096034,0.17396607291463334,0.2518276369852531,0.03761713661020594,0.12666296099092153,0.118254803030883,-37.02005224404709,0.07901901822881419
250.4,-2.263318111698922,470.40571109956215,5.064,-0.02,10.0,0.0,1.5540298084404804,0.0,0.0,0.0,-2.2643443858602903,472.0115346344544,0.0,0.038526407693792813,10.004490082003427,0.0,250.306,-0.06787079436182586,0.03271137794720855,-5.036410986391663,1.5407606656421846,-0.025004598199655472,0.031447536473023105,-5.0078742990152705,0.2504492607799487,0.0025543941658447977,-0.0,1.5477613608527856,-2.293814660606746,471.9635371802526,0.0,-0.006600524006907671,9.999997616148232,0.0,1.5714563792570793,55.0,0.05032862991073309,0.04314631031897872,0.05124887889333565,0.1736567548547278,0.2516935541357788,0.037383549222634725,0.12650232824497082,0.11792770517471168,-37.063983756464175,0.07886219762713399
250.5,-2.26331836238694,471.4043311992595,5.062,0.0,10.0,0.0,1.5518655116346218,0.0,0.0,0.0,-2.267256116495238,473.0120300304049,0.0,0.06198982515213913,10.004609544015453,0.0,250.471,-0.053841162553872474,0.03178409940355524,-4.884759411056918,1.5519166531685178,-0.031766996693238916,0.031038789416144786,-4.999644573393699,0.207369441079772,0.0019432202643301366,-0.0,1.5510657779952477,-2.294474713020914,472.96353696241636,0.0,-0.0066005240062348754,9.999997616148232,0.0,1.571456379257012,29.0,0.0504608533620343,0.04317908344450711,0.05125103090670364,0.1737092852738244,0.25171598001370216,0.03743396754056694,0.1265417788216065,0.11798737323589831,-37.05655527075695,0.07888928561290512
250.604,-2.2633186139035217,472.4029512951746,5.06,0.0,10.0,0.0,1.551360280313764,0.0007332869090156386,-0.016636799347498777,0.0008532086465064683,-2.268688992438396,474.21267130098624,0.0,0.06914301243862543,10.005063939300967,0.0,250.57,-0.04932896721795528,0.031415370506828286,-4.885680465077174,1.5524551162316653,-0.03562931840176701,0.029278251700716244,-4.991073457193226,0.1016565083162101,1.678176522013075e-05,-0.0,1.5606310431738637,-2.2952667759181464,474.16353670101284,0.0,-0.006600524010922237,9.99999761614823,0.0,1.5714563792574807,34.0,0.05150040748418503,0.043751297381331704,0.051370928640732096,0.1745232847297341,0.25207554082219225,0.037927641605687734,0.1269191873507972,0.11875288161221083,-36.97301356307487,0.0793073098700763
250.7,-2.2633188618224267,473.40157064560935,5.058,0.02,10.0,0.0,1.5532784285631516,0.0,0.0,0.0,-2.2684395084454607,475.0131234916716,0.0,0.054744508760389866,10.005493576058416,0.0,250.603,-0.03268711662262573,0.029920767130355255,-4.888895839441413,1.5505628002347436,-0.02004006334155391,0.02904239351338147,-4.981332387989632,0.12290606577451856,0.0008417689459854216,-0.0,1.557507621156694,-2.295794817849986,474.96353652674384,0.0,-0.00660052401531206,9.99999761614823,0.0,1.5714563792579197,57.0,0.054086659280060526,0.044856379741584344,0.05144086625987847,0.17629108671847743,0.2528969098146013,0.0391430151979323,0.12789712297990322,0.12050886819264363,-36.81142648149005,0.08025405425394053
250.8,-2.2633191125971166,474.4001907380677,5.059,0.03,10.0,0.0,1.5552725019541123,0.0,0.0,0.0,-2.2670687804545335,476.01370832392934,0.0,0.031072765763231695,10.005916576373577,0.0,250.735,-0.051840362360669745,0.025148441108263038,-4.969130147111932,1.5750313041598665,-0.043926641349045184,0.025327528660591417,-4.983825465270375,-0.018640696314513296,-0.006003704522253628,-0.0,1.570660314769585,-2.2964548702651704,475.9635363089076,0.0,-0.006600524018840352,9.999997616148233,0.0,1.5714563792582725,26.0,0.04740890701247114,0.04161484938367844,0.05118299810767212,0.17108748873321822,0.25044541781940377,0.035765829140098924,0.12511782690676637,0.11552660070035844,-37.280468726281356,0.07748753104704692
250.906,-2.2633193674271155,475.39881157714126,5.061,0.03,9.99,0.0,1.5585285295408706,0.006624092768204165,-0.0829495366530807,0.05493395560692281,-2.26438603855897,477.2144077863906,0.0,-0.005747088923332247,10.00566730661829,0.0,250.867,-0.058242213305183914,0.025325316761390482,-4.932410244400023,1.5541339030702153,-0.05706661924287648,0.023902919939782035,-4.975089866615791,-0.03532814648653415,0.0021794806633970154,-0.0,1.5713295584078646,-2.297246933163953,477.16353604750407,0.0,-0.006600524023414471,9.999997616148233,0.0,1.57145637925873,39.0,0.04776108104817682,0.04180422516988479,0.05118677688233278,0.17156521710372186,0.25071754718388756,0.036140532910612956,0.1255107491115727,0.11600179867991,-37.24542373222794,0.07776169170549818
251.0,-2.263319618504383,476.39743166851866,5.062,0.03,9.99,0.0,1.562908213646386,0.0,0.0,0.0,-2.262388591158424,478.01483921003927,0.0,-0.04133552908769547,10.004893642002356,0.0,250.933,-0.06585547927786017,0.025754608272772168,-4.9516278853899,1.5650272797872586,-0.06289672364619894,0.02464123932471742,-4.9726970942710285,-0.0408641675854438,0.004252545099234339,-0.0,1.5718833678974877,-2.2977749750967846,477.96353587323506,0.0,-0.006600524025532778,9.999997616148233,0.0,1.5714563792589418,28.0,0.04704265121391248,0.04108599793208682,0.05101444673196874,0.17069424668085859,0.25034951378206105,0.03574736777933623,0.12521138449985772,0.11527071404706066,-37.33177939848682,0.07733454864046045
251.1,-2.2633198639086345,477.37386019968255,5.063,0.02,9.99,0.0,1.5658178376641612,0.0,0.0,0.0,-2.2602497463457016,479.01530443701296,0.0,-0.0718891518327344,10.00358288570552,0.0,251.032,-0.055837462354693196,0.01490518446425369,-5.05944071916268,1.5874661826074425,-0.06784861499246625,0.01932931928181988,-4.985836262684488,-0.07908435465478196,-0.00805489975091156,-0.0,1.5767153800504727,-2.298435027513042,478.9635356553988,0.0,-0.00660052402867915,9.999997616148233,0.0,1.5714563792592564,29.0,0.04676237500301875,0.04097531258558896,0.05099328212847751,0.17057590975369266,0.2502972428852426,0.03561929344304664,0.12511614745685187,0.11513364598372476,-37.351661517860606,0.07727476659420951
251.2,-2.2633201152884794,478.3724802869411,5.064,0.01,9.99,0.0,1.568896291838262,0.0,0.0,0.0,-2.258982251109156,480.01566114508967,0.0,-0.10153009562735862,10.001867124244958,0.0,251.131,-0.06613582359938619,0.018249225326015608,-5.0308557709801285,1.540504741773241,-0.05456715469047471,0.01862697488138381,-4.987441327648321,0.08622010180979643,-0.00838915329079093,-0.0,1.5611568885267522,-2.2990950799293857,479.9635354375626,0.0,-0.006600524026980507,9.999997616148233,0.0,1.5714563792590865,29.0,0.046669718007467303,0.04092271288274416,0.050950650890448736,0.1705334928872596,0.250279924509518,0.03560112663743957,0.12511359683512582,0.11509126497443689,-37.36052096048425,0.07725408862923347
251.301,-2.263320366219844,479.3711003744013,5.066,0.0,9.99,0.0,1.5687332046825926,0.0,0.0,0.0,-2.2590286709952037,481.2158875748152,0.0,-0.10061760395993809,9.999878786915957,0.0,251.23,-0.0743787213720892,0.03682598192038035,-4.950691377558394,1.5623630420654278,-0.05930151623787191,0.02649245025965094,-4.987183448457092,0.05383229340621518,0.011914002722994255,-0.0,1.5654141795783991,-2.299887142828668,481.1635351761595,0.0,-0.006600524023435987,9.999997616153918,0.0,1.5714563792587317,37.0,0.04679991593693901,0.04104390467712734,0.051004653204013164,0.1707153909629161,0.25036037772900177,0.03577482377729103,0.12525426094466682,0.115268840240632,-37.30805461650053,0.07732101247850767
251.4,-2.263320614702465,480.35862468064875,5.066,0.0,9.99,0.0,1.5668074545126895,0.0,0.0,0.0,-2.2599473796574476,482.0158861866703,0.0,-0.08483048259215895,9.99870270118497,0.0,251.329,-0.07419203854266698,0.03001054392671193,-4.992449738793771,1.5462344864499742,-0.06070020205492504,0.025393922620231463,-4.9911589088762,0.07850683308725959,0.010378029582088999,-0.0,1.5629461015174044,-2.3004151847614196,481.9635350018907,0.0,-0.0066005240263693485,9.999997616170969,0.0,1.571456379259024,31.0,0.05048205011556536,0.043815494624193284,0.05272852882098454,0.17339687324018205,0.2512755751555726,0.03690585281520106,0.12576871797296388,0.11763423541647434,-36.94047524476634,0.0785158919301672
251.5,-2.2633208660139417,481.35724476338913,5.064,-0.01,9.99,0.0,1.5658280775558686,0.0,0.0,0.0,-2.261852584390232,483.01573743450547,0.0,-0.07587856407186096,9.997554878988158,0.0,251.428,-0.06749372112354778,0.013887893097626638,-5.024062378212642,1.5630496073517282,-0.05904306287806264,0.019000027713368166,-4.993757834125271,0.07220386775396857,-0.004581392267214213,-0.0,1.564566937163643,-2.301075237177713,482.9635347840547,0.0,-0.006600524026505332,9.999997616148233,0.0,1.571456379259039,32.0,0.04672138324202593,0.04123838670751185,0.05194846611185105,0.17059482812016585,0.2502321898238916,0.035588269656630686,0.12514406467571718,0.1152284413877829,-37.286112274753485,0.07721041225330795
251.6,-2.263321116876938,482.35586484557166,5.063,-0.02,9.99,0.0,1.565255858530525,0.0,0.0,0.0,-2.2644495521196566,484.0154846449882,0.0,-0.06816675233228897,9.996756714951616,0.0,251.527,-0.0704332191065705,0.013716359665567173,-5.037341508093837,1.537947319342469,-0.044424312426984615,0.011975970560284476,-4.997967160210418,0.18520305817868446,-0.01915117276575451,-0.0,1.5532266060283604,-2.3017352895936662,483.9635345662186,0.0,-0.006600524022888225,9.999997616148233,0.0,1.5714563792586773,33.0,0.04620162199708246,0.04085524721442426,0.051431071990573604,0.17055229008621878,0.25032744052166117,0.035435827975102106,0.12514776511860856,0.11511846841645554,-37.35972114994944,0.07726125500382232
251.7,-2.2633213681686755,483.35448492687175,5.063,-0.02,9.98,0.0,1.5631179097716252,0.0,0.0,0.0,-2.2675602780039603,485.015122291735,0.0,-0.05230643717253999,9.995544950235137,0.0,251.626,-0.07177280152476753,0.017305826140804764,-4.978599890912518,1.545499582092077,-0.04321491289765628,0.01694179549832984,-4.993324434686658,0.1761436555582137,0.0037281857007869235,-0.0,1.5551577874224216,-2.3023953420095866,484.9635343483823,0.0,-0.0066005240242138314,9.999997616148232,0.0,1.5714563792588099,34.0,0.04657998649258765,0.04083519161546039,0.051200093922837975,0.17066525725921206,0.2504085076514556,0.03560848213773654,0.12525918230807043,0.11524753512585051,-37.35587758411475,0.0773415190772047
251.801,-2.2724112642788867,484.3531050029133,5.063,-0.02,9.98,0.0,1.5601526853304843,0.0,0.0,0.0,-2.2714526319308574,486.2144346047609,0.0,-0.01601918537329991,9.992972799228124,0.0,251.758,-0.06714662442348673,0.020116913641582343,-4.955146287913089,1.5377054779678692,-0.04135894797403833,0.017211796268265384,-4.981104602504036,0.2196943522765392,0.002226293214263819,-0.0,1.5507940033050567,-2.3031874049088756,486.1635340869788,0.0,-0.006600524025712634,9.999997616148233,0.0,1.5714563792589598,43.0,0.048108464973249936,0.04192590777958809,0.051281689818681635,0.17199283543764696,0.25095260944085557,0.03617502127282766,0.12557464687088002,0.11633838958377626,-37.22397897085119,0.07799069000677572
251.901,-2.2724115162730385,485.35172508061237,5.063,-0.01,9.98,0.0,1.5578161553156118,0.0,0.0,0.0,-2.2743298954937483,487.2136060405106,0.0,0.008344973188873095,9.99070088276273,0.0,251.857,-0.06031909836933644,0.01865312903150208,-4.870113476479872,1.5497481948436058,-0.04110939196964239,0.015932790957498576,-4.971349951467882,0.16292654335011544,-0.0006638571168267049,-0.0,1.555473205895594,-2.303847457324996,487.16353386914255,0.0,-0.006600524025832537,9.999997616148233,0.0,1.5714563792589717,44.0,0.04808675278476822,0.04193044281811864,0.05121495142933739,0.17183386259085026,0.2508539454080622,0.03616968319660442,0.1255196298727669,0.11621147080383772,-37.22746007056644,0.0778970159792321
252.0,-2.272411768528656,486.35034515586767,5.063,0.0,9.98,0.0,1.5563596757736544,0.0,0.0,0.0,-2.2761627560203817,488.0127941704169,0.0,0.020567103351047757,9.98907609907658,0.0,251.923,-0.05823054198669626,0.01732006805299123,-4.96620834557043,1.5710617261899205,-0.043634489457631105,0.016283043936052385,-4.970787806643065,0.07512456785726498,0.0010616316604519227,-0.0,1.5642716056683041,-2.304375499257926,487.96353369487355,0.0,-0.0066005240271314975,9.999997616148232,0.0,1.5714563792591016,37.0,0.04754437542468643,0.04176294127124639,0.05105274518678376,0.17152010246120272,0.2507067044669533,0.0359035268114289,0.12529980433307475,0.11587309510564334,-37.27149216031812,0.07773664493503954
252.1,-2.272412020658109,487.34896523016505,5.064,0.0,9.98,0.0,1.5578282317754366,0.0,0.0,0.0,-2.277792134232007,489.01161289677833,0.0,0.009500924348538296,9.987337230434909,0.0,251.956,-0.05751112465809583,0.016822231662150224,-4.964406881345365,1.5718960345789617,-0.04746943923217641,0.01593782302867776,-4.970129185845822,0.018369456458878337,0.0008759509219853356,-0.0,1.568955863512093,-2.3050355516739307,488.96353347703763,0.0,-0.006600524023176883,9.999997616148233,0.0,1.5714563792587062,64.0,0.06783915943150494,0.05226032367985422,0.05355674166953632,0.18595457948116903,0.257020061229533,0.044414176872083586,0.13173671218712793,0.13016721551130395,-35.892716704152186,0.08539219185045235
252.2,-2.272412269963411,488.3364895256,5.065,0.0,9.97,0.0,1.5611398220669965,0.0,0.0,0.0,-2.2789225500497445,490.0102556704361,0.0,-0.023083567201251085,9.985589229176192,0.0,252.121,-0.05587970438114571,0.019180646455274685,-4.960914506085807,1.5763600618327647,-0.06335074413217662,0.018441079037154945,-4.979967707694666,-0.08634572142332063,0.01460762854490305,-0.0,1.5794439945102154,-2.305695604089721,489.9635332592016,0.0,-0.006600524020578963,9.999997616148233,0.0,1.5714563792584464,39.0,0.050153567922172404,0.04338397040325894,0.05276401227314048,0.1726297586442549,0.25102268200403716,0.036746110540163766,0.1256806045505697,0.1171409017045352,-36.981704119018445,0.0781951690795141
252.301,-2.281502171416008,489.33510959453673,5.066,0.0,9.97,0.0,1.5658788742173952,0.0,0.0,0.0,-2.2803155968471667,491.2083934505803,0.0,-0.07925629334510366,9.983009313994321,0.0,252.22,-0.054463471953170056,0.019512004676112082,-4.946460544068962,1.5622566720058848,-0.05848226348612435,0.02161345174565737,-4.978618992946176,-0.04955097845299142,0.018594401542655348,-0.0,1.5757570419865186,-2.3064876669884926,491.1635329977982,0.0,-0.006600524020610049,9.999997616148233,0.0,1.5714563792584495,40.0,0.052778054742395025,0.0442680891692626,0.05260270915969505,0.17491126867832044,0.25226464232091617,0.0384144314070484,0.12723445169478975,0.11940790770638848,-36.82759352227736,0.07950766741731967
252.402,-2.2815024250764537,490.33372966372923,5.066,-0.01,9.97,0.0,1.5700523151343244,0.0,0.0,0.0,-2.282203156437935,492.2066676103389,0.0,-0.11783307745563372,9.981063652942685,0.0,252.385,-0.04768221496569014,0.02092065600493814,-4.946842270620503,1.5653512672820389,-0.04587066732097385,0.020972550064973946,-4.967883116622179,0.02262151755833018,0.01365662997188366,-0.0,1.56853047574621,-2.307147719404105,492.16353277996217,0.0,-0.006600524018211966,9.999997616148235,0.0,1.5714563792582097,17.0,0.05156635767193138,0.04382903243472387,0.052278213365582846,0.17459614230062603,0.2521605182034167,0.03788091390508116,0.12686977873089997,0.11891272916079881,-36.92018841094513,0.0793662493833403
252.5,-2.2815026779661167,491.3323497331439,5.065,-0.02,9.97,0.0,1.5708083995703586,0.0,0.0,0.0,-2.284483157813555,493.0052065477158,0.0,-0.12415126419847787,9.980299008712294,0.0,252.418,-0.05795436005689186,0.023151204488706084,-5.004837549231473,1.553491247646463,-0.04212618964491303,0.022882208847063257,-4.971863897373872,0.0752291617971405,0.01545758558116006,-0.0,1.5652654236637258,-2.3076757613363155,492.96353260569316,0.0,-0.0066005240146814565,9.999997616148235,0.0,1.5714563792578566,50.0,0.048118055129764505,0.04200751745233831,0.05154847248135238,0.1722605576062002,0.251145519001584,0.036441743095754375,0.12585674261974295,0.11665291549122347,-37.19911203807463,0.07817795345280446
252.603,-2.2815029280438353,492.31987402114277,5.066,-0.03,9.97,0.0,1.5692014133699725,0.0,0.0,0.0,-2.289126920749994,494.20293290033766,0.0,-0.10537315006767022,9.980122461123225,0.0,252.517,-0.053832491517346225,0.020512272893772922,-4.95358195364767,1.541155416837743,-0.0282204024816076,0.02151820175307424,-4.973079703080295,0.17947102690067393,0.008890564987266814,-0.0,1.5548168496852521,-2.3084678242343917,494.16353234428965,0.0,-0.006600524016626566,9.999997616148233,0.0,1.5714563792580512,43.0,0.049280014277788914,0.042465919234078275,0.051420276677765615,0.1730815747963837,0.2515189474099022,0.037028208085437664,0.12633497937971452,0.11742654660630499,-37.12882060819756,0.07860324547655032
252.702,-2.2905928348098996,493.3184940843752,5.067,-0.03,9.97,0.0,1.5659205690633993,0.001108986038625051,0.07573945334858236,-0.051025282774995455,-2.2937020024883825,495.2009938562243,0.0,-0.0702208678971409,9.98030289113659,0.0,252.682,-0.04891271332461411,0.0280698526944869,-4.833162940905308,1.5693805025637375,-0.03692081008498306,0.023731080247550478,-4.960380209967248,0.1232554424905263,0.013193014649742096,-0.0,1.5614553544184482,-2.309127876649676,495.1635321264534,0.0,-0.006600524016664314,9.999997616148233,0.0,1.571456379258055,20.0,0.049067766994250056,0.04213269104303254,0.051310051676599945,0.17259050853876878,0.251275322418608,0.03687624021979877,0.12618505009738887,0.11702482607046007,-37.16245859304016,0.07833859543519765
252.8,-2.2905930889082384,494.3171141479458,5.066,-0.03,9.97,0.0,1.5633856305528917,0.0,0.0,0.0,-2.297466061111154,495.9994231157176,0.0,-0.04982989703243892,9.980260515663888,0.0,252.715,-0.04377705840226289,0.022915039221209965,-5.018563160561855,1.5638058654437492,-0.02890938314599114,0.02422807302184752,-4.966432452242232,0.11099518099698512,0.012170900856368405,-0.0,1.562682520250685,-2.3096559185817958,495.96353195218444,0.0,-0.006600524014758483,9.999997616153918,0.0,1.571456379257864,45.0,0.04839416821767117,0.041979312817535926,0.05110427910575782,0.1723258445754653,0.25114087720009076,0.036532018427883846,0.12592470240892037,0.11667546152170089,-37.21436698770541,0.0781960111651793
252.9,-2.2996829986085032,495.3157342087435,5.065,-0.03,9.97,0.0,1.5631359709103145,0.0,0.0,0.0,-2.3019967016496437,496.99744477237954,0.0,-0.046491467662043776,9.98018933571555,0.0,252.814,-0.03818573912258812,0.04517123113108789,-4.947616048720895,1.5513517886183303,-0.010539113755690064,0.038009305855224676,-4.963658750321258,0.20332214992234834,0.039397277530824226,-0.0,1.553482114444877,-2.310315970996819,496.9635317343482,0.0,-0.006600524014226262,9.99999761614823,0.0,1.5714563792578111,46.0,0.048246442689099535,0.04192511115099446,0.050916936240221845,0.1722497839629099,0.2511098730096798,0.03651797898670866,0.12593818059834472,0.11659811309316825,-37.234550992001985,0.0781608017254785
253.0,-2.2996832509805074,496.3032584912193,5.065,-0.02,9.97,0.0,1.561472361968134,0.0,0.0,0.0,-2.3069386916309367,498.1951149764671,0.0,-0.0269116744229799,9.981206162102955,0.0,252.88,-0.038723369746754006,0.035514911438374874,-5.0100433747145745,1.5522440689718633,-0.0014756649911426927,0.0408273492060674,-4.968588128836107,0.18242214725604247,0.039800678933071154,-0.0,1.5545714388241223,-2.310976023411743,497.9635315165119,0.0,-0.006600524012769649,9.999997616148232,0.0,1.5714563792576655,41.0,0.0642985381192426,0.05049125097614764,0.05327546722725909,0.18362604205826213,0.25599831757990826,0.043037110084128215,0.1307042657294253,0.12771140368767864,-36.09774764676135,0.08410594050907663
253.1,-2.308773166013964,497.3018785485124,5.064,-0.01,9.97,0.0,1.5590329999711852,0.0,0.0,0.0,-2.309680734388392,498.99368592779473,0.0,-0.007029668500201953,9.983080847259146,0.0,253.012,-0.041023783765103676,0.03340703096540794,-5.01896285428897,1.5416588708843395,-0.009209556696518234,0.03866231205853002,-4.973620378293145,0.14200824666629847,0.028704612799696605,-0.0,1.5575945589063445,-2.3116360758265997,498.96353129867566,0.0,-0.0066005240118859115,9.999997616148232,0.0,1.571456379257577,50.0,0.052104861132331245,0.04434689774905203,0.052624505216237724,0.17456684935223182,0.2519603282749729,0.03794013540859732,0.12676169740243995,0.11891647616320558,-36.856801390163184,0.07924334414328571
253.2,-2.3087734219944878,498.3004986070764,5.062,0.0,9.98,0.0,1.5583365942027907,0.0,0.0,0.0,-2.31218417416441,499.99218037333105,0.0,0.0020778932503782463,9.986646862670758,0.0,253.078,-0.032731399997203627,0.04142938838913498,-5.005401609315429,1.5569299397246668,-0.006730342990421829,0.04319794044397397,-4.97714493553751,0.11021154748476915,0.03401803192972075,-0.0,1.5597800442643879,-2.3122961282413486,499.9635310808394,0.0,-0.006600524011406294,9.99999761614823,0.0,1.5714563792575291,42.0,0.06558354204936746,0.05131490592134011,0.054619487223182196,0.18401647953540293,0.2560677713628572,0.04337671823315583,0.13081140670482466,0.12834364102209803,-35.95243593864723,0.08425744220022705
253.3,-2.3087736748833265,499.29911787728406,5.059,0.0,9.98,0.0,1.5586922700193266,0.0,0.0,0.0,-2.3135970054368604,500.99107745733716,0.0,-0.0006614524327603287,9.990933320353864,0.0,253.21,-0.02857729035215105,0.042705104043560156,-4.9546259294603034,1.5612615060353492,-0.019508119619834764,0.045340307079091355,-4.971931415723436,0.05500794137648892,0.02496952828798804,-0.0,1.5652983203333626,-2.3129561806560885,500.96353086300314,0.0,-0.006600524012645304,9.999997616148232,0.0,1.571456379257653,51.0,0.05175673033556667,0.044191717060765384,0.05330570354081985,0.1743968484258825,0.25195519216406637,0.03785594453121832,0.12675077524586995,0.11886767618288065,-36.84580111557297,0.07919403650831774
253.4,-2.308773928105296,500.28664215362176,5.057,0.01,9.98,0.0,1.5603414951500036,0.0,0.0,0.0,-2.31404921534908,501.9904234066178,0.0,-0.014928697472170063,9.995529284826889,0.0,253.309,-0.025110293373916508,0.03853368328739068,-5.0580960600715,1.534127987767737,0.008369770430438388,0.04191589746618527,-4.989674977960901,0.22164865599061576,0.012136984265573858,-0.0,1.5476173842500833,-2.3136162330708787,501.9635306451669,0.0,-0.0066005240107557045,9.99999761614823,0.0,1.571456379257464,51.0,0.05066484019445123,0.04319013754004391,0.05257058678479689,0.1738346031206833,0.2518586007769529,0.03757097341810303,0.12669417584165782,0.11831019687078577,-36.97984467755723,0.07899656133375933
253.5,-2.3087741845723144,501.2852622047051,5.057,0.02,9.99,0.0,1.5592277413841824,0.0,0.0,0.0,-2.3137137689237073,502.99023696269546,0.0,-0.012420489311838864,10.000157336549261,0.0,253.408,-0.024604632993178954,0.04792482443867084,-5.077976303865275,1.55113951157599,0.009231335380393776,0.04798713273872704,-4.993068059109692,0.18140681936323672,0.014692498004503562,-0.0,1.5516669561035037,-2.3142762854854877,502.9635304273306,0.0,-0.006600524010458165,9.99999761614823,0.0,1.5714563792574343,53.0,0.051045233237071636,0.04316419540850916,0.05222354123931504,0.17408652151114598,0.2519822997083375,0.03770825545022476,0.12679852560751598,0.11849703682455785,-36.98396336236466,0.07913579539702423
253.6,-2.308774440590895,502.28388225485094,5.058,0.03,9.99,0.0,1.5561304651808483,0.0,0.0,0.0,-2.312420581798433,503.99048969599755,0.0,0.02276906683409266,10.00430466035939,0.0,253.507,-0.04328012603967677,0.054282827586919505,-4.945521982834898,1.5581512554276367,-0.024248559401560378,0.05341731265742269,-4.987437116948016,0.004116657046579014,0.025285792797744122,-0.0,1.5683883465402064,-2.314936337900165,503.96353020949437,0.0,-0.0066005240124077155,9.99999761614823,0.0,1.5714563792576293,54.0,0.050785968420687645,0.04332907839303785,0.05192992620175484,0.1742764748079505,0.2520197971860083,0.03753110668893636,0.12664379383135915,0.11848684318859588,-37.00327658548663,0.07920771523634224
253.7,-2.3087747003260404,503.28250309604925,5.06,0.04,9.99,0.0,1.5578664821248984,0.0,0.0,0.0,-2.3099604373643077,504.9911491779016,0.0,0.012760153940394542,10.008455649278329,0.0,253.606,-0.020099058482445958,0.03203793266661038,-4.992603673854219,1.5589098622425768,-0.0211553539754274,0.03852918398778021,-4.990034443822564,0.018479022634932923,-0.010188650938157906,-0.0,1.5649366615885698,-2.315596390314955,504.9635299916581,0.0,-0.006600524011339681,9.99999761614823,0.0,1.5714563792575225,54.0,0.05114428781140087,0.04315007363241842,0.05183953138296884,0.1739641184691167,0.2518495105749399,0.03774856759030646,0.1267932721906393,0.11835818276372748,-36.99736658483618,0.07902902685661581
253.801,-2.308774956802239,504.281123144292,5.063,0.04,10.0,0.0,1.5609774627399187,0.0,0.0,0.0,-2.3059497826124216,506.19249655641767,0.0,-0.025402255399807658,10.01326809700989,0.0,253.705,-0.029265240973559835,0.03670060757139209,-5.022630144299716,1.5373912088247474,-0.0014986785290644956,0.035190657149840876,-4.998096489915902,0.1604678473892992,-0.02520110199517589,-0.0,1.5507015994856583,-2.3163884532126473,506.1635297302546,0.0,-0.006600524013806597,9.99999761614823,0.0,1.5714563792577692,55.0,0.05085549865225934,0.043364304077698014,0.05172351647962723,0.17416182399540903,0.25191059977812286,0.03762768962441516,0.12668611600074825,0.11839857300013905,-37.00491862019861,0.07911599875907993
253.9,-2.3087752131522734,505.279743192716,5.065,0.05,10.0,0.0,1.5599491438504796,0.0,0.0,0.0,-2.3029546316424803,506.99368304608544,0.0,-0.017970966398562247,10.015636314207239,0.0,253.804,-0.04009787925485517,0.036986145373440735,-4.9923010771247345,1.5475667450920774,-0.0067571406148568955,0.032370754114224604,-5.0026019300398215,0.12480405849915031,-0.026356881276432986,-0.0,1.5532715205785532,-2.316916495144612,506.9635295559856,0.0,-0.006600524014237364,9.99999761614823,0.0,1.5714563792578122,56.0,0.0505558537932728,0.043160703666076015,0.05159208358777272,0.1738046461549447,0.2517370179980084,0.037516417475962675,0.12660021010452294,0.11809515981696055,-37.03562134886687,0.07892401959357323
254.0,-2.299685800065788,506.2783632408231,5.066,0.05,10.0,0.0,1.557215512790952,0.0,0.0,0.0,-2.298812167893366,507.99533717101207,0.0,0.011537786526867959,10.01694870300501,0.0,253.903,-0.04559316477966965,0.03685361022954714,-4.98181870467167,1.5491461171988254,-0.01776396991943687,0.03158530860741521,-5.002192745355776,0.1159773602429763,-0.02319864654852921,-0.0,1.5541615312800612,-2.317576547559542,507.9635293381493,0.0,-0.00660052401327147,9.999997616148232,0.0,1.5714563792577156,57.0,0.053222810386281606,0.04494034839672613,0.0517842335046567,0.1760454467169341,0.25266585139165093,0.0385233832235226,0.127274400336437,0.12004876510431675,-36.828006552407246,0.08005044865575775
254.1,-2.299686061102676,507.2991748416263,5.067,0.06,10.0,0.0,1.5561174955826738,0.0,0.0,0.0,-2.294036894256556,508.9970229906641,0.0,0.023997900853941025,10.016722990005858,0.0,254.002,-0.05497784467195152,0.03431625600553744,-4.953940172728781,1.5716938530664522,-0.046264010102189494,0.03198626992159763,-5.001247867289228,-0.027639430626161733,-0.017496248370813205,-0.0,1.5675546094038766,-2.3182365999744574,508.96352912031307,0.0,-0.006600524013877652,9.99999761614823,0.0,1.5714563792577763,59.0,0.05064069955301045,0.04348912922574769,0.05153527576309633,0.17393244761362886,0.25173990573339566,0.03750175208706793,0.12654966057083789,0.1181583439317313,-37.01752789246514,0.07895876008419905
254.2,-2.2905966469519683,508.29779488743634,5.068,0.06,10.0,0.0,1.5579772750523428,0.0,0.0,0.0,-2.2875646109669465,510.1989426156075,0.0,0.004179699692132201,10.015415597007092,0.0,254.134,-0.04956180926500618,0.025893424645752023,-5.000793006473902,1.576626072157923,-0.05191869545267306,0.028305778033210185,-5.005801224863523,-0.03443324963849273,-0.022192289100926743,-0.0,1.5682339708998945,-2.319028662872379,510.16352885890956,0.0,-0.0066005240127718695,9.999997616148232,0.0,1.5714563792576657,21.0,0.04708176470514949,0.04098045601522593,0.05133236781926309,0.17030069328175684,0.25011480146665077,0.0357544498829224,0.12515189009282635,0.11503221865408549,-37.307079417878185,0.07709227401712765
254.301,-2.2905969045203562,509.30751070675984,5.068,0.06,10.0,0.0,1.5615558848392705,0.0,0.0,0.0,-2.2820738617020444,511.2004006960597,0.0,-0.030587287417087754,10.013687151950787,0.0,254.266,-0.05705398875256873,0.02485533416338615,-4.996014292617088,1.5540139422427788,-0.049593840494270326,0.024418797703621008,-5.007506229525264,0.0547041360381723,-0.026403459331390877,-0.0,1.5592960541755383,-2.3196887152873185,511.1635286410733,0.0,-0.006600524013875431,9.99999761614823,0.0,1.571456379257776,35.0,0.051532584405220294,0.0440318494148203,0.053207929892672125,0.17352108739760855,0.2513498331312075,0.037305455869975364,0.12603888817179726,0.11798929957781795,-36.8637429165494,0.07860720518587833
254.4,-2.281507427400072,510.0509286532399,5.07,0.05,10.0,0.0,1.5625477955353002,0.008896656892302714,0.0038223704933901263,-0.008091864426593086,-2.2779818130212277,512.001448463679,0.0,-0.037437616374956864,10.012135212273416,0.0,254.332,-0.0668399349713645,0.024267609244933035,-4.948038671149931,1.5366363806026324,-0.04459184302735215,0.021443684936235212,-5.000617845794038,0.12470949527342899,-0.028071645556664748,-0.0,1.5532779876762166,-2.3202167572192582,511.9635284668043,0.0,-0.006600524015116664,9.999997616148235,0.0,1.5714563792579002,29.0,0.046415618787418865,0.04108705257690469,0.05212184040230185,0.17037335349621788,0.25018497943352763,0.03548291758913549,0.12502670506736277,0.1150695597401399,-37.301963730566506,0.07714542239856503
254.5,-2.2815077449754426,511.3047515916487,5.073,0.05,9.99,0.0,1.5599062359568219,0.0,0.0,0.0,-2.272469548691623,513.2027497593999,0.0,-0.010772355905526462,10.009340141295139,0.0,254.464,-0.07135158376288804,0.018823860895484157,-5.095312915397386,1.5468731812075305,-0.055878327286456475,0.022889243032254786,-5.017766516951463,0.11884961089979533,-0.01220136322302423,-0.0,1.5538754104808652,-2.3210088201175245,513.1635282054008,0.0,-0.0066005240194798405,9.999997616148233,0.0,1.5714563792583365,36.0,0.04647855471110638,0.040848483867147505,0.05161848827126369,0.17058084174373506,0.25037051213365613,0.035565876248299405,0.12518458389860299,0.11521265152893466,-37.33989298241018,0.07730759095111098
254.6,-2.2815079332702908,512.0481687314784,5.076,0.05,9.99,0.0,1.5581081128355603,0.0012526550099980934,0.0099188755875724,-0.021359925821400418,-2.269059420530725,514.0033866799237,0.0,0.007759823155338341,10.006975032229457,0.0,254.53,-0.07664974519932403,0.021299802245999058,-5.036640855411931,1.5791279998129997,-0.06487269659564683,0.020578579946114273,-5.019728204613289,0.014488348777436197,-0.013665810492042851,-0.0,1.5643322840554013,-2.3215368620500523,513.9635280311318,0.0,-0.006600524021684743,9.999997616148233,0.0,1.571456379258557,31.0,0.04945516528210923,0.04270735986080327,0.05143223107626213,0.1736114130316016,0.2517817883780425,0.0372195232447963,0.12654616737411173,0.1178492234341643,-37.09387915003316,0.07887893772466173
254.7,-2.2724185128746512,513.0467887732095,5.079,0.04,9.99,0.0,1.5574535057556371,-0.002644732497017955,-0.05619085003748115,0.015437753791287997,-2.264940551546298,515.0038995885676,0.0,0.009905737941906141,10.00379550415125,0.0,254.629,-0.08425939544630856,0.0438000222585704,-5.028266432726364,1.530496780489342,-0.05824891380612719,0.028762817151358304,-5.014045895062225,0.15392612485919122,0.007534958205033249,-0.0,1.5514013650352194,-2.3221969144658248,514.9635278132955,0.0,-0.006600524021993385,9.999997616148233,0.0,1.5714563792585878,31.0,0.046800255967467154,0.041137009398934526,0.0511326187752373,0.17102044276426806,0.25048216423605696,0.03564712784367512,0.12517985516556707,0.11542708251016319,-37.33185786159481,0.07746900359649644
254.8,-2.2724187686272046,514.0454096169317,5.081,0.04,9.99,0.0,1.5587347169083097,-0.017055623863616334,0.02682888907641874,-0.019015004016625956,-2.2610747639920583,516.0041257686873,0.0,0.0024735027800628804,10.001270306382839,0.0,254.728,-0.09857153168160057,0.039036176614403825,-5.048725890854526,1.5472612869354496,-0.07152229146360121,0.03669478403347498,-5.022456721518342,0.08242511010691994,0.025306259346891125,-0.0,1.558573134628487,-2.322856966881667,515.9635275954593,0.0,-0.006600524024646818,9.999997616148232,0.0,1.5714563792588532,32.0,0.04667857070618859,0.04093783849562672,0.051019666770894846,0.17069329881119497,0.25033772960944295,0.03557420786154348,0.12516333782869687,0.11519436850773508,-37.35665692226397,0.07730742872970534
254.9,-2.2724190206311903,515.0440296528662,5.08,0.04,9.98,0.0,1.5569472881641726,-0.02594463599022566,-0.01043899934320595,0.00019418594218328626,-2.257484124246009,517.0041673951421,0.0,0.01728065354967938,10.000066228832459,0.0,254.827,-0.0946426591060116,0.030830335296482925,-4.9808014720000235,1.5518923939762144,-0.07907956120466603,0.036275405089893145,-5.020768903229653,0.07031794379557468,0.029669436685448858,-0.0,1.5597756354312347,-2.3235170192976535,516.963527377623,0.0,-0.006600524023629854,9.999997616148233,0.0,1.5714563792587515,33.0,0.04623405373426647,0.040818211571072543,0.05085494717930509,0.17048756048873703,0.25026220528720167,0.03538354868453155,0.12503092409353112,0.11497184694698098,-37.39384699830831,0.07721687400909824
255.0,-2.2633295927789447,516.0426488770273,5.079,0.04,9.99,0.01,1.5577255478736498,-0.017889828192473346,-0.016519585228177983,0.008772224409597424,-2.254178234854594,518.0041933400763,0.0,0.009395177403518999,10.000782601759358,0.0,254.926,-0.08673411023660312,0.03500217630083499,-5.007095366559713,1.5738741221655859,-0.08223801983971324,0.03938507851682126,-5.020485614129576,0.027854489803454528,0.022772742696009374,-0.01,1.5640196373764625,-2.3241770717136077,517.9635271597867,0.0,-0.006600524024191627,9.999997616148232,0.0,1.5714563792588077,34.0,0.046423915640165465,0.04088981011468494,0.05081171415810928,0.1705492564296841,0.2503032541477425,0.03549986419847087,0.12510340920037277,0.11505885806759891,-37.383601192846925,0.07725941557850982
255.101,-2.263329908010803,517.2964718058236,5.076,0.03,9.99,0.01,1.5594563764196376,0.0,0.0,0.0,-2.2508404266424145,519.2044500925894,0.0,-0.008108202737321947,10.003546258628868,0.0,255.058,-0.08921459867906707,0.03568605808006266,-4.880765132466777,1.5255051553128003,-0.07663083269003076,0.036792880972739736,-5.013190934616674,0.15347492614448122,0.01286189541869831,-0.01,1.5524561401320347,-2.324969134612743,519.1635268983832,0.0,-0.006600524022988145,9.999997616148233,0.0,1.5714563792586873,43.0,0.04746588747182793,0.041602551631198886,0.050885315753130864,0.1714154863511291,0.2506684118603358,0.03590683677227938,0.12534357489121484,0.11579133249408838,-37.29321163854528,0.07768806475129589
255.2,-2.2633301592284454,518.2950918355117,5.073,0.02,9.99,0.01,1.5591516048323852,0.0,0.0,0.0,-2.2491389085293645,520.0048462189857,0.0,-0.008059953050631575,10.006051489405369,0.0,255.124,-0.1137737663192181,0.028138108679108938,-5.1131810723698505,1.5122137666893467,-0.06602281409703814,0.032568500117299164,-5.024875479222224,0.26067941353858165,-0.00014300765465335985,-0.01,1.5427072769037549,-2.3254971765454395,519.9635267241142,0.0,-0.006600524022892666,9.999997616148233,0.0,1.5714563792586778,37.0,0.0475333310360129,0.041644696028652436,0.050868434147236984,0.17134892172695576,0.25062276823668556,0.035911327807989626,0.12530544027291263,0.11574459762182102,-37.288521611244704,0.07764785532493321
255.3,-2.2633303462520473,519.0385089678427,5.072,0.02,9.99,0.01,1.5562503403660397,0.01222888201915703,0.07747793822110816,-0.05334922613071082,-2.2474798298540795,521.0056176563656,0.0,0.030963504839365164,10.008956310334282,0.0,255.256,-0.1074340653141664,0.03240186917557881,-5.040362814252337,1.5701207214483488,-0.09674348784843138,0.03522915577819651,-5.033021728988494,0.0529577532085653,0.007510173069452009,-0.01,1.5634988640397876,-2.3261572289612453,520.963526506278,0.0,-0.006600524022361979,9.999997616148233,0.0,1.5714563792586247,44.0,0.048487022851770756,0.041899185241385854,0.05110034449919649,0.1715891362154919,0.2507147615664568,0.0362938863043569,0.12554855846387622,0.11609818836679153,-37.218201069063575,0.07776285688008505
255.4,-2.2633306617503877,520.2923318906867,5.07,0.02,10.0,0.0,1.5508219442006688,0.0,0.0,0.0,-2.2458164869771156,522.0066422573633,0.0,0.07603890660325115,10.01070478565751,0.0,255.322,-0.11596307608234419,0.02084738504977387,-4.99063492662503,1.5633092160905937,-0.10240333879979596,0.027167561715296443,-5.028733895081412,0.015525858868357906,-0.01878552492101626,-0.0,1.5672370696584645,-2.3268172813770613,521.9635262884417,0.0,-0.006600524021811309,9.999997616148233,0.0,1.5714563792585696,43.0,0.051308658783518445,0.04392292509600517,0.05143953435281537,0.1746988716121912,0.25216201921567716,0.03803863316406336,0.12699791808517133,0.11888861599804575,-36.88740235325591,0.07934066675918908
255.502,-2.254241224772926,521.2909510964439,5.067,0.02,10.0,0.0,1.5552771939572434,0.0,0.0,0.0,-2.2435884276144193,523.2080792938062,0.0,0.032212423634521196,10.012362092735335,0.0,255.421,-0.10360643897201995,0.047771548787548086,-5.0601147841855525,1.5470188143669918,-0.0935827585155797,0.03814817777240377,-5.0302790028929945,0.07784976275566721,0.009801111633580106,-0.0,1.561021242849099,-2.3276093442759387,523.1635260270382,0.0,-0.006600524021245095,9.999997616148233,0.0,1.571456379258513,40.0,0.05315038371079422,0.04528254320613192,0.05333451918892622,0.17503677898372536,0.2518834066831412,0.037949683535804676,0.12639765309986556,0.11921971269385769,-36.70566688069214,0.07924971560141122
255.601,-2.2542414747515522,522.2895711205585,5.064,0.02,10.0,0.0,1.558315944918666,0.0,0.0,0.0,-2.2420133305988963,524.2093557281765,0.0,0.003963815195834953,10.012892355322052,0.0,255.52,-0.10544377523184936,0.03380757433322974,-5.018318124405162,1.5520266538116563,-0.09754982489176277,0.03131320260725484,-5.026730238146591,0.0629005990418482,-0.004342957725288699,-0.0,1.5625028551399647,-2.3282693966915207,524.1635258092019,0.0,-0.006600524019235591,9.999997616148233,0.0,1.571456379258312,40.0,0.04581181433640774,0.040725138835409104,0.052206928953229065,0.16980413160709065,0.24986302365461965,0.03515854368997314,0.12493315888390119,0.11459221378046139,-37.33241773611617,0.07676236582890633
255.703,-2.2542417249140954,523.2881911405519,5.063,0.01,10.0,0.0,1.5595586747538785,0.0,0.0,0.0,-2.241142140042589,525.2106631881951,0.0,-0.00857018431896361,10.013143327582783,0.0,255.619,-0.11447913341983237,0.010391962005227065,-4.989231493305084,1.5486722741236558,-0.09459453136308603,0.024525953505693594,-5.020628032629729,0.1141315048082107,-0.01817512718215397,-0.0,1.5583612151705748,-2.328929449107001,525.1635255913657,0.0,-0.006600524019388802,9.999997616148233,0.0,1.5714563792583274,41.0,0.04843766059075105,0.04203651427614286,0.05172797672148796,0.17262938413585782,0.25135945698742646,0.036713892941117154,0.12641356309429116,0.11709983882491755,-37.16492631654628,0.07834341544022924
255.8,-2.2542419750280374,524.2868111586066,5.063,0.0,10.0,0.0,1.5596570401128866,0.0,0.0,0.0,-2.2410949634212916,526.2119838267546,0.0,-0.008065725758303485,10.013024818605324,0.0,255.718,-0.11884223275912448,0.0344203807868387,-5.040607262367,1.5352167530071488,-0.08681818980596198,0.030431761056117796,-5.024915715628531,0.20749659170893756,-0.002798687656749621,-0.0,1.5500438384588962,-2.329589501522501,526.1635253735294,0.0,-0.0066005240196841215,9.999997616148233,0.0,1.571456379258357,42.0,0.04761779449725338,0.04158274816193508,0.051170842596146085,0.17212932688047305,0.2511824269262557,0.03626913047920766,0.12602310775111045,0.11653342471133543,-37.262595432500845,0.07812687284014024
255.901,-2.254242225015844,525.2854311768426,5.062,0.0,10.0,0.0,1.5576604474943618,0.0,0.0,0.0,-2.241771297317683,527.2132573852089,0.0,0.013550647237231718,10.012315650196381,0.0,255.817,-0.1273326330484608,0.027510934875261475,-4.955656440353492,1.5462727596255712,-0.09995451022972245,0.02839294023241831,-5.010059753538933,0.13143225664750272,-0.005360151161236004,-0.0,1.557646810330051,-2.330249553938016,527.1635251556932,0.0,-0.00660052401863163,9.999997616148235,0.0,1.5714563792582517,43.0,0.04880466339823687,0.042104336403757325,0.05112538261733604,0.17277812241950666,0.25147534630416224,0.036802778512462705,0.12633363797041783,0.11717523703587132,-37.18331364217152,0.07847071621864628
256.002,-2.2542424755873753,526.2840511926145,5.062,0.0,10.0,0.0,1.5563904941689712,0.0,0.0,0.0,-2.2429101902319006,528.2144423929519,0.0,0.02392054062861625,10.011325519037221,0.0,255.982,-0.11846544767531046,0.027609592096374633,-4.9837370742364815,1.566636735814821,-0.11185174038929145,0.027449566187483024,-5.004581415884251,0.036794619328987796,-0.005030280146257837,-0.0,1.5671150296877305,529.7839999997686,3.422958943571493e-08,0.0,9.99999999998522,6.313722474610096e-10,0.0,6.313722474619427e-11,20.0,0.055905048804308057,0.04661099434579147,0.05311579120267448,0.1777857651639604,0.2534412255247471,0.03936990820368721,0.12785176573595408,0.12185554331499023,-36.570656733615465,0.08093019401534897
256.1,-2.2542427252331265,527.2826712079116,5.063,0.0,10.0,0.0,1.5579287112366895,0.0,0.0,0.0,-2.244434036814258,529.2155407010245,0.0,0.006775644686060372,10.010548854093372,0.0,256.015,-0.1218676892951562,0.030494360706477742,-5.0415867287576575,1.5463855980656522,-0.10508971732385927,0.0279597017144914,-5.0086432165499115,0.0843591577762654,-0.0021143470052660263,-0.0,1.562358827226241,-2.3315696587689505,529.1635247200206,0.0,-0.0066005240196241695,9.999997616148233,0.0,1.571456379258351,46.0,0.04857704011506013,0.042339624269690235,0.052090955650324185,0.17223661360166023,0.2511483543434697,0.03657886327219523,0.1259460322731779,0.11680720350824572,-37.13371529578306,0.07815292287744884
256.2,-2.2542429753850683,528.2812912202063,5.063,-0.01,10.0,0.0,1.5601655049857237,0.0,0.0,0.0,-2.246096994046372,530.0163596855097,0.0,-0.011607524265553624,10.009972686109922,0.0,256.114,-0.1180672932723252,0.026437879650844435,-4.98595437754109,1.5626035919371777,-0.11550064297948329,0.0274437072444059,-5.015290773832131,-0.012476534114760825,-0.001639949611153213,-0.0,1.5730443450838065,-2.3320977007013477,529.9635245457516,0.0,-0.006600524018964697,9.999997616148233,0.0,1.571456379258285,46.0,0.048345498142407815,0.04199278997843807,0.051592045748260346,0.17230979628970353,0.25129390531171847,0.03658597523015396,0.1260428393824806,0.11682704447265466,-37.18941079123992,0.07826443964811741
256.3,-2.2542432202838825,529.2577196750053,5.065,-0.02,9.99,0.0,1.5628366079789142,0.0,0.0,0.0,-2.2496905995317698,531.2174893675962,0.0,-0.04369671533798613,10.008911783723764,0.0,256.213,-0.11223975024810509,0.028340940486133497,-5.041972300406938,1.5456965270398735,-0.09695374447185864,0.028320696025234116,-5.0205961204330585,0.14353149780642346,0.009788273350386234,-0.0,1.5584435438068227,-2.3328897635998067,531.1635242843481,0.0,-0.006600524018416247,9.999997616148235,0.0,1.5714563792582301,49.0,0.048597293641895835,0.04196418910335458,0.051324748892094894,0.1724571919046447,0.251366677102196,0.03668695744707605,0.12610386942671223,0.11693172809340333,-37.19402804678623,0.07834988881816526
256.4,-2.2633331638475056,530.2563396841206,5.066,-0.03,9.99,0.0,1.5638848045517244,0.0,0.0,0.0,-2.252992508056431,532.0181830243858,0.0,-0.05355742218731971,10.00844788357536,0.0,256.312,-0.11296646835529246,0.02286911446254894,-4.950107897006913,1.5464014065413425,-0.08790422421890016,0.024384684987069638,-5.015234266063951,0.17375349277391064,1.2805603351040418e-05,-0.0,1.5564075992984436,-2.3334178055321613,531.9635241100791,0.0,-0.006600524018616087,9.999997616148235,0.0,1.57145637925825,49.0,0.0503547544687065,0.0430038410029685,0.051354823437785864,0.17389947328895577,0.2519644281128314,0.03743229526307449,0.12662114669512153,0.11818344089239038,-37.06265800371422,0.079069767391769
256.5,-2.263333414975591,531.2549596927539,5.065,-0.04,9.99,0.0,1.561456490368817,0.0,0.0,0.0,-2.2580625968937955,533.0190047276212,0.0,-0.028448719161855165,10.0081213296148,0.0,256.411,-0.1151003583786306,0.020201078738116312,-4.948935274434886,1.5460888504833916,-0.07981353173853022,0.01965533511909513,-5.010586609165941,0.2293527122640016,-0.010584908729757814,-0.0,1.5518242736710823,-2.334077857947636,532.9635238922428,0.0,-0.006600524018565017,9.999997616148235,0.0,1.571456379258245,50.0,0.05017906239613179,0.04307073569008674,0.05126657336908268,0.17384141291597038,0.2518806507649002,0.03735349751513152,0.12652000845350672,0.11806858351090661,-37.07131949770316,0.07900932447139433
256.6,-2.2724233589968037,532.2535796976874,5.063,-0.04,9.99,0.0,1.5588874268021922,0.0,0.0,0.0,-2.2637615740799983,534.0197768788947,0.0,-0.003580455194179692,10.007468207295934,0.0,256.51,-0.11750399482058897,0.021510104190358925,-5.000668840428757,1.561568704797785,-0.08522332461561842,0.019228022488362383,-5.012360290054845,0.16682913683041165,-0.009305271840382545,-0.0,1.5580895649720905,-2.3347379103630894,533.9635236744066,0.0,-0.006600524018505065,9.999997616148235,0.0,1.571456379258239,50.0,0.050770111697225034,0.04318598603917681,0.05135828380265979,0.17388419292361929,0.25186066974618443,0.037595560380998545,0.12667039230912672,0.11820863090888362,-37.034841614123465,0.0790112665647476
256.703,-2.2724236114597147,533.2521997021944,5.062,-0.04,9.99,0.0,1.5577468956497051,0.0,0.0,0.0,-2.2707985976507175,535.220572205715,0.0,0.011477760285317983,10.00579425410182,0.0,256.675,-0.09479924476750004,0.025250774126356977,-4.957216855638745,1.5561931511285605,-0.07938204682361849,0.020710525688735392,-4.99723319877406,0.16662182102917716,-0.003290859433800364,-0.0,1.5581179725193293,-2.3355299732615222,535.1635234130031,0.0,-0.0066005240165821575,9.999997616148233,0.0,1.5714563792580467,28.0,0.051355097454298025,0.04373807950675833,0.05145753670894814,0.17454930185187448,0.25212664404880814,0.03784959494626759,0.12685030102478279,0.11875713784159844,-36.97508802565612,0.07933864721299633
256.801,-2.2815135588149644,534.2508197048314,5.061,-0.04,9.99,0.0,1.5580209429052214,0.0,0.0,0.0,-2.2765752282622413,536.2210590229461,0.0,0.008236959728228603,10.00403614765956,0.0,256.708,-0.0948436344474124,0.024829885804108942,-4.957746553199565,1.5552932056634297,-0.06993409901298707,0.022003092120259755,-4.993036245293656,0.1574896371961377,0.0009208515610854562,-0.0,1.5590372283550378,-2.3361900256765575,536.1635231951668,0.0,-0.006600524011763787,9.999997616148232,0.0,1.5714563792575649,53.0,0.04990478689371067,0.04297510508015482,0.05119214252118339,0.17346561469397034,0.2516337917166098,0.0372124790724221,0.1263763332371499,0.11772361368348394,-37.093063232140445,0.07877447865824402
256.9,-2.290603503804846,535.2494388625561,5.059,-0.04,9.99,0.0,1.558360389494572,0.0,0.0,0.0,-2.281110582738972,537.0213195726205,0.0,0.005655751959085787,10.00265692502043,0.0,256.807,-0.08795711651887023,0.018738058711955396,-5.0195607254863095,1.547756310874196,-0.061404396868944174,0.015592925949990096,-4.990672841480993,0.18155359368863408,-0.01242656728355307,-0.0,1.5566101021905387,-2.3367180676083286,536.9635230208978,0.0,-0.006600524011250863,9.99999761614823,0.0,1.5714563792575136,54.0,0.04970557319829573,0.042848310601549464,0.05104523341721864,0.1733458918168525,0.2515874227550513,0.03716842551937861,0.12636886988777143,0.11760785021360726,-37.11538541621768,0.07871902257926533
257.0,-2.2906037549373934,536.2369630842993,5.058,-0.04,9.99,0.0,1.558171752901051,0.0,0.0,0.0,-2.286626701001516,538.0214912172296,0.0,0.006161819504332498,10.000938792689999,0.0,256.906,-0.08486069222792476,0.0040604277585884665,-4.950202215098599,1.566681842137364,-0.06284172133259348,0.008741044405635714,-4.9877254581697805,0.1274702879529523,-0.0250838464747396,-0.0,1.5620187274478878,-2.337378120023061,537.9635228030616,0.0,-0.006600524012736342,9.999997616148232,0.0,1.5714563792576621,54.0,0.04989297456851558,0.042963923536959034,0.050999490909409466,0.17351371824523074,0.2516571556921022,0.03726823849417061,0.1264446296203121,0.11775165610060369,-37.10241262203471,0.0788039164212351
257.104,-2.2996937069325725,537.2355830803946,5.057,-0.03,9.98,0.0,1.5588504383948187,0.0,0.0,0.0,-2.2929146788280823,539.2214298425048,0.0,-0.001100298875493851,9.998067604649195,0.0,257.071,-0.07587387029802863,0.014128369289076629,-4.97027316046886,1.5357448184145663,-0.05275810205053236,0.013315881653117392,-4.988869083575265,0.22080520472889464,-0.0031393144920262017,-0.0,1.5516738840678421,-2.3381701829208543,539.163522541658,0.0,-0.006600524012762988,9.999997616148232,0.0,1.5714563792576648,33.0,0.05147440008813106,0.04378713233879197,0.051252323128718406,0.17459180477833658,0.2521156228401653,0.037951902052231964,0.12693534643224003,0.1187912420680747,-36.97713405493008,0.0793478495256404
257.2,-2.299693905449942,538.012287522266,5.057,-0.03,9.98,0.0,1.5589668388154845,-0.0034394382614315578,0.050435653040488054,-0.01684445727403497,-2.2968627417915095,540.0211664735727,0.0,0.0014001680766960096,9.995622927999046,0.0,257.104,-0.07760829575990566,0.0026703905989100053,-4.949941037696723,1.544995752920589,-0.037180887837180016,0.007458822441737697,-4.984927386922891,0.23374949019364405,-0.015329615076032255,-0.0,1.5503519875035376,-2.3386982248527,539.963522367389,0.0,-0.006600524011421837,9.99999761614823,0.0,1.5714563792575307,56.0,0.05323470370404411,0.04474158772717037,0.051187099917516674,0.17611580679061695,0.2528231773723081,0.03883848701339828,0.1276776356679449,0.12020220569015713,-36.86200248008268,0.0801638394872026
257.3,-2.3087839282146945,539.2661104033592,5.056,-0.02,9.98,0.0,1.5557100838657953,0.0,0.0,0.0,-2.3021667057521746,541.2203799771536,0.0,0.032594017192242045,9.991347316149032,0.0,257.203,-0.07337979802716028,0.005301937681498639,-5.041590820081821,1.5776671640661721,-0.05588478640010865,0.0039589662064751716,-4.996539773909058,0.08045569636897128,-0.019753244568263995,-0.0,1.5657306626575802,-2.339490287750302,541.1635221059855,0.0,-0.006600524010959985,9.99999761614823,0.0,1.5714563792574845,57.0,0.05058268264288445,0.04341316834225122,0.0511438566835325,0.173918264220015,0.2517734644276287,0.03750088288667975,0.1265487126536824,0.11811733795610724,-37.04144302623515,0.07897656934949013
257.4,-2.308784118931783,540.0095275087201,5.055,-0.02,9.97,0.0,1.555750443660889,0.0075364613653312665,-0.04491203445793899,0.03003528502098224,-2.3051115473735284,542.0195730562314,0.0,0.027641551015163638,9.988356425581435,0.0,257.368,-0.06815836154446084,0.005320415855100528,-5.061033334206207,1.5529182036500182,-0.062316637685134735,0.002776712675506631,-5.006711434236328,0.06355912931191422,-0.009268910685470644,-0.0,1.5664232691095346,-2.3400183296820383,541.9635219317165,0.0,-0.0066005240114618054,9.99999761614823,0.0,1.5714563792575347,32.0,0.04736370876105892,0.04127117234757638,0.051088888805920336,0.1706902747764643,0.2502994639907408,0.03587261633742476,0.1252290737990735,0.11531086223875238,-37.300297302072714,0.07730501798794544
257.5,-2.3087844376770477,541.2522546096437,5.054,-0.01,9.97,-0.01,1.5601309249785282,0.0,0.0,0.0,-2.308243568139865,543.0182036500594,0.0,-0.008080642203407876,9.984389052844518,0.0,257.434,-0.06488831072989404,0.023742432026275587,-4.977822617937182,1.5724022354488685,-0.06183036625306118,0.012533613304441442,-5.003324381284019,0.017623831698318885,0.014762423642135758,0.01,1.5700327803134406,-2.3406783820967405,542.9635217138803,0.0,-0.006600524011344122,9.99999761614823,0.0,1.571456379257523,26.0,0.04553647066830678,0.04041156952540012,0.050856924984338234,0.16963347106201515,0.24985943515232445,0.03502957601582233,0.12463670396499762,0.11425972294158732,-37.44950791200001,0.07679082950869462
257.6,-2.3087846312029683,542.0067674923354,5.055,-0.01,9.97,-0.01,1.5623671766978242,-0.01654175067242097,-0.045310483323275204,0.03543560583300458,-2.311176905046608,544.0164105068878,0.0,-0.037863495653106406,9.980146090378307,0.0,257.533,-0.05766919978663648,0.024156561661971946,-4.98770537630553,1.568071018428569,-0.05165314161320224,0.023974417396705333,-4.99833351377217,0.04980747713889359,0.03715967049119406,0.01,1.5668184481075738,-2.3413384345113726,543.963521496044,0.0,-0.00660052400983866,9.999997616148232,0.0,1.5714563792573724,27.0,0.04626182197878078,0.04064886728139338,0.050858023998056584,0.1701239493072114,0.25010592435348994,0.035384099636798144,0.12494679440504891,0.1147378926528443,-37.40251918926202,0.07705403334694605
257.701,-2.317874654706543,543.2494945871409,5.056,-0.02,9.96,0.0,1.5648858622324209,0.0,0.0,0.0,-2.3149984245370767,545.2137973163824,0.0,-0.06017276960432317,9.976735877905499,0.0,257.632,-0.06334444463905904,0.018709565061342415,-5.036079518160407,1.55537510812338,-0.050776284954434474,0.027678516394674568,-5.007871043805981,0.0776852889146348,0.04681920077105772,-0.0,1.565031792750863,-2.342130497408875,545.1635212346405,0.0,-0.006600524009163645,9.999997616148232,0.0,1.5714563792573049,28.0,0.04644660115052484,0.040919940051331614,0.05080571017805368,0.17056302954471067,0.2503079187550365,0.03549860480646948,0.12505273571188474,0.11505708733011709,-37.38100682524974,0.07727902138285103
257.8,-2.3178748459223755,543.9929116893034,5.058,-0.02,9.96,0.0,1.565192497396145,-0.025331488881132968,0.0034431572982036966,-0.002575199776720112,-2.3178859941187993,546.0119245073262,0.0,-0.06208499820118746,9.976310369050294,0.0,257.731,-0.058821096604128285,0.028909126358171527,-5.062346276074698,1.5476704943078574,-0.038462183387690085,0.03271793800771932,-5.014580623585561,0.14872126330431176,0.04936225086846413,-0.0,1.5579369492711348,-2.342658539340499,545.9635210603715,0.0,-0.006600524010595832,9.99999761614823,0.0,1.571456379257448,29.0,0.04629088604264577,0.04092202381566158,0.0507294127855259,0.17055457677393118,0.25029468146670497,0.0354676511192433,0.12502694193129432,0.11501691319900878,-37.39409830853184,0.07727010873709775
257.9,-2.3269648761539656,545.2356396385811,5.06,-0.02,9.97,0.0,1.5637511411358158,0.0,0.0,0.0,-2.3218284324258542,547.0096389513396,0.0,-0.05186488719061264,9.977838247598317,0.0,257.83,-0.047129347743547295,0.035611352371785115,-4.985488732499124,1.5555216225411592,-0.019608362373934162,0.036887835027566776,-5.020646134943771,0.21948047239872648,0.0495015654181401,-0.0,1.550869853113732,-2.3433185917552097,546.9635208425352,0.0,-0.0066005240133247605,9.999997616148232,0.0,1.571456379257721,31.0,0.04670398617012055,0.04092181693084158,0.05078584797354502,0.17052432683108285,0.2502719247657005,0.03562009673713942,0.12512321555725225,0.11507425250956432,-37.37123783417876,0.07724967882997336
258.0,-2.3269650709661107,545.9901525171064,5.062,-0.02,9.97,0.0,1.5614673691478114,-0.013492642593524564,0.06678153338850885,-0.04232103872357159,-2.326609010470973,548.2072295874858,0.0,-0.013278071427130087,9.981870438268203,0.0,257.929,-0.04165752136938059,0.010829771759820132,-5.05526319986979,1.5796574983029399,-0.03148718673955006,0.024897312650007875,-5.022271661622538,0.06972261348966734,0.006639399887719222,-0.0,1.5658124640119306,549.7839999997504,3.549493510460032e-08,0.0,9.999999999979536,6.313722474606507e-10,0.0,6.313722474619427e-11,31.0,0.046155939932371014,0.04076479115309174,0.0507135141828071,0.17030491531183328,0.2501726821751319,0.03536774705417116,0.12493350295953314,0.11481339228906337,-37.40796363917007,0.07713850214931461
258.1,-2.326965323700165,546.9665809469088,5.063,-0.02,9.97,0.0,1.558894817778144,0.02271964770173334,-0.049560124444068605,0.00611720724608025,-2.329483312255263,549.0059135403485,0.0,-0.002379445343084671,9.984779789469567,0.0,258.028,-0.04350954433029514,0.027932647407898293,-5.019506370149099,1.5468199849727615,-0.014846165136162683,0.026517190399227352,-5.021830943097463,0.1960152857577379,0.00746277923241756,-0.0,1.553156869396988,-2.3446386965857915,548.9635204068627,0.0,-0.006600524021260638,9.999997616148233,0.0,1.5714563792585146,32.0,0.04639375675079168,0.0409776452686351,0.05071886355610349,0.1705731947657713,0.2502866692550064,0.03543336169891686,0.12498093073030543,0.11501833894450277,-37.38500992577163,0.07727064727092606
258.211,-2.336055353880681,548.2093080346601,5.061,-0.01,9.97,0.0,1.5598861138012747,0.014428717501985221,0.04146442066543077,-0.02670802994312336,-2.3330756722575945,550.204329661107,0.0,-0.007395571766666265,9.988161046184636,0.0,258.16,-0.05169030779898354,0.025143899703714803,-5.042164782817689,1.5531843377361003,-0.019613301868863432,0.02745837834573723,-5.024720332317502,0.18210393239032463,0.00607424508960186,-0.0,1.5535463688105975,-2.345430759484793,550.1635201454592,0.0,-0.00660052402395626,9.999997616148232,0.0,1.5714563792587841,51.0,0.05643584267441203,0.04634872293109598,0.051638994783080816,0.17837198327311554,0.25380374588105514,0.04018006834681705,0.12871134219797667,0.1224137475807209,-36.62533042266919,0.08133737978426384
258.302,-2.3360556100807344,549.1968322395793,5.061,0.0,9.97,0.0,1.5576489037510493,0.0,0.0,0.0,-2.3352643639242308,551.2032307656438,0.0,0.01426286173682147,9.989501326615,0.0,258.259,-0.04345593020215857,0.029438774032073643,-4.987984519381758,1.5675257632370068,-0.025656050465400742,0.02747152079434287,-5.021601411757798,0.11110013371259307,0.004901623313223524,-0.0,1.5596588194691048,-2.3460908119007433,551.1635199276229,0.0,-0.006600524023543257,9.999997616148233,0.0,1.5714563792587428,43.0,0.04754137114316322,0.04175800693807587,0.05101024668662147,0.1713789077228366,0.25056871023540656,0.03593919560287846,0.1252693713273263,0.11574540811527556,-37.26811785554967,0.07762606354708415
258.402,-2.336055869366902,550.1954522190189,5.061,0.0,9.97,0.0,1.5575308874857168,0.0,0.0,0.0,-2.3365432933775194,552.2022293432691,0.0,0.01360192597119499,9.990240786173327,0.0,258.325,-0.04388466319280028,0.029792352189589696,-5.035759762562793,1.56264840061538,-0.027975142601706905,0.028739891592902155,-5.02311775065048,0.061863347654148505,0.00691986697347069,-0.0,1.5645957603218361,-2.346750864316656,552.1635197097867,0.0,-0.006600524022888225,9.999997616148233,0.0,1.5714563792586773,36.0,0.048038549666147665,0.041946857931030916,0.05102259133070452,0.171704945260538,0.25072772764802587,0.03618820165453793,0.12549413867199688,0.11607589238889597,-37.23676607193195,0.0777997849592384
258.5,-2.3360561257920267,551.1829764200404,5.061,0.01,9.97,0.0,1.5594622875240185,0.0,0.0,0.0,-2.337028699531545,553.2012847035511,0.0,-0.005811798275297345,9.990770338210806,0.0,258.424,-0.03881000661977077,0.03732430113394392,-5.057563589532727,1.5413473178536294,-0.022300167448025703,0.03410077024181481,-5.0236246477564315,0.100100068651243,0.017140213704895046,-0.0,1.559772589631861,-2.347410916732511,553.1635194919504,0.0,-0.006600524022588465,9.999997616148233,0.0,1.5714563792586473,36.0,0.04727661307155536,0.04153743918088116,0.050898428263090885,0.17115300766249963,0.25049298339144876,0.035813129023339794,0.12522432299500452,0.11555488503714384,-37.30341549704813,0.07752762021999926
258.6,-2.3360563188050207,551.9263935138035,5.06,0.01,9.97,0.0,1.5604368141528704,-0.009263594358084862,-0.008352763388903908,0.0002289816177337658,-2.337016364285604,554.0005733345165,0.0,-0.013849023111951363,9.99138581012658,0.0,258.523,-0.0386855342457697,0.039166835085022576,-5.039795702123443,1.540722554282561,-0.011560295808125433,0.039262195758609245,-5.025644534443195,0.16617449296908304,0.024513168857104972,-0.0,1.5531710311266786,-2.3479389586650514,553.9635193176814,0.0,-0.006600524018969138,9.999997616148233,0.0,1.5714563792582854,38.0,0.04752112993653663,0.04172558513885329,0.0509340809712248,0.17137876924244622,0.2505948352040223,0.035888065814596214,0.12527364929166618,0.11574345730275908,-37.28131782293787,0.0776435640292949
258.7,-2.3360566378456156,553.1691197250036,5.059,0.02,9.97,0.0,1.5589185367014746,0.0,0.0,0.0,-2.3365925123669484,554.9997875778444,0.0,-0.0023533469283061716,9.992924078835147,0.0,258.622,-0.039614718584806745,0.0356733882043259,-5.060094072763128,1.579912217397793,-0.028833850713441442,0.03930724920203291,-5.031493047330715,0.018194842965466678,0.02100638623704576,-0.0,1.5669734229330268,-2.348599011080421,554.9635190998451,0.0,-0.006600524016480017,9.999997616148233,0.0,1.5714563792580365,38.0,0.04777759163683081,0.041661915303231746,0.05099904986296405,0.17129547355055527,0.2505659458743851,0.03602817262918027,0.12537446321924203,0.11576153427761986,-37.26837802001419,0.07760692855301726
258.803,-2.3360568941370445,554.1566439203142,5.059,0.02,9.97,0.0,1.559484539614294,-0.006136702319485333,-0.056426324737991404,0.03606700808553093,-2.335400348513333,556.1991202385404,0.0,-0.006399875474363933,9.995935431397667,0.0,258.721,-0.03107590775573151,0.04576912734103791,-5.007145637580773,1.5284848330254595,-0.012900675646629218,0.042586708628649814,-5.030956803464507,0.17019639737746234,0.023961347461707305,-0.0,1.5517674919090492,-2.3493910739785595,556.1635188384416,0.0,-0.006600524013433562,9.999997616148232,0.0,1.5714563792577319,34.0,0.04885936002235723,0.04222330882964338,0.051288631886600176,0.1720450857876545,0.2508990008785686,0.03656571159333646,0.12575916761177902,0.1165028083193969,-37.14911721406764,0.07797188057038668
258.901,-2.336057162488572,555.1774563198675,5.06,0.03,9.97,0.0,1.559408113421176,0.0,0.0,0.0,-2.333896804553536,557.1988996366681,0.0,-0.0022448640037016124,9.999420198948323,0.0,258.82,-0.04849777620801118,0.04489852858979051,-5.003393875652441,1.549809235012478,-0.020122135280276413,0.04516652971705752,-5.023517604268756,0.12577742465928568,0.02602534673054535,-0.0,1.556213821619771,-2.3500511263934887,557.1635186206054,0.0,-0.006600524012547604,9.999997616148232,0.0,1.5714563792576433,40.0,0.04718959141971177,0.04120446386285942,0.051132170599820635,0.17079926690206138,0.2503530338607152,0.03584855617813795,0.12526630823019408,0.1153649623460593,-37.303632740556026,0.07734379895991836
259.0,-2.33605735567798,555.9208734100728,5.061,0.03,9.98,0.0,1.55782271648315,-0.007229311886594601,0.0006368115083205306,-0.010996116432037998,-2.3323540609035676,557.9989908484904,0.0,0.013323599514464818,10.002583324883506,0.0,258.919,-0.044759640708081395,0.03767748656313755,-4.999011722555409,1.5524645187223394,-0.02786624473442569,0.04532337546020124,-5.015161937847958,0.08273095789800859,0.01221927639984699,-0.0,1.5595149315091472,-2.350579168325228,557.9635184463364,0.0,-0.0066005240084708655,9.999997616148232,0.0,1.5714563792572356,41.0,0.047930157255922506,0.04168766137000851,0.05094739008219934,0.17186346349649517,0.25091204751124707,0.03638771812807232,0.1258687162230591,0.11629170306677222,-37.255936187516575,0.07793595107123723
259.1,-2.3360576149297003,556.9194933800852,5.061,0.03,9.98,0.0,1.5577034904297928,0.0024552437903039735,-0.020982405170025534,0.006992046895403364,-2.3298915050133697,558.999480404782,0.0,0.013051423145075456,10.00688864245404,0.0,259.018,-0.04951157474434073,0.04557799309279497,-4.993741460553215,1.5680632514414554,-0.0427177215396761,0.04656233828228568,-5.0121069527832915,-0.002363630357813104,0.013444946481598663,-0.0,1.5680308841133344,-2.351239220739349,558.9635182285001,0.0,-0.006600524001296603,9.999997616148233,0.0,1.5714563792565182,42.0,0.04805338092198983,0.04184356770149205,0.0507854418820169,0.1721423994461196,0.2510588318672366,0.03646297376744407,0.12596087297895475,0.11649840540636938,-37.25179565007223,0.07809432152056525
259.2,-2.336057870944927,557.9070175709919,5.06,0.04,9.98,0.0,1.5593042970311382,0.0017385125667938402,-0.05172846066219609,0.03153261731097306,-2.3263777644864265,560.2006414692187,0.0,-0.012399639227596149,10.01197471036461,0.0,259.117,-0.05427978545928458,0.029911200706256594,-5.006663297628324,1.5598436469322439,-0.040443437719014805,0.03808453328987366,-5.014253243264973,0.05143936270541714,-0.007499927564984077,-0.0,1.5616274323719257,-2.352031283635375,560.1635179670966,0.0,-0.0066005239932275,9.999997616148232,0.0,1.5714563792557112,43.0,0.048127891859557015,0.041879244411519405,0.05071473864220625,0.172162218610006,0.25107446042721104,0.03650451284865226,0.12597100439883152,0.11652163740597479,-37.24917930464347,0.07811149856211974
259.302,-2.336058189730977,559.149743761002,5.059,0.04,9.99,0.0,1.5617799023774006,0.0,0.0,0.0,-2.3233878365011087,561.202054396009,0.0,-0.0268135731755064,10.015587672384216,0.0,259.216,-0.05588306856541827,0.028156639074879877,-4.9907723885468505,1.5646526425633298,-0.04539215866554768,0.026765075868831124,-5.01494918021999,0.026575846619691278,-0.040208865260918714,-0.0,1.5641052463320761,-2.352691336048208,561.1635177492603,0.0,-0.006600523991508874,9.999997616148232,0.0,1.5714563792555394,44.0,0.04885625564987041,0.04230806743212086,0.05083157740701655,0.17268553101794143,0.25130383831174835,0.036843168288840364,0.12618871513247742,0.11701567819716299,-37.1847888997156,0.07837861867531457
259.4,-2.336058383019264,559.8931608448327,5.059,0.03,9.99,0.0,1.5619454701107478,0.03211765463493941,-0.013201706180777636,0.006925411269242196,-2.3211650663589936,562.0034004535112,0.0,-0.02922180176664134,10.017330764487681,0.0,259.315,-0.05170245647867784,0.03437861409424486,-4.942063864334664,1.553311067541289,-0.04123783342188046,0.027791843616760674,-5.0016363826318795,0.07403515573217101,-0.03137828489053973,-0.0,1.560349964401551,-2.3532193779783612,561.9635175749913,0.0,-0.006600523991717596,9.999997616148232,0.0,1.5714563792555603,46.0,0.04768252921003871,0.04169136632240733,0.05063962906041706,0.1718038465340869,0.2509150326422461,0.03631060313507672,0.1257711811956975,0.11618793085823353,-37.28321796223559,0.07793364763830474
259.5,-2.3269689204604163,560.891780810012,5.059,0.03,9.99,0.0,1.5623093909260373,0.018360347195003342,0.009528180592492348,-0.008785559913088853,-2.3186966497336394,563.0051822232965,0.0,-0.03165415327230602,10.017570692864386,0.0,259.414,-0.0648734084138036,0.026358710093629667,-5.00165997462522,1.5636995011589543,-0.05471979641102049,0.02057682770618463,-5.001342780040275,0.013510748793585076,-0.041031483063928675,-0.0,1.5664229617250438,-2.353879430391166,562.9635173571551,0.0,-0.006600523992210535,9.99999761614823,0.0,1.5714563792556095,47.0,0.04803652960934101,0.04191063472525341,0.05064141739765305,0.17213159836368175,0.25107128122631034,0.036509325118307116,0.12592320953767902,0.11648422356874737,-37.25461622813915,0.07810891380979176
259.6,-2.32696918223445,561.8904016548756,5.06,0.03,9.98,0.0,1.5623292253029086,0.017499302220378744,-0.018926586094593842,0.013928267486580149,-2.3162422374391247,564.207197907403,0.0,-0.03687844782050754,10.015419255300056,0.0,259.513,-0.06494764101572184,0.025113341111510142,-5.036797002845457,1.5462200767880214,-0.04714012480560843,0.019822722366734404,-5.006568704003067,0.09911014402736776,-0.026306451436759914,-0.0,1.5578259753119001,-2.3546714932865203,564.1635170957516,0.0,-0.006600523992432579,9.99999761614823,0.0,1.5714563792556318,49.0,0.048061381963643,0.04191402497073508,0.05061711368848277,0.17212719854759365,0.2510681112569505,0.03650553835846726,0.12590845155821398,0.11647733559825921,-37.25472973014091,0.07810752481432566
259.7,-2.326969437618942,562.8779258390938,5.06,0.02,9.98,0.0,1.5630413527276854,0.005151705416220459,0.029713277824867764,-0.016561719722176484,-2.3149515209351414,565.0083478266016,0.0,-0.03735120442377053,10.013083518119197,0.0,259.678,-0.06566513936708214,0.039471764281255706,-4.962619760244866,1.5587046721905475,-0.06106147587191493,0.027056410419183923,-5.010318813933711,0.02637984901133891,-0.0027755635208404073,-0.0,1.5661477879920032,-2.355199535216825,564.9635169214826,0.0,-0.0066005239947884735,9.99999761614823,0.0,1.5714563792558673,22.0,0.04966380246293606,0.042791311916007845,0.05076447957966095,0.17337421310164067,0.25161488823021105,0.03721148321554112,0.1264253226863197,0.11761134848471969,-37.131149607239564,0.07874325770676158
259.8,-2.326969755641926,564.1095571217713,5.061,0.01,9.98,0.0,1.5623574108493066,0.0,0.0,0.0,-2.3135496442746484,566.2096893619652,0.0,-0.03298765555156425,10.009278243355702,0.0,259.711,-0.06717925933586325,0.029876596862937307,-5.0204389581523445,1.5619120677847191,-0.05996354130326162,0.02772324345665026,-5.0113515361585,0.027684915333451524,0.0003766824448767636,-0.0,1.566018495856749,-2.355991598112544,566.163516660079,0.0,-0.006600523996815743,9.999997616148235,0.0,1.57145637925607,49.0,0.05035116982427412,0.04310581054844628,0.05092416192499215,0.17369756890849294,0.25172773183098923,0.037437977240530385,0.12655303741992321,0.11794159131104029,-37.07891612608575,0.07889267039779288
259.9,-2.326970011267832,565.0970813021053,5.062,0.01,9.97,0.0,1.5636766511623301,0.0,0.0,0.0,-2.312934532229225,567.2105003701731,0.0,-0.04559519159999131,10.00689900694359,0.0,259.81,-0.06755362607448641,0.027595497254030692,-4.989991377727847,1.5342069675399002,-0.04552765418246373,0.029301429327138164,-5.010379780034141,0.1530273368356202,0.0034724871320204187,-0.0,1.5544680554027708,-2.356651650525783,567.1635164422428,0.0,-0.006600523996020824,9.999997616148235,0.0,1.5714563792559906,50.0,0.050188667662310595,0.043090817685446176,0.050968288381927365,0.17360648794975864,0.25167256805266547,0.03735732453616954,0.1264821224168532,0.11784507850714729,-37.08514447536865,0.07883787243993842
260.0,-2.326970269453625,566.0957012581418,5.063,0.0,9.97,0.0,1.5622585993867855,0.0,0.0,0.0,-2.312834775007638,568.0110228011431,0.0,-0.03541538334524721,10.005946150615031,0.0,259.909,-0.07538830433879934,0.02888605519027992,-4.997431600856192,1.5707833944326373,-0.0628426507296307,0.02990184544516177,-5.010717980784422,0.04264282509190541,0.013656808161618628,-0.0,1.5665250896527028,-2.357179692456362,567.9635162679738,0.0,-0.006600523998407803,9.999997616148233,0.0,1.5714563792562293,51.0,0.05011182513350768,0.04306915170180544,0.050976142177991214,0.17356560220682177,0.25165206245673283,0.03733354330052857,0.12646951943497498,0.11780682552750517,-37.08931932068517,0.07881610518078322
260.1,-2.3269705275907597,567.0943212126194,5.065,0.0,9.97,0.0,1.561729800016854,0.0,0.0,0.0,-2.3131431767438433,569.2117072124624,0.0,-0.026307141355379246,10.005431791503579,0.0,260.008,-0.08049630414874145,0.028071586255617682,-5.051714909164586,1.5541967537426642,-0.06444741197984863,0.029578050024620668,-5.015330417170292,0.05285590618643725,0.011354973512551325,-0.0,1.5655009122670787,-2.357971755352442,569.1635160065703,0.0,-0.0066005239977927396,9.999997616148233,0.0,1.5714563792561678,52.0,0.05596737918461522,0.046752139008400646,0.05297367652925806,0.17747027806580576,0.25313391311754474,0.03934747639388754,0.12764161461157994,0.12153740368585553,-36.57112669273655,0.08070105975655356
260.2,-2.326970782838231,568.081845388181,5.067,0.0,9.97,0.0,1.563270250861768,0.0,0.0,0.0,-2.313619836712182,570.0121582523464,0.0,-0.03893754814263877,10.005619811843964,0.0,260.173,-0.07117424276601321,0.0344964400925769,-4.984010613388005,1.5369243003822322,-0.047288143899951965,0.03168800872988351,-5.016389859166937,0.23388312404572292,0.012414033182086115,-0.0,1.547371097060559,-2.3586318077657364,570.163515788734,0.0,-0.0066005239969911585,9.999997616148233,0.0,1.5714563792560876,27.0,0.05095390877881422,0.04369724292225273,0.05231609832415172,0.17385061350717704,0.25172064568678487,0.03761000728482147,0.1265976509402782,0.11827152115606299,-36.95108315285769,0.07892363630539531
260.3,-2.3269710413554776,569.0804653402173,5.068,0.0,9.97,0.0,1.5616142294046025,0.0,0.0,0.0,-2.314581738332038,571.0127753745322,0.0,-0.03234291963627708,10.006468232767123,0.0,260.206,-0.06989265785681299,0.026949931746407862,-4.974370518182889,1.5306371405891313,-0.027045901506873,0.029945672665997975,-5.011801914563174,0.2868045793904746,0.005862181839207281,-0.0,1.5420543901586117,-2.359159849696283,570.963515614465,0.0,-0.006600523994759608,9.99999761614823,0.0,1.5714563792558645,54.0,0.050105096415424204,0.04308840364346171,0.05180472873029542,0.17360779430405487,0.2517252089026429,0.03736223657080311,0.1265283852520195,0.1179614771704147,-37.0463708704692,0.07886635245410206
260.402,-2.326971299824095,570.0790852899353,5.068,0.0,9.98,0.01,1.5554975839939458,0.0,0.0,0.0,-2.315713601868413,572.2136420801759,0.0,0.04070264376343019,10.007592295389205,0.0,260.371,-0.08198963339738691,0.032957497380462296,-5.015685155050803,1.5431476788394405,-0.053810118502465976,0.03382175329196331,-5.003664084156325,0.18730412595148888,0.004436008956982818,-0.01,1.5520389169408186,-2.3599519125917077,572.1635153530615,0.0,-0.006600523990227676,9.99999761614823,0.0,1.5714563792554113,31.0,0.05089773249431271,0.04351337013609785,0.051675187831163115,0.17435868213346076,0.25205678406973353,0.03767217618217253,0.12675860126369354,0.11857482587457183,-36.99686506379786,0.07925287486090497
260.501,-2.326971557844246,571.0777052394751,5.066,0.01,9.98,0.01,1.552840986349855,0.0,0.0,0.0,-2.3158711466224218,573.2144759879274,0.0,0.06397448614388683,10.008427641719287,0.0,260.437,-0.07284431467627736,0.022771125959725063,-4.951362550128119,1.5503796099367422,-0.046926183002405274,0.02807364960219738,-4.9988981169819215,0.15684156496484172,-0.008372747714318507,-0.01,1.5540662591334649,-2.3606119650043578,573.1635151352252,0.0,-0.006600523991857484,9.99999761614823,0.0,1.5714563792555742,25.0,0.04710073746602084,0.04154535049422455,0.051211674232875905,0.1713533506162712,0.25064181279378495,0.035718145463537736,0.12517508882877007,0.11569500906188762,-37.29556287081762,0.07766631522940634
260.6,-2.32697175862657,571.8544096436156,5.063,0.02,9.98,0.01,1.5530593982574084,0.0078032670274417616,-0.015285857025591548,0.00597926380311801,-2.3152793253696258,574.0152174504705,0.0,0.06153477614044949,10.009309054322596,0.0,260.503,-0.06580489654162373,0.03598617948702529,-4.978087566267698,1.5493871698541486,-0.04968545974724819,0.031651551423844224,-4.99771749478565,0.10277037705925704,0.0016209027848610447,-0.01,1.5584973036336558,-2.3611400069345025,573.9635149609562,0.0,-0.0066005239906562225,9.99999761614823,0.0,1.5714563792554541,57.0,0.04919914253393178,0.04252249782255218,0.05107741753716448,0.17310894535243745,0.2514916465833493,0.036983197038798474,0.12627484543943046,0.11736546974560903,-37.15203145383695,0.07860476496356371
260.7,-2.3269720167656374,572.853029588601,5.061,0.02,9.98,0.0,1.5540183345463614,-0.0014309843165624075,-0.03591697070445646,0.01644903637608808,-2.313398452703589,575.2164318125874,0.0,0.0468814567039346,10.010370212903762,0.0,260.635,-0.07357688383651702,0.022967291833107188,-4.982659570045729,1.5786786960564667,-0.06217253536069941,0.026316589855595537,-5.000976801184489,0.02341591019782707,-0.009806560444470591,-0.0,1.56644178382213,-2.3619320698295296,575.1635146995527,0.0,-0.006600523987387726,9.999997616148232,0.0,1.5714563792551273,26.0,0.04647639266200287,0.04105983143953896,0.05085532647296323,0.1707328111275041,0.25035090392451104,0.03550368868557675,0.12501954611986738,0.11514789577700746,-37.368952309918704,0.0773455125068144
260.8,-2.326972271188936,573.8516486308891,5.058,0.03,9.98,0.0,1.5564200627293923,0.007786967769969265,-0.06611458206801951,0.03691120141350088,-2.3117093106371374,576.0172876654177,0.0,0.02499294716512376,10.0108119461727,0.0,260.734,-0.07787869865225189,0.020287328217758173,-5.001434632210202,1.5724941587270291,-0.07719716580014571,0.01814071148471906,-5.004835217218584,-0.06531791819739032,-0.025060744277787705,-0.0,1.574344090283173,-2.3624601117592086,575.9635145252837,0.0,-0.006600523981741131,9.999997616148232,0.0,1.5714563792545626,27.0,0.04585072525124596,0.040666618142744054,0.05072012017492364,0.17019688139193834,0.25011574050848784,0.03525734988946206,0.12485120165583052,0.11468435878957524,-37.425600376973534,0.0770777936711487
260.9,-2.3269725293082786,574.850268572156,5.054,0.03,9.98,0.0,1.5607794067498784,0.019839962171358968,-0.08082046539453577,0.05616032856814032,-2.3095683491469066,577.0183657170898,0.0,-0.019442320213370574,10.010509766831378,0.0,260.833,-0.08855096497825964,0.01745300294339023,-5.021131110150412,1.5391850009503334,-0.07895701532704752,0.017131606012538582,-5.011752626135076,-0.0020022254804898387,-0.023079180617944672,-0.0,1.5679844433584955,-2.363120164170692,576.9635143074474,0.0,-0.006600523975377333,9.999997616148233,0.0,1.5714563792539262,27.0,0.045845505411516156,0.040643076234804384,0.05067036794778066,0.17017307399033532,0.2501078479580627,0.03525779054884341,0.12485723799169984,0.11466640859506458,-37.42960199350108,0.07706762211656926
261.0,-2.326972787456498,575.848888512402,5.05,0.02,9.98,0.0,1.564733344190989,0.013863974197589645,-0.026995566503838494,0.014297455118860457,-2.3079948415566753,578.019345895631,0.0,-0.055680839024325954,10.008625320102915,0.0,260.932,-0.08577052629694071,0.01443091550968062,-4.95472953185909,1.5474715370319776,-0.0755974184762864,0.014082661293814335,-5.002008124639772,0.055985912980751326,-0.02581010319297583,-0.0,1.5631629143435863,-2.3637802165815014,577.9635140896112,0.0,-0.006600523967943276,9.999997616148232,0.0,1.5714563792531828,28.0,0.046129848420525914,0.04080011781366976,0.05069080003251914,0.1703830169248944,0.2502019653535371,0.03539752489906606,0.1249609807397095,0.11486179713645836,-37.40586350838552,0.07717409545942383
261.1,-2.3269730421214945,576.8475075439708,5.048,0.01,9.98,0.0,1.565223447107945,0.011317937033678505,0.010785834957105667,-0.007777272279280032,-2.3074401260868203,579.220206440947,0.0,-0.057122202963849844,10.005122200908824,0.0,261.031,-0.088424585287451,0.01376486414403385,-5.042166376310958,1.561364379410812,-0.07302957980172003,0.012021790516022306,-5.009462658685711,0.08605596244450865,-0.025727563313049373,-0.0,1.561146904224173,-2.3645722794736166,579.1635138282077,0.0,-0.006600523962425468,9.999997616148233,0.0,1.571456379252631,29.0,0.045995773389024726,0.04074750147296041,0.05061198253721997,0.17031745808352391,0.25017566314513734,0.0353549861548422,0.12493564223700655,0.11479233152761584,-37.41936938415945,0.07714327130501422
261.2,-2.3269732976781654,577.8350317020326,5.049,0.0,9.97,0.0,1.5641296879064779,0.0074389999206541935,0.022199031603138637,-0.015178173129364881,-2.307914537692682,580.0205055319841,0.0,-0.047288014576804545,10.002194943685236,0.0,261.13,-0.0899587296865893,0.013166847196324556,-5.035708270586095,1.5475427583701942,-0.062325042980298895,0.008485826671305072,-5.016260322715427,0.15979681531835158,-0.019114890444381416,-0.0,1.5547391540205,-2.365100321401351,579.9635136539387,0.0,-0.006600523958999319,9.999997616148233,0.0,1.5714563792522884,30.0,0.04595469160723369,0.04073539024785996,0.05055576981223826,0.17029836933091527,0.2501675856457697,0.03534659711325475,0.12493026854375788,0.11476940099117396,-37.423741446085344,0.077133666522623
261.304,-2.3269736253749045,579.0888554186137,5.05,0.0,9.97,0.0,1.5616109111022691,0.0,0.0,0.0,-2.3096109071190494,581.2204564155516,0.0,-0.022493204274092727,9.997141070728949,0.0,261.262,-0.09160300466980667,0.013113631481267898,-5.040205150996695,1.5459899323034882,-0.07206184063644736,0.009081975432920622,-5.014105848862423,0.13807774063290207,-0.014040924077427519,-0.0,1.556928362117423,-2.3658923842926822,581.1635133925352,0.0,-0.0066005239580267635,9.999997616148233,0.0,1.5714563792521912,42.0,0.04768940724203003,0.041523987142209666,0.05087584302645405,0.17135052790829478,0.2506271815514701,0.03616668604183537,0.12552997988832343,0.1158276650518314,-37.242678461923134,0.07763729915468842
261.401,-2.326973817391064,579.8322724806094,5.051,-0.01,9.97,0.0,1.560013196491871,-0.00016232004822163126,0.014002894202824068,-0.01656601779988019,-2.311553272976648,582.2199180277216,0.0,-0.003634065573451223,9.992524545731861,0.0,261.361,-0.08270033390959804,0.004553740458112872,-5.034231978426747,1.5618624205486686,-0.06740572685781522,0.003133038313705125,-5.017084073313244,0.1620009555754519,-0.02514745113926864,-0.0,1.5555131317902275,-2.366552436701944,582.1635131746989,0.0,-0.006600523955781893,9.999997616148235,0.0,1.5714563792519667,40.0,0.0461359408756424,0.04088106040084215,0.05061491753530879,0.17056062885476567,0.25025129916050753,0.03553072002685227,0.12505815178339877,0.11498027025704532,-37.38895206288915,0.07722359413317423
261.506,-2.326974135967731,581.0639037308924,5.052,-0.01,9.96,0.0,1.558636421398495,0.006893299655040046,0.01767732317056548,-0.012186509695913228,-2.313669402449649,583.218908905142,0.0,0.007182400685885245,9.987690496398725,0.0,261.46,-0.08791075267137902,0.008677575485538453,-4.945088970332879,1.543727006684104,-0.06313875858545487,0.005177872929211406,-5.012062082315994,0.18947881773247127,-0.007584347293134286,-0.0,1.5527645874220666,-2.3672124891110085,583.1635129568626,0.0,-0.006600523953190632,9.999997616148233,0.0,1.5714563792517076,46.0,0.047841950756062866,0.041805320046546635,0.05086265148020928,0.17181640571184792,0.2507909300759441,0.036239222794427726,0.1256474626604155,0.11614108037377706,-37.25126262479783,0.07784505107308401
261.6,-2.326974328355675,581.8073207898703,5.052,-0.01,9.96,0.0,1.5576017685842256,-0.0036434238223979976,0.030620737874432716,-0.018184056978276446,-2.31535472322169,584.0177490364671,0.0,0.018532253695972438,9.983662413653375,0.0,261.526,-0.08653043843423541,0.03191354270111859,-5.017648831446903,1.5585690642496506,-0.06270372261700907,0.018597286402941903,-5.012651889412451,0.13163177895195496,0.02525352858235763,-0.0,1.5586157884416323,-2.3677405310379807,583.9635127825936,0.0,-0.006600523949642357,9.999997616148232,0.0,1.5714563792513527,35.0,0.04749685169295514,0.04156701577885762,0.050746636918236145,0.171362792969668,0.2505747776707578,0.03594620461399275,0.125402944765013,0.11572994308101661,-37.2943289670219,0.07760968595268575
261.7,-2.3269745864857896,582.8059407199432,5.055,0.0,9.96,0.0,1.556532912017081,-0.030391197019957773,-0.014512545945006712,0.005147785322728099,-2.3172882975820888,585.0158706894663,0.0,0.027215672993285162,9.979151841388166,0.0,261.625,-0.07875348560540062,0.020228070791975573,-4.986825904647219,1.5665115332855957,-0.06520360670136549,0.024404850076732057,-5.002426426010937,0.06640642245872748,0.033825343454026324,-0.0,1.5641516794388635,-2.3684005834464013,584.9635125647574,0.0,-0.006600523946889003,9.999997616148232,0.0,1.5714563792510774,35.0,0.0474102613617742,0.04162305128228784,0.050803663035474664,0.1712845347340197,0.25053942480885033,0.03585587967393401,0.12530914548426897,0.11565764473005025,-37.295748974214625,0.07757266871237908
261.8,-2.326974841775126,583.7934648707603,5.056,0.0,9.95,0.0,1.5579971857976656,-0.02718770539407186,-0.03280703356369059,0.024810666660221265,-2.3190119926226416,586.0136406556668,0.0,0.010696257193067936,9.976661572576731,0.0,261.757,-0.07919559042861052,0.03107223051792491,-4.987143932654465,1.5504231808490525,-0.05763273091392378,0.0318377427202289,-5.00753442288042,0.17911585190140053,0.051612032329860114,-0.0,1.552889542744499,-2.36906063585453,585.9635123469211,0.0,-0.006600523944453173,9.999997616148232,0.0,1.5714563792508338,43.0,0.04737677404016695,0.041633795058132715,0.05083846608281206,0.17122850823905267,0.2505345565417619,0.03584567493521102,0.12528792978377518,0.11563122505946247,-37.29649840162804,0.07755937327510892
261.9,-2.326975100285324,584.7920847980122,5.057,0.0,9.95,0.0,1.5591562837969999,-0.029787405857981515,0.02351341910712641,-0.01845626908426986,-2.320677969274351,587.0112882600131,0.0,0.003841816989767328,9.976607048498998,0.0,261.823,-0.0811296062812009,0.02964454574741771,-4.987013096045737,1.5661096187076124,-0.06156973106037809,0.035041655333197114,-5.005287599848998,0.08876302234072071,0.05091986938191795,-0.0,1.561921074031815,-2.369720688262487,586.9635121290848,0.0,-0.00660052394134899,9.999997616148233,0.0,1.5714563792505234,37.0,0.047431876840318396,0.041648620205556305,0.05088953140114575,0.17122408829662658,0.2505531154907917,0.03585725808795841,0.12527588638221443,0.11564847767343894,-37.291086835719284,0.0775723190080215
262.0,-2.326975355322361,585.7796089446349,5.056,0.0,9.96,0.0,1.557913047322307,-0.019106462312792477,-0.020145685234439,0.008998436556550802,-2.3223066569392055,588.0090530490747,0.0,0.012939641750841743,9.9787271075662,0.0,261.922,-0.07297063927655835,0.03946145838566096,-4.947794101054459,1.5524769762039368,-0.05931933627010903,0.03858428840140936,-4.9977791653420525,0.0970692602957125,0.041684826802535824,-0.0,1.5610913406439426,-2.370380740670049,587.9635119112486,0.0,-0.006600523939392777,9.999997616148233,0.0,1.5714563792503278,38.0,0.047440325796871394,0.041644766327380525,0.050926296637998233,0.17122484449046269,0.25056974082434375,0.03586225009523576,0.12526341940502256,0.11565852637393056,-37.289150931491776,0.0775850492363566
262.1,-2.3269756135802595,586.7782288699707,5.053,0.0,9.96,0.0,1.5592436446484665,-0.00828889857383784,-0.008046738352084104,0.008816665446866745,-2.3239068939590792,589.0071247351336,0.0,0.0007702498581003333,9.982500697684518,0.0,262.021,-0.08027687036656966,0.01476942006490041,-4.996101483487647,1.5586427189681054,-0.06418099866294552,0.02950568844177164,-4.998404275405251,0.0621685092365229,0.013866748596337075,-0.0,1.5645632673709122,-2.371040793077278,588.9635116934123,0.0,-0.0066005239326204146,9.999997616148235,0.0,1.5714563792496505,39.0,0.047356726675485114,0.04162334449060967,0.05091815490927084,0.17122167061847796,0.2505790017400142,0.0358454293441093,0.12524404739102885,0.11564548368151947,-37.293536458637114,0.07759211946398102
262.207,-2.326975934519453,588.0209558833578,5.051,0.0,9.97,0.0,1.5607403498750667,0.0,0.0,0.0,-2.325968481929506,590.2053461642398,0.0,-0.014449226307601258,9.987340801783038,0.0,262.186,-0.07766425188485601,0.02874797656225938,-5.021041091997041,1.5423057447056527,-0.06025238561200823,0.0250271727614619,-5.000519946019464,0.14197070223188143,0.0015060413828731356,-0.0,1.5565453600669532,-2.371832855965241,590.1635114320088,0.0,-0.006600523929727173,9.999997616148233,0.0,1.5714563792493612,21.0,0.049619220405227274,0.04286507170581849,0.0513109224351225,0.17292810204202858,0.2513311015216687,0.036924750009679125,0.12604123601328812,0.11725357357409892,-37.09642348800201,0.07845545492483344
262.302,-2.3360658798937095,588.7754687101756,5.051,0.0,9.97,0.0,1.5610438837346174,0.020887085374997453,0.027789000877182928,-0.012690499701890508,-2.3279307915019425,591.2042519532594,0.0,-0.011841245406591754,9.990224346973427,0.0,262.219,-0.07079184787816595,0.025719223691962164,-5.037156639677287,1.5292239535876317,-0.040518635147719244,0.023915511754861417,-5.004299101465852,0.2264363468638212,-0.010457307396182003,-0.0,1.5480646261194364,-2.3724929083719934,591.1635112141726,0.0,-0.006600523935096214,9.999997616148233,0.0,1.5714563792498981,41.0,0.0475069403299603,0.04158869908551297,0.05086765259394771,0.1715107891107639,0.2507822032519109,0.03620695835833797,0.12564563359772465,0.11597948067657408,-37.28264064158766,0.07778307925158608
262.4,-2.3360661448835174,589.7962801833974,5.052,0.0,9.97,0.0,1.5586233549427728,0.02051313495104628,0.06224381666705434,-0.042011098293594874,-2.329586498459682,592.0035260442338,0.0,0.010073356866260664,9.99129842762903,0.0,262.318,-0.07549101191494284,0.02771874554607731,-4.993012845262066,1.5590442735720949,-0.047877227908729454,0.022877012990235552,-4.997628178623405,0.15442429727566576,-0.01018795798668215,-0.0,1.5552928289345602,-2.373020950297721,591.9635110399036,0.0,-0.006600523936619438,9.999997616148233,0.0,1.5714563792500504,42.0,0.047640440571367716,0.04162731611101433,0.050694220020700134,0.171783842767802,0.25093763730342844,0.036310552064426564,0.1257786675185967,0.11619046481342454,-37.28580227663606,0.07794450378512521
262.5,-2.3360664040444306,590.7949000987462,5.053,0.0,9.97,0.0,1.5557103297349553,0.010572664881172937,0.010738532064264254,-0.007930064557024507,-2.331434897283629,593.0026684919194,0.0,0.036782968778621666,9.991100516159362,0.0,262.417,-0.06866794752684696,0.03192747438578885,-4.923232916751299,1.5544409747606804,-0.04740232231198642,0.025130262226682253,-4.989534352156058,0.1335075716359416,-0.0031265542753828868,-0.0,1.5574019972535633,-2.373681002704811,592.9635108220673,0.0,-0.006600523933404234,9.999997616148235,0.0,1.571456379249729,43.0,0.04828715166761995,0.04195493848736748,0.05073526803554325,0.17224656213075648,0.2511330800068787,0.0365721964036791,0.1259638735412492,0.11660705832919993,-37.23708351128416,0.07817564025629187
262.6,-2.336066663634142,591.7935200151112,5.055,0.0,9.97,0.0,1.5559533639487364,-0.0001986427986849226,-0.006068003502764081,0.0069435088783410285,-2.3328053229136807,594.0017526407586,0.0,0.033627030301195564,9.990264248361571,0.0,262.516,-0.07000559395609501,0.04028294159611891,-4.9501745005753035,1.5496583026334674,-0.04721828317450638,0.03625914807810193,-4.981780570833349,0.13238436245005536,0.02192275632524776,-0.0,1.5575479640664205,-2.374341055111659,593.963510604231,0.0,-0.0066005239316944886,9.999997616148235,0.0,1.571456379249558,44.0,0.04811070225995687,0.04190126696154826,0.050657151521972386,0.1721561154201007,0.2510817681110304,0.036487585178857807,0.12589744226306507,0.1164977950401157,-37.253713680016155,0.07812425586674804
262.7,-2.3360669195424464,592.7810441536196,5.055,0.0,9.97,0.0,1.5565585699540119,-0.020924094319950255,-0.004196241858364425,0.006090241964652872,-2.3336925999889258,595.000749822978,0.0,0.027700838065812784,9.989657843030923,0.0,262.615,-0.06618038860750491,0.04143197062733948,-4.971919992323864,1.5544835072759675,-0.04632944821979537,0.04262361278187833,-4.977253749321923,0.12380904100632181,0.032952328735227354,-0.0,1.5584197088569336,-2.3750011075183646,594.9635103863948,0.0,-0.006600523931512412,9.999997616148235,0.0,1.5714563792495397,48.0,0.04811612687749071,0.04188134818176736,0.05060829866178775,0.17212006566670143,0.25105844047723347,0.03647621752257033,0.12588653245420273,0.11646399992272102,-37.25737633300234,0.0781021544150999
262.8,-2.336067179034842,593.7796640661073,5.055,0.0,9.97,0.0,1.5571180163559057,-0.024844207306363233,-0.0049357167660684835,0.006177339922303052,-2.334166592217077,595.9997532858877,0.0,0.02196281121232723,9.990491131421475,0.0,262.714,-0.06824349197270901,0.023885757232717013,-4.978535137920915,1.562499623930195,-0.056900558304556995,0.032666916830218204,-4.967314169691246,0.04208041794654375,0.0069462607915795616,-0.0,1.566578586484508,-2.3756611599252064,595.9635101685585,0.0,-0.006600523933528577,9.999997616148233,0.0,1.5714563792497414,46.0,0.04956456799218777,0.04273540699395269,0.05072880517518244,0.17332382904841565,0.2515808710987642,0.03714633914755286,0.1263815757145586,0.11754261069666974,-37.14233640888671,0.0787119555224505
262.9,-2.3360674380012654,594.7782839786382,5.056,0.01,9.97,0.0,1.558312300653432,0.006210374011488202,-0.05425859259037209,0.025614699096704385,-2.3343214354879085,596.9989259653174,0.0,0.0084712979572563,9.992804758264777,0.0,262.813,-0.0709945159430974,0.04088610095541607,-5.057601207335133,1.5389662514121512,-0.06071242752956835,0.03611124772340416,-4.986172116469376,0.03776648989674048,0.013999167910457189,-0.0,1.5660120590233366,-2.3763212123320554,596.9635099507223,0.0,-0.006600523932733657,9.999997616148235,0.0,1.5714563792496619,47.0,0.050038132983059334,0.04303984558598057,0.050830507951245385,0.17363064908498002,0.251686239539027,0.03731843565449758,0.12647518426567725,0.11782218694878084,-37.10157637515312,0.07885234139139027
263.0,-2.3360676975514423,595.7769038883253,5.058,0.01,9.98,0.0,1.5611925256114938,0.0020434985569733424,-0.036458126903367215,0.023603837722384623,-2.3344359412956535,598.1982655222848,0.0,-0.023309565158563045,9.995807214714445,0.0,262.912,-0.06890742681351536,0.040166051157036996,-4.9893432649611285,1.5290768295916695,-0.042565163611103296,0.04037463626771749,-4.986351210390756,0.17921079887593536,0.012168557436385896,-0.0,1.5518626801463866,599.783999999705,3.865829330168219e-08,0.0,9.999999999979536,6.313722474606507e-10,0.0,6.313722474619427e-11,49.0,0.050225683943478754,0.043120970538769246,0.050925248330088636,0.17364688396163236,0.2516752869217536,0.03735841413703088,0.12648447832577142,0.11786308306618487,-37.08482574457439,0.07885040008507141
263.1,-2.336067956575647,596.7755237969163,5.059,0.0,9.98,0.0,1.561565138460372,3.458116703945166e-06,0.050884767980081215,-0.029473849227331105,-2.3347267917968697,599.1979784611449,0.0,-0.011895435631494181,9.998154933836599,0.0,263.011,-0.07452125592167191,0.044729633329054504,-5.019215454506782,1.5441340732161037,-0.039273334853250214,0.044310690519580934,-4.992002902609508,0.2106967617348218,0.019199269647016237,-0.0,1.5497280811211946,-2.3776413171460424,598.9635095150497,0.0,-0.0066005239353293605,9.999997616148233,0.0,1.5714563792499214,49.0,0.05012999543742215,0.04304266761179133,0.05096187685646978,0.17351733842773764,0.2516172128720185,0.037314469233403494,0.1264519471516403,0.11776475367156967,-37.09157810489381,0.07878372661362153
263.201,-2.3360682764403577,598.0071550154076,5.059,0.01,9.98,0.0,1.5571403904494385,0.0,0.0,0.0,-2.334995409361819,600.1979269899825,0.0,0.023533513649680985,10.000538560479452,0.0,263.176,-0.07319430519497536,0.052923436606749856,-4.911854369373901,1.5725420944288393,-0.05569538258654568,0.04989104931958296,-4.993810855353994,0.10136334506314335,0.030107865397372535,-0.0,1.5606705736949733,-2.3784333800347963,600.1635092536462,0.0,-0.006600523938131563,9.999997616148233,0.0,1.5714563792502017,25.0,0.05060600701219787,0.04329590873288158,0.05108975734990246,0.17384881649751605,0.2517623060509119,0.03751534567322382,0.12659760378906024,0.1180876911565699,-37.04986381782632,0.07895225421846477
263.3,-2.336068473119724,598.7505729976814,5.06,0.01,9.99,0.0,1.5561746974152066,-0.014135007586847794,-0.021892761874647865,0.009151625008910057,-2.3349510758544123,600.9980812557619,0.0,0.030551367636049074,10.002904377254627,0.0,263.209,-0.07359058957653383,0.05397668393078707,-4.9497862893445355,1.5526887822054964,-0.052731102087922095,0.05374941163264768,-4.989178397852555,0.09062379493845357,0.02671983910792619,-0.0,1.5607510812469663,-2.3789614219606743,600.9635090793772,0.0,-0.0066005239379716895,9.999997616148233,0.0,1.5714563792501857,52.0,0.049954007141930566,0.04294308630917882,0.050985169672871485,0.17339298452517832,0.2515645908029504,0.03722720499397417,0.12638993765618145,0.11764915057866655,-37.10443771182071,0.07872090624155115
263.4,-2.3360687283594928,599.7491919607022,5.058,0.01,9.99,0.0,1.5578498216953616,-0.009569839750392455,-0.021218143745532325,0.015238386205685916,-2.334545028942931,601.9985886533588,0.0,0.014266923080906968,10.006871593149247,0.0,263.308,-0.07297194226966207,0.03991887737000784,-4.959146937948,1.5485404340781588,-0.06124552710711448,0.04544858554833903,-4.978742226283144,0.050171508307941245,0.006065679312447614,-0.0,1.5647768803956446,-2.379621474367999,601.963508861541,0.0,-0.0066005239363685275,9.999997616148233,0.0,1.5714563792500253,52.0,0.050115641793502225,0.04301752795046822,0.051016190374485085,0.17351606613173012,0.25162148550070274,0.03731238949291651,0.12645928541514864,0.11777009939246207,-37.09087338329691,0.07878577944940049
263.5,-2.3360689880663585,600.7478118631127,5.056,0.01,10.0,0.0,1.559402494752083,0.010003692375788228,-0.02795817299586987,0.02334587257126958,-2.3338640977578278,603.199758316661,0.0,-0.006516021605249017,10.012121677047666,0.0,263.374,-0.07984318151169734,0.030044007587219326,-5.039354774554293,1.547050752921692,-0.05599461850472974,0.036075296321437536,-4.985112211836071,0.08419722801250148,-0.022444687406631303,-0.0,1.5613556946374862,-2.3804135372564956,603.1635086001374,0.0,-0.006600523932897972,9.999997616148237,0.0,1.5714563792496783,46.0,0.06519461367180127,0.05100805062632744,0.053386782800331496,0.18402570721808448,0.2561120510662151,0.04333390265028451,0.13083815087776565,0.1281575999207602,-36.037911146272364,0.08429559506449977
263.6,-2.336069246847387,601.7464317639092,5.053,0.01,10.0,0.0,1.560991854467664,0.02855357517095207,0.0013286439243024545,0.004502584050101828,-2.3334962766479164,604.0008613385113,0.0,-0.016313087127640232,10.014909916804347,0.0,263.506,-0.07246003403848757,0.02858608278933074,-4.941383916235783,1.5434985076954002,-0.05657637559075973,0.0248786274802004,-4.9831714647237515,0.10369595272933052,-0.04123293207896417,-0.0,1.5593801532247125,-2.380941579181848,603.9635084258684,0.0,-0.006600523928807909,9.999997616148235,0.0,1.5714563792492693,54.0,0.05180645601270639,0.044363325807041255,0.052602583021199835,0.1744657941769164,0.25190449358657735,0.03788844895771885,0.12671151030365868,0.1188045739365084,-36.86652032631507,0.07918864074302154
263.7,-2.336069506212226,602.7450516626212,5.051,0.01,10.0,0.0,1.5608519074183442,0.03686866866155202,0.00770017690966209,-0.0056502833842454366,-2.333265574190924,605.0024651594308,0.0,-0.014070589809693959,10.016517281769495,0.0,263.605,-0.07818317017388113,0.029685083595193125,-5.03815914482016,1.5425470698247605,-0.05562236420270603,0.025389539000610327,-4.986642671718583,0.12721148048037254,-0.03300617585695598,-0.0,1.557030610087281,-2.3816016315882194,604.9635082080322,0.0,-0.006600523927333529,9.99999761614823,0.0,1.5714563792491218,55.0,0.05022039065797918,0.04323410014224438,0.052028513171410856,0.1736192301168165,0.251690394181413,0.03742394303999408,0.12654613758369315,0.11800440927534019,-37.02178878133381,0.07884810025291508
263.8,-2.3360697651285705,603.7436715603958,5.051,0.01,10.0,0.0,1.5601148605954387,0.016270893259590982,0.015466555685541976,-0.010893977914017534,-2.333262263705619,606.0040900911981,0.0,-0.005929829303160101,10.015669721872984,0.0,263.737,-0.07791011376076683,0.029020563668223007,-4.956575576288934,1.5541642024822888,-0.05857943886674008,0.024377160966234383,-4.987903196551672,0.119857828835077,-0.028435598162973363,-0.0,1.557774248881478,-2.3822616839944972,605.9635079901959,0.0,-0.006600523926336549,9.99999761614823,0.0,1.5714563792490222,23.0,0.0465774667221507,0.0411894651449296,0.05147812247543935,0.1708172964406697,0.2504297311025644,0.03556799174375983,0.12507624037623105,0.11531877646551397,-37.324950300362,0.07740914087176334
263.9,-2.336070027514779,604.7533872343346,5.054,0.01,10.0,0.0,1.5590743879464006,0.00621450160464968,0.003868896640649899,-0.010647314254900285,-2.3334229827158603,607.2057854027604,0.0,0.004310249053093936,10.012616791363143,0.0,263.803,-0.08526771414609381,0.020776675454117648,-5.029858700069892,1.5578925388206635,-0.05862750045240847,0.019187432385709968,-4.994366829708591,0.12853888947437808,-0.0339188160834798,-0.0,1.55689618247022,-2.383053746881847,607.1635077287924,0.0,-0.006600523923734186,9.999997616148232,0.0,1.571456379248762,57.0,0.04946783193311436,0.042699743239447974,0.05131126729785469,0.17342340487340502,0.25166567529752204,0.037143219729566634,0.12641351882031188,0.11767446661384448,-37.11854110331603,0.07878512432925264
264.0,-2.3360702868887415,605.752007128687,5.056,0.0,10.0,0.0,1.5586685827609639,0.008050214200411245,0.004395460635462242,-0.007076561477209262,-2.333567432390129,608.0066807209184,0.0,0.008377208662062036,10.009983647676828,0.0,263.935,-0.08065030941460535,0.015312039373164364,-4.990849162032038,1.558532717562792,-0.06615955787207722,0.012513783938528596,-4.993750842849522,0.08009370481927848,-0.04113586646754719,-0.0,1.5627540463737841,-2.383581788806551,607.9635075545234,0.0,-0.006600523922879314,9.999997616148232,0.0,1.5714563792486764,26.0,0.04644482394566201,0.04108785770543007,0.050977090434406215,0.1708330209104281,0.2504133152036286,0.035504436170647094,0.12503126281542734,0.11522812860499347,-37.36238347987257,0.07740521930976908
264.1,-2.3360705518720692,606.7728185759854,5.057,0.0,9.99,0.0,1.5586578753453235,0.013961666988076236,-0.023039689485712465,0.010968986847256368,-2.3338188940445295,609.2075910816338,0.0,0.0032404492132341507,10.005301190654654,0.0,264.034,-0.08485663386648748,0.04025712001075248,-5.0114793875972214,1.557093937646323,-0.0696467579013541,0.023375200712804252,-4.999127865142533,0.07312492552343795,0.0016244792291324472,-0.0,1.5634778351783103,-2.3842418412123254,608.9635073366871,0.0,-0.006600523921384954,9.999997616148232,0.0,1.571456379248527,27.0,0.04565264664619406,0.04056149014642423,0.05074457597989193,0.17009857455163327,0.2500791090425973,0.03513938469691993,0.12477230271655211,0.11458040034618562,-37.44225722979044,0.07703109171287623
264.2,-2.3360708109814823,607.7714384679373,5.058,0.0,9.99,0.0,1.5602612030368785,-0.017614052273954142,-0.01869692000706389,0.015469348784982385,-2.334084484270012,610.0078628750197,0.0,-0.009238320932403898,10.0018863686124,0.0,264.133,-0.07998498391209818,0.03238278029165725,-5.018878685938277,1.5404441940385851,-0.0564739835598087,0.029515964909406826,-4.997136400062452,0.16819963145260539,0.01564579322043791,-0.0,1.5539874377277987,-2.3849018936182023,609.9635071188509,0.0,-0.006600523923294538,9.999997616148232,0.0,1.571456379248718,27.0,0.0457874165844931,0.040583551393582315,0.05063003698684076,0.17016147357408848,0.2501125882588738,0.03520297711977769,0.12483738140642855,0.11464176809545415,-37.4413107364875,0.07706667555571356
264.3,-2.3360710701973346,608.7700583586474,5.058,0.0,9.99,0.0,1.5607864298534135,-0.025296282327295957,0.057623668657787695,-0.01582965661567082,-2.334644621630773,611.0078543334744,0.0,-0.01226097108004552,9.998560413999215,0.0,264.232,-0.08075059321836152,0.025044675138039464,-4.9177185425167655,1.5808831521355806,-0.06769951142819178,0.03122057187807108,-4.982470538286121,0.03663085300170715,0.018341643649266715,-0.0,1.5671363109061205,-2.3855619460240973,610.9635069010146,0.0,-0.0066005239233633715,9.999997616148232,0.0,1.5714563792487248,28.0,0.045639483376757384,0.04048835149041624,0.050514127335351836,0.17001178821452267,0.25003980907495293,0.03511352756784545,0.12476257555924088,0.1144965204423327,-37.46028629061141,0.07698831051730262
264.4,-2.3360713293645574,609.7686782477984,5.057,0.0,9.99,0.0,1.5596487606551985,-0.018404793632796353,-0.02856586994597626,0.018716233129830222,-2.335426571143448,612.0076090566073,0.0,-0.003356164623040583,9.996977573968689,0.0,264.331,-0.08403969711124834,0.028394848076698488,-5.029841223690706,1.5554060480977967,-0.07049760865717314,0.03070792717737736,-4.988015900754904,0.040819595501697746,0.01593211265950778,-0.0,1.5667168099047444,-2.3862219984300004,611.9635066831784,0.0,-0.006600523924480256,9.999997616148232,0.0,1.5714563792488365,30.0,0.04993773630475743,0.04346583254682152,0.05235707540728653,0.17294157509187177,0.251118506625663,0.036637104403663724,0.12560000575455077,0.1172112510812249,-37.01332582454997,0.07833684345937458
264.5,-2.345161363437086,610.7672981324597,5.056,0.0,9.99,0.0,1.5622151792657117,-0.008509382653816728,-0.021783747449910053,0.01961382714708179,-2.3364839122015306,613.0072977599507,0.0,-0.028534245308284318,9.996963927128094,0.0,264.43,-0.08168780125790513,0.034852310648244636,-4.9042939407273405,1.5741390648681688,-0.07125950990424554,0.0327454888315138,-4.97804297168838,0.018149749829915695,0.01970430702830228,-0.0,1.5689831133989127,-2.386882050835983,612.9635064653421,0.0,-0.006600523924087237,9.999997616148232,0.0,1.5714563792487972,31.0,0.04633905414868458,0.041040418967116826,0.051619294754256834,0.17029125608252296,0.25013802875890656,0.03541791725571977,0.12495034548486196,0.11493133854839241,-37.3363835650131,0.07710795202972447
264.6,-2.345161623461763,611.7659180187065,5.053,0.0,9.99,0.0,1.5640413598765173,-0.007395314249387485,-0.023676472201526598,0.0197372722721623,-2.3380575181050287,614.007042551855,0.0,-0.04687401702352272,9.997790303151607,0.0,264.529,-0.07901837761284373,0.025893274433061015,-4.942389567467649,1.5497574837367265,-0.06948107324857566,0.03176949913063679,-4.976271519255045,0.06354787331304441,0.014927023822199459,-0.0,1.5644447543546385,-2.387542103242082,613.9635062475058,0.0,-0.006600523925950193,9.999997616148232,0.0,1.5714563792489835,31.0,0.04604333770897464,0.04072288209730888,0.051199683215523484,0.17032851878126412,0.25023852859908563,0.03534249278530743,0.1249685585299092,0.11489710755804165,-37.39122705355052,0.07717792141499259
264.7,-2.3451618839151536,612.7645379033115,5.05,-0.01,9.99,0.0,1.5653138152000048,-0.0007266408533220771,0.005363551433245434,0.000524446468831152,-2.3403584724826976,615.0069091400193,0.0,-0.0579116491462012,9.999175961133853,0.0,264.628,-0.07544979429292172,0.045477107419119596,-4.940355775368343,1.5559283655625047,-0.06251247181251732,0.04091418498152795,-4.971134737007292,0.0994558763353527,0.03404379337131047,-0.0,1.5618724330515916,-2.3882021556481345,614.9635060296696,0.0,-0.006600523924913243,9.99999761614823,0.0,1.5714563792488798,33.0,0.04610991399814107,0.0407439156762687,0.05093588963437184,0.17049910126123868,0.2503165500958247,0.03534635274976329,0.1249719452576508,0.11497632622335335,-37.4022753622379,0.07726641893879166
264.8,-2.3451621405672256,613.7631568210668,5.048,-0.02,9.99,0.0,1.5647259145651502,-0.016386322882134246,0.029262509974886573,-0.011805817728684007,-2.343444310946428,616.0069416841176,0.0,-0.05159919319728677,10.00116265674686,0.0,264.727,-0.07625976340991042,0.03146872025621398,-4.978338294939675,1.5464068480595028,-0.0559014750785617,0.03906860697451254,-4.9702684035560445,0.14762129040886263,0.024744576258671103,-0.0,1.5580536770093978,-2.388862208054254,615.9635058118333,0.0,-0.006600523925252971,9.99999761614823,0.0,1.5714563792489138,33.0,0.045969752339989886,0.04067823780860961,0.05072126519489029,0.17041745420691157,0.2502623483932187,0.03528627960878735,0.12492138962726046,0.1148644107410731,-37.42322221420953,0.0772157417405396
264.9,-2.3542521707455535,614.7395851450749,5.046,-0.02,10.0,0.0,1.5634147036497035,-0.005582783150277235,0.04839792721159075,-0.01788219026569754,-2.347168385089252,617.0072061603062,0.0,-0.03725898204804806,10.003960612796352,0.0,264.826,-0.07433718283770865,0.021708642361188208,-4.963460757264098,1.5410122794822319,-0.046650927594122635,0.029683229845184622,-4.966859668032793,0.19716739723040572,-0.009807752781782142,-0.0,1.5530640526471065,-2.389522260460301,616.9635055939971,0.0,-0.006600523924275975,9.999997616148232,0.0,1.571456379248816,34.0,0.04604532701906235,0.04074630508125633,0.05063673479687127,0.1704478496296637,0.25025290519708104,0.03533395744733884,0.12493875047795809,0.11488167835179539,-37.41864512101298,0.07721826400502105
265.0,-2.354252431852757,615.7382050237604,5.043,-0.02,10.0,0.0,1.5610880982738473,0.022174941099349667,0.05545111107631366,-0.03328188126787241,-2.351207954520431,618.0077682106487,0.0,-0.01303941267140959,10.006947112482726,0.0,264.958,-0.07625307620156321,0.03595196660746425,-5.029713353952046,1.5454106400447574,-0.04999174402841626,0.031540362677637955,-4.977146398048749,0.17864191434787965,-0.0031345949481114133,-0.0,1.5549284929310847,-2.3901823128664104,617.9635053761608,0.0,-0.006600523927881979,9.99999761614823,0.0,1.5714563792491767,42.0,0.04721288740410428,0.04148733662089281,0.05074707001000598,0.1712997154633189,0.2505835502100743,0.03579722564076539,0.12521918467606685,0.11562251467974198,-37.31843465903859,0.07762058832540886
265.1,-2.363342473978662,616.7479206740106,5.04,-0.02,10.0,0.0,1.558642840073679,0.012721215251378044,0.024748662794859877,-0.015184804392000267,-2.3551413852043734,619.008575575156,0.0,0.009955907369342968,10.008739205268961,0.0,265.024,-0.06483748407032972,0.026909906162925094,-4.969206363951911,1.5646191257558444,-0.04714881324395281,0.028400580721795316,-4.976278995827721,0.11685356505898077,-0.007974149361343663,-0.0,1.5611035444346493,-2.3908423652730515,618.9635051583246,0.0,-0.006600523934763147,9.999997616148233,0.0,1.5714563792498648,36.0,0.047345313746796784,0.041580532698338696,0.050841743300725606,0.17125784801640248,0.2505333770317769,0.03582006929726755,0.12520317695393848,0.1156105386930931,-37.30239769399,0.077580861196303
265.2,-2.3633427326557523,617.746539578237,5.038,-0.02,10.0,0.0,1.5581510039654116,0.010220102414147813,-0.007354097036740066,0.007867954916908925,-2.3593302142471457,620.2096899359616,0.0,0.009984164185673708,10.00940061487236,0.0,265.123,-0.06775930255256532,0.017277002846945794,-5.002092315403633,1.5629759209664358,-0.057459314322383596,0.022414448856221788,-4.9857023544717745,0.03394706222691289,-0.019576434136711285,-0.0,1.569398885788904,-2.3916344281621043,620.163504896921,0.0,-0.006600523946682499,9.99999761614823,0.0,1.5714563792510567,37.0,0.04733816432504402,0.04161219172150384,0.05085397641627187,0.17123925378892466,0.25052200884346976,0.03583323099075599,0.12521212407887009,0.11560485863161334,-37.29950248500881,0.07756996181332346
265.3,-2.363342995204164,618.7451594515542,5.038,-0.01,10.0,-0.01,1.5600192929294445,0.01724986982000431,-0.05639302330494527,0.030281229614406446,-2.361817963979171,621.010431309123,0.0,-0.007631410958541174,10.009001482623153,0.0,265.222,-0.062474316220780354,0.0357565665761434,-4.9797756761720935,1.5323251096035688,-0.03648504266860152,0.023638213855802007,-4.981389850822303,0.18768717732254092,-0.011987216839040471,0.01,1.5530081601603243,-2.3921624700888984,620.963504722652,0.0,-0.006600523953115137,9.999997616148233,0.0,1.5714563792517,38.0,0.04734226981990141,0.04161568458510261,0.05086644647965061,0.17121931555611777,0.2505171678763787,0.03584345355744191,0.1252189000101678,0.11559998259564229,-37.29830174649997,0.07756239101646505
265.4,-2.3633432573041375,619.7437793227947,5.037,-0.01,10.0,-0.01,1.5620675571870546,0.006908780227005603,0.045157172316815535,-0.017996132051878447,-2.3647836872862418,622.011257251125,0.0,-0.02336970765642576,10.00754618926006,0.0,265.321,-0.06028242152782704,0.02838184982921637,-4.95256319500794,1.5524742615884233,-0.035743043306178696,0.02489237794106597,-4.98500262015078,0.1439674943932231,-0.005561992822325834,0.01,1.5573929246498524,-2.392822522498061,621.9635045048158,0.0,-0.006600523960702401,9.999997616148232,0.0,1.5714563792524587,39.0,0.047336153865302676,0.04158786829834807,0.05089916793230774,0.17117072281283927,0.2504999557467686,0.03582135488663456,0.12520337654438582,0.11556968668999397,-37.298990781273005,0.07754045121311776
265.5,-2.372433301494283,620.7423991892684,5.038,-0.01,10.0,-0.01,1.5595761091124751,-0.0008904924875124727,0.013963164995283595,-0.010689004807418898,-2.368056809278243,623.2119927399228,0.0,0.0010283568566209168,10.004889925983075,0.0,265.42,-0.058405987849327934,0.02944953382774789,-4.976157590426125,1.5719132462716139,-0.05165870564455618,0.028664428918734452,-4.984031608074156,0.009525357040179056,0.0048368858785448055,0.01,1.570843768144004,-2.39361458538999,623.1635042434123,0.0,-0.006600523968693787,9.999997616148232,0.0,1.5714563792532579,40.0,0.04746001849150339,0.041635829744942406,0.050944024872232166,0.17123988992536063,0.2505348064476329,0.03586000499942576,0.12522859942551504,0.11564022055998371,-37.28900892675214,0.07757808128699101
265.6,-2.372433561949066,621.7299232813793,5.038,-0.01,10.0,-0.01,1.560190907740269,-0.010182500918616897,-0.049269188684896215,0.03583799756718598,-2.369971808971759,624.0123084581902,0.0,-0.009847006410295352,10.003251843404511,0.0,265.519,-0.052585734673460276,0.025004509810289847,-4.982293441082336,1.531131925019898,-0.028577806765302593,0.025048914200356417,-4.98374671549273,0.1774622257639893,-0.0031770512425950415,0.01,1.554046348810528,-2.3941426273186126,623.9635040691433,0.0,-0.006600523977568911,9.999997616148232,0.0,1.5714563792541454,42.0,0.05105629401560233,0.04357396815073815,0.051106899078519896,0.17429280801673816,0.2519625375179784,0.037725503297363204,0.12676413295998815,0.11847281323542636,-37.01768059817584,0.0791847445613124
265.7,-2.3724338253352357,622.7285431476939,5.039,0.0,9.99,-0.01,1.5629171599310376,-0.0016897206166548284,0.06658050639681122,-0.009928904939234358,-2.37264472013452,625.2125820411394,0.0,-0.02494271821848315,10.001619901669683,0.0,265.618,-0.05596814569166421,0.024695138625708407,-5.026191447989882,1.562618852181614,-0.0399852605075294,0.025346368370800357,-4.9853067463544125,0.0593556648607864,0.007670878772868761,0.01,1.5648594472738278,-2.3949346902127355,625.1635038077397,0.0,-0.006600523986794866,9.99999761614823,0.0,1.571456379255068,42.0,0.051912764413688535,0.04406912480690935,0.05130005420557955,0.17485402426339006,0.2521754047559444,0.03801276270378774,0.12692196513040527,0.11898923835767836,-36.947868786725195,0.07945446947953175
265.8,-2.3724341012104446,623.7604513217991,5.041,0.0,9.99,-0.01,1.5609279797088842,-0.006328939500539998,-0.011242818851379123,0.006128085814553723,-2.374314370740476,626.0126754486465,0.0,-0.014065394023988383,10.000864527858807,0.0,265.717,-0.05470679404612404,0.02296066899820588,-5.023596429700031,1.5639160311527076,-0.03505915557352317,0.026335243367202655,-4.99659169109915,0.10031685479975457,0.008735586763037873,0.01,1.56076370935421,-2.3954627321427084,625.9635036334707,0.0,-0.006600523992168346,9.99999761614823,0.0,1.5714563792556053,43.0,0.048752285491644294,0.04231959650250248,0.051070801773745345,0.17234144141979305,0.2510692785896805,0.03666195953152954,0.12593741748406365,0.11671764786404801,-37.182402413852515,0.07816551863012569
265.9,-2.3815241505467952,624.7590711840452,5.042,0.0,9.99,0.0,1.5620188518103697,-0.006426614605909957,0.0028537410008691445,0.0011992669832137928,-2.376608373238557,627.2127357384821,0.0,-0.023218641518203336,10.000340596809211,0.0,265.882,-0.040803781658620496,0.019770704085018444,-4.91153559390526,1.5252130103736403,-0.03022074898067825,0.02178543904381595,-4.9884248384729375,0.18891022933409699,-0.003918338499742546,-0.0,1.5518812301924325,-2.396254795038206,627.1635033720672,0.0,-0.006600523994417659,9.99999761614823,0.0,1.5714563792558303,18.0,0.04829570729666259,0.04195855473303566,0.0509216217676208,0.17206852718533527,0.2510039283250555,0.03654708470273779,0.1259160342307356,0.11648709438101965,-37.228806735238585,0.07805965926645017
266.0,-2.381524414496994,625.7576910475946,5.043,0.0,9.99,0.0,1.5608882811528184,0.007374906692516294,0.0517534437381301,-0.028984677583791748,-2.3779993953363983,628.0127597589952,0.0,-0.011412566784482705,10.000295665154491,0.0,265.915,-0.03576084588573735,0.021574696559339017,-4.959422908899868,1.5435113651158339,-0.00956545513703948,0.020779090043074468,-4.985413358853588,0.2288726013413559,-0.005523084361820807,-0.0,1.5478774970597589,-2.3967828369685447,627.9635031977982,0.0,-0.00660052399273456,9.99999761614823,0.0,1.571456379255662,45.0,0.047990989651872006,0.04182667951468351,0.05076164216980982,0.1720118429894872,0.25099907064890353,0.036436361264849754,0.1258550535096854,0.11638506103416763,-37.258054592504884,0.07804310354179256
266.1,-2.3815246789534683,626.7563109096604,5.043,0.0,9.99,0.0,1.5574832289156062,0.006844264923940485,0.06676453896888848,-0.03838771135644226,-2.379548033683648,629.2127726390441,0.0,0.030420405052471098,9.99973812422295,0.0,266.08,-0.05063931142527308,0.023937904247534912,-5.05669989843334,1.5548895510213425,-0.034562660877432316,0.020626143556952768,-4.995228569338778,0.10036281588463775,-0.0034105281429539502,-0.0,1.560746906262567,-2.3975748998638773,629.1635029363947,0.0,-0.00660052399273456,9.99999761614823,0.0,1.571456379255662,20.0,0.048180316556889584,0.041942373774689505,0.050727095032461006,0.17220429551904362,0.25108170421441384,0.036525442275134136,0.1259194527239085,0.11653990188591748,-37.216778295384664,0.07812376176799314
266.2,-2.3815249431164887,627.754930769207,5.044,0.01,9.99,0.0,1.5549359741297106,0.0025220073581739056,-0.07135285391135729,0.0016195765299509746,-2.3799174525325473,630.2127073540274,0.0,0.041129752062521376,9.998685574878953,0.0,266.179,-0.05135821850150294,0.018387006057001956,-5.023467400268844,1.5400130085300865,-0.03161844408358684,0.018521422617275796,-4.994172828381995,0.153021843974591,-0.0081202054337286,-0.0,1.55446600068989,-2.398234952276752,630.1635027185584,0.0,-0.006600523993069847,9.99999761614823,0.0,1.5714563792556955,21.0,0.0497169872277623,0.0428271277099674,0.05089164324708492,0.17351038728172818,0.2516282114903273,0.03727905744810668,0.12647129093147583,0.11770322790584935,-37.10886890566485,0.07876923600201963
266.3,-2.381525207475647,628.7535506289146,5.044,0.02,9.99,0.0,1.5565524958681802,0.006378975750473663,-0.009288505008261744,0.0010162288063284529,-2.379552528022155,631.0125720446482,0.0,0.0304063918215905,9.997772761013321,0.0,266.212,-0.037654980131388224,0.019444419083326905,-5.061040142369123,1.56057166951163,-0.022007918554511237,0.017719265372246728,-5.001196328363841,0.12266611423847924,-0.007609495368658514,-0.0,1.556505521206465,-2.3987629942070248,630.9635025442894,0.0,-0.00660052399223718,9.99999761614823,0.0,1.5714563792556122,48.0,0.05002339393633859,0.0428740501914683,0.0509973275245334,0.17351235125201542,0.25158653544457726,0.03730636258210708,0.1264935798477191,0.11773596282118241,-37.0967010257369,0.07874346756076814
266.4,-2.3815254719412735,629.7521704866208,5.046,0.02,9.99,0.0,1.5560916467246153,0.005090014981372384,-0.005246418099649306,-0.0030605403091401445,-2.378383467341068,632.0122692935034,0.0,0.03475973649521779,9.99610323619914,0.0,266.311,-0.05266523572606534,0.02283226093592548,-5.039611390559708,1.551981618037248,-0.030419018509259516,0.020625068779633174,-5.005232403539065,0.09233893431403926,0.00027951643037482654,-0.0,1.5595519767694808,-2.399423046619975,631.9635023264532,0.0,-0.0066005239946441445,9.99999761614823,0.0,1.571456379255853,49.0,0.050044728467094034,0.04300963653068217,0.050967159293323544,0.17362719160938841,0.25163847628882413,0.03730269728520413,0.1265329438307322,0.11782235652262478,-37.09373092196625,0.07880531948222605
266.5,-2.3724359440683997,630.7507903452433,5.048,0.03,9.99,0.0,1.5568898106601574,-0.0008825592666365996,-0.018072625974445828,0.011741670983355917,-2.3765199207486183,633.0117817231994,0.0,0.026370100872183305,9.994212324706506,0.0,266.41,-0.05209956762818451,0.022128592230844044,-4.99674420903746,1.5645347033108488,-0.043033169539844096,0.021648076619349456,-5.004428247933877,0.017124784844968773,0.0031863304023413974,-0.0,1.5660806701489367,-2.400083099032965,632.9635021086169,0.0,-0.006600523995094895,9.99999761614823,0.0,1.571456379255898,50.0,0.05006609270052531,0.04304070193067905,0.0509570617033316,0.1735964753496065,0.2516396706728002,0.03731394686454385,0.1265414965199713,0.1178190788806661,-37.09223108494226,0.0788009458591254
266.6,-2.3724362014158658,631.7272186462974,5.049,0.03,9.98,0.0,1.558330237926219,-0.004183280000426315,-0.06879168351923692,0.02346073276290407,-2.3736204831459404,634.2109460850502,0.0,0.004656749460339114,9.992050822979502,0.0,266.509,-0.0505226427758634,0.021829944413428993,-4.9992592980838495,1.5428466090861095,-0.03768810291450496,0.022998316576296515,-5.006108787582727,0.07733527261404173,0.01536403358131011,-0.0,1.5600582339418583,-2.4008751619282447,634.1635018472134,0.0,-0.006600523989363923,9.99999761614823,0.0,1.5714563792553249,51.0,0.05005176988299941,0.04302834059784971,0.05094142153388608,0.1735443782543215,0.25163655492368536,0.037309531966703724,0.1265217669829274,0.11779001188451496,-37.09484094068793,0.07878869362592683
266.7,-2.3724364681704344,632.7258394957202,5.052,0.03,9.98,0.0,1.5604498070341093,-0.009196022643316263,-0.011935855220184397,0.0021770414709946406,-2.3715319935414394,635.0102594987898,0.0,-0.008238522521873378,9.990930655680746,0.0,266.608,-0.047455094581884474,0.023451678422124946,-5.100211032961809,1.5983441465470203,-0.052442505081509716,0.023498835489979056,-5.018729539700914,-0.03878085418038087,0.014545275140754654,-0.0,1.5716748912197314,-2.4014032038582522,634.9635016729444,0.0,-0.0066005239897502805,9.99999761614823,0.0,1.5714563792553635,52.0,0.05022247198493732,0.04310196325637053,0.05099924902891046,0.17360714779125708,0.25167476616804746,0.03736469395360021,0.12653426203899953,0.1178676688443013,-37.08111736140792,0.07882961356505915
266.8,-2.37243673116447,633.7244593485166,5.054,0.03,9.98,0.0,1.561106028096054,-0.006995314955797082,-0.08174798728482924,0.02631716587894517,-2.368988833327963,636.0093037851922,0.0,-0.017302419142334907,9.990010300865597,0.0,266.707,-0.06195689997691804,0.01437231724848823,-4.9474583361794595,1.5448361259061911,-0.04393162434038678,0.017570978112373705,-5.004483067071586,0.08734801658379025,-0.0010747054728081906,-0.0,1.5590372841824254,-2.40206325627074,635.9635014551081,0.0,-0.006600523989432757,9.99999761614823,0.0,1.5714563792553318,53.0,0.050060063378472935,0.04305473128274205,0.05098319182286411,0.17354646681518995,0.25166108189206765,0.03732478444426625,0.12649626957495447,0.1178051277130451,-37.091023684466904,0.07880851627030572
266.9,-2.3724369945872468,634.723079199671,5.055,0.03,9.98,0.0,1.5637537441824119,0.007607552302333556,0.016869833044073128,-0.001356105710073582,-2.366372044839802,637.2080754244326,0.0,-0.03658301213864286,9.989297842769457,0.0,266.872,-0.06412171343434621,0.024117714639462298,-5.0446442648659175,1.5371648294518774,-0.04290430537495478,0.021900838843527247,-5.01006899911777,0.17632765343240633,0.007487349606989824,-0.0,1.550140650180205,-2.402855319165676,637.1635011937046,0.0,-0.00660052398905084,9.99999761614823,0.0,1.5714563792552936,28.0,0.05021580109497469,0.0431291085123888,0.05102310884411094,0.17362944180816484,0.25169929992378254,0.037365149756266425,0.12651048788868582,0.11788588292368014,-37.07885306612764,0.07885400825242873
267.0,-2.3724372548630015,635.7106032731223,5.056,0.02,9.98,0.0,1.5612337785449368,-0.0007075246494841227,0.05647999073054918,-0.045724327437579794,-2.3646038461752585,638.2069904715299,0.0,-0.0043362348248365155,9.988810618645378,0.0,266.905,-0.0684379600751013,0.026397651779498,-5.021951774635001,1.5296297676554336,-0.027915860604736557,0.02427247626715698,-5.01131828697458,0.2425462581809034,0.010712711256392282,-0.0,1.544523341699572,-2.4035153715780306,638.1635009758684,0.0,-0.006600523985835635,9.999997616148233,0.0,1.571456379254972,55.0,0.05014019991824718,0.04306147117937963,0.05101653608625856,0.17355609235502167,0.2516731396332452,0.0373398640766668,0.1264887177789605,0.11782576448324408,-37.08674657360685,0.07882176715547574
267.1,-2.372437518110985,636.7092231221396,5.057,0.02,9.98,0.0,1.5568816951152424,-0.003800738261630856,0.0848584711716754,-0.05051091555338116,-2.3631940944806398,639.0060695223399,0.0,0.03119599133329449,9.98821988723745,0.0,267.004,-0.06598815196097742,0.024153975331057276,-5.02414840237113,1.5250810131389465,-0.0247856770557605,0.022865603210454846,-5.018364189918422,0.24368921327371665,0.0056729567466806685,-0.0,1.544395707786249,-2.40404341350772,638.9635008015994,0.0,-0.0066005239852005865,9.999997616148232,0.0,1.5714563792549086,56.0,0.050270564216108524,0.043143106452511196,0.051066097830477344,0.17365355760208143,0.2517106571697468,0.03738120482087866,0.12650818145411996,0.1179116910579847,-37.074242117568176,0.07886977191518105
267.2,-2.372437781310339,637.7078429692183,5.058,0.03,9.98,0.0,1.552653647088681,0.0009101181032522817,0.053745768271459084,-0.03735640482809606,-2.360388960152013,640.2046151690096,0.0,0.07867633290300535,9.987211991085962,0.0,267.103,-0.07413080398598505,0.02980703258478302,-5.039143549247603,1.5424702179290366,-0.03147900604562187,0.02695471608396247,-5.0225034840922,0.2083841038027594,0.01324582095286786,-0.0,1.5469463278107027,-2.404835476402268,640.1635005401959,0.0,-0.006600523985795666,9.999997616148232,0.0,1.571456379254968,58.0,0.050075013522699115,0.043043242715983226,0.051011094688854876,0.17354880818646354,0.2516671369431477,0.03731342267190143,0.12646614909448003,0.11780387452254305,-37.09136380553665,0.0788188148695211
267.3,-2.372438044693638,638.7064628140745,5.057,0.04,9.98,0.01,1.5501881028201918,-0.0072006232619207695,0.003754003426404868,-0.015570477615411745,-2.3576941096470727,641.0036121737543,0.0,0.09544986086353248,9.986800592118778,0.0,267.235,-0.07555307480588645,0.022279332034693393,-4.932459821702794,1.5519551782585692,-0.04967831848146082,0.028209113362301114,-5.006896669403288,0.10618789401004963,0.013323702134719895,-0.01,1.5561688142778536,-2.405363518331964,640.9635003659268,0.0,-0.006600523985435954,9.999997616148232,0.0,1.571456379254932,25.0,0.04663309446808106,0.04114382041773835,0.050838410159077196,0.17060360394601115,0.250292777133141,0.03551665109137766,0.12499724572298948,0.11508981131320634,-37.358891067386466,0.07727920537780156
267.4,-2.3633485060769885,639.7050826602755,5.057,0.06,9.98,0.01,1.5501002306726317,-0.004536268483062492,-0.06618448738986757,0.01959766986725192,-2.3532399994483635,642.0023474183774,0.0,0.0941028944325936,9.986940473888506,0.0,267.334,-0.08340236115067726,0.03204247385098394,-4.999421701114841,1.5567309039876631,-0.06290149025063471,0.030084497630773872,-5.003417229522139,0.0462975379303764,0.01552924940935263,-0.01,1.560162219446582,-2.4060235707440767,641.9635001480906,0.0,-0.0066005239842546765,9.999997616148232,0.0,1.571456379254814,26.0,0.045903351532620755,0.040687132935194305,0.05066926934174256,0.17011043118387267,0.25010270247926425,0.035249157622157565,0.12484447006076675,0.11464750072685945,-37.42617005578896,0.07704866827547524
267.5,-2.3633487745683794,640.7258940552931,5.057,0.06,9.98,0.01,1.5528540658440928,-0.004657210594180972,-0.0639362497280935,0.03121585611879264,-2.3466986798038243,643.200873353062,0.0,0.060788034286488865,9.988012065337992,0.0,267.433,-0.08945862598954868,0.020388759247082618,-4.905472355943068,1.568218021271412,-0.08407379395351308,0.025046691820813444,-4.991089695023785,-0.05701613245073618,0.001911581932212414,-0.01,1.5704973993363738,-2.4068156336384843,643.1634998866871,0.0,-0.00660052398357522,9.999997616148232,0.0,1.571456379254746,29.0,0.04608413075833348,0.04074072715009562,0.05064164955034151,0.17028789673401734,0.2501948051807071,0.03535987661536157,0.12494086668790189,0.11480407998213432,-37.41513990634964,0.07714636355261315
267.6,-2.3542592336879977,641.7245138976433,5.057,0.06,9.98,0.0,1.5570299262788636,0.006488279798772184,-0.07675963284565984,0.05764328158004223,-2.342125452211719,643.9999384552536,0.0,0.0245727929557982,9.988569235567207,0.0,267.532,-0.09789922493435262,0.04223427429009431,-5.003930405287762,1.5748359092239537,-0.10161896116167368,0.03553743966105595,-4.993175808889331,-0.11967378921701963,0.02521676397556405,-0.0,1.5767605235792466,-2.407343675568009,643.9634997124181,0.0,-0.0066005239825915624,9.999997616148233,0.0,1.5714563792546477,28.0,0.050059957463674705,0.043542574994372106,0.05245296813097917,0.17298522875431052,0.25116023293436546,0.036690430195236406,0.12562509996224494,0.11728647442741634,-36.99842030660592,0.07837274542187025
267.7,-2.3542594947103055,642.7231337370499,5.055,0.05,9.98,0.0,1.5622747680780031,-0.013635089606170209,-0.08914344559043821,0.05812298005912719,-2.336913713615983,644.9988158129305,0.0,-0.027616712419100888,9.988797816200773,0.0,267.631,-0.09780670192908297,0.02695720579673972,-4.974069135846735,1.562152697459387,-0.09501898065623703,0.033988496663540174,-4.995240658657794,-0.004532770099224141,0.017476236355582486,-0.0,1.566248487384072,-2.408003727979819,644.9634994945818,0.0,-0.006600523981468016,9.999997616148232,0.0,1.5714563792545353,29.0,0.046738323512858775,0.04121622627219649,0.05186663545900696,0.17045809029323103,0.25022213541283933,0.03555881827446825,0.12502450538368784,0.11513603016724014,-37.29551801661315,0.07719839923039892
267.8,-2.3451699477048464,643.7106578024816,5.053,0.04,9.98,0.0,1.5660998938281574,-0.006753481229457386,-0.00889978035206662,0.006392254414683105,-2.333008462823371,645.9977593348754,0.0,-0.06374321398233182,9.989327998017238,0.0,267.73,-0.10103252641320828,0.038595524416885435,-5.096025210037221,1.5330749566920643,-0.08567900369957944,0.04055181423010322,-5.011886641591744,0.11385235680331288,0.027711213502797705,-0.0,1.5554241568043818,-2.408663780391415,645.9634992767456,0.0,-0.0066005239770515495,9.999997616148235,0.0,1.5714563792540936,30.0,0.046350059984746506,0.04086702819457799,0.051475592964348234,0.1704681252633089,0.2503093448686317,0.03545156601623863,0.12502860555516263,0.11507129432450024,-37.35452537961261,0.07725349722894656
267.9,-2.3451702077526875,644.7092776387153,5.052,0.02,9.98,0.0,1.564292840720389,-0.01233297014954187,0.03526297947098608,-0.04335709554403188,-2.3307418294181037,646.9968481882423,0.0,-0.04406292173090623,9.991528275180867,0.0,267.829,-0.10355352590970546,0.04802694128330689,-5.036661579646878,1.5291536485329542,-0.06659949477462256,0.04462117989545212,-5.024083216902566,0.27089666478150665,0.030591654685180103,-0.0,1.5417456136386105,-2.4093238328027633,646.9634990589093,0.0,-0.00660052397815289,9.999997616148233,0.0,1.5714563792542038,33.0,0.046073315805326163,0.04074149417271698,0.051091772912700374,0.17050348544624253,0.25033445430451257,0.03535052315370031,0.12497777599257293,0.11500087057663097,-37.395739889460664,0.07727811737099347
268.0,-2.34517046532261,645.6968016974149,5.051,0.01,9.98,0.0,1.5601922879603245,-0.01188192367087394,0.14635307008616744,-0.05969906042032565,-2.3298110510079058,647.99618362283,0.0,-0.001809238031363338,9.994814078467469,0.0,267.928,-0.11016226302283386,0.0391614786689344,-4.915604074736774,1.5806451161264778,-0.09002756951875394,0.044011748621040125,-5.012162817055472,0.07972880166398558,0.025970293788093457,-0.0,1.5618290408726596,-2.409983885214298,647.963498841073,0.0,-0.006600523982660395,9.999997616148232,0.0,1.5714563792546545,27.0,0.04614630694621002,0.04083827799336877,0.05089007414700341,0.17066013741641856,0.25037964359098236,0.035404873260599073,0.12501686047198401,0.11508461512153384,-37.384429516630895,0.0773348444499246
268.1,-2.345170722288998,646.6843257544803,5.05,0.01,9.98,0.0,1.555318795205329,-0.005728948729523116,-0.01159747857209905,-0.004457432522299406,-2.3295611482628487,648.995878162451,0.0,0.044071216267792396,9.99857802003681,0.0,267.961,-0.12510476167008505,0.04925734404406635,-5.024914987552624,1.5721889048911917,-0.106392988407337,0.049256978348994854,-5.013420591285449,-0.011255251467515326,0.033301538180145585,-0.0,1.570921685195036,-2.410643937626179,648.9634986232368,0.0,-0.006600523983484181,9.99999761614823,0.0,1.571456379254737,59.0,0.0639591403658305,0.05024287177503357,0.05341905431835741,0.18336822232099992,0.2558767209128297,0.042888200184218156,0.13058200783841978,0.1274565729132266,-36.10876093559955,0.08395160126829244
268.2,-2.345170978931975,647.6829445686516,5.048,0.0,9.99,0.0,1.55864232318965,-0.007213690646007285,-0.05518797111521827,0.050475320664773095,-2.3296987366634903,649.9960084671553,0.0,0.009958112343802223,10.00346805505324,0.0,268.126,-0.11516283043552837,0.047917729505985794,-4.993863346267303,1.5641461873984348,-0.1124216660356708,0.050657624103710795,-5.009778724702208,-0.013807944907592304,0.021277999684668814,-0.0,1.5721755649053974,-2.4113039900379687,649.9634984054005,0.0,-0.006600523981468016,9.999997616148232,0.0,1.5714563792545353,36.0,0.04788313373998971,0.04212732103849681,0.05237923340787699,0.17134739870895394,0.25047666758232656,0.03588386793637308,0.12517249429084334,0.115865387119578,-37.168485674455354,0.07755287685557051
268.3,-2.3451712336288324,648.6593728454106,5.045,0.0,9.99,0.0,1.5631213747572639,0.001157154869802003,-0.04633228433874243,0.043122142804238796,-2.3309253092917306,651.1968233286991,0.0,-0.042280807860677366,10.009555275130994,0.0,268.258,-0.10564087162579924,0.03445089611467125,-5.0290543659390945,1.5461050130505711,-0.09137852354133053,0.037960959854512186,-5.014304251554741,0.17691986252693576,-0.011744934735787638,-0.0,1.5530676432414723,-2.4120960529319815,651.163498143997,0.0,-0.006600523981741131,9.999997616148232,0.0,1.5714563792545626,42.0,0.047785033772207997,0.0418733569131335,0.052014624727403334,0.17156809172235096,0.2507071228280015,0.03604850427450803,0.12544524564903922,0.11606798450763901,-37.18553020438384,0.07773254452006599
268.4,-2.345171490384047,649.6468968977456,5.044,-0.01,9.99,0.0,1.5645146943305173,0.02280495843199228,0.048518422545202666,-0.03178645495044797,-2.3326945912284334,651.9977659897307,0.0,-0.044474146853346,10.013328759998796,0.0,268.324,-0.09965280883904659,0.02960917570284885,-4.9747663464236025,1.5506284020872916,-0.07844657926430751,0.03196752685053066,-5.0098430872047945,0.19036222852412166,-0.02326501862290442,-0.0,1.552701881185434,-2.4126240948614903,651.963497969728,0.0,-0.006600523982211866,9.999997616148233,0.0,1.5714563792546097,36.0,0.04665559952532667,0.04119608416206021,0.05154271874915254,0.17097461953814683,0.25047677672984975,0.035623131689789804,0.12518282928424085,0.11544119863959401,-37.311124502015815,0.07745289256194839
268.5,-2.3542615636744983,650.6455167210663,5.045,-0.02,9.99,0.0,1.5603771983322243,0.025659542609642205,0.04738407356567255,-0.037590644778179055,-2.3358246289686297,652.9992858833679,0.0,-0.0031418634801496322,10.016382109670646,0.0,268.423,-0.1094237915237823,0.024834628905572576,-4.9627919864454215,1.5511142950526127,-0.08279623133124114,0.022540351495309738,-5.0003395436773115,0.16248894836189565,-0.03954808107933161,-0.0,1.5564774585444265,-2.4132841472730915,652.9634977518917,0.0,-0.0066005239798537525,9.999997616148233,0.0,1.5714563792543739,37.0,0.047329007094648434,0.04160988451012675,0.051403583630722643,0.17156524814347182,0.25072648626607325,0.035882643892980855,0.12536599499189832,0.1159163479305137,-37.26788788636138,0.07774724887229717
268.6,-2.3542618221765963,651.6330407683787,5.045,-0.02,9.99,0.0,1.5580898989599685,0.02922382826722191,0.015027431101336159,-0.01019693473316673,-2.339487720302835,654.0009773143587,0.0,0.018113180550632952,10.016888694375341,0.0,268.522,-0.10535161439487425,0.029464436682051065,-5.0939900296125575,1.5281858308766998,-0.07456587565194159,0.02682771202440276,-5.006433602354457,0.22513926827923916,-0.026122293635518545,-0.0,1.5502109385532674,-2.4139441996848303,653.9634975340555,0.0,-0.006600523983313207,9.999997616148233,0.0,1.5714563792547198,40.0,0.04713158905647732,0.0415054059541215,0.05126158930757232,0.1713091941653568,0.250597245522518,0.03575291402402569,0.12524363649843379,0.11568189476236156,-37.292340570976144,0.07761171149900845
268.7,-2.3542620829573764,652.6316605927768,5.045,-0.02,9.99,0.0,1.5569579601895551,0.008876664501789986,0.03497234310246547,-0.02361491806651991,-2.343301708604416,655.0026189662809,0.0,0.030377916511405072,10.01546295225734,0.0,268.621,-0.1036788518199845,0.02417961668441995,-4.952735761517434,1.5453260354970964,-0.07229469290552622,0.024018165473110815,-5.002722821698184,0.21313402346446841,-0.028683870033294312,-0.0,1.551410351482914,-2.414604252096661,654.9634973162192,0.0,-0.006600523981214885,9.999997616148232,0.0,1.57145637925451,39.0,0.04723648557680573,0.041592877308573035,0.051136843702859425,0.1713764616299507,0.25063364299971774,0.03583101456077685,0.12529482670376918,0.11574599960363856,-37.28912107955117,0.07765341862286929
268.8,-2.354262344566706,653.630280414532,5.046,-0.02,9.99,0.0,1.5547941728171448,0.005442967226047505,0.01888273343810305,-0.014758667598266903,-2.346962335837007,656.0040582639311,0.0,0.051423797814100544,10.012757040959816,0.0,268.72,-0.09351338258086028,0.028559891192301446,-4.921937317032015,1.5409331183786368,-0.05816099179537504,0.023331108724896722,-4.991385691207299,0.2650670818919082,-0.026179015446293974,-0.0,1.5462055917166464,-2.415264304508312,655.963497098383,0.0,-0.006600523981547952,9.999997616148232,0.0,1.5714563792545433,41.0,0.047362099964734804,0.041638366476756145,0.05108708359398646,0.17137088690444396,0.2506323546941808,0.03587039611642135,0.12529283711135034,0.11575635063298689,-37.283378098989125,0.07765464358331078
268.9,-2.354262602690369,654.617804458211,5.047,-0.01,9.98,0.0,1.5531503903355937,0.0017657690992854257,0.033031806653660276,-0.02605755228893562,-2.3501719774836642,657.0052243108315,0.0,0.06888831324030817,10.009662475047483,0.0,268.819,-0.09556126130659737,0.04057661561377865,-4.994596696564654,1.55947126321931,-0.0728177883165258,0.029131093054829887,-4.990624026680779,0.10626638227717784,0.001026989545362511,-0.0,1.5611516882732008,-2.415924356919917,656.9634968805467,0.0,-0.006600523978834568,9.999997616148233,0.0,1.571456379254272,34.0,0.05111257887019433,0.043667478481456135,0.05124704567201718,0.17449153502597692,0.2520853478099189,0.037801541975390276,0.12685662811754148,0.11866148313503903,-36.99334866412221,0.07929125339768664
269.002,-2.36335268084585,655.6164242737506,5.048,0.0,9.98,0.0,1.5520516941931588,-0.017088852586786336,-0.06024592279628351,0.02355866060955968,-2.353099906266137,658.206243492467,0.0,0.06894554066000359,10.006391795094814,0.0,268.918,-0.09641814557987799,0.023440894822798628,-4.952249630726603,1.5572967229179693,-0.0840842636274227,0.03470373096867438,-4.9822475066683065,0.02495833682702121,0.01264441334457267,-0.0,1.5682986611225156,659.7839999996448,4.2458797715086854e-08,0.0,9.999999999979536,6.35355668544091e-10,0.0,6.353556685453911e-11,44.0,0.04919379781591037,0.04252302116018628,0.051148698108069074,0.17278165394546857,0.25130437280035867,0.03690501537933196,0.12616066852488944,0.11713030856180175,-37.143453396522965,0.07839741771703534
269.1,-2.363352946947259,656.6150451239662,5.05,0.0,9.98,0.0,1.556037274250064,-0.020363186062486403,-0.08412821857692883,0.04824541101032872,-2.354613827049555,659.0067442131931,0.0,0.035810349634914834,10.005566733536368,0.0,269.017,-0.09399479826982875,0.03510296929352756,-4.968044891669603,1.5795847596814716,-0.09498671085652807,0.03687215832046301,-4.980766324685142,-0.03566826871897849,0.015645478993043582,-0.0,1.5743646923799925,-2.4172444617422224,658.9634964448742,0.0,-0.006600523971309475,9.999997616148235,0.0,1.5714563792535194,43.0,0.048062390151434514,0.0418401747508691,0.05092179605252433,0.17196020165857356,0.250976553725938,0.036422071182051326,0.12585073616262982,0.11637813941993909,-37.23614368454451,0.07799799089671229
269.2,-2.3633532062918334,657.6025691657037,5.051,0.0,9.97,0.0,1.5609588763352973,-0.015564315765379491,-0.0817698956752031,0.05466154897148938,-2.3565577391931227,660.0072992356528,0.0,-0.013229265724039783,10.005583845476453,0.0,269.116,-0.08909885838058412,0.03930531216173021,-5.011794777498407,1.5506506162562144,-0.06858426689906894,0.03926321474119231,-4.986744455174875,0.148760298881292,0.027663362453971274,-0.0,1.55591791806572,-2.4179045141527906,659.9634962270379,0.0,-0.006600523969335496,9.999997616148232,0.0,1.571456379253322,44.0,0.05001547993310483,0.04293083945952911,0.05103840657486229,0.1736004071367209,0.2517161696674053,0.03732468896163595,0.1265422747393377,0.11785373528769374,-37.093836785637905,0.0788468596839878
269.301,-2.363353468535223,658.6011889804789,5.051,-0.01,9.98,0.0,1.5632404024389128,-0.015306532226119371,0.011723866433712978,-0.026780617030350607,-2.359668223180257,661.2080678595275,0.0,-0.025305098368917627,10.007420746228318,0.0,269.281,-0.08755220154464424,0.03321599590585972,-5.013598560642075,1.5388817297628248,-0.07516174469798816,0.03821633125586614,-4.991697020537719,0.150129400530562,0.010525730949673573,-0.0,1.5567710176238272,-2.4186965770453055,661.1634959656344,0.0,-0.006600523968827014,9.999997616148232,0.0,1.5714563792532712,20.0,0.048976716388648756,0.04238209620386418,0.0510078081516675,0.17268558751328447,0.25128247172363255,0.036798854099269834,0.12611889658399908,0.11702008178821628,-37.16794564931406,0.07836097587683855
269.401,-2.3633537303301466,659.5998087943165,5.05,-0.02,9.98,0.0,1.560574924634073,-0.001308870930750268,0.009732987991670503,-0.021583690354937964,-2.3629225175823843,662.2089469928577,0.0,-0.002618725108026776,10.010045503645829,0.0,269.38,-0.08766672773187302,0.03412580031758194,-4.988602718587476,1.5599173038314889,-0.07317632426416984,0.03699483344174645,-4.998048776689641,0.1400179432421903,0.005615947011175848,-0.0,1.5587778228606393,-2.4193566294557836,662.1634957477982,0.0,-0.00660052396910679,9.999997616148232,0.0,1.5714563792532992,21.0,0.049968671766256786,0.04298374919117711,0.05100808339962845,0.1735995606242971,0.25170227667269784,0.03728966979966544,0.12651143020980363,0.11783280040338381,-37.09589980618357,0.07884080338274377
269.5,-2.3724438088863167,660.5873317911104,5.049,-0.02,9.98,0.0,1.5594210802253823,0.004198928539060952,0.003841729355814736,-0.0045260104718361375,-2.3657621969671703,663.0098570055341,0.0,0.0054547757544533655,10.012398669066402,0.0,269.413,-0.07975329423217126,0.028550714977429364,-5.0316513946629415,1.5864493994189444,-0.07386959550055004,0.033267265212214354,-5.001551112096484,0.041927514445199925,-0.0028620006849919832,-0.0,1.5685985543333043,-2.4198846713841276,662.9634955735291,0.0,-0.006600523968367382,9.999997616148232,0.0,1.5714563792532252,50.0,0.04815376206229102,0.041997226333800784,0.05078937916568297,0.1721511543065177,0.251054250025288,0.03646351577375145,0.12587800490197862,0.11650122934203117,-37.238169428537496,0.07809824952199018
269.6,-2.372444072338425,661.5859516000417,5.049,-0.02,9.98,0.0,1.5600961400803666,0.010669042268709418,-0.04269489084305928,0.028010878419815314,-2.370284623609796,664.211552396313,0.0,-0.010077215344198745,10.015492982354301,0.0,269.578,-0.0789420016575318,0.025691594699880436,-4.9599906970167345,1.5632940245732851,-0.069728441149018,0.01858397682364233,-4.994120296127502,0.09556088415645128,-0.03296788888571278,-0.0,1.5632001483599007,-2.4206767342767512,664.1634953121256,0.0,-0.006600523971988932,9.999997616148235,0.0,1.5714563792535874,22.0,0.04947279557281098,0.04271047768574419,0.05083982934905794,0.1732674989196241,0.2515734930084731,0.03714905144484505,0.12641058696699595,0.11752696774111332,-37.13774449624131,0.07868585151101747
269.7,-2.37244433534201,662.5845714080353,5.048,-0.02,9.98,0.0,1.5625858633455374,0.031291415887925,-0.0009408478716465038,0.009218906421685593,-2.373556658801111,665.0128463729613,0.0,-0.02629875345481141,10.016681305352739,0.0,269.611,-0.07552106519384681,0.03520256511600578,-4.910071635919263,1.5615505252863513,-0.06266601336012065,0.022955784738077967,-4.9853223411642595,0.08959472665820693,-0.01754783320589759,-0.0,1.563810737960835,-2.42120477620536,664.9634951378566,0.0,-0.006600523971806855,9.999997616148235,0.0,1.5714563792535692,49.0,0.04995534956463923,0.04296548765827721,0.05092679471547033,0.17353900265178582,0.2516732982155071,0.03729797006307939,0.12647888545844083,0.1177783900135144,-37.10145407975093,0.07881529703863169
269.907,-2.3906245821305276,664.8259180787652,5.047,-0.03,9.98,0.0,1.5633953875538449,0.004750356100752448,0.001664192591048311,0.003075567912750573,-2.383945032182618,667.2163752980232,0.0,-0.03425352835197005,10.014727807496778,0.0,269.776,-0.07653704038452244,0.0373986880251172,-5.045272424274349,1.5654630217256105,-0.045076958623845524,0.03047486117986504,-4.98432151923941,0.12648182344877495,0.003091026538584174,-0.0,1.561132103613663,-2.4226568915086255,667.1634946586169,0.0,-0.006600523969286646,9.999997616148232,0.0,1.5714563792533172,131.0,0.08785626744435501,0.06183538218352879,0.05592903606181523,0.19820416750906508,0.26209364658640527,0.05127613183025356,0.13664386398953043,0.1439491541542248,-34.54231103302891,0.09203106512100737
270.0,-2.390624779577962,665.5693350424939,5.046,-0.03,9.98,0.0,1.563284517326627,-0.013803537275906807,0.02596469657614901,-0.007084885833478127,-2.3881587836245366,668.0174887298685,0.0,-0.0328147067705008,10.013477905182613,0.0,269.908,-0.067457708101791,0.022417322361395188,-4.938651845695438,1.548464552843155,-0.040831358919821176,0.022854749036526126,-4.9746424199183465,0.15856830723655205,-0.012692661939672334,-0.0,1.5578980411287218,-2.4231849334370206,667.9634944843478,0.0,-0.006600523969979425,9.99999761614823,0.0,1.5714563792533864,52.0,0.05399456029074473,0.046229098190822104,0.05295888403667684,0.17768911058063522,0.2527167511551305,0.03929320018204995,0.12732927018984422,0.12105306041990409,-36.53785017016958,0.08018221280738874
270.1,-2.390625044941089,666.5679548446384,5.045,-0.04,9.98,0.0,1.5623187684130408,0.004081398222435509,0.035463400973096526,-0.017919609463982706,-2.393568563831157,669.0187581597384,0.0,-0.022401257222833877,10.012316129980967,0.0,269.974,-0.06087808754749171,0.024176083877525092,-4.854055947739702,1.555355261622742,-0.03170552319905029,0.02131096025491097,-4.961154843216988,0.15521184732775054,-0.013069694041483615,-0.0,1.5592374302573222,-2.423844985847531,668.9634942665116,0.0,-0.00660052396910679,9.999997616148232,0.0,1.5714563792532992,46.0,0.06667750139965806,0.05216915826177735,0.05489366512539774,0.18583017598375773,0.2562394520221345,0.043843731427615724,0.1313269372287721,0.12954137304368796,-35.80873632210053,0.08455620573537062
270.2,-2.3997151395919047,667.5665746423807,5.043,-0.03,9.98,0.0,1.560992613495562,0.005743393803384903,0.026070774919598815,-0.009040979751700975,-2.398866279370451,670.0199229155753,0.0,-0.009694247166768328,10.011207347823069,0.0,270.106,-0.06057206214474208,0.025388478773566554,-4.986400004324536,1.561299284749877,-0.03770362084829456,0.019052157903439726,-4.961219672111593,0.11577836390785873,-0.01499182730073123,-0.0,1.562188582187189,-2.424505038258082,669.9634940486753,0.0,-0.00660052397113406,9.999997616148235,0.0,1.571456379253502,54.0,0.05166645822755857,0.04434587330011682,0.053483804312949614,0.17514935528824874,0.2520144229064197,0.037814767445621934,0.12766526555870547,0.11941343938620215,-36.791093361415655,0.07914355600707573
270.3,-2.399715405890049,668.5651944413997,5.041,-0.03,9.98,0.0,1.5608737674218158,0.005018689281671317,-0.004063981358154215,0.0054364449591502014,-2.4037980773539243,671.020960847758,0.0,-0.009046103253135183,10.00975294958837,0.0,270.205,-0.05607810619497286,0.026126269332306655,-4.89008025850722,1.5706877943912845,-0.04806529074516756,0.02290285559421727,-4.956395571476882,0.02881290274392739,-0.003866640667487431,-0.0,1.5709153205179867,-2.4251650906690143,670.9634938308391,0.0,-0.00660052397655861,9.999997616148233,0.0,1.5714563792540444,55.0,0.05026789859163993,0.04323140920161897,0.05258658303851529,0.17424442139164328,0.2520997599494743,0.037481704277184565,0.12760555680176897,0.11876462872094683,-36.9627456719114,0.07901038544706968
270.4,-2.408805500411944,669.5638131830267,5.039,-0.02,9.98,0.0,1.5622923151266317,-0.0027598088116782124,-0.04353455916228519,0.029061660893707167,-2.40832588049662,672.0218333360211,0.0,-0.024918875291563787,10.00796696803907,0.0,270.304,-0.049908469038588164,0.015070627843187738,-4.948658326211923,1.535785738889729,-0.03445357840870088,0.016447654803900653,-4.9460521899535355,0.11363031948190958,-0.016801171200713227,-0.0,1.5613989871542602,-2.4258251430802673,671.9634936130028,0.0,-0.006600523976885015,9.999997616148233,0.0,1.571456379254077,56.0,0.05009068164998895,0.04309289689244389,0.05199762991579903,0.17418566301793814,0.2523496005614357,0.037440045918278556,0.12737728972619575,0.11871752474847261,-37.01574399970702,0.07918836111830832
270.5,-2.4088057676450774,670.5624329774014,5.038,-0.02,9.97,0.0,1.5646191132862608,0.007761706980351003,0.020038952542745878,-0.0011975432199065443,-2.4126644181977994,673.0225231883882,0.0,-0.04595526524801811,10.006064677596365,0.0,270.436,-0.04728585614313297,0.014175798940044206,-5.02611764119806,1.5464000840731598,-0.022828032386531628,0.012929634432183807,-4.95839834727002,0.1793811903706082,-0.013437351664309816,-0.0,1.554790041839759,-2.426485195491524,672.9634933951666,0.0,-0.00660052397596353,9.999997616148232,0.0,1.5714563792539848,24.0,0.04668942529272593,0.041230449414136575,0.05149221704515231,0.17116697145521165,0.25109360221739985,0.0356363448952889,0.12562509491469342,0.1159290435507626,-37.30144781233214,0.07773557840748616
270.6,-2.417895868086731,671.561052768217,5.036,-0.02,9.97,0.0,1.562942039282296,0.008349216974106321,0.051726784042820065,-0.029193132513849068,-2.416903022829438,674.0230119299438,0.0,-0.027541963930088478,10.003881160703674,0.0,270.502,-0.047991612458976526,0.015578965490454857,-4.98671786245055,1.5364246835827777,-0.011181827969084492,0.012563807821484193,-4.966006732429017,0.23276209269463272,-0.012880020607999754,-0.0,1.5494317433890583,-2.4271452479024527,673.9634931773303,0.0,-0.006600523971758005,9.999997616148235,0.0,1.5714563792535643,58.0,0.049471863027882215,0.042714394724228257,0.05131181725668318,0.17355789724546333,0.2522936082785634,0.03718190267132069,0.1267722406258673,0.11813299069233633,-37.105347014655855,0.07906981399909432
270.7,-2.417896133278731,672.5485767828525,5.034,-0.02,9.97,0.0,1.5596424295243363,0.005362597418900552,0.06675334932167651,-0.03945021118341656,-2.4214430407975027,675.2232542620804,0.0,0.013803037886325205,10.000306823450359,0.0,270.634,-0.039170450528465454,0.006595458522281331,-4.997199418910423,1.5642367289144412,-0.015710960810074306,0.005435149339309058,-4.977540338055713,0.12700107061488666,-0.025203141422354136,-0.0,1.5600372390666701,-2.4279373107953766,675.1634929159268,0.0,-0.006600523970767687,9.999997616148235,0.0,1.5714563792534653,26.0,0.04605356424643668,0.040863849196741124,0.0510139970338426,0.1704947318979883,0.25083991965786706,0.035291234976508046,0.12503456600612955,0.11526144570578396,-37.38251597473574,0.07748140385146124
270.8,-2.417896401487951,673.5471965743253,5.032,-0.01,9.97,-0.01,1.5570320729773979,0.012564000202426888,-0.02291058331067873,-0.0003323602244170946,-2.423795394991193,676.0231571520944,0.0,0.029084313227608228,9.997306873328563,0.0,270.733,-0.03065657929056469,-0.0015428705752456905,-5.029367858999623,1.5695012349298034,-0.02051124820556202,-0.0003990406667080727,-4.98725915863694,0.06832958529715842,-0.03423584847532091,0.01,1.5649257249653377,-2.4284653527239475,675.9634927416578,0.0,-0.0066005239730236595,9.999997616148235,0.0,1.5714563792536909,27.0,0.04521021377888072,0.04032344149403647,0.05082270745697065,0.16975100320043707,0.2504861464496424,0.03492485428525243,0.1247035145911281,0.11458231560608421,-37.46302009814854,0.07711436011011033
270.9,-2.426986506492028,674.5458163607192,5.03,0.0,9.96,-0.01,1.5588074662399034,0.01622566167781021,-0.041749779352862705,0.026580723363044647,-2.4258361571921685,677.0226740356096,0.0,0.010415594108689311,9.993056766202582,0.0,270.832,-0.03246530232208945,0.0039178774857119925,-5.005744795388251,1.577655825094127,-0.03274893987178809,-0.0027519606088435406,-4.991844247171324,-0.04252947376829344,-0.02519369615817091,0.01,1.575077156503695,-2.4291254051350792,676.9634925238215,0.0,-0.006600523978199519,9.999997616148233,0.0,1.5714563792542084,28.0,0.045748073010602436,0.040659045237415654,0.05068192630060602,0.1703812024862532,0.2507534854091912,0.03530600946718412,0.12501148493528386,0.11509615207308234,-37.40806217917097,0.07743160266372748
271.0,-2.426986769584829,675.5333393080343,5.029,0.0,9.96,-0.01,1.5621365486320593,0.007586606930173703,-0.06954909441697643,0.050684705327178795,-2.42737436833584,678.2214209065896,0.0,-0.03480108806634138,9.986256934320316,0.0,270.931,-0.028295576981789014,0.006840786101074195,-4.9156476349900355,1.5593516186923284,-0.027159278130156433,0.0016640634825773493,-4.981488063524393,0.017523123503557746,-0.011427750047582563,0.01,1.5690349579329201,679.7839999996254,4.3729079838557604e-08,0.0,10.000000000053433,6.37347379090521e-10,0.0,6.373473790871155e-11,29.0,0.04594103514131275,0.04076161053842761,0.05063579593642566,0.17054027984220932,0.25074128942700036,0.03539483405967489,0.12503017190095062,0.11517659086952413,-37.40785518828084,0.07747583954344957
271.1,-2.426987038680437,676.5319590925444,5.029,0.0,9.95,-0.01,1.5660343808729689,-0.006468634178797323,-0.022754081454671435,0.01584926809520873,-2.428249905803289,679.0201109037191,0.0,-0.06098827564930736,9.981182243077088,0.0,271.03,-0.03622983016902154,0.02318499084186497,-4.967859045709644,1.5347273611766445,-0.011779934916592181,0.01132398683379771,-4.975840721640166,0.1558728718459069,0.020051252184559942,0.01,1.5551634910146257,-2.43044550995813,678.963492088149,0.0,-0.006600523982707025,9.999997616148232,0.0,1.5714563792546592,30.0,0.04616845632050612,0.04083161003030238,0.05066558847733667,0.17058265492949337,0.25067587257840795,0.03541607462724259,0.12503168392975522,0.11518980417649345,-37.39793369440581,0.07745781250718466
271.205,-2.4269873119246768,677.5305799409296,5.03,0.0,9.94,-0.01,1.5660451693136732,-0.027424152161060204,0.06747572106678362,-0.02727530995251795,-2.4297215460939845,680.2174565537617,0.0,-0.049224071550240917,9.974954614768018,0.0,271.162,-0.03770028022619082,0.02427585014703247,-5.009261166979808,1.5739450603073009,-0.022167989902513188,0.023411430589909302,-4.983938401620229,0.07883406804419685,0.052356968650014934,0.01,1.5629070537511018,-2.431237572852316,680.1634918267455,0.0,-0.006600523982713686,9.999997616148232,0.0,1.5714563792546599,43.0,0.04735917710687588,0.041592621550983214,0.05082563264073063,0.17159846063445497,0.2510666499578484,0.03600415364657116,0.12548959751566965,0.11608051533467628,-37.2532574736042,0.0779213243338774
271.3,-2.4269875782039207,678.5181039479127,5.033,0.0,9.94,-0.01,1.5630728826534488,-0.04167555059711104,0.010344932155889384,-0.006219699169188348,-2.4306877609157183,681.015346276569,0.0,-0.030557997493426404,9.97260755074021,0.0,271.228,-0.03233609352952928,0.018158084854120227,-4.950702160967583,1.5542515552899439,-0.017384840943883477,0.024939203004684513,-4.979410878519582,0.09214005150411003,0.04703685681704606,0.01,1.5615706236472608,-2.4317656147817894,680.9634916524765,0.0,-0.006600523982460555,9.999997616148232,0.0,1.5714563792546345,32.0,0.0460565784974163,0.04078510596785393,0.050621579652739626,0.1705451581669774,0.25051974652330644,0.03544311982196635,0.12504217156075206,0.11508473140188027,-37.39694387016704,0.0773501332040987
271.402,-2.426987847231146,679.516723728664,5.035,0.0,9.94,0.0,1.562954996773277,-0.025334793735076577,0.010310339364800955,-0.0066933833533885665,-2.431866749144309,682.2120181538029,0.0,-0.02806072664550725,9.972488110228372,0.0,271.294,-0.029567648825527787,0.013805128972579836,-4.938827437057677,1.5527290521762247,-0.006766052756467413,0.024252727802926956,-4.977888801832648,0.1437504473276494,0.036879070835295735,-0.0,1.556388965537195,-2.432557677675919,682.163491391073,0.0,-0.006600523981030588,9.999997616148232,0.0,1.5714563792544916,66.0,0.05329661612214602,0.044759402230334255,0.05107967946949348,0.17650877174326768,0.2531972600377581,0.03895279798865906,0.12791105015568505,0.12059582324881495,-36.834782624778526,0.08042968412178678
271.5,-2.426988113812939,680.5042477326674,5.036,0.0,9.94,0.0,1.5620125560697655,-0.007191269527007233,0.02968907225313836,-0.02267628368275432,-2.4324062430570437,683.0098886240265,0.0,-0.01854157030551062,9.97415007613094,0.0,271.426,-0.029276209604045297,0.025039351958368754,-4.952545955729942,1.5526529943271892,0.0008519432968544213,0.026552579832155157,-4.967623504215938,0.1863898727017891,0.0345749308229113,-0.0,1.5521120035353302,-2.4330857196052342,682.963491216804,0.0,-0.006600523979496261,9.999997616148233,0.0,1.5714563792543381,34.0,0.0467862285762149,0.04140945258667379,0.050797674715488975,0.17109461235152815,0.2506010114718503,0.03565533389212077,0.12518274451077666,0.11550035338905759,-37.3181218377102,0.07752650008344564
271.6,-2.4269883830652077,681.5028675114199,5.035,0.01,9.95,0.0,1.559695997336183,-0.0015969976858154547,0.04197200592151627,-0.0308013282510502,-2.4326075269064296,684.0074583698454,0.0,0.00498106847139835,9.977013760634195,0.0,271.525,-0.033433082027181454,0.03523274713791823,-5.030359394875139,1.544877307720797,0.0001325591794434498,0.03433052674357171,-4.975387578443748,0.17651704537763185,0.03559631629723725,-0.0,1.5521198899880018,-2.4337457720165507,683.9634909989677,0.0,-0.006600523973800816,9.999997616148233,0.0,1.5714563792537686,35.0,0.047137364476917354,0.041490198111915504,0.05083265346065037,0.17122811109792954,0.2506563923103717,0.035788793246147754,0.12532551186698854,0.11566234101000036,-37.30697294391573,0.07759851816966598
271.7,-2.426988649317167,682.49039151183,5.035,0.02,9.95,0.0,1.5571666909989454,-0.0065197994748539545,0.02000903304642625,-0.02016347945890528,-2.431954405442892,685.0053344838908,0.0,0.030034666468644458,9.980175042612538,0.0,271.624,-0.021325310978487288,0.02103168566970093,-5.001202532740925,1.5538134811174438,-0.006636326370733511,0.031038745072864922,-4.979335251552275,0.10430873146918139,0.02154575206280107,-0.0,1.558330627337312,-2.434405824427311,684.9634907811314,0.0,-0.00660052397063002,9.999997616148235,0.0,1.5714563792534515,36.0,0.04731438860205312,0.04158766690714371,0.05088153190485302,0.17131023382380234,0.2506964784882735,0.035837529961490464,0.12536174047505816,0.11575293076441395,-37.29381525637791,0.07764985643508673
271.8,-2.4269889184722047,683.4890112870848,5.036,0.03,9.95,0.0,1.556079752804015,0.004842495779833231,-0.03777407549452474,0.00253898859567698,-2.4301878222312876,686.0035485264103,0.0,0.039394382168443924,9.983643095830466,0.0,271.723,-0.030841907962849194,0.02906879608243307,-4.982160789438305,1.5461102313299908,-0.001099400265005076,0.027025435087797863,-4.975215514489946,0.15209361611893338,0.00908112208318812,-0.0,1.5525141855030375,-2.4350658768380242,685.9634905632952,0.0,-0.006600523972297574,9.999997616148235,0.0,1.5714563792536183,37.0,0.0472286011737768,0.04158911702013055,0.05084978258445866,0.17128157881329828,0.25069608805388593,0.03583712447581504,0.12534420970584637,0.1157272740160086,-37.29900059523894,0.0776498456851141
271.9,-2.426989187733625,684.4876310607181,5.035,0.04,9.96,0.0,1.5560929068040588,0.012805102784561857,-0.006973681457426228,-0.01458391263020062,-2.427278367691332,687.0021002989643,0.0,0.040327924761501224,9.986882117646983,0.0,271.822,-0.030940748559993545,0.023744096216982633,-5.030457526177731,1.5905233820020461,-0.0268297941652663,0.027221662129498496,-4.9791550884085325,-0.05206982068731507,-0.001125216242195748,-0.0,1.5720082925078676,-2.435725929248728,686.9634903454589,0.0,-0.006600523971156264,9.999997616148235,0.0,1.5714563792535041,38.0,0.04708103082387395,0.0414674514278027,0.050826389478824126,0.17111477280209617,0.2506308246847218,0.03577006172138346,0.12527030021330318,0.1155877160431483,-37.31524778006674,0.0775773822727272
272.003,-2.426989453929451,685.4751550574745,5.033,0.05,9.96,0.0,1.5566802947458367,0.01495029510252803,-0.08346353592602039,0.045941008327905604,-2.422501052065751,688.2006945743366,0.0,0.018074966257856807,9.989256635782437,0.0,271.921,-0.037523613187127804,0.025062303999833908,-5.042247221945035,1.5905545219408492,-0.058147914798609174,0.025525173768758437,-4.997076957633169,-0.22751469998524915,-0.0060782113147457295,-0.0,1.58862808079956,689.7839999996472,4.4365694268168305e-08,0.0,10.000000000053433,6.37347379090521e-10,0.0,6.373473790871155e-11,39.0,0.04810804401766607,0.04209915033626549,0.050995454221628156,0.17194947177292366,0.25099305402615746,0.03624615471765099,0.12559069653131033,0.116338199508912,-37.22328678234065,0.07800019982984738
272.101,-2.426989723415943,686.4737748279696,5.032,0.05,9.96,0.0,1.5635375790905692,0.015494484993612948,-0.14468126345053092,0.09274996188924603,-2.418199021767058,689.1996481755667,0.0,-0.06066678539744647,9.98909240558412,0.0,272.02,-0.04392207363294858,0.032537471553505934,-5.02738801059581,1.5674508724993765,-0.052485081870994925,0.028204615943699073,-4.99638554999018,-0.0783338068325517,0.0018475603117806827,-0.0,1.573640551248021,-2.437178044553396,689.1634898662192,0.0,-0.006600523980502123,9.999997616148232,0.0,1.5714563792544387,40.0,0.048104511070073804,0.04185853730338293,0.05091551233806645,0.1719188118615028,0.2510517677430526,0.03647332980384348,0.1258779754079642,0.11641720696568772,-37.23677385923048,0.07803190583109268
272.2,-2.417900142583022,687.4723945991892,5.033,0.04,9.96,0.0,1.57103420874302,0.0009476486860400613,-0.023218710984899773,0.02969852801250493,-2.4153121938950752,689.9988087646694,0.0,-0.11024429591080809,9.987847826860037,0.0,272.119,-0.048101203294160844,0.039000605260836846,-4.968726233179178,1.5682500658004028,-0.0538510494215665,0.032590007980517074,-4.99471119711883,-0.04013248852328038,0.011630181364681746,-0.0,1.570809613340914,-2.437706086482701,689.9634896919501,0.0,-0.006600523980320046,9.999997616148232,0.0,1.5714563792544205,41.0,0.04855336626697303,0.04202069425453234,0.05097593006072891,0.17223867267354995,0.25119905294198086,0.03664931128029472,0.12600823618970977,0.11671008573530006,-37.207934520925996,0.07820217505734577
272.3,-2.417900410927757,688.4710143668489,5.036,0.03,9.96,0.0,1.5714939106281403,-0.010962087262491503,0.0073570667854109114,-0.0028617408390655464,-2.412995186985906,690.9977071321575,0.0,-0.1135939150270711,9.987293778695637,0.0,272.218,-0.049570273173534914,0.029517097630488025,-5.013753313868521,1.5682155113534668,-0.058125539442769714,0.03388304934716724,-4.998306114365356,-0.04077528018950453,0.01277218606893804,-0.0,1.5718767962767408,-2.438366138894147,690.9634894741139,0.0,-0.006600523976087875,9.999997616148233,0.0,1.5714563792539973,43.0,0.04814904770265025,0.041902274204655206,0.0508236199262089,0.1721575664554564,0.25116347837449376,0.03651266240883127,0.125928098853368,0.11656955287464256,-37.24101185901228,0.07816469278526189
272.401,-2.417900676219176,689.4585383573569,5.038,0.01,9.96,0.0,1.5711806811767184,-0.00887672917785891,0.002601266834004633,-0.0038498676718235533,-2.412248462680085,692.1963426270789,0.0,-0.1110021941068084,9.987549157777167,0.0,272.317,-0.055781563006958114,0.028277055826155282,-4.9451659870519284,1.547609476570232,-0.03984939387453312,0.03046672148827466,-4.988667140413142,0.12335773575763477,0.0029192313317984997,-0.0,1.5574117184298986,-2.439158201787283,692.1634892127104,0.0,-0.006600523970721058,9.999997616148235,0.0,1.5714563792534606,43.0,0.04832887468203578,0.04205395613945691,0.05076273861200119,0.17238959147148722,0.25125162547145957,0.03661892912498692,0.1260086548860262,0.11674574861260498,-37.22727130818734,0.07827672556274115
272.501,-2.4179009483783034,690.4571592081743,5.04,0.0,9.96,0.0,1.570148120986067,0.0014091598091197986,0.08020623354970927,-0.039511764640224496,-2.413161273719911,693.1952509682843,0.0,-0.08756308146828379,9.988794587641776,0.0,272.416,-0.05051374192725313,0.0399042575476514,-4.999733362176791,1.534813987409224,-0.025359548306342357,0.03500292570179227,-4.9851697082324495,0.2132701550023374,0.011625603651463479,-0.0,1.5494118852395673,-2.4398182541976814,693.1634889948741,0.0,-0.006600523964632591,9.999997616148233,0.0,1.5714563792528518,44.0,0.04807211054936459,0.041916231961375,0.0506728360049491,0.172181698544047,0.2511374752440003,0.0364936794385062,0.12590347651381276,0.1165356774459632,-37.24999078799994,0.07815866183644651
272.6,-2.4179012165771496,691.4557789719169,5.043,0.0,9.96,0.0,1.5649706908178072,-0.003783856737794894,0.09901331330337534,-0.06262788989371815,-2.4145426471296783,693.9944381811335,0.0,-0.04502788639025272,9.990063216415603,0.0,272.515,-0.04777969836860096,0.03536384237607872,-5.0446451715006955,1.5426635485785554,-0.013258321700507027,0.03873455217089945,-4.992728363858834,0.2555911258455459,0.016785129970724455,-0.0,1.5451833433849615,-2.440346296125452,693.9634888206051,0.0,-0.006600523956592355,9.999997616148233,0.0,1.5714563792520477,46.0,0.04983627043857193,0.042832702685281665,0.050850476285951234,0.17345633670131652,0.25167821068227564,0.03723843513943844,0.1264366307553339,0.11770601033152751,-37.11835041293079,0.07879885523587055
272.7,-2.4269913400287635,692.454398732811,5.045,0.0,9.96,0.0,1.559149822280977,-0.008455575092875088,0.08535784089953262,-0.058985733717719,-2.4166704141763002,695.1933553383316,0.0,0.023690763583732424,9.991684479493072,0.0,272.68,-0.051192274726629336,0.05112522012388485,-4.995146574163569,1.5488792990241675,-0.028706479377822426,0.04628117091717431,-5.001906655650934,0.1875219798415454,0.0317376911851035,-0.0,1.5520308253839188,-2.4411383590159894,695.1634885592016,0.0,-0.006600523947341974,9.999997616148232,0.0,1.5714563792511227,20.0,0.04875759211491824,0.04222907139780794,0.05088124064602062,0.17243461797121024,0.2511827604055487,0.036701866296120864,0.1259990300511581,0.11679875707292364,-37.1948513133982,0.07825123613121768
272.8,-2.426991606337367,693.4419227195016,5.046,0.0,9.97,0.0,1.5551451119270665,-0.018966129509609183,0.0031618593695087777,-0.017394669651123885,-2.417551925595418,695.992772086812,0.0,0.05054727612986681,9.993222191423309,0.0,272.713,-0.05108136653209967,0.04617981136654864,-4.961308110717147,1.5482861308673486,-0.018698359384020598,0.04803002137318957,-4.99766560645196,0.1846070253323183,0.023033052292504408,-0.0,1.5523248548996993,-2.44166640094257,695.9634883849326,0.0,-0.006600523945894243,9.999997616148232,0.0,1.571456379250978,47.0,0.048570691792776496,0.04208788317767267,0.05088478824494061,0.17226866208390743,0.25111557605315515,0.036637627828050356,0.125973811616226,0.11666700514501331,-37.21100214362723,0.07817144391098421
272.9,-2.426991875667369,694.4405424791403,5.048,0.01,9.97,0.0,1.5544847259905679,-0.009667427495955287,0.0032233145430764815,-0.0016300379114993248,-2.4176838441282156,696.9922952215226,0.0,0.0566177837933044,9.996499973424756,0.0,272.812,-0.05876720656155322,0.04963238461309424,-5.034338635899866,1.541998435532721,-0.025378768066873163,0.0513977002263997,-4.998584878841319,0.1475115599289955,0.027169160086369715,-0.0,1.5550420141669221,-2.4423264533504296,696.9634881670963,0.0,-0.006600523941482215,9.999997616148232,0.0,1.5714563792505367,48.0,0.04989378036864193,0.04289575820709182,0.050924486136880456,0.17349534687227217,0.25166766369305577,0.03726539803710328,0.1264651828107466,0.11774213936921124,-37.11088844084631,0.07880575657838515
273.0,-2.4269921449487413,695.4391622387392,5.049,0.02,9.98,0.0,1.5542391716178994,-0.007962249923906407,-0.019348994146288122,0.0035771357207763253,-2.4163483000429133,698.1922390850518,0.0,0.05779543450244543,10.001741418261021,0.0,272.911,-0.05938628084209805,0.05283717018456146,-5.044679625304761,1.5448000634960721,-0.02986293328754114,0.05498480094703669,-5.007535932381902,0.1420566184751689,0.021210145726620055,-0.0,1.5545940437554628,-2.4431185162396374,698.1634879056928,0.0,-0.006600523940967073,9.999997616148232,0.0,1.5714563792504852,49.0,0.0500985822495181,0.04304134755972597,0.050938559994854415,0.17362844698745142,0.25170095729326736,0.03731599709362007,0.12647642871088216,0.11784614260168957,-37.094746224447064,0.07885994510820821
273.1,-2.4269924138591534,696.4377819952806,5.049,0.03,9.98,0.0,1.554625374325786,-0.004608557498574113,-0.017732437004674924,0.0016885629621864787,-2.4146148896815505,698.9925733194952,0.0,0.05526188997163702,10.00576275354919,0.0,273.01,-0.05085516393363314,0.02956341065610108,-5.041220086098245,1.5851031000736897,-0.045350457415194466,0.0415261726185441,-5.007445776284319,-0.00020103812854313854,-0.009963439483655634,-0.0,1.567807483879693,-2.4436465581656805,698.9634877314238,0.0,-0.006600523936577249,9.999997616148233,0.0,1.5714563792500462,50.0,0.0500870236740885,0.043051896182393704,0.05096329473950375,0.17359766265067028,0.25167243558903435,0.03733117126666502,0.12647450318840156,0.11782401273412046,-37.09127648415978,0.07883603516738652
273.2,-2.417902823188598,697.4364017527333,5.049,0.04,9.99,0.0,1.556008944348667,0.020807867905204575,-0.06897304475184206,0.04137396540486058,-2.4117018368979117,699.9934368869935,0.0,0.03914444587135325,10.010709584861845,0.0,273.175,-0.06758319765170015,0.03592779081285585,-5.022215926562893,1.561561422966346,-0.052084004048118165,0.03732630348838201,-5.007364994224741,0.0352891161594071,-0.027430581461983294,-0.0,1.5632392720070813,-2.444306610572702,699.9634875135876,0.0,-0.006600523931823274,9.999997616148235,0.0,1.5714563792495708,25.0,0.05005751247638083,0.04304166000297348,0.050973133267586304,0.17356362357577398,0.2516512796889806,0.03733254999023888,0.12647197344481076,0.11779817671990281,-37.09170702575243,0.07881516317157258
273.3,-2.417903091279584,698.4350215071784,5.049,0.04,9.99,0.0,1.5596581576999764,0.027001713398615308,-0.03742803487316862,0.016132675175415893,-2.407732306614266,701.1950164001498,0.0,0.0018323027635476026,10.014805995667187,0.0,273.274,-0.06057118377191943,0.040458513421254456,-4.957517852844666,1.5544557386391173,-0.059512510621742225,0.036896141353788284,-5.009373572229432,-0.025831833030011547,-0.02185386257035482,-0.0,1.5693749835246706,-2.4450986734606075,701.163487252184,0.0,-0.0066005239294140905,9.999997616148235,0.0,1.57145637924933,26.0,0.05027752837543416,0.04314272045012573,0.05107352141448902,0.17366064157077077,0.2516833180891537,0.03741354360325444,0.12651685102491253,0.1179064266504069,-37.071849442456696,0.07885881063996916
273.4,-2.417903359721805,699.4336412598229,5.049,0.04,9.99,0.0,1.5613845727082831,0.013578607887243684,-0.054110711260131214,0.02854322658983782,-2.4052014196721734,701.9962574224681,0.0,-0.013795607834136634,10.015865447839603,0.0,273.307,-0.0700598834390643,0.0461184962460665,-5.017515043230487,1.5601736645196973,-0.06415846725097357,0.03886014400636688,-5.010232509167354,-0.021143397599093592,-0.012109394197532097,-0.0,1.5689064904860812,-2.4456267153857962,701.963487077915,0.0,-0.006600523929147637,9.999997616148235,0.0,1.5714563792493033,53.0,0.05014388670408557,0.04307660959183059,0.051088441528759694,0.17356267366231237,0.25163854226881593,0.0373528734825676,0.12647621208974705,0.11781745955151705,-37.081622329823006,0.07880778205870789
273.5,-2.4088137693979377,700.4322621152469,5.051,0.03,9.99,0.0,1.5640463554908077,3.274380974169249e-05,-0.03529874157306523,0.018703353528269684,-2.4025444980476247,702.9978763506917,0.0,-0.03979692508602674,10.016089368227547,0.0,273.406,-0.07168899348408514,0.03182393544546266,-5.04041583912962,1.5587858337485316,-0.06129998201316387,0.0304134239424148,-5.019008018595105,0.03237292092986996,-0.026723536751051213,-0.0,1.5645361265126585,-2.4462867677921816,702.9634868600788,0.0,-0.0066005239276888,9.99999761614823,0.0,1.5714563792491574,54.0,0.05018680887699403,0.04311498353054289,0.05110115906074018,0.17362238092068086,0.2516663881749252,0.037376773309664005,0.1264987001219241,0.1178685924566026,-37.07628193131768,0.07883959514054714
273.6,-2.4088140370207043,701.4308818654155,5.054,0.02,9.99,0.0,1.565256075063024,0.011627266437420012,0.010439473472398587,-0.0004568366103957855,-2.4005138509353885,704.1998300537349,0.0,-0.05040624110257919,10.015868567148305,0.0,273.505,-0.07144432635319391,0.025328296953750055,-5.0067252467798715,1.5440001027222925,-0.05873442779556146,0.026768327824470185,-5.021348406044254,0.08844842348334747,-0.029682715386888603,-0.0,1.559908707938671,-2.4470788306795033,704.1634865986753,0.0,-0.0066005239216958165,9.999997616148232,0.0,1.571456379248558,56.0,0.049997264257758675,0.0430357630739266,0.0510334834642867,0.1735452203304082,0.2516377042822544,0.0373178039234643,0.1264661137503022,0.11778199390386267,-37.09195243673868,0.07880349796851638
273.7,-2.4088143042725676,702.429501614805,5.057,0.01,9.99,0.0,1.5644411445271709,0.012355504323497258,0.03446128156597944,-0.01761384258988597,-2.399858404871541,705.2014033439999,0.0,-0.03753212087650688,10.015124868357528,0.0,273.637,-0.073278762172695,0.024622913531989612,-5.002010548527947,1.5358469556937833,-0.053307934832917944,0.02285614552330612,-5.019952228271833,0.1637759624591788,-0.032979184459108524,-0.0,1.5533454923306516,-2.447738883085027,705.163486380839,0.0,-0.00660052391588713,9.999997616148233,0.0,1.5714563792479772,24.0,0.046441135972233955,0.04109094075341975,0.050804762233849395,0.17055250439900987,0.2502491240853195,0.03549447698935073,0.12498547073474216,0.11502037504180711,-37.37063366435412,0.07724349706437704
273.8,-2.4088145754118955,703.4281224696273,5.06,0.01,9.99,0.01,1.5621844670411684,0.012844355760264945,0.06069492217730295,-0.03621862950194543,-2.3999035070361794,706.2028326958203,0.0,-0.011124057096396038,10.013389772073863,0.0,273.769,-0.07752941399143966,0.025534525365031056,-4.974654381601571,1.5302824401426636,-0.05811864041248479,0.027106226200226607,-5.0045503272126926,0.17280815233644234,-0.01836096852935043,-0.01,1.5524655713617534,-2.4483989354900837,706.1634861630027,0.0,-0.006600523913393569,9.999997616148233,0.0,1.5714563792477279,31.0,0.04943427656810718,0.0426391075212135,0.050887382093357754,0.173115850658625,0.2514755629746452,0.03710461047571216,0.126349212165786,0.11740129890247633,-37.144775824674014,0.0785999357910925
273.9,-2.4088148428887735,704.4267422177772,5.062,0.0,9.99,0.01,1.558969953158174,-0.0007570088327972427,0.035422122675087514,-0.030882306311941193,-2.40017755560064,707.0038148490593,0.0,0.013863720739639327,10.011381146948905,0.0,273.835,-0.08533284754546065,0.02290909745925864,-5.0110747212361275,1.5617471067211184,-0.060962231985193946,0.022960536888589244,-5.006218025746426,0.11112883528694144,-0.02224541589278317,-0.01,1.5596479552750409,-2.4489269774138815,706.9634859887337,0.0,-0.006600523909558858,9.999997616148235,0.0,1.5714563792473444,29.0,0.046732578018415676,0.041134988467663475,0.050868244423331946,0.17061191395026062,0.25026766626726954,0.03554123061485343,0.1249948575105875,0.11509282285354078,-37.35200439861228,0.07726816543846687
274.0,-2.408815106561576,705.4142661892988,5.06,0.0,9.99,0.01,1.5580175249513726,0.002023792476121483,0.0011237609214042755,0.00943696440317138,-2.4005429647564758,708.0048021049241,0.0,0.021375721499277484,10.008590056540278,0.0,273.967,-0.07550034014555401,0.015527949259535094,-5.087973025376006,1.596375821862314,-0.08610157338347484,0.015058293948845877,-5.022034851497658,-0.14331116094740584,-0.03532407045126895,-0.01,1.5851916986305763,-2.449587029818294,707.9634857708975,0.0,-0.006600523906834368,9.999997616148232,0.0,1.571456379247072,33.0,0.04534558193375538,0.040360113178164535,0.05067400996957372,0.169637225776362,0.24985810916312887,0.034987811723820546,0.1246346211575702,0.11421681466704864,-37.46940793458404,0.07679189328416439
274.1,-2.4179052385542548,706.4128848210635,5.059,0.0,9.98,0.01,1.5596988443892934,0.016490697878725497,-0.18134442745748122,0.04549932033011656,-2.4009533896961526,709.0054994792091,0.0,0.0007481808347186292,10.005462747785408,0.0,274.033,-0.07637416763549275,0.04020053594783504,-5.0069303248097,1.5772203455609541,-0.09111388601513785,0.02555062357033586,-5.021363632200515,-0.12461792178348562,0.004677625377407679,-0.01,1.5832765946963954,-2.4502470822223597,708.9634855530612,0.0,-0.006600523903608059,9.99999761614823,0.0,1.5714563792467493,27.0,0.04502605141919776,0.04015975701778038,0.0505157646603138,0.16944998833999858,0.24978643551083884,0.034831152446217296,0.12453340332366288,0.11402033350708943,-37.506054986631455,0.0767042411144825
274.209,-2.4179055753791943,707.6667073869687,5.057,0.0,9.98,0.01,1.5696758232687154,-0.01452069998048216,-0.1005819751421647,0.07201203255826742,-2.402334721265788,710.2058700736686,0.0,-0.09478968261618664,10.000387305736897,0.0,274.165,-0.07996677114566604,0.03857283076048857,-5.008093901525987,1.5727700020443254,-0.08029221245786825,0.03460840007034152,-5.012744828182827,-0.0014088754649823493,0.02658951121179598,-0.01,1.5709371215635932,-2.4510391451071194,710.1634852916577,0.0,-0.0066005239035925155,9.99999761614823,0.0,1.5714563792467477,21.0,0.03791482006921121,0.03567636883592006,0.04999867192831273,0.16272105604134623,0.24671137791789713,0.03088308992078324,0.12149031525577224,0.10826851208615282,-38.18935360021973,0.07336722281342048
274.3,-2.4179057751546225,708.4101243043788,5.056,-0.01,9.98,0.0,1.572109297677178,-0.03134868402176691,-0.006054976212528713,0.001987011413132632,-2.4051071834235977,711.2058257680992,0.0,-0.11749214182675416,9.99763039881407,0.0,274.231,-0.07234297996174041,0.03667069870143946,-4.95567302212136,1.5461112076715628,-0.06465480099098342,0.037675654649362164,-5.006987648815123,0.111320396901478,0.030708959729926377,-0.0,1.5606754714377509,-2.4516991975110907,711.1634850738214,0.0,-0.006600523904815982,9.999997616148232,0.0,1.57145637924687,29.0,0.04638639474400876,0.041062084449376195,0.051628176624006525,0.1703555328139875,0.2501752620217788,0.0354495740590439,0.12498151917909253,0.1149889827434791,-37.33234533472033,0.07714344648299423
274.4,-2.417906043975478,709.4087440432831,5.055,-0.03,9.98,0.01,1.5705498306513783,-0.025062742870712026,0.058658084883305164,-0.039471991408486534,-2.4095042927148103,712.2056512602379,0.0,-0.0922859868734322,9.997940404350308,0.0,274.33,-0.0788537677398755,0.036787334795861826,-5.006849013227558,1.5522470779817927,-0.04827913015679716,0.03791361815785253,-5.014140527490724,0.21809702901012934,0.02714168293239716,-0.01,1.552002260707245,-2.4522272394343343,711.9634848995524,0.0,-0.006600523905013602,9.999997616148232,0.0,1.5714563792468899,30.0,0.046142294020718524,0.04078243835592294,0.051240716907300185,0.17041850948036472,0.2502781512791013,0.03538695605063213,0.12500610119390207,0.1149783130203465,-37.381226390080364,0.07722086215800772
274.5,-2.4179063114706594,710.4073637808152,5.052,-0.04,9.98,0.01,1.566175638293151,-0.011745175536958941,0.10602404178926197,-0.05568900979387668,-2.4138767235278977,713.005567546548,0.0,-0.05619766526007505,9.999614845299492,0.0,274.429,-0.07144849490436771,0.03257430202877493,-5.012073030458258,1.541492588814523,-0.040111854188937916,0.03969138559613945,-5.01076236743528,0.24313773988051235,0.026482869509507623,-0.01,1.5504985014686594,-2.4528872918383384,712.9634846817162,0.0,-0.0066005239035525475,9.99999761614823,0.0,1.5714563792467438,31.0,0.04608727279818552,0.040715078704404654,0.051042517673801205,0.17041822798858436,0.2502712714393856,0.03531159699271702,0.12493422239971336,0.11492064350581338,-37.399096484847995,0.077218011643191
274.6,-2.417906576940595,711.3948877427983,5.052,-0.04,9.98,0.01,1.5611624336477854,-0.00773837518359317,0.08274167199790022,-0.04776046736671331,-2.4197453804803977,714.0056709664525,0.0,-0.006447551316090047,10.002398919532013,0.0,274.528,-0.05251400147858357,0.032432843905577005,-5.054545582016043,1.5547803726035874,-0.031985413531293284,0.03392718565594874,-5.014314208696748,0.2212801694605271,0.011144600596585619,-0.01,1.5526542332023439,-2.453547344242453,713.9634844638799,0.0,-0.006600523907629287,9.999997616148232,0.0,1.5714563792471514,33.0,0.04626181932776373,0.04082981763587146,0.0509515067943971,0.17056775661103463,0.25032117843119633,0.03540944322835322,0.12499842431681811,0.11503577269824591,-37.387617582499935,0.07728483609556291
274.7,-2.4269967207172556,712.393507474037,5.052,-0.03,9.98,0.0,1.5579628181320173,0.007127269069985338,0.04358320548966442,-0.023126350423502945,-2.426368172243327,715.2062034096388,0.0,0.02825245808138171,10.005998481233297,0.0,274.627,-0.04241312787262355,0.03456094986107621,-4.988584617690329,1.5478322604995223,-0.019696974428239956,0.031916377903519796,-5.0099770367030505,0.2321153375125372,0.0061627497755747385,-0.0,1.5505595500417655,-2.4543394071280393,715.1634842024764,0.0,-0.00660052391424622,9.999997616148233,0.0,1.5714563792478131,33.0,0.04730457069953661,0.041534769806437014,0.05100045845067344,0.17139261362716918,0.25064029983438674,0.03583536133681098,0.1252565020586567,0.11573325861125351,-37.29852101592441,0.0776745706218877
274.8,-2.4360868685986645,713.392127204276,5.051,-0.02,9.99,0.0,1.556099969023142,0.00966641775441894,0.03599819248410041,-0.02117600425812171,-2.4300974966449456,716.0068072193965,0.0,0.04315570340326142,10.00815127857425,0.0,274.726,-0.05795915930278697,0.02957385146914546,-4.8932374648963,1.569135740664017,-0.027487807761775236,0.032056508119072014,-4.99596446182149,0.14563471942933442,-0.002572997102793906,-0.0,1.558217702363116,-2.4548674490521565,715.9634840282074,0.0,-0.006600523917889971,9.999997616148232,0.0,1.5714563792481775,34.0,0.0461346095713131,0.04084718488806885,0.05077026683433167,0.17041987534854233,0.250212716562437,0.03536312001675763,0.1249358868897183,0.11488337824161401,-37.40148855972209,0.07718690939575729
274.903,-2.4360871389307874,714.3907469362555,5.05,-0.01,9.99,0.0,1.5556512233477573,0.008643051740240475,-0.007213069394308246,0.013857478838267726,-2.434330625647058,717.2079999892761,0.0,0.043362571711900624,10.01066340362381,0.0,274.858,-0.06128222148529702,0.01698924079725354,-4.934556396675549,1.5592608569053272,-0.05061152690875567,0.017375311294965966,-4.9876416941249815,-0.010821513012203065,-0.03299222284482717,-0.0,1.5728874653305227,-2.4556595119384177,717.1634837668039,0.0,-0.006600523914899031,9.999997616148233,0.0,1.5714563792478784,45.0,0.04772097341292297,0.04185767490365469,0.05095777469590398,0.17172384331130466,0.2507658237049407,0.036083865605652056,0.12543312361166764,0.116034141609825,-37.225486547211695,0.07780977650486255
275.0,-2.43608740533125,715.3893655410254,5.049,0.0,9.99,0.0,1.558122935765658,0.0302738913377043,-0.07852799565995668,0.05163444404929938,-2.4363342279855384,718.0089100814589,0.0,0.01873559184239552,10.0114983522002,0.0,274.924,-0.04782637101239724,0.03638815604435574,-4.94161352711395,1.5544774243743424,-0.042604617453368895,0.024396349760630355,-4.982619638236825,0.039868570567778996,-0.010368349481417738,-0.0,1.5668013538474506,-2.4561875538623967,717.9634835925349,0.0,-0.006600523913826556,9.999997616148233,0.0,1.5714563792477712,36.0,0.04709334609291869,0.04153125836900644,0.05081502102897277,0.17128793214740357,0.25053207999081084,0.035847991651823403,0.12523546664100704,0.1155996744442311,-37.30239927860077,0.07756475949038961
275.1,-2.4360876757986887,716.3879852677045,5.048,0.0,9.99,0.0,1.5626151171189289,0.007142437108363378,-0.035607775701203624,0.02384306780344622,-2.438397558893952,719.0100379426619,0.0,-0.024547008688912006,10.010779072725148,0.0,275.023,-0.04346647362643353,0.009069422837320238,-4.880388014862517,1.5326651716658979,-0.02278710023581706,0.013144145140710552,-4.970530747917177,0.17561041449327613,-0.03325500366653422,-0.0,1.5531608235665064,-2.4568476062675426,718.9634833746986,0.0,-0.006600523917310436,9.999997616148233,0.0,1.5714563792481195,37.0,0.050229802234651844,0.04378595278296054,0.05258326889228201,0.17318983829122442,0.25115526597976756,0.03676922198750363,0.12567888886140977,0.11742608936875507,-36.96382269145697,0.07839785078360367
275.2,-2.4451778257949,717.3866049907542,5.048,0.0,9.99,0.0,1.5629497757789235,0.02056568000812692,0.06521696676380688,-0.02547798519983575,-2.4403772449587287,720.0110197427992,0.0,-0.02492123713379041,10.008812786893655,0.0,275.122,-0.04367005719737289,0.027008562861933712,-4.915319209682816,1.5653260642141675,-0.02510647648125862,0.0162915046377365,-4.964634621778691,0.09578768898922323,-0.018247778007010496,-0.0,1.5611907187932157,-2.457507658673073,719.9634831568624,0.0,-0.006600523924222684,9.999997616148232,0.0,1.5714563792488108,38.0,0.04762427121536692,0.04190930737981555,0.05197144844191407,0.17132222447522252,0.2505356713488806,0.035952036127702355,0.1253564790900054,0.11585171567594463,-37.20773400949447,0.07757269704445183
275.3,-2.445178096719957,718.3852247151503,5.048,0.0,9.98,0.0,1.5602699863400797,0.0032275953347096213,0.002032791414105409,-0.005634848420877828,-2.4422147943338617,721.0117378649248,0.0,0.00015165879917237128,10.00567265686569,0.0,275.221,-0.05009140682357098,0.027206786052295266,-4.857779752365428,1.5731603754945291,-0.040828114428748605,0.021488423314123345,-4.951507853774201,-0.01058013296222293,0.007532152682168558,-0.0,1.5718556604563907,-2.458167711079351,720.9634829390261,0.0,-0.006600523930919553,9.999997616148233,0.0,1.5714563792494805,39.0,0.050358330071072925,0.043853205929515256,0.05345029452379273,0.1731706330220777,0.2512338212300916,0.03681104702611861,0.12579094866148918,0.11760091608198106,-36.91521516346276,0.07843965598416588
275.4,-2.445178367918686,719.3838444379674,5.048,0.0,9.98,0.0,1.5621584226053695,-0.012607444283145025,-0.036065163796136,0.042763358532163835,-2.4437949911705847,722.0121126979514,0.0,-0.021179034703851993,10.002228352565634,0.0,275.32,-0.04350135607155827,0.024201317069929416,-4.950056527538939,1.535557296341338,-0.021733344763909077,0.028428647720514053,-4.950661764452928,0.16377588589366193,0.019338926270743073,-0.0,1.5544191198044743,-2.4588277634862687,721.9634827211898,0.0,-0.006600523937720779,9.999997616148233,0.0,1.5714563792501606,40.0,0.0476546691120685,0.04188413845284909,0.05248368801809716,0.17145597414335187,0.2507108607577795,0.035958935004442166,0.1253939754028178,0.11604956689542774,-37.186469583971245,0.07771160664107807
275.501,-2.445178639701197,720.3824641583201,5.048,0.0,9.98,0.0,1.564350677714918,-0.02132589479031194,0.06312229727380711,-0.019251293616294022,-2.445606861245235,723.2121932599347,0.0,-0.031096617436051157,9.999669027225105,0.0,275.419,-0.04237342968679104,0.032552963224090854,-4.917502533836254,1.57133464282436,-0.02646439386801068,0.03264173553607381,-4.945519642017892,0.07951836067242925,0.02701246370380872,-0.0,1.5628502302605478,-2.4596198263753646,723.1634824597863,0.0,-0.006600523942969915,9.999997616148233,0.0,1.5714563792506855,41.0,0.05152399831463896,0.04383246165588359,0.05223329535381615,0.17492668895898256,0.2523749461404739,0.03795222859262164,0.1270391255770919,0.11917609527275888,-36.89601628353201,0.07955247107163568
275.6,-2.4451789105578996,721.3810838774388,5.047,0.0,9.98,0.0,1.5617375886675458,-0.019832089009870775,0.005723940236655361,-0.0025651243301254667,-2.446758266623977,724.0121441698082,0.0,-0.01443697066725885,9.999307605629154,0.0,275.518,-0.04566576180468288,0.016100905914255052,-5.033571162424754,1.5364233501068045,-0.027310306982252106,0.023843620246809114,-4.95568056380945,0.0978909200308125,0.004218016892030718,-0.0,1.5609920753942506,-2.4601478683017204,723.9634822855173,0.0,-0.006600523945412406,9.999997616148232,0.0,1.5714563792509297,42.0,0.05013311278812974,0.04315662668220439,0.05180560806405484,0.1740807250105122,0.25194906737551076,0.037392247828631875,0.12657845064490816,0.11826236018821948,-37.03076951217126,0.07908730574049794
275.703,-2.4451791794259634,722.3686078217031,5.046,0.0,9.98,0.0,1.5619641403344013,0.0046043660211153295,0.006184787066943222,-0.003164977800531198,-2.448214865302225,725.212107021298,0.0,-0.016520256821513264,10.000193879043017,0.0,275.617,-0.04024639798450091,0.020881477744485764,-4.946585032212385,1.5352355815403298,-0.012807923669755417,0.02391662346844239,-4.961137266653937,0.19498484358037696,0.002988506152492576,-0.0,1.5512670992134643,-2.460939931191411,725.1634820241138,0.0,-0.006600523944968317,9.999997616148232,0.0,1.5714563792508853,43.0,0.04926106982187456,0.04264813798055478,0.05150804970731629,0.17333931220313978,0.25158971080172066,0.03699146736543598,0.12632589818797624,0.11756909680505345,-37.11405707164408,0.07868879440559401
275.8,-2.4451794501853783,723.3672275377039,5.045,0.0,9.98,0.0,1.5607317165148,0.007719473635153033,0.04562541338167763,-0.03401219900401022,-2.4489399305996407,726.0121538473988,0.0,-0.0024922205954323595,10.000904430303425,0.0,275.716,-0.04145259072564937,0.02181892258968138,-4.943609274689749,1.536948909857585,-0.018168340422262175,0.026202366722157807,-4.952581758511656,0.14849433321693697,0.00791160743489705,-0.0,1.5559300164535912,-2.4614679731178133,725.9634818498448,0.0,-0.006600523945314706,9.999997616148232,0.0,1.57145637925092,45.0,0.04763091463212913,0.04166018626098277,0.051013953140737006,0.17200114592814988,0.2510117935837151,0.036250505457261537,0.12581104915599076,0.11634053251738664,-37.26891156521226,0.07802013519285772
275.902,-2.4451797218508773,724.3658472523593,5.047,0.01,9.98,0.0,1.5580568807807305,0.0005260989309988598,0.009346103416867788,-0.012866176867442878,-2.449326396270084,727.2122927130234,0.0,0.024099410553366,10.001307903632611,0.0,275.815,-0.030588159605528836,0.023071016778742386,-4.985907379044925,1.5572551165546182,-0.011737391636504186,0.024546560229121484,-4.961602416643164,0.14635653678562782,0.0033906378670263138,-0.0,1.5551359404371223,-2.4622600360074225,727.1634815884413,0.0,-0.00660052394254581,9.999997616148233,0.0,1.571456379250643,45.0,0.05190269735311658,0.04404052695634664,0.051325393229169,0.1752586891218863,0.2524426275348428,0.03811391813933294,0.1271671021427687,0.11933478492998925,-36.943869255723,0.07969244059306549
276.0,-2.4451799934678036,725.364466965456,5.049,0.02,9.98,0.0,1.557337388457034,0.0030892062869743706,0.005442036330468545,-0.009050140178248536,-2.448939760846884,728.0124058824704,0.0,0.030052736680937542,10.001430463785995,0.0,275.914,-0.03974469114096427,0.02286227555990132,-5.002024490885596,1.534833470466495,-0.004298575471840275,0.02120665142465984,-4.963423699146546,0.21129556603071395,-0.0053229289847482875,-0.0,1.5476122054268482,-2.4627880779336064,727.9634814141723,0.0,-0.0066005239399989585,9.999997616148232,0.0,1.5714563792503884,46.0,0.04815589272220598,0.042030386684596154,0.0509434726111012,0.17218376411302758,0.25105520590653224,0.0364380215131839,0.12585584496148122,0.11652416897007298,-37.22900973488605,0.07809982594046011
276.1,-2.445180268221378,726.3630878213442,5.05,0.03,9.98,0.0,1.5555130066957814,0.00840484502435578,0.024955731154209522,-0.03384098971481043,-2.4476000348078575,729.0125483741491,0.0,0.049755207981705414,10.00118085573996,0.0,276.013,-0.03970615567231539,0.018444898169579563,-4.926479850739686,1.5265417947758382,-0.008287710959714978,0.018787129099112787,-4.960171415109661,0.18074788025869504,-0.009743006744500349,-0.0,1.5496618162814642,-2.463448130341168,728.963481196336,0.0,-0.006600523939343927,9.999997616148233,0.0,1.5714563792503229,41.0,0.049783959407381145,0.04289551237642886,0.05097573183395955,0.17353092598088632,0.2516975791755999,0.03729080285702684,0.12653161101869628,0.1177824990316694,-37.09824083401953,0.07881213926441558
276.2,-2.4451805394186863,727.3617075324826,5.053,0.04,9.98,0.0,1.5530793173846347,0.010107981925879571,-0.0040016701024400796,-0.014750719022404699,-2.4451018482216016,730.0126353919147,0.0,0.07296552711696855,10.000069179416354,0.0,276.112,-0.045060533275377866,0.024511393139769435,-5.064006447944128,1.5947477162999864,-0.047726186099511465,0.021511917097735155,-4.973129370341441,-0.10995570850116937,-0.0011828350022398126,-0.0,1.5778066328626228,-2.4641081827485944,729.9634809784998,0.0,-0.006600523938078271,9.999997616148232,0.0,1.5714563792501963,49.0,0.04999520601283155,0.04300981137948034,0.05095335660966277,0.17366502653825722,0.2517286483164071,0.037323194456309106,0.12651820421931453,0.11787233971799801,-37.09460395030403,0.07886640497823605
276.3,-2.4451808075298516,728.349231468721,5.056,0.05,9.98,0.0,1.5538292574372627,0.00010441608564475835,-0.15690935555971933,0.055122102447050354,-2.440574386073138,731.2125554592046,0.0,0.041651647664839635,9.998293395640323,0.0,276.211,-0.04805404268535052,0.012232243714373753,-4.960967862284405,1.5603816493067426,-0.04860238395335629,0.012464299112539764,-4.971623493247968,-0.04854404601505168,-0.01970664349384421,-0.0,1.5706501509823512,-2.4649002456373617,731.1634807170963,0.0,-0.006600523935851165,9.999997616148233,0.0,1.5714563792499736,51.0,0.04993339364987444,0.043023200113451274,0.05095632175164853,0.17361019136597777,0.25169549185242585,0.037293744240943845,0.12649723182053654,0.11782437845858643,-37.091420016004214,0.07883262847999524
276.4,-2.4451810793520394,729.3478511779986,5.059,0.05,9.98,0.0,1.5615796894442777,0.014694172721266411,-0.07160498470691219,0.0522039670721047,-2.4371597673506744,732.0123450201319,0.0,-0.014766447444645626,9.996521748759362,0.0,276.31,-0.04465677514134562,0.024961543433166773,-4.991269748612953,1.560327870498312,-0.045312072228442336,0.017913411559523154,-4.973881024926282,-0.009530946952932495,-0.0038940050298172935,-0.0,1.5667397509041059,-2.4654282875630433,731.9634805428273,0.0,-0.00660052393472984,9.999997616148233,0.0,1.5714563792498615,51.0,0.05552255841131811,0.04657176330232946,0.052897827202380114,0.17732512399537115,0.2530978983342587,0.039219844840536304,0.12760274614740807,0.12137326654722741,-36.59679011181651,0.08062268192156585
276.5,-2.4360914616407854,730.3464720370621,5.061,0.05,9.97,0.0,1.5642497628603615,-0.0027064164881587813,-0.019990164417219496,0.013154824393918406,-2.433218262179533,733.0118610002761,0.0,-0.03945116053996033,9.993607218900147,0.0,276.409,-0.054781654594379336,0.017612348118837325,-4.930820195541966,1.552114474810516,-0.037141132414723325,0.0175528412411997,-4.968934820203959,0.09643611990641017,0.0041116868777173465,-0.0,1.5561157613039662,-2.4660883399700104,732.963480324991,0.0,-0.006600523934518898,9.999997616148235,0.0,1.5714563792498404,52.0,0.05073933573029005,0.04357003219201425,0.05226860733779389,0.17374623450304336,0.2517061728545918,0.03753665487069375,0.12659330572759567,0.11818345217961099,-36.96708394313668,0.07887355236313226
276.6,-2.4360917322437388,731.3450917433457,5.063,0.04,9.97,0.0,1.5641482840899863,-0.006433739581587379,0.04519029441057241,-0.02359304660510994,-2.429962324653078,734.0110931862155,0.0,-0.0364493783265693,9.990851988541305,0.0,276.508,-0.0671536222159761,0.025584731479403558,-4.9970625737265575,1.5729388569543068,-0.06313385726772695,0.024851101225575378,-4.964632720791704,-0.04219909868302707,0.019484505990801537,-0.0,1.571016468149156,-2.466748392377161,733.9634801071547,0.0,-0.006600523938433542,9.999997616148232,0.0,1.5714563792502318,52.0,0.05007694410734908,0.04303603270336422,0.051790512579846064,0.17357495056546363,0.2517470651592967,0.037341169555043234,0.1265552338067454,0.11795749606299957,-37.05020562473587,0.07885864493602751
276.7,-2.4360919993729055,732.3326156758353,5.064,0.03,9.97,0.0,1.5627035089444858,-0.016628623608355864,-0.023708601131180555,0.02342416141410256,-2.4273787891195933,735.0100782320294,0.0,-0.025252407376279047,9.98881728851122,0.0,276.574,-0.060445373602163406,0.017573735395793908,-4.898220714661663,1.5674115060896014,-0.06485389430471017,0.022388883143915846,-4.957541557287739,-0.030086622563328627,0.012063194550234968,-0.0,1.570805004616469,-2.4674084447846445,734.9634798893185,0.0,-0.006600523940727265,9.999997616148232,0.0,1.5714563792504612,46.0,0.06544910017801608,0.05113094644940541,0.05401123379470009,0.18435080832075348,0.2563589648850969,0.043433507658125155,0.13098090543095064,0.12856277835542332,-35.994284750999654,0.08452200494689942
276.8,-2.436092269401229,733.3312353802236,5.064,0.02,9.97,0.0,1.5655877516281347,-0.006005416832928178,-0.016946734567412206,0.023366224977217607,-2.425568771141337,736.0089095433129,0.0,-0.053381568640471895,9.987577984721442,0.0,276.706,-0.059321407752461856,0.01707376986723445,-4.916910183309722,1.5327068310476968,-0.04725572608678441,0.018710534313711925,-4.958293151312306,0.13343217373208024,0.0015341934518335876,-0.0,1.5554105232071809,-2.4680684971924025,735.9634796714822,0.0,-0.006600523943014324,9.999997616148233,0.0,1.57145637925069,54.0,0.05179520362086173,0.04428862009956152,0.05299635360493436,0.17458124407623477,0.252050258036448,0.03786439817066274,0.1267417560316529,0.11895796721412843,-36.85196704159764,0.07929378749433187
276.9,-2.43609254025813,734.329855083108,5.065,0.01,9.97,0.0,1.5662536468033235,0.004767806332604925,0.0825051076112846,-0.024951431884869996,-2.424743307838782,737.0076840866432,0.0,-0.056899473039619175,9.987253824775037,0.0,276.805,-0.0751506151867524,0.02313127980855344,-5.014847577098271,1.538769892652132,-0.03554125927483226,0.020870872605760288,-4.966999354290255,0.23872665286697028,0.004379250402218204,-0.0,1.5458649390389538,-2.4687285496004194,736.963479453646,0.0,-0.006600523946198442,9.999997616148232,0.0,1.5714563792510083,55.0,0.05031262377719299,0.0432375344756912,0.05229391202149811,0.17382089289732391,0.25185204099713226,0.03743974235675241,0.12659049404971465,0.11820553858692912,-37.00454589945435,0.07898638246492196
277.003,-2.4360928103442347,735.3284747843156,5.067,0.01,9.97,0.0,1.5615444230523448,0.002542922336058637,0.11352743258948288,-0.06374061699346453,-2.4246938641766085,738.2061690517073,0.0,0.0037482029706711545,9.98709475706227,0.0,276.937,-0.0728588441283258,0.026978003679796053,-4.99648691445886,1.5600999923403926,-0.04965887748635065,0.025463008861258813,-4.9749789331610685,0.12678430629594126,0.014645908130844987,-0.0,1.5570977188017665,739.7839999997564,4.754878234990612e-08,0.0,10.000000000053433,6.37347379090521e-10,0.0,6.373473790871155e-11,23.0,0.046722548121277394,0.041231442077308326,0.051685582858819606,0.1710019500520998,0.2505578117272134,0.035595343477235045,0.1251123046448409,0.11549542898413181,-37.30578671086653,0.07752328803466416
277.1,-2.4360930815331585,736.3159998688983,5.07,0.01,9.97,0.0,1.5571591575306398,-0.006903741333397713,0.009602208684131357,-0.01280789887012039,-2.4247239071714755,739.0051189128368,0.0,0.03197717692781747,9.986590525978212,0.0,277.036,-0.07141560815441411,0.02655704122907368,-5.033126481695899,1.5448496068138629,-0.0478886620123876,0.02752316577253883,-4.986572709883378,0.15197513468451898,0.01625831119781651,-0.0,1.5545779467337657,-2.4700486544172455,738.9634790179734,0.0,-0.006600523946023029,9.999997616148232,0.0,1.5714563792509908,24.0,0.0463139413970303,0.04091970559338287,0.05134626446449167,0.170710159839516,0.25042812448887714,0.03544070744061588,0.12502276761050427,0.11519878272036532,-37.359639313666236,0.07737813613585691
277.2,-2.4360933514444696,737.3146195691081,5.072,0.01,9.97,0.0,1.5569139691677432,-0.005349942805268798,0.007209411222495609,-0.009326983901749658,-2.424476147316645,740.0037795619415,0.0,0.03458354309054103,9.98652081597325,0.0,277.102,-0.07521830704529728,0.021087642060173547,-4.9424475039324465,1.5502707341653392,-0.05881495165313787,0.027281803968180886,-4.980640781011536,0.08237053133991173,0.013133485184825489,-0.0,1.5615439316813846,-2.4707087068254285,739.9634788001372,0.0,-0.006600523945909786,9.999997616148232,0.0,1.5714563792509795,58.0,0.04944422601685335,0.04263315297322566,0.05121685615113937,0.17345702445435804,0.25169882144300215,0.037116738790214286,0.12641052874431263,0.11768239369704439,-37.12914090531763,0.078809934965556
277.3,-2.4360936221068243,738.3132392684151,5.073,0.02,9.97,0.0,1.5573200332608559,-0.0011516862741175228,-0.020293095944931065,0.018671647402731823,-2.423892918616537,741.0024580501126,0.0,0.029059493219810762,9.986898833955099,0.0,277.234,-0.08298392865052982,0.03135108407921256,-4.986021935977455,1.561831204190822,-0.06570277470374265,0.028408680067230605,-4.9768191538227775,0.05182988030443632,0.014054653433335673,-0.0,1.563601991074057,-2.471368759233529,740.9634785823009,0.0,-0.006600523944177838,9.999997616148232,0.0,1.5714563792508063,19.0,0.04651954143035191,0.04113371725201766,0.05095020268210023,0.1709130583000469,0.25045239965121313,0.03554812418195842,0.12506669164214804,0.11529499806290057,-37.348914722636394,0.07743841434344187
277.4,-2.436093892553288,739.3118589649816,5.073,0.02,9.97,0.0,1.5591711458426454,-8.96434373636687e-05,-0.029720458205500806,0.020426534190508022,-2.423146099642941,742.0011836099394,0.0,0.010538369546566432,9.987501225849861,0.0,277.333,-0.07806941312693766,0.03342092822680251,-4.985137721895586,1.5777339765834881,-0.07481929101098014,0.033153787870206466,-4.977102521170391,-0.01759762383715621,0.02241559390926895,-0.0,1.5705559068389832,-2.4720288116416342,741.9634783644647,0.0,-0.006600523945594483,9.999997616148233,0.0,1.571456379250948,27.0,0.04581706280879007,0.0406220692168315,0.050781578465308015,0.17018270204581623,0.25010264832867246,0.03520095957187856,0.12481191651481172,0.11465873329882194,-37.42690486407644,0.07705554630566792
277.5,-2.436094159795232,740.2993828855068,5.071,0.01,9.97,0.0,1.561412395970199,-0.007691533007391532,-0.05494181574950771,0.03381276840676815,-2.4225685596562605,742.9999698638993,0.0,-0.012901724043657612,9.988157363983694,0.0,277.432,-0.08193770007833695,0.027052683435875417,-5.031581005743658,1.5452637595754815,-0.06555044816650121,0.03213037934606747,-4.9811205049217975,0.08807556900775577,0.015939562839312416,-0.0,1.5609752763928089,-2.4726888640497533,742.9634781466284,0.0,-0.006600523945687741,9.999997616148232,0.0,1.5714563792509573,28.0,0.046048200652493786,0.0407245395799821,0.05069946749689578,0.17036570266690795,0.25019994659371503,0.035341535532611545,0.12496251706093789,0.11483850163649781,-37.414134889864684,0.07715844300019276
277.6,-2.4360944256575863,741.2980014140753,5.069,0.01,9.97,0.0,1.563690993064318,-0.003145947142038169,0.013123651506037318,-0.004990377923042538,-2.422536199583398,743.9988438047861,0.0,-0.032855253509344685,9.989179257037588,0.0,277.531,-0.07420085390896745,0.02693008795646621,-5.029848144712496,1.5897711486073471,-0.07915534100228705,0.03099730086175228,-4.984780520682071,-0.0471072876077776,0.010775139414642254,-0.0,1.5745141859909764,-2.473348916457793,743.9634779287921,0.0,-0.006600523943609404,9.999997616148232,0.0,1.5714563792507494,29.0,0.0459604110011266,0.04068721317022243,0.05065724606657879,0.170252603259641,0.2501465165116778,0.035281561219136844,0.12490603907994818,0.11473950107431459,-37.42311038989233,0.07710126208368273
277.7,-2.436094696435532,742.2966211047428,5.065,0.0,9.97,0.0,1.5639073872615137,0.0023733985265929876,-0.04124331431065869,0.032574106277841526,-2.4232578958172892,744.9978400323018,0.0,-0.037683519441526626,9.990405053011454,0.0,277.63,-0.07168268696591704,0.033402783093638234,-4.9130853785193,1.5307936887302738,-0.05306953164007681,0.03183543669306092,-4.979207333156564,0.18470468214554817,0.009888856765988052,-0.0,1.5522907502415368,-2.474008968865546,744.9634777109559,0.0,-0.006600523940947089,9.999997616148232,0.0,1.5714563792504832,30.0,0.04601187269241596,0.04072539514077061,0.05058840491066305,0.17030806750656444,0.25018413363763164,0.03533669828583827,0.12495480385135761,0.11479416078254864,-37.42189464331164,0.07713881514093393
277.8,-2.4360949662876408,743.2952407949358,5.063,0.0,9.97,0.0,1.566001101457749,0.0011346547547525553,0.09417163191629534,-0.02433936852485493,-2.4248618989521544,745.9969623429172,0.0,-0.054293195404667836,9.991631329328127,0.0,277.729,-0.06483456850354558,0.038196648035013527,-4.9474874899934065,1.553606622439483,-0.05538190361282034,0.03714446623591987,-4.975960967848231,0.10877248156502052,0.020685543409674878,-0.0,1.5599093677761968,-2.474669021273399,745.9634774931196,0.0,-0.006600523945026048,9.999997616148232,0.0,1.571456379250891,32.0,0.04615777712481581,0.04079141254936066,0.05060057309568197,0.17035612185710725,0.2502053528334771,0.035377377969161974,0.12496638990424255,0.11484698204287823,-37.41150014024559,0.07716450989241175
277.9,-2.436095233902165,744.2827647090259,5.061,-0.01,9.97,0.0,1.561927331672285,-0.008349155965337795,0.023698226199422228,-0.01748340579128649,-2.427163336393598,746.996216547194,0.0,-0.015150051092263462,9.993148045271973,0.0,277.828,-0.07510030050239676,0.030737428531983333,-5.042967986042425,1.5702930200715481,-0.06952661653827844,0.03339497490940714,-4.989044784239514,0.016419926238656228,0.009566082807960896,-0.0,1.5701530197312659,-2.475329073681567,746.9634772752834,0.0,-0.006600523945641112,9.999997616148232,0.0,1.5714563792509526,32.0,0.046152904110175676,0.040782456742406964,0.05063089655445956,0.17031209996552368,0.2501864343247964,0.03537377372176259,0.12495078152602009,0.11482025200776162,-37.410047474789344,0.07714401111005839
278.0,-2.4360955041343573,745.2813843948786,5.06,-0.01,9.98,0.0,1.5622870782997944,0.001648443490078611,-0.03506451028774872,0.028611004233602244,-2.4298391943400155,747.9956188647027,0.0,-0.021000536784193228,9.994795156023285,0.0,277.927,-0.0795417023080288,0.04384766081975146,-4.996592684125047,1.5428717307191906,-0.06694501538558242,0.040387231251963106,-4.995451161419993,0.06391732104500146,0.015498742962192225,-0.0,1.5654022189572414,-2.4759891260895657,747.9634770574471,0.0,-0.006600523942765634,9.999997616148233,0.0,1.571456379250665,33.0,0.04603917176428093,0.04073305879169848,0.050558192731834414,0.17026976207148117,0.25017665524144805,0.03533670950221911,0.12493101683891676,0.11477151097810533,-37.42296385949899,0.07712939114616704
278.1,-2.436095774240414,746.2800040805329,5.06,-0.02,9.98,0.0,1.5647560954701643,-0.00526524747936455,-0.0030979047073325084,0.010750486456752962,-2.4329471636911992,748.9952031379196,0.0,-0.044088772084798125,9.996683957087534,0.0,278.026,-0.07420089774925061,0.04886114503678084,-4.992062452528071,1.551672426756799,-0.055367750835405995,0.04971667462867922,-4.989318605060523,0.1473777557498028,0.03294844359757931,-0.0,1.5580757094974707,-2.476649178497438,748.9634768396108,0.0,-0.006600523944450953,9.999997616148232,0.0,1.5714563792508336,34.0,0.047282517270509715,0.04149179154234144,0.05070932215631945,0.17120119077524415,0.2505564559956953,0.0358025969551795,0.12521858334059552,0.11557854548492759,-37.31800828942559,0.07758008926694125
278.2,-2.4360960409860297,747.2786225881804,5.059,-0.02,9.98,0.0,1.563839280572955,-0.016575021526774217,0.02756758322272459,-0.02523900340722393,-2.436589246245445,749.9950111103597,0.0,-0.03321384178540385,9.999329843979405,0.0,278.125,-0.06960514082133208,0.04443774568470885,-4.946417026942362,1.5357815536999255,-0.04074652035175702,0.049771546961758714,-4.983442367971401,0.22494799707953955,0.027005501649489005,-0.0,1.550318737451786,-2.4773092309055036,749.9634766217746,0.0,-0.006600523945749914,9.999997616148232,0.0,1.5714563792509635,35.0,0.04716088512850802,0.04147921302325124,0.050733478651225,0.17106098962353342,0.2504672070281399,0.03571576743653697,0.12512222669075918,0.11544543167828114,-37.323349568999056,0.07749367566783816
278.3,-2.436096311304908,748.2772422686928,5.057,-0.02,9.98,0.0,1.5611336883765201,-0.008704963298389415,0.06868909582034746,-0.04119081473620878,-2.4405397755858873,750.9951406905695,0.0,-0.004933017272384647,10.003115885794696,0.0,278.257,-0.08169948046075348,0.02904587120618252,-4.932337296088495,1.5630433618237074,-0.05778411709172022,0.040161170522417244,-4.972034413719653,0.1133060847479672,7.411324029327204e-05,-0.0,1.5614473615208762,-2.477969283313726,750.9634764039383,0.0,-0.006600523947395264,9.999997616148232,0.0,1.571456379251128,43.0,0.04717865133531713,0.04147740828689675,0.050817273930709575,0.17100672568122485,0.2504358898354327,0.035722046962340576,0.12511838454403718,0.11542070580573402,-37.31757855056118,0.07746230278646189
278.4,-2.445186493013324,749.2758619457953,5.055,-0.02,9.99,0.0,1.5585165573891737,0.01406098813829895,-0.009368787470554724,0.003423676152499369,-2.4443653094877815,751.9956881416108,0.0,0.018116174431538238,10.007259671133227,0.0,278.323,-0.07042603695781718,0.03256372870660862,-4.953537182331447,1.5702722083279992,-0.05931584300421887,0.03469530202639057,-4.970007444303413,0.053967473404861535,-0.019661108748666223,-0.0,1.567389487532947,-2.478629335721979,751.9634761861021,0.0,-0.006600523946322789,9.999997616148233,0.0,1.5714563792510208,37.0,0.047356175068619506,0.04159316833473972,0.050908214248785916,0.171170002921171,0.25051345587734086,0.03584219382403504,0.12521409815368856,0.11558363995745538,-37.295752165637346,0.07754825885265748
278.5,-2.445186761702871,750.2633858479508,5.054,-0.02,9.99,0.0,1.560360476435397,0.025494292545745333,-0.03429732055395803,0.02763098315369842,-2.4479140166811377,752.996624678337,0.0,-0.001415724504259097,10.01072902650024,0.0,278.422,-0.061779700424512383,0.019918611183741882,-4.959146117028147,1.5635388718503334,-0.055614086512510534,0.023058663621495185,-4.966416073671841,0.061199891132539624,-0.04174448433786715,-0.0,1.566654931801017,-2.479289388130204,752.9634759682658,0.0,-0.006600523946722469,9.999997616148232,0.0,1.5714563792510607,38.0,0.04727641060160351,0.04161152140773243,0.050916330464599764,0.1712096506010839,0.2505347057049242,0.035852607018093126,0.12522636734060816,0.11560648615013486,-37.286266455129095,0.07756469414447215
278.601,-2.4542769465126923,751.2620055230407,5.054,-0.02,9.99,-0.01,1.5628848281365375,0.0354621877079326,-0.016589534892273293,0.02029419119366664,-2.4521296709145273,754.19803217211,0.0,-0.029058377793227497,10.012028340272487,0.0,278.521,-0.06106813822084013,0.029078011859565683,-4.970107726709916,1.5428344352015855,-0.0448219600300529,0.0282589143032114,-4.9639307575297895,0.1241070989015098,-0.02522089746855727,0.01,1.5603491999392802,-2.480081451020085,754.1634757068623,0.0,-0.006600523946171797,9.999997616148232,0.0,1.5714563792510057,39.0,0.04759734606477266,0.04180491176516494,0.050996264511528326,0.1714930271863889,0.2506488306142003,0.03601297260577994,0.1253411643565633,0.11585581333421399,-37.25750387959799,0.07769676989419542
278.703,-2.4542772188688105,752.260625196585,5.054,-0.02,9.99,-0.01,1.5634788293999173,0.010378099360128248,0.018609918131987722,-0.010938248261334696,-2.4558277972524816,755.1991757441913,0.0,-0.02799124918360075,10.010728769144254,0.0,278.62,-0.05458805665675599,0.04042559153942656,-4.92730916674529,1.5562738036461383,-0.03578490863673249,0.03170637052174866,-4.9636210135479,0.15227951318278746,-0.012423757646477185,0.01,1.5575394234444897,-2.4807415034281664,755.163475489026,0.0,-0.006600523945006064,9.999997616148232,0.0,1.571456379250889,41.0,0.047012343755534196,0.041413545982617594,0.05094386540117961,0.17107353057541264,0.2504852090932191,0.03581784658094511,0.12526899382071027,0.11550475146281598,-37.312631965852454,0.0774965189960066
278.802,-2.4542774915761356,753.2592448694681,5.056,-0.02,9.99,-0.01,1.562077277400766,-0.004125276160438634,0.029200807988182965,-0.02215501499851837,-2.459604427059498,756.2001293627353,0.0,-0.012505983341926992,10.008599488205528,0.0,278.719,-0.05276258210516193,0.02950992510510885,-4.988741281078139,1.5516651878143026,-0.02962452540090575,0.02649686452700613,-4.961238990292712,0.1662683240347901,-0.020926017720782397,0.01,1.5561251718066271,-2.4814015558361806,756.1634752711898,0.0,-0.006600523943744851,9.999997616148232,0.0,1.571456379250763,41.0,0.04792846187192852,0.0417646776369979,0.050802335433646796,0.17194476649544108,0.2509568613636022,0.036431278792890334,0.1258867482200524,0.11634136348359018,-37.25772247976347,0.07799002041557995
278.9,-2.463367681025943,754.2578645387757,5.058,-0.02,9.99,-0.01,1.5604169453170638,0.002446174876374887,0.03008230953351833,-0.019833386308175237,-2.46318081979346,757.2008714914633,0.0,0.004454041500123891,10.00649868947754,0.0,278.818,-0.05100377291003697,0.021144804240797867,-4.923736982285278,1.5490477448103257,-0.021331947089402073,0.019855563291174886,-4.959044823920751,0.2001355195599338,-0.0318627660030284,0.01,1.5527090207975618,-2.4820616082439666,757.1634750533535,0.0,-0.006600523939141866,9.999997616148233,0.0,1.5714563792503027,42.0,0.04776071650710129,0.041653326456123824,0.050666957318310744,0.17185681247500398,0.2509320416105845,0.03634657361422709,0.12582955257106385,0.11623902942468099,-37.28009118685204,0.07795635593952542
279.0,-2.4633679542684206,755.2564842080155,5.058,-0.01,9.99,-0.01,1.5586752063271143,0.011655054899802045,0.03778423766553913,-0.023073437659839633,-2.4656867869138113,758.0013145233164,0.0,0.018800619406575576,10.004666259389227,0.0,278.917,-0.04886168034882605,0.03125475737501557,-4.9461281622733235,1.558441809084256,-0.03042213495721535,0.02501272284643305,-4.950086491065909,0.09868666570197047,-0.014273895092134836,0.01,1.5619063143400633,-2.482589650169768,757.9634748790845,0.0,-0.006600523933424218,9.999997616148235,0.0,1.571456379249731,43.0,0.051197506857539245,0.04365328717884135,0.05095730605900409,0.1746032733897627,0.2521285790588305,0.03782968083635496,0.12689783792648887,0.11871271070998027,-37.006340711990106,0.07935110088852292
279.1,-2.4633682277070363,756.2551038777959,5.058,0.0,9.98,-0.01,1.5576022519406418,-0.004125111428289998,-0.02285469135982893,0.013747998588944326,-2.4681491412601226,759.0016482923328,0.0,0.02721507873761847,10.001987046241966,0.0,279.016,-0.04811450590664858,0.03924253616941827,-4.951760637574964,1.5838816575802592,-0.03480407855610361,0.03324563175956609,-4.9516952529557265,0.03772803937201567,0.015169473040831605,0.01,1.567021717440383,-2.4832497025765283,758.9634746612483,0.0,-0.00660052392985818,9.999997616148233,0.0,1.5714563792493743,44.0,0.05035915299504987,0.04321245878243358,0.051010949716853195,0.1737756673683373,0.2517190643355265,0.03742009371674464,0.1265362580072848,0.11797763579893773,-37.06692435443717,0.07889934917814195
279.2,-2.4633685045760956,757.2537247354189,5.06,0.0,9.98,-0.01,1.5597266108405332,-0.02263942861819554,-0.04998958622494616,0.03135041594352,-2.469885191805804,760.0017264842603,0.0,0.00533121795718617,9.99983424154891,0.0,279.115,-0.0394288771191514,0.039312305655443795,-4.982162911754866,1.5804360347758626,-0.04701686813509281,0.04170115313139736,-4.964457092483901,-0.0800621446333814,0.031668537002191854,0.01,1.5787930396046672,-2.4839097549828906,759.963474443412,0.0,-0.0066005239261322695,9.999997616148232,0.0,1.5714563792490017,45.0,0.04846241519011678,0.042082244304328206,0.050868795017703194,0.17215091018246054,0.25100842017319047,0.03656173421198452,0.1259139802911965,0.11653940899415166,-37.21771433428714,0.0780736825365443
279.3,-2.472458695999819,758.2412486267623,5.061,0.0,9.98,0.0,1.5633524237808327,-0.027999099475561336,-0.0931763799862311,0.05462424237137742,-2.471250999096603,761.0016498521062,0.0,-0.032941542270100696,9.99896867274657,0.0,279.214,-0.03947250169942053,0.03596308462298175,-4.945412474992283,1.5355014963383176,-0.024682410460772686,0.04106375794622364,-4.961690441176392,0.10277436281799227,0.02590654908255985,-0.0,1.5605253185383656,-2.4845698073891493,760.9634742255757,0.0,-0.00660052392798412,9.99999761614823,0.0,1.571456379249187,46.0,0.048345571519579536,0.04197998440052095,0.05080904561801464,0.17212862856673952,0.25103901962698577,0.03654999128255424,0.1259465915043547,0.11652847241430056,-37.23143682401874,0.07808791819485722
279.4,-2.4724589703247943,759.2398682914786,5.062,0.0,9.98,0.0,1.56763304450107,-0.014507048365426736,0.05440019060638244,-0.0007044820368566502,-2.4727688454358305,762.001603696345,0.0,-0.07101411301521474,9.999881228526567,0.0,279.313,-0.04202652741680133,0.0415260068865689,-5.0168441627239275,1.549805459421703,-0.013573474905236369,0.04271424775670631,-4.968597545276959,0.17535058867197856,0.025442808926994687,-0.0,1.5532726006880682,-2.4852298597955707,761.9634740077395,0.0,-0.0066005239282083865,9.999997616148232,0.0,1.5714563792492093,50.0,0.05014494508556342,0.042996696165717836,0.05097639559952229,0.1736000965925836,0.2516999082381112,0.037337236299841925,0.12652721901802355,0.1178548680180933,-37.091764715305466,0.0788475129750873
279.5,-2.4724592445236624,760.2384879556168,5.063,0.0,9.98,0.0,1.5644368893143275,-0.007523098096465447,0.07087138112933397,-0.04662183985769488,-2.4745698794051814,763.0017666210242,0.0,-0.03733943757845709,10.002816117204398,0.0,279.478,-0.044826418463363396,0.02950497081209128,-4.996334778838216,1.5725466752769006,-0.021973592481463092,0.037940795351512645,-4.973785046729262,0.12460888757276009,0.009442264029384972,-0.0,1.5583229151922888,-2.48588991220199,762.9634737899032,0.0,-0.006600523930382205,9.999997616148233,0.0,1.5714563792494267,22.0,0.05000848602627932,0.04296878050285168,0.05099124489354729,0.17349078989345046,0.2516334301755074,0.03725608410274902,0.12643792335585557,0.11774027345329416,-37.09929563984271,0.07878178456047698
279.6,-2.472459519228721,761.2371076182716,5.063,0.0,9.99,0.0,1.5610725731265283,0.006203053299200718,0.013082750191235734,-0.01641094812612656,-2.476253464515356,764.0022259789737,0.0,-0.0053384227081792555,10.00603510359761,0.0,279.511,-0.0419846888592209,0.03046932116363497,-4.95337164431675,1.5618746594917081,-0.021776305703919925,0.0342820219458443,-4.97163186726107,0.0860096245063631,-0.008847159602975552,-0.0,1.5621793366474968,-2.4865499646087867,763.963473572067,0.0,-0.00660052393467877,9.999997616148233,0.0,1.5714563792498564,49.0,0.05031255873920733,0.04313400295161843,0.05108399272523864,0.17368253903993242,0.2517102105467506,0.037399495476037735,0.12652721696622823,0.11793298344619696,-37.071313187437354,0.07887679165443764
279.7,-2.4724597929304934,762.2357272791538,5.063,0.0,9.99,0.0,1.5605563596498706,0.016171972292122718,-0.013839649585472213,0.004226681207802556,-2.477494458663085,765.0029883263411,0.0,-0.001688658763720663,10.008828893809769,0.0,279.61,-0.03938554851157099,0.019047893614275606,-4.916191748622691,1.5521955204562536,-0.0181938085728265,0.019756058218680806,-4.961324239619332,0.11856540040951641,-0.03840396886396391,-0.0,1.5588826809374416,-2.4872100170158293,764.9634733542307,0.0,-0.006600523934718738,9.999997616148233,0.0,1.5714563792498604,50.0,0.05004503464053328,0.04307947247416819,0.05104055104375461,0.17360246201098747,0.25167482759211796,0.037333945803117816,0.12648143139886928,0.11783489394941055,-37.08616309472092,0.07883677405626414
279.8,-2.4724600676158275,763.2343469384696,5.063,0.0,9.99,0.0,1.5609628102418522,0.03594066482361935,0.00706989095575832,-0.006278759470963085,-2.4782487008699206,766.0039646050618,0.0,-0.004473149909637272,10.010251225544689,0.0,279.709,-0.03278278695436869,0.019695220774639262,-4.860534242731026,1.5276290641720434,0.0003042899264382694,0.016718240228685163,-4.955267343619667,0.23673107553890263,-0.04038951585607009,-0.0,1.547007815737961,-2.4878700694229643,765.9634731363944,0.0,-0.006600523934962987,9.999997616148233,0.0,1.5714563792498848,51.0,0.050018854941545426,0.043075461131664584,0.05102571814872422,0.1735948791232441,0.25167089285544314,0.037341089753396825,0.12648427604415183,0.11782705455281606,-37.08842859903353,0.07883329702975253
279.9,-2.4724603418526954,764.2329665968477,5.063,0.01,9.99,-0.01,1.5594312903147678,0.027507954364515762,0.08666364662657078,-0.03775399783073446,-2.4784645993512697,767.0049580764355,0.0,0.012755301425331256,10.009310794376034,0.0,279.808,-0.03940000814768413,0.01813471087882259,-4.935399813359511,1.5508670349160114,-0.012235126036263984,0.01449749878404378,-4.951404807656143,0.12059632765137883,-0.03748472969030381,0.01,1.5576751379007372,-2.4885301218300127,766.9634729185582,0.0,-0.006600523934785351,9.999997616148233,0.0,1.571456379249867,53.0,0.050057819838195176,0.043111932836095705,0.05103974866846675,0.1736341295594695,0.2516831806866181,0.03735994303056894,0.12649169881133973,0.11785862962379103,-37.08476462811921,0.07885106066779521
280.0,-2.472460616118468,765.2315862538256,5.064,0.02,9.99,-0.01,1.5562246516954643,0.013576615962468773,-0.004199253006442535,-0.00326693486547762,-2.477843266121972,768.0057267685758,0.0,0.04198024608141821,10.005959819179663,0.0,279.907,-0.041378716941674235,0.01928594858321708,-4.986126624728797,1.579194559614431,-0.020253729385991296,0.011712270672712854,-4.9501686108805245,0.060152836457659356,-0.03648249719624452,0.01,1.562743786176316,-2.4891901742371627,767.9634727007219,0.0,-0.00660052393687701,9.999997616148233,0.0,1.5714563792500762,53.0,0.050173880654921475,0.04313042692310168,0.051097665163349584,0.17363248273041054,0.25167520445853087,0.03737668247767049,0.12649329488493447,0.11787484105394233,-37.075445976736646,0.0788462778289139
280.1,-2.472460890812954,766.2302059080223,5.066,0.03,9.98,-0.01,1.5573817762222628,0.007324135384555962,-0.04072457901470421,0.02239209524762161,-2.476222083199672,769.0060938172796,0.0,0.029377473482192534,10.001552261859219,0.0,280.006,-0.03946763347366698,0.03144607471611373,-4.9482821053756245,1.5536279144762388,-0.027092923644287167,0.029068276697207924,-4.94406899864971,0.0386827757162122,0.014749434329035083,0.01,1.56392454926142,-2.4898502266445552,768.9634724828857,0.0,-0.0066005239405562905,9.999997616148232,0.0,1.5714563792504441,55.0,0.050185088279033015,0.0430662780997654,0.05108205219207038,0.17357773063666382,0.2516567965550253,0.0373582931994589,0.1264877621162104,0.11783779131234948,-37.0817039392561,0.07882210343234192
280.2,-2.4724611621437305,767.217729787091,5.068,0.04,9.98,-0.01,1.5595680634167532,-0.03189625767210276,-0.03945709538139479,0.01852496492648834,-2.4738388151906565,770.0059967560261,0.0,0.007910733976225461,9.997106282644063,0.0,280.105,-0.039027618236376065,0.036289852406195394,-5.009746134431402,1.547534833790929,-0.021413531946987967,0.035761241128485055,-4.949864598295166,0.08709698567279667,0.027355217552507582,0.01,1.5580966524024868,-2.4905102790522764,769.9634722650494,0.0,-0.006600523941868574,9.999997616148233,0.0,1.5714563792505754,55.0,0.05020863806554375,0.043044047192528016,0.05109167853318188,0.17355175600149994,0.25164337470766307,0.037340995147130365,0.12647387196296203,0.11781864720379456,-37.08248859136283,0.07880791831433812
280.3,-2.4724614362636146,768.2163494393922,5.069,0.04,9.97,0.0,1.5605774485182504,-0.03332094222141067,-0.0034063029202551784,-0.007676002955239223,-2.471044022496022,771.0055400409834,0.0,-0.0005219130574585083,9.994482011047818,0.0,280.204,-0.045319908776435214,0.02809297338040705,-4.997062190430019,1.5601704698507464,-0.031265411694713134,0.0354067524168466,-4.951515011783613,0.038761014002730874,0.03138979897245697,-0.0,1.5629214826476663,-2.4911703314602147,770.9634720472131,0.0,-0.006600523945099323,9.999997616148232,0.0,1.5714563792508984,56.0,0.05026079213574066,0.04311009991924344,0.051107114958712896,0.1736372266717768,0.25167727039568655,0.03737077841510748,0.12649641860915756,0.1178858190609462,-37.07604487342511,0.07884981748511496
280.4,-2.4724617103348407,769.2149690901344,5.069,0.04,9.97,0.0,1.5604665363815167,-0.020418814752425032,-0.017104658001657377,0.007258969151790672,-2.468053743124334,772.0049666293994,0.0,-0.00019550758583990462,9.994425034827739,0.0,280.303,-0.049722425351157826,0.028455040717524915,-4.996537298118934,1.5397965166488812,-0.021871716416482723,0.03442279148367053,-4.955337897216525,0.1553354573108731,0.02290759391789443,-0.0,1.5512514063728844,-2.491830383868406,771.9634718293769,0.0,-0.006600523948827452,9.99999761614823,0.0,1.5714563792512712,57.0,0.05016398700402109,0.04311839070934447,0.051089870622025725,0.1736378196932713,0.25167395705400464,0.03735157339873894,0.1264846206152151,0.11786916846426886,-37.08069844249731,0.07884819051159997
280.5,-2.472461984912343,770.213588739773,5.069,0.04,9.98,0.0,1.5596764768150193,-0.0068648165465907286,0.024237588636687152,-0.03398744131652612,-2.464946527664921,773.0045002917274,0.0,0.009962033758628204,9.99627061377735,0.0,280.435,-0.05490579838425325,0.028542896861982046,-5.035480598191764,1.534451764352525,-0.02826967567031508,0.03372258423056046,-4.967854742072976,0.1433732500754543,0.007619300243710825,-0.0,1.5524383333433052,-2.4924904362772176,772.9634716115406,0.0,-0.006600523958020102,9.999997616148233,0.0,1.5714563792521905,25.0,0.04646739444263992,0.041068312793575236,0.050871279376185206,0.17048007695428657,0.2502081288432188,0.03544198168138745,0.12493041870754465,0.11496502008887918,-37.369906748926844,0.07720138675613566
280.6,-2.4633723221785715,771.2011126152321,5.069,0.05,9.98,0.0,1.5568007249992828,0.005662261068957389,0.008506745493656561,-0.0206764051228541,-2.4615916979247805,774.0042579092923,0.0,0.038040499618753165,9.99862411445317,0.0,280.534,-0.06676299017687257,0.034122569375221415,-4.919929203820495,1.5532881717224032,-0.04090988227105152,0.03227769795534232,-4.967286977447406,0.09113658773597884,0.00403180892776156,-0.0,1.556661036532171,-2.493150488687031,773.9634713937044,0.0,-0.006600523968946918,9.999997616148232,0.0,1.5714563792532832,26.0,0.046002527389634194,0.0407446884612843,0.05068807829967405,0.17022047313584612,0.2501369089880924,0.03532646408236604,0.12491160410503584,0.11473999406311947,-37.41711151825055,0.0770973471203481
280.7,-2.4633725996971805,772.1997334769953,5.07,0.05,9.98,0.0,1.5557562159982066,0.009112093479382747,-0.027960320068035376,0.0010726395932029423,-2.456977204595075,775.2042701233438,0.0,0.04637983588885102,10.001148697791837,0.0,280.633,-0.06624783775176184,0.03743777112938495,-4.992617850858503,1.5784428861973228,-0.06590763329068029,0.03571817875232143,-4.969585344574291,-0.068445371084675,0.011767731907269763,-0.0,1.572642381529769,-2.49381054109801,774.9634711758681,0.0,-0.006600523981319246,9.999997616148232,0.0,1.5714563792545204,27.0,0.045704725010002695,0.040544420781555825,0.05058482949944247,0.16999069436997805,0.25003617258536137,0.03515469101427068,0.12477733843767631,0.11451175718166265,-37.44899971672512,0.07698268672651645
280.8,-2.4542829363378758,773.1983531244996,5.073,0.05,9.98,0.0,1.557222280712102,-0.00011035597566468419,-0.11543109707007615,0.04059920559416634,-2.4536452436899125,776.0044261029684,0.0,0.029466510070026604,10.002490987942616,0.0,280.732,-0.066321537617708,0.029326606112504417,-4.9679594410162915,1.5625704551501893,-0.06263915620804854,0.03416151281251281,-4.974867682356308,0.005227914684872041,0.006228355527156282,-0.0,1.5652659754277058,-2.4944705935101745,775.9634709580318,0.0,-0.006600523991948521,9.999997616148228,0.0,1.5714563792555833,28.0,0.045480397740187216,0.04039395138738954,0.05051196404518126,0.16980477673474922,0.24994994989612349,0.03504116727616859,0.12468815919910063,0.11433525650254345,-37.47198096168718,0.07688713252287929
280.9,-2.454283208244277,774.196972769953,5.075,0.05,9.98,0.0,1.5617911229517798,0.0027551273346346607,-0.04362177207737428,0.01783398483449516,-2.449661136001419,777.0047543178549,0.0,-0.013714799031576746,10.003866984568077,0.0,280.831,-0.07246079853646832,0.05067403545435026,-4.9625465987284825,1.577798522565752,-0.07312287866844665,0.04117208621892261,-4.973046887091801,-0.06042647563491539,0.022382271132778797,-0.0,1.571838725653072,-2.495130645923404,776.9634707401956,0.0,-0.006600524002882002,9.999997616148232,0.0,1.5714563792566767,30.0,0.04615845289606811,0.040765441733270597,0.05059146062958905,0.17033207697456068,0.25018639501690615,0.03536629675812893,0.12494218107436407,0.11481949215812876,-37.414233610525,0.07715345254558213
281.0,-2.4542834805794485,775.1955924130052,5.078,0.04,9.98,0.0,1.5636366857823472,-0.009768000896435855,-0.045763366994129674,0.030559123080845876,-2.4463793710545216,778.0052264164781,0.0,-0.03280474948563193,10.005163465286389,0.0,280.93,-0.07415680287624318,0.006960194897847626,-5.044836565438178,1.5810997885351443,-0.07976387952025657,0.02519023731939739,-4.977704159926162,-0.09067681663828173,-0.01761373955944201,-0.0,1.5758830979982115,-2.4957906983376734,777.9634705223593,0.0,-0.0066005240109444415,9.99999761614823,0.0,1.571456379257483,30.0,0.045939038385254476,0.04070290788413895,0.05052431180487892,0.17024942093868306,0.2501495250104169,0.03530434933502215,0.12490381426942065,0.1147268381352565,-37.429787375847816,0.07711208694337171
281.1,-2.454283756948797,776.1942132743952,5.08,0.02,9.99,0.0,1.5667870506320636,0.02296332996567219,-0.0492546800850064,0.03498939690406937,-2.444212221429566,779.0058510753939,0.0,-0.06484523639300019,10.006342421992965,0.0,281.029,-0.08372818118580702,0.032027270136699176,-5.035144239428743,1.5373891980020018,-0.0661778421135015,0.021640616218420963,-4.980068604550173,0.10696355129176495,-0.03001589534639848,-0.0,1.558049652338965,-2.4964507507524503,778.9634703045231,0.0,-0.006600524014534904,9.99999761614823,0.0,1.571456379257842,31.0,0.04590552674471014,0.040699894456056686,0.05046684006824013,0.17025532514948594,0.25015337099442825,0.03531937351836294,0.12491632944367732,0.11472583300996098,-37.43370951142085,0.07711615401887895
281.2,-2.454284029264187,777.1928329171462,5.08,0.01,9.99,0.0,1.5674217190269868,0.024310886760076374,0.030074107762423915,-0.038056438123461225,-2.443437757219749,780.0065794954095,0.0,-0.06686444805800586,10.006870004650352,0.0,281.128,-0.08326838046439289,0.021480934600436027,-5.0196599170386555,1.5503030918131615,-0.06444710565806916,0.02340831660244167,-4.9808712168177465,0.12838855683513967,-0.0218038314323028,-0.0,1.5569142096480504,-2.4971108031675526,779.9634700866868,0.0,-0.0066005240161491705,9.999997616148233,0.0,1.5714563792580034,33.0,0.04605170702537194,0.04077857213787083,0.05050061290794751,0.17032346810241308,0.2501752319550816,0.03536131332244102,0.12493340129542185,0.11479047127897596,-37.41955022204002,0.07714429277342427
281.3,-2.4542843015309472,778.1914525571991,5.081,0.0,9.99,0.0,1.5638864543896658,0.009899019444340962,0.03270651245723668,-0.03207858675649862,-2.443882211327484,781.0072503699207,0.0,-0.03202154387965967,10.005896522943955,0.0,281.227,-0.07457510642161197,0.032331071837012566,-4.901173012321108,1.529117643142046,-0.055446809424450336,0.02508183945806095,-4.974189134637562,0.1972551256894882,-0.014016359530453215,-0.0,1.5510259029670344,-2.4977708555827087,780.9634698688506,0.0,-0.006600524015636248,9.999997616148233,0.0,1.5714563792579521,33.0,0.046135234808523086,0.0407713152593225,0.0505840286192056,0.17028923130869664,0.25015461546990037,0.03538648237756348,0.1249402244816241,0.11478752075933797,-37.41157946086719,0.07712276590665403
281.4,-2.454284570715487,779.1789764222601,5.082,0.0,9.98,0.0,1.5608388791468477,0.0002412530104139878,0.06179255987325262,-0.040344359467871835,-2.445056537657427,782.0077242187008,0.0,-0.00088904097802742,10.00369563230433,0.0,281.326,-0.08417822230551984,0.03312078189227058,-4.956378181854201,1.5576077378980104,-0.06539135517296701,0.029073644018027953,-4.970289479832113,0.09929573062534297,0.007469467359811688,-0.0,1.5608546233885634,-2.4984309079977574,781.9634696510143,0.0,-0.006600524014044185,9.99999761614823,0.0,1.571456379257793,34.0,0.045980729686875096,0.04067730732468191,0.050588729725748974,0.17015384886116514,0.2500911608141343,0.035291363979782935,0.12486937241757849,0.1146638519481318,-37.4266601410434,0.07705269232955989
281.5,-2.454284843362359,780.1775960587324,5.081,0.0,9.98,0.0,1.5584339816730959,-0.014091968089935477,-0.007517858875479542,0.0036247589842279913,-2.4467852180301173,783.2079844523511,0.0,0.018609107446414537,10.000979088229577,0.0,281.425,-0.08641190219646075,0.033752594508446185,-5.018702394964566,1.5562892212556858,-0.07104058945922162,0.03081844801667997,-4.975895463149058,0.0693209434166363,0.011454614730713075,-0.0,1.563858414965212,-2.499222970895577,783.1634693896108,0.0,-0.006600524011961406,9.99999761614823,0.0,1.5714563792575846,35.0,0.04702761158830056,0.04134886495003126,0.05074145168946145,0.1709843038675284,0.2504316598472611,0.03569723662623221,0.1251321109252896,0.11538000611419573,-37.33446372538654,0.07745410721299824
281.6,-2.4542851115432427,781.1762144653101,5.079,0.0,9.98,0.0,1.5597812738877277,-0.011962198271733736,-0.020834167135964296,0.017212858166138427,-2.4483202099717887,784.2080123968182,0.0,0.0027435274994957065,9.999860555049283,0.0,281.524,-0.09273462849096245,0.03091519207611786,-4.937356382451604,1.560543372993188,-0.08020518003263279,0.032706180025795985,-4.974720826722024,0.02433138133517461,0.014177448130416437,-0.0,1.5683617759386177,-2.499883023310335,784.1634691717745,0.0,-0.006600524012807396,9.99999761614823,0.0,1.5714563792576692,36.0,0.047167837406592375,0.041469367211322404,0.05077112767781306,0.17108877359976007,0.2504692857680995,0.03576164483993587,0.12518128839131207,0.11547770247821745,-37.320038065330635,0.07750195982758515
281.7,-2.463375329868313,782.1748340953623,5.078,0.0,9.98,0.0,1.561797724166189,-0.010264117157403363,-0.03910020948287716,0.027200203038276652,-2.4497441097010073,785.0079867695556,0.0,-0.01408989817746329,9.999666613616283,0.0,281.623,-0.07999425857042886,0.037943872652809546,-4.984679794213667,1.5358033845523078,-0.06361165678834496,0.03524174676340404,-4.972855671127208,0.15408730530383616,0.017928687740178972,-0.0,1.5553856240513073,-2.500411065242327,784.9634689975055,0.0,-0.00660052401446607,9.99999761614823,0.0,1.571456379257835,37.0,0.047373798315843915,0.041600960320221904,0.050828959861076085,0.1712103275792828,0.2505177396810302,0.03583913428532535,0.1252246699573729,0.11559627550394612,-37.30050408031571,0.07756052271189354
281.8,-2.463375602924174,783.1734537276132,5.076,-0.01,9.98,0.0,1.5622871509429554,-0.008375782469438334,0.01884420051959952,-0.02716613700792727,-2.4519413304019477,786.0079779229637,0.0,-0.015786666062645227,10.000308940542531,0.0,281.722,-0.07874656343400553,0.028455747248648237,-4.940548244385038,1.550570715094077,-0.05545636689860519,0.03256306429834044,-4.971935298729772,0.17148737310181508,0.009396032708515634,-0.0,1.5546318552584149,-2.5010711176574363,785.9634687796693,0.0,-0.006600524019013546,9.999997616148232,0.0,1.5714563792582898,38.0,0.04739676552889796,0.04162928954932241,0.0508788221342925,0.17121796079590698,0.2505214009861313,0.035850975173663244,0.1252253851927858,0.11561135764150256,-37.29329583165381,0.07756370912816335
281.9,-2.463375876408776,784.1720733563232,5.075,-0.01,9.98,0.0,1.5597356083479263,0.0013680940843338561,0.029464383307050895,-0.024218662502742936,-2.4545018794314886,787.00807017366,0.0,0.009288489701313534,10.001510751317264,0.0,281.821,-0.07723250597685835,0.027056860206404614,-4.94268204061108,1.5526307127494887,-0.06107445169667571,0.03145502111703905,-4.971506529791204,0.11689412599142127,0.005468985482849575,-0.0,1.5600917676798114,-2.5017311700728677,786.963468561833,0.0,-0.0066005240188781,9.999997616148233,0.0,1.5714563792582763,40.0,0.04738332126200787,0.04160135550005701,0.05092997203615405,0.17118617489917046,0.2505109594258681,0.03584913551866997,0.12522161110892868,0.11559577364009425,-37.293491868033726,0.0775498024069754
282.001,-2.463376149522418,785.170692984634,5.074,-0.01,9.98,0.0,1.5585308587786295,0.0019939470283731856,-0.010580973014536015,0.002776615463783515,-2.4576373353802508,788.2083660965199,0.0,0.018818606672055857,10.003170301224566,0.0,281.92,-0.07692594251767536,0.0355992106204257,-4.984342659154258,1.558733135361536,-0.06067834636942295,0.033039985670093516,-4.971693198117517,0.10109176820317912,0.008964142156836274,-0.0,1.5616773388846086,789.7839999998748,5.072170274932832e-08,0.0,10.000000000053433,6.214136947566421e-10,0.0,6.214136947533217e-11,40.0,0.04769120194866949,0.0417833055276008,0.05099817699439235,0.1714476717286303,0.25063020436489025,0.03599285223990243,0.12533291710098673,0.11583473842343409,-37.26565947498907,0.07768385603034908
282.1,-2.4633764201331587,786.1582168367192,5.074,-0.01,9.98,0.0,1.5593645591896514,-0.0008144452263098677,-0.014317678152434522,0.012649326133197858,-2.4601777721833127,789.208768222886,0.0,0.008953449132379379,10.004616823027982,0.0,282.019,-0.06912637370911918,0.03787135660413568,-4.9481797797109826,1.5549887095422308,-0.06189592522586079,0.034986222516489814,-4.9764334329816045,0.056095471146702616,0.012579597489835947,-0.0,1.5661833893908554,-2.503183285387489,789.1634680825932,0.0,-0.006600524026039038,9.999997616148233,0.0,1.5714563792589924,41.0,0.047748021269819495,0.041695622945261746,0.050771251235430075,0.17172040609972897,0.25085064591164613,0.036310697353934863,0.1257529286617066,0.11614232869465894,-37.275242895672584,0.0778822685890983
282.2,-2.4633766930720356,787.1568364632728,5.075,-0.01,9.99,-0.01,1.5607726891201474,-0.004073937820228919,-0.02225434192221683,0.022588299973254018,-2.4622320274832816,790.0091927832918,0.0,-0.0031888511971054486,10.005828924862644,0.0,282.118,-0.06942462726156949,0.031134790032316215,-4.8640371016666135,1.5724686957186127,-0.06844964820112664,0.03163104812218054,-4.953116132622014,-0.004837623433737528,-0.004013685908224929,0.01,1.5722821702607181,-2.50371132732045,789.9634679083242,0.0,-0.00660052402744236,9.999997616148232,0.0,1.5714563792591327,42.0,0.048009148189808365,0.041841448455547735,0.05067815244614833,0.1720553072447213,0.2510227953000323,0.036459197233962626,0.12588656488753078,0.11641603304756915,-37.249645450196994,0.0780609317186512
282.3,-2.4633769665946375,788.1554560858433,5.076,-0.01,9.99,-0.01,1.5636622771297137,0.006375385775517068,-0.03315602931689053,0.0381836766329454,-2.465028196369562,791.0098560498026,0.0,-0.033099322089098666,10.007247823117593,0.0,282.217,-0.07015440826222752,0.03459852353889061,-4.972411820289278,1.5722860056923074,-0.06506532547535897,0.03064806763479303,-4.954409395924911,0.02168128098835507,-0.004191671100512551,0.01,1.5696265391046689,-2.5043713797369977,790.963467690488,0.0,-0.006600524034259131,9.99999761614823,0.0,1.5714563792598144,50.0,0.049778950482015936,0.042861294824562676,0.05081041666124378,0.17353606552136258,0.25166367018137115,0.03727012432360287,0.12647846926110037,0.11773196722593882,-37.112809750822116,0.07880565108045043
282.401,-2.4724671919192645,789.1540757054033,5.076,-0.02,9.99,-0.01,1.5663475031640866,0.006812003178338637,-0.009910317499298616,0.012040412110971219,-2.469149969764756,792.2108133878473,0.0,-0.06056570886462668,10.008315579444787,0.0,282.316,-0.07069776946271081,0.03988435638588082,-4.996759810882435,1.5737367584623534,-0.07073410259091087,0.03378204621949933,-4.950014513165083,-0.011500563690030222,0.0046075609225404435,0.01,1.57394807229309,-2.505163442637671,792.1634674290844,0.0,-0.006600524041033714,9.999997616148233,0.0,1.5714563792604919,44.0,0.04997663025008356,0.04295241067935028,0.050926495447533214,0.17353445339661652,0.25161325932309114,0.03726880541387741,0.12644865968057906,0.1177377472677327,-37.100313241103336,0.07877427798001582
282.5,-2.4724674660667745,790.1526953264926,5.077,-0.03,9.99,0.0,1.5678642904993636,-0.0006631738983724869,-0.02193392538096151,0.020021437192598617,-2.4735137562315854,793.2116854950197,0.0,-0.07856327758232598,10.008669513596018,0.0,282.415,-0.06383811282607518,0.007703903362846612,-4.954688262360153,1.552996033932722,-0.05379115496688889,0.01167830358106385,-4.9544593701841695,0.10047855967752367,-0.04327069700267572,-0.0,1.5637108439100307,-2.505823495055469,793.1634672112482,0.0,-0.006600524043624976,9.999997616148233,0.0,1.571456379260751,48.0,0.04806976558924119,0.041961701281632194,0.050742300506219924,0.1720891633855366,0.25097525329838627,0.036460082813187786,0.12586942356544442,0.11642197514928188,-37.24382561146118,0.07803750533789211
282.6,-2.481557698234184,791.1513149416977,5.077,-0.04,9.99,0.0,1.5690950205924477,0.03716963130207637,0.05199889353191704,-0.013748466483424902,-2.4776873953442715,794.0123918460635,0.0,-0.08415885472266332,10.008417009656949,0.0,282.514,-0.06471482272140797,0.032957653435117404,-5.002282539380136,1.551231648215586,-0.04280798637653607,0.02402290849214776,-4.9638835238217425,0.16848093521982418,-0.009340413420941829,-0.0,1.5579240473842968,-2.506351536989823,793.9634670369792,0.0,-0.006600524043560583,9.999997616148233,0.0,1.5714563792607446,46.0,0.04814907172276227,0.04192768387366374,0.05068519105960424,0.1721118318098742,0.25101864019237174,0.03650627309702615,0.12593556960929347,0.11647056841675184,-37.247009562392485,0.07807045828750533
282.7,-2.4815579729168746,792.1499345610425,5.077,-0.05,9.99,-0.01,1.5665999386135971,0.002376753602810985,0.06087989917550181,-0.03422774735453166,-2.4836061102693097,795.0131790975832,0.0,-0.05827963921777244,10.007020915954223,0.0,282.613,-0.05282186426988063,0.026155687843287027,-5.0145395496587355,1.5733748919531434,-0.03792128845841769,0.02144690719483413,-4.970378541013307,0.1350523321561169,-0.011657805961517553,0.01,1.5622728395449146,-2.507143599891265,795.1634667755757,0.0,-0.0066005240429854875,9.999997616148233,0.0,1.571456379260687,47.0,0.04993152393575166,0.042914707498193164,0.05085315083519514,0.1735279618418365,0.2516577932651435,0.03730172522128983,0.1265164105602726,0.11776229144967275,-37.1097734947512,0.07880369535320605
282.8,-2.490648204909519,793.1485541741106,5.078,-0.05,9.98,-0.01,1.5641447441328806,-0.00023540367494340853,0.02931709360997505,-0.00741792633948921,-2.4898574404105642,796.0137373198479,0.0,-0.03500720136348396,10.00452377672576,0.0,282.712,-0.057384485868001336,0.034343787486244955,-4.982998186848499,1.5605992496903491,-0.03664725699501422,0.03065605324534318,-4.968762801681192,0.10957438720063792,0.020445225592242267,0.01,1.5648392237711661,-2.507671641825544,795.9634666013067,0.0,-0.006600524042206111,9.999997616148235,0.0,1.571456379260609,53.0,0.050309997556787216,0.04310588277463744,0.05098211287781727,0.17368053013744933,0.2517054761770223,0.03739592530743995,0.12653722562134787,0.11791908680130574,-37.07791616400823,0.07887110336614353
282.9,-2.4997384391627975,794.1471737850459,5.079,-0.04,9.98,-0.01,1.5638025031101443,-0.022468054353421536,0.003768015256184041,0.004455939548847393,-2.4960513103045407,797.0140470384204,0.0,-0.03255866859625873,10.002288176914453,0.0,282.811,-0.04648178837249255,0.019405920244288406,-4.95357944549762,1.5539376218453795,-0.024441477939744216,0.023740916372937453,-4.963949812430409,0.15139445540710744,0.0025963293674724497,0.01,1.5596379238650437,-2.5083316942432496,796.9634663834704,0.0,-0.006600524040103349,9.999997616148235,0.0,1.5714563792603988,50.0,0.04975484318237293,0.042831214863469504,0.050956657738487496,0.1732662565238213,0.25151943384601333,0.03717178477336505,0.1263675524007251,0.11754035948964568,-37.117424059873294,0.0786576851147659
283.0,-2.4997387133464883,795.1346976245875,5.079,-0.04,9.98,-0.01,1.5638507875290255,-0.0020260336252787598,0.029154375077111574,-0.01472443219528315,-2.5020082738382623,798.0141865845338,0.0,-0.03156343569850806,10.001053490217533,0.0,282.91,-0.041724858972125044,0.019845104397147335,-5.016288282226846,1.5429310511684684,-0.005458361091128163,0.020781966803298958,-4.969864035496903,0.24539754262711508,-0.005025101857121683,0.01,1.55020795213527,-2.5089917466606266,797.9634661656341,0.0,-0.0066005240369591935,9.999997616148232,0.0,1.5714563792600844,50.0,0.04991973474979434,0.04298850147630866,0.0509641450131023,0.1734935771981409,0.25162750979620685,0.0372838118143217,0.126459549855925,0.11773586064200132,-37.099557801729375,0.0787784757118388
283.1,-2.508828953788509,796.1333184856283,5.08,-0.03,9.98,0.0,1.5616525319081287,0.007256239128407786,0.08051319882213176,-0.04291142563414969,-2.5075239078463714,799.0142446734005,0.0,-0.008254934471290368,10.000354571756771,0.0,283.009,-0.03927787973519161,0.020691534823062248,-5.01894598121736,1.5577606443439802,-0.01008224717258982,0.019323140732389953,-4.97336817587531,0.16008010454898705,-0.006483597089651738,-0.0,1.557754514443929,-2.509651799077969,798.9634659477979,0.0,-0.006600524038995346,9.999997616148235,0.0,1.571456379260288,51.0,0.05009263081334482,0.04305563325921599,0.05099093506849387,0.17358087768329128,0.25166333637512533,0.03734610139861119,0.12649432677589667,0.11782343664523742,-37.08860363484507,0.07882270294374069
283.2,-2.508829232059128,797.1319380981379,5.082,-0.02,9.98,0.0,1.5590126170453167,0.006341583796775592,0.02012173911979707,-0.004550572265412709,-2.512213234678601,800.0142206086592,0.0,0.015987426234515663,9.99916286380354,0.0,283.174,-0.01848586625243304,0.02323549707458062,-4.955080870415666,1.5591517661750451,-0.010767863098679362,0.020558341113218546,-4.979934243264385,0.13448850293210726,-0.0022176775449338493,-0.0,1.559322486708092,-2.5103118514954894,799.9634657299616,0.0,-0.0066005240392751205,9.999997616148233,0.0,1.571456379260316,26.0,0.05028802629898911,0.043140342585868165,0.051073255061292656,0.17366077057656015,0.25169063724335256,0.037403435348449574,0.12652279399485966,0.11791172661937062,-37.072015716269966,0.07885975384896285
283.3,-2.517919472348069,798.1305577046257,5.083,-0.01,9.98,0.0,1.5589766763758404,0.000551549261953262,-0.004557929919659829,0.0026030018950522196,-2.5158137928467674,801.0140666552338,0.0,0.01603790248884149,9.997726126016133,0.0,283.207,-0.029132334163235313,0.02260068612085656,-4.98305770199319,1.5664256124337355,-0.010398628721829839,0.02092739615246989,-4.980263210395419,0.07609796184461882,-4.055933776214715e-05,-0.0,1.5641733544471952,-2.510971903912785,800.9634655121254,0.0,-0.006600524034929706,9.99999761614823,0.0,1.5714563792598815,54.0,0.05012077545992743,0.043059955896485015,0.05105319327326688,0.17356535678283988,0.2516534678069067,0.037347558445742335,0.12648964358266676,0.1178215514678338,-37.084540557541,0.07881416064497535
283.4,-2.517919751876036,799.1291773139895,5.083,0.0,9.98,0.0,1.5597699173402524,-0.0010960475695261434,-0.026149576579711092,0.01789312120789046,-2.5183593381375826,802.0137559602423,0.0,0.0073560565810638105,9.996161313790186,0.0,283.306,-0.02360444468209814,0.020726638023970137,-4.962095680064528,1.5741524554024189,-0.022150107634105437,0.02042073230096326,-4.977169955144062,-0.02128323414407733,-0.0005273324531991364,-0.0,1.5729290248426655,-2.511631956329715,801.9634652942891,0.0,-0.006600524030331162,9.999997616148232,0.0,1.5714563792594216,54.0,0.050010709898535316,0.04298883336762997,0.05101997680703413,0.17348785272157488,0.25162189077050917,0.03729948869671142,0.12645835702922076,0.1177467278086905,-37.09524485970443,0.07877670379229784
283.5,-2.517920027905518,800.1167011466908,5.083,0.0,9.97,0.0,1.5621598763999085,-0.0012417981047526017,-0.06819208596328355,0.03622080599581628,-2.5200878630736794,803.013286604503,0.0,-0.017912423971993094,9.994615997810786,0.0,283.405,-0.018037117831494018,0.02157049803367456,-5.00022478190876,1.5409064166624333,-0.00608122125150732,0.02215864068797951,-4.984083984706137,0.09931378532083718,0.01255777003937375,-0.0,1.5608479236700472,-2.5122920087459706,802.9634650764528,0.0,-0.006600524023341196,9.999997616148233,0.0,1.5714563792587226,55.0,0.050167102341388506,0.043065179716771804,0.05104086299358379,0.17358869985640668,0.2516645602453811,0.037355841090552684,0.12649561830814773,0.11784120547258092,-37.08385060933918,0.07882813537303138
283.6,-2.5179203072586915,801.1153207535378,5.081,0.0,9.97,0.0,1.5649646670233945,-0.006948162084509824,0.01390289054365057,-0.0007231681140733009,-2.521385189580414,804.0126726888994,0.0,-0.04251153170420185,9.993200850301859,0.0,283.504,-0.01881215824519219,0.019967238151874667,-5.033979314087424,1.5623845234889442,-0.0012318314904474043,0.023252522668687985,-4.993551251869151,0.11914741015101515,0.012527563494572291,-0.0,1.5588612981134873,-2.5129520611616516,803.9634648586166,0.0,-0.006600524017721247,9.999997616148235,0.0,1.5714563792581606,56.0,0.05030512335547425,0.04314308039355603,0.0510974310324471,0.17366157883921754,0.2516891693530404,0.03739673005423045,0.12651431347983444,0.11791304714834602,-37.071043190510785,0.07886163926266243
283.703,-2.517920586795782,802.1139403574027,5.081,0.0,9.97,0.0,1.5632784511570375,-0.005647745960375779,0.02571562224866376,-0.02069895394076834,-2.5225690310470346,805.2117987089813,0.0,-0.02203761929622819,9.992276887296628,0.0,283.603,-0.023471650314059758,0.005816663241449857,-5.017567700611843,1.5387540553454955,0.0009857852115160352,0.013545967326103544,-4.999002275096727,0.14275213124470545,-0.011209978093702944,-0.0,1.556463023757006,-2.513744124059863,805.1634645972131,0.0,-0.006600524014152987,9.99999761614823,0.0,1.5714563792578038,57.0,0.050850427102536046,0.04354493343688924,0.051177861398863725,0.17422701929714632,0.251940908490842,0.03771137616887133,0.12676251195400007,0.1184212586156919,-36.98477690004947,0.07913271102719865
283.8,-2.517920865884406,803.1125599599503,5.081,0.01,9.97,0.0,1.561490553491984,0.014754112903725431,0.028542979344670014,-0.022459575957081517,-2.5229928535424255,806.0111571525421,0.0,-0.007548092973099434,9.99169633069527,0.0,283.735,-0.024362240819182337,0.01809704370708876,-5.041735947239948,1.5576986544984164,-0.006408564967616074,0.01513077895265064,-5.004108628642326,0.07549819059963342,-0.005536170138771723,-0.0,1.562216227155075,-2.5142721659916965,805.9634644229441,0.0,-0.0066005240095411205,9.999997616148232,0.0,1.5714563792573426,25.0,0.05050239225241588,0.04403323386138004,0.05272428383867877,0.17333270500500012,0.25118722174552455,0.036818937458342076,0.12560101749771788,0.11753976415841846,-36.92637301084165,0.07845235528292407
283.9,-2.5179211426087704,804.1000837877153,5.081,0.01,9.97,0.0,1.5604005577650406,0.0061131203260269,-0.019547773900894863,0.0041960096344368,-2.5229161953081576,807.0102626499535,0.0,0.0018480246289953595,9.990377864399422,0.0,283.834,-0.01232435345404193,0.019422703929836613,-5.049894101909443,1.5715903535749285,-0.011573012909357458,0.017089800404086024,-5.008603572141688,0.0194703421099233,-0.00026959156265071726,-0.0,1.5678403535571617,-2.514932218406016,806.9634642051078,0.0,-0.006600524004720532,9.999997616148233,0.0,1.5714563792568605,26.0,0.04614066612384598,0.04099402022911531,0.05189144488335528,0.1701007583618557,0.2500089319253683,0.03531877546018603,0.12490264269042943,0.11478901290578163,-37.32783123618633,0.07696394902687287
284.0,-2.5179214220000006,805.0987033869035,5.08,0.02,9.97,-0.01,1.561814500079725,-0.0011345328994827246,-0.03629776049521774,0.02451539215127552,-2.5221708711415234,808.0092002134602,0.0,-0.013191756934694909,9.988450990502425,0.0,283.933,-0.0261031998002423,0.02088186146413254,-4.993484150647435,1.5649975701198953,-0.027340427439936893,0.020434856701325697,-5.014434852789574,-0.07638211982392201,0.006806674526757206,0.01,1.5764475859043299,-2.515592270819847,807.9634639872716,0.0,-0.0066005239990228675,9.999997616148235,0.0,1.5714563792562908,27.0,0.045823595836684175,0.04062081496193893,0.051358534366917105,0.17023711772787223,0.25020684987387865,0.03527196251384602,0.12501201745612656,0.11484381142002581,-37.39421376824479,0.0771180898802423
284.1,-2.517921697353671,806.0973217173398,5.079,0.02,9.97,0.0,1.5650405521180968,-0.006619408557346123,-0.05617001441640025,0.04499576868602134,-2.5210491565172934,809.007945029055,0.0,-0.04643672460835686,9.986337130261285,0.0,284.032,-0.028655629234360085,0.019571404227318484,-5.010043822740814,1.5676422400089867,-0.023215792692921757,0.019745804435658064,-5.014935444267801,0.0023694740510189632,0.004576142905655445,-0.0,1.5685536814705832,-2.516252323233009,808.9634637694353,0.0,-0.006600523990645121,9.999997616148232,0.0,1.571456379255453,28.0,0.04604088460449144,0.040735245923926605,0.05106383557538496,0.17057751669773602,0.25038462523799393,0.03537033557364315,0.12508076037306967,0.1150720456317513,-37.393912385912124,0.07730958648738895
284.2,-2.517921976725148,807.09594131167,5.077,0.02,9.96,0.0,1.5683961229540893,-0.0031164402419470213,-0.0009078038192705988,0.008802516642907732,-2.520042408717,810.0065245994673,0.0,-0.07746227999754074,9.984504516540706,0.0,284.065,-0.025021877789363663,0.014777526445413778,-5.046700381054632,1.5405929792488324,-0.007960114367504493,0.01708182433274457,-5.01810066693656,0.09718733731874649,0.00799999729966494,-0.0,1.5590405143044435,-2.5169123756453016,809.963463551599,0.0,-0.006600523982151914,9.999997616148233,0.0,1.5714563792546037,55.0,0.06379315013724925,0.05015351873172474,0.05353523596963069,0.183336846284778,0.255931568965794,0.04290578394617669,0.1306804766557631,0.12748262340988584,-36.11165269726666,0.08396973108344807
284.301,-2.5179222530224195,808.0834651323439,5.074,0.01,9.96,0.0,1.5675996121161173,-0.0007820282415173483,0.055660610304172034,-0.02972283561775609,-2.519364278691978,811.2046619192639,0.0,-0.06063623216040571,9.983484991936646,0.0,284.197,-0.028367192902944677,0.011437491340163565,-5.059039125771507,1.544025822869674,0.013120696657803313,0.016831850657727104,-5.03145498390592,0.2532467768955204,0.0033311350372411397,-0.0,1.544380909948916,-2.5177044385392415,811.1634632901955,0.0,-0.006600523974826662,9.999997616148233,0.0,1.5714563792538712,63.0,0.05540253776375315,0.046176463846986246,0.05283629376912157,0.177560086623782,0.2533794749562551,0.03957241021037796,0.12812938572720894,0.12170523877097583,-36.62222722894441,0.08085699935986454
284.4,-2.5179225323741434,809.0820847244745,5.073,0.01,9.96,-0.01,1.5635631844077744,0.0051782333828525665,0.14426382729385892,-0.06305587707202225,-2.519031953335405,812.0033373675745,0.0,-0.024831633271200464,9.982991512925507,0.0,284.329,-0.024218628029129004,0.03065565195529563,-4.978813462605748,1.5358878833603773,0.011617171425448927,0.02711501061762863,-5.024166343650448,0.2537787151913955,0.023758075713178783,0.01,1.5443816880098828,-2.5182324804678267,811.9634631159265,0.0,-0.00660052396656882,9.999997616148233,0.0,1.5714563792530454,31.0,0.04719557603000419,0.04161233672067291,0.051979425697005144,0.1710690601931291,0.25050159666699745,0.035734039569059184,0.12515590844185703,0.11561746594985411,-37.248177766616564,0.07750234152123295
284.5,-2.5179228117547723,810.080704314445,5.074,0.02,9.96,-0.01,1.5569449654456717,-0.015707545134392965,0.08464663614856939,-0.05808586410377404,-2.5180995162977595,813.0015921410923,0.0,0.03987478492938504,9.982066585750484,0.0,284.428,-0.02454416606669439,0.02558667669652935,-5.040414953200915,1.5355167122587356,0.008331898656039324,0.029318114314654024,-5.02739042014459,0.22481734559985164,0.023565040070785415,0.01,1.5462792038745736,-2.5188925328776155,812.9634628980903,0.0,-0.006600523956410279,9.999997616148235,0.0,1.5714563792520295,32.0,0.04621579681734077,0.04089051795904532,0.05153418553286393,0.17044886086706895,0.25030148426402377,0.03537424021028857,0.12496663354210615,0.11503535017791339,-37.35594326171595,0.07723700379755613
284.6,-2.5179230879959107,811.0682281299464,5.073,0.04,9.96,-0.01,1.5530200405654049,-0.014240793457319649,0.027417087618022303,-0.02628512009773161,-2.5158696032350907,813.9997913463108,0.0,0.07781653006073083,9.981683460417097,0.0,284.527,-0.025481951396161627,0.029855174198126118,-4.993906592417856,1.5674221560975696,-0.011752549734926385,0.02919172820172394,-5.0156527592669775,0.05490761153640083,0.020788122904964013,0.01,1.561287583601936,-2.519552585286534,813.963462680254,0.0,-0.006600523948751958,9.999997616148232,0.0,1.5714563792512637,40.0,0.045770773607659854,0.04062264253963092,0.051098566275917065,0.17032962195749718,0.25027612364215945,0.03524273403930549,0.12490410745389299,0.11484963082194881,-37.4132580363171,0.0771953780218003
284.7,-2.5179233672792805,812.0668477179385,5.072,0.05,9.96,-0.01,1.5524363807078936,-0.005951483276435825,-0.054440707043287566,0.028966552552652916,-2.5119920492663406,814.9980415307452,0.0,0.08055122085844502,9.98273189878123,0.0,284.626,-0.033097460599552674,0.03154683879737676,-4.977757973296646,1.579954903946976,-0.033101633604019784,0.032326003925960814,-5.010737121933502,-0.06855186735147131,0.023973228790751477,0.01,1.5726544894296082,-2.5202126376946117,814.9634624624177,0.0,-0.006600523939934566,9.999997616148232,0.0,1.571456379250382,38.0,0.047014775609116474,0.041403780143328746,0.051006501900246116,0.17135595648768298,0.2506861905219122,0.03574906691192762,0.1252306686044064,0.11569347145820981,-37.31813048642199,0.07768816808607215
284.8,-2.508833669987581,813.065467306466,5.07,0.07,9.96,0.0,1.5568287233498435,-0.0038919316212750626,-0.10124512464768166,0.06166428860869829,-2.5067903389371047,815.9964304282388,0.0,0.03493010899912133,9.98478985763793,0.0,284.758,-0.03851294407152923,0.03147347314408625,-4.984023965295129,1.5569510692092432,-0.044042845128486406,0.032358319542098106,-5.020115852678725,-0.11946971020471946,0.019462755469184856,-0.0,1.5757534378349047,-2.520872690101888,815.9634622445815,0.0,-0.006600523932080846,9.999997616148235,0.0,1.5714563792495966,42.0,0.04739856473787681,0.04160701804004327,0.051059779960959964,0.17145076653900074,0.25067433344455925,0.03586222738763651,0.12525555373207953,0.11579290890767426,-37.28635041559811,0.07770559382933852
284.9,-2.5088339450505543,814.0529911172982,5.07,0.07,9.97,0.0,1.5626217788693049,0.0008296287875465868,-0.1076825562242503,0.0539656356617212,-2.499983436794927,817.1947469180969,0.0,-0.032218837814275585,9.98686335011795,0.0,284.824,-0.044765022865913495,0.04483416508583023,-5.031165597363017,1.553362278826965,-0.04665111311345964,0.039370073248053736,-5.021293426802243,-0.057972911828073515,0.024154510082869507,-0.0,1.5695929151052017,-2.521664752989531,817.163461983178,0.0,-0.006600523922270912,9.999997616148232,0.0,1.5714563792486156,36.0,0.05083032522327547,0.04356156445591089,0.05129722338281147,0.17439360495221454,0.25202449681359446,0.03771835579770203,0.12677493449973953,0.11853677181080634,-36.99443891472606,0.07922374952097924
285.0,-2.4997442455073724,815.0516107028395,5.07,0.06,9.97,-0.01,1.5665555312905948,-0.005396086647805407,-0.0294087576898213,0.020339204685069657,-2.494839833467847,818.1935703250338,0.0,-0.061988141278208106,9.988578875021089,0.0,284.923,-0.0492136017092748,0.05185470955032524,-4.990106663146515,1.559762945464307,-0.041872587513322776,0.04996157904662019,-5.018943677205526,0.014319253088736758,0.043692244086477317,0.01,1.5633746998108464,819.784000000001,5.2589014055399746e-08,0.0,10.000000000047748,6.234054052980221e-10,0.0,6.234054052950455e-11,37.0,0.04857297124474901,0.04222687301349541,0.051289957766756336,0.1721089544909091,0.25086929661086077,0.03637784975708046,0.1256061875601003,0.1164302606120704,-37.15978060661006,0.07794814808849052
285.1,-2.4997445225970125,816.0502302842849,5.071,0.05,9.97,-0.01,1.5668198285300774,-0.020776625242960842,0.011481892570737414,-0.012698773465935056,-2.49142750464616,818.9928018755854,0.0,-0.06028849863074446,9.990853479083139,0.0,285.022,-0.05516557011872353,0.044107198795524494,-4.978419890353848,1.5571125693750696,-0.046478126191134755,0.0485525770318415,-5.015050581617389,0.026027683497257953,0.03478418868881583,0.01,1.563197340283861,-2.5228528473194607,818.9634615910727,0.0,-0.0066005239154230564,9.999997616148233,0.0,1.5714563792479308,38.0,0.050464533566990724,0.04391883189794443,0.052851364446268215,0.1733073304238197,0.25118574833004087,0.03682583661110355,0.12572637168920633,0.11756177339023993,-36.92998067341955,0.07842796474043862
285.2,-2.490654818958177,817.0488498676054,5.072,0.04,9.97,-0.01,1.5654114736851792,-0.009773642190999063,0.011412071860230683,-0.012739764416986066,-2.4880780258692745,819.9921437633932,0.0,-0.04655208909624089,9.994956646832861,0.0,285.121,-0.06121266385795718,0.04568622811217395,-4.949468574914128,1.5463456407341198,-0.05168722944660176,0.049946371821024495,-5.0041663975662924,0.04535442787669123,0.032166709588116404,0.01,1.5622629401252202,-2.5235128997246297,819.9634613732364,0.0,-0.006600523915849382,9.999997616148233,0.0,1.5714563792479734,39.0,0.047715003069343113,0.0419392304149461,0.052147462959223075,0.17138514683962916,0.2505638459520679,0.03595451857819311,0.12541177618996893,0.11593092892763426,-37.193436273520554,0.07758897945387304
285.3,-2.490655091762136,818.0363736733566,5.072,0.03,9.98,0.0,1.5644297567803898,-0.005326176163275052,0.013553809944373702,-0.012117133446094186,-2.485630576086247,820.9919373224811,0.0,-0.036607821457273246,10.000070694246157,0.0,285.22,-0.06789842299623336,0.05493092504644921,-5.019094572710386,1.5307872160666618,-0.04195726575149014,0.05467123431532613,-5.010913072519799,0.1606882843690368,0.02847695398132366,-0.0,1.5517459541258065,-2.52417295212969,820.9634611554002,0.0,-0.00660052391588713,9.999997616148233,0.0,1.5714563792479772,41.0,0.051051842207714165,0.04357843412773383,0.051875991982698634,0.1744432873533769,0.25209622871113674,0.0377417384074555,0.12696165092636927,0.11872315771501224,-36.975926139142885,0.0792658136817927
285.4,-2.4906553684610913,819.034993249165,5.071,0.02,9.98,0.0,1.5627222080391385,-0.003342535213776117,0.0602186944878842,-0.04129589217447296,-2.483917604274298,821.9922585459746,0.0,-0.017568287207519982,10.00570038796615,0.0,285.319,-0.06824651045952082,0.040150233446818284,-5.033842647396718,1.5521167499631552,-0.03958313321583187,0.05068315166821215,-5.012339556699665,0.17524618419379445,0.014744669805850208,-0.0,1.551263926493428,-2.5248330045346714,821.9634609375639,0.0,-0.0066005239109532985,9.999997616148235,0.0,1.5714563792474838,41.0,0.051718459966865526,0.04400311747212471,0.05170201182455465,0.17505746923054058,0.25237225479172437,0.03797541976004779,0.12706905501422955,0.11920972124553811,-36.93678920483064,0.07959290555331619
285.501,-2.490655644956348,820.0336128249963,5.07,0.02,9.99,0.0,1.5588681875404458,0.006643052832671966,0.04521824989141773,-0.03648046092038022,-2.482308404588331,823.1933882880048,0.0,0.02623896155647366,10.012459274208663,0.0,285.418,-0.07639291102048967,0.04615773739607972,-5.039348783120585,1.5608099258503325,-0.05295200218384529,0.044274581640984335,-5.012624168217897,0.08978131222872555,-0.00782754690299825,-0.0,1.5597990326647144,-2.5256250674199396,823.1634606761604,0.0,-0.0066005239053200234,9.999997616148232,0.0,1.5714563792469205,42.0,0.05206094104648218,0.04421484332949509,0.05170101420173065,0.17521096709432504,0.25241524144006683,0.03810014758400988,0.12708945661637716,0.11935397715312988,-36.910738613168206,0.07966308470218741
285.6,-2.490655917299904,821.0322311072985,5.068,0.02,10.0,0.0,1.5572681893270948,0.01945151060798308,-0.01553704184710687,0.0058146134985879545,-2.4811831252309733,823.9945702784548,0.0,0.03426275771970347,10.0163813267905,0.0,285.517,-0.07271831434485683,0.04490531934637667,-5.061668392691219,1.5403712180192224,-0.048185879714162605,0.04210746733418949,-5.017315540936671,0.14339971518762915,-0.020794203361715446,-0.0,1.5544237699087753,-2.5261531093431424,823.9634605018914,0.0,-0.006600523903583634,9.99999761614823,0.0,1.5714563792467469,43.0,0.04856190792548764,0.042228475159059656,0.05129674430980809,0.1723637379850284,0.25116868808895676,0.03660517353215757,0.1259651324553096,0.11677498036471093,-37.18206533657255,0.07821053248513779
285.702,-2.490656193453134,822.0308506786719,5.067,0.02,10.0,-0.01,1.5578223756190877,0.020985335161196408,0.0191499074350908,-0.009284203582535832,-2.479269947034773,825.1968544272665,0.0,0.03202316626371604,10.020820687145045,0.0,285.616,-0.07885515899523779,0.03396181835359381,-5.041654557826178,1.543174026279669,-0.06330640486855768,0.03261086654360161,-5.014008346724918,0.0629839710845895,-0.036308519234651726,0.01,1.5624678822054778,-2.526945172227871,825.1634602404879,0.0,-0.006600523904271972,9.99999761614823,0.0,1.5714563792468157,45.0,0.048602485025068254,0.04222999428786375,0.05109281645644458,0.17257890718042673,0.2513186029798243,0.036746207734286676,0.12612432122450887,0.11695819745613226,-37.1876312112817,0.07835603708325747
285.8,-2.4906564701126115,823.0294702478022,5.067,0.02,10.0,-0.01,1.5575743038815004,0.02640552576143706,-0.027969158711697986,0.018858560504170986,-2.477879676324487,825.9985954127081,0.0,0.03067765418670747,10.02224238418656,0.0,285.715,-0.07816456692597555,0.044578731153934306,-4.968092961265832,1.5540503248785484,-0.06514168985634008,0.03657233885541178,-5.0065269669132775,0.04402295119932664,-0.020575631133308292,0.01,1.564380919403651,-2.527473214151144,825.9634600662189,0.0,-0.006600523905804081,9.999997616148232,0.0,1.571456379246969,52.0,0.04812805334023406,0.04184962178431104,0.05092535769553667,0.17210120998429454,0.2511074089255836,0.036507749220693615,0.12592198917798608,0.11652401282530904,-37.238207412560655,0.07811500942460735
285.9,-2.490656746401129,824.0280898161536,5.069,0.02,10.0,-0.01,1.5596044893052914,0.0065970079264072515,-0.025808447510137587,0.023425656532598278,-2.4761574525025383,827.0008523560831,0.0,0.010186523827036732,10.02260959652404,0.0,285.814,-0.08498831512401363,0.036813389010124424,-5.055691175572274,1.553559719607902,-0.0704135679467473,0.03156823326719295,-5.011768105215086,0.05214344905925579,-0.026634498736321177,0.01,1.56356284169055,-2.5281332665553706,826.9634598483826,0.0,-0.006600523906605661,9.99999761614823,0.0,1.571456379247049,46.0,0.048230503316667506,0.041940151763152356,0.0508437811020246,0.17226037474635267,0.2511687511562172,0.03655120400907056,0.12595145789138693,0.11662938638145204,-37.234898372616584,0.07819328643999784
286.0,-2.481567038002197,825.0267106823694,5.072,0.02,10.0,-0.01,1.5611687563967445,0.009398352944547128,-0.015329338923201733,0.010233261400844445,-2.4747171464784827,828.0030775164681,0.0,-0.004652327779351779,10.021897036238707,0.0,285.913,-0.08551790971871284,0.040198970257660706,-5.065034129877872,1.5576729950850354,-0.07544487828604513,0.03305625692729435,-5.017464299706917,0.019450755141250834,-0.01734541028739045,0.01,1.5668444170687557,-2.528793318959587,827.9634596305464,0.0,-0.00660052390435857,9.999997616148232,0.0,1.5714563792468244,48.0,0.04804626516194087,0.041868590266972525,0.050706693992774644,0.17216320244067815,0.2511158547151323,0.03646612053830365,0.12589504414334204,0.11651127211354154,-37.25494942988126,0.07814054140958931
286.1,-2.4815673133937537,826.0253302480864,5.076,0.01,10.0,-0.01,1.562389318892036,0.0011971953355086997,-0.01836171867973397,0.01840305433944395,-2.4738010588016404,829.0052003286415,0.0,-0.017905602459020873,10.020620166351417,0.0,286.012,-0.0825456913433966,0.032602425049572226,-5.01817460285485,1.55770113128908,-0.07083051777617994,0.027432444264681534,-5.0162811318122,0.0727516100031245,-0.02491763887701559,0.01,1.5625006848401883,-2.5294533713633163,828.9634594127101,0.0,-0.006600523897675027,9.999997616148232,0.0,1.571456379246156,50.0,0.049718256272570316,0.04280815905932318,0.05080527098604251,0.17347833398223902,0.25168455224705566,0.037216768774835485,0.1264477231868234,0.11769957982702375,-37.127148645526255,0.07880725249802045
286.2,-2.4815675924522225,827.0239511151941,5.08,0.0,10.0,0.0,1.563459497471575,0.007308470830775167,0.012413630061086341,-0.0025599254622206235,-2.4736020098386473,830.0071835285759,0.0,-0.026915767782402355,10.019106162629773,0.0,286.111,-0.08348933946639756,0.03144984254789767,-5.066373559281267,1.5478041069633472,-0.05854795452835268,0.026418306247521298,-5.0184984049441805,0.1579082343570789,-0.02211501032651597,-0.0,1.5549718255658882,-2.5301134237666156,829.9634591948738,0.0,-0.006600523895716593,9.999997616148232,0.0,1.5714563792459602,50.0,0.04995695146719052,0.042963852054461904,0.05087856319584832,0.17355208856729115,0.25167861184865437,0.03727258663153602,0.12644701221212354,0.11777076149583962,-37.10567028616889,0.07882396737722085
286.3,-2.481567868301454,828.0225706797673,5.083,0.0,10.0,0.0,1.5623804880913834,0.00537570440340643,0.06188881342982055,-0.026764505288010648,-2.474148307774033,831.0089991876955,0.0,-0.014515766021372827,10.017325178287447,0.0,286.21,-0.08680154688000474,0.028303969846982874,-5.090294673012378,1.535664212050254,-0.05005860215916252,0.02464303620556185,-5.032540368172583,0.2247598505292669,-0.02199052208831631,-0.0,1.5482746155974407,-2.5307734761695797,830.9634589770376,0.0,-0.0066005238910825225,9.999997616148233,0.0,1.5714563792454967,50.0,0.04993064698727666,0.042977514366286634,0.05088325239413966,0.17350921640510572,0.2516462185121625,0.037268361689535436,0.12643798331175374,0.11773600349982832,-37.10608154433373,0.07879548217868479
286.4,-2.490658136042697,829.0211902398515,5.084,0.0,9.99,0.0,1.5591961416092257,0.003471160618100444,0.0762832456417957,-0.0447167910397837,-2.475150625630407,832.0106111027635,0.0,0.017829162243184468,10.015074082915525,0.0,286.309,-0.09505065639154853,0.015549540016016463,-5.0843651192465025,1.5564931482917554,-0.07126958844175238,0.015890976812269347,-5.039947264229388,0.07067975939956848,-0.02691587711281862,-0.0,1.5637022811299741,-2.5314335285720455,831.9634587592013,0.0,-0.006600523886079855,9.99999761614823,0.0,1.5714563792449965,51.0,0.0501639182307389,0.0430941231662242,0.05097018531998273,0.17361997142285848,0.25168416908290003,0.03736688382100535,0.12649549564596727,0.1178576918043148,-37.08439039128186,0.07884700351767249
286.5,-2.490658412272012,830.0198098019833,5.085,0.0,9.99,0.0,1.5565759707849958,0.008488387087173635,-0.0496060607944359,0.008275094808547849,-2.4761540012213668,833.0119825662155,0.0,0.04087823197048844,10.012281110405615,0.0,286.408,-0.09082129411743228,0.014362438033454134,-5.025674958334936,1.5593962076931775,-0.07562603903177081,0.011742634421879426,-5.041402545587719,0.06513486014003392,-0.03085628812400465,-0.0,1.5642562131718027,-2.5320935809741947,832.9634585413651,0.0,-0.006600523886224184,9.99999761614823,0.0,1.571456379245011,52.0,0.050245117855927876,0.04314550728624251,0.05104934698088005,0.17365040343456287,0.2516899263599882,0.037398682750053494,0.12650848517122834,0.11789748243035834,-37.07386242072758,0.07885884972583423
286.6,-2.490658688375163,831.0184293620181,5.087,0.0,9.99,0.0,1.5592707144704203,0.010821539003887886,-0.03816326451895654,0.02667611484777901,-2.4770650372788383,834.0130603571661,0.0,0.013901373341667477,10.009264011202582,0.0,286.507,-0.08182210221246766,0.03419497986942202,-5.058871705254492,1.5452970066330025,-0.06765264120232978,0.027249050890679256,-5.04157169858351,0.11587566579296636,0.007942620548453405,-0.0,1.5592068946287148,-2.5327536333765575,833.9634583235288,0.0,-0.0066005238906495355,9.999997616148233,0.0,1.5714563792454534,53.0,0.05024762140488935,0.043112308413471974,0.051063458279168236,0.17360689162924658,0.25167120475082505,0.03737121452488306,0.12649174398789717,0.117865488459081,-37.07748536049706,0.07883745366290563
286.7,-2.4906589649070554,832.0170489223095,5.087,0.0,9.98,0.0,1.5605881410327296,-0.021849549894257577,0.010022957993842764,-0.0001799165726340144,-2.4781379054273556,835.0137886514674,0.0,0.0022673203929424175,10.005748634847263,0.0,286.606,-0.08416190841929709,0.032530516424184766,-5.075060372526699,1.563195205300843,-0.06257268563202875,0.03512581404947103,-5.043901276322794,0.12110432077202718,0.03383968774510748,-0.0,1.5587032215595724,-2.533413685779299,834.9634581056926,0.0,-0.006600523894288847,9.999997616148232,0.0,1.5714563792458174,54.0,0.050115090644054346,0.04303476298629486,0.05100940887452729,0.17353630857093824,0.25164508106720396,0.03731029355308272,0.1264591074341853,0.11778953400509264,-37.0913921337227,0.07880465494920205
286.8,-2.4906592410679878,833.0156684787839,5.088,0.0,9.98,0.0,1.5600529490646462,-0.03362228566791084,0.011996152018011444,-0.004446794178319065,-2.4794958831991165,836.0142084280019,0.0,0.007646288655847069,10.003324625119328,0.0,286.705,-0.08494864091174487,0.02642352438090893,-5.101183681031418,1.5546922110433519,-0.06145814588774872,0.034574351535561404,-5.054197764175953,0.1290940646285788,0.027573454742062964,-0.0,1.5578974052448895,-2.534073738182254,835.9634578878563,0.0,-0.006600523891588784,9.999997616148235,0.0,1.5714563792455474,55.0,0.05014520481818442,0.04306982447743248,0.05100614634413922,0.17358791059438236,0.25166391308555325,0.03732657248295804,0.12647025829977418,0.11782666541344755,-37.088703265275576,0.07882925562618603
286.9,-2.4906595142403205,834.0031922611979,5.088,0.0,9.98,0.01,1.5595552018519976,-0.017539794894853113,0.010419522133547434,-0.008924647617078072,-2.481075151454318,837.0145124371849,0.0,0.0127229038992386,10.003179626942806,0.0,286.771,-0.0894912908888838,0.026886737028916415,-5.072707328274321,1.5525269291980621,-0.05963709296202063,0.03287407548353102,-5.056309777119388,0.11636121668076381,0.02089832546639947,-0.01,1.5591617753255689,-2.53473379058494,836.96345767002,0.0,-0.006600523892055078,9.999997616148235,0.0,1.571456379245594,49.0,0.06526750296205275,0.051118350716389614,0.053394261254182486,0.1841598648475106,0.25617481419158106,0.04335413292690163,0.1308494983517293,0.1282654431652324,-36.03307957625785,0.0843720446958377
287.0,-2.4906597911036954,835.0018118167295,5.088,0.0,9.98,0.01,1.5592480535295348,-0.005722891778753031,0.002199194894527996,0.0016137037693189147,-2.482781452331857,838.014906509499,0.0,0.015490362881772723,10.004720819986488,0.0,286.903,-0.0829056376847466,0.028337946369997983,-5.06415508494428,1.544333460167548,-0.05172311295694126,0.03094451286806984,-5.060597267403168,0.18828832699802367,0.012929318218130703,-0.01,1.551956400755244,-2.5353938429879013,837.9634574521838,0.0,-0.006600523894977185,9.999997616148232,0.0,1.5714563792458862,57.0,0.051505465434734984,0.04416047139611824,0.05248159381119477,0.17422782945501955,0.2518145570349839,0.037737552225876846,0.1266144064905256,0.11857851636282064,-36.89792148721056,0.07907479075258214
287.1,-2.4906600671187107,836.0004313700463,5.087,0.0,9.98,0.01,1.5585762700673678,0.003111417255142988,0.04017946433388298,-0.022106247080722695,-2.4845306529922637,839.0154973780257,0.0,0.023788662155017883,10.006862217672639,0.0,287.035,-0.08226033474773627,0.016528312972282813,-5.0018237941370405,1.5551036780542107,-0.05902269693936761,0.022707466665036508,-5.05444335892078,0.13319635470156982,-0.006962894784415141,-0.01,1.5574414746483716,-2.5360538953909075,838.9634572343475,0.0,-0.006600523894242217,9.999997616148232,0.0,1.5714563792458127,26.0,0.045933111793366524,0.04082538191713941,0.051671745781233853,0.16998742168363942,0.25001964011675004,0.035184464542182305,0.12474385948370614,0.11465105287855401,-37.36656736234561,0.07696566759916446
287.2,-2.4906603431626593,836.9990509208235,5.085,0.0,9.99,0.01,1.5568543933939676,0.018375509924336036,-0.00019074945370125336,-0.0012894186202262422,-2.4861619679312246,840.0162924871047,0.0,0.03948901445346726,10.00849335682369,0.0,287.134,-0.08040811021887896,0.032122183860350643,-4.96673090925175,1.5498133205822002,-0.05926425015605489,0.024928823445827267,-5.047300585944093,0.1312231864501566,-0.008313217362541536,-0.01,1.5576506901479703,-2.536713947793848,839.9634570165113,0.0,-0.006600523894175604,9.999997616148233,0.0,1.571456379245806,26.0,0.04595577544521711,0.04069696446823298,0.05124957390254865,0.1703357977348122,0.2502609812382044,0.035327445255360246,0.12496249173161336,0.11490319048720037,-37.39235995694274,0.07719323397572975
287.3,-2.4906606197128554,837.9976704704969,5.082,0.0,9.99,0.01,1.5571528329190352,0.01114916421528021,-0.00252844389964207,0.002474549853179216,-2.4875697880144165,841.017209122357,0.0,0.03666236733084236,10.009238323003366,0.0,287.233,-0.0763017034645385,0.014830825390222296,-5.059832507238356,1.5760514998147042,-0.061256275151755926,0.02002394480364307,-5.051558014872539,0.07775647126380449,-0.01754127209870404,-0.01,1.5629993634075023,-2.5373740001967846,840.963456798675,0.0,-0.006600523893249678,9.999997616148233,0.0,1.5714563792457135,27.0,0.0458212243538121,0.04063689548280499,0.05095409030386787,0.17037771454774542,0.25027011537102617,0.03525772098525819,0.12490285509545679,0.1148547875568683,-37.418525104607454,0.07720997298120943
287.4,-2.4906608923194256,838.9962886988055,5.079,0.0,9.99,0.0,1.5578967193749285,0.013822951005486474,-0.028029272668054824,0.018492329352821826,-2.489040156805641,842.2183089459097,0.0,0.023726362476720685,10.00868870401266,0.0,287.332,-0.0815305368538451,0.02107125212183101,-5.002282782974595,1.5551901722993247,-0.06225784767764273,0.01739455188746342,-5.046892643815834,0.09994436425014758,-0.01977747187068779,-0.0,1.5607723763274177,-2.5381660630804523,842.1634565372715,0.0,-0.006600523896003031,9.999997616148232,0.0,1.5714563792459888,29.0,0.04593824830352732,0.0407207762488154,0.05076030204423405,0.1704981751327706,0.2503015846425198,0.03532658799620861,0.12494985028153507,0.1149260564421178,-37.417597617640006,0.077258741702979
287.5,-2.4906611687723625,839.9949082449815,5.077,0.0,9.99,0.0,1.559452929594789,0.010701447637658262,-0.010746530670828479,0.00661832980863244,-2.49000903504292,843.0189585109633,0.0,0.013491798281572018,10.007524404693887,0.0,287.431,-0.07835284661570034,0.016437659891852096,-5.061678750389028,1.5435402414511747,-0.054555111038615996,0.014930130375681723,-5.049679263494486,0.15251312687565574,-0.021888373204541622,-0.0,1.5554974182856207,-2.538694105002971,842.9634563630025,0.0,-0.006600523896817934,9.999997616148232,0.0,1.5714563792460703,29.0,0.04595781097504846,0.040731076786944896,0.05065689511855212,0.17043616564014435,0.2502471535692765,0.03532257793280657,0.12493026618883553,0.11486464237836655,-37.420611832283356,0.07721207440684721
287.608,-2.490661512867945,841.2376347876764,5.076,0.0,9.98,0.0,1.558730799765561,0.008136439728224209,0.014418300392487766,-0.017019110506147267,-2.491563364509532,844.2196875564008,0.0,0.021033020395286327,10.004593243554064,0.0,287.563,-0.0821188909590051,0.022118831486133875,-4.98501371601758,1.568277715458275,-0.06459480212429668,0.02046355609586176,-5.044035379384228,0.09114745878682119,0.002732815892631635,-0.0,1.5616660688063584,-2.5394861678871052,844.163456101599,0.0,-0.0066005239001086366,9.999997616148232,0.0,1.5714563792463994,45.0,0.04821572255976074,0.04207454900975419,0.05096257392802114,0.1722041398535007,0.25101118556876373,0.03639447299531238,0.12572629130172394,0.11648474657011587,-37.219050462250905,0.0780904870104964
287.7,-2.4906617215200697,841.9921473310327,5.075,0.0,9.98,0.0,1.558407691368137,-0.010518616818513049,-0.023552210776145357,0.006970836411107441,-2.4926228734014075,845.0199592909497,0.0,0.02338753280685818,10.002317310353995,0.0,287.629,-0.07415111172052027,0.01872047532608448,-5.125087226237718,1.5877428142215668,-0.07321906211567637,0.019495363707729352,-5.052755994959995,-0.026617772695018593,0.0009380934151508313,-0.0,1.5734631812872295,-2.5400142098099807,844.96345592733,0.0,-0.006600523900388413,9.999997616148232,0.0,1.5714563792464273,31.0,0.04593482651220209,0.04071033306186175,0.05051594837885373,0.1703164019237158,0.2501677874490968,0.03531309162553979,0.12491146800066398,0.11476068846498066,-37.42888296801851,0.0771345035664262
287.8,-2.4906619977373907,842.9907668711292,5.076,0.0,9.98,0.0,1.560582062290285,-0.006435674395058734,-0.07526237782200192,0.04258203562215437,-2.49402002565618,846.0200610878456,0.0,-0.00043262558456085026,9.999944290665157,0.0,287.728,-0.08063156274927,0.017529653340607337,-5.0017068074769,1.5663104857473682,-0.08144551049794012,0.013999339084494274,-5.05407431272522,-0.05132392382674213,-0.009983276279099229,-0.0,1.575944108578288,-2.5406742622134852,845.9634557094937,0.0,-0.006600523898707534,9.999997616148232,0.0,1.5714563792462592,32.0,0.04598213294370675,0.04073834168273597,0.05048927123306675,0.17032612780114795,0.25016820257345806,0.03533389938825314,0.12493008707017918,0.11477426603466773,-37.42694586514153,0.07713757965837323
287.9,-2.4906622710802537,843.9782906376385,5.076,0.0,9.98,0.0,1.5652636611510555,0.006876505523288777,-0.06587652123560102,0.04461524087587601,-2.495872162509337,847.0199462436854,0.0,-0.04659468951862812,9.997794118456502,0.0,287.827,-0.07635474757913871,0.015487562418855036,-5.023460551297075,1.559368451493118,-0.06729860293062219,0.015574372089490043,-5.046845872151934,0.053596293610944146,-0.004839454511515129,-0.0,1.5654234029586607,-2.541334314616863,846.9634554916574,0.0,-0.006600523897366385,9.999997616148233,0.0,1.5714563792461251,34.0,0.0459470147349978,0.04070798394980527,0.0504444579157844,0.17027084998210976,0.25014815852259453,0.03531707549989473,0.12492231767910171,0.11473205629679192,-37.43311425903711,0.07711323534719744
288.0,-2.499752556709467,844.9769101726185,5.076,-0.01,9.97,0.0,1.5681056399506073,0.001444498753391589,0.026219455850895933,0.000866963543643544,-2.4986571471486996,848.0196241912232,0.0,-0.07214110314902206,9.995467838329645,0.0,287.926,-0.0729586489318291,0.015016060946885918,-5.046919887131309,1.5515773379988922,-0.05332713522147175,0.01326763606998717,-5.045782019696848,0.1363106278212072,-0.00013839253539238427,-0.0,1.5581277587230387,-2.5419943670201577,847.9634552738212,0.0,-0.006600523896207313,9.999997616148233,0.0,1.5714563792460092,34.0,0.04719515951851267,0.04150677788042829,0.05063517468470404,0.17121661719275377,0.25053404219790115,0.03580641241638278,0.1252239713652348,0.11555969508490652,-37.3217093043861,0.07757061439409099
288.1,-2.4997528339803807,845.9755297099716,5.076,-0.02,9.97,0.0,1.5663269837994616,0.002155897972448251,0.058427340632519476,-0.03367019821087829,-2.503366029515082,849.2189304443435,0.0,-0.04631628292146373,9.992814703138324,0.0,288.025,-0.07303954753163744,0.014312307410720282,-5.064354449203811,1.5520693397558962,-0.05101189172698781,0.013896639424301832,-5.048622936507478,0.14557152731143544,0.0010167151667257457,-0.0,1.558203339241309,-2.5427864299040452,849.1634550124177,0.0,-0.006600523896464883,9.999997616148232,0.0,1.571456379246035,35.0,0.04729404267903892,0.04159732559618235,0.050718726543044754,0.17122263964431894,0.25052023763565695,0.035834561433758086,0.12521698677642457,0.1155804445541411,-37.30752801609999,0.07756402979599913
288.201,-2.5088431217440927,846.9741492422406,5.075,-0.03,9.97,0.0,1.563474778146718,-0.00011646097807497844,0.04001581510411193,-0.024378018351084888,-2.5080206370994613,850.2180797752777,0.0,-0.02096590374965154,9.99039855168647,0.0,288.124,-0.06466004303428904,0.01376372823117524,-5.027391262048086,1.5550819050346183,-0.04487065366301906,0.013433474237011304,-5.046100294640883,0.15737457788408488,-0.00022484980961223755,-0.0,1.5580209485866539,-2.5434464823072607,850.1634547945814,0.0,-0.006600523895276945,9.999997616148232,0.0,1.5714563792459162,36.0,0.047537924821605335,0.04170594383196795,0.050864275229141956,0.17132745702707902,0.2505676105845509,0.03594441836462873,0.12529442169042182,0.11571433286557124,-37.28218839061454,0.07761729226430115
288.3,-2.5088433997949267,847.9727687757716,5.075,-0.03,9.97,0.0,1.5616862578925232,0.0018045122694024804,0.033356872159236606,-0.015573072841988802,-2.5119054543891846,851.0172204873752,0.0,-0.007549318520556386,9.988392317975123,0.0,288.223,-0.061891285593590986,0.016869094572284055,-5.008277204064116,1.5543896922787692,-0.04020742671260914,0.014601368666997511,-5.043618784026059,0.15843402938999587,0.0025323463695450243,-0.0,1.5579182608411761,-2.5439745242297365,850.9634546203124,0.0,-0.006600523893931355,9.999997616148233,0.0,1.5714563792457816,37.0,0.047356492169692364,0.04160496362034417,0.050868611715262795,0.17118863326346104,0.25051342308794844,0.03585576856342727,0.12522743792835037,0.11559129666153259,-37.296948872999714,0.07755235878896274
288.4,-2.5179336884014276,848.9602925315218,5.073,-0.03,9.96,0.0,1.5604753429677825,-0.0018867916302356966,0.02165104633104166,-0.011750117305599078,-2.516677526804671,852.0159261905683,0.0,0.004530351980539972,9.985890461203498,0.0,288.322,-0.05421844414930116,0.009096416556134253,-4.996627801480224,1.5476602654353182,-0.03046542470280614,0.010913175043181568,-5.040319379781501,0.19079073081534811,0.0028050247842728027,-0.0,1.5546586253969563,-2.5446345766328156,851.9634544024761,0.0,-0.006600523893378464,9.999997616148233,0.0,1.5714563792457263,38.0,0.04733770594131569,0.04160903984432671,0.05089200998249108,0.1711996427845529,0.25052326368487365,0.03585541847979858,0.12522741619375732,0.11560090741841646,-37.296049393251835,0.07756123109624288
288.502,-2.517933967709581,849.9589120626664,5.072,-0.02,9.96,0.0,1.5594685022395591,0.0,0.0,0.0,-2.521112629664266,853.014393628061,0.0,0.014988584195394117,9.983534293891823,0.0,288.421,-0.05938126100648293,0.031881663614233,-5.00373117875381,1.5662287542215385,-0.04062988316916395,0.022535061748311436,-5.035038435970428,0.08387405792912872,0.028736277200929194,-0.0,1.5644018054507707,-2.5454266395162852,853.1634541410726,0.0,-0.006600523891984024,9.999997616148235,0.0,1.571456379245587,40.0,0.047905728760889436,0.04193382781885525,0.050984717020847586,0.17165598981281271,0.2507278238047722,0.036113061455106524,0.12542359694956418,0.11601829848126959,-37.2472651567078,0.07779297189220458
288.6,-2.5179342470466395,850.9575315912714,5.071,-0.02,9.96,0.0,1.5589150526237228,-0.019242988646064677,-0.022426366377336776,0.018604671547919456,-2.5257207552874843,854.212269077987,0.0,0.013707499203884447,9.981271345459245,0.0,288.52,-0.051054796306836674,0.03415173514492722,-5.065479735430516,1.5426923303962508,-0.030873547933828734,0.036650287974264874,-5.041484312600275,0.1400422614210635,0.05334787890731718,-0.0,1.558808676646018,-2.5460866919189327,854.1634539232364,0.0,-0.006600523890911548,9.999997616148233,0.0,1.5714563792454797,40.0,0.05078583383648224,0.04340159821002318,0.05108249892213661,0.1740153178039957,0.2518354634142925,0.03756581916160715,0.126627387886522,0.11822043893754454,-37.04058264170235,0.07903870287688484
288.7,-2.527024541349789,851.9450553433404,5.071,-0.01,9.96,0.0,1.560455774949167,-0.0363383082465099,0.015907934170975833,-0.00018772343713453253,-2.5289807327297398,855.2103878615312,0.0,0.005208892640543283,9.98138067864901,0.0,288.619,-0.043079384164785385,0.02808911426626755,-5.076614935463288,1.5502755964594879,-0.021229434656605588,0.03822206192456169,-5.038390222951932,0.1563970926045907,0.04742510903595587,-0.0,1.5561685230188946,-2.546746744321714,855.1634537054001,0.0,-0.0066005238926901254,9.999997616148233,0.0,1.5714563792456575,42.0,0.051805890217724394,0.04400331362289829,0.05124974163637735,0.17477659866190465,0.2521491957384478,0.03796740432089763,0.1268984988518051,0.11891750704192011,-36.959138903277434,0.07941900806984616
288.8,-2.5270248222664407,852.943674869159,5.072,-0.01,9.96,0.0,1.5597069273379187,-0.021908914798472307,0.021783266377068556,-0.01558720326038033,-2.5312414207401726,856.0089700951683,0.0,0.012580870707998276,9.983160699314132,0.0,288.718,-0.04955862534092364,0.015459113387809462,-5.048645855748375,1.557133743257997,-0.02777670261135248,0.02832664366069082,-5.041354136468787,0.11743265219209148,0.017894586651200584,-0.0,1.5600296765760273,-2.5472747862439933,855.9634535311311,0.0,-0.006600523893527234,9.999997616148233,0.0,1.5714563792457412,42.0,0.05178535196326974,0.044113659191127086,0.05133662074750216,0.17483338497045675,0.2521537340025127,0.037993974320677575,0.12690060515274562,0.11895870997941471,-36.94306218085941,0.07943288287361336
288.9,-2.5270251023347896,853.9422943942816,5.072,0.0,9.97,0.0,1.5589565355938415,0.008658405182353605,-0.003822226490919525,0.002724790650308528,-2.533547250724202,857.0074831063401,0.0,0.018999538564298726,9.986759635043402,0.0,288.817,-0.049810366573083624,0.022232315326334687,-5.024678540794521,1.5662295414096898,-0.03655097790878868,0.022708609242530618,-5.0394426842175495,0.031773169167571114,-0.006555315280376561,-0.0,1.5676073632920828,-2.548066849127599,857.1634532697276,0.0,-0.006600523895459022,9.999997616148232,0.0,1.5714563792459344,43.0,0.05175626453894145,0.04410676522738587,0.05138456881669301,0.17480577250574922,0.2521332134185606,0.038006685523802396,0.12690571826918848,0.1189422764543511,-36.94410469404069,0.07941331478245404
289.0,-2.527025379642936,854.9298181440121,5.071,0.0,9.97,0.0,1.560235656858657,0.023934557475789316,-0.037325928584491484,0.026304235918990154,-2.535593541604286,858.2061634693433,0.0,-0.0013756238087640734,9.990554758583487,0.0,288.916,-0.04793432471105304,0.01839475513555376,-5.057955324044354,1.5536235021191487,-0.04636293788323388,0.017453297555598997,-5.043291094512938,-0.030134867214372692,-0.01707454077532944,-0.0,1.5738240572098527,859.7840000001113,5.507388310461796e-08,0.0,10.000000000053433,6.214136947566417e-10,0.0,6.214136947533213e-11,45.0,0.048308803935268776,0.0421332451756684,0.051065373180606444,0.1720853870238586,0.2509547146009969,0.036536893101341165,0.12585921478104212,0.11648375893518213,-37.20874199324594,0.07803050703977298
289.1,-2.536115675575161,855.9284363162449,5.069,0.0,9.97,0.0,1.563467530128781,0.02557374414296146,-0.05893463057767324,0.042105400086300884,-2.536755264857582,859.0054594995546,0.0,-0.028429340312979712,9.991505713512542,0.0,289.015,-0.04647209096649052,0.024192392784606033,-5.064232089788295,1.5615252770615313,-0.04331425423575838,0.019375090776037815,-5.046106524694991,0.004843645728893266,-0.009930457600573206,-0.0,1.5703100204165683,-2.549254943453212,858.9634528776223,0.0,-0.006600523891801947,9.999997616148235,0.0,1.5714563792455687,45.0,0.0550166511162643,0.046236505105104346,0.052980104593605463,0.1768955905525115,0.252911026546934,0.039087735490219364,0.12751962423899135,0.1210166807248851,-36.62980203989293,0.08041322085674923
289.2,-2.536115956929706,856.9270558341632,5.069,0.0,9.97,0.0,1.566672972929899,0.011684240507749208,-0.02048002473483267,0.016835382220617683,-2.5384011433296543,860.004599569805,0.0,-0.05910123226529523,9.990854839528156,0.0,289.114,-0.04078831107309479,0.031112802132652165,-5.0548553592259236,1.5508919491021298,-0.022184980492156878,0.024084496749803293,-5.039974591555412,0.14925312984920155,0.001007623406774627,-0.0,1.5558287337841512,-2.549914995856049,859.9634526597861,0.0,-0.006600523892992106,9.999997616148233,0.0,1.5714563792456877,49.0,0.04906205557647034,0.042625861572670426,0.05217844655470108,0.17246818945345624,0.25113335345266213,0.03681715715925514,0.12604959709323885,0.11700388123545308,-37.09244304432885,0.07822626707761154
289.3,-2.536116242489584,857.925676700243,5.07,0.0,9.97,0.0,1.5657906369913857,-0.0013153423162392,0.038508832233943115,-0.04444687947550778,-2.540903002645329,861.2034208992441,0.0,-0.03850218440971921,9.9893181053237,0.0,289.213,-0.040201645331255156,0.0210645884056635,-5.104084076473017,1.5185896173513262,0.00751478903531483,0.021321332708226733,-5.056676636146143,0.3363320204345606,-0.008425425304867673,-0.0,1.537046209655819,-2.5507070587394796,861.1634523983826,0.0,-0.006600523892634614,9.999997616148233,0.0,1.571456379245652,47.0,0.04964732386297054,0.042805022230292124,0.05172592399397747,0.17339615323099858,0.2516624668518232,0.037212094461691186,0.12646723832148868,0.1177516234280642,-37.08332734220896,0.07877304314574482
289.4,-2.536116520492641,858.9132004454169,5.073,0.0,9.97,0.0,1.5610765694316961,0.006797774665330518,0.1683281583942349,-0.07180877271642742,-2.5426014360051923,862.0025129823304,0.0,0.00276707120474309,9.988143477105618,0.0,289.312,-0.043356365097862684,0.028051595534513918,-5.042372778238197,1.532945245926173,0.012152650441426148,0.023940944558672364,-5.062808315705425,0.323438694465422,-0.0018350290036401873,-0.0,1.5383605415086585,-2.5512351006617537,861.9634522241136,0.0,-0.00660052389390693,9.999997616148233,0.0,1.5714563792457792,48.0,0.04996011128799296,0.04299566774995535,0.05143119963364273,0.1738223698292036,0.2518456971607955,0.03731773888070685,0.12653383099458096,0.11803370391371018,-37.07664939651151,0.07899077558444798
289.5,-2.5361168016237627,859.9118199603987,5.074,0.0,9.96,0.0,1.552985177436147,-0.0016991290459329224,0.09715718427075302,-0.06433090698716444,-2.543932610080386,863.0012349431427,0.0,0.08223248189200343,9.985715843927943,0.0,289.411,-0.03983365915541747,0.02585881455160635,-5.036101126844093,1.5919298666729444,-0.011960257192684278,0.025187933446319363,-5.066968275709158,0.10050163316712636,0.012493811495939866,-0.0,1.5607187842229473,-2.551895153064941,862.9634520062773,0.0,-0.006600523899378109,9.99999761614823,0.0,1.5714563792463263,49.0,0.05051251726075832,0.04326960774255984,0.05144819861369797,0.1740811548015981,0.2519070736087414,0.037483349637391555,0.12659945157815597,0.11826453532591458,-37.03761467569074,0.07909364038280106
289.6,-2.5361170831061486,860.91043947358,5.074,0.02,9.96,0.0,1.5494356984880309,-0.013591522171500402,-0.0951780451173156,0.005530036716819782,-2.543575866568978,863.9997872190228,0.0,0.11228393238899843,9.983638218408277,0.0,289.51,-0.03557902218772256,0.02718801072265821,-5.093080237418941,1.5843461569813613,-0.043976906689913844,0.026869690107861107,-5.067233513155507,-0.13071946861900274,0.013330639920294374,-0.0,1.5818974247561204,-2.552555205468678,863.963451788441,0.0,-0.0066005239055998,9.999997616148232,0.0,1.5714563792469485,50.0,0.050360884476072745,0.04322590405009588,0.05137381026907121,0.1739313426565234,0.2518124647241206,0.037426596571190525,0.1265451169851483,0.11812001196014794,-37.0497019705311,0.07900027487364551
289.7,-2.536117364772423,861.9090589860576,5.074,0.04,9.96,0.01,1.5551341223206856,-0.009494771709581892,-0.18674653289539297,0.09422769252561941,-2.541544365381577,864.9982135592594,0.0,0.05126400213094886,9.983738078345654,0.0,289.609,-0.029665390899333167,0.025006720359026544,-4.978277083107395,1.545659010495005,-0.025777034478989054,0.025224899837693424,-5.049749425295673,0.037338206203406936,0.007757178532427744,-0.01,1.5630376451811978,-2.5532152578730045,864.9634515706048,0.0,-0.006600523911437355,9.999997616148233,0.0,1.5714563792475322,51.0,0.05026983774374215,0.0431827222107239,0.05130567220337201,0.17382461837086627,0.2517537436799285,0.03740515422042162,0.1265280118348215,0.11802750483431326,-37.059176245313765,0.07893919018379968
289.8,-2.53611764314806,862.8965827240371,5.074,0.04,9.96,0.01,1.562340650768254,-0.001780787678395332,-0.059578290909623854,0.016571391277821142,-2.538730225101451,865.9965986316681,0.0,-0.015112565929115715,9.983810873142343,0.0,289.708,-0.032944296851437745,0.03660423745548241,-5.025003427224626,1.5488018000433907,-0.02082382191133962,0.0316869869567869,-5.048968313066437,0.08891381250234048,0.020233251789759876,-0.01,1.55788013131582,-2.5538753102780976,865.9634513527685,0.0,-0.006600523920474571,9.999997616148232,0.0,1.571456379248436,52.0,0.05063283780198711,0.043326588751525986,0.05139380104367943,0.17393177929593934,0.2517850734243593,0.037513027701449785,0.12658590307721074,0.1181614054960076,-37.03244472094919,0.07898524758492662
289.917,-2.536117993271091,864.1393092246825,5.074,0.04,9.96,0.01,1.5615477162089686,-0.010840758648014988,-0.002797154138918773,-0.01633854625894865,-2.535240712867722,867.1946911861663,0.0,-0.006553995890556098,9.984329045114158,0.0,289.873,-0.049628662657388634,0.040194214162525624,-5.070569525629091,1.5643826458500216,-0.04210869440272277,0.0408877972893406,-5.053790412620366,0.013501260506857668,0.035862668662526076,-0.01,1.5654440374132064,-2.5546673731653535,867.163451091365,0.0,-0.006600523930919553,9.999997616148233,0.0,1.5714563792494805,44.0,0.05538521536700341,0.045962859906933114,0.0520662172963541,0.1775116219707994,0.25335250782953195,0.03959708364086705,0.12815760481748,0.12158116741925712,-36.65370554887851,0.08082983730461205
290.0,-2.5361182056050495,864.8938217413438,5.074,0.04,9.96,0.01,1.5607894678276517,-0.018503502340764495,-0.06656054287358758,0.0028800516387187305,-2.5323552348435934,868.193194381505,0.0,-0.0023894641738445087,9.985679967322058,0.0,289.906,-0.04385406301788295,0.02790561158026114,-5.063067041093828,1.581158856293242,-0.049185126714791916,0.03807038679061198,-5.0556021716614605,-0.04568820502373336,0.02536445339465665,-0.01,1.5713659809557434,-2.5553274255721052,868.1634508735287,0.0,-0.006600523933255462,9.999997616148233,0.0,1.571456379249714,54.0,0.05325756747540469,0.04485933338230494,0.051336584515297455,0.17632476338161931,0.2528998452122016,0.038909793538206026,0.1277557735622923,0.12036843679622343,-36.83760575401121,0.08025341215474258
290.1,-2.5361184843243905,865.8813454761873,5.074,0.04,9.97,0.01,1.5628679115932922,-0.005541662258088465,-0.06697202289190468,0.033146081254778,-2.530161321897858,868.9921310454588,0.0,-0.02159547986162736,9.987453275715552,0.0,290.005,-0.04695769674569116,0.04365391252693082,-5.036982808030537,1.5496041896470494,-0.03484848445858686,0.04621562610011044,-5.055536352321072,0.0865029865433827,0.02877403119007127,-0.01,1.558145152056,-2.5558554674975995,868.9634506992597,0.0,-0.0066005239337350785,9.999997616148233,0.0,1.571456379249762,55.0,0.05060589446430382,0.0434199365700911,0.0512216560906605,0.1740040495231253,0.2517780292978781,0.03749876889509882,0.12656906532472037,0.11816537675234368,-37.03676302685411,0.07898905810235678
290.2,-2.536118765270146,866.879964980574,5.073,0.03,9.97,0.01,1.5648466377195456,-0.0085323315930565,0.03497380436512235,-0.013153176594488628,-2.527821226783971,869.9910536044837,0.0,-0.03815466391244707,9.990434508341469,0.0,290.104,-0.04904026733916586,0.037771307166757445,-5.018896213133536,1.5635674118106901,-0.0417528844079379,0.04669195515163297,-5.052332720671668,0.05326883366448003,0.02538080665422271,-0.01,1.562465788015084,-2.5565155199049214,869.9634504814235,0.0,-0.006600523942774516,9.999997616148233,0.0,1.571456379250666,56.0,0.050297062625754695,0.04316577243071846,0.051180474972772436,0.17368441833025677,0.2516595824371746,0.037374886568085956,0.1265288696008662,0.11791777902838124,-37.06543282952784,0.07883917397019963
290.3,-2.5270290150136816,867.8785844859668,5.072,0.03,9.97,0.01,1.5631448510710635,-0.0047578655358247145,0.012775876869067499,-0.0030191105785745743,-2.5260174874436427,870.9903179481618,0.0,-0.021901857955197647,9.994194525596075,0.0,290.236,-0.06585210271023466,0.049527611307110725,-5.05227357139321,1.560516295201773,-0.05682629103965173,0.05047411107027174,-5.048427609327078,-0.004596853626951256,0.030015471336268362,-0.01,1.5682560215521302,-2.5571755723128873,870.9634502635872,0.0,-0.006600523945523428,9.999997616148232,0.0,1.5714563792509408,24.0,0.046673190814715916,0.04118252720908308,0.0509413011916135,0.1706643362452935,0.2502870614614876,0.035541947495765995,0.1250592479501322,0.11514237778596594,-37.34791602676846,0.07728184933815962
290.4,-2.5270292919060466,868.8772026213353,5.069,0.02,9.98,0.01,1.563521451843206,-0.005304480333725828,-0.022011096285094456,0.014313105751167806,-2.524686635207497,871.9899698621064,0.0,-0.027146240172752318,9.998264945087023,0.0,290.335,-0.06888948088810577,0.051443830500850864,-5.0617388032126005,1.5585303021438517,-0.057633583545600754,0.05204217396922232,-5.051081538737684,0.03886976070561014,0.020675998421927133,-0.01,1.564909816648189,-2.5578356247210796,871.963450045751,0.0,-0.006600523948285663,9.99999761614823,0.0,1.571456379251217,25.0,0.04607651857906029,0.040776462099045944,0.05074095881679755,0.17027395772025147,0.25016664891503443,0.035345000569969316,0.12496198965620474,0.11480175115855401,-37.408909744417656,0.07711869921004806
290.5,-2.5270295721388436,869.8758221185863,5.067,0.01,9.98,0.01,1.564901730106447,-0.00039087255282233924,0.0010591041739248404,0.0041177132335587854,-2.523936088414176,872.9900565504954,0.0,-0.03978556457310139,10.002772512330093,0.0,290.434,-0.0633789602652218,0.0547643768869668,-5.114335662210178,1.5191806388288105,-0.04178340768712678,0.05512907314302407,-5.05880173086088,0.17550868106602216,0.023720563288787133,-0.01,1.5522544832764966,-2.558495677129619,872.9634498279147,0.0,-0.0066005239522425015,9.999997616148235,0.0,1.5714563792516127,26.0,0.04612406985737968,0.040743151460532825,0.05066957061910707,0.17030861665168404,0.2502033207154112,0.03535977010973398,0.12497010322960525,0.11482940624412963,-37.41295067308615,0.07715069095596085
290.6,-2.5270298495052543,870.863345844725,5.065,0.01,9.99,0.01,1.563077380475823,-0.004513317480748234,0.045530515726799385,-0.04752906502488962,-2.5238017148370817,873.9906180600191,0.0,-0.018837278241545914,10.007794858091087,0.0,290.533,-0.05656929414035417,0.0478470137079001,-4.995214270924837,1.5582912150221253,-0.029964381864727645,0.054505654375818696,-5.048952038495642,0.21133725493768266,0.008460529925310212,-0.01,1.5486628084133,-2.559155729538468,873.9634496100784,0.0,-0.006600523952098171,9.999997616148233,0.0,1.5714563792515983,27.0,0.04518211776909549,0.040225147033190335,0.05051714423713963,0.1695425472633376,0.24984503224347626,0.03485789910555261,0.12455378048815267,0.11410740091504673,-37.49647972420166,0.07675606036316554
290.7,-2.5270301296407354,871.8619653399974,5.063,0.01,9.99,0.01,1.5589717571300012,0.0047237124450778285,0.05974311773821367,-0.04356661102953734,-2.523929995476673,874.9916819737294,0.0,0.022030082596713664,10.012888330079264,0.0,290.632,-0.06176130447859284,0.043614515981012014,-4.987364443347697,1.553036104544549,-0.038444863959226604,0.04620010600665172,-5.042348513718649,0.14132208951949712,-0.009676893544824594,-0.01,1.5556354453468264,-2.5598157819473166,874.9634493922422,0.0,-0.006600523953894513,9.999997616148233,0.0,1.571456379251778,28.0,0.04537700591360959,0.04031272089059283,0.05054987967046418,0.16967427409999528,0.24990299116509151,0.0349694669233585,0.12463617347199354,0.11423738210524989,-37.47810192070699,0.07682181928768797
290.8,-2.527030410127452,872.8605848342287,5.06,0.01,10.0,0.0,1.5566632422294953,0.014841155571458623,0.012924487666339286,-0.0017343986428989757,-2.5237237168911557,876.1936015624975,0.0,0.04408698115019912,10.018219046874849,0.0,290.731,-0.06776378760407031,0.03679492188997275,-4.972952934855241,1.5603979840366458,-0.053622706612130235,0.03584870045811847,-5.027209487509634,0.04523469570102938,-0.03852237328249686,-0.0,1.56525155404981,-2.5604758343562706,875.9634491744059,0.0,-0.006600523955240104,9.999997616148233,0.0,1.5714563792519125,29.0,0.04578298580646232,0.04062138676279226,0.05048316701809773,0.17020078022895155,0.25015905354256834,0.03527751173011791,0.1249124204893771,0.11469020229030524,-37.43364058973971,0.07709562397514533
290.905,-2.5270306865971577,873.8592029521617,5.056,0.02,10.0,0.0,1.5573165817793946,0.030582341012855868,-0.05147598701529374,0.02489828521282442,-2.5230572935113087,877.1956125054405,0.0,0.02790464669541645,10.021166226355115,0.0,290.83,-0.06194619887246395,0.03924207509138041,-4.994176091203254,1.557119925854531,-0.059717809697982814,0.03338749964474086,-5.017440028187856,0.015521137650172993,-0.036128292944168194,-0.0,1.5672313484196057,-2.5612678972471,877.1634489130024,0.0,-0.00660052395487151,9.999997616148233,0.0,1.5714563792518756,31.0,0.04617947051984102,0.040883609145002636,0.05051794469663445,0.17054546841737592,0.25029592887588237,0.035477802304165924,0.12504625521445542,0.11498512493962156,-37.40398767441779,0.07725996680386389
291.001,-2.527030967064121,874.857822443054,5.054,0.02,10.0,0.0,1.5604358548906188,0.020030008554992047,-0.0445333885719432,0.03191813159494842,-2.5222300728054936,878.1977950233309,0.0,-0.0022123446808609416,10.022006552738098,0.0,290.929,-0.0692488334981111,0.03983981467378268,-5.049702065543748,1.5264268766591533,-0.041696018511690455,0.0335763212943464,-5.018091069895032,0.17903692089448903,-0.02977618729352116,-0.0,1.550835843415454,879.7840000001559,5.631553936833275e-08,0.0,10.000000000053433,6.214136947566417e-10,0.0,6.214136947533213e-11,31.0,0.046314460872796614,0.04092181608318227,0.05056624304399302,0.17054453559678612,0.25028234616626743,0.03548679238559702,0.12504788384601798,0.11499954636566823,-37.39552211579486,0.07725234805892715
291.1,-2.5270312473927277,875.8564419294657,5.053,0.02,10.0,0.0,1.5613852618869881,0.007878261979120803,0.04530030066829579,-0.02922591495776532,-2.521666203685462,878.9995399189681,0.0,-0.0022290779371529753,10.021556604109142,0.0,291.028,-0.06869923753810772,0.0338517301048177,-4.969475543647735,1.553173902988799,-0.03971540192449259,0.028550634543771138,-5.014907573297295,0.17817801184859908,-0.03426559126327966,-0.0,1.550913005936762,-2.5624559915832874,878.9634485208971,0.0,-0.006600523955320041,9.999997616148235,0.0,1.5714563792519205,32.0,0.04592066546530424,0.04068255125593618,0.050535017040201746,0.1701749114676337,0.25011631286131386,0.03528088295089795,0.12488845969336121,0.1146771039594526,-37.43054377540367,0.0770671243521275
291.2,-2.5270315279174724,876.855061416798,5.053,0.02,10.0,0.0,1.557654163860951,0.009967009301847194,0.03322644826816566,-0.03352152960617722,-2.5210029221545818,880.0016191404403,0.0,0.0345867241922363,10.019961542503184,0.0,291.127,-0.07223252960769697,0.037558218237584484,-4.968168999111584,1.5572142946601952,-0.048951892400534165,0.03249846169092353,-5.010514902398786,0.1120719758228748,-0.018323194888388628,-0.0,1.557565657050296,-2.5631160439923995,879.9634483030609,0.0,-0.006600523954434083,9.999997616148235,0.0,1.571456379251832,37.0,0.0461191597267556,0.04078480747477507,0.05057329801002522,0.17031549393599826,0.2501873727786373,0.03537476703925711,0.12496358999281117,0.11481639782578029,-37.41397539851397,0.07714409131926507
291.3,-2.527031807748955,877.8536809018525,5.053,0.02,10.0,0.0,1.5559780290958027,-0.004937832288327987,-0.02120283246067909,0.0028436016439924642,-2.520077824385737,881.0035116855074,0.0,0.049401323115006654,10.017793040856725,0.0,291.226,-0.07324021754152642,0.03824012596079302,-5.014986799695683,1.5728043468662636,-0.06159885260912862,0.03435197009880585,-5.0115269519131385,0.022334716889036998,-0.009113959521748427,-0.0,1.5665590185774847,-2.5637760964013467,880.9634480852246,0.0,-0.0066005239513165755,9.999997616148237,0.0,1.5714563792515202,35.0,0.0470327328357471,0.04137807607048952,0.050637331669117894,0.17107344185479637,0.2505053064386408,0.035740456166789634,0.1251980857449448,0.1154593344390347,-37.33718039865529,0.0775163198253333
291.4,-2.5270320887313176,878.852300385003,5.053,0.02,10.0,0.0,1.557457207762871,-0.00871264683574166,-0.05110001108827997,0.0320891930540258,-2.5188361864201365,882.0051958177985,0.0,0.03286815980705879,10.015936499559379,0.0,291.325,-0.07318285864149723,0.029600273486891215,-5.030974750405316,1.5412091758901925,-0.06256383664896054,0.026928464086838324,-5.017148120684984,0.0511659967457115,-0.02119765979275634,-0.0,1.5636647304547298,-2.5644361488100555,881.9634478673884,0.0,-0.006600523951445358,9.99999761614823,0.0,1.571456379251533,35.0,0.047282445632289304,0.04156392648055904,0.05071574962273508,0.1712149594904903,0.25054504568516633,0.035825762882609156,0.125223360891232,0.11558703457897664,-37.31098983254518,0.0775752772855855
291.5,-2.527032368865406,879.8509198678373,5.052,0.02,9.99,0.0,1.560440380187009,0.006015172212804216,-0.020952207604473482,0.014923521461398076,-2.5175871402141357,883.0067081035871,0.0,0.004668109120164929,10.014480295343843,0.0,291.424,-0.07461245709279188,0.027686189837771297,-5.04025571913469,1.5402186133674778,-0.04971075353594822,0.026989309856494705,-5.019648062244498,0.15094205323655097,-0.009308440152798525,-0.0,1.553670725804631,-2.565096201218818,882.9634476495521,0.0,-0.00660052395129881,9.999997616148235,0.0,1.5714563792515184,37.0,0.04742259156083986,0.04164887677903297,0.050834796177691384,0.1712418389988399,0.25054436827935855,0.035865430612122634,0.12523119457177803,0.11563313673680371,-37.29390109624883,0.07758201871757199
291.6,-2.5270326490283423,880.8495393485118,5.051,0.02,9.99,0.0,1.5604988309231143,-0.0004991940060160803,0.02906867908940592,-0.024186979595225592,-2.51661357663377,884.0080704896084,0.0,0.00635782939648277,10.01295998968652,0.0,291.523,-0.07961266527913363,0.02615018976258283,-5.031572970332325,1.555371082427258,-0.05720977517526929,0.026529414035018465,-5.019439575624094,0.09841286170406428,-0.007720633236067087,-0.0,1.5589345762173161,-2.565756253627538,883.9634474317158,0.0,-0.006600523951747342,9.999997616148235,0.0,1.5714563792515632,37.0,0.047255539802225195,0.04154433710516788,0.05083862794602045,0.17111218742723425,0.2504946828666614,0.03580373927393706,0.12519669943751693,0.11552667220558763,-37.30716673566143,0.07752174984890292
291.702,-2.527032925872021,881.8481574387451,5.049,0.01,9.99,0.0,1.5588592664015033,-0.0014481298172186376,0.0035501815570994476,-0.002440114190858599,-2.51574664507751,885.2094946525342,0.0,0.021061942889192234,10.010978502299723,0.0,291.622,-0.08529355264506072,0.011146728780339647,-4.965571195256618,1.5770610573546706,-0.06945968552923928,0.012684836540683033,-5.019356750045171,0.01618125551427696,-0.0347755053159311,-0.0,1.5681664317916575,-2.5665483165180385,885.1634471703123,0.0,-0.006600523951978266,9.999997616148232,0.0,1.5714563792515863,39.0,0.04729776632070757,0.04161638817774908,0.05089421289222993,0.17121287464730645,0.25054065470114995,0.035857022256993096,0.12523199028831616,0.1156124689095955,-37.293598138681574,0.07757173209776763
291.8,-2.5270332060927387,882.8467769154797,5.047,0.01,9.99,0.0,1.559776900396917,0.020911521959232536,-0.04454338611770817,0.028627685192458202,-2.515233959778425,886.210487638074,0.0,0.004031387650545531,10.008962990292897,0.0,291.721,-0.07465100452909519,0.03144801705382992,-4.994031116709231,1.560541839495376,-0.07506977587068389,0.017632980546488326,-5.011508044571238,0.0018538336437650283,-0.015924944864103452,-0.0,1.5696078629025287,-2.567208368926899,886.1634469524761,0.0,-0.006600523953801255,9.999997616148233,0.0,1.5714563792517686,39.0,0.04685806316754408,0.04130315290081247,0.050809104687720055,0.17086991025034873,0.2503999755462312,0.03567616201572306,0.1251277865966573,0.11530961913979529,-37.33847581650702,0.07740532936813017
291.902,-2.52703348634239,883.8453963904342,5.046,0.01,9.99,0.0,1.5628712215137224,0.002639735450634847,-0.03599426242525884,0.02992157292661079,-2.5151653983630506,887.2112289487523,0.0,-0.025367423755835023,10.005978959660606,0.0,291.886,-0.07806047356677351,0.028617480960328186,-4.980996787083258,1.5516331787470445,-0.06977570067317865,0.02677341955962072,-5.009232403235629,0.10468015660098683,0.007355029170414085,-0.0,1.559325780175178,-2.56786842133582,887.1634467346398,0.0,-0.006600523954498475,9.999997616148233,0.0,1.5714563792518383,16.0,0.045426707829952846,0.040362355481529645,0.050667701688152045,0.1696800111414878,0.24991290482452133,0.035073848169601816,0.12475011036646241,0.11430045255931937,-37.463061039391384,0.07683111179929347
292.001,-2.5270337666984233,884.8440158630075,5.047,0.0,9.98,0.0,1.5644464637760558,-0.017110758998726626,0.041636367463141075,-0.006623788436359877,-2.5158209867360632,888.2116648762452,0.0,-0.02949603980220409,10.003026651405081,0.0,291.919,-0.08139927132180541,0.03230947405584429,-5.005044899573674,1.556683454936114,-0.06248211513833684,0.030643057100762136,-5.008799375863296,0.11550572147977893,0.024366374190147866,-0.0,1.5592513088203939,889.7840000001792,5.6939621955215235e-08,0.0,10.000000000059117,6.253971158404668e-10,0.0,6.253971158367696e-11,41.0,0.047685444672363325,0.04155636298217695,0.05062794314213614,0.17175988835445447,0.25092133377767056,0.036316676882713374,0.12581313468638716,0.11617484243642906,-37.292621876177854,0.07793173313940994
292.1,-2.5270340470058557,885.8426353344016,5.049,0.0,9.98,0.0,1.562606199705277,-0.022096129667318457,0.0339946164192048,-0.016666817406005768,-2.5171838383510448,889.2118679853002,0.0,-0.012633498592694987,10.001410829139918,0.0,292.018,-0.07757594587994324,0.026607177446661297,-5.00708596508112,1.5774472075834116,-0.0650538119445857,0.02834079207605731,-5.005117227743062,0.07903530524620596,0.016696757391189365,-0.0,1.5628903494035085,-2.5691885261540692,889.1634462989673,0.0,-0.006600523955306718,9.999997616148235,0.0,1.5714563792519192,43.0,0.0479225283477027,0.04176463425407109,0.0505649861444016,0.172035877311481,0.25102624083013403,0.03638822385542347,0.12584011195814399,0.11636802450202624,-37.27539969237874,0.07806297160316442
292.2,-2.5270343276644667,886.8412548036157,5.049,0.0,9.98,0.0,1.56179281237093,-0.00888473667577604,0.004577029257825882,0.0019394610344379084,-2.5186526594005136,890.0119650698234,0.0,-0.00838846174379604,10.001187287267943,0.0,292.117,-0.08434122648568002,0.019633875920230994,-5.004219972391077,1.5604967273696926,-0.07087519479952864,0.025263810518223646,-5.00997867854773,0.061467141530460574,0.007892898538896631,-0.0,1.5646422394237671,-2.5697165680813963,889.9634461246983,0.0,-0.006600523957027563,9.999997616148233,0.0,1.5714563792520913,44.0,0.04814946795947855,0.041914730222585676,0.05058337477191478,0.17218267767179882,0.25107308260447475,0.03649773786648747,0.1259031576118651,0.11650215094248194,-37.25521508726246,0.07812762786802452
292.3,-2.52703460862125,887.8287798967783,5.05,-0.01,9.98,0.0,1.5624285396796205,0.0033035038229782166,-0.01187152525493897,0.01064388819506238,-2.520887736417233,891.0121085085319,0.0,-0.014643699333635345,10.00169012452847,0.0,292.216,-0.08010795910847654,0.033027987297745504,-5.061389247617632,1.5469611290969028,-0.056740234206946745,0.031696819926377795,-5.022448193444994,0.1710590241483896,0.020478410256014712,-0.0,1.5546925870737685,-2.5703766204907574,890.963445906862,0.0,-0.00660052396010066,9.999997616148232,0.0,1.5714563792523986,45.0,0.04810635662604071,0.04189176658627495,0.05055621966957762,0.17211413160633454,0.2510344996009632,0.036470621469616694,0.12587608183057208,0.11644156149873491,-37.26045448325122,0.0780884425896783
292.4,-2.5270348891050958,888.8273993653742,5.05,-0.01,9.98,0.0,1.5622452870619037,-0.00653599740887296,0.04401303192040425,-0.023970338946345766,-2.523568366518908,892.0123178319968,0.0,-0.010680086205645539,10.002471452368374,0.0,292.315,-0.07810831028899436,0.03211349213494675,-5.060549459908433,1.545933284280573,-0.04913976244095782,0.033829742913720116,-5.030016616112839,0.19527154114904027,0.02208292978951576,-0.0,1.552275149041148,-2.571036672900243,891.9634456890258,0.0,-0.0066005239599385675,9.999997616148232,0.0,1.5714563792523824,48.0,0.04812735730893865,0.04188273615025733,0.0505460734872022,0.1720873565893564,0.2510200499795005,0.03647366120585981,0.12587529072839632,0.11642535222128934,-37.26014025311558,0.07807345041583003
292.5,-2.5270351692179815,889.826018833191,5.051,-0.01,9.98,0.0,1.5593715217572193,-0.0070323698066312125,0.042562058007360154,-0.028734943661323304,-2.526498345910302,893.0126206673364,0.0,0.017753471319165572,10.003483729659239,0.0,292.414,-0.07652140126996922,0.03084307496135815,-5.059551650566191,1.5450699211468721,-0.0471654712913983,0.035183153721434206,-5.030959862177809,0.17865706985025628,0.021910150707498133,-0.0,1.553935438771936,-2.57169672530981,892.9634454711895,0.0,-0.006600523959321284,9.999997616148235,0.0,1.5714563792523206,48.0,0.048332389189340526,0.04194858257306022,0.050609822268541584,0.1721541018466283,0.25104394222440396,0.03654676116834165,0.12591855974733698,0.11650830268562071,-37.24413157611522,0.07810419281336711
292.6,-2.5270354497595804,890.8246382986063,5.053,-0.01,9.98,0.0,1.5572686568510272,-0.004901724966616589,0.02229261451751142,-0.013200605052455709,-2.529296378327938,894.0130670967052,0.0,0.038248504542088745,10.005017481743922,0.0,292.513,-0.07502988318950733,0.029356258457441713,-5.042403560108847,1.5453088386561957,-0.04682259173289409,0.03399265830279733,-5.025791368750449,0.16655857188348486,0.01600523543701904,-0.0,1.5551354934206507,-2.572356777719362,893.9634452533533,0.0,-0.0066005239614218255,9.999997616148233,0.0,1.5714563792525307,47.0,0.04833278062680789,0.0419540805655215,0.05064464169104565,0.17214857707959236,0.25103946417583456,0.03654790098723156,0.1259170634265799,0.11650788338399612,-37.24177835633866,0.07810044268643548
292.7,-2.536125785837214,891.8232577594333,5.055,0.0,9.99,0.0,1.5562400464576225,-9.295764905645054e-05,0.0073218194260091345,-0.011059969175407495,-2.5316693501076326,895.0137105631156,0.0,0.048276202902817734,10.0070707728212,0.0,292.612,-0.06829497548068572,0.029085419748301686,-4.962986363104224,1.5492070355979632,-0.04159447532004089,0.027963668620920156,-5.013956327564772,0.15735479993974202,-0.0073895688503942125,-0.0,1.5550347411470384,-2.5730168301290486,894.963445035517,0.0,-0.006600523959860853,9.999997616148233,0.0,1.5714563792523746,49.0,0.04985834065853924,0.04286594329551785,0.05077596403542203,0.17345895219375826,0.2516211124308505,0.03725699343746439,0.12645155597323168,0.1176808136367098,-37.12052776313333,0.07877193174936946
292.8,-2.5361260668364594,892.8218772214266,5.057,0.0,9.99,0.0,1.5559829865258672,0.01634392486413351,0.0031247213756694786,-0.00046526951746047283,-2.533481581974997,896.014571075183,0.0,0.05073645062893237,10.009130160310184,0.0,292.711,-0.07003298601077612,0.020751837580344917,-5.019448630414978,1.5514589997039139,-0.050101241973986264,0.023298336817970524,-5.011792505455698,0.09669740865592681,-0.015643559360771775,-0.0,1.5611020292205033,-2.5736768825385696,895.9634448176807,0.0,-0.006600523957618201,9.999997616148233,0.0,1.5714563792521503,50.0,0.0499385766401505,0.0429636506848161,0.050827639783299086,0.17350502535890489,0.2516181229866719,0.037274320425566033,0.1264377207844152,0.11771473152342757,-37.109345220680275,0.07878202255513936
292.9,-2.5361263486642827,893.8204966834351,5.059,0.0,9.99,0.0,1.5563321831312518,0.017604478983754206,-0.03326312977588181,0.01758931868706443,-2.5347125829374204,897.0155948784662,0.0,0.045940901322604,10.010341363167068,0.0,292.81,-0.07103827726016304,0.021835504932898063,-4.988551287782753,1.5577296806897225,-0.052899296874025184,0.01855823057026237,-5.005824221761523,0.08626114648172835,-0.022643802874512176,-0.0,1.5621421770609643,-2.5743369349475396,896.9634445998445,0.0,-0.006600523948618731,9.999997616148232,0.0,1.5714563792512504,50.0,0.04993106675498139,0.04300362962437096,0.050872741018682804,0.1735023658753299,0.25160675092038076,0.03728603985726624,0.12643868502582217,0.11771647727925855,-37.10487498386684,0.07877463059691903
293.0,-2.5361266338160817,894.8191175506036,5.06,0.0,9.99,0.0,1.5581547143545487,0.018761271376546797,-0.028010459176936335,0.01731077022336258,-2.5355011864949897,898.0166568528398,0.0,0.027882785614271273,10.010256245896043,0.0,292.909,-0.06159781849494125,0.022502102060265195,-4.99839251853446,1.5686407036738486,-0.059906384347911554,0.016244968844345144,-5.009583713349789,0.0073380703513830255,-0.022771228747345162,-0.0,1.570060107210296,-2.57499698735557,897.9634443820082,0.0,-0.006600523940340908,9.999997616148233,0.0,1.5714563792504226,52.0,0.05010621297989048,0.043080110251968944,0.05094188033609093,0.17357669485622285,0.25163624569215404,0.037351123511114095,0.1264795459390971,0.11780345476243963,-37.089774598909365,0.07881093961989862
293.1,-2.5361269118475605,895.8066412380786,5.06,0.0,9.99,0.0,1.560382665195737,0.012451787359151254,-0.049617755458774164,0.034880227219652435,-2.5362555226850634,899.2177808849743,0.0,-0.00289331599327322,10.008199335470628,0.0,293.008,-0.06664018670620413,0.016096161564802133,-5.0123809454920965,1.5528949015213653,-0.05785200537019223,0.015363076470585083,-5.0140975063415745,0.053074555929015076,-0.020627595788784703,-0.0,1.565472616097273,-2.57578905024405,899.1634441206047,0.0,-0.006600523929300848,9.999997616148235,0.0,1.5714563792493186,72.0,0.05004114187467192,0.043041189488280236,0.050969773084457326,0.17351190286904025,0.25160845773873447,0.037316444837308435,0.12645351529253754,0.11775078266900388,-37.093367564522,0.07877821724626521
293.2,-2.536127193607001,896.8052606951891,5.061,0.0,9.98,0.0,1.5632917495120804,0.006842780359149594,-0.008808998190510698,0.01698474673899299,-2.5369151329878314,900.0183409397056,0.0,-0.023528467790282986,10.005926560010263,0.0,293.107,-0.06622767706192803,0.02603331115263396,-5.051182046647816,1.5468130354373526,-0.04505914629185927,0.021830225985852127,-5.021062952371144,0.14365980431804157,0.006372984411335381,-0.0,1.5564117353242017,-2.5763170921691456,899.9634439463357,0.0,-0.006600523927317986,9.99999761614823,0.0,1.5714563792491203,53.0,0.05025790570497552,0.04312214115102565,0.05103692112209795,0.17361372821139054,0.25165402844129137,0.037381408411540376,0.1264975694976471,0.11786062489875375,-37.07743441079405,0.07883092026030179
293.3,-2.536127474762935,897.803880152564,5.063,0.0,9.98,0.0,1.5630259719353656,-0.013833129984483421,0.03745270810042722,-0.027595118168395265,-2.5381022353707725,901.0187721409134,0.0,-0.018290279046397604,10.002978945011057,0.0,293.206,-0.056554624495491534,0.01107440143675778,-5.084990192779501,1.5430739540727199,-0.023937492489534435,0.013907439311832637,-5.039287897552949,0.25456167500683663,-0.012923363919712827,-0.0,1.545261623353932,-2.5769771445752765,900.9634437284994,0.0,-0.006600523923081375,9.999997616148232,0.0,1.5714563792486966,54.0,0.050059244840209204,0.04306579839936069,0.051009259618351094,0.17355502085304925,0.2516335657705827,0.037327799824222324,0.12646686756552827,0.11779056546983335,-37.08896818630638,0.07880375851117101
293.4,-2.536127756502623,898.8024996074748,5.065,0.0,9.98,0.01,1.5597638069328406,0.0065760680383135876,0.09892598858906086,-0.05285782993975,-2.539488518084904,902.0189246141803,0.0,0.016237822894246776,10.000355597245816,0.0,293.305,-0.06521144599854467,0.01507225574024562,-5.070631100053984,1.5453720192256721,-0.028505005667747364,0.014074614361528641,-5.039480267724674,0.21835410733758523,-0.010466463232338796,-0.01,1.5488976891617112,-2.5776371969808776,901.9634435106632,0.0,-0.0066005239169218575,9.999997616148233,0.0,1.5714563792480807,55.0,0.05019857851919125,0.043109309206718724,0.051054893000942604,0.17361463261393514,0.2516579840079453,0.037377927945353294,0.12649758125714056,0.11785744105897542,-37.07874641850558,0.07883326194196505
293.5,-2.536128038116175,899.801119060668,5.066,0.0,9.98,0.01,1.5552889295530061,0.003888591671840161,0.045785774431736564,-0.032578806695225115,-2.540521998102044,903.0188282978395,0.0,0.059271998709411945,9.99744544157926,0.0,293.437,-0.06230312898442323,0.009465405222727133,-5.054607311669318,1.5887156198318333,-0.05111475019072276,0.010915057537682902,-5.037436313149696,0.01731157420291105,-0.01470251905005071,-0.01,1.5690591426494498,-2.578297249386037,902.9634432928269,0.0,-0.006600523913304751,9.999997616148233,0.0,1.571456379247719,43.0,0.04679923232066198,0.04125509750896126,0.050942485452073694,0.17070797245485922,0.2503013134430235,0.03560093700928759,0.1250396144135077,0.11518157929988154,-37.337654100059815,0.07731176085888919
293.6,-2.5361283190364645,900.7997385123432,5.067,0.01,9.97,0.01,1.554706719764743,0.005990605390917431,-0.08204385819712681,0.03400315502975058,-2.540773207068045,904.0184536771654,0.0,0.06100206327983248,9.994401220812481,0.0,293.536,-0.06671726883870456,0.008064108356902385,-5.0182785440115945,1.580455315015057,-0.058493716883249156,0.010052777278604017,-5.038060321663005,-0.014510494176937557,-0.005452823627994263,-0.01,1.571248980968643,-2.578957301790611,903.9634430749907,0.0,-0.006600523906221526,9.999997616148232,0.0,1.5714563792470106,45.0,0.046109530133333756,0.04082623270498527,0.05077910180293301,0.1702815047051172,0.2501537804955745,0.03537691902954918,0.1249362815951295,0.11480469282561875,-37.40110568188085,0.07712196333936513
293.7,-2.5361286007078263,901.7983579627357,5.069,0.01,9.97,0.01,1.560152401277099,0.0027406130991208017,-0.06426996907934511,0.05012970140092057,-2.5404209899937,905.2175705073711,0.0,-0.002797523570713279,9.990691611356311,0.0,293.635,-0.08113397768593292,0.005294847903605566,-4.970248150707844,1.5751747021129336,-0.07540683393612772,0.006088382711988138,-5.031088492878821,-0.0694339660697082,-0.01364338156703404,-0.01,1.5767657051929826,-2.579749364675281,905.1634428135872,0.0,-0.0066005238985654266,9.999997616148233,0.0,1.571456379246245,45.0,0.04709840443458389,0.04114558994390869,0.05095929416216794,0.17076359452744866,0.2503727818732624,0.03579180950453264,0.12523324503054276,0.11531922334100211,-37.3270076681504,0.07736756847334993
293.8,-2.5361288828404156,902.7858830599957,5.07,0.01,9.97,0.01,1.5645326437104983,0.006750791862156041,-0.07483398119021399,0.04814022737224133,-2.5403253666480157,906.016690870464,0.0,-0.03705140591458994,9.987480305812902,0.0,293.734,-0.06837773654633626,-0.0011800803047706174,-5.059083652932607,1.5791882299249713,-0.07269095998352719,-0.001680988330248844,-5.030929724711555,-0.049804913063412934,-0.028243326026256454,-0.01,1.5748001162330443,-2.580277406597889,905.9634426393181,0.0,-0.006600523896915633,9.999997616148232,0.0,1.57145637924608,46.0,0.04685118564038793,0.04096287510408372,0.05102300663028099,0.17049957129815962,0.2502489198994119,0.03567381596667584,0.12512873298183344,0.11510078462523826,-37.34433668877793,0.07723035129024627
293.9,-2.5361291642594495,903.7845025096117,5.07,0.0,9.96,0.01,1.568480402990479,0.014736502228403734,-0.03491413428102217,0.026845703953166364,-2.540950031065237,907.0152188044761,0.0,-0.07541196127049049,9.982747448860355,0.0,293.833,-0.07449953928414586,0.019001350974780278,-5.014670621983577,1.5503345013739431,-0.0643198545120611,0.008579963410095448,-5.032380438515272,0.0647456833028626,0.007614049297915315,-0.01,1.5643008131841836,-2.58093745900101,906.9634424214819,0.0,-0.006600523892659039,9.999997616148233,0.0,1.5714563792456544,27.0,0.04625676710041676,0.040840195561794454,0.050899498918413,0.17038572692784673,0.25020875859574604,0.03543402707183609,0.1249765239163755,0.1149087896897564,-37.38746317744687,0.07717946697898526
294.0,-2.536129445462535,904.7831219568669,5.07,0.0,9.96,0.01,1.5697001368415098,-0.013435679218262404,0.03761156315043577,-0.011822155264098548,-2.5427779395288304,908.0132676698253,0.0,-0.08465455612639233,9.977725243075925,0.0,293.932,-0.0627495588079035,0.0337788622447915,-5.025755813450197,1.5801549172061922,-0.06560865557740306,0.02469142706281215,-5.032571147770982,-0.0012955287982711868,0.0427890166651661,-0.01,1.57092584355156,-2.5815975114035616,907.9634422036456,0.0,-0.006600523886117605,9.999997616148233,0.0,1.5714563792450003,49.0,0.050090796727908865,0.04357099503511319,0.0526467307639882,0.17300104777530245,0.2511471771302502,0.03671313431832451,0.12564096465441188,0.11731697112793465,-36.98624052602128,0.0783700756697355
294.1,-2.545219790001539,905.7706442031247,5.068,-0.02,9.95,0.01,1.568369473624278,-0.03878867482695527,0.0006316397262607486,0.004156899866656139,-2.54583336028813,909.010849080577,0.0,-0.0729708431898225,9.973847420612039,0.0,294.031,-0.06866022182069884,0.022967252210769996,-5.0194874868635315,1.5485207676574133,-0.056081381605445575,0.027179688809921113,-5.032738970225321,0.0999888914856574,0.050998775230363336,-0.01,1.5627984070137118,-2.5822575638056016,908.9634419858094,0.0,-0.006600523882857986,9.99999761614823,0.0,1.5714563792446743,29.0,0.04654045154495336,0.04115598510472326,0.051875876901995244,0.1704098388375005,0.25019530532946965,0.035499174674712856,0.12500161070295027,0.11507373340674645,-37.30874188377008,0.07717202155931413
294.2,-2.545220072229398,906.7692636478978,5.066,-0.03,9.95,0.01,1.568599128690783,-0.03180260392695281,0.05595282219417321,-0.016027996671510617,-2.5499910494467555,910.0081565820182,0.0,-0.07317283431041519,9.97250763158101,0.0,294.13,-0.06452166845037817,0.03563956056580755,-5.000921805741308,1.5394738878676975,-0.03662940855504621,0.03842727686291966,-5.026149238071179,0.23073519035661536,0.0652753587021131,-0.01,1.5507561072300895,-2.5829176162074576,909.9634417679731,0.0,-0.006600523882866868,9.99999761614823,0.0,1.5714563792446752,50.0,0.04605474151073227,0.04073795476413587,0.05132463465827198,0.1703705486430924,0.2502685928401647,0.035352374339026806,0.12498308473507572,0.1149458925452365,-37.384645291849864,0.07720713403004473
294.3,-2.5543104272394714,907.7678830856166,5.062,-0.03,9.95,0.01,1.5648015952345469,-0.0319080504726549,0.08008008050837909,-0.06260725982376954,-2.5549467878343837,911.005492978986,0.0,-0.033578876927956594,9.974454328102327,0.0,294.229,-0.055159043755633075,0.04191644907086729,-4.959213000133808,1.5618622976837016,-0.02773069909544736,0.04338934790829535,-5.00860179886711,0.2108093311158582,0.06585983089464165,-0.01,1.5527459849416858,-2.5835776686092053,910.9634415501368,0.0,-0.006600523880026918,9.999997616148232,0.0,1.5714563792443912,31.0,0.046142355905021554,0.04077870537053778,0.051051952130475364,0.17056248754857808,0.25034771052473764,0.035370252085043616,0.12498835684920491,0.11503700404065557,-37.392873932044466,0.07730079223788874
