timestamp,quad_x,quad_y,quad_z,quad_vx,quad_vy,quad_vz,quad_yaw,quad_omgx,quad_omgy,quad_omgz,quad_true_x,quad_true_y,quad_true_z,quad_true_vx,quad_true_vy,quad_true_vz,landing_pad_raw_stamp,landing_pad_x_raw,landing_pad_y_raw,landing_pad_z_raw,landing_pad_yaw_raw,landing_pad_x,landing_pad_y,landing_pad_z,landing_pad_vx,landing_pad_vy,landing_pad_vz,landing_pad_yaw,landing_pad_true_x,landing_pad_true_y,landing_pad_true_z,landing_pad_true_vx,landing_pad_true_vy,landing_pad_true_vz,landing_pad_true_yaw,measure_lag,sigma_px,sigma_py,sigma_pz,sigma_v,sigma_a,sigma_yaw,sigma_yaw_rate,covar_trace,covar_det_log,covar_max_eig
53.5,-2.462598007457739e-10,0.011095782532533661,-0.024,0.01,0.0,0.01,1.5380331064250807,0.0,0.0,0.0,0.0002056415879756845,-299.999293360169,0.0,-0.0,0.0,0.0,0.0,0.0,0.0,0.0,0.0,0.0,0.0,0.0,-0.01,0.0,-0.01,0.0,-2.0,-300.0,0.0,0.0,0.0,0.0,1.5707963267948963,0.0,0.3872983346207417,0.3872983346207417,0.3872983346207417,0.7071067811865476,1.224744871391589,0.3872983346207417,0.7071067811865476,3.1,-8.56930919255525,1.5
53.6,-2.462598007457739e-10,0.011095782532533661,-0.026,0.01,0.0,0.01,1.5381272817638258,0.000302896498779904,0.0003576195345616308,-0.0025967406748375293,0.0002056415879756845,-299.999293360169,0.0,-0.0,0.0,0.0,0.0,0.0,0.0,0.0,0.0,0.0,0.0,0.0,-0.01,0.0,-0.01,0.0,-2.0,-300.0,0.0,0.0,0.0,0.0,1.5707963267948963,0.0,0.3872983346207417,0.3872983346207417,0.3872983346207417,0.7071067811865476,1.224744871391589,0.3872983346207417,0.7071067811865476,3.1,-8.56930919255525,1.5
53.7,-2.462598007457739e-10,0.011095782532533661,-0.026,0.01,-0.01,0.01,1.5382186631348471,0.0,0.0,0.0,0.0002056415879756845,-299.999293360169,0.0,-0.0,0.0,0.0,0.0,0.0,0.0,0.0,0.0,0.0,0.0,0.0,-0.01,0.01,-0.01,0.0,-2.0,-300.0,0.0,0.0,0.0,0.0,1.5707963267948963,0.0,0.3872983346207417,0.3872983346207417,0.3872983346207417,0.7071067811865476,1.224744871391589,0.3872983346207417,0.7071067811865476,3.1,-8.56930919255525,1.5
53.811,-2.462598007457739e-10,0.011095782532533661,-0.026,0.01,-0.01,0.01,1.5383065948870518,0.0002825250769386768,0.00035467953457899934,-0.002721775419743843,0.0002056415879756845,-299.999293360169,0.0,-0.0,0.0,0.0,0.0,0.0,0.0,0.0,0.0,0.0,0.0,0.0,-0.01,0.01,-0.01,0.0,-2.0,-300.0,0.0,0.0,0.0,0.0,1.5707963267948963,0.0,0.3872983346207417,0.3872983346207417,0.3872983346207417,0.7071067811865476,1.224744871391589,0.3872983346207417,0.7071067811865476,3.1,-8.56930919255525,1.5
53.9,-2.462598007457739e-10,0.011095782532533661,-0.026,0.01,-0.01,0.01,1.5384060936656336,0.0003196496430851466,0.0004293077364309631,-0.0026561292319092654,0.0002056415879756845,-299.999293360169,0.0,-0.0,0.0,0.0,0.0,0.0,0.0,0.0,0.0,0.0,0.0,0.0,-0.01,0.01,-0.01,0.0,-2.0,-300.0,0.0,0.0,0.0,0.0,1.5707963267948963,0.0,0.3872983346207417,0.3872983346207417,0.3872983346207417,0.7071067811865476,1.224744871391589,0.3872983346207417,0.7071067811865476,3.1,-8.56930919255525,1.5
54.002,-2.462598007457739e-10,0.011095782532533661,-0.025,0.01,-0.01,0.01,1.5384992296483855,0.0003656019545031822,0.00039916676881278617,-0.0026242705800013006,0.0002056415879756845,-299.999293360169,0.0,-0.0,0.0,0.0,0.0,0.0,0.0,0.0,0.0,0.0,0.0,0.0,-0.01,0.01,-0.01,0.0,-2.0,-300.0,0.0,0.0,0.0,0.0,1.5707963267948963,0.0,0.3872983346207417,0.3872983346207417,0.3872983346207417,0.7071067811865476,1.224744871391589,0.3872983346207417,0.7071067811865476,3.1,-8.56930919255525,1.5
54.1,-2.462598007457739e-10,0.011095782532533661,-0.024,0.01,-0.01,0.01,1.5385858612742762,0.0,0.0,0.0,0.0002056415879756845,-299.999293360169,0.0,-0.0,0.0,0.0,0.0,0.0,0.0,0.0,0.0,0.0,0.0,0.0,-0.01,0.01,-0.01,0.0,-2.0,-300.0,0.0,0.0,0.0,0.0,1.5707963267948963,0.0,0.3872983346207417,0.3872983346207417,0.3872983346207417,0.7071067811865476,1.224744871391589,0.3872983346207417,0.7071067811865476,3.1,-8.56930919255525,1.5
54.203,-2.462598007457739e-10,0.011095782532533661,-0.024,0.01,-0.01,0.01,1.5386772202935555,0.00034582879891586094,0.0003744008497215933,-0.0026374268856355692,0.0002056415879756845,-299.999293360169,0.0,-0.0,0.0,0.0,0.0,0.0,0.0,0.0,0.0,0.0,0.0,0.0,-0.01,0.01,-0.01,0.0,-2.0,-300.0,0.0,0.0,0.0,0.0,1.5707963267948963,0.0,0.3872983346207417,0.3872983346207417,0.3872983346207417,0.7071067811865476,1.224744871391589,0.3872983346207417,0.7071067811865476,3.1,-8.56930919255525,1.5
54.302,-2.462598007457739e-10,0.011095782532533661,-0.025,0.01,-0.01,0.01,1.5387824411180357,-0.000574400481653047,0.0008388062633506659,-0.002155370238653745,0.00021016365254058044,-299.9992878583572,0.0,-1.812018705134555e-07,0.00024746248788672613,0.0,0.0,0.0,0.0,0.0,0.0,0.0,0.0,0.0,-0.01,0.01,-0.01,0.0,-2.0,-300.0,0.0,0.0,0.0,0.0,1.5707963267948963,0.0,0.3872983346207417,0.3872983346207417,0.3872983346207417,0.7071067811865476,1.224744871391589,0.3872983346207417,0.7071067811865476,3.1,-8.56930919255525,1.5
54.404,-2.462598007457739e-10,0.011095782532533661,-0.024,0.01,-0.01,-0.04,1.5389368357744555,0.0,0.0,0.0,0.0002395065965489581,-299.99922733419425,0.0,-8.44555163290779e-07,0.0010859364319218351,0.0,0.0,0.0,0.0,0.0,0.0,0.0,0.0,0.0,-0.01,0.01,0.04,0.0,-2.0,-300.0,0.0,0.0,0.0,0.0,1.5707963267948963,0.0,0.3872983346207417,0.3872983346207417,0.3872983346207417,0.7071067811865476,1.224744871391589,0.3872983346207417,0.7071067811865476,3.1,-8.56930919255525,1.5
54.5,-3.744552584672434e-11,0.011095782910380712,-0.016,0.01,-0.01,-0.12,1.5387907894935944,-0.013358744287755206,-0.004539480824089366,-0.0074828922989296515,0.0002641205364453935,-299.99899487514796,0.0,-2.039934439497019e-06,0.0035964536468688158,0.0,0.0,0.0,0.0,0.0,0.0,0.0,0.0,0.0,-0.01,0.01,0.12,0.0,-2.0,-300.0,0.0,0.0,0.0,0.0,1.5707963267948963,0.0,0.3872983346207417,0.3872983346207417,0.3872983346207417,0.7071067811865476,1.224744871391589,0.3872983346207417,0.7071067811865476,3.1,-8.56930919255525,1.5
54.6,-9.717932751909797e-11,0.01109578282348939,0.0,0.01,0.0,-0.21,1.5389294783261158,0.0,0.0,0.0,0.00024910892269523424,-299.9985775465355,0.0,-3.933427851035299e-06,0.006555714381127629,0.0,0.0,0.0,0.0,0.0,0.0,0.0,0.0,0.0,-0.01,0.0,0.21,0.0,-2.0,-300.0,0.0,0.0,0.0,0.0,1.5707963267948963,0.0,0.3872983346207417,0.3872983346207417,0.3872983346207417,0.7071067811865476,1.224744871391589,0.3872983346207417,0.7071067811865476,3.1,-8.56930919255525,1.5
54.7,-7.93904126467071e-11,0.01109578295786405,0.025,0.01,0.0,-0.3,1.5389410863306858,0.0,0.0,0.0,0.0001530669673770006,-299.99769982253326,0.0,-6.080832405270312e-06,0.010585919816696526,0.0,0.0,0.0,0.0,0.0,0.0,0.0,0.0,0.0,-0.01,0.0,0.3,0.0,-2.0,-300.0,0.0,0.0,0.0,0.0,1.5707963267948963,0.0,0.3872983346207417,0.3872983346207417,0.3872983346207417,0.7071067811865476,1.224744871391589,0.3872983346207417,0.7071067811865476,3.1,-8.56930919255525,1.5
54.8,-3.301495708762925e-10,0.011095783007234003,0.059,0.01,0.0,-0.4,1.5390064875271656,0.008131748716320553,0.0005110980918503097,-0.0017602251036806331,-5.24621062271698e-05,-299.99643625962455,0.0,-6.327355282843954e-06,0.01421307353959566,0.0,0.0,0.0,0.0,0.0,0.0,0.0,0.0,0.0,-0.01,0.0,0.4,0.0,-2.0,-300.0,0.0,0.0,0.0,0.0,1.5707963267948963,0.0,0.3872983346207417,0.3872983346207417,0.3872983346207417,0.7071067811865476,1.224744871391589,0.3872983346207417,0.7071067811865476,3.1,-8.56930919255525,1.5
54.9,-1.632801810425022e-10,0.011095783432564392,0.104,0.01,0.0,-0.5,1.5389618585493903,0.007224616949157426,-0.002180576644309847,-0.0031821825575779152,-0.00037778552184342747,-299.9948521516508,0.0,-7.195605704923274e-06,0.017057919653064788,0.0,0.0,0.0,0.0,0.0,0.0,0.0,0.0,0.0,-0.01,0.0,0.5,0.0,-2.0,-300.0,0.0,0.0,0.0,0.0,1.5707963267948963,0.0,0.3872983346207417,0.3872983346207417,0.3872983346207417,0.7071067811865476,1.224744871391589,0.3872983346207417,0.7071067811865476,3.1,-8.56930919255525,1.5
55.0,-7.3933519029179e-11,0.011095783636628803,0.159,0.01,0.0,-0.59,1.5389245683935024,0.007995643453717068,0.0006800641547490663,-0.007035188226273983,-0.0009407797500772884,-299.99264773267487,0.0,-6.038669409850837e-06,0.0193018518760294,0.0,0.0,0.0,0.0,0.0,0.0,0.0,0.0,0.0,-0.01,0.0,0.59,0.0,1.8624261854301496e-17,6.448958737083732e-35,0.0,5.300948481557891e-19,5.529174076245262e-36,0.0,1.0430537281170291e-17,0.0,0.3872983346207417,0.3872983346207417,0.3872983346207417,0.7071067811865476,1.224744871391589,0.3872983346207417,0.7071067811865476,3.1,-8.56930919255525,1.5
55.1,-4.4416027800142643e-10,0.01109578313248244,0.225,0.01,0.0,-0.7,1.5390097248044352,0.0061002379984738285,-0.0024057548141468424,-0.00012654627783981423,-0.0015652951911436152,-299.99065508854983,0.0,-4.673719059457481e-06,0.02034228750765878,0.0,0.0,0.0,0.0,0.0,0.0,0.0,0.0,0.0,-0.01,0.0,0.7,0.0,-2.0,-300.0,0.0,0.0,0.0,0.0,1.5707963267948963,0.0,0.3872983346207417,0.3872983346207417,0.3872983346207417,0.7071067811865476,1.224744871391589,0.3872983346207417,0.7071067811865476,3.1,-8.56930919255525,1.5
55.2,-1.2821042838506713e-10,0.01109578346903492,0.301,0.01,0.0,-0.8,1.5389877716687062,0.007285503159931035,0.0001234193273392898,-0.0006290919653524242,-0.0021717169318072283,-299.9890102174737,0.0,-2.6130785555771092e-06,0.020668861685795233,0.0,0.0,0.0,0.0,0.0,0.0,0.0,0.0,0.0,-0.01,0.0,0.8,0.0,-2.0,-300.0,0.0,0.0,0.0,0.0,1.5707963267948963,0.0,0.3872983346207417,0.3872983346207417,0.3872983346207417,0.7071067811865476,1.224744871391589,0.3872983346207417,0.7071067811865476,3.1,-8.56930919255525,1.5
55.3,-2.121001985155857e-10,0.011095783943735227,0.388,0.01,0.0,-0.9,1.5390350530531747,0.003182117358816675,-0.0010861867486196184,0.001506091233769613,-0.0032619335334838797,-299.9865304579817,0.0,-7.05201759487241e-08,0.020556272792323665,0.0,0.0,0.0,0.0,0.0,0.0,0.0,0.0,0.0,-0.01,0.0,0.9,0.0,-2.0,-300.0,0.0,0.0,0.0,0.0,1.5707963267948963,0.0,0.3872983346207417,0.3872983346207417,0.3872983346207417,0.7071067811865476,1.224744871391589,0.3872983346207417,0.7071067811865476,3.1,-8.56930919255525,1.5
55.4,-3.34068606111515e-11,0.011095783972130402,0.484,0.0,0.0,-1.0,1.5389775345709662,0.003583761385957329,0.001775470166035122,-0.00323769584552271,-0.00410839177389013,-299.98490370962116,0.0,2.000208445365915e-07,0.020143802318031347,0.0,0.0,0.0,0.0,0.0,0.0,0.0,0.0,0.0,0.0,0.0,1.0,0.0,-2.0,-300.0,0.0,0.0,0.0,0.0,1.5707963267948963,0.0,0.3872983346207417,0.3872983346207417,0.3872983346207417,0.7071067811865476,1.224744871391589,0.3872983346207417,0.7071067811865476,3.1,-8.56930919255525,1.5
55.5,2.2280921552209065e-10,0.011095784221791527,0.589,0.0,0.0,-1.1,1.538987019160066,0.0,0.0,0.0,-0.005296495010817221,-299.9829277985143,0.0,1.8791678747817475e-06,0.01941945954195169,0.0,0.0,0.0,0.0,0.0,0.0,0.0,0.0,0.0,0.0,0.0,1.1,0.0,-2.0,-300.0,0.0,0.0,0.0,0.0,1.5707963267948963,0.0,0.3872983346207417,0.3872983346207417,0.3872983346207417,0.7071067811865476,1.224744871391589,0.3872983346207417,0.7071067811865476,3.1,-8.56930919255525,1.5
55.6,-4.579105428170749e-10,0.01109578405985745,0.704,0.0,0.0,-1.21,1.5389710004117825,0.002071360068545389,0.0036194314673833306,-0.006720819067838926,-0.006618927693654615,-299.9810362578078,0.0,4.642361046279041e-06,0.018493918686870045,0.0,0.0,0.0,0.0,0.0,0.0,0.0,0.0,0.0,0.0,0.0,1.21,0.0,-2.0,-300.0,0.0,0.0,0.0,0.0,1.5707963267948963,0.0,0.3872983346207417,0.3872983346207417,0.3872983346207417,0.7071067811865476,1.224744871391589,0.3872983346207417,0.7071067811865476,3.1,-8.56930919255525,1.5
55.7,-1.8390555744929316e-10,0.011095784443893253,0.828,0.0,0.0,-1.31,1.5390303889897208,0.0012621524651285803,-0.00018150197316318684,-0.0013693349635367418,-0.008061347430961333,-299.97924426112286,0.0,5.408218159594573e-06,0.017425415405169814,0.0,0.0,0.0,0.0,0.0,0.0,0.0,0.0,0.0,0.0,0.0,1.31,0.0,-2.0,-300.0,0.0,0.0,0.0,0.0,1.5707963267948963,0.0,0.3872983346207417,0.3872983346207417,0.3872983346207417,0.7071067811865476,1.224744871391589,0.3872983346207417,0.7071067811865476,3.1,-8.56930919255525,1.5
55.8,-4.715711154901214e-11,0.011095784899505412,0.964,0.0,0.0,-1.41,1.5390058765795567,0.0021135382284230082,0.0016151038441058266,0.0006104584592940887,-0.009606698557214757,-299.97756269252704,0.0,6.462036063463935e-06,0.016272224589959302,0.0,0.0,0.0,0.0,0.0,0.0,0.0,0.0,0.0,0.0,0.0,1.41,0.0,-2.0,-300.0,0.0,0.0,0.0,0.0,1.5707963267948963,0.0,0.3872983346207417,0.3872983346207417,0.3872983346207417,0.7071067811865476,1.224744871391589,0.3872983346207417,0.7071067811865476,3.1,-8.56930919255525,1.5
55.9,-2.3911261859410615e-11,0.011095785332911112,1.111,0.0,0.0,-1.52,1.5390320281174519,0.0,0.0,0.0,-0.011235607991605202,-299.97600000117313,0.0,6.879022694314219e-06,0.015067727493770229,0.0,0.0,0.0,0.0,0.0,0.0,0.0,0.0,0.0,0.0,0.0,1.52,0.0,-2.0,-300.0,0.0,0.0,0.0,0.0,1.5707963267948963,0.0,0.3872983346207417,0.3872983346207417,0.3872983346207417,0.7071067811865476,1.224744871391589,0.3872983346207417,0.7071067811865476,3.1,-8.56930919255525,1.5
56.0,-7.818817815419266e-11,0.011095785545050973,1.269,0.0,0.0,-1.62,1.5390124442663529,0.0,0.0,0.0,-0.013270573970074561,-299.9742840745926,0.0,8.621297733630948e-06,0.013642593088762638,0.0,0.0,0.0,0.0,0.0,0.0,0.0,0.0,0.0,0.0,0.0,1.62,0.0,1.8670422387852253e-17,6.500488074077627e-35,0.0,1.055630327215667e-19,1.1817444710383334e-36,0.0,1.1194680946267482e-17,0.0,0.3872983346207417,0.3872983346207417,0.3872983346207417,0.7071067811865476,1.224744871391589,0.3872983346207417,0.7071067811865476,3.1,-8.56930919255525,1.5
56.1,-1.9219892344324307e-10,0.011095785290565652,1.439,0.0,-0.01,-1.72,1.5389484922077996,0.0,0.0,0.0,-0.015005698748941362,-299.97298430747736,0.0,8.835599567807609e-06,0.012454337256756483,0.0,0.0,0.0,0.0,0.0,0.0,0.0,0.0,0.0,0.0,0.01,1.72,0.0,-2.0,-300.0,0.0,0.0,0.0,0.0,1.5707963267948963,0.0,0.3872983346207417,0.3872983346207417,0.3872983346207417,0.7071067811865476,1.224744871391589,0.3872983346207417,0.7071067811865476,3.1,-8.56930919255525,1.5
56.2,-2.8842062071987584e-10,0.01109578630965613,1.62,0.0,-0.01,-1.8,1.5389330918577053,0.0,0.0,0.0,-0.016402097283275317,-299.97202863906836,0.0,8.895715968352974e-06,0.011520162261542934,0.0,0.0,0.0,0.0,0.0,0.0,0.0,0.0,0.0,0.0,0.01,1.8,0.0,-2.0,-300.0,0.0,0.0,0.0,0.0,1.5707963267948963,0.0,0.3872983346207417,0.3872983346207417,0.3872983346207417,0.7071067811865476,1.224744871391589,0.3872983346207417,0.7071067811865476,3.1,-8.56930919255525,1.5
56.3,-1.1609435635051568e-10,0.011095786654284012,1.805,0.0,-0.01,-1.84,1.5389161417868475,-0.0002395034696671126,0.0014354871228800363,-0.0045073561790344215,-0.01814218160371303,-299.9709397818159,0.0,8.854988854199721e-06,0.010346394279063387,0.0,56.233,-1.9779088744965554,0.02143421942269634,-1.5749632030616332,1.5402958138075231,0.0,0.0,0.0,0.0,0.01,1.84,0.0,-2.0,-300.0,0.0,0.0,0.0,0.0,1.5707963267948963,67.0,0.3872983346207417,0.3872983346207417,0.3872983346207417,0.7071067811865476,1.224744871391589,0.3872983346207417,0.7071067811865476,3.1,-8.56930919255525,1.5
56.4,1.1000078625755805e-10,0.01109578655449317,1.992,0.0,-0.01,-1.85,1.5389024215426783,0.0,0.0,0.0,-0.019861726618268023,-299.9699659618964,0.0,8.787232995250029e-06,0.00922121509413598,0.0,56.332,-1.9821340293428142,0.022193552007790746,-1.763408720989353,1.5396961559249347,8.113413875829255e-18,0.0009999999999999497,0.18578027777777817,3.5054264018257278e-16,0.01,1.85,-7.52075129609829e-18,-2.0,-300.0,0.0,0.0,0.0,0.0,1.5707963267948963,68.0,0.3943898582818496,0.38794329482541656,0.3879432948254165,0.7211183728764649,1.2288205727444508,0.3943385942625961,0.7088723439378912,3.1445579949405786,-8.533986931283284,1.532462114553138
56.5,1.3778866936320355e-11,0.01109578681411616,2.18,0.0,-0.01,-1.83,1.538888015845094,-0.0010452523528635528,0.0005051315174286262,-0.00405098336359138,-0.021548362844034046,-299.969099976789,0.0,8.56515735626443e-06,0.008186318209532206,0.0,56.431,-1.9873454907166315,0.02382184993328354,-1.9541161564337355,1.5393844421464407,-1.9771454814705622,-0.008598349543249059,-1.5407449009155014,-0.0010579667750678222,-0.2624996804661497,1.83,1.5669138948684553,-2.0,-300.0,0.0,0.0,0.0,0.0,1.5707963267948963,69.0,0.05041979833054399,0.11751311613089027,0.1355939561153557,0.7519651739546815,1.2328710720031173,0.11556121578294941,0.7074066526614384,2.633938479307202,-22.860464976490753,1.608528154750911
56.602,-3.6877978448757176e-10,0.011095786854359968,2.366,0.0,-0.01,-1.8,1.5389056923475601,0.0,0.0,0.0,-0.023512607461370304,-299.9681918272978,0.0,8.326810869442465e-06,0.0070315245657394275,0.0,56.53,-1.9909487699476383,0.02497591518092225,-2.1449472850560327,1.5422606139788544,-1.9842049341878156,0.011620171278065205,-1.6031750681839476,-0.00046182471281765576,-0.07035246384337852,1.8,1.5650489034355592,-2.0,-300.0,0.0,0.0,0.0,0.0,1.5707963267948963,72.0,0.038569549649368456,0.10787516915669026,0.08540827522598181,0.577549687311151,1.2265997478331365,0.10158278126472314,0.4849668398007619,2.1040417156111535,-26.748214205123,1.6127385857463912
56.7,-1.9645363114051406e-10,0.011095787958455228,2.547,0.0,-0.01,-1.75,1.5388540188458304,-0.0006576992068340578,0.001784421139127742,-0.00479229645482614,-0.024774136245703106,-299.9676608827217,0.0,8.010430699454986e-06,0.00630816518831233,0.0,56.629,-1.9937303555852943,0.0269516093953428,-2.3338914055029574,1.5390112156645237,-1.9903028026603673,0.02414499000169812,-1.6531760668294755,-5.217035559186868e-05,0.006706640128227556,1.75,1.5549565782067187,-2.0,-300.0,0.0,0.0,0.0,0.0,1.5707963267948963,71.0,0.03665049524328144,0.0854976353710593,0.07035435103308384,0.44885128895197673,1.19904554402601,0.0748083386385906,0.2985409345153407,1.747503512518547,-29.29104785131712,1.5513340382524792
56.8,-5.014896276023251e-10,0.01109578784023113,2.724,0.0,-0.01,-1.69,1.5766499546032884,0.0004315344347701996,0.0023211609487853936,-0.0070600832781400604,-0.02627947406420018,-299.9670764683595,0.0,7.758794036687168e-06,0.0054364460597576365,0.0,56.728,-1.9843489556251215,0.017217536496202016,-2.498707093130674,1.5398444615847486,-1.9888639613496757,0.02112039322590098,-1.7007377912070698,-0.00020923652370541442,0.0008322014358281022,1.69,1.5479773038909912,-2.0,-300.0,0.0,0.0,0.0,0.0,1.5707963267948963,72.0,0.03627807323558206,0.07858283513881986,0.06329876700275562,0.42292444957078873,1.1394628270935823,0.0615517819344583,0.2175240425841668,1.5398440498145296,-30.81596716607899,1.4288927652624532
56.9,-0.009088850490018618,0.011095788196842093,2.894,0.0,-0.01,-1.63,1.5765186064553003,0.0,0.0,0.0,-0.027687804231260573,-299.96657860046696,0.0,6.775682926326916e-06,0.004584640890829626,0.0,56.827,-1.9998718323658888,-0.05601060831040912,-2.692550521621706,1.5737425699372025,-1.9933327924588737,-0.04296856909931994,-1.7632248710046001,-0.0013473618400637996,-0.251555207425451,1.63,1.5656450245689584,-2.0,-300.0,0.0,0.0,0.0,0.0,1.5707963267948963,73.0,0.03623336545414706,0.07749766443246542,0.05946286873752284,0.41461058402963863,1.035807766349393,0.05500173497140229,0.1800812269213218,1.2911086818815862,-31.794499349070904,1.210303257916674
57.0,-0.009088850812843496,0.011095788323977063,3.059,0.0,-0.01,-1.57,1.5765132466938834,0.0010937399583878424,0.002409715018718662,0.0006511917562191271,-0.02898424682284463,-299.9661666504423,0.0,5.526317010263555e-06,0.003706377926777761,0.0,56.926,-2.003288213662134,-0.055324210380225634,-2.8664205515954855,1.581537553862696,-1.9966026153769962,-0.09170959430611123,-1.8403238821515506,0.006674651977882619,-0.36747475638868354,1.57,1.5884768639661735,-2.0,-300.0,0.0,0.0,0.0,0.0,1.5707963267948963,74.0,0.03623635605436459,0.07625953349526195,0.05720724063700926,0.39552640617020884,0.901842474849359,0.05134103366271358,0.1606035767982803,1.008591656368609,-32.524234343820204,0.9409227780698529
57.1,-0.009088850980623064,0.011095789273377843,3.217,0.0,-0.01,-1.5,1.5765613229621689,0.0,0.0,0.0,-0.030156830281388537,-299.9658405113404,0.0,3.932113833410659e-06,0.002860667403367145,0.0,57.025,-1.9884980210834273,-0.056163305300645575,-3.010419939580535,1.5871366735749883,-1.9964445477715853,-0.09463953356007127,-1.9323537946920668,0.008113489249901379,-0.28387843742257507,1.5,1.598397633117935,-2.0,-300.0,0.0,0.0,0.0,0.0,1.5707963267948963,75.0,0.03624607815451801,0.07382084116541167,0.0558420513865603,0.3677530553727057,0.7692321100372771,0.04923446954792928,0.14983059242268093,0.7617152177407711,-33.09849562064214,0.7004024846662162
57.201,-0.009088851112422747,0.011095788884517788,3.369,0.01,-0.01,-1.43,1.5763033452120163,0.0,0.0,0.0,-0.031386597738378964,-299.9655583768023,0.0,2.522917219970535e-06,0.0019028449459446161,0.0,57.124,-1.9790775059107664,-0.0555758494382276,-3.1469819213659047,1.5829213107238644,-1.9945066824964761,-0.08435298307753131,-2.033690303843219,-0.005136224692053897,-0.172046246566626,1.43,1.5975072237351404,-2.0,-300.0,0.0,0.0,0.0,0.0,1.5707963267948963,77.0,0.036289771991746086,0.07114287270568019,0.05503767008124842,0.33964334044702754,0.658629022108158,0.04811995208819252,0.1436869912755586,0.5815186697399582,-33.53628647694675,0.5233808714133746
57.3,-0.009088851431150458,0.02219157765863078,3.514,0.01,-0.02,-1.36,1.5763239958931248,0.0,0.0,0.0,-0.03225239417726202,-299.96540949391084,0.0,1.5264035938848656e-06,0.0011523938788080873,0.0,57.223,-1.999588672065025,-0.05402463649415294,-3.3276877237978817,1.5822350200507065,-1.9966604886526147,-0.06999351037161,-2.151924265720252,-0.007812309832097759,-0.06750236552729878,1.36,1.595792616920473,-2.0,-300.0,0.0,0.0,0.0,0.0,1.5707963267948963,77.0,0.03621120562075868,0.06799102708917922,0.0544596715140003,0.3139862068329825,0.5743138401911986,0.04722394786313861,0.1398973758608206,0.4591249891396133,-33.90956355088519,0.4028262152407819
57.421,-0.009088851867477876,0.022191578523026667,3.684,0.01,-0.02,-1.27,1.5759721976381282,0.0004993343536514108,-8.103726445168435e-05,-0.006063754140390641,-0.03308305086925527,-299.9653242751117,0.0,4.4982021441518323e-07,0.00035148344656151556,0.0,57.322,-2.000893905384361,-0.0524642537757532,-3.474863769099299,1.5728402785911484,-1.997001196388609,-0.059068828063182074,-2.252043866247316,-0.009545057855657494,-0.003405752249839848,1.27,1.5902310734078986,-2.0,-300.0,0.0,0.0,0.0,0.0,1.5707963267948963,99.0,0.03760162350119899,0.07123377570591329,0.055077722613335045,0.3035884129474268,0.5144124669051598,0.04954317902195271,0.1395246354858266,0.38822944949796123,-33.80004960114319,0.3307236833310656
57.5,-0.009088851342713866,0.022191578857692296,3.779,0.01,-0.02,-1.22,1.5760472519930937,-0.0022093765065639794,0.001560823516339497,0.000529104506099138,-0.03341052684862649,-299.96531401051476,0.0,4.322838194760827e-08,4.076191229943233e-05,0.0,57.421,-2.007222471476371,-0.05053911601893582,-3.617286853822007,1.5757928695200925,-2.0012208309007646,-0.05259726305694276,-2.2941129096399884,-0.010105309445810161,0.025821430055006693,1.22,1.5888843154300532,-2.0,-300.0,0.0,0.0,0.0,0.0,1.5707963267948963,55.0,0.036178673070217986,0.06339390321287601,0.05390561540911797,0.2776680404738541,0.46807469434784144,0.04643093956448024,0.13627880435143616,0.32515470357603343,-34.39404529759841,0.27030951474751364
57.6,-0.009088851737096615,0.022191579674605055,3.901,0.01,-0.02,-1.16,1.5759607223470251,-0.001198307988767873,0.0010543022266962306,0.0028368611145413738,-0.03388998524176206,-299.96534423408457,0.0,-4.1590829402872763e-07,-0.00048713990085120026,0.0,57.52,-2.0077910863311907,-0.05180472301742274,-3.7483958898428136,1.580649557746438,-2.003471287464279,-0.04807564490150679,-2.469670357182398,-0.010403209104234293,0.04453321225376036,1.16,1.5872300820410445,-2.0,-300.0,0.0,0.0,0.0,0.0,1.5707963267948963,80.0,0.038752715495652686,0.07170353583967622,0.05590852883183755,0.284288476091447,0.44978198593671015,0.05133455352195375,0.13908794540196454,0.3148733990593455,-33.822772723221256,0.2564054790093954
57.704,-0.009088852149268245,0.022191579977409503,4.017,0.01,-0.02,-1.09,1.575846879338149,-0.002274127220650295,0.002607653213311281,-0.0008702157748613723,-0.03410874998307755,-299.9654138318562,0.0,-7.331128566815359e-07,-0.0008570306688808995,0.0,57.619,-2.001119493488483,-0.04909863917542863,-3.8500292021807,1.5828536311323327,-2.0036639977163984,-0.042993117662930874,-2.6423271056590076,-0.010705540779484784,0.05974837027942145,1.09,1.5885446442865458,-2.0,-300.0,0.0,0.0,0.0,0.0,1.5707963267948963,85.0,0.03699861744183144,0.06252201330457026,0.05521767657521353,0.25874375543235023,0.41400126454388636,0.0475311497321772,0.13569533089567656,0.2673447026875514,-34.444332119999096,0.21195357357511424
57.8,-0.01817770371299976,0.02219158032502011,4.126,0.01,-0.02,-1.03,1.5758027691070475,-5.769171423343192e-05,0.0023744999749599617,-0.0032529129528067486,-0.034163611434000984,-299.96549384638405,0.0,-7.568422358751898e-07,-0.0010932805470201513,0.0,57.718,-1.9947635111247435,-0.05042760508732616,-3.9536010562140707,1.5870914718680669,-2.0018340207125536,-0.042720311201283126,-2.811308156064925,-0.010734676924109744,0.05777341371004639,1.03,1.5902434519984894,-2.0,-300.0,0.0,0.0,0.0,0.0,1.5707963267948963,82.0,0.036303754025800564,0.0596845497154845,0.054492256998672765,0.249478973860057,0.3967583718729539,0.04624310131165843,0.13468726480418086,0.24778566187281137,-34.71667860649259,0.1933198312762382
57.9,-0.009088852305223716,0.02219158052987491,4.229,0.02,-0.02,-0.97,1.5759447184999027,-0.0004933931055427584,-0.0008332428896276723,0.0003189071249626991,-0.03408137817912841,-299.96562078885455,0.0,-5.19810022052692e-07,-0.0013868954498496822,0.0,57.817,-2.0093432935759856,-0.04789448813492824,-4.090147572364185,1.5777010002660798,-2.0040305720296048,-0.040579506345960886,-2.9670410842517327,-0.020509989637707837,0.06022801141980924,0.97,1.5834731234043316,-2.0,-300.0,0.0,0.0,0.0,0.0,1.5707963267948963,83.0,0.03613873830612752,0.058694262980068856,0.05411416567526041,0.2440315273969323,0.38471188247135224,0.045961861925234285,0.1343977470172523,0.23540923387314067,-34.83023341936321,0.1811549144930601
58.0,-0.018177704477609247,0.02219158063778659,4.327,0.02,-0.02,-0.91,1.575812401776437,0.0008931787361007882,-0.000881206022435421,-0.0012280776730885954,-0.033767219457889984,-299.9658058546711,0.0,-3.5374852487584773e-07,-0.001658359808194753,0.0,57.916,-2.010215223276136,-0.04669128721347714,-4.1929177462429195,1.5755822787436058,-2.0109248082272697,-0.03891806991575539,-3.1183580761595593,-0.020380946192603038,0.06008798030734376,0.91,1.5802987942060358,1.9856499761038454e-17,8.083364862460156e-35,0.0,1.2755992646548666e-18,1.9319991564928175e-35,0.0,1.5145815853190776e-17,84.0,0.03616026203924188,0.058331067378822384,0.05390576053143544,0.2403516961876533,0.3761359035740098,0.04603740080605431,0.1343569490001564,0.2270342968260985,-34.87899554625921,0.1727727810842161
58.103,-0.00908885280128513,0.022191581307379415,4.419,0.02,-0.02,-0.85,1.575863564913396,0.0,0.0,0.0,-0.03333274006996226,-299.9659817602852,0.0,-1.8371911820916148e-08,-0.0018265139230537937,0.0,58.015,-2.017926295697946,-0.04570474721549633,-4.299462996358612,1.5697373092634954,-2.0159106887635865,-0.038073997843121044,-3.262724790007846,-0.020126455489934587,0.056842577036588265,0.85,1.5742286326629025,-2.0,-300.0,0.0,0.0,0.0,0.0,1.5707963267948963,88.0,0.03622386196014543,0.058041632832697504,0.05387299964998829,0.23728187518527713,0.369513080427305,0.04614305529149655,0.13431997445827656,0.22059694139690458,-34.90471157991995,0.1663115208260484
58.2,-0.009088852753883492,0.022191581558927087,4.506,0.02,-0.01,-0.8,1.5758044156853597,0.0011558264757138826,-0.0004926458498809457,-0.0013437981406479622,-0.03274241271158966,-299.9661756248594,0.0,3.3930368376142803e-07,-0.002020584639426138,0.0,58.114,-2.0063652146974507,-0.045781562168991305,-4.369863882625347,1.5727205444757262,-2.012273013653161,-0.03902719623447981,-3.4003085064177654,-0.020022186554573686,0.04016212797654163,0.8,1.571531903230002,-2.0,-300.0,0.0,0.0,0.0,0.0,1.5707963267948963,86.0,0.03613064895730297,0.057496941448293516,0.0536591756862509,0.23475458528335344,0.36484810076017316,0.04597050493132142,0.13416014181060984,0.21582671211946058,-34.963742359825815,0.16170476799042105
58.3,-0.0181777053438974,0.02219158167061197,4.586,0.02,-0.01,-0.74,1.5750411432844145,-0.010692687570506154,-0.02008153997627444,-0.016236944127781212,-0.03203968696512318,-299.96636999657267,0.0,-1.1707250795096266e-06,-0.001797634841132285,0.0,58.213,-2.020388958370424,-0.04384826584295075,-4.483701270520417,1.5777439585262738,-2.018364815265938,-0.038664584830869195,-3.533236985453824,-0.02013149297093696,0.03865619260180788,0.74,1.5753849352638216,-2.0,-300.0,0.0,0.0,0.0,0.0,1.5707963267948963,87.0,0.036157814199903125,0.057197689181849296,0.05363961277964142,0.2329032728769582,0.36132750418201787,0.04601608564456586,0.13413964442824647,0.21236859537519742,-34.98440509556626,0.15827514588069957
58.4,-0.018177705427787183,0.02219158214531225,4.661,0.02,-0.01,-0.65,1.574431466232289,-0.0074929559286034345,-0.011349309236766568,-0.002574828931746873,-0.03133760309308133,-299.966506815613,0.0,-6.806011496491257e-07,-0.0008720941024048279,0.0,58.312,-2.0206965552011136,-0.03990371655107525,-4.553260866360172,1.5675904155997498,-2.0219221043634725,-0.03583613952809135,-3.665698828447619,-0.020005696814454233,0.04313247094653004,0.65,1.5709682673183574,-2.0,-300.0,0.0,0.0,0.0,0.0,1.5707963267948963,88.0,0.03623230871756553,0.05724303058081788,0.05367593498634923,0.23193749312350173,0.35895025666801966,0.046141199454891466,0.13418235079573523,0.21024485177239766,-34.98107713363996,0.15607640615559265
58.5,-0.018177705451943194,0.022191582706903912,4.725,0.01,-0.01,-0.56,1.573919897494141,-0.003686369208895397,-0.005187147055725348,-0.0121208840937695,-0.030866525621345984,-299.96652294148856,0.0,4.380665589475784e-07,0.0003805020906924371,0.0,58.411,-1.9997968890391673,-0.04131436082618557,-4.577105019834506,1.5725284214879136,-2.010384106605509,-0.035757903462629664,-3.7879067752986533,-0.009936716961464134,0.03916689790950495,0.56,1.5686266432231304,-2.0,-300.0,0.0,0.0,0.0,0.0,1.5707963267948963,89.0,0.03620932617387021,0.05704999692497884,0.05366296393924224,0.23088492522143417,0.3570514690841375,0.046096108386702174,0.13412523110774074,0.20835356024760174,-34.99840877668235,0.15422971689186205
58.607,-0.018177705839958813,0.02219158206838312,4.778,0.01,-0.01,-0.46,1.5722385782890507,-0.0008633793628446018,-0.004247093586179648,-0.017816216282495023,-0.030408717127691307,-299.96633162688704,0.0,7.594309031271861e-06,0.0026854938329865293,0.0,58.51,-2.0088655868983034,-0.039990427991453054,-4.65657814273879,1.562532962414462,-2.0073926223975604,-0.034999935674154964,-3.9080195898464343,-0.009814236631856396,0.0369348362124302,0.46,1.5638996662227869,-2.0,-300.0,0.0,0.0,0.0,0.0,1.5707963267948963,97.0,0.036593266751887545,0.058131162885618384,0.05392927325842779,0.23197260126260616,0.3564353223789276,0.046797665490497395,0.13461051893887227,0.20879410586445438,-34.89963318338546,0.1541083592172483
58.7,-0.018177706150451778,0.022191582410595156,4.82,0.01,0.0,-0.36,1.5700723003272452,0.001224120332637198,-0.0006365130219085056,-0.029746701354751038,-0.030304177677089674,-299.9660433617147,0.0,1.922192468176707e-05,0.004327883470478865,0.0,58.609,-2.0095974554807285,-0.03923947607412,-4.713258103518537,1.5635718493999984,-2.0071102523397304,-0.035742833477042185,-4.031354464078907,-0.00982991448216677,0.02453552852470472,0.36,1.5638642245081644,-2.0,-300.0,0.0,0.0,0.0,0.0,1.5707963267948963,91.0,0.036170446608457404,0.05676784895765038,0.05357616294463935,0.22951035611779072,0.3546293957210387,0.04591395082615287,0.13399236191146427,0.2059003509248678,-35.03010658638478,0.15187125897251513
58.8,-0.018177705923848597,0.02219158292281742,4.853,0.0,0.0,-0.26,1.5677810535442571,0.0006964579614318649,-0.0006483066595070959,-0.01982529391386385,-0.0304218129904569,-299.96549622356974,0.0,4.2188427644274034e-05,0.006381595206118423,0.0,58.708,-2.009599813102706,-0.039882824895402666,-4.757320374084517,1.5688083478063952,-2.0073167806334875,-0.03620218056248706,-4.148331145522613,0.00012793371144905453,0.02178843154649875,0.26,1.5649247595373725,-2.0,-300.0,0.0,0.0,0.0,0.0,1.5707963267948963,92.0,0.036138051586889354,0.056610238664760344,0.05350842255286403,0.2289847048367048,0.3538320859982977,0.04575651906404091,0.13389344442288542,0.20502608280561543,-35.04959448740118,0.15107186255235763
58.9,-0.018177705583742654,0.02219158269777788,4.875,0.0,0.0,-0.16,1.566670555216495,0.0001785319959270444,0.00067107212407962,-0.006437932285841116,-0.03094177186372326,-299.9645694049855,0.0,6.873841778249032e-05,0.008800101987117696,0.0,58.807,-2.000296940912065,-0.03857311775749333,-4.763512886947709,1.5650606169280663,-2.006358809103675,-0.03598848494498347,-4.2566194503445605,0.00014512005519093583,0.020984853347708683,0.16,1.5638809703012826,-2.0,-300.0,0.0,0.0,0.0,0.0,1.5707963267948963,93.0,0.03617617871295684,0.056719658221634627,0.05351474969490507,0.228968026309763,0.3534419723656707,0.04595628635048039,0.13403735231341285,0.20481524094220033,-35.03682803562728,0.1507666127327318
59.0,-0.018177705852290726,0.022191582612772986,4.886,0.0,0.0,-0.06,1.5658297851358096,-0.0005070521784473519,0.00031808855411212414,-0.010925244033083025,-0.031695071861878595,-299.9635707401785,0.0,9.16938637072967e-05,0.010856393707596295,0.0,58.906,-2.0009327047054595,-0.03934269196615848,-4.789851257365424,1.5558404929165806,-2.0025132063236,-0.03602144588690005,-4.355841922865203,0.00021339526843570323,0.019246171454010173,0.06,1.5597091074535898,2.0466490826332978e-17,9.040384969687506e-35,0.0,1.4361407862061635e-18,2.3494585242270238e-35,0.0,1.6359527887468202e-17,94.0,0.03617016302184984,0.056679392825035084,0.05351836871827684,0.22874766452259152,0.3530520319773701,0.04599482509988374,0.13404954856787762,0.20444108676941797,-35.03838894360542,0.15039117876655766
59.1,-0.018177705852290726,0.022191582612772986,4.888,0.0,0.0,0.0,1.5642488012698033,-4.649743934334732e-05,0.0005627595475556686,-0.02300876709433608,-0.032512086798647644,-299.96261669471943,0.0,0.0001212442072149097,0.01260348858961579,0.0,59.005,-2.002093415273375,-0.039572350442240584,-4.811476619592051,1.5495378763388628,-2.002371065898421,-0.03688410752126524,-4.446998461501318,0.00029908192066636913,0.015515588958819153,-0.0,1.5515224928361444,-2.0,-300.0,0.0,0.0,0.0,0.0,1.5707963267948963,95.0,0.03620781992240249,0.056752597838720685,0.05352137263763683,0.22872661091258903,0.352822330694834,0.04600196650538373,0.13404497271383267,0.20428009612270173,-35.03440190226711,0.1502061705938489
59.24,-0.018177705852290726,0.022191582612772986,4.886,0.0,0.0,0.02,1.5600630539145803,3.319431286301116e-06,0.0009820059369937116,-0.04069203331471306,-0.03474686722617299,-299.96026254260687,0.0,0.00023891440063017743,0.0162890387895023,0.0,59.137,-2.014929341589221,-0.04015836995979316,-4.847390682433692,1.5690827897811177,-2.0065056968831465,-0.037361391282968795,-4.496380831852994,0.00013841928017557857,0.01285162595312218,-0.02,1.560026177663084,-2.0,-300.0,0.0,0.0,0.0,0.0,1.5707963267948963,103.0,0.04199901538694287,0.07680639018972459,0.05757429401327451,0.25819827213267027,0.3652854587086296,0.057821410465147854,0.14218973324003953,0.234638988021899,-33.47035314385001,0.17116521140055663
59.3,-0.027266559480411345,0.02219158250573372,4.883,-0.01,0.0,0.01,1.5579472780835368,0.00021255941397569072,0.001118418769937099,-0.015963675454292375,-0.03543475560140916,-299.95957663217985,0.0,0.00027032706444043514,0.017230216996997692,0.0,59.236,-2.0046231977500035,-0.04574589233708036,-4.82333550794475,1.560809598578769,-2.0049247053715322,-0.04174865467457088,-4.533983215595823,0.010025169459143623,0.002251828154923516,-0.01,1.559619447688225,-2.0,-300.0,0.0,0.0,0.0,0.0,1.5707963267948963,64.0,0.04097041168124022,0.07145228069998424,0.05755631812395801,0.24913313157004274,0.36112288018398714,0.05503812324990045,0.1399770754445225,0.22519656130569324,-33.77015609941578,0.16408449534011144
59.4,-0.027266559480411345,0.02219158250573372,4.883,-0.01,0.01,-0.02,1.5585369142380099,0.0,0.0,0.0,-0.03738044952135771,-299.9576848823425,0.0,0.00029657758659716756,0.019796423646635225,0.0,59.335,-1.9983956888174894,-0.046309059987089674,-4.808751599658264,1.5586830945286185,-1.9997563827485094,-0.04660865643054693,-4.594536922108503,0.00993792872766542,-0.01593579794547941,0.02,1.5603396012572524,-2.0,-300.0,0.0,0.0,0.0,0.0,1.5707963267948963,65.0,0.03794192442560241,0.060356714790593666,0.05642900135335293,0.23274262696541112,0.3537732440266035,0.04878723737433217,0.1356741219336862,0.20837905533213133,-34.5547878511976,0.15213198932609495
59.5,-0.02726655958981672,0.03328737340890697,4.889,-0.01,0.01,-0.06,1.558920720652912,0.0009169295641305369,-0.0017689290989112635,0.0025415688954271236,-0.03964395304202074,-299.95552515213217,0.0,0.00032447590995198346,0.02247058506350064,0.0,59.434,-1.9915100876550018,-0.04981685985458871,-4.807041971831035,1.564918781189441,-1.995444462894115,-0.05064403169471922,-4.632462695771132,0.009894901672892503,-0.02120512441051557,0.06,1.5614171140866073,-2.0,-300.0,0.0,0.0,0.0,0.0,1.5707963267948963,66.0,0.036565705352374675,0.05702249874769629,0.05535759789596806,0.22927909486717182,0.3525250491868429,0.04643022901789061,0.1344624868913153,0.20473182001110588,-34.89315854832551,0.1499966981002862
59.6,-0.02726655938100242,0.033287373786753616,4.898,-0.01,0.01,-0.1,1.5595740555461983,0.00017764274270414164,0.0017011498289773355,0.009892723203047295,-0.042772463680207956,-299.9525719898806,0.0,0.00034762877768026155,0.025728917442999093,0.0,59.533,-1.9896212083151412,-0.05355655613550447,-4.820296746197104,1.5566412494522475,-1.991951119812982,-0.05493040892010903,-4.660615531268002,0.009808481359951285,-0.02635982970750609,0.1,1.5590902213357187,-2.0,-300.0,0.0,0.0,0.0,0.0,1.5707963267948963,67.0,0.0362545050576552,0.05669997034236491,0.054688118127524055,0.22928240247733897,0.35268317853653164,0.046073454854052065,0.134405622683545,0.20466354519768196,-34.971822995415145,0.15015381594566352
59.7,-0.0363554140773501,0.03328737387100533,4.909,-0.02,0.02,-0.12,1.5596045582231621,-0.0004830571733686218,-0.0006256265383548804,-0.00831026931747509,-0.04510616983565824,-299.95038650111445,0.0,0.00037232919374622904,0.02786316539844601,0.0,59.632,-1.9892142168310063,-0.057424529130196626,-4.837621069129763,1.5533401925714976,-1.9886666170844198,-0.05995391838374181,-4.682605786805386,0.019666119709099292,-0.04127379692875934,0.12,1.5551031770114008,-2.0,-300.0,0.0,0.0,0.0,0.0,1.5707963267948963,68.0,0.036133550481079586,0.05650661900824859,0.054251353411701994,0.22877771846859343,0.3524910480862697,0.04590206962486642,0.13427730220782272,0.20416841814182243,-35.01574887170777,0.14986387297953252
59.8,-0.036355414137083875,0.03328737378411395,4.923,-0.02,0.02,-0.13,1.5584498001870255,0.0,0.0,0.0,-0.048295587402501984,-299.94741185215435,0.0,0.00043399438624448273,0.030474890843991832,0.0,59.731,-1.9977300571247902,-0.041757334871956944,-4.872115396904019,1.555815586830884,-1.9887786853486698,-0.05383884860959713,-4.703828093759329,0.02007546881679302,-0.015069349969908108,0.13,1.555491463609619,-2.0,-300.0,0.0,0.0,0.0,0.0,1.5707963267948963,69.0,0.03614702033466856,0.056572540840729484,0.05397886998903966,0.22865235198870393,0.3524661745616887,0.04592754559032458,0.13424707517623785,0.20406669677898737,-35.02333928612512,0.1498169592459052
59.9,-0.036355414437514666,0.04438316558301558,4.938,-0.02,0.02,-0.14,1.5572066466000418,0.0007180416551029302,0.0011513362933270371,-0.0070464879969788004,-0.05178161583905524,-299.944165419432,0.0,0.0005107004777663814,0.03311107799980528,0.0,59.83,-2.0017020171087765,-0.0463993092607782,-4.910273889442872,1.5611287127086046,-1.9925487581704435,-0.04741230561841349,-4.728434881885914,0.020294055533787242,0.005702754130153899,0.14,1.5593562023680803,-2.0,-300.0,0.0,0.0,0.0,0.0,1.5707963267948963,70.0,0.03570732427481677,0.05505728495910671,0.05369004244397256,0.2258406457150457,0.35111207618619483,0.04504487879904878,0.1334937844112306,0.20132225717479296,-35.154993954569754,0.14784806140216472
60.0,-0.04544426764800624,0.04438316585193691,4.956,-0.03,0.02,-0.15,1.557274264344249,0.0005227201286157016,0.0035176501887294147,0.010705343884187786,-0.05555870464513261,-299.94064835476456,0.0,0.0005476673049914555,0.03578014108701469,0.0,59.929,-1.9894013992866533,-0.04949441587067736,-4.906777428591553,1.563176970383467,-1.9913420473462269,-0.0476331103217006,-4.749971839035451,0.030271333937267823,0.006333935692539459,0.15,1.5604931066801855,-2.0,-300.0,0.0,0.0,0.0,0.0,1.5707963267948963,71.0,0.03607288443520645,0.05637315667245849,0.05363794994238453,0.22816753243946541,0.35225453921185945,0.04583673218612102,0.13410841879336802,0.20358597272234852,-35.05708433097762,0.1495258102726053
60.1,-0.045444267707740016,0.04438316614477911,4.973,-0.03,0.03,-0.16,1.5581293861058096,0.0,0.0,0.0,-0.06046552588889979,-299.93607334142854,0.0,0.0005493565420946028,0.038988982490741404,0.0,60.028,-1.967969365735559,-0.05252506708835641,-4.900697086911448,1.609739310254179,-1.9770260575852752,-0.051590288618769006,-4.762493651454015,0.02945375916322145,-0.008984069709114462,0.16,1.5967822275318013,-2.0,-300.0,0.0,0.0,0.0,0.0,1.5707963267948963,72.0,0.03615073048014741,0.056605916909502355,0.053601921191865805,0.22837706264985727,0.35233634295669686,0.04599368792588252,0.13415927038888473,0.20379538157185004,-35.04020999364881,0.14967476619621295
60.2,-0.054533121105160065,0.05547895747534071,4.992,-0.03,0.03,-0.17,1.5630940590661504,2.6900330775059036e-05,0.0012886372078248342,0.12235703792380469,-0.06486058132590242,-299.93197354651113,0.0,0.00030821554500669936,0.04175834164859608,0.0,60.127,-1.9838960066734537,-0.05955428930395196,-4.944682384341772,1.5649690960473763,-1.9745135589438312,-0.0581546344211345,-4.777262448943809,0.029925304347643237,-0.02115519812434975,0.17,1.579241273070186,-2.0,-300.0,0.0,0.0,0.0,0.0,1.5707963267948963,73.0,0.03616002062248855,0.05659453086162578,0.0535729396217668,0.22827274387594648,0.3522729203182634,0.04601074983510043,0.13412102538448256,0.203690642411368,-35.04136525331472,0.14960250811503065
60.3,-0.05453312116489384,0.0554789577681829,5.011,-0.03,0.03,-0.18,1.5725268609265353,0.0007661214338035593,0.0003161336200562505,0.03708851227720103,-0.06952944454349591,-299.92760938282265,0.0,-3.5967533691301306e-05,0.0449399622591642,0.0,60.226,-1.972710542532133,-0.06428159866394231,-4.953065914454024,1.5643487066194826,-1.9685241070755022,-0.06440366990219672,-4.790244151679307,0.030009621317968648,-0.030707627794401136,0.18,1.5843920691081517,-2.0,-300.0,0.0,0.0,0.0,0.0,1.5707963267948963,74.0,0.03656629929928228,0.057653996441007715,0.0535619384276231,0.2296486610474237,0.3528128144409026,0.046022192086911086,0.1340969041568404,0.20484537022170757,-34.980645626148025,0.15048868029920542
60.4,-0.06362197463983654,0.06657474811801167,5.032,-0.04,0.04,-0.19,1.5756018097188809,-0.0001055639886092316,-0.0015684115144482783,0.03530271869990854,-0.07345728514353017,-299.92392290303735,0.0,-0.00016281797112342996,0.04716717050825422,0.0,60.325,-1.9482115280882348,-0.06674055161189148,-4.945082734726086,1.6152317849053952,-1.9571472692291274,-0.07016363561750813,-4.8007661321655295,0.040141030264804915,-0.04608896944537635,0.19,1.593953784747206,-2.0,-300.0,0.0,0.0,0.0,0.0,1.5707963267948963,75.0,0.03629127975930957,0.056802818080466284,0.05354877128081684,0.2283590158187272,0.3522428883115711,0.046007930253178564,0.13406860060489317,0.20372509982024758,-35.02676979328663,0.1496196453737026
60.5,-0.06362197509941003,0.06657474778953487,5.054,-0.04,0.04,-0.19,1.5804100465637188,0.0,0.0,0.0,-0.07860764594244392,-299.9190752760415,0.0,-0.00041022522691733264,0.050100607766072065,0.0,60.424,-1.9736269254375678,-0.07216923376415643,-5.021774942843411,1.5623337152096388,-1.956531726635919,-0.07566085626154354,-4.819302113931997,0.04016844215521119,-0.04841116613432585,0.19,1.5908196672586268,-2.0,-300.0,0.0,0.0,0.0,0.0,1.5707963267948963,76.0,0.03630488427499888,0.056805758483964915,0.05353471063341518,0.22847166203880548,0.3522787465786352,0.0459382215716718,0.13400357338788332,0.20377779758944145,-35.03030992629926,0.14968909662475233
60.601,-0.07271083009618828,0.07767054081188896,5.078,-0.04,0.04,-0.2,1.5842475528505187,0.000348911970649727,0.0012511427713851608,0.02765030726995868,-0.0851481996309307,-299.9128948816534,0.0,-0.0006991217105086068,0.053757054739114005,0.0,60.523,-1.9545223319424465,-0.0735696320904734,-5.0005017009904975,1.5627841770487483,-1.9518598349479976,-0.07884710873056675,-4.834204082072047,0.03999699495873419,-0.04457125592665829,0.2,1.5701389492861433,-2.0,-300.0,0.0,0.0,0.0,0.0,1.5707963267948963,78.0,0.03635384975556292,0.0570817745130222,0.05357784410435033,0.228968045816561,0.3524875127191585,0.04612026410773364,0.1341343896540982,0.2042434426297139,-35.007610176455394,0.1500194276703564
60.704,-0.08179968405259053,0.07767054091268699,5.102,-0.04,0.04,-0.2,1.5833655447375516,0.0009473371901311238,-0.0020625267124806447,-0.05733606734192661,-0.09090770063904184,-299.9074343410213,0.0,-0.000641104879942163,0.05655870268067072,0.0,60.622,-1.9543909052840474,-0.0800055913863645,-5.041664605048928,1.5566220031264233,-1.9483627847132445,-0.08379749338856271,-4.85089304743471,0.039939560367172715,-0.0456576687751064,0.2,1.5601139527947057,-2.0,-300.0,0.0,0.0,0.0,0.0,1.5707963267948963,82.0,0.036531977769773565,0.05764188423921929,0.05371846554942939,0.22982015836920822,0.35283091372810527,0.046525792646968774,0.13441888645145153,0.2050828910507386,-34.95351735186326,0.15056810520224337
60.8,-0.08179968454404674,0.08876633246811627,5.127,-0.05,0.05,-0.21,1.5769539494675135,0.0,0.0,0.0,-0.09573034703044504,-299.90286557028963,0.0,-0.000365577670627157,0.05847497861910211,0.0,60.721,-1.9676614440192326,-0.08569338892425432,-5.116980651562823,1.5579578457852514,-1.9514878453835114,-0.09021014242240577,-4.880677930994487,0.049872159833985324,-0.058925991152430836,0.21,1.556475068374121,-2.0,-300.0,0.0,0.0,0.0,0.0,1.5707963267948963,79.0,0.03636715109605728,0.05708858854931718,0.05353147922957793,0.2289023985449629,0.35239057813302405,0.0459823203604054,0.13403014569278257,0.20410117724662286,-35.01513852141901,0.1499248537120202
60.901,-0.09088853850044898,0.08876633256891431,5.151,-0.05,0.05,-0.21,1.5704617016625144,0.0006244215644858285,-0.0024212463281598562,-0.06374663833487643,-0.10335348036154422,-299.89568925546837,0.0,8.021722082434272e-05,0.06119604000962669,0.0,60.82,-1.9302511432177873,-0.08973232924992912,-5.076246282077254,1.6297970253619483,-1.9378284515184716,-0.09660256855847599,-4.896227088685402,0.05015137535128111,-0.05993995077222289,0.21,1.586024133647809,-2.0,-300.0,0.0,0.0,0.0,0.0,1.5707963267948963,81.0,0.0363536616220751,0.05704715153245716,0.05354997918990667,0.22886620869802224,0.3523578999989059,0.04600465992600511,0.13405044612733005,0.20406534849982816,-35.01528230696859,0.14988485910582305
61.001,-0.09997739269754802,0.09986212493523938,5.175,-0.05,0.05,-0.21,1.569867887420349,-6.219484263076582e-06,0.001782811677131052,0.060466115313042135,-0.11009061997351711,-299.8894232938658,0.0,1.3154149438744419e-05,0.06376722365764871,0.0,60.919,-1.9143268578159331,-0.09922771500355831,-5.068052980249497,1.6262083249101724,-1.9250343458674584,-0.104631957187066,-4.91028051227056,0.05045657621131621,-0.06545776885002372,0.21,1.6003247475882514,-2.0,-300.0,0.0,0.0,0.0,0.0,1.5707963267948963,82.0,0.03642193083322115,0.05725141692300278,0.05356683384366549,0.22913890498168507,0.35246531532906555,0.046121855992341074,0.1341351951056047,0.20432959992576652,-34.99845294015468,0.15006143786270965
61.1,-0.09997739275728179,0.09986212522808202,5.197,-0.06,0.05,-0.22,1.5783783123504855,-0.0007378109391027951,0.0012228639277211287,0.10151742941123977,-0.11573354681547263,-299.8842238056499,0.0,-0.0004492318311741066,0.06638223940890078,0.0,61.018,-1.9232700913211076,-0.10883743967983382,-5.117257751212619,1.5631667893538117,-1.9136078099046046,-0.11426867087390799,-4.9258812495096755,0.060634938653450265,-0.0742109468215417,0.22,1.5970155884923116,-2.0,-300.0,0.0,0.0,0.0,0.0,1.5707963267948963,82.0,0.03640700769800254,0.05704631137411545,0.05350993769833224,0.22879091587168784,0.35228672706432457,0.04590170157661774,0.13396803108057426,0.20394868609372857,-35.01944765426128,0.14980690371251965
61.2,-0.10906624615470162,0.1109579169383772,5.219,-0.06,0.06,-0.23,1.5855869288232662,0.0,0.0,0.0,-0.12459472588671694,-299.8761000736925,0.0,-0.0010897941126863239,0.07032932216459908,0.0,61.117,-1.9325860392687053,-0.1140636148603837,-5.187110774597759,1.5574238890773058,-1.9144867000450998,-0.1233794022413694,-4.949591249630561,0.05998322617776986,-0.08698221392348005,0.23,1.5701746646838155,-2.0,-300.0,0.0,0.0,0.0,0.0,1.5707963267948963,83.0,0.036453524816183754,0.057223976225789466,0.05350357323067274,0.22897159034034809,0.352349227481025,0.04588564675477169,0.1339563196662473,0.2040938307211566,-35.01022194093234,0.1499153450858388
61.3,-0.11815510261954709,0.12205370953070327,5.242,-0.06,0.06,-0.23,1.5860545626517872,-2.9576815763874185e-05,-0.0017913088926964104,-0.056727727093112475,-0.13075661461904628,-299.87046609053,0.0,-0.001156046270828464,0.07264368215353323,0.0,61.216,-1.9260726029816149,-0.12540356914551096,-5.20768230063989,1.5585386075345875,-1.9149612210561506,-0.13464401983469673,-4.977028800373807,0.05969737036064495,-0.09440731000471556,0.23,1.5620010494025063,-2.0,-300.0,0.0,0.0,0.0,0.0,1.5707963267948963,84.0,0.03630341930264295,0.05687169114986527,0.05351248752500256,0.2285843861594316,0.35221396999381727,0.045981413258965605,0.13402843500128525,0.20379932783729798,-35.026792546236116,0.14968408066866937
61.4,-0.12724395630740148,0.12205370971650575,5.268,-0.07,0.06,-0.24,1.5788834021103124,-0.00036847218749045025,-0.0014318674318587292,-0.0732043035495673,-0.13875046975519081,-299.8631806076665,0.0,-0.0006713070830319088,0.07478899262851332,0.0,61.315,-1.8969169416405782,-0.13509785761367368,-5.18000078264618,1.5528759628889097,-1.902852404642886,-0.14490618338106886,-4.997230633127451,0.0693291711755535,-0.09810200099955596,0.24,1.5531920145236333,-2.0,-300.0,0.0,0.0,0.0,0.0,1.5707963267948963,85.0,0.03642374196267524,0.05723200674486414,0.05352171788861426,0.22911904511381256,0.35243338822540626,0.04600487223939618,0.13404012908186003,0.20425480030430623,-35.00605994410695,0.15003347529023098
61.501,-0.13633281125041075,0.1331495007755068,5.295,-0.07,0.06,-0.25,1.5714158869257682,0.0009450995431157738,0.0004696497064639583,-0.08269028657820414,-0.14879977808083256,-299.85408314319807,0.0,-1.7306079210699096e-05,0.07737602237387112,0.0,61.381,-1.898641389088784,-0.11850567270021008,-5.220743049294375,1.55622953543508,-1.8932854961739038,-0.1411321044195309,-4.994779101171048,0.06984980725869029,-0.0674409266879491,0.25,1.5506143850359495,-2.0,-300.0,0.0,0.0,0.0,0.0,1.5707963267948963,69.0,0.03653315535585294,0.057509172580204194,0.05357783301558027,0.22947840301324618,0.3525706068177678,0.04614714579510824,0.1341387132239312,0.20460168425352587,-34.9811566025726,0.15025779920401683
61.6,-0.14542166476133334,0.14424529398253094,5.323,-0.07,0.07,-0.25,1.5649036025304832,0.0,0.0,0.0,-0.15579288785497758,-299.8477982201304,0.0,0.0003809300348026261,0.07914144769454672,0.0,61.513,-1.8852526393983942,-0.13185818374703778,-5.249026871243255,1.5558288751122775,-1.8823748304199266,-0.13937270923300654,-5.023151013958012,0.0702704250023468,-0.055595732067131934,0.25,1.5520245822755012,-2.0,-300.0,0.0,0.0,0.0,0.0,1.5707963267948963,87.0,0.03795882021954479,0.060913113735936365,0.05534824761272441,0.23310923544655435,0.35385994713610336,0.04857606870805309,0.1354370774504308,0.20847432220835274,-34.60923005732256,0.1524858005443243
61.7,-0.15451051999477716,0.14424529389677287,5.35,-0.08,0.07,-0.26,1.560442915247057,-0.0016591760141828292,-0.001201103388339172,-0.031292774792835897,-0.16487703408855908,-299.8396857148306,0.0,0.0007665664306462284,0.08156951198481519,0.0,61.612,-1.8717830582963109,-0.1469276437436952,-5.260597920606336,1.553536231808746,-1.8731844755303242,-0.1515692015368495,-5.050188467748589,0.08000697892327586,-0.06962150708448114,0.26,1.55235970027318,-2.0,-300.0,0.0,0.0,0.0,0.0,1.5707963267948963,88.0,0.036645900820592,0.057219149281155755,0.0546770760638515,0.2286658988421338,0.352219297272586,0.04637445731476861,0.13408744980346324,0.2040830968888149,-34.925133100202636,0.14970517038148506
61.8,-0.16359937626859744,0.1553410867325713,5.377,-0.08,0.07,-0.26,1.5576764578607418,0.0,0.0,0.0,-0.17434748907116152,-299.83127726621126,0.0,0.001014188680838401,0.0842841219618869,0.0,61.711,-1.8750587597310897,-0.1611114457719593,-5.316123134755328,1.5533371115146049,-1.8638297794460992,-0.16573447061037844,-5.074826251472317,0.07967816121253138,-0.08680947261331949,0.26,1.5516523906952673,-2.0,-300.0,0.0,0.0,0.0,0.0,1.5707963267948963,89.0,0.036375878891474346,0.05687974409090344,0.054267357701380504,0.22888687948441166,0.3524277854414834,0.04605355009369634,0.13405656556720277,0.20419009576406966,-34.98471645593112,0.1499489317238777
61.901,-0.17268823073424433,0.16643687977335864,5.405,-0.08,0.07,-0.27,1.5558441142227986,0.0009964188497936974,0.004805964604107673,-0.0221335711249222,-0.18620874493640327,-299.8207881859681,0.0,0.0012290979851497482,0.08763639290156272,0.0,61.81,-1.836291909053838,-0.17253822395242013,-5.289158976198538,1.6293800807607952,-1.8438062987630461,-0.18088299879033792,-5.090626040113799,0.08055847929237313,-0.10250107156643247,0.27,1.5879780475157614,-2.0,-300.0,0.0,0.0,0.0,0.0,1.5707963267948963,91.0,0.036335954557792316,0.05701435801859317,0.05404796895958283,0.22926736799086347,0.3525781364614047,0.04614118902632069,0.1341932596921903,0.2045038301701875,-34.98911563380619,0.1501926826810096
62.0,-0.18177708559973138,0.17753267143335938,5.433,-0.09,0.08,-0.27,1.5589521565150954,0.0,0.0,0.0,-0.1944022638280749,-299.81355978985835,0.0,0.0010242295320364617,0.09007890581526766,0.0,61.876,-1.8664510401829173,-0.16518141790684215,-5.395243048374096,1.553509048495183,-1.8406863535212503,-0.1852658142644324,-5.094986494028836,0.09009771003165415,-0.09801087951164326,0.27,1.5762213296678727,-2.0,-300.0,0.0,0.0,0.0,0.0,1.5707963267948963,74.0,0.03621936837301655,0.05674387711936046,0.05384160907650068,0.22875133363489422,0.3523000062376975,0.04602300947055689,0.1341185017459953,0.203978986049966,-35.02058775294802,0.1498047423051575
62.1,-0.190865941187375,0.18862846548959045,5.461,-0.09,0.08,-0.28,1.5670455003299306,-0.0009452516604738977,0.0025830647434120888,0.03993961000617508,-0.204944427773191,-299.80426193630444,0.0,0.00024019681070302945,0.09409536540008362,0.0,62.008,-1.8557911080077598,-0.1819053788510508,-5.4438128901869955,1.564727458503041,-1.8335156058271935,-0.19065691706434934,-5.132190818014379,0.08997108605894681,-0.08823186454499157,0.28,1.5672838999334102,-2.0,-300.0,0.0,0.0,0.0,0.0,1.5707963267948963,92.0,0.03765450253248806,0.06019269394359885,0.05557978822078749,0.23238145237591404,0.35356974934664576,0.04857605908497555,0.13549410753078395,0.2078611285770043,-34.641467956718515,0.15200608492108947
62.2,-0.1999547955436165,0.18862846610826978,5.491,-0.09,0.08,-0.28,1.5683162226949374,0.0,0.0,0.0,-0.21801547351370104,-299.7926953479426,0.0,8.419948302701694e-05,0.09800013829653877,0.0,62.107,-1.8217037385311736,-0.19657048708242086,-5.400960250650503,1.545148181133505,-1.8157799404878414,-0.20346254465498786,-5.157780579021789,0.09014132784848874,-0.09799758591749723,0.28,1.5786487656902435,-2.0,-300.0,0.0,0.0,0.0,0.0,1.5707963267948963,93.0,0.036598661716538874,0.05717837045908663,0.05482951036178393,0.22869708354932577,0.3522063336081747,0.04640832510222894,0.134152217446553,0.20411731083661272,-34.92282728217154,0.14970363689321134
62.3,-0.20904365288566407,0.19972425799615845,5.522,-0.09,0.08,-0.29,1.569651090717178,0.0,0.0,0.0,-0.2292536695481206,-299.78271972133365,0.0,-0.0001136333275052533,0.101229693667613,0.0,62.206,-1.791919652616343,-0.18676714573498335,-5.3957477926105915,1.6268673649465921,-1.7954410032749046,-0.19805133342602826,-5.178070986584508,0.08913259985004872,-0.06164733058827884,0.29,1.6180240697586208,-2.0,-300.0,0.0,0.0,0.0,0.0,1.5707963267948963,94.0,0.036270553873842745,0.056611963434442185,0.054352300130492415,0.2285214705846038,0.352244078446613,0.04604476248370015,0.13407941627574135,0.20387000335157054,-34.99842363710855,0.14968261384983783
62.4,-0.2272213627338353,0.21082005028049888,5.553,-0.12,0.08,-0.29,1.5777249201808612,0.18315514086120568,-1.0104795161948232,0.12878421466568496,-0.23902670646436988,-299.77469664705524,0.0,-0.0007783083336205606,0.0999783861899018,0.0,62.305,-1.7833857810924645,-0.20280806213325708,-5.438024081186416,1.633187789155164,-1.7802419641535248,-0.20744783783169324,-5.189562534257574,0.11928017162991385,-0.06791834851866027,0.29,1.630306272850777,-2.0,-300.0,0.0,0.0,0.0,0.0,1.5707963267948963,95.0,0.036228774180540345,0.056583458207048576,0.054050546433842106,0.22864852812185466,0.3522874779784255,0.04600182793026851,0.1341145985307649,0.2039251836557748,-35.019084088499845,0.14976047507961443
62.5,-0.24539907170480513,0.2219158436490103,5.581,-0.22,0.06,-0.25,1.5937498370793204,0.14647966780309685,-0.7916053534685988,0.14759610899530348,-0.2564913485718594,-299.76549916967514,0.0,-0.0021282080511073978,0.08883861294206052,0.0,62.437,-1.787215051128456,-0.22832287415034397,-5.469882811645235,1.6288506739694273,-1.7634560719167895,-0.22796464614480927,-5.198063134174284,0.22135598069888465,-0.08624833500224435,0.25,1.6224101293831006,-2.0,-300.0,0.0,0.0,0.0,0.0,1.5707963267948963,63.0,0.038501707588987896,0.05851257960447195,0.05599271939597542,0.23114513204528594,0.3532675439868476,0.050307233591242353,0.13689101281596436,0.20753728492871037,-34.57694994939798,0.15136141555774918
62.6,-0.27266563746663186,0.23301163629767085,5.603,-0.38,0.03,-0.18,1.6051905984666686,0.07883903501736225,-0.3724621767252,0.06480515395119689,-0.286622672614537,-299.7586305205465,0.0,-0.0024547132665711734,0.06796420749783641,0.0,62.503,-1.8016666660227008,-0.23092190983923377,-5.570972785636534,1.558187861238169,-1.7409342573106268,-0.23392138718547845,-5.238228678046999,0.3803206029531252,-0.05759414080476771,0.18,1.5824143195603846,-2.0,-300.0,0.0,0.0,0.0,0.0,1.5707963267948963,97.0,0.03849745046677555,0.0580989702863811,0.05686839402002702,0.2300899694911974,0.3527353819979307,0.050037239723404674,0.13633899892838056,0.2065472500408133,-34.56680308779025,0.15058210339061406
62.705,-0.32719876452232,0.23301163456046048,5.617,-0.58,0.0,-0.1,1.6059298972275593,0.003042273660292579,-0.09361978207779297,-0.08616792818841668,-0.3466321042674641,-299.7548786246283,0.0,-0.001210693106413174,0.03328493827926751,0.0,62.602,-1.7497599148102934,-0.25253196767740954,-5.576481807036921,1.5578322424817699,-1.6815806720595594,-0.2509072207749379,-5.299644703687624,0.5794474414361875,-0.06548382208515043,0.1,1.5623584343130246,-2.0,-300.0,0.0,0.0,0.0,0.0,1.5707963267948963,103.0,0.03735207613273935,0.057915992585099045,0.056408763717705965,0.23005136312042848,0.35279954251447715,0.047855347005500495,0.13496947617134236,0.2058294290196782,-34.7352603703063,0.15061188320150115
62.8,-0.39082074911477593,0.2330116330744776,5.624,-0.79,-0.03,-0.03,1.5949966582146027,-0.0076700118364360775,0.18017389760757507,-0.11688394284465639,-0.4029328826447842,-299.7553587567218,0.0,-0.00010312120236709059,0.003616014034054834,0.0,62.734,-1.6786296717503866,-0.24925199074382126,-5.632544006544001,1.562050023517563,-1.6021158796068748,-0.25046909646868964,-5.359583202900625,0.7891039137665034,-0.03153900778761104,0.03,1.5562360837688034,-2.0,-300.0,0.0,0.0,0.0,0.0,1.5707963267948963,66.0,0.036769067465879504,0.05744968485141375,0.05551187928206817,0.2295154829709716,0.35260310960257724,0.046604526892659155,0.13439739222603092,0.20497495014211567,-34.87332559258258,0.15029217519936966
62.9,-0.48170929427893583,0.2219158359455946,5.625,-0.99,-0.07,0.0,1.5814598743480186,0.0,0.0,0.0,-0.5121836799315285,-299.7604108841078,0.0,0.000630364102540198,-0.047118930041600754,0.0,62.833,-1.5890337817956321,-0.24358396664813825,-5.635159160464144,1.5666900656533893,-1.4941813193368914,-0.2471974744644862,-5.409281843668225,0.9902162799483626,0.011857610874124104,-0.0,1.5745161421319704,-2.0,-300.0,0.0,0.0,0.0,0.0,1.5707963267948963,67.0,0.036979519544140874,0.05740675912865825,0.055489624247835434,0.2293420165161105,0.35248827597826105,0.0471222642401007,0.13482839980688213,0.20498706968193822,-34.84261859673685,0.1501407045449149
63.0,-0.5907755489507593,0.22191582850953573,5.624,-1.16,-0.1,0.02,1.5735365520839133,-0.01556728064362086,0.28818074654705256,0.0024629302128882924,-0.6003746260364378,-299.76651909028647,0.0,0.0006623766024584819,-0.07798181890036698,0.0,62.932,-1.4676947540154532,-0.22685854249577198,-5.561841206707419,1.6205386833460942,-1.3699964201700885,-0.23136621833393323,-5.440791204668699,1.1604956513205824,0.06878491821880367,-0.02,1.586673577229745,-2.0,-300.0,0.0,0.0,0.0,0.0,1.5707963267948963,68.0,0.03688911893750847,0.056963843364573045,0.05527694574669827,0.22875610192042942,0.35225625821509915,0.04715481000967817,0.1348723982165942,0.2044891928032096,-34.87098547824303,0.1497668996036533
63.1,-0.7089306580185004,0.21082002783989173,5.622,-1.3,-0.13,0.03,1.5749477078814544,0.0,0.0,0.0,-0.7251720950194873,-299.7770364222338,0.0,0.0011252712521532691,-0.10512753450305695,0.0,63.031,-1.3506641612620722,-0.21181845093776258,-5.528464635738429,1.559358686354619,-1.234514775326197,-0.20832088887305816,-5.466385388660484,1.3000076072749664,0.13168366927610098,-0.03,1.566278086004935,-2.0,-300.0,0.0,0.0,0.0,0.0,1.5707963267948963,69.0,0.037404265104611555,0.05693521312609446,0.0557306201853626,0.22880590563552222,0.35230425367579254,0.048182459129138065,0.1354905963931137,0.20489628025841639,-34.78533607714268,0.14982497723708255
63.2,-0.8452634747716381,0.19972422315111116,5.619,-1.4,-0.15,0.03,1.5745932937741762,-0.07095250722721835,0.32509479636883637,-0.03909072910743547,-0.8626626284169848,-299.7904338851522,0.0,0.0015804935108292954,-0.1275002603646842,0.0,63.13,-1.2207210639646382,-0.205729160135102,-5.536830299061205,1.6148671142886015,-1.0860507506644304,-0.18902687508105182,-5.480929400191149,1.3995650950933456,0.1643315000328996,-0.03,1.6011331010516274,-2.0,-300.0,0.0,0.0,0.0,0.0,1.5707963267948963,70.0,0.03643534552796053,0.05663340938976706,0.054917855130533266,0.2283820728013079,0.35212125968949637,0.046367685446070186,0.1342664860433262,0.20387605250537713,-34.956798161667066,0.14954334795032376
63.3,-0.9906851474084164,0.1886284177165476,5.616,-1.47,-0.17,0.03,1.574178566984136,-0.08003340361432942,0.30405893684415497,0.07822557897708869,-1.0089109997650885,-299.8061196952942,0.0,0.001751167679662282,-0.14794711319234036,0.0,63.229,-1.0848377006005392,-0.1778176509656201,-5.544927601913177,1.5522107958168565,-0.9394270102925086,-0.16656515775052466,-5.497206536191257,1.4694934683462533,0.19843432319822094,-0.03,1.5886085349202757,-2.0,-300.0,0.0,0.0,0.0,0.0,1.5707963267948963,71.0,0.03654564230857808,0.05678168103160414,0.05487103657411815,0.22853046606442654,0.35216245879059666,0.046575614023620676,0.13442161256395618,0.2040536029742739,-34.93920589240994,0.14962458817624694
63.4,-1.13610681843361,0.17753260706731222,5.614,-1.49,-0.18,0.03,1.5800443981450538,0.0,0.0,0.0,-1.1599860653505791,-299.8233170500254,0.0,0.002856659398758125,-0.1468715502355671,0.0,63.328,-0.9305332694471989,-0.15791087877082954,-5.5372643782970155,1.611331465306714,-0.7877409229570729,-0.13821711710334972,-5.508266472989101,1.4883153413672991,0.23039889130350538,-0.03,1.6042103874814095,-2.0,-300.0,0.0,0.0,0.0,0.0,1.5707963267948963,72.0,0.03733874364776662,0.057733952221960344,0.05547896106309236,0.22978714826872668,0.3526752927963216,0.04806837294120328,0.13540242517592152,0.20563168701618195,-34.77584098444739,0.15044332053483395
63.501,-1.2815284888916927,0.1664367954779835,5.612,-1.48,-0.18,0.02,1.5847556973483898,-0.08230335862977611,0.28353093296342036,0.07862079332066046,-1.34236536142136,-299.8447289543083,0.0,0.0036553702484638188,-0.13898855751864989,0.0,63.427,-0.7788368567643557,-0.1350373550768226,-5.524860146710839,1.604715970914263,-0.6380947164496804,-0.11293236063961629,-5.5152153561337744,1.4778242991294102,0.24022950144508023,-0.02,1.6069041343583477,-2.0,-300.0,0.0,0.0,0.0,0.0,1.5707963267948963,74.0,0.0365084444497112,0.05691359474706192,0.05480610360842772,0.22862089577123643,0.3521912044351102,0.04647917055555513,0.13432958028607592,0.20408664067597,-34.942247028174336,0.1496747762113675
63.6,-1.4269501576050316,0.1442451884364928,5.608,-1.44,-0.17,0.02,1.59085253539053,-0.06800696465011605,0.2367006718595583,0.06350838142527117,-1.4619604275875748,-299.85877166615285,0.0,0.004038901140849319,-0.12523076215593718,0.0,63.526,-0.6309036266819664,-0.11006061737682019,-5.510021482206185,1.6055432885948593,-0.4973099006546141,-0.08918749279309354,-5.522523447433725,1.4383139013690434,0.23702068349566163,-0.02,1.5959489059193883,-2.0,-300.0,0.0,0.0,0.0,0.0,1.5707963267948963,74.0,0.037150893656227015,0.057545921540064986,0.05527445221608718,0.22951246404938808,0.3525674344243308,0.047724643874972335,0.13517302440770598,0.2052761421842358,-34.81440715610231,0.15026761436245484
63.7,-1.5723718265290523,0.1331493714112253,5.604,-1.37,-0.16,0.01,1.5937300501999003,-0.04526666132122735,0.18409653626871497,0.00441768147977881,-1.6066453627665835,-299.87534286180517,0.0,0.003911953333696732,-0.1074047181672188,0.0,63.625,-0.4891160624819997,-0.10837363571838173,-5.562243303032931,1.5662862752596933,-0.36124563146656075,-0.07716571361032148,-5.52934451706772,1.3698513637034742,0.20345692754306152,-0.01,1.5742166265105968,-2.0,-300.0,0.0,0.0,0.0,0.0,1.5707963267948963,75.0,0.03716718868800794,0.05736519597846523,0.05546622194029451,0.22917255896051852,0.352411510962121,0.04772147007849927,0.13509506260796933,0.20499061688756942,-34.81195817601566,0.1500309151503168
63.8,-1.7087046418249527,0.12205355487273062,5.602,-1.28,-0.14,0.01,1.5902260365572312,0.0,0.0,0.0,-1.7438916804320719,-299.8902836264746,0.0,0.00326484544189677,-0.09444638231413796,0.0,63.724,-0.34967646109627937,-0.07936478105954017,-5.5239074091688085,1.5601853875505578,-0.22952679861777464,-0.06095886800555014,-5.526635518171782,1.2799895670892452,0.18003493709705162,-0.01,1.5710569219469102,-2.0,-300.0,0.0,0.0,0.0,0.0,1.5707963267948963,76.0,0.03698422910343555,0.05694587776978059,0.055408165519033346,0.22864891687767036,0.35221096076566105,0.047378837861033425,0.13486264569511602,0.2044463065572811,-34.85328073145199,0.14970152059977873
63.9,-1.826859743023928,0.09986194698552442,5.599,-1.18,-0.12,0.01,1.583295446881328,0.005071920798744685,0.09161017477220293,-0.060967750741042936,-1.8963780065349898,-299.9057427389577,0.0,0.0023124830555968584,-0.08527032035635496,0.0,63.823,-0.21907665711166716,-0.07421781786870114,-5.503207242871487,1.5710254732978715,-0.11077470078100274,-0.05128789871482234,-5.522207326930456,1.1799545676075278,0.14780767611344106,-0.01,1.5724301329375652,-2.0,-300.0,0.0,0.0,0.0,0.0,1.5707963267948963,77.0,0.036651372998709304,0.057045536024791677,0.05496477694503732,0.2289045379827623,0.3523369334345978,0.04672812841970975,0.13450758187358913,0.2044330527659513,-34.91267443439778,0.14988631891231372
64.0,-1.9450148493867065,0.0887661291905828,5.597,-1.07,-0.11,0.01,1.5785676423136632,0.0,0.0,0.0,-1.989689300709463,-299.91458516399615,0.0,0.0018570108428577659,-0.077003114592419,0.0,63.922,-0.09165333831055239,-0.06849805448152127,-5.495881182213686,1.578026036008773,0.0017946536438212392,-0.04849921694395794,-5.52050377814183,1.0699970171644533,0.11059111548446968,-0.01,1.5758423969926292,-2.0,-300.0,0.0,0.0,0.0,0.0,1.5707963267948963,78.0,0.036599467330165766,0.05712416715556325,0.0547537571808294,0.2289551103677755,0.35233900101271626,0.04662374353480706,0.13447142881916765,0.20442021823551287,-34.92530821986046,0.14990400067612353
64.101,-2.054081101598362,0.08876610483017178,5.596,-0.96,-0.1,0.01,1.5767433480967323,0.02509300594998369,0.02847389969680661,-0.0009338531670096601,-2.1161730557369935,-299.92583485112806,0.0,0.0014176633928692593,-0.06280186286958285,0.0,64.021,0.022720968143262552,-0.04819071650736452,-5.545784570982428,1.5587029296152675,0.10612496488993065,-0.04021629847631267,-5.52122193723322,0.9599882137203668,0.09562840842186615,-0.01,1.5681002261037706,-2.0,-300.0,0.0,0.0,0.0,0.0,1.5707963267948963,80.0,0.03632613470002111,0.056857138890189875,0.054350519932514545,0.2286202190917644,0.35220550637102355,0.046237504779567055,0.13425277499039728,0.20398393905845524,-34.98194044096189,0.14968734778381104
64.201,-2.144969643180358,0.07767029128042857,5.595,-0.84,-0.09,0.01,1.5744250740997978,0.017885100030715074,0.011563610792291155,-0.03113278348420613,-2.208794194571815,-299.93359044094683,0.0,0.0011026598668629946,-0.05346882456624447,0.0,64.12,0.12006678645565771,-0.052187101053862345,-5.551198604799707,1.5683183997622219,0.20093357883301227,-0.043033220846614526,-5.522053280081188,0.8398199057919348,0.05782563703007785,-0.01,1.5651989408450333,-2.0,-300.0,0.0,0.0,0.0,0.0,1.5707963267948963,81.0,0.0362811645144771,0.056859224616701703,0.05413067019937574,0.2286460221951698,0.352216543114179,0.046219626111372314,0.13425657173027222,0.20397600137838984,-34.99434421280094,0.14970534364410099
64.303,-2.2267693295471016,0.06657447852961118,5.594,-0.72,-0.08,0.01,1.5713495546977523,0.029472339485483424,-0.006538202764000543,-0.028522484474602094,-2.289629389327265,-299.9401361531607,0.0,0.0008498261625048116,-0.04704237380254668,0.0,64.219,0.2081166119677706,-0.051217451110037886,-5.507561411680638,1.565160206039067,0.2810701457450422,-0.04196587182767776,-5.525226210198417,0.7196102226787636,0.03465946185389894,-0.01,1.562199875677531,-2.0,-300.0,0.0,0.0,0.0,0.0,1.5707963267948963,84.0,0.03642668765370782,0.05738220316880149,0.05409474642522465,0.22937273137492908,0.35251178553095386,0.046462206362241174,0.13441585182400773,0.2046486290829734,-34.95770265788743,0.15017227782601353
64.4,-2.2994801654388013,0.06657446023538949,5.594,-0.61,-0.07,0.01,1.568268125937555,0.02717115692273785,-0.020391980921367257,-0.028691753893564587,-2.3458309223826594,-299.94469678319365,0.0,0.0006973740304166138,-0.04367527610502563,0.0,64.318,0.2904963416860342,-0.042565760846799625,-5.541033020034082,1.5620848228711042,0.346319828045875,-0.041319454339424924,-5.527949562291104,0.6093913677560321,0.01609266744876929,-0.01,1.5595064640621867,-2.0,-300.0,0.0,0.0,0.0,0.0,1.5707963267948963,82.0,0.03626825871960861,0.056900951307421115,0.053919033295713674,0.22860220501436213,0.3521764010876996,0.0461979699236302,0.13421124476140572,0.20389446326776958,-35.00352184317816,0.14966020176674066
64.5,-2.363102142729603,0.05547865285167175,5.593,-0.5,-0.07,0.01,1.5654683709752304,0.02204187938013551,-0.032268494753992065,-0.027170417477976785,-2.4162705047247885,-299.95078103292906,0.0,0.0005352017910154862,-0.041366073735823426,0.0,64.417,0.35325728462075584,-0.03199528849608273,-5.497185973101308,1.5589665174509315,0.4007305358252684,-0.03242985768046607,-5.524501149585248,0.49936283273198184,0.03033870350981225,-0.01,1.5547324933566788,-2.0,-300.0,0.0,0.0,0.0,0.0,1.5707963267948963,83.0,0.036291571987676616,0.056814971297759594,0.053908406726797,0.2284566011769082,0.35211198137269295,0.046210282028070745,0.1341971549991711,0.20377066809921768,-35.00511882544427,0.14956106650161022
64.6,-2.4085464139302686,0.0554786405853287,5.593,-0.39,-0.07,0.02,1.56259600731102,0.0005961925446883194,-0.04093664449981672,-0.03485215511173366,-2.4542210289883477,-299.9545200000851,0.0,0.00043461875707447066,-0.04104731398743075,0.0,64.516,0.40653711353028166,-0.04365660969391914,-5.502693825435936,1.5587482803176846,0.4429940445909999,-0.03940330812031151,-5.5212992740446065,0.3888787177160099,0.0031718865460024087,-0.02,1.554019299550915,-2.0,-300.0,0.0,0.0,0.0,0.0,1.5707963267948963,84.0,0.036373032668440754,0.05688080803817565,0.053935927614305997,0.22857337104183506,0.35217462575205366,0.046328037044840176,0.13426253795351256,0.20391297720336485,-34.99224208868382,0.14965026209515145
64.7,-2.444901829006597,0.04438283793844189,5.592,-0.28,-0.07,0.02,1.5599683812495808,0.010952050382105649,-0.05081098440231234,-0.027026334635056087,-2.4918797534152826,-299.9589726519591,0.0,0.0003202360548245899,-0.04107955572850676,0.0,64.615,0.44986839258431494,-0.033682854335261164,-5.522453233036757,1.552310998693606,0.4746668300402974,-0.03556127939774083,-5.523395879609604,0.2788284203333656,0.007987202588494516,-0.02,1.5519060274471976,-2.0,-300.0,0.0,0.0,0.0,0.0,1.5707963267948963,85.0,0.03644035205106705,0.056910644425321795,0.053986536298996135,0.2286153088964918,0.35219306917892723,0.04641657769737156,0.1343071794436339,0.20397910138282552,-34.98172750341019,0.14967896664351416
64.8,-2.4812572474685703,0.044382828217846004,5.591,-0.18,-0.07,0.02,1.558318848782454,0.002713893329998353,-0.06157278675959655,-0.026367416677197837,-2.519114770560761,-299.96327587461036,0.0,0.0002256524629755636,-0.0413793324408622,0.0,64.714,0.48398659943688055,-0.025675496667375654,-5.49603890253195,1.5575313789525873,0.4972737039838232,-0.02686869381557288,-5.520303540692817,0.17918984254033343,0.024187288353762285,-0.02,1.5531140505574592,-2.0,-300.0,0.0,0.0,0.0,0.0,1.5707963267948963,86.0,0.036486605020396405,0.056854491970231964,0.05406422736942965,0.2285406348235449,0.3521610341597305,0.04651110425648634,0.13435778302112775,0.20395015870767094,-34.97422541281659,0.14962935127996707
64.901,-2.49943494801472,0.03328703085135265,5.589,-0.09,-0.07,0.02,1.5571009098228554,-0.011053883798105471,-0.06459325713750132,-0.012908726967746588,-2.5388327914586197,-299.96834055542774,0.0,0.00013979729581043004,-0.04137474993953923,0.0,64.813,0.5109762524129415,-0.014239197535161147,-5.5322603048594905,1.5523990845150792,0.5132287947318628,-0.013932121600670096,-5.52420099116037,0.0895607998070195,0.04827747611007413,-0.02,1.5505804272789099,-2.0,-300.0,0.0,0.0,0.0,0.0,1.5707963267948963,88.0,0.03654814659196192,0.05693558264441318,0.0541735993277755,0.228655989410167,0.3522026041130419,0.04662065661628069,0.13441859752428473,0.204084287275372,-34.95843825194615,0.14969710964551897
65.001,-2.5085238025078165,0.0332870276561974,5.588,0.0,-0.07,0.03,1.556538639650915,-0.025753897967977054,-0.05644544113458466,-0.02368062423778347,-2.5451636509694024,-299.97241869650065,0.0,6.425919053330395e-05,-0.03969614240868622,0.0,64.912,0.527212289091578,-0.027031660633237753,-5.545391280053321,1.5543206400711183,0.5193271127022375,-0.013191766875119568,-5.525576014352637,-0.0006301080409123307,0.03642959051701351,-0.03,1.5520287850859067,2.4840452240110026e-17,1.8631724466649465e-34,0.0,3.445005636156082e-19,8.942673600266487e-36,0.0,2.5958371465089013e-17,89.0,0.03655490129809702,0.05700469921541161,0.054216537801962915,0.228805561838385,0.35227938891422794,0.046662426882328766,0.13445220742022143,0.20423276065746465,-34.952338208947346,0.14980797555354547
65.1,-2.508523799599534,0.022191235406255228,5.586,0.07,-0.07,0.03,1.5557652619343738,-0.012805153011054627,-0.05714901916810573,-0.011635666805384894,-2.5429554626745356,-299.9762036900521,0.0,1.012122680907706e-05,-0.03609080920889563,0.0,65.011,0.5281837135019809,-0.015098184032225487,-5.528060848484351,1.5597351510622446,0.517883868417188,-0.011704260113544102,-5.529591298260804,-0.07063774776576527,0.030384176610250842,-0.03,1.554699408245503,-2.0,-300.0,0.0,0.0,0.0,0.0,1.5707963267948963,89.0,0.036290336864181635,0.05663629861937856,0.05402992111314389,0.22823688009894544,0.35202758297951237,0.046172607016932446,0.13412423323919523,0.20358060344295173,-35.0089155197215,0.14942456021849682
65.219,-2.4994349451839604,0.02219123800041123,5.585,0.16,-0.06,0.03,1.5568160918217642,-0.004103839556476724,-0.06215606481171548,-0.001814200331908571,-2.529908511264403,-299.9801689045483,0.0,-6.6104325920539525e-06,-0.03029751499092054,0.0,65.176,0.5220538776143142,0.000895736998449026,-5.513129164181218,1.5571181055287098,0.5034349108416808,-0.0009258297877833296,-5.534025941181193,-0.16030369791549892,0.040636713487256115,-0.03,1.555113399400469,-2.0,-300.0,0.0,0.0,0.0,0.0,1.5707963267948963,43.0,0.037530254084956444,0.06058253315997142,0.05480800509667399,0.23431111512720007,0.3546904294920254,0.04857894750986257,0.13585991003944523,0.20960750946091905,-34.659796733017984,0.1535251953867819
65.3,-2.4994349451839604,0.02219123800041123,5.584,0.21,-0.06,0.03,1.5570983691748719,-0.012024894332158748,-0.10367071366680908,-0.007732900529136374,-2.515411015863179,-299.98240965927766,0.0,-1.4284524908402239e-05,-0.025999161726076574,0.0,65.209,0.5190154672579903,0.006591088045489357,-5.504814582564862,1.5531911074232831,0.48531553293298857,0.006909531651259151,-5.535642682223283,-0.21015999157923074,0.05131697556263051,-0.03,1.5523726222619478,-2.0,-300.0,0.0,0.0,0.0,0.0,1.5707963267948963,91.0,0.03786422656872689,0.06011154171782082,0.0557957602404139,0.23210083607706067,0.353447586811905,0.04894894797024572,0.13571651331868403,0.20777123018775107,-34.60601362852513,0.1517920276308612
65.4,-2.4721683805507926,0.011095453927061794,5.584,0.27,-0.05,0.03,1.5574733028796055,-0.017231748478930057,-0.09174658101947675,-0.015906459553695143,-2.4913797368883266,-299.98468845659403,0.0,-3.2870732227474375e-05,-0.019449327997327123,0.0,65.308,0.5017284031299805,-0.005846467856528745,-5.5378188178749745,1.561945339941394,0.46705824714152666,-0.002461733427497976,-5.540825131818751,-0.2704300064509611,0.012311185462986783,-0.03,1.5593874300408983,-2.0,-300.0,0.0,0.0,0.0,0.0,1.5707963267948963,92.0,0.038312032552156976,0.06087751302624696,0.057116576291323426,0.2324095229276669,0.35344738982150187,0.049524645058571924,0.13579629935205728,0.20826875582277052,-34.47497591108443,0.15187599363284796
65.5,-2.4449018161045535,0.011095460915353517,5.583,0.33,-0.04,0.03,1.5580939520758132,0.008887709335287984,-0.08981312086459141,0.009867276206965354,-2.4679421697822117,-299.98604142316066,0.0,-2.4199939844899453e-05,-0.01397922431401778,0.0,65.407,0.4748820705381555,0.004554216200955516,-5.513119536543991,1.561412851534224,0.43805703453516665,0.0019379746833907813,-5.541903991733079,-0.3303401761382957,0.01326794170069414,-0.03,1.558071613492303,-2.0,-300.0,0.0,0.0,0.0,0.0,1.5707963267948963,93.0,0.03703588334050187,0.05702339102136939,0.056223390628200406,0.22865917114568707,0.3522761585924493,0.047228860767831254,0.134641156616551,0.20452670823827335,-34.807538157391704,0.14971262677295943
65.6,-2.417635252935355,0.01109546809682227,5.582,0.37,-0.03,0.03,1.5596177522700767,0.006839769047054472,-0.09180023533862718,-0.0029276345902915905,-2.4341094978369493,-299.9871375988034,0.0,-9.832457806207459e-06,-0.007702803777954296,0.0,65.506,0.44681598950340395,0.011658532583843459,-5.525078994694876,1.557036941577361,0.4044126767700227,0.011368988534844398,-5.541186460144873,-0.37006636676445237,0.024257155897696316,-0.03,1.5592404131992954,-2.0,-300.0,0.0,0.0,0.0,0.0,1.5707963267948963,94.0,0.036270709409914746,0.05603044666135704,0.05533835284921454,0.22793917907770145,0.3520459852643005,0.04597050474706344,0.13403343398766707,0.20348820244278845,-34.978119260198234,0.14930376749235594
65.7,-2.3812798373497817,0.011095478183453356,5.581,0.41,-0.02,0.03,1.5601698030394058,-0.00549267435945683,-0.0923753228634201,-0.0017920264623670162,-2.396069736537435,-299.9876269204561,0.0,-2.318543601921177e-06,-0.0017016199150181501,0.0,65.605,0.4132959238108944,-0.000760006027595822,-5.529900280284084,1.563893488285136,0.36604792569913247,0.0008050241859329371,-5.541850322091584,-0.41027793448172734,-0.013180387934295632,-0.03,1.562420053976571,-2.0,-300.0,0.0,0.0,0.0,0.0,1.5707963267948963,95.0,0.036284139314794746,0.05658559920702972,0.05483030037709613,0.22899501738480757,0.3525254375734292,0.04614370313415014,0.13430564994527386,0.2044049817124377,-34.97464800054816,0.1500393258277377
65.8,-2.34492441976501,0.011095487579344532,5.58,0.43,-0.02,0.04,1.5615515476700403,0.01635362169197437,-0.09765340368154443,0.005935856765014701,-2.3547442757183106,-299.98753994017113,0.0,3.7715093668443924e-06,0.0037685333333445847,0.0,65.737,0.35946238105134837,0.006428458352857644,-5.478370477815911,1.565182501504554,0.3213767756595567,0.0034163823689530165,-5.5371339746957915,-0.4301185627926073,-0.0040967150254470515,-0.04,1.5658760778844414,-2.0,-300.0,0.0,0.0,0.0,0.0,1.5707963267948963,63.0,0.03657029617871744,0.05674666674222451,0.054763175930940614,0.22898267498284966,0.35245577761431857,0.046727662243895116,0.13469287481090422,0.20454036174661616,-34.93399296762083,0.14998597901431793
65.9,-2.2994801442973998,0.011095498928947567,5.578,0.45,-0.01,0.04,1.5632569925535957,0.007678965885440775,-0.0969182369762273,0.013392359365441751,-2.3110672251210524,-299.9869421703514,0.0,-7.535917054898787e-07,0.007955022332283136,0.0,65.803,0.3321396048232683,0.007178580677628998,-5.5479973512160665,1.582040485102056,0.2813440239590901,0.004847260858647581,-5.542744778890977,-0.4499589359461422,-0.005701200624602125,-0.04,1.5734116656606014,-2.0,-300.0,0.0,0.0,0.0,0.0,1.5707963267948963,97.0,0.03657910292253234,0.05654298821698677,0.05471243705935658,0.2283491186790731,0.3521115119416034,0.04672540481541241,0.1346011413439454,0.20395515860566585,-34.944360697099604,0.1495087632619776
66.006,-2.263124726712628,0.011095508324839631,5.575,0.46,-0.01,0.04,1.5664426014435033,0.003593620446925191,-0.08833381198506107,0.03189571199246362,-2.2568371888765406,-299.98568647290745,0.0,-3.435176527550094e-05,0.011132936369350949,0.0,65.935,0.2743111616997617,-0.00662882599652849,-5.523904313841149,1.5734221806034883,0.2318409511706644,-0.003684163457224509,-5.545262372201776,-0.4599118663416573,-0.0251226290400067,-0.04,1.5733056342063878,2.5299187730599845e-17,1.9821915175460355e-34,0.0,7.781900921936468e-19,2.0366559633011963e-35,0.0,2.6171702566400574e-17,71.0,0.036769795903896924,0.05789538424295141,0.054713409126859014,0.23033412357532052,0.3529884297737199,0.047095783392259026,0.1348498451702665,0.20575458413883918,-34.8674534174233,0.15085040184260845
66.1,-2.217680458175451,0.022191311880711773,5.572,0.46,0.0,0.04,1.5694316453908126,0.0,0.0,0.0,-2.220261897654353,-299.98457522936576,0.0,-6.431911713425411e-05,0.012645980748517539,0.0,66.034,0.2328318970041087,-0.005340091560387547,-5.512799168263173,1.5751396840815484,0.18972998929946938,-0.009656514243733736,-5.5437754284341505,-0.4597743271476879,-0.04115134712547203,-0.04,1.576280244231991,-2.0,-300.0,0.0,0.0,0.0,0.0,1.5707963267948963,66.0,0.03651906331435595,0.05684847381153618,0.05443191035243273,0.22860906886730303,0.352222491692041,0.04659224931912358,0.13448201957437592,0.20410726513221755,-34.9543717296698,0.14968964584195443
66.201,-2.17223618310768,0.0221913229887285,5.569,0.45,0.0,0.04,1.5718597965922692,0.020585271023873704,-0.06202682712123063,0.020914043515372814,-2.165805663883539,-299.9826305801169,0.0,-0.00010021955241562398,0.013628855438117383,0.0,66.133,0.18848243811323934,-0.0022609654858668365,-5.465466897747537,1.5828057720889241,0.14390505428019829,-0.007997942402012915,-5.535001973056255,-0.4496775574630509,-0.027981658165638836,-0.04,1.5823191702249009,-2.0,-300.0,0.0,0.0,0.0,0.0,1.5707963267948963,68.0,0.03634400269001158,0.05653184071031974,0.05425288936164098,0.22809317841436427,0.3519820952265434,0.046291487328303044,0.13427191598119875,0.203549854169278,-34.99478091083176,0.1493285060074761
66.307,-2.1267919121395824,0.022191333452073803,5.566,0.44,0.0,0.04,1.5749260690670945,0.00690532727259275,-0.05839841535870346,0.03456515971729183,-2.121608457873712,-299.98093512497843,0.0,-0.00012757085683789363,0.012387509104922308,0.0,66.232,0.14267299461888666,-0.003749928645941397,-5.521941530702217,1.5796061160042019,0.09850232535871775,-0.007521828567766054,-5.536762174505684,-0.43979320465253335,-0.01975786039832394,-0.04,1.5812624295258093,-2.0,-300.0,0.0,0.0,0.0,0.0,1.5707963267948963,75.0,0.03690901392142114,0.058233431266095564,0.05454005447161615,0.23071846970680346,0.353155277956568,0.04738053593928803,0.13503614923958782,0.206157364767222,-34.84287749071506,0.15111525213131052
66.4,-2.090436494232494,0.022191342488551147,5.563,0.42,0.0,0.03,1.5778299580004553,0.0,0.0,0.0,-2.0874968655211887,-299.9796158565887,0.0,-0.00013656809085598766,0.011101105137096045,0.0,66.331,0.09839649919388106,-0.0034243581752477353,-5.49386536832411,1.5820003797224393,0.06039539567162007,-0.005924088436441165,-5.533162513010003,-0.4198646274340856,-0.010863053830274022,-0.03,1.5832574230134737,-2.0,-300.0,0.0,0.0,0.0,0.0,1.5707963267948963,69.0,0.036401973369645096,0.05681142350043104,0.054147920906596175,0.22847819297919042,0.3521658063173278,0.04634970674714722,0.1342872482367461,0.2038890390045705,-34.983550159583736,0.1496055537748427
66.5,-2.044992222464717,0.02219135267560013,5.561,0.39,0.0,0.03,1.579651732058499,-0.006816591320155157,-0.04744451547396269,0.015709309060272753,-2.03909959132952,-299.97772941311683,0.0,-0.00014086139491664677,0.009868967167556662,0.0,66.43,0.05569691689732815,-0.007131813549494756,-5.490149205094986,1.5898739663026313,0.021449866930780666,-0.0068110824854704845,-5.52713986467046,-0.3898259736050292,-0.009649525679087901,-0.03,1.5888290816714945,-2.0,-300.0,0.0,0.0,0.0,0.0,1.5707963267948963,70.0,0.036227919881095964,0.056300915940491546,0.053988503521160906,0.22775774315586259,0.35184561572876233,0.04606950352593911,0.1341091588945492,0.2031736063566375,-35.03005615188111,0.14911656865797318
66.601,-2.0086368014126803,0.02219136105131314,5.559,0.36,0.0,0.04,1.582303942241941,0.0,0.0,0.0,-2.001866943552567,-299.9762044909228,0.0,-0.00015510441303032962,0.00925949385031665,0.0,66.529,0.022217700697401255,-0.005210497243288703,-5.511144480176553,1.5846347382833124,-0.014624181228256972,-0.006083472904141348,-5.527683460425841,-0.3599219310532694,-0.00454769821963474,-0.04,1.5879613354350746,-2.0,-300.0,0.0,0.0,0.0,0.0,1.5707963267948963,72.0,0.03641454072063165,0.056906348112523514,0.05403780813289351,0.2287113315429755,0.3522765308622471,0.046425610836661774,0.134356851276232,0.20409916413812695,-34.980762196097956,0.14977047499749518
66.701,-1.9813702375988487,0.022191366754487074,5.556,0.33,0.0,0.04,1.5846845200893023,0.0,0.0,0.0,-1.9678840297291715,-299.9746677454153,0.0,-0.0001785332416289212,0.009458253962176874,0.0,66.628,-0.012998026318892195,-0.005792572392891951,-5.512414157143202,1.5875483825622903,-0.046255879142822975,-0.005912821543524901,-5.528834745314031,-0.32996517568420747,-0.0018664769215091734,-0.04,1.5894519422517916,-2.0,-300.0,0.0,0.0,0.0,0.0,1.5707963267948963,73.0,0.03627472927680207,0.05679981420171555,0.053867821641971014,0.22852774243027413,0.3521916622518647,0.04618326128805925,0.13418919691377457,0.20384734729748008,-35.009590540415985,0.14964518859470716
66.8,-1.9450148227232054,0.02219137495500112,5.553,0.29,0.0,0.03,1.5864461539920904,0.0,0.0,0.0,-1.9432509611470803,-299.9733980293427,0.0,-0.0002063378082859983,0.010248552511194452,0.0,66.727,-0.05004201201106649,-0.009052925511167001,-5.585145018207693,1.5699502944347343,-0.07600660736828832,-0.008676455988946223,-5.542391501782987,-0.28993368694766386,-0.006881924369328517,-0.03,1.5804318584456578,-2.0,-300.0,0.0,0.0,0.0,0.0,1.5707963267948963,73.0,0.0362229457700039,0.056592710646065345,0.05376288569315418,0.22819946988258555,0.3520408915708371,0.046094570676180974,0.13412911790990922,0.20352840168637581,-35.02856085854697,0.14942173187664892
66.9,-1.9177482588318508,0.022191380499707147,5.551,0.25,0.0,0.03,1.5866964096811154,0.0,0.0,0.0,-1.9158540499569248,-299.9717198875627,0.0,-0.000248771847424121,0.011998090025105624,0.0,66.826,-0.07607402237240937,-0.005300278153173799,-5.488527413848814,1.5879092980757967,-0.10024519798444481,-0.006185743184344755,-5.5350904166362564,-0.2500271924692026,0.0017945693769579854,-0.03,1.585947810312082,-2.0,-300.0,0.0,0.0,0.0,0.0,1.5707963267948963,74.0,0.03620011356615373,0.05659978871718114,0.0536995532133706,0.22819868994118234,0.35203536635040467,0.046048809528747854,0.13409211762340237,0.20350235644042636,-35.03408307812511,0.14941783665935135
67.0,-1.8995705457337597,0.022191384771279576,5.549,0.21,0.0,0.04,1.5858276263487079,0.0,0.0,0.0,-1.8923786872120754,-299.969909925052,0.0,-0.0002834119061630313,0.014479508227587971,0.0,66.925,-0.10276844216834748,-0.006900620136490829,-5.543241761664894,1.5851832075961607,-0.12165460140844017,-0.006567696520803709,-5.5407915249612785,-0.21002811669337135,0.001852465877994107,-0.04,1.5859731432276523,-2.0,-300.0,0.0,0.0,0.0,0.0,1.5707963267948963,75.0,0.03609860542066168,0.05632507388614282,0.05361648765267878,0.22773032732251539,0.35180922349496924,0.0458637959103081,0.13394869733880124,0.20302692402242334,-35.060857866981486,0.14908571053456232
67.1,-1.8813928378573368,0.02219138865415493,5.547,0.17,0.0,0.04,1.5859310310941674,0.0,0.0,0.0,-1.86949810701713,-299.96753542310296,0.0,-0.0003443291735941508,0.017419020721328716,0.0,67.024,-0.12500234950145886,-0.007102019488343658,-5.542142802051025,1.583277826135349,-0.1387379216285659,-0.006681221829077183,-5.543171395207629,-0.17003879709401232,0.002432573129443777,-0.04,1.5867439685878062,-2.0,-300.0,0.0,0.0,0.0,0.0,1.5707963267948963,76.0,0.036157843637648394,0.05655917645150296,0.05359003063715044,0.22814634631429842,0.35200849151200075,0.0459884921178147,0.13404806193157118,0.20342277922908636,-35.04505009946854,0.14938098730440247
67.2,-1.8632151300584374,0.02219139231576417,5.546,0.13,0.0,0.04,1.5862847474080066,0.0,0.0,0.0,-1.8574601690284347,-299.96580711408694,0.0,-0.00039360138530152765,0.0195410555884285,0.0,67.123,-0.14098142182383575,-0.006866574343203785,-5.505780245149561,1.5957329276610288,-0.15207648864428414,-0.006869097725023584,-5.5449995178197895,-0.1300429889965443,0.0027007873974606357,-0.04,1.586712191408237,-2.0,-300.0,0.0,0.0,0.0,0.0,1.5707963267948963,77.0,0.036159288248333726,0.056570835790113044,0.05356534088549981,0.22814669368336177,0.35200345119446086,0.04599784365255444,0.13404847578964124,0.20341913830646957,-35.04505965417085,0.14937770631674108
67.304,-1.8541262744433447,0.02219139449547658,5.544,0.1,0.0,0.04,1.5865021041270835,0.0,0.0,0.0,-1.8441497760937555,-299.96296964244544,0.0,-0.00047135276767259544,0.022949356236110895,0.0,67.222,-0.15345693933854032,-0.0286149136112726,-5.470955812865616,1.5912407073944421,-0.16312579750415135,-0.01895388019597099,-5.535937381661272,-0.09943751215234733,-0.028117206623866797,-0.04,1.5907987700130546,-2.0,-300.0,0.0,0.0,0.0,0.0,1.5707963267948963,82.0,0.03647749460666078,0.057412482363267736,0.05376874998751825,0.22944013019739862,0.3525667390535416,0.04659044503922092,0.13446266952331448,0.20471483711524782,-34.9618842489737,0.1502394612906599
67.4,-1.8450374205051334,0.022191396247047024,5.542,0.06,0.0,0.04,1.5874264175680022,0.018389371543723998,0.011310586171038348,0.018691280197221917,-1.83729178885942,-299.96039891543364,0.0,-0.0005464263126390926,0.02518355603698145,0.0,67.321,-0.1642835597065672,-0.032542814547439514,-5.52365254775805,1.5858275262165147,-0.16887758847704093,-0.034394940767742424,-5.533398885293657,-0.058883982332579174,-0.060614355183241826,-0.04,1.5892060183963927,-2.0,-300.0,0.0,0.0,0.0,0.0,1.5707963267948963,79.0,0.03620697677498474,0.056604585691498115,0.05359016227027025,0.22819227038291298,0.3520146665405552,0.04607049787914748,0.13408698840908967,0.20347477873826295,-35.0373223321697,0.1494009149028933
67.5,-1.8450374199461512,0.03328718785654461,5.539,0.02,0.0,0.04,1.5883283774044854,0.0,0.0,0.0,-1.8344774371646568,-299.95829655721855,0.0,-0.0005747629192765686,0.025534334473166477,0.0,67.42,-0.1634344539856055,-0.034050959336422146,-5.449576438219579,1.600076803122562,-0.1696643327174936,-0.042111418201298226,-5.529243784419073,-0.018388718737089298,-0.06777800325830229,-0.04,1.5945647730283283,-2.0,-300.0,0.0,0.0,0.0,0.0,1.5707963267948963,80.0,0.03618978185313386,0.05664488647390938,0.053649683014411295,0.2282103254883529,0.3520051427911047,0.04608491196124445,0.1340872349198124,0.20348741085156888,-35.033597023142164,0.1493971948225123
67.608,-1.8450374199461512,0.03328718785654461,5.536,0.0,0.0,0.04,1.5897432594236471,0.029196617913218512,0.027361688759321264,0.025431451981934125,-1.83448541261667,-299.95539335793256,0.0,-0.000548769969585908,0.02239985892875777,0.0,67.519,-0.1769148443094392,-0.02089711127714928,-5.488401159519592,1.5791509834457382,-0.17107206871240438,-0.036092388057243074,-5.520076725957296,0.0007704364015215703,-0.037840080763875336,-0.04,1.5911538406478336,-2.0,-300.0,0.0,0.0,0.0,0.0,1.5707963267948963,89.0,0.03673027600014342,0.058245996449257216,0.05397527327899647,0.23071926405528856,0.35312268004684616,0.04705646785672038,0.13478723664513714,0.20596395570221998,-34.8883091570112,0.15109371861254572
67.7,-1.8450374199461512,0.03328718785654461,5.533,-0.03,0.0,0.04,1.5908714896675684,0.0026755120918916784,0.019656232429024867,0.004052932106989284,-1.8381180036009712,-299.95350372053906,0.0,-0.0004469968585265549,0.017461821182571363,0.0,67.618,-0.17091641929720816,-0.024702675518289377,-5.520913839884589,1.5876443726464853,-0.16741582015012624,-0.028942300705528876,-5.523965806596452,0.030187947532718473,-0.012747995602414635,-0.04,1.585538559426777,-2.0,-300.0,0.0,0.0,0.0,0.0,1.5707963267948963,82.0,0.03627273941047843,0.05680811768519126,0.05370092963278655,0.22846617961021515,0.35212870558727505,0.04619682359784618,0.13416761847906503,0.20375318058583192,-35.01588546166064,0.1495776258140135
67.801,-1.8541262738068398,0.033287186705973415,5.53,-0.06,0.0,0.04,1.5898741083827355,0.0,0.0,0.0,-1.8447968652309201,-299.95220414930026,0.0,-0.0003067085244039241,0.012469511542323066,0.0,67.717,-0.1673915864456207,-0.02810744760645978,-5.528374208813817,1.5882363208416643,-0.16148299104441216,-0.029808630059622462,-5.526762557135486,0.06017353838317528,-0.010874224624622056,-0.04,1.586753662529266,-2.0,-300.0,0.0,0.0,0.0,0.0,1.5707963267948963,84.0,0.036103841665900346,0.056101354790133735,0.05369377526622212,0.22736679833959267,0.35161303530366694,0.04585778409795004,0.13391716429645675,0.20269800173289756,-35.06481972525148,0.14880428693940728
67.9,-1.8632151266768238,0.033287184383377966,5.527,-0.09,-0.01,0.04,1.5883217501130442,0.0,0.0,0.0,-1.85429767123646,-299.95140867627333,0.0,-0.00020111836527582385,0.00858353046734653,0.0,67.816,-0.1581480783268496,-0.029851142437730988,-5.44218299643445,1.5921423734547069,-0.15236995094435724,-0.029550800966598303,-5.522783397097939,0.09018903839933008,-0.0009737871680313617,-0.04,1.5880209823196227,-2.0,-300.0,0.0,0.0,0.0,0.0,1.5707963267948963,84.0,0.03619064892975189,0.05661087218041867,0.05364921530348755,0.22828168466323565,0.35206985101999133,0.04603911592749057,0.13408255724189722,0.20355623212349966,-35.03676158891249,0.14947116269021984
68.0,-1.8632151266768238,0.033287184383377966,5.525,-0.11,-0.01,0.04,1.5878833691265921,0.0,0.0,0.0,-1.8637566872807616,-299.95104590912644,0.0,-0.00014925513375685148,0.006398995306331904,0.0,67.915,-0.14814293768957956,-0.03191752309842302,-5.421529116256327,1.5945783140756877,-0.13793821211944368,-0.03171144620496278,-5.509206708814517,0.11032915988304014,-0.005439446758567714,-0.04,1.5921125068479614,-2.0,-300.0,0.0,0.0,0.0,0.0,1.5707963267948963,85.0,0.036184014216477996,0.05645883674010696,0.053645455054182785,0.2279871154966777,0.3519285202976202,0.04602057091652161,0.13405976272468043,0.2032964391394828,-35.042868860945156,0.14925939197332622
68.1,-1.872303980615035,0.03328718263180708,5.522,-0.13,-0.01,0.04,1.588640387230788,-0.0023740446192481563,0.038410350586480374,0.013930647842611965,-1.8806602522864846,-299.9508399680599,0.0,-0.00010136248297117438,0.00411663659975673,0.0,68.014,-0.14182042908931253,-0.0370762480456654,-5.472527203358476,1.5731818834179319,-0.12586519899938628,-0.03574961446035216,-5.50664052226457,0.13030752352080416,-0.013962764740152877,-0.04,1.5836290129721469,-2.0,-300.0,0.0,0.0,0.0,0.0,1.5707963267948963,86.0,0.0359991074878491,0.05560067392793003,0.053627324502387566,0.22650196072892226,0.3512069286434819,0.045637863600443654,0.1337449799764245,0.201883239818587,-35.10145576784335,0.14820346809345128
68.2,-1.8904816888912968,0.03328717850734586,5.52,-0.15,-0.02,0.04,1.5880779373135903,0.005422686617461727,0.03891730711947122,-0.021194873608964937,-1.8968120769446604,-299.95092642086075,0.0,-5.146604207966093e-05,0.0021418094432139535,0.0,68.113,-0.12064378429134465,-0.034917732813478194,-5.462038307074444,1.5873524420911937,-0.10858710972042807,-0.0373065294573037,-5.502167155278414,0.1503116737113678,-0.005630143244810166,-0.04,1.5829561632309506,-2.0,-300.0,0.0,0.0,0.0,0.0,1.5707963267948963,87.0,0.03616785300374323,0.056443982623406976,0.05365165554513553,0.22801950488538947,0.3519499721308997,0.045992844200681504,0.13404356663141453,0.20331723387208359,-35.04573471425306,0.14928803203748306
68.3,-1.9086593952221296,0.0332871748960315,5.516,-0.16,-0.02,0.04,1.5862568747859938,0.00239051102196827,0.04301333847899977,-0.015985349430478184,-1.9108036356048241,-299.9511713826996,0.0,-2.9630894923707146e-06,0.00012957856967917174,0.0,68.212,-0.10481557151502104,-0.03663998646675956,-5.392254177511045,1.593410577429804,-0.09218863674208364,-0.038714047375242575,-5.492210278174532,0.16045459682614333,-0.007790078860189217,-0.04,1.5871531095915172,-2.0,-300.0,0.0,0.0,0.0,0.0,1.5707963267948963,88.0,0.03634444194268842,0.056727342628693396,0.05377842853444989,0.22838247145766458,0.3521032472344988,0.0463032738907186,0.1342463017943298,0.2037323419381163,-35.00756118864341,0.14952956925473754
68.4,-1.926837103098552,0.03328717101315615,5.513,-0.17,-0.02,0.04,1.5858337358247974,0.0,0.0,0.0,-1.9292992166354872,-299.9517212607959,0.0,5.6402179932557555e-05,-0.002489306399165674,0.0,68.311,-0.09633102463659389,-0.04305064590575436,-5.475674486971324,1.5750499006773642,-0.07629561943111648,-0.04341901286590455,-5.488497395433342,0.1703653032131875,-0.01792140422579819,-0.04,1.5804291956583696,-2.0,-300.0,0.0,0.0,0.0,0.0,1.5707963267948963,89.0,0.03634593756018106,0.05653881486538258,0.05385533741883571,0.2280323746416523,0.35193822939878977,0.04629496012029135,0.13421027602255595,0.2034329648516633,-35.01144948355786,0.14928498751610642
68.5,-1.945014810306587,0.03328716669740395,5.509,-0.17,-0.03,0.04,1.5849231631171443,0.008509118085399156,0.037113735033081824,-0.021350192753932302,-1.9524626342114075,-299.9527702232579,0.0,0.00013654629413986638,-0.0061993707709487545,0.0,68.41,-0.0696354193584337,-0.039992103395788,-5.389200298964605,1.590771851034283,-0.054984410459191765,-0.04131294388260613,-5.478146958185214,0.17045952294184252,-0.002498045214311302,-0.04,1.5849354024468962,-2.0,-300.0,0.0,0.0,0.0,0.0,1.5707963267948963,90.0,0.03620274131680333,0.05655782527460849,0.053734660810951636,0.22811677034124592,0.3519929112626466,0.04604701033832065,0.13405752497616905,0.20342485750502026,-35.03412969046481,0.14935786909107496
68.6,-1.9631925173058071,0.033287162759498834,5.505,-0.17,-0.03,0.04,1.5841425611313917,0.0,0.0,0.0,-1.9682052247597273,-299.9537367873653,0.0,0.00019703346086770985,-0.009049777670918838,0.0,68.509,-0.050433485468003234,-0.04537015061868108,-5.502093292682995,1.5679935862802439,-0.03527467275962193,-0.04358883775390013,-5.476649452405539,0.1702987284321195,-0.00867171340751615,-0.04,1.5785209002404936,-2.0,-300.0,0.0,0.0,0.0,0.0,1.5707963267948963,91.0,0.03629795086272313,0.05658930122719008,0.05380556594179528,0.22812057519667445,0.3519789487778669,0.0462046237068663,0.13416298751266875,0.20347768085758267,-35.018115076825744,0.14934764409849816
68.7,-1.981370224859913,0.033287158137476514,5.503,-0.17,-0.03,0.04,1.5830746060844998,0.0024132559960854554,0.0330373660669184,-0.021498137355063108,-1.987914371955068,-299.95526483209983,0.0,0.0002695055721562565,-0.012673418350264185,0.0,68.608,-0.03616187039157689,-0.026208134343228003,-5.480802306467692,1.5811570167725957,-0.018343412205011143,-0.028806067104351386,-5.482317012714134,0.1700101359656146,0.02880518866344691,-0.04,1.5792794422159877,-2.0,-300.0,0.0,0.0,0.0,0.0,1.5707963267948963,92.0,0.03628804602838418,0.056572580511561534,0.05378837171784598,0.22813821558322936,0.3519990125448729,0.04621191880836004,0.13417628748024188,0.20349963588634903,-35.01965108712115,0.14937074145947826
68.8,-1.9995479347355336,0.03328715456560705,5.501,-0.17,-0.04,0.04,1.5814969745141012,-0.02000517751134718,0.03071647467179469,-0.010920944759903961,-2.0111944815226086,-299.95753251457734,0.0,0.00032887743846025605,-0.01655026813167423,0.0,68.707,-0.016670496744062995,-0.023481908577529437,-5.49824701675722,1.5746230919533557,0.0004391110829708698,-0.018930929211032392,-5.4867967785445675,0.1699123791527253,0.05493911816377313,-0.04,1.576661454950437,-2.0,-300.0,0.0,0.0,0.0,0.0,1.5707963267948963,93.0,0.03629654990400737,0.056647243808703056,0.05382414957096853,0.2282021357874978,0.35200957737233113,0.04621051847981604,0.13416055078092473,0.203544811586932,-35.014970992712946,0.1493991403129319
68.9,-2.017725642611956,0.03328715068273169,5.5,-0.16,-0.04,0.04,1.5800671894710994,0.0,0.0,0.0,-2.0262593202916266,-299.9592014881465,0.0,0.0003321747747620787,-0.0175047866732267,0.0,68.806,0.0068302675701198134,-0.017973246249377968,-5.422453757134457,1.5807024900273454,0.01993775695055064,-0.012110054195230244,-5.478202893676196,0.1598246827981123,0.060765754117783594,-0.04,1.5792387380682575,-2.0,-300.0,0.0,0.0,0.0,0.0,1.5707963267948963,94.0,0.03622704188818262,0.056634456138397224,0.05377511634577152,0.22820013238443282,0.3520160635877553,0.04610252859804658,0.13409183624832607,0.20350829645973426,-35.02575202008288,0.1494044910187462
69.0,-2.0359033485429494,0.03328714693326873,5.498,-0.15,-0.03,0.04,1.5793065941568951,-0.024740475212467982,0.027467477095165126,0.0010980345903796825,-2.047827920113985,-299.96161414914576,0.0,0.0002864079693073615,-0.015469446775344778,0.0,68.905,0.02527816170159283,-0.015696121961418855,-5.4245410043902975,1.5836723241584045,0.03902756610236181,-0.009563874331766191,-5.4729093744801105,0.14981236154993083,0.04610817544668688,-0.04,1.5824444469952759,0.006349999999094583,1.4496173059933345e-16,0.0,0.10000000000000527,2.6803423724464636e-15,0.0,2.6803423724463226e-14,95.0,0.036175693102161725,0.056575696161776996,0.05368351334827212,0.22814922900749707,0.351999410832906,0.046013883142575755,0.13405004980564617,0.2034337589912087,-35.038273332405815,0.1493753357494998
69.1,-2.0449922024811604,0.033287144422230686,5.495,-0.14,-0.03,0.04,1.579867293187652,-0.010794884889184904,0.024696118795157873,0.012490037958528604,-2.0645927249809275,-299.96325742957805,0.0,0.00021805159510316637,-0.011157902072359158,0.0,69.004,0.03979645286626005,-0.006615186903790787,-5.490633427347053,1.5721656271096125,0.053861993458268656,-0.002592168194663176,-5.476775002339757,0.1398589650236931,0.05433596059388671,-0.04,1.5765915941264208,-2.0000000481967866,-299.97669507471,0.0,-1.2705036711456861e-07,0.1999905425976151,0.0,1.5707969620767728,96.0,0.03619441194009943,0.05663470420309961,0.053685366111998915,0.22822292304332362,0.35202470496246674,0.046069250814913615,0.13408623802988115,0.20350823431644552,-35.032657715431455,0.1494192640578047
69.2,-2.063169909957743,0.03328714040120806,5.492,-0.12,-0.02,0.04,1.579455164321933,-0.010143385681505017,0.017707201711191035,-0.012639031529695722,-2.0800318243671665,-299.9643815063897,0.0,0.00011035609732745753,-0.00571078255629764,0.0,69.136,0.06508631913880095,0.006136616209550194,-5.454297041392511,1.5772571004325142,0.07170244965874811,0.010948871976845926,-5.471274019285957,0.11968616253855112,0.06829666048566879,-0.04,1.577294354631286,-2.0000000886022087,-299.94961787582673,0.0,-2.85882063377935e-07,0.2999885794453721,0.0,1.5707972797713863,64.0,0.03948211591139572,0.06739176176518989,0.05593380694658372,0.2444093095693015,0.35903311451512837,0.05257662919727714,0.13864396588532435,0.21985621692692958,-34.15182886748169,0.1607174986868657
69.3,-2.0813476138576554,0.022191344077099107,5.488,-0.11,-0.02,0.04,1.5784785976309816,-0.019076223114466467,0.013838023355974427,-0.005538546796622777,-2.0913110906771943,-299.9648199609992,0.0,7.95319083951261e-06,-0.00042358066461813153,0.0,69.235,0.07894661181093127,0.03995868217052051,-5.481417899433448,1.5736739834614049,0.08624218834542499,0.037483783960352166,-5.470877546615137,0.10954865265574011,0.12148027585926437,-0.04,1.575243933626562,-2.000000118157297,-299.9204292510855,0.0,-4.215142406445804e-07,0.39999922323678744,0.0,1.5707973805825446,65.0,0.03679974342093562,0.057502416097561584,0.05506357536854381,0.22844566092907773,0.35195886529576687,0.04692379779410823,0.13433238548609253,0.20400224175268453,-34.86955778626637,0.14942329997816484
69.4,-2.090436470781672,0.033287133974470695,5.484,-0.09,-0.01,0.04,1.577536935978804,-0.04772795649378085,0.013383909523160797,-0.011246559195357622,-2.1062700725438597,-299.9644621355223,0.0,-0.00019672360283737406,0.010876907997108656,0.0,69.334,0.0947670858514917,0.08989185531214797,-5.423294737352209,1.5802312801988034,0.09767187013459261,0.08607661623046259,-5.4706922007659475,0.08880841111090997,0.21466071666384376,-0.04,1.5766185258193246,-2.0000002074462344,-299.86530197775176,0.0,-6.857404257717507e-07,0.49999648662197094,0.0,1.5707976982853853,66.0,0.036371942591108666,0.05691691890894526,0.05464067472208054,0.2286121885516855,0.3522574492751714,0.046359983238904987,0.1341850573399672,0.20405177818350573,-34.956266069576074,0.14972402757768088
69.502,-2.099525323920204,0.0332871315668708,5.481,-0.07,0.0,0.04,1.5770656685952582,0.0,0.0,0.0,-2.1168125214278812,-299.9627393513268,0.0,-0.00048475931271051815,0.026916952813221443,0.0,69.433,0.10495858273540655,0.1539703295673605,-5.42820983138146,1.5738641646031417,0.10757144154056925,0.1603232097669276,-5.470491002485787,0.06951861562653434,0.3524245351188291,-0.04,1.5721622477967472,-2.0000003196305975,-299.8081248637407,0.0,-1.0135343428822185e-06,0.5999954111027516,0.0,1.570798016031721,69.0,0.03635101132508481,0.05741149561827527,0.05454903961786699,0.2296040199597002,0.3526893850924789,0.04658041908199085,0.13443271860115,0.20494277318763043,-34.93574872939585,0.15038851293402358
69.602,-2.108614174713467,0.03328712953426871,5.478,-0.05,0.03,0.04,1.576121263266776,0.0,0.0,0.0,-2.1255211818810347,-299.95880097443205,0.0,-0.0009304771714104545,0.054214119057592186,0.0,69.532,0.11713279907426075,0.2125626528270198,-5.455011696064151,1.575416565089935,0.11502415134794391,0.2308144885442654,-5.472371838391256,0.04827674547353833,0.4437094892379454,-0.04,1.5744340983914333,-2.0000004621432685,-299.74094738666207,0.0,-1.4048425708280091e-06,0.6999905460488696,0.0,1.57079833373996,70.0,0.036359119187128114,0.05770523023848028,0.05443640723312824,0.2300801124291373,0.35287523636720475,0.04672851432532147,0.13457604823715968,0.205367258964188,-34.92641059334771,0.15069443566374058
69.701,-2.117703030650876,0.03328712771397058,5.474,-0.03,0.07,0.04,1.575310588875089,0.0,0.0,0.0,-2.1323736319598954,-299.95122868542444,0.0,-0.001639677932754392,0.09794795460427454,0.0,69.631,0.12200811356836737,0.2842868931531263,-5.424481350080203,1.5723257036239546,0.12203898531336654,0.3107301599655564,-5.4672643407670165,0.028666530204896845,0.5338876740761331,-0.04,1.5730044653032125,-2.0000006472776843,-299.6638201963769,0.0,-1.8597465836256775e-06,0.7999886736762581,0.0,1.5707986515110393,70.0,0.03627861621795193,0.056674023332263346,0.05406712688983796,0.22848011820831177,0.35215565168040264,0.04607156426729519,0.13412617750165196,0.20378052507765057,-35.01392083145171,0.14959914845944078
69.8,-2.1177030337142044,0.04438291990111409,5.471,-0.02,0.13,0.03,1.5749312220749,0.0,0.0,0.0,-2.136536340674938,-299.9413308511479,0.0,-0.0024354799330808725,0.1469397858889818,0.0,69.73,0.1332078210258761,0.3494815926465333,-5.412206596301282,1.5842501244813159,0.12778788057803972,0.38996547799738834,-5.460710125732794,0.014900088253364085,0.5925022252608545,-0.03,1.577854889204671,-2.000000811961644,-299.5946315666365,0.0,-2.182989447724427e-06,0.8999992653995412,0.0,1.5707987523407072,70.0,0.036330179049253335,0.05764964661779375,0.0541865010641422,0.22989216041298816,0.3527552183249593,0.04667883726164416,0.13454879295427308,0.20514848157087331,-34.950529219480444,0.15054202153659818
69.9,-2.12679188927956,0.06657450113168739,5.469,0.0,0.21,0.03,1.5750449058276155,-0.21694537429883665,-0.003927909266040756,0.014486930955014793,-2.1406552064479403,-299.91773693807636,0.0,-0.004137265034146554,0.24374990947919745,0.0,69.829,0.13618674775154505,0.458919725328259,-5.46208337292258,1.5920350636672973,0.13021514720854563,0.4935556533294465,-5.466692953927264,-0.013026562444285806,0.6896420252280954,-0.03,1.585275032547687,-2.0000011351549865,-299.4794542884205,0.0,-2.7433155382524725e-06,0.9999964769331317,0.0,1.5707990701200998,71.0,0.0364668126911199,0.05771533505561977,0.05425163351565705,0.22980131284008362,0.35268648950654463,0.04675364121626036,0.13455139911864966,0.20509051330278982,-34.93929868886272,0.1504570274794182
70.0,-2.1267918948513316,0.08876608581035894,5.467,0.01,0.32,0.03,1.5776586798627417,0.0,0.0,0.0,-2.142059772663529,-299.89468630065477,0.0,-0.006239014129588133,0.3248260293209893,0.0,69.928,0.14241924305828468,0.5285628926102579,-5.4016637328325805,1.5851815258122794,0.13387362317829238,0.578552222050644,-5.455919679065438,-0.025960840591258708,0.6961448739739506,-0.03,1.586502284269218,-2.0000014082279987,-299.3942770782939,0.0,-3.3672455376900676e-06,1.0999943851225102,0.0,1.570799387942829,72.0,0.03661487116916411,0.05722453857525525,0.054302579864066336,0.2288708592905054,0.3522612130327775,0.046490890329579926,0.13430368760698433,0.20423278261394834,-34.96158509026923,0.14981216622085033
70.1,-2.126791904717832,0.1331492542150574,5.465,0.02,0.44,0.03,1.5809180811655263,0.0,0.0,0.0,-2.1424494281455604,-299.8557205671875,0.0,-0.010091684679291259,0.4456662575025986,0.0,70.027,0.14578146435706385,0.6105304808342713,-5.378856008476947,1.5881046495880549,0.13553014543671804,0.6672284727366102,-5.4460584516983275,-0.037557345804538914,0.707958100862867,-0.03,1.5860895478489099,-2.0000017886964243,-299.27909949903386,0.0,-4.054679931560715e-06,1.199988439698787,0.0,1.5707997057273908,73.0,0.036731799916334906,0.05663497107366005,0.05401901787290825,0.22825687494015515,0.3520558583132709,0.04605811797258206,0.13406394172571118,0.20361381839791223,-35.01182545927065,0.14945181631521548
70.2,-2.126791915539058,0.17753242321298668,5.463,0.04,0.58,0.03,1.5830834536489586,0.0,0.0,0.0,-2.1414918275793546,-299.8035025781788,0.0,-0.014632309887546291,0.5864856995229619,0.0,70.126,0.14648821781505322,0.7042597225999749,-5.425779573850651,1.583823715852665,0.1354191911535223,0.7562681698635738,-5.445146797354582,-0.05868999490429977,0.7106814499680508,-0.03,1.5852760333818365,-2.0000022411629566,-299.1539222800759,0.0,-4.805763338029435e-06,1.299986263999781,0.0,1.5708000235749866,74.0,0.03695964609502002,0.05768144419978687,0.05417194205110107,0.22986953692625106,0.3527512004072399,0.04668810796957345,0.13452082296685133,0.20517680838292546,-34.93713219964003,0.15053322404889696
70.301,-2.126791934040659,0.25520296810376664,5.46,0.05,0.74,0.03,1.5842539566245415,0.0,0.0,0.0,-2.1387831912345825,-299.7207578760963,0.0,-0.020448208890091153,0.778208055197642,0.0,70.225,0.1471110878369023,0.7777176624572235,-5.410650548254071,1.577443639332076,0.13399017562009824,0.8286948685468127,-5.442004513159633,-0.06294079094579373,0.6639981296543427,-0.03,1.580013165642346,-2.0000028538312433,-298.9907338939988,0.0,-5.3166773871574055e-06,1.3999994326679868,0.0,1.5708001244231407,76.0,0.0372199797475904,0.05799322884919468,0.054300079071058105,0.2302064677408318,0.352868066879201,0.04690345338853381,0.13463918912510844,0.20553557567270125,-34.90441104059134,0.15073424809124755
70.4,-2.126791948675155,0.33287351221595385,5.459,0.06,0.92,0.03,1.5841434244674184,0.0,0.0,0.0,-2.136140582317596,-299.6521706757473,0.0,-0.023863250051424225,0.9173772909386462,0.0,70.324,0.14231734053741588,0.8461851585822021,-5.404200364637279,1.572388166606848,0.13162700892611862,0.8917156168820966,-5.436528344117349,-0.06468340305328471,0.5899454568560117,-0.03,1.57389802031178,-2.0000033457834667,-298.87355652716866,0.0,-6.173207548512812e-06,1.499995707565683,0.0,1.5708004422783726,76.0,0.037202907615085025,0.05672861896349917,0.053988208388363726,0.2283410214073622,0.3520709818384351,0.04609608212973954,0.13408162794136666,0.20371324923866374,-35.00139805201605,0.14949077766054505
70.5,-2.1177031183207276,0.43273564313508395,5.457,0.07,1.1,0.03,1.5820223345097637,0.0,0.0,0.0,-2.131983312411099,-299.5502766717149,0.0,-0.026246843099291674,1.1000990071142493,0.0,70.423,0.14213106913933593,0.9198920365394498,-5.438713305920179,1.5787586373640825,0.128070287146839,0.9536729120530283,-5.4373718295070805,-0.07493210983395508,0.5389868326312237,-0.03,1.5738055608217936,-2.0000040332256477,-298.71837939032105,0.0,-7.093386983929443e-06,1.5999943906069014,0.0,1.5708007601773044,77.0,0.0374005354250833,0.05700818290678964,0.05395264138873306,0.2288516621702743,0.35230465832537716,0.04622751512016255,0.13420140028924787,0.20419827503087604,-34.98415751616086,0.14984361897885118
70.602,-2.117703147076443,0.554789356463433,5.456,0.08,1.29,0.03,1.579816576154206,-0.030970975411795075,-0.012013054774898203,-0.02055395715586231,-2.125786178821563,-299.4033869984337,0.0,-0.027429632705001216,1.3265785629490343,0.0,70.522,0.13654857606415433,0.9519633208655296,-5.406679545761361,1.582445370801449,0.12142629671251079,0.9882366521766723,-5.440037670721699,-0.09436230601323478,0.4273399353719056,-0.03,1.5791592437051676,-2.0000049596259224,-298.51920200979714,0.0,-8.077068895367044e-06,1.6999905463950735,0.0,1.5708010780383153,80.0,0.03779457503761973,0.05737848160026861,0.053972787227056965,0.22940218752476454,0.35254041213672616,0.04642445384335364,0.13434289498661178,0.20474713099280123,-34.947799357779004,0.15020765655946755
70.701,-2.1086143214362414,0.6879388637848347,5.455,0.09,1.48,0.03,1.5793495309215526,0.0,0.0,0.0,-2.119700987231242,-299.26007012589633,0.0,-0.030667020497888678,1.5170798968375026,0.0,70.621,0.13320104200441343,0.9688164689983979,-5.451156541520808,1.5768759692585372,0.11649349513828267,0.9976532373217335,-5.443965494823805,-0.09885562207087892,0.27571188675215375,-0.03,1.5758401765521692,-2.0000058460487735,-298.3420748294318,0.0,-9.124442875392635e-06,1.7999887793112748,0.0,1.570801395961427,80.0,0.037854922964576626,0.05698671755137614,0.05391237644838675,0.22876931832299688,0.3522569973184888,0.04628926224456354,0.13423765882004468,0.2041698635146861,-34.97112905553225,0.14977710891611962
70.801,-2.0995255051410706,0.8543757476048692,5.456,0.1,1.66,0.03,1.5802083295446379,0.053286804425093294,-0.011301117430990947,-0.0046661963723501915,-2.1129325584948018,-299.0977457831856,0.0,-0.034482515711914526,1.7055200699440236,0.0,70.72,0.12507079426677334,1.0421077674586015,-5.464519515622499,1.5756151533941958,0.10893457463155798,1.048444758009855,-5.445920117726175,-0.1108404556452122,0.27149543543854726,-0.03,1.5764087355142915,-2.000006806439343,-298.15493620714454,0.0,-9.823060016730605e-06,1.899999451322091,0.0,1.5708014968279773,81.0,0.03794101624719671,0.056825886249238886,0.05382173640475064,0.22856973057146995,0.35217587904561076,0.046129847053733915,0.1341339179607726,0.20395732362327512,-34.99002251181056,0.14964763732290692
70.9,-2.099525543971403,1.0208126292230324,5.457,0.1,1.85,0.03,1.5796124786746246,0.0,0.0,0.0,-2.107132393721679,-298.9544312029418,0.0,-0.0359593560920551,1.8537810886270056,0.0,70.819,0.12137500049159251,1.036381595865201,-5.429048479351715,1.577884208268031,0.10311858568168,1.0358766342133994,-5.441522077957657,-0.11320722754135487,0.10891546018976994,-0.03,1.5775383366973001,-2.0000076746738173,-297.9978088329321,0.0,-1.0975906535649938e-05,1.9999956478520997,0.0,1.5708018147601066,81.0,0.03802915654189535,0.05698750107482667,0.05387234344105096,0.22874660503632363,0.35224160943662675,0.046217697390891384,0.13418114703937944,0.20413583792094042,-34.9792047442039,0.1497585033839066
71.0,-2.0904367402315067,1.2205368902556555,5.46,0.1,2.02,0.03,1.5797205540027954,0.0,0.0,0.0,-2.0995074136862746,-298.7588386298738,0.0,-0.03793478675378743,2.034772001601965,0.0,70.918,0.1111776195674468,1.0586472603746762,-5.405982277057053,1.5757120967371003,0.0966047337526526,1.040811635342625,-5.436941845038987,-0.11196603800780965,0.042754502833922015,-0.03,1.5765972613068098,-2.000008858927715,-297.79263169970466,0.0,-1.219244329524037e-05,2.099994368757788,0.0,1.5708021327358441,82.0,0.03787621131463517,0.05612488754082037,0.05375108084583693,0.22733794448638203,0.3515879162197381,0.04568016340480953,0.13378334719166982,0.20275505422664422,-35.04774058729273,0.14877295391924453
71.1,-2.08134793327657,1.431356942142399,5.464,0.1,2.19,0.04,1.5794627890598514,0.0,0.0,0.0,-2.0915703470554954,-298.5455016799579,0.0,-0.03967194953143222,2.209093857917852,0.0,71.017,0.10895650808350106,1.0448305320819986,-5.387229050047185,1.585632052229513,0.09016021963596552,1.0276872850977294,-5.4365469890022595,-0.11679802896575542,-0.05029165551702075,-0.04,1.5786467817048582,-2.0000101442465144,-297.5774541214484,0.0,-1.3472461089010383e-05,2.1999884337070976,0.0,1.5708024506730418,83.0,0.03788129118764479,0.05599689324517538,0.05377355173314982,0.22707892381121186,0.35143782487618563,0.04559733916065956,0.13371540387242356,0.20249454810541273,-35.06234038548679,0.14856690451037227
71.2,-2.072259127218492,1.6532727873817372,5.469,0.1,2.36,0.04,1.579931655959461,0.09809773389102938,-0.009176955668698668,0.0002267531272268881,-2.0817692425909406,-298.2672053910865,0.0,-0.04211281310808052,2.406150242059854,0.0,71.116,0.09573280000537321,1.0375119938000055,-5.370490183902277,1.5794614296757616,0.08043900141144361,1.0108428191970997,-5.43067635860451,-0.11731905321242864,-0.1311424402300121,-0.04,1.5785665427882474,-2.000011857575885,-297.30627713946956,0.0,-1.4816248056043147e-05,2.299988763425705,0.0,1.570802768673349,84.0,0.03835144798535172,0.056468141968443526,0.05368251534938479,0.22807064193997229,0.351966276543689,0.04582901815391696,0.13394841116073467,0.20348025037055525,-35.022588415350555,0.14931409713143073
71.3,-2.063170331207246,1.8973802184813364,5.472,0.1,2.51,0.04,1.580155692124043,0.0,0.0,0.0,-2.0734986987119854,-298.0178763818045,0.0,-0.04436260135928001,2.5591483323839848,0.0,71.215,0.08554947095422369,1.0285045248034552,-5.420697691040537,1.5797274269843262,0.0717731434986151,0.9929499669917852,-5.433430558225744,-0.11651420421535416,-0.18101191277728468,-0.04,1.5778869287372084,-2.0000134004779553,-297.0690885169317,0.0,-1.5702633656141582e-05,2.3999994320160676,0.0,1.5708028695604683,85.0,0.03864347698809185,0.0568038041936902,0.05377680907198582,0.22846811894263486,0.3521305771801674,0.046045263543410785,0.1340716938660635,0.20390094582789048,-34.990651788566566,0.14957577383768603
71.4,-2.063170389350456,2.152583437226202,5.472,0.1,2.65,0.04,1.580417423569832,0.0,0.0,0.0,-2.0668981261270685,-297.80774150488423,0.0,-0.04531749496774918,2.674517840787976,0.0,71.314,0.0787446243968024,1.0189007236758576,-5.444114581825213,1.5789414048553119,0.06294905906336686,0.9824719155929647,-5.434109908836369,-0.12013615864492488,-0.18980108170086618,-0.04,1.578980912549276,-2.00001475641695,-296.8719111501399,0.0,-1.7151904641682137e-05,2.499995707269524,0.0,1.5708031875685338,86.0,0.03900325389991607,0.057180429187605436,0.053863398633864946,0.2290202907299768,0.3523756952139223,0.04627571275429822,0.13422398065185526,0.20446856372573682,-34.95754148349299,0.14995272282301716
71.5,-2.0540815949174496,2.4188824505071045,5.471,0.1,2.78,0.05,1.5803549131986239,0.057888976666588744,-0.013126362277561792,-0.0005503129320613006,-2.0571705918602263,-297.47583143871907,0.0,-0.04677407257302971,2.837791790895415,0.0,71.413,0.072238837378467,0.993210878225573,-5.4355503301813455,1.5890196546098492,0.05301841399488373,0.9622054686907495,-5.437799775423121,-0.133007912496138,-0.20969200542368105,-0.05,1.5836376276124815,-2.000016948053693,-296.56473410992794,0.0,-1.8664912616458305e-05,2.599995411951803,0.0,1.5708035056201093,87.0,0.03920669752715531,0.0566514476779473,0.05373979809359039,0.2282282900128327,0.3520378970205366,0.04593033202122405,0.13397806078164518,0.2037130670253466,-34.99400936915262,0.14942739826526313
71.6,-2.044992800708118,2.7073730422000617,5.468,0.09,2.91,0.05,1.5815455616128185,0.0,0.0,0.0,-2.0509074062960244,-297.24395052652767,0.0,-0.05019641243037205,2.941512889940954,0.0,71.512,0.06339849504267779,0.957878876439319,-5.4140937230559985,1.5804730302400458,0.045933912325446996,0.9297755761541207,-5.4398594085880205,-0.12040721311474406,-0.2554514935337826,-0.05,1.582250584729912,-2.0000185185533725,-296.35155643375776,0.0,-2.0241378043821208e-05,2.6999884416664686,0.0,1.5708038236336723,88.0,0.03942114812850359,0.056597771591757925,0.05374683112510126,0.2281240876579294,0.3519818963436354,0.04588822689966803,0.13393948900818212,0.2036234273321051,-34.99527755045219,0.14934900030547324
71.705,-2.0359040118054095,3.006959431032147,5.465,0.08,3.03,0.05,1.582524196305547,0.06371839327314903,-0.009346360935966646,0.0020601791493421897,-2.042056217784856,-296.8809399662168,0.0,-0.05569038855663059,3.09042010569241,0.0,71.611,0.05216923049648923,0.9304877438014435,-5.386671006352384,1.5836172790468692,0.03742440270570142,0.8896653964911323,-5.4356161937140595,-0.11236136085555107,-0.29164080986957464,-0.05,1.5826135692394996,-2.000021061136468,-296.02037945125045,0.0,-2.188167516974282e-05,2.799988765809593,0.0,1.5708041417102407,94.0,0.040128062649091564,0.05761643673589559,0.05389789003579998,0.2297848281631555,0.3527311243408858,0.046490732092028315,0.13439258644616592,0.20527796653932134,-34.8999158509285,0.15047889655836613
71.8,-2.0359040823441226,3.317641608692929,5.462,0.08,3.15,0.05,1.5830817921694855,0.07585282175003039,-0.005471780070449155,-0.0016417473481579598,-2.0353158414159154,-296.56519307107396,0.0,-0.05828850628416924,3.2072244159205914,0.0,71.71,0.047135289266579124,0.9030227292292142,-5.405626475771071,1.589716510317666,0.03163851660312554,0.8612569657858931,-5.437933078955837,-0.11561077436306826,-0.3064585712628425,-0.05,1.5833190607713805,-2.0000233235687896,-295.73319082859405,0.0,-2.295587921100659e-05,2.8999994328896936,0.0,1.570804242616862,90.0,0.0398697076306421,0.05672586030978742,0.0537159855315126,0.22835831428164322,0.35209039419001376,0.04593301945842126,0.13398271177909382,0.20386919863074052,-34.982634949403725,0.14951207644509734
71.9,-2.0268152952637495,3.6394195809296948,5.46,0.07,3.26,0.05,1.583384957225297,0.0,0.0,0.0,-2.0304026888945765,-296.3044451487386,0.0,-0.06045243516922599,3.2953640118396654,0.0,71.809,0.03983975905467868,0.86110167024667,-5.426547723145593,1.594200479826635,0.02231084617552182,0.818340956688506,-5.436617009167719,-0.12554633957133007,-0.33886440841367804,-0.05,1.5898093593706861,-2.000025276331923,-295.4960134617594,0.0,-2.4701683809171087e-05,2.999995707665565,0.0,1.5708045607012804,91.0,0.03998417131649569,0.05652491756949268,0.05373060319679717,0.22802079717381168,0.35192612304839743,0.045803642582073936,0.13388218951251918,0.20354867235210528,-34.99606163863725,0.14926992820151264
72.0,-2.0268153670217077,3.972293337438399,5.458,0.06,3.36,0.05,1.5851827674221735,0.0,0.0,0.0,-2.0239523843587492,-295.9006395656561,0.0,-0.06873247001388531,3.4182026570209207,0.0,71.908,0.03603911437594607,0.8076881566427232,-5.3423775762342265,1.5860770372177135,0.018229787778865726,0.7665578835244944,-5.424039401629138,-0.11267124622790609,-0.3784155785364658,-0.05,1.5884600118557402,-2.0000283964148484,-295.1288364215269,0.0,-2.6511267218353914e-05,3.0999954120644175,0.0,1.5708048788292366,92.0,0.04024718407898213,0.05655698865490292,0.05365511389528354,0.2281648183352177,0.3520159305332604,0.04579504039787631,0.13390003827400923,0.2036982056890785,-34.992239450940666,0.149390776035077
72.1,-2.01772658508555,4.3051671007193875,5.453,0.05,3.45,0.05,1.586828931295548,0.0,0.0,0.0,-2.020355398131939,-295.6235649882278,0.0,-0.07479068755465058,3.4935695173990533,0.0,72.007,0.02818139052463238,0.7794872797864099,-5.373735470061611,1.581914220856401,0.014016445184378851,0.7322726340211865,-5.418709954914796,-0.09371678099474215,-0.3580469247350666,-0.05,1.5849342736414318,-2.000030605809377,-294.87565874534306,0.0,-2.8384295191497837e-05,3.19998844171475,0.0,1.5708051969191823,93.0,0.04048595232650247,0.05657124434777512,0.053606921132832094,0.22819271095312046,0.35202737493907776,0.04578806368676733,0.1338989668397537,0.20373378615175053,-34.99042110867296,0.1494101073586788
72.2,-2.017726661440269,4.66023243797165,5.447,0.04,3.54,0.04,1.5868797964092831,0.06799704986046395,0.004542852197886237,-0.012878076196968426,-2.0161167165139835,-295.1972095063285,0.0,-0.07734812873844468,3.5971110012597176,0.0,72.106,0.02639835593167365,0.7500676293763141,-5.437066662095984,1.5873434698832412,0.012194203978978656,0.7044804130224125,-5.424237697028827,-0.08533706506030603,-0.3246926969779653,-0.04,1.5848957756175548,-2.000034142531777,-294.48448176283887,0.0,-3.0321211514467816e-05,3.2999887658303755,0.0,1.5708055150720894,94.0,0.040738365197966336,0.05645032170997544,0.053566755587522205,0.2279678996596645,0.35191347770765713,0.04570295808570279,0.13383024907642174,0.20352740553751306,-34.99791541973874,0.14924640236177467
72.3,-2.0177267376807873,5.015297775129349,5.439,0.03,3.62,0.04,1.5865108715978005,0.0,0.0,0.0,-2.014055189839085,-294.9063676347035,0.0,-0.07757278601845055,3.660988705856225,0.0,72.238,0.02219562763834317,0.7162522736216753,-5.378160409695854,1.5894233778332716,0.008542856539072607,0.6815201413670711,-5.419413472444747,-0.08556106179502863,-0.28108667000556853,-0.04,1.5874352535287584,-2.000036629084024,-294.21539313339866,0.0,-3.158328356413398e-05,3.399999359629999,0.0,1.5708056159976942,62.0,0.04126047921619546,0.05694292569012551,0.053752599378603015,0.2285999171245111,0.35216550274250774,0.04600667575067305,0.13401228153713685,0.20418863511889085,-34.95114217183038,0.1496511953576445
72.4,-2.0177268200806777,5.381458910789586,5.434,0.02,3.69,0.04,1.5866690977152924,0.0,0.0,0.0,-2.012300017389296,-294.53584164116796,0.0,-0.07947442934732207,3.7373981569217225,0.0,72.337,0.02108040076946463,0.6920810274646291,-5.347729826045681,1.5917836108146088,0.00505741542637279,0.6576548705963705,-5.408651457421946,-0.09188298932008401,-0.24066800455459703,-0.04,1.591632994893593,-2.000039918882395,-293.8703157803071,0.0,-3.362572584250361e-05,3.4999957825517516,0.0,1.5708059341567138,63.0,0.04146275418231448,0.056634619789563044,0.05370669192980254,0.22815646050200497,0.35198228836949064,0.04580108136675968,0.13386841409426428,0.20377644204223827,-34.97036687426622,0.14936164954179865
72.5,-2.0177269011382992,5.758715829440702,5.429,0.01,3.77,0.04,1.5879393881794555,0.0,0.0,0.0,-2.0114457848042937,-294.1577873165032,0.0,-0.08565165047785603,3.812115764738372,0.0,72.436,0.01879289151422811,0.652187593777058,-5.328214217023276,1.5940329481758715,0.003108499185701402,0.630534827553088,-5.401146744217229,-0.08768615180456786,-0.22498636528388172,-0.04,1.592707023787777,-2.0000434170915833,-293.51518864145606,0.0,-3.573197772331733e-05,3.599994445313754,0.0,1.5708062523595787,64.0,0.041743636555018886,0.05638743656412824,0.05364046444935362,0.22781825690484092,0.3518373383479778,0.04562240540554842,0.1337508308054831,0.20346073307254817,-34.98573839421427,0.1491367946851551
72.6,-2.017726988432815,6.147068547512292,5.422,0.0,3.84,0.04,1.589611127102051,0.005959371258950593,-0.003759322959324636,0.014340301767601408,-2.011645362104875,-293.6943002535619,0.0,-0.09603538818960915,3.900924465235704,0.0,72.502,0.016046813585811268,0.6506268200264512,-5.3841279332377034,1.5767437455213604,0.00624097663645664,0.615947628723883,-5.4005108633724515,-0.05240642636522178,-0.1713380519112353,-0.04,1.585080243626779,-2.000047848269786,-293.07601125730264,0.0,-3.7901705824835104e-05,3.699990562771031,0.0,1.570806570525301,98.0,0.04198496312979586,0.05641267516801033,0.05358817959063492,0.2279214781210384,0.35189696803178794,0.045613172821718846,0.13376184369474511,0.2035692887027855,-34.983598645459296,0.14921893818065438
72.7,-2.0177270722111618,6.535421256547924,5.415,0.0,3.91,0.03,1.589196248972092,0.0,0.0,0.0,-2.012520767777341,-293.3793797757968,0.0,-0.09657502617961862,3.9604097745670153,0.0,72.634,0.01963997061512897,0.6191694618400648,-5.316449957366391,1.5963319975323709,0.006560339123968686,0.597107067764935,-5.3949151520513965,-0.05609366454825192,-0.14002073663632908,-0.03,1.5856742668930572,-2.000050982621766,-292.7748338383027,0.0,-4.013530126968675e-05,3.7999862720552824,0.0,1.5708068887544393,66.0,0.042439756724228096,0.056590184389860194,0.053575898803969575,0.22819414741611305,0.35201979660202926,0.04568824281527406,0.133819961298002,0.2038596625407902,-34.966063975982756,0.14940610839484184
72.806,-2.017727156340444,6.923773963401928,5.409,-0.01,3.99,0.03,1.587961345040474,-0.009362833679211468,0.009370844408891507,-0.008385085447620183,-2.014837904124746,-292.8980832216987,0.0,-0.09336854127328215,4.050272789378004,0.0,72.733,0.02249617850151256,0.5904020406029507,-5.350034568873667,1.57867822836584,0.012803759836973301,0.5759643318315448,-5.3919138204498775,-0.023703031987160526,-0.12137103248051195,-0.03,1.5795079865734787,-2.000055898734751,-292.3116954538058,0.0,-4.1585322250111967e-05,3.899999456615026,0.0,1.570806989699523,73.0,0.04370452053171088,0.05794835452831672,0.05386539311314213,0.23026418779424807,0.3529224819128306,0.04651925358174997,0.1344065897555846,0.2059746242262657,-34.83169512413607,0.15079010751430885
72.901,-2.017727248390934,7.334318263579753,5.402,-0.02,4.06,0.03,1.5861329949137306,-0.0010149858989891745,0.020835727158808937,-0.029262847112775693,-2.0175331306600546,-292.48876239072297,0.0,-0.08760455739781756,4.125878017445551,0.0,72.832,0.019382118439446667,0.5884845800865479,-5.347083605752339,1.5843679911106867,0.012751895527778036,0.570932179228443,-5.389608429592718,-0.018048494549347493,-0.0751176713822459,-0.03,1.5803442469597928,-2.000060253391878,-291.9145181594253,0.0,-4.3924527490029705e-05,3.9999964982408343,0.0,1.570807307936382,69.0,0.05077778307318665,0.06772569937416577,0.055928837522772,0.24489000478216716,0.359235252489959,0.052422642064096865,0.13852983359523913,0.22125291774683567,-34.009558118806936,0.16105892978821662
73.0,-2.0177273373903897,7.744862551875089,5.398,-0.02,4.14,0.03,1.5840579737585523,0.0,0.0,0.0,-2.0200712116786934,-292.1558664518651,0.0,-0.08263459808966053,4.18678668326894,0.0,72.931,0.024200468840884493,0.581236897758461,-5.32887784362177,1.5865659829595422,0.016588763355045805,0.5655337730194838,-5.381113282830045,-0.019412743674183126,-0.04193913514952108,-0.03,1.5804134432520756,-2.0000639219759266,-291.5892909545334,0.0,-4.632756612585651e-05,4.099994462032975,0.0,1.5708076262165307,69.0,0.04474278161443568,0.05766577962838529,0.05505097445685643,0.22869563373548238,0.35206849517618316,0.04644418635915565,0.13402078031598277,0.20473041862376093,-34.766925372096246,0.14958906002459477
73.1,-2.017727431659791,8.166502642689728,5.396,-0.02,4.22,0.03,1.582934538894568,0.0,0.0,0.0,-2.0235765910840358,-291.7328691559885,0.0,-0.07972653920020005,4.263925267823556,0.0,73.03,0.030104420821082264,0.560597741879118,-5.3632713011367725,1.581813235636843,0.019834521953732295,0.5567684438282301,-5.3843451869492895,-0.020174809234299224,-0.023654442319905655,-0.03,1.5803697952609204,-2.0000686655090347,-291.17411337065744,0.0,-4.879405377868701e-05,4.199988467854072,0.0,1.5708079444586474,70.0,0.044123247955894396,0.05671174214200499,0.0545337808721519,0.2283495668456764,0.3521565959368362,0.045768480149340846,0.13381112372566242,0.20429497931150375,-34.88063275200878,0.14955680415105344
73.2,-2.0268163878030645,8.588142731710969,5.395,-0.03,4.3,0.02,1.5822102344271283,0.0,0.0,0.0,-2.0273428013235884,-291.3020842865727,0.0,-0.07867435185293763,4.342612854403968,0.0,73.129,0.030905669417305055,0.5575752390419121,-5.338876917116655,1.5816748305218593,0.0248017740301369,0.5564353318166713,-5.3800767577615805,-0.006742060861482227,0.008607293542840289,-0.02,1.5793237157563418,-2.0000736586203347,-290.7489361500218,0.0,-5.1324503924152364e-05,4.299986274300393,0.0,1.570808262764141,71.0,0.044226621692220996,0.056596931358493315,0.05416548441380596,0.22855917770075482,0.3522846413594573,0.04561752744185673,0.13381606422320863,0.20442457051039223,-34.91250868665572,0.14973087048752287
73.3,-2.026816487885138,9.031974406353562,5.394,-0.03,4.38,0.03,1.5813449705627303,0.0,0.0,0.0,-2.0312786789408035,-290.8633542328487,0.0,-0.07755326962670131,4.4227930164902105,0.0,73.228,0.03616834037416261,0.5637100226863221,-5.358136483175317,1.583235440494701,0.02782036428089211,0.5623671147853502,-5.378339833418755,-0.00941271978785612,0.0496524778382339,-0.03,1.579693566476286,-2.000078871959252,-290.31374775141524,0.0,-5.296250190789002e-05,4.399999310126427,0.0,1.570808363729035,72.0,0.04455020564941174,0.05662106919990544,0.05393199627070987,0.22859114584754678,0.35225814385581294,0.04559058664225574,0.13381673451567086,0.2044244584219488,-34.920535681870085,0.1497210732092738
73.4,-2.026816587828558,9.475806080311305,5.392,-0.03,4.46,0.03,1.5807757760074477,0.0,0.0,0.0,-2.0352873083942375,-290.4165130959374,0.0,-0.07722531235355796,4.504917514812521,0.0,73.327,0.04039785372032367,0.5678808746990015,-5.356057653070726,1.5797838025230746,0.03363134224794358,0.5657483099560243,-5.37748325763093,-0.005137722360002331,0.0769558675069506,-0.03,1.578540951356467,-2.0000843341233554,-289.86857039633566,0.0,-5.559856172969021e-05,4.49999570894902,0.0,1.5708086820426175,73.0,0.04499547778411748,0.05682376366682285,0.05384890072526215,0.22876315793351812,0.3522854664787183,0.0456993787586494,0.13387389934757277,0.20460152371289753,-34.905993294740156,0.14979889406976216
73.5,-2.0359055564261035,9.930733544388293,5.39,-0.03,4.55,0.03,1.5802544728529198,0.0,0.0,0.0,-2.039273684410044,-289.9613139565694,0.0,-0.07733634703423828,4.589770698132605,0.0,73.426,0.041274399744220404,0.5533174217760213,-5.300071067847674,1.5808590167734689,0.03694853550753498,0.5616512410940016,-5.368232538828098,-0.0049045637007075,0.06942389620570832,-0.03,1.5783522255887503,-2.000090063443159,-289.4133932594389,0.0,-5.829851124240135e-05,4.599994391111291,0.0,1.5708090003997497,74.0,0.045205315665300734,0.05651070670438521,0.05372113757640267,0.22814607743159854,0.3519801315768946,0.045493913010350134,0.13370038175064203,0.20400907503270502,-34.92989320059837,0.1493546980027623
73.601,-2.0359056559616935,10.38566099327199,5.389,-0.02,4.63,0.03,1.5796869742360453,0.0,0.0,0.0,-2.043906368390314,-289.40366860547863,0.0,-0.07720965441542725,4.694779883720802,0.0,73.525,0.05000720313712576,0.5460644240030451,-5.319625816200724,1.5896959703366422,0.038905103317595155,0.5531224560051831,-5.362511724217157,-0.032452925380766676,0.06205437912147893,-0.03,1.5819749569330712,-2.0000972375983657,-288.8541658776948,0.0,-6.106192060797202e-05,4.699990533176129,0.0,1.5708093187190661,76.0,0.04576789608253896,0.056924181973834136,0.053741064243153336,0.22874692071064873,0.3522454393149532,0.04573744689047681,0.1338675668291981,0.20463760754081622,-34.891058432480676,0.14976045563338194
73.7,-2.04499462858083,10.862780039611842,5.387,-0.02,4.72,0.03,1.57985101087508,0.0,0.0,0.0,-2.0468546101234812,-289.0248428623084,0.0,-0.07978622483725614,4.765653941657654,0.0,73.624,0.053805957417473696,0.5622014525735222,-5.316805699087164,1.5837237002546944,0.04119828470011552,0.5624351400255589,-5.357212051428119,-0.040034993477930256,0.09048109437526985,-0.03,1.5832757183041877,-2.000102247148908,-288.47298846028065,0.0,-6.388928814476873e-05,4.799986258822909,0.0,1.5708096371013633,76.0,0.04589602850587496,0.05662861205261275,0.053645498719701576,0.22824951541966818,0.3520251973362454,0.045548895811393396,0.13372074867529854,0.2041666060533583,-34.91480491084717,0.14942624366955393
73.8,-2.0449947368170207,11.339899087487648,5.386,-0.02,4.81,0.03,1.5809560502555706,0.0,0.0,0.0,-2.050388201428397,-288.5433055053671,0.0,-0.08744538960038843,4.854568531640205,0.0,73.723,0.05585102761958776,0.5588420421809007,-5.315460410315723,1.5781583614386914,0.04779567432246949,0.5637751682813024,-5.350943470911808,-0.01851474221785814,0.09373759267388859,-0.03,1.5786503258222893,-2.0001087261573853,-287.98780006261313,0.0,-6.571531680934753e-05,4.899999304463294,0.0,1.5708097380859443,77.0,0.04618329115512813,0.05653091666328743,0.05359327387448069,0.2280922113358972,0.3519588502571976,0.04546309449768317,0.13365560284336522,0.20403268220449267,-34.92047192776143,0.1493228584370173
73.9,-2.0449948482512994,11.828113926804054,5.384,-0.02,4.9,0.03,1.580932905958269,-0.01160581104423969,0.013002497506976811,-0.011194276154499604,-2.0537808797955206,-288.0528170505853,0.0,-0.09103668906139878,4.944426629275725,0.0,73.822,0.06110166321169732,0.5646138832347921,-5.351181482727582,1.5787008837797922,0.05351825022679757,0.5669742341547175,-5.3488090548546765,-0.00878411132987435,0.10160343598663069,-0.03,1.5765512399803026,-2.000115480179979,-287.4926227078894,0.0,-6.864834606240713e-05,4.999995706874179,0.0,1.5708100564758969,78.0,0.04663788542559623,0.05665819316883498,0.053610045958031115,0.22827480311510664,0.3520413336570368,0.04555123530366754,0.13371161143565227,0.20425547664842506,-34.90300001546741,0.14944846351629662
74.002,-2.0540838280826836,12.32742455555375,5.38,-0.02,5.0,0.03,1.5797432903808095,-0.011096678255452217,0.014096181354100219,-0.015603555977808088,-2.0575917261044747,-287.45226113381875,0.0,-0.08724439497996478,5.053944358929269,0.0,73.921,0.06324225728632693,0.5776022480139642,-5.276136568684188,1.5821184092752794,0.054777191352397614,0.5842766689859427,-5.342783149021841,-0.02058985578568172,0.13440472297891848,-0.03,1.578701626909397,13.12584999976903,1.2400211150263188e-11,0.0,5.099999999999305,6.221605809763137e-12,0.0,1.2199227077968597e-12,81.0,0.04742069148053965,0.05704549174026403,0.053700129117951426,0.22884127485650957,0.3522873649241487,0.04575328708665665,0.1338448344785701,0.20486913353464842,-34.85886631959272,0.14982453205386137
74.1,-2.054083939149976,12.826735165461677,5.374,-0.01,5.09,0.04,1.5791343711924295,0.0,0.0,0.0,-2.0598899208340105,-287.0445228186839,0.0,-0.08702167851576538,5.128350647068709,0.0,74.02,0.06699050905389684,0.5876456488064887,-5.31905722260527,1.5820892533406117,0.056063639158434195,0.595565892619538,-5.338252392114271,-0.03965038748222447,0.150106092301324,-0.04,1.5802711162107312,-2.0001298277693182,-286.4723179938259,0.0,-7.470568596728678e-05,5.199988464888001,0.0,1.5708106933048354,80.0,0.047434535172104414,0.05662426208959547,0.053605778624643066,0.22818839369479899,0.35200182372652217,0.04546026465350476,0.1336337157799831,0.2042297542654812,-34.89607203079028,0.1493892265475792
74.2,-2.0540840547529005,13.348237357485445,5.368,-0.01,5.19,0.03,1.5794104673576097,0.0,0.0,0.0,-2.0624329517916973,-286.5263549452819,0.0,-0.09038067915387432,5.223807790379581,0.0,74.119,0.06936433593805685,0.5929252572745541,-5.307594351316763,1.5749344440017339,0.06177694414862263,0.6026657948057963,-5.336815115994122,-0.01807317839824641,0.14947910711914858,-0.03,1.57605394072382,-2.0001374343066938,-285.94714077339506,0.0,-7.783013071223095e-05,5.29998627321174,0.0,1.570811011763252,81.0,0.047786118457381774,0.056680206975485266,0.053629323058846164,0.22829039013517494,0.35204743876134076,0.045470998250108904,0.13364561951532486,0.20435492793574359,-34.88852762243284,0.14945481548250658
74.301,-2.054084173684436,13.86973956807176,5.364,-0.01,5.29,0.03,1.5789222131159644,-0.024247284551078316,0.01271455415181943,-0.01292737062343765,-2.06500395496782,-285.89168450526523,0.0,-0.09147823741598922,5.342359067242786,0.0,74.218,0.07317875993691349,0.5997512634493973,-5.285562865175517,1.5766069704989942,0.06754311784867414,0.6101889768111237,-5.33283108715626,-0.005992651638792689,0.15028465984144201,-0.03,1.5737359901712162,-2.000146913342666,-285.30395238677005,0.0,-7.984423742359773e-05,5.39999943543076,0.0,1.5708111127663347,83.0,0.047633741694517936,0.05591199815983888,0.05357107024828036,0.2269741651389158,0.3514098235012244,0.04497526832635265,0.13325328113087265,0.2030503318404324,-34.94534654633472,0.1485157309402206
74.4,-2.0631731632326185,14.402337569152227,5.361,0.0,5.39,0.03,1.5775887380030493,0.0,0.0,0.0,-2.0666830212798364,-285.35176310455296,0.0,-0.08667938243997543,5.443845005940821,0.0,74.317,0.07354662996998389,0.6114064659196737,-5.300828422441427,1.5767665685996106,0.06897356246506525,0.6203805243828089,-5.330671671764344,-0.013836930842011222,0.15458718168132446,-0.03,1.5732918961968643,-2.000155161441378,-284.7567750937617,0.0,-8.307435506604873e-05,5.49999649019113,0.0,1.5708114312327282,83.0,0.04858527949603208,0.05667130126511405,0.053629758336334675,0.22832376823930203,0.3520676808378375,0.045433382733856456,0.13363418576527486,0.20445399965531952,-34.87714477030754,0.14948140094041037
74.5,-2.0631732848646642,14.94603133976561,5.358,0.0,5.49,0.03,1.5762922214951853,0.0,0.0,0.0,-2.0678207936007174,-284.801594251495,0.0,-0.08236982447367207,5.547234750474944,0.0,74.416,0.07863856035692539,0.6182970368025267,-5.261248248016256,1.5855617887697815,0.06847151070573768,0.6315235239876744,-5.325350096468199,-0.033955960864669295,0.15950325181559233,-0.03,1.5768066874355078,-2.000163737382446,-284.19959797959916,0.0,-8.636843709761065e-05,5.599995412405522,0.0,1.570811749742726,84.0,0.048810391472457165,0.056466163686045,0.053605048974685876,0.2279295098960557,0.3518784711235724,0.045248338563529084,0.13348060798053255,0.20407918800402353,-34.89093366266807,0.14920271339735214
74.6,-2.063173411885021,15.500820924671146,5.356,0.0,5.6,0.03,1.5761064575661456,-0.018897577428855037,-0.006510342434670669,0.006837503220273813,-2.0683499027626273,-284.24100403691216,0.0,-0.08512955858019153,5.652050916073234,0.0,74.515,0.07370635009270801,0.6189456328714124,-5.362839776444174,1.5882688308479067,0.06464596261306661,0.6350024206701126,-5.328590672090408,-0.059197872835269054,0.13611910295328045,-0.03,1.5811161563269325,-2.000172585963914,-283.63242050250994,0.0,-8.972594515400028e-05,5.699990546536602,0.0,1.5708120682148892,85.0,0.049381290301158474,0.056688070279662085,0.05362149149582526,0.22831360866187023,0.3520719270564266,0.04539395113730832,0.13359441711154282,0.2045171382987367,-34.86578036446876,0.14948405089200656
74.7,-2.0631735417444714,16.066706299202835,5.356,0.01,5.7,0.03,1.5774018229593079,0.0,0.0,0.0,-2.0683657885625526,-283.7849224502614,0.0,-0.0935133072674086,5.736691581569237,0.0,74.614,0.07696764907464397,0.6265228237628677,-5.293582623207575,1.578759879279723,0.06657459596648004,0.6350206817101416,-5.324470044605556,-0.05453587673803113,0.11567224538736731,-0.03,1.578454084025545,-2.0001799110314193,-283.1712430844132,0.0,-9.314751892732301e-05,5.799986264781604,0.0,1.570812386749984,86.0,0.04961122149545679,0.05663913171449259,0.053618427657478644,0.22821763606031661,0.35202900823211464,0.045341434599192376,0.13354664995456472,0.20444246577554842,-34.86604503533483,0.1494195598130662
74.8,-2.0631736738881292,16.64368746670293,5.355,0.01,5.81,0.03,1.5782651748184602,0.0,0.0,0.0,-2.0679784925707585,-283.20524164603296,0.0,-0.10199501755347173,5.842805215403616,0.0,74.713,0.07964755922476874,0.635725561497961,-5.2726575715285025,1.5696210609387755,0.07267628915853597,0.6430315173497463,-5.321808339269985,-0.012282523230746176,0.11055239525975669,-0.03,1.571181852158964,-2.0001893342524997,-282.58605468641673,0.0,-9.534975963974653e-05,5.8999993066495815,0.0,1.5708124877730045,87.0,0.04972189647318303,0.056331179672300766,0.053564706321282005,0.22772672979536648,0.35179916793919813,0.0451309916284273,0.13338750452869846,0.2039657973512109,-34.88863045608892,0.14907689610574035
74.9,-2.0540849381516306,17.23176442557982,5.356,0.02,5.91,0.03,1.5771947648052613,0.003809324682535198,0.012166380228721496,-0.028892280367000422,-2.0672077598152745,-282.61494482989013,0.0,-0.101094516316183,5.9486455334053225,0.0,74.812,0.07857819327647719,0.6469545303562387,-5.269276692055549,1.5743656816740743,0.07274299540931792,0.6527064590041871,-5.315675413134736,-0.02184743980831906,0.11938756378842363,-0.03,1.5711027326662987,-2.0001990848919835,-281.9908773315944,0.0,-9.887705306855462e-05,5.999995707682586,0.0,1.570812806315529,88.0,0.050272279451314426,0.056534247689341746,0.05354915405167569,0.22810914043768254,0.3519869328229774,0.045236460363980935,0.13348183210944356,0.2043832528215823,-34.86758007096306,0.14935196540718468
75.0,-2.054085079656356,17.853128758780656,5.356,0.02,6.02,0.03,1.5750925611380973,0.0,0.0,0.0,-2.0659881064769365,-282.0140887535717,0.0,-0.09105864199555642,6.054427691121598,0.0,74.911,0.07564298074903425,0.6369804378451496,-5.27600155493718,1.5757264115065652,0.07024909646364791,0.643327653792251,-5.3108051548859905,-0.030130480329799945,0.07360565292849142,-0.03,1.5724588024413098,-2.0002091918164147,-281.38570019482324,0.0,-0.00010246835934888546,6.099994390662469,0.0,1.5708131249020385,89.0,0.050688791437923986,0.056645617424455445,0.05356029411291088,0.22823314595569363,0.35203050017577436,0.04525766502248329,0.13348768020906981,0.20452984363402169,-34.853674509863836,0.14942695211318138
75.1,-2.0540852167888284,18.452301507337534,5.353,0.03,6.13,0.03,1.5741571526185163,0.0,0.0,0.0,-2.0642115915509116,-281.40269234089044,0.0,-0.08710354062250746,6.159816907221681,0.0,75.01,0.0758392060428601,0.6512608734623317,-5.298472565908581,1.5769993374359157,0.0676598832676632,0.6515302249556993,-5.312424184250348,-0.04381771561571662,0.07845196503083329,-0.03,1.5730219529056555,-2.000219594186456,-280.77052261531577,0.0,-0.00010612306642683113,6.199988441712348,0.0,1.5708134434504217,90.0,0.06278017607989908,0.06740196141405022,0.05583792744132656,0.24440848129834666,0.3590332754494478,0.05178259008165064,0.1380747864071474,0.2219887309394941,-33.89276092996742,0.16071734791408082
75.2,-2.054085356026011,19.06257004643666,5.351,0.03,6.23,0.03,1.5737549404755722,0.0,0.0,0.0,-2.0618566023231057,-280.7808026489951,0.0,-0.08694888042119184,6.264272443452497,0.0,75.109,0.07424023052610708,0.6564314810060795,-5.272728407676331,1.5738569691384092,0.06635604660861848,0.6590803662868576,-5.3085309749625935,-0.04178202258850693,0.08815552685988415,-0.03,1.5726611129467052,-2.00023036473877,-280.14534539632723,0.0,-0.00010984194320163804,6.2999862647344065,0.0,1.5708137620619869,91.0,0.05309807925399681,0.05771851075660892,0.05498483178818842,0.22883413891550689,0.352152303230863,0.04590231619618702,0.13366391549669324,0.205523536973285,-34.66268696777457,0.14970605304361004
75.3,-2.05408549717625,19.69503013779717,5.348,0.04,6.34,0.03,1.5735633022293931,0.0,0.0,0.0,-2.058973494692394,-280.1484887194645,0.0,-0.08887039777460519,6.368350757468578,0.0,75.208,0.07123103439608544,0.6517889002833369,-5.326321234289858,1.5747598515843868,0.06343898267378142,0.6608442527193406,-5.312931367541154,-0.04876171369100013,0.07412712407665722,-0.03,1.5721623284459147,-2.000241466600756,-279.5101569983768,0.0,-0.0001122323718017727,6.399999306641043,0.0,1.5708138631048887,92.0,0.05209301085846664,0.05662650500451697,0.05445017963984759,0.2282130216911796,0.3520917116319759,0.045245652671022873,0.13345255299997233,0.20479157456932912,-34.786059720459036,0.1494635520942705
75.4,-2.054085644233008,20.338586050424283,5.343,0.04,6.44,0.03,1.573267051312376,-0.0022213318855871036,-0.008329995394900789,-0.0019540098697991997,-2.0556376465282766,-279.5057507063698,0.0,-0.08942569251663188,6.472658710797411,0.0,75.307,0.0708484075740141,0.6494829903068506,-5.246400436043694,1.5871442969974674,0.05807104896000119,0.6534134815018919,-5.306297855464344,-0.08174176305134452,0.05037952839037452,-0.03,1.5772275666593183,-2.000252922097437,-278.86497964357756,0.0,-0.00011605696471989043,6.499995707657486,0.0,1.5708141817243346,93.0,0.05215624647686282,0.056582218992399874,0.05411256467068601,0.22851710085404692,0.35225290346282606,0.04516592943926077,0.13348789387726695,0.2050111435825288,-34.81103092631701,0.1496927522498027
75.5,-2.0540857878186074,20.982141928702195,5.338,0.04,6.54,0.03,1.5740478840332963,0.01051085650907123,-0.02305119079617309,0.017324996095918636,-2.051175912397189,-278.720685457773,0.0,-0.09868073796118725,6.5974682015707895,0.0,75.406,0.0657345872210099,0.6560236070100444,-5.245185156118824,1.5803448615722673,0.051532264433771346,0.6540009645061966,-5.2986151015650975,-0.10317480878033972,0.05168788713396921,-0.03,1.580380044303641,-2.000267162358663,-278.07780260346055,0.0,-0.00011994562699268293,6.599995412054314,0.0,1.5708145003873752,94.0,0.052137710834074064,0.05624887279668416,0.05388471412221306,0.2279234121449479,0.3519226857028278,0.04492435320803201,0.13329754823969392,0.20437093139190834,-34.847800705098486,0.14923499921682754
75.6,-2.044997064163189,21.647889423943596,5.334,0.05,6.65,0.03,1.5759226177495458,0.0,0.0,0.0,-2.048056346254465,-278.18899450213655,0.0,-0.11082304735382455,6.679835516199213,0.0,75.538,0.063837259197672,0.6647678217752782,-5.245970383202109,1.580655630047254,0.047377441221137406,0.6616227997089037,-5.292450214143969,-0.1056516114768617,0.06132407137084783,-0.03,1.579088332275982,-2.0002769194929133,-277.54472490608197,0.0,-0.00012389764250711954,6.699988215553665,0.0,1.5708148190128688,62.0,0.05309939838507216,0.056627232207334476,0.05386527956309352,0.2284279957049803,0.3521216217540407,0.04520688235844855,0.13348990185879392,0.20495985971806144,-34.80466053384902,0.14955753954912973
75.7,-2.0449972153235008,22.31363691661426,5.33,0.04,6.75,0.03,1.57730121870083,-0.005017505606670093,-0.016392156937594864,0.010887550836284902,-2.043447941005242,-277.37907733720243,0.0,-0.12595811514655295,6.802945973423656,0.0,75.604,0.06013227506829988,0.6689616099481818,-5.239117386487198,1.5819786800941413,0.04389795858594274,0.6682967417714176,-5.28601780561643,-0.09974044274841784,0.07801744299300761,-0.03,1.579545413763651,-2.000292031394433,-276.7336479213053,0.0,-0.00012791395556236806,6.7999885131456,0.0,1.5708151377024886,96.0,0.05321888534724027,0.05635670905914465,0.05375674982078672,0.22786031483794286,0.3518348744830544,0.04496021375899899,0.13327944163998603,0.20439104893054885,-34.82977599380614,0.14914435357536227
75.801,-2.035908491488298,23.00157595641489,5.326,0.04,6.86,0.02,1.578045854871396,0.0,0.0,0.0,-2.0398768451084823,-276.6927916107528,0.0,-0.13391698797491822,6.90627285367513,0.0,75.736,0.0556633171508413,0.6593494136592841,-5.290410285769782,1.5783783442331687,0.04220232822280762,0.6611756317316357,-5.287704746368933,-0.08141225060313577,0.04718731374826923,-0.02,1.576791785224775,-2.0003050023717437,-276.0464093120404,0.0,-0.00013049259816414128,6.899999318325748,0.0,1.5708152387675112,65.0,0.053882004801583394,0.05666417162692456,0.05373752410509208,0.22833057657266934,0.3520575725109937,0.04512575728198447,0.13340469124162113,0.20491435246043482,-34.798789530417835,0.14947408218088104
75.9,-2.035908647404856,23.689515030046667,5.321,0.04,6.96,0.02,1.5781148519043366,0.0,0.0,0.0,-2.0372754348744975,-276.1362891029107,0.0,-0.13762280055090895,6.98937311195045,0.0,75.835,0.05007908924471169,0.663862432551065,-5.270675981737526,1.5792328735558387,0.03952892051878837,0.6616517452445174,-5.285700600259114,-0.07740276652922193,0.04661377467689931,-0.02,1.5761344847775984,-2.000315689525931,-275.48928195390573,0.0,-0.00013461460102794141,6.999995683689226,0.0,1.570815557464042,65.0,0.054059164423060954,0.05656065656778333,0.05362982399281687,0.22817318566121159,0.3520022360093385,0.04503760516971627,0.1333451139742377,0.20477554126158426,-34.81129520787081,0.1493834437511671
76.0,-2.0359088024159355,24.388549855599482,5.317,0.03,7.06,0.02,1.577526305397276,0.0,0.0,0.0,-2.034357994772635,-275.43130803603793,0.0,-0.13705307755301235,7.0932987045852105,0.0,75.934,0.04815528295346093,0.6665678197358365,-5.260122575680856,1.5786410891109834,0.03677067234998099,0.6648302914591502,-5.283349260788981,-0.06991487932231431,0.05627182145295162,-0.02,1.5764052273192133,-2.000329403384235,-274.7841048186369,0.0,-0.00013880069110087798,7.09999438188126,0.0,1.570815876203476,66.0,0.05432672760970218,0.05640238392343497,0.05357388246675487,0.22788316911315173,0.35186495196150913,0.04491640761301057,0.1332422844085549,0.2045134563387838,-34.821012092572076,0.1491801110064525
76.1,-2.035908963219331,25.098680508020347,5.314,0.03,7.17,0.02,1.5771663096409776,0.0,0.0,0.0,-2.031798246120162,-274.71596771117237,0.0,-0.13736227492637704,7.196855360073811,0.0,76.033,0.047044358430917,0.6702529558609048,-5.25885057660238,1.5779594273126525,0.03500770015169051,0.6690594431433219,-5.280506468483724,-0.06593151620137297,0.05724766213210852,-0.02,1.575767959405167,-2.0003434613868487,-274.0689272397229,0.0,-0.00014305016301756338,7.199988438509534,0.0,1.5708161949049944,67.0,0.05491893844449171,0.05655045283042374,0.053555019771557466,0.2281245098372266,0.3519828924367099,0.044988381986270455,0.1332953948242698,0.2048065490096157,-34.80296507615477,0.14935373940856206
76.2,-2.0268202469211785,25.831002747119612,5.31,0.03,7.27,0.02,1.5769824535262327,-0.006910490536339597,-0.0006249151350154683,-0.0034918440711667357,-2.029176260086489,-273.8438914693252,0.0,-0.13962501489008172,7.321330743668359,0.0,76.132,0.043218641989011125,0.6732456812014693,-5.245172414808474,1.575991689956261,0.03388823421662687,0.6729868434562463,-5.276173443343673,-0.055655578454143914,0.06757374993345078,-0.02,1.5742927787257959,-2.000360894127078,-273.1977502575921,0.0,-0.00014736395846947522,7.299988764866287,0.0,1.5708165136695886,68.0,0.05539196670642842,0.056573507216655744,0.05354296144969461,0.22814060000754574,0.3519879241968289,0.04497791636390415,0.13327826834375064,0.20486542234054525,-34.795164953347545,0.14936345054885197
76.3,-2.026820409070794,26.5633249402233,5.307,0.02,7.38,0.02,1.5765372380290668,0.0,0.0,0.0,-2.0276790540677294,-273.25418655608894,0.0,-0.13971961426787025,7.404917985549357,0.0,76.231,0.04321421858965002,0.6514291977138247,-5.2152523491538325,1.577588298185101,0.03463509410530444,0.6573745767050432,-5.273406420435869,-0.04630883958343296,0.016810531113761407,-0.02,1.5743530933947583,-2.000372815324008,-272.6087116308924,0.0,-0.00015013086040833188,7.399999388862164,0.0,1.5708166147506786,69.0,0.05575016950886463,0.05659123121138964,0.05354678288675205,0.22815236153536858,0.3519902268199824,0.04496197658134795,0.13326008303553977,0.20490835572749785,-34.78941977141754,0.14936876063353163
76.4,-2.026820576200821,27.306742962851338,5.304,0.02,7.48,0.02,1.5758741996858754,0.0,0.0,0.0,-2.0260510465988792,-272.5076502799242,0.0,-0.1379783830399618,7.509520813671569,0.0,76.33,0.04043286609470365,0.6549644613973332,-5.232986455747305,1.576501773245158,0.03140185797326523,0.6483489666448992,-5.263395241514729,-0.05982101186684699,0.003573228899477421,-0.02,1.5761173993387094,-2.0003880937993697,-271.8635342711663,0.0,-0.0001545503641300999,7.499995737756436,0.0,1.5708169335218218,70.0,0.05567750219679601,0.056284358037510904,0.05353575036152345,0.22760982415900774,0.3517229239872283,0.04474520245564298,0.13307981617721742,0.20436160770571882,-34.81203400498649,0.14897812203790442
76.5,-2.026820746149653,28.061256777839382,5.302,0.02,7.58,0.02,1.5758569972265999,0.0,0.0,0.0,-2.024642115165976,-271.7507337696696,0.0,-0.14156264194269172,7.6124972591384585,0.0,76.429,0.04016451797027919,0.6603105761129483,-5.264078853380798,1.5768749865888838,0.03172074172487922,0.6514624191083269,-5.262043345214792,-0.045860982906794856,0.022378168255261066,-0.02,1.5741980101345938,-2.000403817866628,-271.1083571326521,0.0,-0.00015903400731119541,7.599994401653045,0.0,1.5708172523375856,71.0,0.05635025529315995,0.05652331121195803,0.053530640661219035,0.22807079457615284,0.35195787617403296,0.044887569255330176,0.13321211843413813,0.20488676178246523,-34.78584075897211,0.14931640216552072
76.6,-2.0268209161721185,28.81577059307343,5.301,0.02,7.68,0.02,1.5758961500276363,0.0,0.0,0.0,-2.0232079240929073,-270.82899616759073,0.0,-0.14591407412968602,7.733514316106461,0.0,76.528,0.0402897779603307,0.6490349658632651,-5.181120579654736,1.5809783951635168,0.02963192797832706,0.6481725970301069,-5.2538627143880685,-0.05544185271892302,0.02061763958264695,-0.02,1.5753987631356285,-2.0004231818853158,-270.1891797515912,0.0,-0.00016358106749118003,7.699990549708685,0.0,1.5708175711154462,72.0,0.05687306458225349,0.05656858933334536,0.05352737311990369,0.22813565930831864,0.35198701806426597,0.04489175740283964,0.13321055792097306,0.2050007930054067,-34.77557197052932,0.14936119586267588
76.7,-2.026821090767166,29.592475988454833,5.301,0.01,7.78,0.02,1.5756744379785397,0.0,0.0,0.0,-2.0223988042506575,-270.2064829469506,0.0,-0.14743201177134033,7.81336578434234,0.0,76.627,0.0382368745176681,0.6549099990010053,-5.22350254011615,1.5775809385413668,0.030117392421476062,0.6512196593710964,-5.251485741839659,-0.03890481598406929,0.035629715204185786,-0.02,1.57449464481338,-2.0004364601939932,-269.56800233341045,0.0,-0.00016819236426854995,7.799986266204452,0.0,1.5708178899564846,73.0,0.05729718201834072,0.05657469316277592,0.05352528350700896,0.22813577309224572,0.3519846121059939,0.044870566834780044,0.13318987648224703,0.20504062803744508,-34.7693249141386,0.14935947849397044
76.8,-2.0268212684788836,30.380277175205897,5.301,0.01,7.88,0.02,1.5757223410208263,0.0,0.0,0.0,-2.0214080975305757,-269.26076010656107,0.0,-0.15167328305977987,7.932706224449165,0.0,76.726,0.036625488248996904,0.6585628670312156,-5.260928919760547,1.5754485338018378,0.030895811374906372,0.6570348085210145,-5.2571043777489965,-0.027741334903098117,0.05422944785313444,-0.02,1.573032373212683,-2.000456845988118,-268.62486394862395,0.0,-0.0001711476607303917,7.8999994468222585,0.0,1.5708179910572622,74.0,0.0577623684982652,0.05658088141349961,0.053531188847452026,0.2281461963316052,0.3519884089127741,0.04485631459027923,0.1331783781602143,0.20509857181301222,-34.76247003886473,0.14936439140618715
76.9,-2.02682144295618,31.16807831052196,5.299,0.01,7.98,0.02,1.5752647948127727,0.0,0.0,0.0,-2.0208864664831196,-268.62230639229784,0.0,-0.15149180572611567,8.012704125390856,0.0,76.825,0.037170200854971296,0.6584502475515489,-5.2692052730564924,1.5742469875544207,0.030364134783962785,0.6598507217760041,-5.265044181120258,-0.025124912823893602,0.06034196320100094,-0.02,1.572677452629171,-2.0004708200827412,-267.9876865811955,0.0,-0.00017586479447577826,7.999995713906518,0.0,1.5708183099059803,75.0,0.057530403276736565,0.05603968168654862,0.05351881487995629,0.22719997583276666,0.35152373515755697,0.04448101147992636,0.13286859405840257,0.2041358458377326,-34.805154250519465,0.1486835096813911
77.0,-2.026821625187683,31.978071076327343,5.297,0.01,8.09,0.02,1.5745424994409571,0.0,0.0,0.0,-2.020343004155264,-267.815189467913,0.0,-0.14950883644854898,8.113900092281506,0.0,76.924,0.0387598228532063,0.6447675424190547,-5.168906483000737,1.581972135900536,0.02861689114444612,0.6490091354644392,-5.255930208214423,-0.04385341957864593,0.025170343560796837,-0.02,1.5749679241576486,-2.0004886922095735,-267.1825094441612,0.0,-0.00018064610392379336,8.099994392934349,0.0,1.5708186287984698,76.0,0.07392610618681189,0.06712722311011354,0.05580611738421952,0.24402344313724356,0.35885771234148833,0.05120967522736739,0.1376645070914688,0.2229857018530715,-33.77468044441078,0.16042570704745895
77.1,-2.0268218077906823,32.78806384100865,5.296,0.01,8.19,0.02,1.5746653134145325,0.0,0.0,0.0,-2.0198693209360234,-266.9979192023379,0.0,-0.15304226996396453,8.215609806610683,0.0,77.023,0.03407753930075756,0.652909959653954,-5.240574828740822,1.5741387051669975,0.029401060629372838,0.6501423575294003,-5.253632024535882,-0.031808969924052966,0.032125232875621634,-0.02,1.5734487941509707,-2.000506957166607,-266.3673318646324,0.0,-0.00018549077849104115,8.199988442540771,0.0,1.570818947653421,77.0,0.060706473892478616,0.0577009053490142,0.054964985567241394,0.22882942971772027,0.3521508114340503,0.04532801231087821,0.13328134718585619,0.20622746819529014,-34.56687805545485,0.1497009437163819
77.202,-2.026821992918787,33.60915239666845,5.297,0.01,8.29,0.02,1.5746383953981586,0.0,0.0,0.0,-2.019391349116253,-266.0037700958582,0.0,-0.15727282414943644,8.33722575728828,0.0,77.122,0.03781749592767995,0.6449057002651954,-5.179394218261781,1.5815952350846632,0.02797588881087179,0.6454383618719768,-5.244892306469502,-0.046691443345283676,0.0262075306609848,-0.02,1.5752083385361881,-2.0005295168645914,-265.376154882313,0.0,-0.00019039988415484055,8.29998876608274,0.0,1.5708192665710201,80.0,0.06011893331345428,0.05704389730429112,0.054529453038758925,0.22885110038637635,0.3523727384061521,0.04506807623649296,0.1333415937838922,0.20619223865950892,-34.641579540513824,0.1498890141546391
77.3,-2.02682217992737,34.441336741828444,5.297,0.01,8.39,0.03,1.5746699257895835,0.0,0.0,0.0,-2.019138317519395,-265.33292669937885,0.0,-0.1611944650703998,8.417557659591308,0.0,77.221,0.03818801971422364,0.656333455249411,-5.278432529146574,1.5735942874229478,0.03452599127744667,0.6510068260789916,-5.253466014635157,-0.0018668443814446219,0.04606453058898552,-0.03,1.569832233517847,-2.0005449004137517,-264.7070662508709,0.0,-0.00019354350630292085,8.399999339919843,0.0,1.5708193676903106,79.0,0.059587740003304246,0.056459080081314415,0.05409512768176537,0.228290851671583,0.35214727404178053,0.044670494234436,0.13311569842976959,0.20550426711682387,-34.71864196477241,0.1495335840756306
77.404,-2.0268223704035613,35.284616878075155,5.296,0.01,8.49,0.03,1.5740382401880364,-0.003786063828877063,0.02267711152095421,-0.017103946138019438,-2.018838118160529,-264.3146229856552,0.0,-0.1592313916981298,8.53799068168961,0.0,77.32,0.03521710500507709,0.6309298179704419,-5.264016284312574,1.572978952841585,0.032514365157929506,0.6303476928681397,-5.255010571349231,-0.012990244068482298,0.0026502248044195653,-0.03,1.5711484246519565,-2.0005685244238647,-263.69188896794503,0.0,-0.00019855839316853432,8.49999649923731,0.0,1.5708196866154742,84.0,0.06113426474933054,0.057331796734690986,0.05405744328957534,0.2296624855226573,0.35272107099939387,0.045173200003875584,0.1334806167782405,0.2069612446557687,-34.633407031851675,0.15043062491437406
77.502,-2.0268225629030443,36.13899280365397,5.294,0.01,8.59,0.03,1.573036244199846,0.0,0.0,0.0,-2.0185640375309317,-263.4550385848157,0.0,-0.15486427864452793,8.637737055231478,0.0,77.419,0.03828072195302126,0.6487032028937916,-5.269277931317549,1.574083944609814,0.03324314412927627,0.6333525536609406,-5.257699684510399,-0.019582466675036214,0.020324555956564794,-0.03,1.5719092305718245,-2.000588784110552,-262.8347118534076,0.0,-0.00020363748144135009,8.599995415704493,0.0,1.5708200055844261,83.0,0.061031006605642306,0.05706272521386155,0.05387667048160704,0.22912425403394943,0.35244766413350326,0.04498383012394523,0.13331519096031927,0.2063973988514972,-34.6658896340769,0.15004096221927588
77.6,-2.0268227572585538,37.00446451890217,5.293,0.01,8.69,0.03,1.5727024716932811,0.0,0.0,0.0,-2.0182605226849524,-262.7602425932883,0.0,-0.1556619511971812,8.71644392835655,0.0,77.518,0.038522453349266524,0.6388123161965734,-5.211463883892805,1.5815949935036484,0.029286405484991868,0.6356902544065732,-5.254429973392723,-0.05471826992525534,0.03221092071196985,-0.03,1.5759232239226306,-2.0006052836377735,-262.14163418027687,0.0,-0.00020877988128625318,8.699988476517527,0.0,1.570820324514182,82.0,0.060746949253462364,0.056515172670298146,0.053696060443470056,0.22818382306399482,0.3520057600746734,0.04461322841119503,0.1330306434975151,0.20543082798518658,-34.721483315851465,0.14938612246828392
77.7,-2.0268229549796946,37.88103202562752,5.291,0.01,8.79,0.03,1.5735993858568855,-0.001848363020731776,-0.018045331708186074,0.016987201956842383,-2.0177798135614626,-261.8829506250444,0.0,-0.16562753975807215,8.813506202566133,0.0,77.617,0.03802934486304797,0.6415982160334394,-5.24200222798492,1.5781309756247985,0.02700547635914205,0.6378891517126861,-5.253125600818649,-0.06519839997232772,0.04387734163415402,-0.03,1.5770447361255244,-2.0006263756223426,-261.26645695934116,0.0,-0.00021398674205506715,8.799986277478851,0.0,1.5708206435080443,83.0,0.06120949175821868,0.056477954219145796,0.053618025130475075,0.22808083708778557,0.35196093306423065,0.04457770923053292,0.1329991631264153,0.20538457001564922,-34.71878768959233,0.1493185351643987
77.8,-2.0268231496500757,38.75759946882068,5.289,0.01,8.88,0.03,1.5748924855750543,0.0,0.0,0.0,-2.017197686958115,-260.81733889442285,0.0,-0.183543978094521,8.929964261547813,0.0,77.716,0.034254580103022056,0.6396284059666826,-5.253643950943651,1.5694120152890056,0.030684285142648184,0.6400033504831335,-5.2564483297520805,-0.015274874863048186,0.05966389620536994,-0.03,1.5713863796550624,-2.000652284148111,-260.2032685727381,0.0,-0.00021731888612739255,8.899999434326087,0.0,1.5708207446488176,84.0,0.06188348516166001,0.05661554912838258,0.05361320739447467,0.2282316135001459,0.3520258601840728,0.04463800826349607,0.1330233854256813,0.20560891063704229,-34.69889721728902,0.14942066972697066
77.924,-2.026823352156354,39.656358553960175,5.286,0.01,8.98,0.03,1.574616598491792,-0.011861723540819612,0.01606943924012931,-0.013611836388434096,-2.016756250515571,-259.7376139814674,0.0,-0.1831562039378639,9.048220830394987,0.0,77.881,0.03816849599435496,0.6257858213799479,-5.162383555467033,1.5811780490618794,0.03177811827351146,0.6302532288852241,-5.250163952485067,-0.025445765168819093,0.058522829341988825,-0.03,1.572505206710916,-2.0006789488155055,-259.1252579773815,0.0,-0.00022629763756044167,9.04998481367437,0.0,1.5708213321006703,43.0,0.0705683625117149,0.06176873391451339,0.05474213899364461,0.23606292503551263,0.35544572288078796,0.04782786636120357,0.1352882949515293,0.2144497661007114,-34.13683533069021,0.15471986167755764
78.001,-2.026823561797002,40.588405011300814,5.282,0.0,9.09,0.03,1.5738061499458291,0.0,0.0,0.0,-2.0165108187200427,-259.00988256865844,0.0,-0.1810390724721218,9.127768214034162,0.0,77.914,0.037379017300784655,0.6230617796145071,-5.146574674758547,1.580881747457152,0.030323277483986937,0.6263723886126618,-5.250440738831152,-0.014671762949454303,0.019877232929912836,-0.03,1.5724068589556532,41.62114999943244,3.553894146225927e-11,0.0,9.099999999997976,1.9597186920489248e-11,0.0,2.1535370242300665e-12,87.0,0.06806504771540704,0.0603268336941137,0.055506622626471616,0.2323320694038156,0.3535286790573416,0.046428432438042615,0.13390445351683097,0.21039988213923866,-34.25773926871678,0.15191589047025078
78.1,-2.026823758544296,41.476068236926956,5.278,0.0,9.18,0.03,1.5735962745409948,0.0,0.0,0.0,-2.0162549166166284,-258.275794002138,0.0,-0.1830946981395995,9.207096800215327,0.0,78.013,0.037347362532972585,0.6252149592718594,-5.189296063568201,1.570892905146087,0.03606564017417818,0.6228608498501698,-5.241004248778912,0.008276584650739511,0.02549305350550135,-0.03,1.5698972350925333,-2.000715590902256,-257.66573648993756,0.0,-0.0002334488723859424,9.19998844193696,0.0,1.5708217017042032,87.0,0.06936915254770055,0.06080810539055002,0.056762984980647274,0.23236281608663936,0.3534068329053302,0.04654226307531281,0.13386917813738183,0.21070774842152667,-34.154497807726976,0.15180893114043303
78.2,-2.0268239658768312,42.39701889879838,5.274,0.01,9.28,0.03,1.572873278116111,0.0,0.0,0.0,-2.0158600870593615,-257.34930219563597,0.0,-0.18096632913252747,9.305365905828088,0.0,78.112,0.03708262427462923,0.6235039103281682,-5.1782055428702245,1.5720250897382748,0.03634023452401705,0.6209575056272796,-5.233821165724693,0.0034219803873974854,0.027507068759621944,-0.03,1.5693542681443446,-2.0007391609468157,-256.74055927114284,0.0,-0.00023895366059973515,9.299986264800614,0.0,1.5708220207748385,88.0,0.06387428545137099,0.05685654834889072,0.05555100183199,0.22848846903662645,0.3521838718663113,0.04468575253592668,0.1331163883376211,0.2063557546458129,-34.54880533370848,0.14956706412370796
78.3,-2.0268241760487324,43.329065350290044,5.271,0.01,9.38,0.03,1.5719339427913095,0.0,0.0,0.0,-2.0151375328991037,-256.2246438615671,0.0,-0.17495020057661215,9.421991065003773,0.0,78.211,0.03497173965291763,0.627059850198546,-5.241984386744307,1.5750328796532065,0.03187814384293417,0.6258742962907402,-5.239414341770376,-0.02431308714378131,0.043131366817453554,-0.03,1.572315256710987,-2.0007680784734148,-255.61737088540187,0.0,-0.0002424743009597935,9.3999994329155,0.0,1.570822121934847,89.0,0.06380513359246288,0.05661738076760537,0.05480556754075228,0.22899020758646096,0.35254911713442366,0.04456841937686007,0.1332045754897478,0.20673747121110764,-34.6112648637954,0.150036776784348
78.403,-2.026824385494928,44.27220752118748,5.268,0.01,9.47,0.03,1.5719692407317947,-0.006655744471881098,-0.011934598671844114,0.006499997751632045,-2.014247606899679,-255.27679881099002,0.0,-0.18028422314892942,9.51828647748567,0.0,78.31,0.035166843339360515,0.6262007375111789,-5.258859208892479,1.5668072632108658,0.03668824643141705,0.6261109554214899,-5.246257720077859,0.014437415204419114,0.05761224760353123,-0.03,1.5682314279534597,-2.000792770079151,-254.6701935928057,0.0,-0.00024808498495613887,9.499996489293018,0.0,1.570822441013484,93.0,0.06503670855974288,0.057178092368515565,0.05446548914913852,0.22983196836229589,0.3528845286756305,0.04484265069989099,0.1333648069773165,0.20761285653724096,-34.57308273259,0.15058361070819815
78.5,-2.026824600199115,45.22644555183281,5.266,0.01,9.57,0.03,1.5715325700610434,0.0,0.0,0.0,-2.013346719308217,-254.51155934522578,0.0,-0.1804852458533085,9.59582698436447,0.0,78.409,0.03554130554380776,0.6205897126921837,-5.222166125025825,1.5794834153601243,0.03048670502899932,0.622604954625873,-5.2466708132552355,-0.03556291242000585,0.0452647491234206,-0.03,1.5734548965650264,-2.0008129526490137,-253.90501638229,0.0,-0.0002537599233446993,9.599994390630915,0.0,1.5708227601356841,91.0,0.06421666142683226,0.05642872411312587,0.05403952381500569,0.22841374164442205,0.3522028668882742,0.044333413202634474,0.13292186087769228,0.20608162008570452,-34.663486441595715,0.14959057778173016
78.6,-2.02682481747342,46.191779370547664,5.263,0.02,9.67,0.02,1.5717490427221659,0.0,0.0,0.0,-2.011988494853299,-253.54625477514227,0.0,-0.18313149361503808,9.693229611978484,0.0,78.508,0.03387596057235963,0.6243477467360978,-5.240228731332275,1.5698975216334345,0.029360488074048008,0.6239537731558433,-5.247217667452631,-0.03084443429301599,0.05010400158623618,-0.02,1.5719119969350328,-2.0008385626332523,-252.939838803068,0.0,-0.0002594982128857792,9.6999884417242,0.0,1.5708230792198488,92.0,0.06449462201603705,0.05632947531241759,0.05381975736095497,0.22808765563647243,0.35204099628306307,0.044263459696892285,0.1328358925947037,0.20579060228383952,-34.67549181191127,0.1493633568707894
78.706,-2.026825035033637,47.15711318740152,5.261,0.02,9.77,0.02,1.5723915425504114,0.0,0.0,0.0,-2.010085084019956,-252.37499237341217,0.0,-0.19619176868187724,9.810073560856113,0.0,78.607,0.03073625276065262,0.613918225970073,-5.174825135282981,1.5725363084388304,0.026566387887785065,0.6167766229145726,-5.236592154987868,-0.03512079386192635,0.036523251253528954,-0.02,1.572338237367211,-2.000870054390928,-251.7686618209711,0.0,-0.00026530110392585323,9.79998876583591,0.0,1.5708233983671402,99.0,0.06722174348456374,0.05771168184137526,0.05398115873298438,0.23007521411687426,0.3529071505228897,0.045109644091844,0.13340497424639663,0.20807319470110588,-34.522887771949854,0.15069680115304246
78.8,-2.026825257668527,48.1446385875621,5.26,0.02,9.86,0.03,1.5725458555996905,0.0,0.0,0.0,-2.008730145581496,-251.58633122006282,0.0,-0.20047632581998248,9.888034227365175,0.0,78.706,0.029141688699513096,0.6174461687299302,-5.194863413231435,1.5700563728412935,0.027778954466301763,0.6156301408252671,-5.229199416532552,-0.014241920536048457,0.03855887658253998,-0.03,1.5702146179940235,-2.0008914610050157,-250.9794731866311,0.0,-0.0002690102240955898,9.899999306646292,0.0,1.5708234995467016,94.0,0.06559532687584915,0.05657041398259023,0.053637218702548645,0.22824403182492722,0.35210394626560465,0.04438893315886901,0.13286320263276571,0.20607544491658425,-34.65124195829073,0.14947524119317995
78.9,-2.017736574676828,49.132163908540214,5.259,0.02,9.96,0.02,1.572351981946502,0.0,0.0,0.0,-2.0070030320728067,-250.59172496988018,0.0,-0.20304770278446505,9.985361071027377,0.0,78.805,0.03350841754504632,0.6160915674431651,-5.184596653319792,1.5757608264845913,0.027300703226288706,0.6154120748534706,-5.225320114982717,-0.021866852522836325,0.04005943806888901,-0.02,1.570983010935397,-2.0009187106326753,-249.98429583210316,0.0,-0.00027491895201538913,9.999995707659608,0.0,1.5708238187018917,95.0,0.06560995354081565,0.05626824172331894,0.05355023577495909,0.22774281165146604,0.35186641365414084,0.04418969691224825,0.1327048482344519,0.2055784761566829,-34.67412044308337,0.14912536309439267
79.0,-2.0177367987642807,50.1307850933771,5.256,0.02,10.06,0.02,1.5720994555766248,0.0,0.0,0.0,-2.004895600355853,-249.3853748851625,0.0,-0.20502164672004575,10.101631490586906,0.0,78.904,0.028668460092067173,0.6197214994209429,-5.2109737053134895,1.5688411928132935,0.02796853207009374,0.618386486887194,-5.224752213770536,-0.0032835541058642663,0.04840561581324998,-0.02,1.5691426109379267,51.245199999369625,6.16352351719322e-11,0.0,10.100000000003462,2.967150780535316e-11,0.0,2.9377730500339597e-12,96.0,0.06647232324192712,0.056540326411132075,0.05353990281283433,0.22815189002407874,0.3520537140749127,0.04433825354124082,0.1328058077268185,0.20608026526962414,-34.643405165575345,0.14941151641725578
79.109,-2.017737024985335,51.14050206658901,5.253,0.02,10.16,0.03,1.571590484064307,-0.0056529573881417714,0.007837527370573244,-0.010459117364480446,-2.0030905275960076,-248.36943829781302,0.0,-0.20312965330037727,10.198548599961013,0.0,79.003,0.02551555336822015,0.6201719630045771,-5.210778426008603,1.5657435706932668,0.028616565227423195,0.6192191419789865,-5.225684021189238,0.013957710890006716,0.061062503229933895,-0.03,1.567474012119686,-2.0009806313028027,-247.75989131742784,0.0,-0.0002869284391446655,10.199990566586463,0.0,1.5708244570600371,106.0,0.0703058129737903,0.058470341736306546,0.0539519580138274,0.23107279141217052,0.35332465270292457,0.04550635293233219,0.13362527591011242,0.2094319896321022,-34.4226336124881,0.1513654775826695
79.2,-2.0177372540499228,52.16131483198582,5.25,0.02,10.25,0.03,1.570723132371148,0.0,0.0,0.0,-2.001580548810091,-247.54970370192655,0.0,-0.19947109632774687,10.276499942905783,0.0,79.102,0.02569587122427498,0.6201509949916341,-5.206470152377571,1.564973479539388,0.030679617657882255,0.6202140422757607,-5.226567521634379,0.02773123735720057,0.0616891129131929,-0.03,1.5661675122584253,-2.001003833517776,-246.9387138985378,0.0,-0.00029302934375699833,10.299986273742107,0.0,1.5708247762836522,98.0,0.06730199421445979,0.056595101377185736,0.05354508116905922,0.2281708849525453,0.3520436517824528,0.044311446950581056,0.13275828319759056,0.2061845912313166,-34.62867676599987,0.14940851932242177
79.3,-2.008648572188033,53.18212751261762,5.247,0.02,10.35,0.03,1.569630765300479,-0.0068604937822184155,0.013707565465772124,-0.01345718610206302,-1.9995225611392082,-246.5162413089302,0.0,-0.1918760828824453,10.374854694327125,0.0,79.201,0.023210952261423064,0.6177963956424398,-5.188322610086988,1.5705169899601905,0.024989943158383036,0.6193414809478581,-5.223537088103775,0.0002139977317090029,0.05795849793902619,-0.03,1.5688541618333491,-2.001033327795803,-245.90352550034152,0.0,-0.000296927132301485,10.399999309936822,0.0,1.5708248774825815,99.0,0.07351743632457122,0.06012052360549145,0.055355646964396425,0.2320357842667561,0.3534349405999225,0.04587240472424831,0.13349407622569437,0.2107653467728788,-34.22548922923673,0.15177862247326485
79.4,-2.008648804981334,54.22513185280227,5.246,0.03,10.45,0.02,1.569329078020763,0.0,0.0,0.0,-1.9971749019724068,-245.4729406292743,0.0,-0.19145058817618446,10.4734344055757,0.0,79.333,0.016545208749386725,0.6220471408054994,-5.223356431194896,1.566444240737437,0.01842714606472093,0.621158444712198,-5.222213313485653,-0.016164172467301497,0.06138406265922214,-0.02,1.5694800567908969,-2.0010633857601343,-244.85834814567238,0.0,-0.0003031340303562578,10.499995708884674,0.0,1.57082519671434,67.0,0.06875682714322134,0.056931656389284456,0.054711341376553785,0.22821862985639993,0.3520341763523835,0.04440666390252313,0.13277128378690986,0.20657401558426153,-34.523275871001154,0.14940851276290226
79.5,-2.0086490406712354,55.27923198246161,5.245,0.03,10.55,0.02,1.5696321443563814,0.0,0.0,0.0,-1.9945349470582767,-244.41976768259906,0.0,-0.1982108289851002,10.571965518346534,0.0,79.432,0.016754096531008393,0.6270183641914492,-5.2313623463548184,1.5604210337154085,0.020063212507224246,0.627412906970469,-5.22717641935383,0.02288416739572749,0.07286085385177188,-0.02,1.5658180322244302,-2.001094067986871,-243.80317100919024,0.0,-0.00030940530219415556,10.599994391062756,0.0,1.570825515989786,68.0,0.06864625759849233,0.05658294317744877,0.054277722876767145,0.22839652400459518,0.352223904684896,0.044279644971195166,0.13281408584117482,0.20668692890704643,-34.572155060920736,0.1496239435413394
79.6,-2.0086492754761505,56.333332110342326,5.243,0.03,10.65,0.03,1.56922925327928,0.0,0.0,0.0,-1.9916841030913814,-243.35670434417864,0.0,-0.19981387790672026,10.670998066891846,0.0,79.531,0.013680082374781062,0.6294923018151561,-5.185851108265495,1.5697233957412047,0.0166950662543532,0.6326265207793014,-5.223489530312774,0.0007922653859443012,0.07977097142810052,-0.03,1.5679265375947318,-2.00112526495655,-242.73799343016861,0.0,-0.0003157398891564324,10.699988441875949,0.0,1.5708258352276188,69.0,0.06907292074867866,0.056609668469221754,0.05400324930292214,0.22857791446995201,0.3522863472890388,0.044245932914719864,0.13279066690183977,0.2068366711456372,-34.58069561489401,0.14973516218432278
79.7,-1.9995606026784074,57.3985280308015,5.24,0.03,10.75,0.03,1.5689048010997964,0.0,0.0,0.0,-1.9886514218179545,-242.28368373730626,0.0,-0.1990527822646959,10.771019031211894,0.0,79.63,0.011208610395228817,0.6341568413250241,-5.2082995880465806,1.5694263258239054,0.011624087617751088,0.6371057322310067,-5.221555745303965,-0.01642255238407165,0.08305867141322132,-0.03,1.5695429928180027,-2.0011570976046533,-241.66281621154874,0.0,-0.0003221391090706902,10.799986264792159,0.0,1.5708261545281064,70.0,0.06948023656306901,0.056627155724353444,0.05382885290450145,0.22852222334610786,0.3522164105660186,0.04421222409402558,0.1327365003837059,0.20678418917181712,-34.58330135188144,0.14966253298086268
79.8,-1.9995608409961996,58.48591543421533,5.236,0.03,10.85,0.03,1.5692333426002898,0.0,0.0,0.0,-1.9854614720966353,-241.20059467888345,0.0,-0.2062004844138242,10.87197928186048,0.0,79.729,0.012421225674580354,0.6305102640160681,-5.13348958711684,1.5727186278235894,0.008491974287267393,0.637000924564187,-5.213962422418936,-0.02570102332277437,0.07510195529878239,-0.03,1.5704028314780627,-2.0011895120798666,-240.5776278139601,0.0,-0.0003262255547573012,10.899999306667958,0.0,1.5708262557467692,71.0,0.06989603122118614,0.05661950961022087,0.053717779572467775,0.22839533566120554,0.3521265263561836,0.04418206596882049,0.13268820604301518,0.20669255878282483,-34.58324645008516,0.14955074111823297
79.9,-1.9904721684878233,59.573302930720885,5.235,0.03,10.95,0.02,1.5698902079628334,0.0,0.0,0.0,-1.9822197930634182,-240.10734081781777,0.0,-0.21683503888606281,10.973619398485061,0.0,79.828,0.010634520220885705,0.6395308128003984,-5.156504098056024,1.5701278630461266,0.0071140087874966736,0.6414752159534363,-5.205067036536059,-0.020717809481876986,0.08108805824523735,-0.02,1.5699548696078667,-2.0012225165386486,-239.4824504595549,0.0,-0.0003327307336170519,10.99999570766017,0.0,1.5708265750552013,72.0,0.07048466410934305,0.05666368470144248,0.0536896716921539,0.22837301087411524,0.35209793703300185,0.04423250751872002,0.1327033200696994,0.20675531712248188,-34.571789904144886,0.14952129450636703
80.0,-1.9904724119335633,60.67178621389026,5.234,0.03,11.06,0.02,1.5701755501821195,0.0,0.0,0.0,-1.9790595593015412,-239.0038642574628,0.0,-0.22499100077464093,11.075667607093546,0.0,79.894,0.003482610233969543,0.6457354231986641,-5.174729400338815,1.5689289073427564,0.0025346741231715908,0.6469751977747453,-5.203924369383728,-0.026664455976228737,0.08126205618962956,-0.02,1.570496940252574,-2.0012561750897615,-238.3772733232117,0.0,-0.00033930032617128395,11.09999439064261,0.0,1.5708268944072867,106.0,0.07002712936846528,0.05622586992597329,0.05360075286740855,0.2275801174327265,0.351715187889438,0.04387941975838087,0.13241084424029514,0.20589250639802936,-34.6138605917324,0.1489586038385528
80.101,-1.9904726568602094,61.781365285656285,5.233,0.03,11.16,0.03,1.570525388206823,0.0,0.0,0.0,-1.975522822450976,-237.66614471808055,0.0,-0.23495218091949766,11.19883359456205,0.0,80.026,0.002406166061786944,0.6544568126022137,-5.204560039975722,1.564375016867657,0.0021354861884456938,0.6557160010904792,-5.203807687571754,-0.004565149921993288,0.0971793274572974,-0.03,1.5685368969629385,-2.0012972908721514,-237.0380959435173,0.0,-0.00034593328034872306,11.19999054641717,0.0,1.5708272137209887,75.0,0.07726944842258367,0.06022466292673385,0.05544286096857458,0.23225128118591112,0.35350701172906984,0.045682406887941354,0.1333741466418763,0.21145489876218773,-34.16623607831734,0.15191159950617888
80.201,-1.9904729050099448,62.90204014640348,5.232,0.03,11.26,0.03,1.5703677315930857,0.0,0.0,0.0,-1.9728714367077425,-236.53999756611316,0.0,-0.23716687549053467,11.302893457469157,0.0,80.125,0.0007970812833380083,0.6411259165170617,-5.202409969609611,1.5686866501432588,-0.00011005787816135678,0.6509496430844188,-5.204889917927522,-0.004435140300316349,0.07893046403983739,-0.03,1.568541721171972,-2.0013322858512494,-235.91096876369232,0.0,-0.0003526308647482738,11.299988779304206,0.0,1.5708275330970904,76.0,0.07247086196675184,0.057174933357551014,0.05478587542871113,0.22863045017759626,0.3522010346987628,0.044366839787928776,0.13275499050982834,0.2074322465544564,-34.45544504249696,0.14967539850535982
80.3,-1.9813842328892086,64.02271500593231,5.23,0.03,11.37,0.03,1.570163975530539,0.0,0.0,0.0,-1.97096068819622,-235.63154728565806,0.0,-0.23817210100114922,11.386955343118068,0.0,80.224,-0.0019201997626355888,0.641701758094613,-5.1876663595901835,1.5700463289686393,-0.003174694319860032,0.642775159857258,-5.201167081154734,-0.02129869522364681,0.04490925128985346,-0.03,1.5700340515196873,-2.0013607066966252,-235.00178012881318,0.0,-0.00035690594024196146,11.399999312655897,0.0,1.5708276343353917,76.0,0.06982749877723066,0.05553135380736622,0.05421123195223983,0.22661626051362668,0.3513484800690334,0.04337308526251475,0.1320786101117733,0.20502513626118968,-34.63566960673242,0.1483484879181842
80.4,-1.9813844818597133,65.16558134207212,5.227,0.02,11.47,0.02,1.5703058189272436,0.0,0.0,0.0,-1.9688228463360702,-234.48652813266548,0.0,-0.24335878482679604,11.491789658527843,0.0,80.29,-0.0033189683512979897,0.6458100837597781,-5.189950249263627,1.5697419299376287,-0.005022216405857297,0.6416401097375888,-5.202617188930683,-0.014084763697082182,0.048102891316169405,-0.02,1.570282766893696,-2.0013967958523557,-233.856602774115,0.0,-0.0003637095079357765,11.499995709879872,0.0,1.5708279537204182,110.0,0.07199655043855348,0.056461443094632004,0.053984134582563674,0.22842738506380322,0.35221163392215393,0.04400867866251334,0.13263843785869836,0.20704750893042445,-34.55150615598513,0.1496257205736194
80.502,-1.9813847355416598,66.3195435665573,5.225,0.02,11.58,0.02,1.5707020859725327,0.01017929478128388,0.00020743606555433266,0.007949919912902042,-1.966664762960133,-233.09873681656967,0.0,-0.2539421872308783,11.615804548078916,0.0,80.422,-0.005708227866778096,0.647027218864732,-5.154004885974679,1.567266791418653,-0.004642499808232222,0.6439375028318299,-5.197808771603908,0.0022961328881519714,0.051636545367331976,-0.02,1.5688794765310914,-2.0014409801997464,-232.46942573442516,0.0,-0.00037057756211133195,11.599995412744622,0.0,1.5708282731490804,80.0,0.07941415759249287,0.060534249995353,0.055754012670243575,0.23302979421822223,0.3539029673358625,0.04574084021894262,0.13347604105329253,0.21253778705916948,-34.10516234752022,0.15248614373366082
80.6,-1.9813849922427416,67.48460158042482,5.223,0.02,11.68,0.02,1.5706877118817086,0.0,0.0,0.0,-1.9654944439897089,-232.165308239864,0.0,-0.25792900454197437,11.697724927276978,0.0,80.521,-0.006829578870027693,0.6494837365167343,-5.148883257420934,1.5727074795802594,-0.009390960085703962,0.6492316865378167,-5.1908599829356135,-0.02386241259642575,0.061391703646384244,-0.02,1.5711252837494547,-2.001470901220196,-231.5363480617361,0.0,-0.0003775088226778514,11.699988475159284,0.0,1.570828592538008,79.0,0.07358577781414911,0.056962360878421374,0.0548955157651938,0.22845556294623998,0.35213786633668087,0.04413318417216884,0.132611182060467,0.2073995796063659,-34.45153807404955,0.14957023394345437
80.715,-1.981385248552595,68.64965959320189,5.222,0.01,11.78,0.02,1.5708908175609562,-0.006564787886329392,-0.011425237494400305,0.009058650349148219,-1.9641481272163277,-230.752899570074,0.0,-0.2652593843838005,11.820174822188886,0.0,80.62,-0.011838974871010148,0.6537771211252739,-5.19225323621573,1.5637469166974103,-0.00851770480763241,0.6541279963966149,-5.188928655084638,0.005593029387426821,0.08593562584441727,-0.02,1.5694822272663422,-2.001516622551643,-230.12517107771802,0.0,-0.00038450495411789946,11.799988775841031,0.0,1.5708289119914833,95.0,0.0799127121601065,0.05966789412942348,0.05506384258791504,0.23322463110652014,0.35431826816487655,0.04591997421513275,0.13399681132716176,0.21297727910306602,-34.14584871309737,0.15286106595252796
80.801,-1.9722965830415013,69.83690907566182,5.219,0.01,11.88,0.02,1.571264613305919,0.0,0.0,0.0,-1.9634446152463831,-229.56463016075804,0.0,-0.2736781669375885,11.922651704019486,0.0,80.719,-0.01188368431964656,0.630829158373489,-5.134631944708413,1.5715792183092663,-0.012414646257742206,0.6345170094045378,-5.180461240517587,-0.01442077781345079,0.020996762086538112,-0.02,1.5711677895974243,-2.001555381690049,-228.93798245515396,0.0,-0.00038896878839166316,11.899999436563474,0.0,1.5708290132492386,82.0,0.07400537376156129,0.05681723266739169,0.05413628640011746,0.2289663592056921,0.3524429016478849,0.04410551546247022,0.13268716837040093,0.20782850449302048,-34.48928230849018,0.14996953890823234
80.9,-1.972296777695398,70.72457231815507,5.218,0.01,11.96,0.02,1.5712816614275817,0.024207423919919778,-0.00762336438514883,0.002551061758037816,-1.9631848421676523,-228.6066085673969,0.0,-0.2785476465494209,12.00478743416888,0.0,80.818,-0.01268291066688109,0.6339849612685936,-5.163598132357783,1.5698371254422185,-0.013044090325108771,0.6282211077450486,-5.175768157842596,-0.013505621817106524,0.031154080211340585,-0.02,1.571088677447201,-2.001586909871881,-227.98085508224148,0.0,-0.0003960708581707036,11.999995641261837,0.0,1.5708293327117209,82.0,0.07244779792621732,0.05579284843371282,0.05376901588866265,0.22737299710353168,0.3516495228367387,0.043468296214240226,0.13220723406598955,0.20597674466863747,-34.60321052915307,0.14881452018965807
81.001,-1.9722971157163727,72.26688719909373,5.217,0.0,12.09,0.02,1.5717866398070492,0.0,0.0,0.0,-1.9633319938016425,-227.1572735466576,0.0,-0.2892423971746396,12.126815184795538,0.0,80.917,-0.011285205038206451,0.6316957300999653,-5.1374566128871315,1.570437878236376,-0.011985594517196732,0.6255925920126351,-5.16954240647185,-0.0011578124110614475,0.004641589378206135,-0.02,1.5708920561638877,-2.0016350002060417,-226.53367804723803,0.0,-0.00040323746154390913,12.099995392179013,0.0,1.57082965221762,84.0,0.07365868740010695,0.056248970934374094,0.05375891025326644,0.22785752069112192,0.35182084214444564,0.04365291053752503,0.13229553007774555,0.20658420797198232,-34.55630935213142,0.1491064716447635
81.147,-1.9722975078079372,74.05330946697526,5.217,0.0,12.24,0.02,1.5719571994293966,0.0,0.0,0.0,-1.9638104267017515,-226.18296750937776,0.0,-0.2936422881317101,12.206909725286366,0.0,81.082,-0.009352612233437842,0.6253197215176148,-5.106799604441212,1.5731051177601616,-0.011304760589321375,0.6167640862692696,-5.160460800549208,-0.006992105489218416,0.0008430587168284376,-0.02,1.5713675378377319,-2.0016675496416574,-225.56050037263213,0.0,-0.0004104672715545377,12.199988432834468,0.0,1.5708299716851077,65.0,0.09685987876422755,0.06663320514763559,0.05579089316250963,0.24348552790867972,0.35865704048832403,0.049984799656700225,0.1368460260120779,0.22607983392716885,-33.380389323569055,0.1598471406812049
81.2,-1.9813865725940936,74.67467373153661,5.218,0.0,12.29,0.02,1.5721109894246348,0.0,0.0,0.0,-1.9648326777783458,-224.95616393195473,0.0,-0.300922422906463,12.305079707626783,0.0,81.115,-0.010377082524515751,0.6265303645201425,-5.116422912600062,1.5731803565739517,-0.01275580319344566,0.6157468929947483,-5.162638303361229,-0.011476495667588382,0.005042128988694827,-0.02,1.5717297511958952,-2.001708888560536,-224.33532315478737,0.0,-0.0004177619066355012,12.299986261496628,0.0,1.5708302912154735,85.0,0.07974474221306961,0.05998255539638332,0.05543006405909462,0.23204964080841273,0.35346229641034993,0.045170514430926414,0.1330910444982332,0.2115658551466811,-34.076773646250345,0.151642043765157
81.3,-1.9722979138186645,75.90630647191776,5.217,0.0,12.38,0.02,1.5723397314457708,0.0,0.0,0.0,-1.9663057823325334,-223.71962089151245,0.0,-0.3073533006053925,12.401663848558963,0.0,81.214,-0.008302214940307702,0.6247113409184442,-5.12308005006099,1.566135025696015,-0.004526398649723502,0.6230793708441831,-5.159075617322543,0.032623162647865495,0.038457274977927725,-0.02,1.5681693428724306,-2.0017508953163583,-223.1000847561944,0.0,-0.0004224146438874428,12.399999286090624,0.0,1.5708303924939324,86.0,0.08079039385598623,0.06004449224167013,0.05672396268430775,0.23159988614926688,0.35284441673724953,0.04503916090946544,0.13269556517981848,0.2111243654513995,-34.05210857328685,0.15094375119217046
81.417,-1.9722981865096862,77.14903500086196,5.216,-0.01,12.48,0.02,1.57182959042513,-0.011245196980030042,0.0277816914081678,-0.011711121949883527,-1.9686122583118362,-222.22306762564992,0.0,-0.30713791930131956,12.517057453328707,0.0,81.379,-0.005199463815265311,0.6282837314436854,-5.191708809694938,1.5643386544427245,-0.0011740748572004974,0.6256754279931502,-5.165366084565976,0.04801330694194402,0.06713670675603467,-0.02,1.5677666960889813,-2.001802169719465,-221.6048574825292,0.0,-0.00042981533776723866,12.499996539135356,0.0,1.5708307120314247,38.0,0.08412358081269673,0.06032279589750619,0.05628513194426892,0.2342491090073835,0.3545163298466617,0.04607067332277883,0.13426663638600533,0.21458814241715232,-33.96998151047692,0.15315454236826848
81.5,-1.9722984582709806,78.39176352637375,5.214,-0.01,12.58,0.02,1.5709956206290538,0.0,0.0,0.0,-1.9703730922296785,-221.21766219589952,0.0,-0.3026614115018977,12.594822523031032,0.0,81.412,-0.0030587772086897538,0.6239209589260237,-5.148095351291334,1.5682339967130203,0.0014923005768332403,0.6225825040151496,-5.1617146745320355,0.037102623246463726,0.04292730137606782,-0.02,1.568649235161423,-2.0018369907369413,-220.59968026970697,0.0,-0.0004372805153979304,12.599994412969753,0.0,1.5708310316130807,88.0,0.0829213941677201,0.060294199339417494,0.05692539270183157,0.23314756727140762,0.3539966243815837,0.045359005740369704,0.13359201279650793,0.21332751190186638,-34.00703629528773,0.15240935882441464
81.6,-1.9722987359152313,79.6566836303392,5.213,-0.01,12.68,0.02,1.5706230012754694,0.0,0.0,0.0,-1.9731197610233655,-219.6978472616643,0.0,-0.3013627513344214,12.712647080899048,0.0,81.511,-0.004470840547489345,0.6226512810251164,-5.136391872071393,1.5663193334971728,0.001577137111849633,0.6228012399218661,-5.158764993569887,0.03592627873817288,0.04458887668869771,-0.02,1.5687588352018191,-2.001889915571588,-219.08050288871914,0.0,-0.00044480906972810247,12.699990553063236,0.0,1.5708313511571343,89.0,0.08394963456989442,0.06094165648887989,0.057833399584153664,0.23327951081438691,0.3540746459734649,0.045394336337136375,0.1335051131965265,0.2137785748556284,-33.92351209338726,0.15253733417053217
81.7,-1.9722990132621625,80.92160373262502,5.211,-0.01,12.78,0.03,1.5702755713744576,0.0,0.0,0.0,-1.9753664911976592,-218.4204805549567,0.0,-0.3012021105263632,12.811724324716621,0.0,81.61,0.003489758200797986,0.6171753362946755,-5.107152627689768,1.5719855138196803,0.004537725700852294,0.6173354504026509,-5.1496063478195975,0.01825297978562708,0.03209951150587287,-0.03,1.5701521717415636,-2.001934851701203,-217.80332570751676,0.0,-0.00045240241052276067,12.799988768265996,0.0,1.5708316707642176,90.0,0.07794909072134869,0.057010462257982515,0.056215780094799404,0.22924468219319627,0.3528562118904964,0.04400148186855495,0.13291339008706363,0.20914919773745588,-34.319286006914524,0.15027223995076922
81.8,-1.9813882287795117,82.20871528090726,5.209,-0.01,12.87,0.03,1.5703203364708482,0.0,0.0,0.0,-1.9770924074713054,-217.39144965186156,0.0,-0.3050398840493861,12.89082303303701,0.0,81.709,0.0038167990225908615,0.6264278502568543,-5.193969449803044,1.5612892926445936,0.011729198524688088,0.6215013093096253,-5.158122393959209,0.06291421422148831,0.057996829134127736,-0.03,1.5667033555913725,-2.001971282143236,-216.77413707340153,0.0,-0.00045724390735767725,12.899999307731159,0.0,1.5708317720609202,57.0,0.06215539481568201,0.05000155967949766,0.0547157207651658,0.21719648010173584,0.34733251055374825,0.03865613973744702,0.12857051426211363,0.19519611730710604,-35.141076819851655,0.1421910889771689
81.9,-1.9813885122058394,83.49582695533897,5.206,0.0,12.97,0.03,1.5701723872942404,0.0,0.0,0.0,-1.9791260772412775,-216.09622095449993,0.0,-0.3093828187449027,12.990153779317803,0.0,81.808,0.006618501474360467,0.6221184143998033,-5.157053417129074,1.5616801601862433,0.01780909102488548,0.6230954082055051,-5.161987176943448,0.07873436963638256,0.06060933529050061,-0.03,1.5647541372501146,-2.0020174551086822,-215.47895971925703,0.0,-0.0004649433012146142,12.999995708091891,0.0,1.5708320916760132,92.0,0.11048240169668919,0.07129073185827725,0.05911491574965412,0.24968052598306748,0.3614821046674213,0.05169545056031859,0.13796181697774668,0.23549886240005147,-32.97856556482991,0.16460582872220691
82.0,-1.9813887979496982,84.794034419713,5.204,0.0,13.07,0.02,1.569221426560778,0.0,0.0,0.0,-1.9809130304175444,-214.7910247663362,0.0,-0.30191238577383867,13.09032170470993,0.0,81.907,0.003541648831111982,0.624003854107243,-5.163188612555631,1.5590493322726533,0.01799188951078344,0.6241970369439966,-5.163322076713984,0.0897986946637189,0.06246264358010478,-0.02,1.5639585159772174,-2.0020644015956237,-214.173782583222,0.0,-0.0004727072699221575,13.099994390768934,0.0,1.5708324113347534,93.0,0.08046768874154872,0.057993727684274646,0.056991633067202646,0.22984453132032334,0.35301785063051205,0.04415769318129163,0.1327136139591582,0.2100992842606304,-34.19391082406884,0.15063502729712175
82.101,-1.981389086308969,86.10333767038091,5.203,0.0,13.17,0.02,1.568071833872471,0.0,0.0,0.0,-1.982446757277049,-213.21156711139207,0.0,-0.28861667148172065,13.211346683280984,0.0,82.006,0.010260355665191614,0.62176523710359,-5.125543824562564,1.56329391882242,0.02450976275357676,0.6242142503580146,-5.158709358556507,0.10108359848089488,0.061475606337806354,-0.02,1.5631568438671852,-2.0021215947950197,-212.59460520390368,0.0,-0.0004805345769474475,13.199990546448067,0.0,1.5708327309555696,95.0,0.07973564486662046,0.05695719171020544,0.05574476150837967,0.22964222326597575,0.35315176005081383,0.043954391362683566,0.13277571286143844,0.20972246796488997,-34.32447413491067,0.15070386206129444
82.216,-1.9813893772714124,87.42373670989551,5.2,0.0,13.28,0.03,1.5669807680558898,-0.004298312384261043,0.015846058560505395,-0.01508196988264576,-1.9829806105782344,-211.88427216951814,0.0,-0.27935151783565326,13.31260049751996,0.0,82.171,0.010662511223167656,0.6280529155474933,-5.142400142505505,1.5631759257633953,0.018786393046712375,0.6225442516922985,-5.153434077089392,0.05015448294836784,0.07107323872990179,-0.03,1.5670397563583753,-2.002170120638901,-211.26742802320084,0.0,-0.0004884267175238963,13.299988765858354,0.0,1.5708330506392474,45.0,0.08734750754859663,0.06011000737699019,0.05562250712272864,0.23465727226408423,0.35528632501603513,0.04583593829238897,0.13407399219838637,0.21570584015340888,-33.99467854017624,0.15407761275341336
82.3,-1.9813896674189522,88.75523139601118,5.196,0.01,13.38,0.02,1.5667650891144314,0.0,0.0,0.0,-1.9828111793992564,-210.81515486768217,0.0,-0.2790896137762621,13.393504690810518,0.0,82.237,0.013268404512482101,0.6263743941602644,-5.129839784227169,1.5650386804195222,0.018903976773921416,0.6261040157889235,-5.1520370687566395,0.03550773828674717,0.06238821394147109,-0.02,1.5674109488612369,-2.0022094423214676,-210.19823938938953,0.0,-0.0004934571271270553,13.39999930363048,0.0,1.5708331519555345,63.0,0.08567563973067682,0.060243205611754606,0.05640865162085594,0.23304921990913507,0.35418124447418603,0.044926666981545675,0.13297551957683243,0.21360868209366277,-34.02125415521307,0.1526624952964713
82.4,-1.981389962751397,90.09782200769055,5.193,0.02,13.48,0.02,1.5674988318376728,0.0,0.0,0.0,-1.9818509891769236,-209.4696254902798,0.0,-0.2938757676032335,13.494287643044528,0.0,82.336,0.007939231321639564,0.6274815459587627,-5.128921481634821,1.561962014935544,0.016638420753063383,0.6289368783656648,-5.148918876150397,0.034180844528119245,0.06723309789827248,-0.02,1.5667969451306774,-2.002259253292359,-208.85306203552358,0.0,-0.00050145534721919,13.499995707661736,0.0,1.5708334716472245,64.0,0.07875361555081935,0.05608279100147929,0.0552121396671389,0.22759930997420574,0.3519467512774087,0.04324363759515331,0.1320850581709356,0.2073802281954027,-34.42472472210404,0.149086373588546
82.5,-1.9813902609726597,91.451508407121,5.191,0.03,13.58,0.02,1.567904377649773,0.0,0.0,0.0,-1.980194285435381,-208.1139369354051,0.0,-0.304091084211501,13.595415913087043,0.0,82.435,0.010423108729961992,0.626582962842719,-5.114912491729388,1.563326104896385,0.0166534654147971,0.6290486097857595,-5.14449539298584,0.03147124473126227,0.064578548538746,-0.02,1.5662911800341193,-2.002309867669394,-207.4978848996135,0.0,-0.0005095181842601297,13.59999439064865,0.0,1.5708337913827035,65.0,0.08057950130726385,0.05653922495130462,0.05459312589799613,0.22885741513711122,0.3525948816787759,0.043635972476275306,0.13246056983468515,0.2088189170885258,-34.39791970505187,0.15002993009888366
82.6,-1.981390555960047,92.8051946578928,5.189,0.03,13.68,0.02,1.5681285206836202,0.0,0.0,0.0,-1.9774758298270119,-206.47365402817664,0.0,-0.3127705562899393,13.7175620094206,0.0,82.534,0.010441902888284239,0.6256337415103895,-5.10877896914186,1.5687716951675086,0.015211787674273586,0.6281700147807423,-5.141263322609943,0.021549848431324473,0.06051114723877227,-0.02,1.5670446754897933,-2.00236113790704,-206.13275731047347,0.0,-0.0005176442721074947,13.699988329229805,0.0,1.5708341110805049,66.0,0.08111704383408182,0.05666472173815377,0.05420302109826076,0.22892221489030512,0.35256981217701794,0.043625669375634085,0.13237198790739876,0.20886522812607067,-34.40393980116361,0.15004329138841743
82.7,-1.9813908587105225,94.18107262895202,5.187,0.03,13.79,0.02,1.5680995493338,0.0,0.0,0.0,-1.9752995832006832,-205.37194317690228,0.0,-0.3159482682682672,13.799366676691792,0.0,82.633,0.0026604116767388825,0.6257925509437687,-5.131380030384094,1.5534341373100782,0.012082080260880774,0.6244158314196959,-5.136033092170431,0.03198019787695959,0.043327357393781796,-0.02,1.5663158586087074,-2.0024132279741824,-204.75758009919724,0.0,-0.0005258353220901403,13.799986223543604,0.0,1.5708344308417643,67.0,0.08111723387482406,0.05653789214350871,0.05394635352270738,0.22847779573875354,0.35230495119990435,0.043497312549461604,0.132198628470931,0.2083761232921582,-34.426172803144105,0.14969539290663553
82.809,-1.9813911621878653,95.55695059774537,5.185,0.04,13.89,0.02,1.5681233162202428,0.008724416684937444,-0.0030781928333610264,0.005113605344059391,-1.9715888042935628,-203.70707994155165,0.0,-0.32190403525271016,13.92191401184973,0.0,82.765,0.0019479492448561994,0.6268491533487506,-5.091687388429518,1.5647818470863606,0.007638027921544489,0.6256096198373386,-5.1312527783191815,0.019166573506834303,0.05865009725677872,-0.02,1.566554610338531,-2.0024766881932536,-203.09439171703585,0.0,-0.0005310548045655533,13.89999942055749,0.0,1.570834532178094,44.0,0.0854241141493605,0.058134602025357876,0.054181148006809815,0.23071972516108577,0.35323040809965234,0.044454593848936325,0.13283008389087295,0.2112358629155697,-34.228334304502766,0.1511535299340775
82.901,-1.9723025186986867,96.95502014562757,5.183,0.04,13.99,0.02,1.56802439951827,0.0,0.0,0.0,-1.968162555221239,-202.3084515916175,0.0,-0.32481519013137905,14.02380401978342,0.0,82.831,0.00010492106673479695,0.630338702664053,-5.115129128289574,1.559183451527524,0.007994158204962652,0.6287266225902068,-5.13121885533274,0.035209744709091294,0.059039201070717695,-0.02,1.5654430051067463,-2.002530441559539,-201.69721442590176,0.0,-0.0005393519865444919,13.999996484772298,0.0,1.5708348519464468,70.0,0.08866781057821974,0.06033860970435109,0.05558882735653711,0.2325522432506464,0.35375075348221996,0.0448684785899256,0.13280239122196064,0.21346264309605545,-34.01597154244818,0.1521897445020921
83.001,-1.9723028252120258,98.35308969032945,5.181,0.04,14.09,0.01,1.567839136175115,0.0,0.0,0.0,-1.9644922535308091,-200.89964422321884,0.0,-0.32672859451700553,14.125416413949727,0.0,82.93,-0.0008979628183604835,0.6282470254461232,-5.090173455677118,1.5675562875803628,0.005346830337659128,0.6293735139770373,-5.126356825778927,0.02306491181730653,0.061768011415209045,-0.01,1.5663400288746803,99.74104999819585,2.56780687298133e-10,0.0,14.10000000000693,7.301610847361438e-11,0.0,5.1784474094736524e-12,71.0,0.08214217764051746,0.0564980080252089,0.05476671081820668,0.22769772803755267,0.3518665640435288,0.043380335533423846,0.13207411455706702,0.2079205143644757,-34.37018011914609,0.14909118360193685
83.1,-1.9723031308657148,99.7622548636501,5.179,0.04,14.19,0.01,1.5676293401655297,0.0,0.0,0.0,-1.9606147672191108,-199.48065750851288,0.0,-0.32774220539988186,14.227272060158834,0.0,83.029,-0.003846832013846202,0.6302752120405994,-5.105517436230106,1.5678703367578666,-0.002775714360045691,0.6292517070209258,-5.121975926836635,-0.019814665392718846,0.06290894252351542,-0.01,1.5693801021355314,-2.002629182094795,-199.15685963798123,0.0,-0.0005561388159370682,14.199988440972374,0.0,1.570835491532105,71.0,0.08256086125049172,0.05633190202141701,0.05426662947169665,0.22813594381549726,0.3521774276812253,0.04339571699860496,0.1321776078339347,0.20836350376526874,-34.399867154150215,0.14949419649180262
83.201,-1.963214486667809,101.18251598036554,5.175,0.04,14.3,0.02,1.5683965462401999,0.0,0.0,0.0,-1.956607024507884,-198.05146967344498,0.0,-0.3448797559535973,14.328654459189202,0.0,83.161,-0.01123638598178477,0.6324376367991438,-5.121282594541892,1.5578437755101424,-0.004113388971807283,0.6347041151186472,-5.127433257951992,0.03491851581301426,0.06495428348127064,-0.02,1.5655810065729878,-2.002696424528224,-197.44568265683145,0.0,-0.0005646289724162876,14.2999887656178,0.0,1.5708358113694216,40.0,0.08391845254359713,0.05674783326480636,0.05403490574025299,0.22886141618456765,0.35247408530106167,0.04358929021099486,0.13227971648286868,0.2091958725366327,-34.363942941407196,0.14997031077588854
83.302,-1.9632147992571092,102.61387288229632,5.171,0.04,14.4,0.02,1.5689832029773405,0.0,0.0,0.0,-1.9526213576994917,-196.6120388304872,0.0,-0.3555567308432814,14.430864426245897,0.0,83.26,-0.01746480242301541,0.6065027196051289,-5.081198785362457,1.556302999508533,-0.008414650101095144,0.6169109178748773,-5.123561713360891,0.03855730836220187,0.01694713716801921,-0.02,1.5653474248780193,-2.002753261376515,-196.00849403536046,0.0,-0.0005700373661829092,14.399999429584515,0.0,1.5708359127246512,42.0,0.09110112056088882,0.06057864968045047,0.055780509300711344,0.23306672282239216,0.3539735217090951,0.04489251604670651,0.13282440938575,0.21435566526638916,-33.957811634514265,0.15255222151226505
83.402,-1.9541261523108595,104.05632540870565,5.168,0.04,14.5,0.01,1.5682503395390253,0.0,0.0,0.0,-1.9487297545457123,-195.1623389622263,0.0,-0.35031117328679834,14.533692683964519,0.0,83.326,-0.019020505805225373,0.605977455273295,-5.08068071541021,1.5637879154250562,-0.011796313174122535,0.6061326349080012,-5.118908132834235,0.01817248712430774,-0.0023835170663577543,-0.01,1.5667837930800044,-2.002810935675864,-194.561316743598,0.0,-0.0005786335986010283,14.499996489216903,0.0,1.5708362325699583,76.0,0.09189176762385134,0.06132866137474139,0.0570583208426208,0.23317963927458166,0.3538969526206871,0.044992056057368196,0.1328462379606053,0.21474915893542104,-33.845987434712164,0.15251732629075535
83.501,-1.954126467956712,105.509873882666,5.165,0.04,14.6,0.01,1.5680742813881974,0.0,0.0,0.0,-1.9449053325186016,-193.70248343571342,0.0,-0.35238615573529414,14.634185062429738,0.0,83.458,-0.025095809614426538,0.5998101923840415,-5.061606807479809,1.5670591576269113,-0.02234306655647351,0.597387657743655,-5.112571538458404,-0.02059475251449679,-0.012920824200280734,-0.01,1.56946602373666,-2.0028694744801574,-193.10413963060353,0.0,-0.0005872945095950295,14.599995412055929,0.0,1.5708365524588577,43.0,0.08506367235773961,0.05702492441434535,0.055715956999497045,0.22872156991437398,0.35239946826257296,0.04366314726833342,0.13236344006668133,0.20951743069531858,-34.250977490412225,0.14985638443313487
83.602,-1.9541267861896294,106.9745181427972,5.164,0.04,14.7,0.01,1.5686976288587342,0.0,0.0,0.0,-1.941204298622594,-192.23272234850575,0.0,-0.36637066663089823,14.731485041288366,0.0,83.524,-0.024965323003128523,0.6012390645853025,-5.0999256616025495,1.56311321272672,-0.022952039073752234,0.5928970359047911,-5.112105800240656,-0.005634405055520923,-0.009948680082299433,-0.01,1.568456952240956,-2.0029287300753693,-191.6369121633804,0.0,-0.000596018674127072,14.69999063752746,0.0,1.5708368723087338,33.0,0.063343204530153,0.048059531896845545,0.054149221629128434,0.2142542406097177,0.3458611398247375,0.037477017353127695,0.1276895149804432,0.19248816509507405,-35.307702826946134,0.1402956959502873
83.7,-1.9450381443597493,108.45025819062329,5.163,0.03,14.8,0.0,1.5691977677077542,0.0,0.0,0.0,-1.9384396294315243,-191.04994714609342,0.0,-0.37547405354974317,14.807758061174766,0.0,83.623,-0.03234425884753512,0.5954882239146759,-5.079447308900806,1.5608119781003222,-0.02139298017202805,0.59214018199654,-5.109415148287638,0.04887556340309221,-0.006174585327952897,-0.0,1.5654647229792118,-2.00297676074956,-190.455734741377,0.0,-0.000604807760797055,14.799986305461232,0.0,1.57083719222193,77.0,0.08370628129003163,0.056255673657045466,0.05574886841496074,0.22782089601032746,0.3519505791521898,0.04299747759981955,0.13180986219305957,0.2082735723513731,-34.32891802564566,0.1492015000687612
83.801,-1.945038462854864,109.92599823481166,5.164,0.03,14.89,0.0,1.5690294560652713,0.0,0.0,0.0,-1.9347548284089466,-189.2644118703305,0.0,-0.3779883029381293,14.920728901121878,0.0,83.755,-0.03538948430195881,0.6091427363496453,-5.076880115831257,1.5688121381443316,-0.03214079230272313,0.5972819223337273,-5.1012315312724095,-0.01560717803999347,0.033292071668931555,-0.0,1.569831873547698,-2.0030497236751295,-188.67254635419306,0.0,-0.0006104053224113604,14.899999441100418,0.0,1.5708372935965722,46.0,0.08574821338891436,0.0566691440805875,0.05495917219262501,0.22921142017204676,0.3526637256584878,0.04346393028358489,0.13229877600315038,0.20988631649855558,-34.30296092508804,0.15023072693333644
83.916,-1.9450387967873617,111.46831301235963,5.166,0.03,14.99,0.0,1.5692028494693822,-0.017854077451961093,-0.02180184563322562,0.01513529774330262,-1.9321050278925562,-187.76616440597616,0.0,-0.38568383078042745,15.014072873887097,0.0,83.887,-0.03917054243244928,0.6119165691883186,-5.131550267368227,1.5510952263094537,-0.02972886896850769,0.6050946925036103,-5.105017879956982,0.057295244243188756,0.07697091538629763,-0.0,1.5650025764804536,-2.003111457455222,-187.1753690618538,0.0,-0.0006193007081957899,14.999996493741403,0.0,1.5708376135184037,29.0,0.10126767952681251,0.06359966308934457,0.05709257113119262,0.23811831961992372,0.35618957233873266,0.046587973898854974,0.13414436232131774,0.2212961165762524,-33.55999737517316,0.15604226456632142
84.0,-1.945039038721358,112.58898777835444,5.167,0.02,15.06,0.01,1.5693426549576706,-0.04177187906122138,0.022314562585177052,-0.009472110054509911,-1.9302824741641356,-186.56079077733602,0.0,-0.39005299121190684,15.089796898463813,0.0,83.92,-0.03695254684156984,0.6058416913226483,-5.088561906994184,1.5657991577742785,-0.03061206127914016,0.6091475209398243,-5.103967331187286,0.043437733449925284,0.09432520163865021,-0.01,1.5666102372093627,-2.0031615147098334,-185.97024184546714,0.0,-0.0006282607797093904,15.099994324598969,0.0,1.5708379334846636,80.0,0.09308737955325204,0.06102776934686012,0.05755935710923951,0.23302422050318414,0.3538034044049757,0.044596479432240835,0.13261346264264928,0.2147550412158647,-33.83496887194486,0.1523703626317009
84.103,-1.9359504675648047,114.44198466453471,5.166,0.02,15.18,0.01,1.5685773329485695,0.0,0.0,0.0,-1.9280520011382725,-184.7411821763318,0.0,-0.3843502909247672,15.207199266653888,0.0,84.019,-0.0395856639186268,0.6079912208312707,-5.100964470533026,1.5593462834101592,-0.026504273707781575,0.6101390856114646,-5.105080110063293,0.0723282754423387,0.07653218605619827,-0.01,1.5647446797221345,-2.0032374430034876,-184.1510644709437,0.0,-0.0006372841920709766,15.199990526602416,0.0,1.5708382534125864,84.0,0.0871712977598798,0.05682908343680563,0.056153024005537,0.22867796396794426,0.3523018925015108,0.043446594909883444,0.13225856117131188,0.2097717102594151,-34.21033964054935,0.1497282049218227
84.203,-1.93595079473155,115.96210785420838,5.164,0.01,15.28,0.02,1.56813542248239,0.0,0.0,0.0,-1.9265449861684798,-183.21394985124192,0.0,-0.38222840477791725,15.307706501720535,0.0,84.118,-0.0392173618505919,0.6027050648348773,-5.057845678891467,1.5650777759381245,-0.03006193701397681,0.6056243138895434,-5.0973724104723335,0.0437460351542633,0.06113978806213005,-0.02,1.5672929485577027,-2.0033017039063448,-182.6240372956066,0.0,-0.0006463725889326221,15.299988799480534,0.0,1.5708385734002386,85.0,0.08891048612140867,0.05718030893805916,0.05523381083370559,0.2301479429363098,0.35308867076953093,0.04373937936768375,0.13255989828895076,0.2113503811372669,-34.21003645890034,0.1508528332932722
84.3,-1.9359511246323358,117.49332682865213,5.16,0.01,15.38,0.02,1.5681633300289999,0.0,0.0,0.0,-1.9252511487315807,-181.67661025831447,0.0,-0.3873623137514771,15.40910615061951,0.0,84.217,-0.043771796699772575,0.6091301361168301,-5.097283428966102,1.560557197304996,-0.0366148479417109,0.6095260608433519,-5.096876232069155,0.021687786473858973,0.06419321388875332,-0.02,1.568744569116814,-2.003366735480227,-181.08694867475995,0.0,-0.0006521591495999937,15.399999468609858,0.0,1.5708386747930598,83.0,0.08733488037690806,0.05650060991717951,0.05453401507946717,0.22896282643502786,0.35248913563714424,0.04320174671396004,0.13206056883829495,0.20977261044451861,-34.31840983699084,0.14999787860407066
84.401,-1.9359514532208344,119.0356414027629,5.157,0.01,15.48,0.02,1.5688591133246685,0.0,0.0,0.0,-1.9241568587557354,-180.12909188417174,0.0,-0.40308847156080035,15.510217863071906,0.0,84.316,-0.046119673146667164,0.607536083970381,-5.077214910850648,1.5660381464328919,-0.04190464477324495,0.6074473329037915,-5.095167749484588,0.003998401106295497,0.061158224260697835,-0.02,1.5698955961595997,-2.003432667336374,-179.53977138085287,0.0,-0.0006613537975810737,15.49999650374154,0.0,1.5708389947914358,85.0,0.08830693491941494,0.05672970775726539,0.05418886207216202,0.22902756916116276,0.3524591135766733,0.04330376265478657,0.13207864130668243,0.20995384479836918,-34.30251883193843,0.14999962609099826
84.501,-1.9359517852240842,120.57795615792784,5.153,0.01,15.58,0.02,1.569663816425253,0.0,0.0,0.0,-1.9233848898134653,-178.57141088715085,0.0,-0.4201577161469602,15.611006877879252,0.0,84.415,-0.0459322245967841,0.6123558683672755,-5.110169460984531,1.5624025757318112,-0.037892646224205274,0.6104570024197038,-5.09781045925952,0.03964784322145117,0.07033004150596867,-0.02,1.5676240181889256,-2.0034995235452873,-177.98259426723936,0.0,-0.0006706132129802562,15.599995417331186,0.0,1.5708393148339714,86.0,0.08902041966104982,0.056855011382154506,0.05396387342865976,0.22894603788271237,0.35238929810593655,0.04336184610020807,0.1320619327429855,0.20998433653013665,-34.296010590667684,0.14992419291515446
84.6,-1.9359521216420674,122.14246248918971,5.151,0.0,15.68,0.01,1.5698854305690642,0.0,0.0,0.0,-1.9230966147573594,-177.3179622193618,0.0,-0.4267252369217994,15.691896689266857,0.0,84.514,-0.047719037298360224,0.6156684740490977,-5.11708269330092,1.5579798135721004,-0.03500028167402127,0.6147748190437854,-5.102999526924142,0.07754699252083794,0.07852207837503222,-0.01,1.5658754105954005,-2.0035535418772263,-176.72941659191886,0.0,-0.0006799357823636358,15.69998844408507,0.0,1.5708396348383618,86.0,0.08844234396104919,0.056456719544200965,0.0537573070807822,0.2281187231470065,0.3519978761886323,0.04309108558375186,0.1318120416226634,0.20907117011664395,-34.340653485575025,0.14934929452022522
84.7,-1.9359523748719738,123.31861618258785,5.15,0.0,15.76,0.01,1.5695928781668214,-0.014372211257467895,0.021413935589699864,-0.011496833777289682,-1.923164002937047,-175.74202129003774,0.0,-0.42507131641496654,15.793727130669794,0.0,84.613,-0.04701689968383937,0.6134686944092302,-5.089084008095796,1.560463483306807,-0.03253549929537388,0.6173981161982818,-5.103701996690491,0.08609408587979521,0.10004717137565144,-0.01,1.5653680175776403,-2.0036219060094056,-175.15423937417785,0.0,-0.0006893235546299336,15.799986265625186,0.0,1.5708399549058711,87.0,0.08919431223182579,0.05653217414771575,0.053664631039341736,0.22816564322563704,0.3520270411629935,0.043149736438378286,0.13185156984181037,0.20926073935595668,-34.32731669498721,0.14939236027926683
84.8,-1.935952796655556,125.29366652222411,5.148,0.0,15.89,0.01,1.5687785251673796,0.0,0.0,0.0,-1.9235745461008311,-174.15589495507405,0.0,-0.4195262563699393,15.896430275626024,0.0,84.712,-0.04491939685231452,0.6154497553936522,-5.102768426211647,1.5571857060317054,-0.02990257405368868,0.6170302266431285,-5.1045934078622235,0.08934245958744501,0.06849194597524821,-0.01,1.5651979578195965,-2.003691131269912,-173.5690509776174,0.0,-0.0006952994106492796,15.899999303016642,0.0,1.570840056319468,38.0,0.06953576921639518,0.04994488914334274,0.05316307111843631,0.21602025106019948,0.34630832696659203,0.0377159619344313,0.1274446111017895,0.19441485616083795,-35.12720042436442,0.14115150840279936
84.9,-1.9359531381509427,126.88036441812653,5.148,0.0,15.99,0.01,1.568340514381651,0.0,0.0,0.0,-1.9241502616115354,-172.55948104540326,0.0,-0.4156712380893687,16.000085097768114,0.0,84.811,-0.04702080994285442,0.5896176151407494,-5.04773879154123,1.5642888189440596,-0.038010565138803895,0.5907944854495126,-5.092937284480712,0.036442654004915025,0.00537700239708272,-0.01,1.5685180065687079,-2.0037612099812048,-171.97387362432096,0.0,-0.0007047934121483259,15.999995707769832,0.0,1.5708403763949443,89.0,0.09126162748382668,0.05774046643026511,0.05506645453503974,0.2288654680760615,0.3521900068318404,0.04338337315846772,0.13187905413605985,0.21038636590595608,-34.16218446522961,0.1497410013031123
85.0,-1.9359533962618087,128.07870968019458,5.148,0.0,16.07,0.01,1.5684891443841644,0.04194090279424836,-0.009892660005882679,0.007783876932618506,-1.9247865612572748,-170.9527344150841,0.0,-0.42291913038878354,16.102732336568412,0.0,84.91,-0.045432292979124426,0.5933089935043874,-5.056281730315551,1.5666818042732986,-0.040735064803135344,0.5878648112022362,-5.0895096260467145,0.010646551389918945,0.02649043056683098,-0.01,1.5701349062272703,-2.003832241686381,-170.36869648903036,0.0,-0.0007143522333978201,16.09999439069878,0.0,1.5708406965142638,43.0,0.0697809568877219,0.049944200561856264,0.0539983201174197,0.2160911932555666,0.34643354765956075,0.03772999523323139,0.1275606521203117,0.194686502945695,-35.08408827346119,0.1412683765454464
85.101,-1.9359538308086357,130.0981433569977,5.148,0.0,16.19,0.01,1.5696483028030508,0.0,0.0,0.0,-1.9257285912231268,-169.0112313052595,0.0,-0.44613819455762554,16.222042276951704,0.0,85.075,-0.044280781335668803,0.5869572156949355,-5.069853687013632,1.5603763350120323,-0.03719605744226934,0.582847295858612,-5.083209134318345,0.061764511467207274,0.007086269139040979,-0.01,1.5669830352519571,-2.0039185353249565,-168.4295191105796,0.0,-0.0007239743501758604,16.199990546459606,0.0,1.570841016595648,26.0,0.0913512016027202,0.05753520304492684,0.055713124341035355,0.22882351660815084,0.3522472495975637,0.043241585770619095,0.1318422786050354,0.21044984161721608,-34.1449712758636,0.1497658741120523
85.2,-1.935954179209105,131.71812861012492,5.146,0.0,16.29,0.01,1.5698028264476473,0.0,0.0,0.0,-1.9265878093558437,-167.7089920951,0.0,-0.4522746788320842,16.299810353586516,0.0,85.108,-0.04369070855504851,0.585717443031165,-5.07881375162069,1.5586662479985438,-0.030936994704249682,0.5793066140216818,-5.083668438392719,0.08554047980208623,0.007682337491896618,-0.01,1.5655477465028573,-2.003976836244755,-167.12834169373676,0.0,-0.0007336614874134301,16.299986264717575,0.0,1.5708413367399974,92.0,0.09613338293950047,0.05990794645455588,0.0569331642079222,0.2317982882392853,0.35341955039507766,0.043984660125104325,0.13223791303713178,0.21412931555337944,-33.89272625819264,0.15167682763482337
85.308,-1.9359545300418546,133.34920964910012,5.145,0.0,16.39,0.0,1.5692776506210233,0.0,0.0,0.0,-1.9282383294207925,-165.74407204787252,0.0,-0.44688931391595527,16.414939366700892,0.0,85.273,-0.04144524867717042,0.578489264228547,-5.039673148300864,1.5605644055904664,-0.030480637119185416,0.5778952751768358,-5.080970172950032,0.08374852989196577,0.01913564748684138,-0.0,1.5656925964993156,-2.004065300666032,-165.1651533096557,0.0,-0.0007398265857962541,16.399999432890265,0.0,1.5708414381736087,35.0,0.09625912521048,0.05851976554791809,0.056051442098385466,0.2313341483212468,0.353539558035816,0.044214946015709786,0.1327655017294996,0.21391949348371345,-33.97751977429857,0.15161119954392022
85.401,-1.9359548811366238,134.9802906833338,5.142,0.0,16.48,0.0,1.5687296181593577,0.0,0.0,0.0,-1.9297898284809338,-164.09621767887808,0.0,-0.44224232812636566,16.509452686377223,0.0,85.372,-0.04024199051305126,0.6015056322224597,-5.097693847856588,1.560741623009271,-0.031754888272853055,0.5915083848604337,-5.083152078852558,0.06444138434941767,0.06450622998371003,-0.0,1.5669013143012875,-2.0041400446793487,-163.51797601843484,0.0,-0.000749620103762166,16.4999964892992,0.0,1.570841758325972,29.0,0.09838032672520092,0.06038997847308002,0.057016497320685665,0.23315239781797642,0.35409044431749326,0.04428437463936514,0.13251359199688834,0.21583756041960528,-33.83297788094475,0.15266751835558035
85.501,-1.935955233926009,136.63356307765173,5.139,0.0,16.58,0.01,1.5686893528935053,0.0,0.0,0.0,-1.93137189726762,-162.43894192538113,0.0,-0.4456972072977514,16.603842166262734,0.0,85.471,-0.038079784381187164,0.5951613160028295,-5.065342290971328,1.562576078728164,-0.031607249746923805,0.5946407519466874,-5.082246361218694,0.05233011370313353,0.072229757482841,-0.01,1.5676538082130331,-2.0042157635748308,-161.8609489122203,0.0,-0.0007594784272856246,16.599995479629143,0.0,1.5708420785198105,30.0,0.09907239641587685,0.06099596488767069,0.05796000141533904,0.2331994704877016,0.353959830584496,0.04424068750711694,0.13241551192118864,0.21605587015983105,-33.75160728816817,0.15256633359667154
85.601,-1.9359555915579776,138.29793146901346,5.136,-0.01,16.67,0.01,1.56894741842081,0.0,0.0,0.0,-1.9329787980882385,-160.77211082961787,0.0,-0.45453602353352884,16.700067068058473,0.0,85.537,-0.03648331742516049,0.6003740589741782,-5.095603945474656,1.5596858533377627,-0.024766086108549176,0.6007288945292084,-5.084958143697428,0.08665378138537075,0.09335046221312382,-0.01,1.566223658145006,-2.0042922936054657,-160.1938214240264,0.0,-0.0007693999987866897,16.69999047910783,0.0,1.570842398677345,64.0,0.09899691476364743,0.06088000318305977,0.05864931144672229,0.23283349991691826,0.35381670945300925,0.0441562223679171,0.13241658876399132,0.21582813317887856,-33.72783030997448,0.1523194754242484
85.7,-1.935955949982393,139.96229985701734,5.133,-0.01,16.77,0.01,1.5690272814270596,0.0,0.0,0.0,-1.934303166870347,-159.43159755435485,0.0,-0.4594156394727042,16.77903475890815,0.0,85.669,-0.03620533778547364,0.5960680944041286,-5.074671761218853,1.553468419054496,-0.022541541343422532,0.5995420308135033,-5.083029982320953,0.12245468304081683,0.08193474280985313,-0.01,1.5641233236300784,-2.004354239834008,-158.85264401087733,0.0,-0.0007793867165206209,16.799986234647168,0.0,1.570842718899335,31.0,0.09307077155204024,0.05677098553336593,0.056666983296703104,0.2290833264211741,0.35265367894108124,0.04310722912759664,0.13207882169589077,0.21124309637017397,-34.12604786709555,0.15016750857493688
85.8,-1.9359563104556372,141.63776403036317,5.131,-0.01,16.87,0.01,1.5683957164317859,0.0,0.0,0.0,-1.9362563520507923,-157.40881026363226,0.0,-0.45267862217734584,16.900535766253316,0.0,85.768,-0.0350590070950066,0.6014432074367322,-5.079631937947716,1.5554998611636406,-0.02220614478062834,0.6024149174362894,-5.083508009341948,0.10853439445093667,0.08632969555004877,-0.01,1.56498532364018,-2.004448201133156,-156.82950563108747,0.0,-0.0007857411015694042,16.89999944621579,0.0,1.5708428203526925,32.0,0.09923037260480183,0.060058430853601345,0.057689342044036994,0.2331306632532346,0.35415285272182906,0.04396535452492188,0.13234570728910922,0.21600423002561778,-33.816370964739015,0.15270360422538715
85.9,-1.935956673585686,143.32432398793497,5.131,0.0,16.97,0.01,1.5676993141558506,0.0,0.0,0.0,-1.9376507144606605,-155.711975995194,0.0,-0.44592254453509894,17.00296143520588,0.0,85.834,-0.03054069325145529,0.5973351255989257,-5.043626748293509,1.5628172251502082,-0.017893242655715465,0.6014869586617368,-5.079432807221485,0.08342784010979604,0.08044465534614886,-0.01,1.5659033649976504,-2.0045275593100835,-155.13232833921887,0.0,-0.0007958342078536618,16.999996494103463,0.0,1.5708431405814494,66.0,0.09999337240265062,0.06080719560443392,0.05844891009692493,0.23332771531500984,0.35406269321880834,0.04400920265322911,0.13230426117908614,0.2163559055610446,-33.734902772022515,0.15268837779238797
86.0,-1.9359570386503648,145.02197972999463,5.132,0.0,17.08,0.01,1.5678210172944258,0.0,0.0,0.0,-1.9386877197428511,-154.00490632191372,0.0,-0.4527747645924936,17.105045295660773,0.0,85.933,-0.028909420808175684,0.5809340851487876,-5.0368232867025124,1.5572885234610565,-0.014238984910426529,0.58782466337855,-5.0748024417944375,0.09165534695625906,0.03438828535775329,-0.01,1.565440922372,146.6125499972233,4.779427497639011e-10,0.0,17.10000000000491,9.195727572837416e-11,0.0,5.377618463646067e-12,18.0,0.07223756560932762,0.050218321509519805,0.056060444111922646,0.21714611186747315,0.3469964317650373,0.037570348317629794,0.12762053875699714,0.19614040963658502,-34.93926474862624,0.14199648377132562
86.101,-1.9359574063473985,146.7307312579684,5.133,0.0,17.18,0.01,1.5677815485422055,0.0,0.0,0.0,-1.9393445145445762,-152.28761462967708,0.0,-0.4555231989786907,17.206718484503824,0.0,86.065,-0.028010612432909626,0.5809839450876272,-5.037545853991976,1.5563620831335165,-0.016892153591661956,0.580791419303281,-5.068618873583958,0.09406190140070643,0.01997456666699904,-0.01,1.5653276580272821,-2.004689137112173,-151.7079737513499,0.0,-0.0008162134079913977,17.19999054707657,0.0,1.5708437810888478,36.0,0.09613261636059865,0.05794642712409794,0.05728047273035084,0.2302945751557071,0.35300523737165196,0.04331363537524551,0.1320669086873467,0.21284634923861057,-33.99138340908256,0.1508360636680108
86.2,-1.9359577763422209,148.4505785706321,5.133,0.0,17.28,0.01,1.5677071607813724,0.0,0.0,0.0,-1.9395964810087682,-150.90650405952317,0.0,-0.4574570359740773,17.286822852056854,0.0,86.164,-0.029031281566000412,0.5868393026349501,-5.07230389767002,1.559298451636179,-0.01924822021809002,0.58248318147782,-5.070041036584248,0.0672182634677104,0.0300257229730434,-0.01,1.5669131479550744,-2.004754836461194,-150.32684633623276,0.0,-0.0008264997627265275,17.29998628147958,0.0,1.5708441013855032,36.0,0.10108463698204694,0.060406198005530175,0.0581237717189024,0.23328721265245517,0.35413975984498786,0.0440210044678254,0.13237200874463,0.21654347605376884,-33.756043117345435,0.1527412894489853
86.3,-1.9359580559288148,149.74878589262116,5.132,0.0,17.35,0.01,1.5676424420115094,0.012690579184177547,-0.0060167964366825396,0.0008140199250983608,-1.9395601669380753,-149.17118333107356,0.0,-0.4616238436336172,17.385149491799226,0.0,86.23,-0.027992864537855083,0.5832990279717128,-5.039893275529954,1.561330819864338,-0.016436217070558725,0.5819342421198008,-5.067206772148145,0.0642052793210161,0.05966147538613242,-0.01,1.5671084326715363,-2.0048378070925494,-148.5916579391294,0.0,-0.0008330434709963593,17.39999931275526,0.0,1.5708442028583025,70.0,0.10190586357558665,0.06100525183097371,0.058781163553240236,0.2335230707931283,0.35414180269455736,0.04407227577024348,0.1323720090613691,0.21697582625363415,-33.685605064537725,0.1528155783756372
86.401,-1.935958520656051,151.92356030974437,5.128,0.01,17.47,0.01,1.56835211121035,0.0,0.0,0.0,-1.9390602634373373,-147.0758867356845,0.0,-0.47898032027152826,17.50115523856317,0.0,86.362,-0.02760538768710493,0.5792761451747048,-5.020142586014304,1.569705271129912,-0.024307523339479258,0.5800964040184489,-5.061567971269204,0.00019087151233162895,0.037737664996353004,-0.01,1.5702142487128286,-2.0049385890600515,-146.496380663296,0.0,-0.0008434362896028829,17.499996524152536,0.0,1.570844523163838,39.0,0.09685272441458195,0.05728815313037981,0.05686574111945848,0.22989458786569236,0.3529537585254364,0.043255132557630346,0.13214875283344468,0.21265827178386376,-34.035875808042974,0.15066808905958812
86.501,-1.9359588954270706,153.66559918393762,5.124,0.01,17.57,0.01,1.5692079871103657,0.0,0.0,0.0,-1.9384154831098974,-145.31909573368173,0.0,-0.4980716035743109,17.597509558088852,0.0,86.461,-0.033510057724662985,0.5825231096798037,-5.038896405408392,1.561395389143975,-0.028497668187173572,0.5790376206096037,-5.0594615192037065,0.006563459321118901,0.0445826367279345,-0.01,1.5698560005447189,-2.005023747707067,-144.73915354703774,0.0,-0.0008538940360966468,17.599995402783044,0.0,1.5708448435141278,40.0,0.10235333070915605,0.06035638600086209,0.05784782834751018,0.23348677271437732,0.3542466888941447,0.04394170942487487,0.1322920198019098,0.21690431083835515,-33.75514911174168,0.15289439463368804
86.6,-1.9359591792913946,154.98599807180986,5.121,0.01,17.64,0.01,1.5699574733760695,-0.0006510420716953806,-0.026547502809516017,0.010752309006876041,-1.937920386099977,-143.90665518377136,0.0,-0.5152496977902625,17.674423359458903,0.0,86.527,-0.03489911886021523,0.5833771885831545,-5.080476701013203,1.5545928399672606,-0.02328822887110529,0.5825423955197249,-5.063077042597191,0.06288713151058602,0.07930305318234332,-0.01,1.5666829189365332,-2.005092473636096,-143.32597587311253,0.0,-0.0008644148822035072,17.699988437519597,0.0,1.570845163825755,73.0,0.10237660739021927,0.06081613449591244,0.058534281417662995,0.23325426485438938,0.353993639951645,0.04384649126980043,0.1321797497117949,0.2167188842863601,-33.70547086626013,0.1526055120764089
86.7,-1.9359596517208573,157.19405982598647,5.117,0.0,17.77,0.01,1.5701335074289258,0.0,0.0,0.0,-1.9375236926372652,-142.13235090438465,0.0,-0.5234454793052293,17.77142701615546,0.0,86.626,-0.03296393736572477,0.6009813559246338,-5.0245188207383364,1.5610982436795375,-0.02188053914327492,0.5951596661613074,-5.058982129128955,0.06619218907409224,0.08228229098543238,-0.01,1.5670885719728296,-2.0051793305319014,-141.5507986564087,0.0,-0.0008750011460726003,17.799986263209597,0.0,1.5708454842005501,45.0,0.0732606804646979,0.050209749325104205,0.0561756623494769,0.2171185122426885,0.3469797158347092,0.03740725170246268,0.12751666360396047,0.19623902480567385,-34.90048195500099,0.14194089954932243
86.803,-1.9359600335528242,158.9693860512482,5.114,0.0,17.86,0.01,1.5698509004458339,0.0,0.0,0.0,-1.9373953901364263,-139.99025850324045,0.0,-0.5211986818271338,17.889936970448325,0.0,86.758,-0.030454180072837577,0.5864224651202065,-5.057260674519096,1.5597008275490936,-0.01843699329623342,0.5902823736741394,-5.0597775259070445,0.07610354615361781,0.0813409285217297,-0.01,1.566554554119052,-2.0052847947920234,-139.40761027301,0.0,-0.0008817342474343699,17.89999943245369,0.0,1.5708455856929233,45.0,0.07524225538607929,0.05161992780574105,0.057029497702066466,0.21890341716042228,0.34763938041733644,0.037986090931904755,0.12783565104872702,0.19813511919520216,-34.64968087318381,0.14285847100059385
86.903,-1.9359604269119757,160.81128675032195,5.109,0.0,17.97,0.01,1.5696496582266428,-0.015664981803021564,0.015079296313888458,-0.007177232341172284,-1.937434571685228,-138.1942416177472,0.0,-0.52141242493475,17.990322067772542,0.0,86.824,-0.030028194433692673,0.586630538574803,-5.028927347987668,1.5621497157526028,-0.01971533081171139,0.589602589647263,-5.0565548371887346,0.05747876940354798,0.06560307159474021,-0.01,1.567609376262778,-2.0053737977546855,-137.61043298232505,0.0,-0.0008924268815200292,17.999996489157983,0.0,1.5708459060757218,79.0,0.14024350752121018,0.07246000073126344,0.06116076641795148,0.2508223874964517,0.3615734859072717,0.05077592888684602,0.13719334803302555,0.24370679793604674,-32.506083873060305,0.16505195422209112
87.0,-1.9359608064124743,162.5755171741842,5.106,0.0,18.07,0.01,1.5694517557884122,0.0,0.0,0.0,-1.9374735288684237,-136.75016164380807,0.0,-0.5198266473379758,18.071522031052005,0.0,86.956,-0.031637078336759245,0.5892977042717878,-5.0257439940532445,1.5622068959465556,-0.024176988415958313,0.5922084463463646,-5.0577972788333625,0.048453845499668795,0.06140273355975978,-0.01,1.5681239615693991,-2.005445811653323,-136.16525577334676,0.0,-0.0009031844286502875,18.099994390540132,0.0,1.5708462265025105,44.0,0.09970441793740586,0.05802813116021824,0.05821075004608874,0.23077076467567548,0.3530106693896506,0.04322192116590777,0.13206697091981273,0.2138782241922444,-33.8913606867871,0.1508238280778682
87.101,-1.9359611956238183,164.3841307479235,5.102,0.0,18.17,0.01,1.5696344779015072,0.0,0.0,0.0,-1.9374865643668346,-134.57184560544502,0.0,-0.5303348425351834,18.193220271296322,0.0,87.022,-0.035698785350693464,0.5950533351031978,-5.096143068547591,1.544208960580596,-0.012336586390690676,0.5946157449435201,-5.06375486860769,0.14757413596271682,0.06656181889619361,-0.01,1.562704290789909,-2.005554833963244,-133.98607839555052,0.0,-0.0009140052784914949,18.19999054638928,0.0,1.570846546891187,28.0,0.07090321137179133,0.047996674619124505,0.05554739103593423,0.2150907609418271,0.3462523457446563,0.03668278000824654,0.12754399869572,0.19418427913686442,-35.13003005664533,0.14070186652705197
87.2,-1.9359615842864173,166.20383984381274,5.098,0.0,18.27,0.0,1.5687885205869117,0.0,0.0,0.0,-1.9373988544038694,-132.74538889671507,0.0,-0.5176192771364893,18.295528205973223,0.0,87.121,-0.030272489577304048,0.5956594639562252,-5.045215014107011,1.5582766012231595,-0.011127914641051381,0.596604609753584,-5.05933633262498,0.13042500071393978,0.06752101544800482,-0.0,1.563683980399041,-2.0056468788209885,-132.15890121628314,0.0,-0.0009248914651049909,18.299988765861887,0.0,1.5708468673430986,79.0,0.09925297058320594,0.057110897526613524,0.05682945949314282,0.2301259826321399,0.35311635056464863,0.042974834577754514,0.13223865767651155,0.2133254181617436,-34.01681853411466,0.15076003833874196
87.3,-1.9359618777436935,167.5686218557318,5.096,0.01,18.35,0.0,1.5678882422533371,-0.00782032635917055,0.020905232051368718,-0.011373408285670374,-1.9370004106497487,-130.90876840047144,0.0,-0.5032417558041061,18.397970824496984,0.0,87.286,-0.03226541935112801,0.597637016052783,-5.022612936472786,1.5585972278962892,-0.022010597236913208,0.5998638074656426,-5.05282446797883,0.07866564897167863,0.09047326780990872,-0.0,1.5659881548781474,-2.0057212107806026,-130.68971258353355,0.0,-0.0009318138732532623,18.399999306584473,0.0,1.5708469688550908,14.0,0.0752045328173479,0.05015825137800205,0.055142183173785976,0.217689673747316,0.34738566370991675,0.03727404102464482,0.12750849557373078,0.19692559628792103,-34.93983108945566,0.14237633990024293
87.4,-1.9359623720041839,169.86545011556902,5.094,0.01,18.47,0.0,1.567689013961006,0.0,0.0,0.0,-1.936094966185526,-129.0619651628254,0.0,-0.5075116216967819,18.499807849490004,0.0,87.319,-0.03501754413032134,0.5992104017736747,-5.0225159808504465,1.5579765865095914,-0.019300587985170287,0.6009411806819127,-5.049278078283052,0.07601403913515507,0.07031237962182502,-0.0,1.5661570618091707,-2.005833880266406,-128.47453530542435,0.0,-0.0009428064429836515,18.49999648925401,0.0,1.5708472893149552,31.0,0.06905180856053197,0.04640956059669961,0.053636525700529555,0.21248770509900455,0.34527230072269727,0.036058153137073855,0.12686813453994564,0.19155857690337133,-35.37506624916284,0.13927575923327634
87.5,-1.9359626707097561,171.2524236977855,5.093,0.02,18.55,0.0,1.5679623999774943,-0.007762835446097247,-0.00841546337600008,0.0029414202191276615,-1.9350261509101718,-127.57714695610257,0.0,-0.5159399183307053,18.58147379487983,0.0,87.418,-0.03302355750541534,0.6058191057594005,-5.041703629730645,1.5619773077262356,-0.02319566742324054,0.6072524773849126,-5.047796056111373,0.04398050397271411,0.1015115281128871,-0.0,1.5673660282411133,-2.005909941290994,-126.98935809659045,0.0,-0.0009538639512252642,18.599994390664115,0.0,1.5708476098184478,82.0,0.09985076029984802,0.05657164607052942,0.05542480040835656,0.22898100053901377,0.3527184851178648,0.04276331554111047,0.13184809431479413,0.2122976834540938,-34.10335351647507,0.1501322386069644
87.6,-1.9359630688202358,173.10542039975388,5.091,0.02,18.65,0.0,1.5682893156216033,-0.02141741175951093,-0.017141335369143192,0.006690326998027652,-1.9333836232601571,-125.71182765174561,0.0,-0.5279448446698594,18.6845585333806,0.0,87.517,-0.03340915050218744,0.6123489131447234,-5.069252334837511,1.5566786294258548,-0.01966189936673146,0.615270550870822,-5.051777123315029,0.08295223043875971,0.11408844311078781,-0.0,1.565309718815171,-2.006005764202306,-125.12418051945654,0.0,-0.0009649846503241784,18.69998844177532,0.0,1.5708479302839828,83.0,0.10055088527569946,0.056706967310069245,0.05474772447230957,0.22921671791924533,0.35282124834857714,0.042754985956802105,0.13173196960765304,0.21252791170692528,-34.11981707524619,0.15031427842980977
87.7,-1.935963470028483,174.96951288516362,5.09,0.02,18.76,0.0,1.568622853900541,-0.027041222387838338,0.008772540183912802,-0.005219271740052215,-1.9315348199262774,-123.83608829254926,0.0,-0.5360344603741699,18.788743264529376,0.0,87.616,-0.03630290923924615,0.6109063030464749,-5.029607788853705,1.5613857530974837,-0.024087025631455213,0.6139126175087535,-5.045154791048773,0.059400330043688984,0.09500131530289835,-0.0,1.5665852498834951,-2.0061027005224665,-123.24900330288096,0.0,-0.00097617082192097,18.79998626470566,0.0,1.570848250812675,84.0,0.10087114415927814,0.056765499456120694,0.05438874773482215,0.22899421071194603,0.3526417414277253,0.042693976619180625,0.131557620722832,0.21228017507924432,-34.13012582764897,0.15011334453163871
87.8,-1.9359638730666546,176.85579666382563,5.089,0.02,18.86,0.0,1.568373691351388,-0.008129218493707714,-0.011153756194134463,0.0013225198498130874,-1.9291426301426782,-121.57129582714043,0.0,-0.5369498123386016,18.91590345175831,0.0,87.715,-0.04061259583458646,0.6008950929506747,-5.0880751134955196,1.558100325976479,-0.02856807988029042,0.6043968051149398,-5.050367194305968,0.04827584308628574,0.06393487897334538,-0.0,1.5671884330203656,-2.006220331214431,-120.98581491981041,0.0,-0.0009832828555174017,18.89999943288367,0.0,1.5708483523443217,85.0,0.10147929982608082,0.05689337039479206,0.05416987306274774,0.22895216124138473,0.35257069733314594,0.04274889664389736,0.1315528215748722,0.21232808081936744,-34.124569619920194,0.15005551543265971
87.9,-1.9359642790547014,178.74208071258192,5.088,0.02,18.97,0.0,1.5685071799114836,0.012732960193183639,-0.01928892602560954,0.0022782263507241185,-1.9270507606933533,-119.67228513981682,0.0,-0.5455927345503787,19.02156917843201,0.0,87.814,-0.039974014033766214,0.599346836091469,-5.063369846675515,1.5566972856808503,-0.028215679984828605,0.6007300289274733,-5.051889368240722,0.05543550572821765,0.04354594151594071,-0.0,1.5668288864152737,-2.0063195345361815,-119.08863762948754,0.0,-0.000994575455920573,18.999996489302802,0.0,1.5708486728811484,36.0,0.07641603868833269,0.05003332688994139,0.05348327509630246,0.21631448631224606,0.3465978737663226,0.03701747254841527,0.12693815780292503,0.1956088377516588,-35.01108463679073,0.1414457989169208
88.0,-1.9359647899246326,181.11657944815315,5.086,0.02,19.1,0.0,1.568893369115193,0.0,0.0,0.0,-1.925375367872712,-118.14544981151312,0.0,-0.5542010538147308,19.105594320183855,0.0,87.913,-0.04378455645626692,0.6003683718452936,-5.095134209987821,1.5528321986281197,-0.02460811694198169,0.5959853940451847,-5.057991119072673,0.11162978384808185,0.007145412677726171,-0.0,1.5639074012785987,-2.006399753849353,-117.5634604208158,0.0,-0.0010059330389100383,19.0999943905849,0.0,1.5708489934615673,87.0,0.1031561561414605,0.05790504270334772,0.055355148683623144,0.22922575014021757,0.3524816208507745,0.04289272966541704,0.1315381523356676,0.21298818834911037,-33.99161758266233,0.15007649174811505
88.1,-1.935965200284869,183.0250550629511,5.086,0.02,19.21,0.0,1.5684672131345163,0.0,0.0,0.0,-1.9233154614583075,-116.22749532734053,0.0,-0.5530937534911706,19.209514226019106,0.0,88.012,-0.043388941455214,0.58957826662664,-4.9762592026620185,1.5633384512383979,-0.03265300744939125,0.5855413982512292,-5.044933567403042,0.04879375515268772,-0.018331679520166233,-0.0,1.5672117785753084,-2.006500794952834,-115.64828284400362,0.0,-0.0010173537902895414,19.199988441706076,0.0,1.5708493140033226,88.0,0.10246956930229059,0.05680477059638721,0.054726094250273506,0.22855023825673312,0.35237473058247876,0.042754791028974164,0.13160150145768745,0.21227182948952786,-34.08787757527947,0.14978396321940213
88.2,-1.9268764715313225,184.46750755886868,5.086,0.02,19.28,0.0,1.5681384215739111,0.03768779106425267,-0.02569363473776795,0.0023931426642395353,-1.9212175471944577,-114.29929275761461,0.0,-0.5493019835631283,19.311173528487316,0.0,88.111,-0.045554325583223636,0.5926491778169125,-5.021836336507522,1.5643667528885419,-0.03630383895191801,0.5878807237068446,-5.045885639656959,0.03853461375025208,0.024651176383940765,-0.0,1.567764185274776,-2.0066029794158045,-113.72310562763423,0.0,-0.0010288400803601164,19.299986264752377,0.0,1.5708496346089682,89.0,0.10317322905635556,0.056826425501260304,0.05436762798546701,0.22891976512327594,0.3525406303252594,0.04275667595386304,0.1315726879266416,0.21265845724302374,-34.09324687924511,0.15004275911684273
88.3,-1.9268768828972966,186.38707895166647,5.088,0.02,19.38,0.0,1.5687261124283562,0.003947484680407725,-0.02558999080448085,0.010033938308034082,-1.9190698073272143,-112.36108937049664,0.0,-0.5637827748874262,19.409485820504717,0.0,88.21,-0.05414703356670713,0.5964926905946438,-5.100485401409231,1.5542091091940786,-0.04171878153284164,0.5894684148561204,-5.052375106992775,0.03479560445787011,0.0383162189818016,-0.0,1.5679744827998947,-2.0067062211141256,-111.7879172323603,0.0,-0.0010361416347675618,19.3999993046889,0.0,1.570849736159377,40.0,0.0771635134297526,0.05003493543241602,0.05363864870720313,0.21644920958164712,0.34660147649787254,0.036909979429429814,0.12686152097429107,0.1957738431281009,-34.9952424057089,0.14150110341735575
88.401,-1.926877406060747,188.81705689970113,5.091,0.02,19.5,0.0,1.5692704091223444,0.0,0.0,0.0,-1.9166410642819323,-110.02228757443099,0.0,-0.5785490150125621,19.526097312319244,0.0,88.375,-0.05379271659002086,0.5866712974652354,-5.034844969940633,1.559089133924045,-0.0469258657635407,0.5853499898210826,-5.04762586298323,0.03494284340056765,0.014645056111575627,-0.0,1.5679808670174518,-2.006831455421462,-109.45273995480346,0.0,-0.0010477343897753886,19.49999648922819,0.0,1.5708500567732249,26.0,0.10537943561310913,0.058055698990809576,0.055514074121014445,0.22960244993113496,0.3525838092097798,0.04295404237067044,0.13159068577164953,0.21375088793005445,-33.943560117404736,0.1502894007231722
88.5,-1.926877720119549,190.28170096116827,5.093,0.02,19.58,0.0,1.5694640002355464,-0.0038338762323478575,-0.01445021691297616,-2.613697352740925e-06,-1.9152584689795302,-108.45526919203861,0.0,-0.5851945476422096,19.604056273055914,0.0,88.408,-0.05549451325938373,0.5870256708360986,-5.040975556532163,1.5603454908634147,-0.046298859017643815,0.5829464595632758,-5.0468370499014465,0.03721202373482907,0.03523003023982341,-0.0,1.5678796206737358,-2.0069159442231363,-107.88756274630238,0.0,-0.0010593921557910206,19.59999439063705,0.0,1.5708503774305063,92.0,0.109607483978836,0.060359885117997905,0.05680446644506593,0.23231058869476187,0.35362684835506014,0.043462969454645325,0.13181967537796233,0.21716947771154363,-33.713048087223235,0.15201575832804706
88.6,-1.9268781380538087,192.23455970470246,5.095,0.01,19.68,0.0,1.5696113305774073,-0.008888622716673926,-0.004980990882725641,-0.0004228478571916247,-1.9139246630366962,-106.48768326182325,0.0,-0.5920756280503244,19.701855577889237,0.0,88.507,-0.05691272898985408,0.5857376411346811,-5.0516319443542566,1.55996746759082,-0.04143390608317366,0.5815195876347317,-5.050414758036945,0.09623665676045086,0.039057455060014235,-0.0,1.565408867015405,-2.0070223425267937,-105.92238516968476,0.0,-0.0010711130998899004,19.69998844175169,0.0,1.570850698050088,93.0,0.10431772011619384,0.05688956523556251,0.0556064875288701,0.2286523810866094,0.3523595224610724,0.0426810590971681,0.1316015404876542,0.21279047352818095,-34.019884781100295,0.14980503811341933
88.705,-1.9268786656661447,194.69782470296673,5.096,0.01,19.8,0.0,1.569379867464539,0.0,0.0,0.0,-1.9129619504455968,-104.1136213391427,0.0,-0.5915476109433147,19.820138328380864,0.0,88.672,-0.06205849682851984,0.587039628306858,-5.129155000250915,1.5465431033525225,-0.04541210483998167,0.5835912439010753,-5.060695824629661,0.12034351294874575,0.03471232329810903,-0.0,1.564224936466495,-2.0071515704693863,-103.55120819068607,0.0,-0.001082899754137431,19.799988765774735,0.0,1.570851018732648,33.0,0.10829363315301348,0.05776223909666495,0.05510553322433887,0.23068532009745377,0.35330850791309615,0.04327689342439352,0.13202412559903612,0.2154464849557779,-33.922381901358634,0.151225418742931
88.8,-1.9268789837628688,196.18466032772648,5.095,0.0,19.87,0.0,1.5687492879249643,-0.0045325865290846675,0.02367947996435167,-0.013948489303868356,-1.9126217837296575,-102.5230338651538,0.0,-0.5815003481113209,19.899775495912284,0.0,88.771,-0.05707239284341406,0.5802666941280901,-5.066219315634706,1.5561283587114594,-0.04505701133900968,0.5820224267901772,-5.061386370726495,0.10530193997202043,0.053472284077447085,-0.0,1.565511055333979,-2.007260378385009,-101.56401957097646,0.0,-0.0010903907871185252,19.89999943285279,0.0,1.5708511203032938,29.0,0.11052017301812354,0.06022402171862391,0.056360963708922504,0.2328708674986655,0.3539088167031822,0.04331909420424928,0.1316957386055745,0.2177188026254918,-33.73526214625555,0.1524338521618499
88.9,-1.9268794091387136,198.17080641910178,5.094,0.0,19.97,0.01,1.5681356364537518,-0.010403883506379505,0.0044612785448367755,-0.00443156096879356,-1.9123582192571162,-100.52589836595759,0.0,-0.5730223079384179,19.99946912917534,0.0,88.804,-0.059487728033540514,0.5791898598729638,-5.106242653134881,1.553395474394483,-0.03910323853804952,0.5784481750784898,-5.068454379743486,0.12149342778874904,0.04873998025933801,-0.01,1.5647274165486533,-2.0073482928649256,-99.96684220655311,0.0,-0.0011022837409220797,19.999995707675506,0.0,1.5708514409937153,96.0,0.11197106357013237,0.061122920589298226,0.05753851159365081,0.23313650430749883,0.3538638540873114,0.04351262943965552,0.13183399509047036,0.21843001886731833,-33.614897493279415,0.15247492717718625
89.002,-1.9268799439856323,200.66735875922257,5.091,0.0,20.1,0.01,1.5679620470062385,0.0,0.0,0.0,-1.91209756524572,-98.11621613620092,0.0,-0.5747856223618649,20.11900718342971,0.0,88.969,-0.05894503193762047,0.5786335414861583,-5.093223233321671,1.5539082626354426,-0.04573536317644186,0.5765497779836672,-5.07316620199906,0.0964894177590752,0.0208133105468562,-0.01,1.566000860695726,-2.007481491891198,-97.55966516999261,0.0,-0.00111424190145355,20.099995412107845,0.0,1.5708517617279634,33.0,0.107621357831989,0.057502368734502825,0.05617354606585551,0.22960058634879946,0.35274803737868277,0.04297483418131533,0.13184580648628336,0.21442210653644767,-33.9111257253691,0.15041428512605132
89.1,-1.9268803736769797,202.67569641335555,5.09,0.0,20.2,0.02,1.5678795667507242,0.0,0.0,0.0,-1.9118739182327673,-96.5017764756843,0.0,-0.5759233652239135,20.198927165447937,0.0,89.035,-0.06197737077237289,0.5783234584247314,-5.103789241811579,1.5542663757080495,-0.04303657713608281,0.5737786157523683,-5.078384305598666,0.09990234713525774,0.02108619059703898,-0.02,1.5658558634893707,-2.0075710941251117,-95.94653748577562,0.0,-0.0011262630672209456,20.19998832916056,0.0,1.5708520824244396,65.0,0.11179649921688323,0.060236508311490626,0.05726511170870737,0.2328869116727311,0.35396914286313197,0.043332794247016436,0.13180099901541717,0.21818588931616062,-33.677989406677895,0.1524803931433394
89.2,-1.91779163988177,204.1958193883832,5.09,0.01,20.27,0.01,1.5680327895705144,0.011976054630240476,-0.0024656290576068143,0.003383453351478778,-1.911490502249275,-94.4747570633199,0.0,-0.582138225986237,20.298086722807916,0.0,89.134,-0.06001426504845113,0.5700617842984856,-5.036983240889816,1.560600799393471,-0.049871636920242074,0.57005185966493,-5.073423741097249,0.037586951560483174,0.044199122680382175,-0.01,1.568453784801065,-2.0076841917622996,-93.92136027667074,0.0,-0.0011383499405636496,20.29998622355042,0.0,1.5708524031846456,16.0,0.07900715448547817,0.050123272935520186,0.05533182028967068,0.2168009277300719,0.3467957772569705,0.03679479083474817,0.12696942355923485,0.1965611278256527,-34.88732349434464,0.14174500782122423
89.3,-1.917792070232359,206.21525281994013,5.091,0.01,20.37,0.01,1.568369505522076,-0.00022204461352995816,-0.033993616806525725,0.013071356679972446,-1.911035604141658,-92.43782392238938,0.0,-0.5960763642776535,20.39617985429604,0.0,89.233,-0.05967153183538276,0.5670227634769067,-5.0504745456822535,1.556735562771996,-0.04704442412897737,0.5656696634281575,-5.068208812511095,0.0759719337493757,0.0376488993061308,-0.01,1.5665836207847745,-2.0077983992030086,-91.88622188687005,0.0,-0.0011460307599967458,20.399999318854697,0.0,1.5708525047751445,67.0,0.10771251519955871,0.05782737476347496,0.05670158358345538,0.22984212659533937,0.35276797513076713,0.04269131148024351,0.13156517183646102,0.21456565073551234,-33.88468551290602,0.1505069793485737
89.406,-1.9177926141558501,208.76728407007357,5.092,0.0,20.49,0.01,1.5690583264830076,0.0036608286129926047,-0.0031602780934165903,-0.00150897959863084,-1.9106370492954332,-89.98055214118581,0.0,-0.6123809756693921,20.512568612625135,0.0,89.332,-0.06192488988286447,0.5595050187681834,-5.002874553560024,1.5562088892331134,-0.04448160943161111,0.5568351027589524,-5.059358476271937,0.09925399690022577,0.010509972561312253,-0.01,1.5659548266798646,-2.0079368656611862,-89.43104460902563,0.0,-0.0011582241177629361,20.499996492981698,0.0,1.5708528255419538,74.0,0.11188601867093598,0.05800792879275938,0.055918630760895933,0.23112304349954052,0.353468473355965,0.043339960394360964,0.13208568551786368,0.2166930976218281,-33.82305392999017,0.15148620259022982
89.5,-1.9177929405134364,210.29850281574727,5.091,0.0,20.56,0.01,1.5689859687725567,0.018845083964645595,0.012127975339156395,-0.00608320378428102,-1.9105624310685523,-88.3345790026955,0.0,-0.6127483564300682,20.590288298870554,0.0,89.431,-0.06171995456075455,0.5573475086883054,-5.009914355446652,1.5550716909162918,-0.04205266435213693,0.5536757816052098,-5.048543668655675,0.11954803526609871,0.030693903936022338,-0.01,1.564990466507791,-2.008030227207729,-87.78586740069962,0.0,-0.001170482581658111,20.59999439223742,0.0,1.570853146353102,69.0,0.10724078579034345,0.056742172916148824,0.054886275021271004,0.22933246187445006,0.35265449750866823,0.04245669589366417,0.13140293176923812,0.21376063769613254,-34.032992031249854,0.15026246905386192
89.6,-1.9177933803175051,212.36231938093675,5.091,0.0,20.66,0.01,1.5686724947907515,0.00613485077074684,0.021569619271109668,-0.010857445925192787,-1.9106437778859815,-86.26841730803497,0.0,-0.6096805792767932,20.68691622364059,0.0,89.563,-0.06100111470134493,0.5583845323403909,-5.06227846136407,1.5597159344986216,-0.050458049892721915,0.5568501898595486,-5.0524077122136575,0.06892685967671218,0.04292699163154623,-0.01,1.5674670098806966,-2.0081477571393314,-85.7206898243496,0.0,-0.0011828041976857126,20.69998844232353,0.0,1.5708534671261434,37.0,0.10725005410200227,0.056560325563386284,0.054425639117729865,0.22879853462206093,0.352324419962472,0.0423236476788389,0.1312464994650191,0.2131619958478505,-34.062046171409555,0.14982482075265824
89.7,-1.9177938203963478,214.42613593919975,5.092,0.0,20.76,0.01,1.5684283532344288,-0.005846172706786056,-0.03183144745778455,0.004838264543260782,-1.9107958949344586,-84.19268626234529,0.0,-0.6102092340722266,20.78235453444421,0.0,89.629,-0.06008865514506698,0.5552758172506704,-5.033355118892998,1.5644134002818366,-0.05122557888243738,0.5552568586720914,-5.051244481913301,0.03158960560835831,0.0393205905703482,-0.01,1.5692775473144975,-2.00826652034998,-83.64551260863053,0.0,-0.001195191495566253,20.79998626499615,0.0,1.5708537879623716,71.0,0.11430902761337226,0.060313717308313794,0.05607631385260352,0.2327807424060025,0.35374304664862377,0.04320493896366444,0.13156836447525386,0.21834676963364494,-33.694881977349304,0.1522675756929841
89.8,-1.917794262806332,216.50104827912662,5.093,0.0,20.85,0.01,1.569134805877928,-0.004101114714577271,-0.034798259739253615,0.014130348446298745,-1.9110062842965736,-82.10741712529857,0.0,-0.6301607197950129,20.876749608222216,0.0,89.728,-0.060096169808076846,0.5543886909970306,-5.044237969721689,1.5588065240680375,-0.047828677973205724,0.5515622076278575,-5.049480657397593,0.06700439246973157,0.043924999533839326,-0.01,1.5675894538507633,-2.008386424991859,-81.56032421400708,0.0,-0.0012030620096870834,20.89999930678349,0.0,1.5708538895723254,72.0,0.1088177668058456,0.05699502401786387,0.055194316011117,0.22855113258505003,0.35214959028835213,0.042497989183395375,0.13137645280882418,0.2134469572387679,-33.97891289959733,0.1496030928671564
89.9,-1.9177947192410087,218.6425353408374,5.094,0.0,20.95,0.01,1.5699148900483288,-0.00350870134997119,-0.006090836002984567,0.0009307040330447501,-1.9114364872368896,-80.01262585673959,0.0,-0.6480752041443529,20.97075896719816,0.0,89.827,-0.06443414085224847,0.5567115343112676,-5.082228256189481,1.5509450714049617,-0.040035321201812836,0.5535369651834026,-5.053162461165819,0.1422726987209735,0.04990470288446147,-0.01,1.5640215092877434,-2.008507447459832,-79.46514686267732,0.0,-0.0012155558139819533,20.99999570767209,0.0,1.5708542104168528,73.0,0.10961350334431447,0.05677072749613196,0.05470209356242078,0.22876313717867944,0.35234567749434936,0.04251216710229986,0.13139179332228046,0.21378149174092803,-33.99936542379857,0.14983587239551616
90.0,-1.917795156876089,220.6952560914892,5.092,0.0,21.04,0.02,1.5696489620630185,-0.01030983365785319,0.03935679874457892,-0.017100535264302316,-1.9121655062462808,-77.90830366596437,0.0,-0.6441047054847823,21.066837474851514,0.0,89.926,-0.06614184744091511,0.57469984978637,-5.106583183019237,1.5458893478480633,-0.03460999590402616,0.5657792472674326,-5.0641454160052675,0.190677748262631,0.09013314723684118,-0.02,1.5617725988597915,-2.0086297229204884,-77.3599697293713,0.0,-0.001228114834214061,21.09999439067155,0.0,1.5708545313048168,74.0,0.10932254428436237,0.05669738003879362,0.05429393410704073,0.22872834704346595,0.3523201068774308,0.04237041096891592,0.1312501265144418,0.21358180475998173,-34.030389897131165,0.1498075729773362
90.1,-1.9177956028577654,222.8034554257698,5.088,0.0,21.14,0.02,1.568441624813948,-0.032681093322155144,0.04840606549302153,-0.022267163625323695,-1.9129935296609268,-75.7943744765496,0.0,-0.6214703904820117,21.16490802855364,0.0,90.025,-0.05965496830395257,0.5749946133438738,-5.06098973060358,1.556310518966852,-0.03747209956799888,0.5765073756773815,-5.060988072189659,0.1323142437947307,0.10856903088208014,-0.02,1.5645694353052777,-2.0087778402594902,-74.82079235341038,0.0,-0.0012407370817552942,21.199990546470524,0.0,1.5708548521549726,75.0,0.11059781983355758,0.056844539061029674,0.05415603471322312,0.2288237034281094,0.3523205563138086,0.0424589284390602,0.13126483849579368,0.21391933555020382,-34.00883082511572,0.1498405699089022
90.2,-1.917796054759819,224.92275088631288,5.084,0.0,21.24,0.02,1.5672581797142067,-0.03538921571113584,-0.010291273189919974,-0.006928908032090587,-1.913544586228922,-73.6706642069854,0.0,-0.6021242919883578,21.26486683770633,0.0,90.124,-0.06001647593500196,0.5602227071914861,-5.0710236887783955,1.5551153993179574,-0.0423075219463322,0.5690331312479426,-5.054507392101931,0.08383935822636153,0.07892418649634436,-0.02,1.5668637209424745,-2.008877595104594,-73.11961493818661,0.0,-0.0012534248106044565,21.29998626469275,0.0,1.5708551730680154,76.0,0.11124591181685663,0.05700196438678097,0.054125554786192916,0.2288929771956738,0.35231548438774934,0.042490245108776345,0.13125624569838246,0.2141062710339406,-33.993856027495916,0.14985996751071118
90.3,-1.9177965060758453,227.04204634178495,5.08,0.0,21.34,0.02,1.567470528478969,-0.007668161431477727,-0.02928692207604339,0.009433322402587643,-1.913618981007483,-71.53695404490598,0.0,-0.6123715537286454,21.365003845099505,0.0,90.223,-0.06049299420606069,0.5576371184478613,-5.033245228106873,1.561872872215792,-0.04750773854900918,0.5582963689775566,-5.051175393897346,0.04386348698015944,0.04904791306392653,-0.02,1.5687455844865674,-2.0090033323503143,-70.98442654393544,0.0,-0.0012614850772802214,21.399999301652485,0.0,1.5708552746975595,77.0,0.11083325833454491,0.05695830186544765,0.05403535844202427,0.22872507982059254,0.352230446255645,0.042397043828601745,0.1311887953680391,0.2138375380303143,-34.010592818929716,0.14973852637109508
90.4,-1.9177969575130405,229.17243721741073,5.075,0.01,21.44,0.02,1.5682191036783644,0.012412736964793916,-0.04011910366388473,0.01208186811930603,-1.9133460979267205,-69.39309160232621,0.0,-0.632096402845478,21.465707992130227,0.0,90.355,-0.06211857674238838,0.564178950773964,-5.062372867561245,1.5517651480343977,-0.05102204826444674,0.5610641795010467,-5.052724278054766,0.06861478979821196,0.05653467014927571,-0.02,1.5671392518042397,-2.0091302139084255,-68.83924919291854,0.0,-0.0012742794520773898,21.49999570770211,0.0,1.5708555956183843,45.0,0.11121738104768203,0.05676573326332869,0.05394693615698552,0.22843496321830523,0.35211246982677374,0.04236986493912848,0.13117236712736582,0.21366904542157011,-34.015217709203256,0.1495517456940953
90.5,-1.9177974142015302,231.31392423204005,5.072,0.01,21.54,0.02,1.5691134096730988,0.010010310415746234,-0.014893580306787724,0.0035603222129649897,-1.913010073473297,-67.2390750921264,0.0,-0.6530375287040593,21.565756853764483,0.0,90.421,-0.057931491617996544,0.5610272495028341,-5.025116114649998,1.562804778422289,-0.048510931967480075,0.5615025452876963,-5.051588043892238,0.048040893863292335,0.055206969726086186,-0.02,1.5681086584529997,-2.009258369737003,-66.68412205346601,0.0,-0.0012871391149794735,21.59999432264996,0.0,1.5708559165843303,79.0,0.1177107899947029,0.060348095417908316,0.0557595132533407,0.23237191522099948,0.35354981004323244,0.043129307080458486,0.13143537368205704,0.21873641576925906,-33.662157482223,0.15198679012373578
90.6,-1.9177978723128817,233.4776024457728,5.068,0.0,21.64,0.01,1.5694340859216191,0.0020099521310698422,-0.013489216338527486,0.00500617393748423,-1.912852228393613,-64.64098145148203,0.0,-0.6672500519996264,21.685207213760428,0.0,90.52,-0.06212452845159696,0.5627985793911299,-5.015562910333557,1.5589775198392224,-0.04785662554865487,0.5610199318657627,-5.042167369372967,0.0695073609360598,0.05290857008190386,-0.01,1.5675921864720248,-2.0094135872391727,-64.08494468236532,0.0,-0.001300061986188161,21.69999052600292,0.0,1.570856237511589,80.0,0.11192822385950583,0.05699829955974297,0.05499500017475784,0.2283434677995516,0.35207155547125774,0.042413821272151375,0.1312809771685458,0.21392993015317746,-33.947186853050326,0.1494819773855221
90.7,-1.9177983333213149,235.64128101774418,5.065,0.0,21.74,0.0,1.5697630469829331,-0.0022695989047943803,0.0018057339801729147,-0.005266388193198258,-1.913079197500685,-62.46493204124503,0.0,-0.6780031063770124,21.784242190079148,0.0,90.619,-0.06723210430312195,0.5674583866064019,-5.058027919056284,1.5467227730148643,-0.04063573476654341,0.5637997292904553,-5.04418938653278,0.15933168181632815,0.06229858490292273,-0.0,1.5634884347026456,-2.0095443584627226,-61.90776750594282,0.0,-0.0013130505401680902,21.799988758388643,0.0,1.570856558502038,81.0,0.11193442305059337,0.05662352807170991,0.05448114927310673,0.22848449554921646,0.3522452763241281,0.04229513711502493,0.13122130146158723,0.21399354260096828,-33.99076188686756,0.14967195037458814
90.8,-1.9177987963877356,237.8160553691568,5.062,0.0,21.84,0.01,1.5695833737871163,-0.009783214769684113,0.04602245136285395,-0.01843419140505774,-1.9134843320609642,-60.71693377240448,0.0,-0.6717179778143189,21.86427286204519,0.0,90.718,-0.06534182753283312,0.572393145509474,-5.082234200255167,1.5471060002901398,-0.032947888124909966,0.570587402165901,-5.049538133303194,0.20710978467063315,0.07686747384665438,-0.01,1.561346818539113,-2.0096498043416755,-60.15862887649371,0.0,-0.0013213004407188922,21.89999931497075,0.0,1.5708566601501681,82.0,0.11223397680473515,0.056674924823214186,0.054139128639880144,0.22868624768939852,0.3523138137586445,0.04223802422841303,0.1311368577924497,0.21414290731282326,-34.002196022168384,0.1497937703523854
90.9,-1.9177992604716607,239.99082971405886,5.06,0.0,21.94,0.0,1.5682109560028206,-0.01571218080400738,0.05884463338493188,-0.024505667173377293,-1.9140418227359401,-58.52298956670335,0.0,-0.6448545778872741,21.965476082623884,0.0,90.817,-0.05995922660637273,0.5770236899266982,-5.061770969521038,1.5509628780256166,-0.03401884486390738,0.5765013236329819,-5.048028097111539,0.15176916227451023,0.08768710960091042,-0.0,1.563906508538527,-2.0097826842273934,-57.96345152492948,0.0,-0.0013343955214372046,21.999995712419114,0.0,1.5708569811485267,83.0,0.1136040231690424,0.05684541393251635,0.05407746321913231,0.2288226070416409,0.35232086703817866,0.04235813676001459,0.13116806282832433,0.21455069849335054,-33.97415919802906,0.14984387355483042
91.0,-1.917799725468548,242.18779524558664,5.059,0.0,22.04,0.0,1.5670588527016827,-0.02202266167967359,0.0049456294786479026,-0.00583317934631175,-1.914263543912364,-56.319022937085606,0.0,-0.6263647191807293,22.06727176277287,0.0,90.916,-0.05896141444850613,0.5744335770530858,-5.020530540871818,1.5521457401906116,-0.04134233585852658,0.5756282409214242,-5.03823313309028,0.07951158323756455,0.081375797063437,-0.0,1.5672020096258275,-2.009916868251472,-55.75832438545752,0.0,-0.0013475559430710573,22.099994324314263,0.0,1.57085730219252,84.0,0.15706185240085677,0.0677319349060599,0.05632874736404725,0.2450582948682699,0.35931909586669014,0.04888711453305644,0.13584548125699986,0.24243669354882358,-32.79047656594562,0.16118648686232956
91.1,-1.9178001994202063,244.39585731891037,5.06,0.01,22.14,0.0,1.5673661707576851,-0.014949287328843536,-0.039834555148965854,0.013693606348969774,-1.9139064843121338,-54.10496023363546,0.0,-0.6395441601805875,22.16770355288954,0.0,91.015,-0.06106607922855986,0.5754123664015742,-4.989762984791177,1.5612166336123112,-0.05172949406076127,0.5773240746942359,-5.026990119639642,0.02122561928827113,0.0801497059364884,-0.0,1.5693910437906633,-2.010052139423493,-53.543146814263004,0.0,-0.001360779426353268,22.199988417484604,0.0,1.5708576231973568,85.0,0.1145034047204902,0.05800580302565081,0.055380462059746415,0.22929919008653948,0.3523354722968032,0.04241271107776047,0.13116137425678168,0.21526324622603343,-33.85245232060166,0.14999774326212956
91.2,-1.9178006697517276,246.60391900504024,5.062,0.01,22.25,0.0,1.568502555429239,-0.009912069376341285,-0.06036622056678251,0.020880978183743532,-1.9131151591735522,-51.8807149418619,0.0,-0.6685775860403406,22.26813927295409,0.0,91.114,-0.059000723283240256,0.5784935632366035,-4.983935330275155,1.5654007977014406,-0.05122479412840751,0.5811057994868396,-5.025183712981445,0.024555426749647898,0.07979395813693202,-0.0,1.569248824868528,-2.0101887338954745,-51.317969600844634,0.0,-0.001374068736093008,22.299986255930435,0.0,1.5708579442649069,86.0,0.11481844075047697,0.05685489469797452,0.05485039775395244,0.22855292708361974,0.3522235967014162,0.04237726167824802,0.13127032350497678,0.21474995221347556,-33.92278780688294,0.14967339517734968
91.3,-1.9178011453443276,248.83417225700418,5.064,0.01,22.35,0.0,1.5697108231859769,-0.008515682666242762,-0.03232023515059796,0.01318154176497691,-1.9122829282996014,-49.646218075868745,0.0,-0.6986790185303691,22.369247666962394,0.0,91.213,-0.058763459476215925,0.5826084838217344,-4.976477013133042,1.5663235926424162,-0.05087478104314894,0.5849302213263738,-5.018668282063524,0.030847762773598464,0.08683422188878254,-0.0,1.5689757616812876,-2.010326554085992,-49.0827812076791,0.0,-0.0013825086675319192,22.399999298340788,0.0,1.570858045933695,87.0,0.11549513840339543,0.05682648406348672,0.054575966844081204,0.22886392252460785,0.35239222544115195,0.0423673656987889,0.1312226035208363,0.21512025337856228,-33.92648977796295,0.1499121912222134
91.4,-1.917801620293929,251.06442550327716,5.065,0.01,22.45,0.01,1.5703318351905347,-0.014732169105060184,-0.016790620937903504,0.003484771880981854,-1.9117957460317214,-47.40144152507917,0.0,-0.714355158930649,22.471360150529403,0.0,91.312,-0.06267405976063904,0.5728287256692057,-5.0268707246722375,1.5579161318669568,-0.045378312766726506,0.5780404062023374,-5.02660351668262,0.10376875209530648,0.06431608720968995,-0.01,1.5657431960080566,-2.0104655715914928,-46.83760385741126,0.0,-0.0013959045496169885,22.499995706473776,0.0,1.570858367008861,88.0,0.11516558321175359,0.05679842331976621,0.05430738727055351,0.22881451968007202,0.35233642641125057,0.04225019372334257,0.1311120729658127,0.2149109610999938,-33.94933080009155,0.14985253887963057
91.5,-1.9178020981217543,253.3057745272874,5.064,0.0,22.56,0.01,1.5703039289827014,0.0022918249393407914,0.020074048403044272,-0.010072317226656937,-1.9118368658048523,-45.14633052114963,0.0,-0.7164726090824015,22.575065452871854,0.0,91.411,-0.062081971460691575,0.5748849199382582,-5.001996252271783,1.562919005559837,-0.0494561508406635,0.575157527235393,-5.024523013619957,0.053613514645972346,0.04678731219856047,-0.01,1.568424764069396,-2.010605932303488,-44.58242672499604,0.0,-0.0014093657766590974,22.599994390245918,0.0,1.5708586881278463,89.0,0.11511406653999796,0.056797793262397644,0.05409785780908642,0.22870659746045321,0.3522523720156411,0.04218759947466342,0.13104964508078698,0.21474606019220355,-33.96283301106503,0.14975092615981467
91.6,-1.917802578326004,255.5582193319453,5.061,0.0,22.66,0.01,1.5699209292677716,0.01278665853449135,-0.006489976489379919,0.0029221163016038467,-1.9125080916380597,-42.42650407203022,0.0,-0.7164163880359268,22.699799220746957,0.0,91.51,-0.06286511318043492,0.5833714712059155,-5.054810262381348,1.5495760431076864,-0.03801122677532179,0.5799395857844727,-5.03156583724023,0.1559587609351266,0.06263195802717547,-0.01,1.5639328475869847,-2.010775851521216,-41.86324934995003,0.0,-0.0014228901919936903,22.69999054619778,0.0,1.5708590092082322,90.0,0.1156421128417409,0.0567735151127372,0.05396540076669987,0.22856719106887544,0.35216994346351016,0.04218290591351175,0.13103029183473375,0.21472355960248007,-33.961750217499606,0.1496405815137022
91.7,-1.917803063281454,257.83285570363,5.06,0.0,22.76,0.0,1.5699088547870073,0.0008899777184005902,0.04802568345776327,-0.01816911462773249,-1.9132343086235237,-40.60501114153956,0.0,-0.7145837368530528,22.782630535293098,0.0,91.609,-0.06558121295647798,0.5848672795728029,-5.066344479903387,1.5446652780873213,-0.03399390446470647,0.5840803790547195,-5.037367035337013,0.19023963999643598,0.07295107895847863,-0.0,1.5624647170330102,-2.010890212554605,-40.04207193539941,0.0,-0.0014364802398988,22.79998626464694,0.0,1.5708593303520622,91.0,0.1158192129048609,0.056768720650859826,0.053859054395223295,0.228482298076341,0.3521232679344604,0.042137707078367136,0.13098701659027367,0.21466571669071716,-33.96660589045159,0.1495765514465911
91.8,-1.9178035480101414,260.1074920674954,5.06,0.0,22.87,0.0,1.5686620160148033,-0.010503517926143957,0.049741816318929176,-0.021036267792186168,-1.9142437030375345,-38.31888233056056,0.0,-0.6897413738575655,22.886984447710162,0.0,91.675,-0.05957524849387849,0.5842312466963872,-5.03664943954212,1.5548878844131309,-0.02582968892639959,0.5852369320780546,-5.037233729979368,0.15912073250311237,0.06586716186585662,-0.0,1.5638588005795702,-2.0110342831747943,-37.75688354193113,0.0,-0.0014451100806293104,22.89999930660913,0.0,1.5708594320404192,75.0,0.11695718025054089,0.05679816044257905,0.05389644933862681,0.2284724899532376,0.3521157510278146,0.04222199045311344,0.13102670562451615,0.21494571514508024,-33.94362665132333,0.14956802814475106
91.9,-1.9178040351316241,262.39322421126076,5.061,0.0,22.97,0.0,1.567784016081367,-0.010185246773457826,0.022153428199843603,-0.008075185673598337,-1.9149859890140493,-36.02247921115199,0.0,-0.6744066656774471,22.990701882753946,0.0,91.807,-0.05796100384828453,0.5843666870871272,-5.010752886573842,1.5559962596547292,-0.04115837729021208,0.5831334294182509,-5.03115936889248,0.08518889805548958,0.062449003053391294,-0.0,1.5670976966758716,-2.011179577624029,-35.461706191743524,0.0,-0.0014588068715190694,22.99999570771814,0.0,1.5708597531923665,93.0,0.1228204063388395,0.06037463549103019,0.05571978185120958,0.23238047792699146,0.35353790795283313,0.042857349790811496,0.13122099251733532,0.21988008310302817,-33.606399552803865,0.1519811427444499
92.0,-1.9178045246214737,264.69005213243713,5.061,0.01,23.07,0.01,1.5677013872799022,-0.009377553151730335,-0.050103286557241146,0.010426746410786433,-1.9151907504206795,-33.71576509902464,0.0,-0.6789170110757746,23.09372498993322,0.0,91.906,-0.05923132288342489,0.5887255667439991,-5.030720104919566,1.556305094675158,-0.04246028129706887,0.5877695133428189,-5.032109427724846,0.07775347783868336,0.07550024875303407,-0.01,1.5670049610250618,-2.0113262453734477,-33.156529059554764,0.0,-0.0014725690566440323,23.099994390570714,0.0,1.5708600743885,94.0,0.11747337520081907,0.05705486520461044,0.055001405526614984,0.2283872726834318,0.35207691979745626,0.04224923490694766,0.1311429036355096,0.2151827689365075,-33.87694546692113,0.1495009714365792
92.1,-1.9178050142599403,266.9868800476205,5.063,0.01,23.17,0.01,1.5684482153181472,-0.00985054134089809,-0.031349263502642236,0.01084361627240809,-1.91489057424688,-31.398684934746704,0.0,-0.6992986581168635,23.19635525374151,0.0,92.005,-0.0576861415778499,0.5659424789877775,-4.9881234485354025,1.5572965526742235,-0.042189428786128934,0.5690588413747497,-5.023703611764645,0.08117936129547935,0.0264952888451937,-0.01,1.5668656083579398,-2.0114740404772933,-30.84135148487843,0.0,-0.0014863942973189967,23.199988441702942,0.0,1.5708603955464402,95.0,0.11811354582830631,0.05673967560171394,0.054633582144413224,0.22861321997321055,0.352289372375155,0.0422357702330532,0.13113766315138728,0.21550778201243967,-33.89737835346087,0.14974905935910698
92.2,-1.9178055085926644,269.30589952845133,5.064,0.01,23.28,0.01,1.5689477151634657,0.02805360129257316,-0.01592238860671631,0.005898814678608388,-1.9142165879018622,-28.604486091115188,0.0,-0.7149631650265444,23.319692458978576,0.0,92.104,-0.057927439130600424,0.5591957486766278,-4.936227216149127,1.5653615414389683,-0.04997142356864727,0.5559274897507067,-5.010547529555877,0.022069252039893315,-0.006297550446031863,-0.01,1.5694184097310668,-2.01165322253065,-28.05017450810957,0.0,-0.0015002856431850227,23.299988765867617,0.0,1.570860716767621,96.0,0.11793778009593504,0.056749415413882565,0.054342924414457,0.2287673708437413,0.3523410501888404,0.04214555180448017,0.13103639727976255,0.2155084801175866,-33.916096824921475,0.1498418089485462
92.3,-1.9178060053876322,271.6360147872432,5.064,0.01,23.38,0.01,1.5692344506413232,0.04165125014928879,-0.050966020928579804,0.01294849133131808,-1.9137581230595024,-26.733454425803444,0.0,-0.7257318942661791,23.40083007892031,0.0,92.236,-0.06068041198231031,0.5665731175291182,-5.031999325539491,1.5572824790490516,-0.03789736173903086,0.5576588786897749,-5.019590492149646,0.1380275761133684,0.014007219269860371,-0.01,1.5644688259447515,-2.0117736707079628,-26.181085882587517,0.0,-0.0015091052717592325,23.39999935783198,0.0,1.5708608184748574,64.0,0.11763333417342087,0.05673488740238221,0.05409959489842497,0.228649973062988,0.3522454464610604,0.04203809541352864,0.13093773985902568,0.21525277284513405,-33.93864251063723,0.14972747067445935
92.4,-1.9178065014826586,273.96613003934465,5.064,0.01,23.48,0.0,1.5696527840944494,0.01366436727417749,0.03002983589781994,-0.011941415294800806,-1.9133228707594985,-24.385594847544425,0.0,-0.735372991375099,23.500148505054575,0.0,92.335,-0.062198933527776015,0.5647632542415317,-5.024320186943669,1.5547949096458131,-0.04291310968503617,0.5583645879058095,-5.016373701851023,0.1001930021277632,0.023823346092076036,-0.0,1.5661080599898631,-2.0119253813246134,-23.835908529360083,0.0,-0.0015231030718048273,23.49999572767529,0.0,1.5708611397032615,65.0,0.1179830224688088,0.056752783397272154,0.054081823334102906,0.22848076671592737,0.3521135864584935,0.04197991029931474,0.1308238771465206,0.21513035385750168,-33.933432359646694,0.14956553499962644
92.5,-1.9178070034633663,276.3184368550309,5.065,0.01,23.58,0.0,1.5688706258686747,0.004292982242321158,0.026332581212654613,-0.0097102596126248,-1.9129123828445167,-21.55513839651507,0.0,-0.7186659039884111,23.618886389085848,0.0,92.434,-0.06094680639348283,0.5607242394063904,-5.017963821374651,1.5579399857065075,-0.048835100824324976,0.5555140935113176,-5.016556426256557,0.04149787054112647,0.027323884514697028,-0.0,1.5686148940706173,-2.012109238230214,-21.00873149375055,0.0,-0.0015371663781058112,23.599995418069497,0.0,1.570861460976014,39.0,0.08522658547045989,0.05004808745444588,0.05350984584048689,0.21627295096778962,0.3463914597212827,0.03616971193389416,0.12627352846437317,0.19664597027105482,-34.8550643820721,0.14125125662654192
92.6,-1.9178075044748653,278.6707436639949,5.064,0.01,23.68,0.0,1.568887014468435,-0.006510610970724667,-0.03692383560247827,0.012933312913335967,-1.9125901300524515,-19.660363490763753,0.0,-0.7290240475555307,23.696250706388703,0.0,92.533,-0.06085525780473662,0.5549256837254173,-4.981295045612681,1.5542454130258818,-0.045272567026752406,0.5495428114304046,-5.010796774659374,0.07575154065072129,0.02427329283675661,-0.0,1.567178786382427,-2.012232761649367,-19.11555382147521,0.0,-0.0015512925974058352,23.699988444463457,0.0,1.5708617822105744,67.0,0.16886320976103203,0.07113342412673124,0.05795036277523506,0.24851229126140062,0.3605060776007165,0.04906262603642886,0.13576714945823334,0.2494958432252229,-32.4664324247234,0.16342813976624693
92.7,-1.9178080109111022,281.0452420377779,5.062,0.01,23.77,0.0,1.5696056406621375,-0.004025783958287703,-0.010862618327863983,0.0035774012548592197,-1.9122150314924125,-17.283150133128608,0.0,-0.7474296781983948,23.792296677306116,0.0,92.632,-0.06369466958608498,0.5510028961045439,-4.983904161891523,1.553700090565057,-0.04813197294146941,0.5477179687063694,-5.004322527100369,0.07773190394688823,0.0358090736084371,-0.0,1.5671110285342682,-2.012388441206457,-16.74037660733301,0.0,-0.0015654848888838277,23.799986265635656,0.0,1.5708621035087633,68.0,0.12124926452686204,0.05806103264171243,0.05645310567571169,0.22933114671189558,0.35234144215179125,0.042382547336089295,0.13120320261643342,0.21700724820546183,-33.71006650687223,0.14995598909701363
92.8,-1.9178085169860708,283.41974040220373,5.061,0.01,23.87,0.0,1.5696777088476832,-0.010222052513058752,-0.005986855188271207,-0.0011782733399555438,-1.912026102375855,-14.896195083339794,0.0,-0.7511209671699501,23.889821474976593,0.0,92.731,-0.06418678805658287,0.5492184620789989,-4.987385919225438,1.5587692468498267,-0.047140297569695594,0.5480229644007473,-5.000690512921835,0.08550487402216513,0.03780590856362309,-0.0,1.566801632912153,-2.0125454308583586,-14.355188214445862,0.0,-0.0015744947047734833,23.89999930499568,0.0,1.5708622052362473,69.0,0.12001682610325126,0.056748583845707974,0.05541091318001843,0.22890333604083976,0.35246471261754386,0.04210061232223403,0.13123251773216166,0.21631735577525757,-33.84037020967313,0.14993266057794008
92.9,-1.9178090392993425,285.8719092658814,5.06,0.0,23.97,0.0,1.5695487936635055,-0.006500279583878472,0.002782210916418044,-0.006071524447716579,-1.9120890746125467,-12.499464713718423,0.0,-0.7532527201871981,23.987808644109567,0.0,92.83,-0.06862286164572981,0.5511404514039542,-5.054131295569141,1.5479002966324855,-0.04524438598072204,0.547291061381763,-5.005290348102479,0.1300171141330707,0.040732190087794606,-0.0,1.565381421395567,-2.012703697397019,-11.960010864778775,0.0,-0.0015887936730668401,23.999995707809724,0.0,1.570862526543017,70.0,0.12012887059963828,0.05676022571276285,0.0547612149512831,0.22926362552381646,0.3526580562775869,0.04201462741506924,0.1311058471618845,0.21653494616012198,-33.87242393672725,0.1502167426026902
93.0,-1.9178095377901059,288.2242155874104,5.059,0.0,24.07,0.0,1.5694707529062892,-0.0009897666509969562,0.0291641220901514,-0.007991987931245014,-1.9124017347435291,-10.092917118940363,0.0,-0.754322831401827,24.086225789061054,0.0,92.929,-0.06294039251861162,0.5478803354194587,-5.016383768702527,1.5570657575757552,-0.04064247192865172,0.5464454792238516,-5.012435741515924,0.14782710265182308,0.04297334525868379,-0.0,1.5646657991082575,-2.012863397456033,-9.55483373321769,0.0,-0.0016031580975957595,24.09999439075618,0.0,1.570862847893169,71.0,0.12034919182999804,0.05677410977750815,0.05432881736303359,0.22910620060425047,0.35254126159773286,0.04195520909066944,0.13097299649858563,0.21634800557712455,-33.890987079111504,0.15008139522159214
93.1,-1.9178100511993819,290.63200128310154,5.059,0.0,24.17,0.0,1.5688643787896748,-0.0006945782300918485,0.029946835899351154,-0.013234042966669454,-1.912844763009301,-7.676542617086804,0.0,-0.7427029469508613,24.185226901149093,0.0,93.028,-0.06170720217184535,0.545540422520598,-5.0152495444017315,1.5619475791463011,-0.04592023081878933,0.5422968471593848,-5.013495327281758,0.08126726865081338,0.038024030806624864,-0.0,1.5674393009069785,-2.013024274098427,-7.139656159184722,0.0,-0.0016175855659611939,24.199988441672637,0.0,1.5708631692054809,72.0,0.1211420037659672,0.05679822519817044,0.05413194897299738,0.22888912428243738,0.35240204898299315,0.04199585868238475,0.1309302807086161,0.21631551725681172,-33.886480634434776,0.1499073039761868
93.2,-1.9178105640434495,293.03978696983677,5.058,0.0,24.27,0.01,1.5687248428028564,-0.0029186395994358215,-0.021729058570691302,0.006571275899456648,-1.913230113668141,-5.250357319474207,0.0,-0.744781726412153,24.28325569869397,0.0,93.127,-0.06769701693764732,0.545318492833756,-5.047194274276483,1.54782875524756,-0.043559658197099956,0.5429016256354333,-5.021230223388022,0.12528903923031853,0.0449435236145419,-0.01,1.5656436135969511,-2.013186594215793,-4.714478945534456,0.0,-0.0016320790829859595,24.29998626473011,0.0,1.5708634905810301,73.0,0.12154298915881218,0.056760142324486035,0.05401015931478224,0.22863222681264986,0.35226504704269146,0.04198308086998838,0.1308832332764461,0.21616786761709642,-33.8886003212417,0.14972096622909145
93.301,-1.9178110822185914,295.4697642219742,5.055,0.0,24.36,0.01,1.5691441025726982,-0.005095995859872012,0.014074386719549999,-0.0009153971454514253,-1.9135519896374449,-2.3259885252762285,0.0,-0.7561854734085619,24.40047863932639,0.0,93.226,-0.0685138770738511,0.5411217488417801,-5.034484651716864,1.551015360194152,-0.0432136104139803,0.541955253736691,-5.02556434626454,0.13562103842720932,0.05650598281296837,-0.01,1.5652419021032717,-2.0133830775388986,-1.7912905661147922,0.0,-0.0016412789870733147,24.399999432106732,0.0,1.5708635923286178,75.0,0.1226809668329647,0.056938403440281345,0.05395698622894181,0.22879352914507445,0.35232836861551836,0.04208299154915171,0.13093989948104728,0.2166019515360728,-33.86341054162904,0.14982731667869573
93.4,-1.9178116021463723,297.9108372520541,5.053,0.0,24.46,0.01,1.5688777425701281,-0.009176723814526139,0.013837517770290216,-0.007876313991325504,-1.9136774842646287,-0.3685338346148869,0.0,-0.75341715456842,24.479607480627795,0.0,93.325,-0.06662859839112083,0.5445357303514657,-5.060030316398063,1.5468635640162594,-0.0362259960447696,0.543807615576408,-5.032693697261228,0.19276434263808542,0.05916879958954269,-0.01,1.5629347074664934,-2.013515214361808,0.16588679626771707,0.0,-0.0016558791856531158,24.49999570775183,0.0,1.5708639137121714,75.0,0.12192672930046057,0.05669569275199527,0.05382022934194254,0.22836336278306837,0.35213671504934113,0.04191028622876864,0.1308043938758626,0.21599349907729704,-33.898642234402196,0.14954117529941047
93.5,-1.9178121225697993,300.35191027062933,5.051,0.01,24.56,0.01,1.5684297008581944,-0.009649554337135335,0.04009814475832987,-0.01796901243600399,-1.9135801983272225,2.5795189645488366,0.0,-0.7403082775860136,24.59925132527288,0.0,93.424,-0.06314543746054507,0.5423062671069931,-5.019592874515157,1.5574367070063388,-0.04318710423606367,0.5427751376631265,-5.031081349703248,0.09778578606211445,0.056317779611521956,-0.01,1.5664177232118135,-2.013715040048462,3.1130138349745,0.0,-0.0016705449877128797,24.599995356336247,0.0,1.570864235140445,76.0,0.1221520461887086,0.05664796894238986,0.053759561146909815,0.2282578815350156,0.35208512525465546,0.04187138465763066,0.13077031302964856,0.21593988871955389,-33.900681644243676,0.14946875182872255
93.6,-1.917812642385016,302.8040785924457,5.049,0.01,24.66,0.01,1.5679986747589452,-0.0075199117831061734,-0.028317149213783605,0.00666632152902734,-1.9131987852596108,4.552822031326498,0.0,-0.7398247969858568,24.678732412519047,0.0,93.523,-0.06452565387216375,0.5420017410681998,-5.014951929338804,1.5549797606951967,-0.046622386169847756,0.5401325765626206,-5.024339779371722,0.07645313582001646,0.05106190699646618,-0.01,1.5672977809444022,-2.013849256424553,5.086191503434208,0.0,-0.0016852736896905262,24.699988416814577,0.0,1.5708645565308235,77.0,0.12320735825267133,0.05675218010207643,0.05380978328341818,0.22839184153683337,0.3521383788364438,0.0419568065333175,0.13081321282529174,0.21633309724524313,-33.87656934436166,0.14955715704406963
93.7,-1.9178131674929233,305.26734316397864,5.049,0.02,24.76,0.0,1.568496777503986,0.0012628045896883773,-0.03303569621083903,0.010912947789338472,-1.9123843284220061,7.0284083894527365,0.0,-0.7554211034604691,24.77735810842457,0.0,93.622,-0.06485018571098858,0.5363097962250599,-4.96744854137442,1.5595435352134321,-0.05833290914070345,0.5359881138675443,-5.013153974443794,-0.006357855519743138,0.04216056036091942,-0.0,1.5702462882984003,-2.014018366475789,7.561418704677638,0.0,-0.0017000685337534456,24.799986367068,0.0,1.5708648779830274,78.0,0.12337271545889926,0.056706998484670805,0.0538077569043984,0.2283201662533994,0.3521023614636157,0.04192198009920023,0.13078446846684355,0.21629998617375296,-33.877681643159036,0.14950699019460917
93.802,-1.9178136943453694,307.741703512496,5.046,0.01,24.86,0.0,1.569356327122312,0.007603027418759479,-0.06517633003686546,0.02089467322723972,-1.9112699549206351,10.012219364526487,0.0,-0.7875539302729929,24.894251091675326,0.0,93.721,-0.06524106768334637,0.5410100408275748,-5.011451900932622,1.5596071765109487,-0.053360923175633776,0.5379261232313026,-5.012613151121627,0.060803368700010275,0.053480225589222385,-0.0,1.5679543642333278,-2.014223021878374,10.544607090472132,0.0,-0.0017094585180513371,24.899999459804146,0.0,1.5708649797488103,81.0,0.12553379526633304,0.057125638998601805,0.053907418341721906,0.22896579713234128,0.3523805611718698,0.04217460144853405,0.13096773617404636,0.21745672321138523,-33.81524101147063,0.14993571449272913
93.9,-1.9178142245172864,310.22715963720054,5.043,0.01,24.96,0.0,1.570329144192163,-0.0010990216830798227,-0.0027711941815702517,0.0020239160049563528,-1.9107470898566097,12.009313768966084,0.0,-0.8077249168738212,24.97187816895834,0.0,93.82,-0.06597798483046108,0.5379275968445222,-4.981546906611482,1.5622966327044323,-0.046937248648078085,0.5376998118638592,-5.013398539563886,0.11901068134843372,0.053737584970111385,-0.0,1.5656387793871667,-2.01436061972474,12.541734460549058,0.0,-0.0017243600830473495,24.99999565325293,0.0,1.5708653012101017,80.0,0.12483144343294701,0.05681696111591229,0.053922764630693766,0.22846102294103068,0.35214819036933914,0.04199527523554498,0.13082240724079053,0.21679961324746422,-33.84850039387294,0.14959094241611065
94.0,-1.9178147567071733,312.723711539967,5.042,0.0,25.06,0.0,1.5702245560267498,-0.010399335807062558,0.03385898834534154,-0.009216401452413679,-1.910542140863242,14.514522011347958,0.0,-0.8070146306426992,25.070209847224177,0.0,93.919,-0.06905950458719111,0.5372005633973248,-4.976688151417415,1.5552615306073156,-0.04931688033436914,0.5347438618225722,-5.005340292530581,0.09300102372095286,0.051163430674289856,-0.0,1.5670927708538702,-2.0145339100781245,15.046911588116643,0.0,-0.0017393271985054696,25.099994370759084,0.0,1.5708656227146498,81.0,0.12358379293455393,0.05656365781706477,0.053775986955203955,0.22810795713375132,0.3519909475997831,0.041762937301117554,0.1306905761627775,0.21611929496444537,-33.8887886681354,0.14935130234219687
94.1,-1.9178152912904238,315.2313592195836,5.041,0.0,25.15,0.0,1.569775230544854,-0.007125967325357918,0.004194458544128525,-0.005053378056255022,-1.910736076638314,17.029538947883317,0.0,-0.7989940455751031,25.168993338095394,0.0,94.018,-0.06729070123707592,0.5404920821469883,-5.0036194220015755,1.553302955169273,-0.039064762081214996,0.5402517162824891,-5.010470545363994,0.17103206570132054,0.075005003709947,-0.0,1.5640161717519883,-2.014708426278325,17.562089160277388,0.0,-0.001754357322853341,25.19998843451635,0.0,1.5708659441808164,82.0,0.12494650213958267,0.05673653213454889,0.05380305757163224,0.22836956415537582,0.3521044266206195,0.04188032737254112,0.13075997919430898,0.2167077505377067,-33.85877894369219,0.14952757227735844
94.2,-1.9178158258063718,317.7390068889405,5.04,0.0,25.25,0.0,1.5695516514268257,-0.01896021792698701,0.045849066856916136,-0.016412467155079193,-1.9111376543474001,19.55439567538044,0.0,-0.7962902940086823,25.26804710492028,0.0,94.084,-0.06330683643113937,0.5340095899452661,-4.94257628218889,1.5649324082799085,-0.04416394582922189,0.5379629115913473,-5.003529326969042,0.055954916051153575,0.06826747707188119,-0.0,1.5685862693728951,-2.01488444134042,20.087216371279755,0.0,-0.001769453573752551,25.299986278494202,0.0,1.570866265709147,116.0,0.12466786312071967,0.056680808740349246,0.053725685212608294,0.22828074411775168,0.35205967368726193,0.041781071211717084,0.13068398196600314,0.21652331245193585,-33.871925609396996,0.14946355589152768
94.302,-1.9178163595960314,320.257749830773,5.038,0.0,25.35,0.0,1.5691192431284602,-0.009805754029350057,-0.037844903320841165,0.009821168760546745,-1.9116048845449518,22.59729441386201,0.0,-0.7976364635091433,25.387334578838324,0.0,94.216,-0.0670515390745997,0.5486254439846744,-5.045423097768867,1.5505040545848896,-0.05414692997275351,0.5471968956620088,-5.00701467950311,0.05162458421684066,0.08833614588301586,-0.0,1.5687669286043249,-2.0150974357638267,23.130404750733145,0.0,-0.0017790337473389704,25.39999943296877,0.0,1.5708663674950598,86.0,0.13283812214761898,0.06083336345522507,0.05574084443943284,0.23305741505473085,0.3538501361965261,0.04269142332635011,0.13108634257689009,0.2229855709779109,-33.4662677494463,0.15245753778991447
94.401,-1.9178170356938722,323.43114463902793,5.037,0.0,25.48,0.0,1.5700916311496425,0.0,0.0,0.0,-1.9119042961392576,24.633884867354972,0.0,-0.8176626851187366,25.466472944929283,0.0,94.315,-0.06729924676152416,0.5401895137989734,-4.971551379200793,1.559594420332164,-0.054982595676097076,0.5450325017716302,-5.004822059368514,0.05398198380590015,0.048936344581090196,-0.0,1.5686817888987137,-2.015240616270187,25.167532119150966,0.0,-0.001794236787000078,25.499995641482556,0.0,1.5708666890337482,86.0,0.12734583310038566,0.05726786055001613,0.05505285786780007,0.2287046096190833,0.3522272322477497,0.042110876991133965,0.13101248356942494,0.2178348046293383,-33.74340593997348,0.14972283696788066
94.5,-1.9178174424151706,325.3396198312961,5.036,0.0,25.55,0.0,1.5704700881640912,-0.011293357648029695,-0.016213887871729893,0.005344935496505566,-1.9126423707672913,27.700861487247888,0.0,-0.8371519220112038,25.586658118012565,0.0,94.414,-0.06762440756263738,0.5457184085174343,-4.996142523281639,1.5534498074380525,-0.05336804821195684,0.5438268311016878,-5.003792293353909,0.06957995791586787,0.08007760775129213,-0.0,1.5680815559679668,-2.015457079723858,28.23460915785349,0.0,-0.0018095055262667729,25.599995280431138,0.0,1.5708670106174298,67.0,0.0877235933750052,0.04978595155018882,0.05398838417882375,0.21609404152687198,0.34642387568409533,0.03567995040721693,0.12597692786757056,0.19693819707604082,-34.777886287798594,0.1411933955471947
94.6,-1.9178179865334641,327.89165060322864,5.036,0.0,25.65,0.0,1.5708246524707812,-0.0039282794561726645,0.0033861238709678525,-0.00038401885716936405,-1.9137146978577193,30.26781155331488,0.0,-0.8485728890591367,25.687518387618187,0.0,94.513,-0.06322112340819165,0.5463024139901812,-4.985524285806987,1.5586844618987308,-0.05243480365393989,0.5481668571693437,-5.000527126319119,0.053881301014282235,0.08557753722900685,-0.0,1.5687026795002406,-2.0156389299351387,30.80178662040599,0.0,-0.0018248372772847968,25.699990498140142,0.0,1.5708673321625581,87.0,0.1774677769219888,0.07079762439572297,0.05840734351949829,0.24830984677982784,0.36052878004480965,0.04859954835049347,0.1355128973998081,0.2522829759526985,-32.37736197083399,0.16333127960861335
94.7,-1.9178185324332446,330.45477715093654,5.037,0.0,25.76,0.0,1.5710758017692734,-0.007382707673362071,-0.004653477391908654,0.00277291610486543,-1.9152712936389278,32.84490910983785,0.0,-0.857399318585183,25.788665308191852,0.0,94.612,-0.06287681519113128,0.5492172386114522,-4.98267321331008,1.5589719182273507,-0.05030512578464551,0.5495860391230731,-4.995632709916045,0.07320542213211585,0.07838451272310465,-0.0,1.567963130074623,-2.0158223169639022,33.37896379254054,0.0,-0.0018402351529869835,25.799988748193492,0.0,1.5708676537697968,88.0,0.12791255865972642,0.0579831041176975,0.056580808852686265,0.22969504269503285,0.3524967944597435,0.04202580362692251,0.13093054824191463,0.21884783033291055,-33.63520751319174,0.15015756833553937
94.8,-1.9178190816894585,333.0289994743821,5.038,-0.01,25.86,0.0,1.571332051013831,-0.00835373719207993,0.00780035172790254,0.0002832907199367188,-1.9173257939681814,35.43216747538249,0.0,-0.8647052935802007,25.890136447690605,0.0,94.711,-0.06541017926025798,0.557849959820742,-5.04534505026115,1.5550542671314298,-0.044356119331887114,0.5580170867107466,-5.00712346035276,0.13327016017133084,0.098225285074232,-0.0,1.566047572509576,-2.0160070159879813,35.9661524073853,0.0,-0.0018500053870684743,25.899999424843116,0.0,1.5708677555757848,89.0,0.12725648606849768,0.05680968430009522,0.05547888783004808,0.22928248208555915,0.3526021087949407,0.04181515275216632,0.13107599110365048,0.2183275866330825,-33.749669125816695,0.15012803150908624
94.9,-1.9178196321233827,335.6143175753849,5.037,-0.01,25.96,0.0,1.5711036627497548,-0.021955290006869087,0.04305750734432038,-0.014313421566919941,-1.9192905018173727,37.509306238182994,0.0,-0.8610795456561722,25.97233243413468,0.0,94.81,-0.06586446910314155,0.5610307054101423,-5.059886225311401,1.544481385392576,-0.03168362884811274,0.5637688917823529,-5.014561797603156,0.2195918956055729,0.10612243875636551,-0.0,1.56275572239426,-2.016155901466058,38.04332976854997,0.0,-0.0018655099891053488,25.999995704887656,0.0,1.5708680771908228,90.0,0.12747295190447133,0.056798527267773354,0.05479897459657939,0.22944880761937558,0.3527280972697722,0.04175575830928551,0.13096415237767187,0.21843737226535687,-33.783657760960736,0.15030226023735985
95.0,-1.917820185542496,338.210731449826,5.036,-0.01,26.06,0.0,1.5701910468076838,-0.024452588896793054,0.07367420490223274,-0.02863888685018674,-1.9224533985461278,40.63732809890588,0.0,-0.8330671994341461,26.097846778999628,0.0,94.909,-0.05603211560313271,0.559466427320871,-4.980878586530017,1.5595924476541712,-0.03408402280881017,0.5647438926515644,-5.006436879750851,0.14094265936084718,0.0984600881277764,-0.0,1.5657906206012975,341.2280499931648,1.9980717231780297e-09,0.0,26.099999999979673,2.7551331926235e-10,0.0,1.0556065872128911e-11,91.0,0.12798864498126283,0.05684368152540133,0.054491773323131404,0.22920202024942038,0.35258472953645625,0.04172794773137008,0.1307943248492789,0.2182795853567629,-33.789419436218886,0.15012243985864349
95.1,-1.9178207415225046,340.81824110115394,5.036,-0.01,26.17,0.0,1.5691379141670208,-0.011919049453502117,0.00267458341196231,-0.0024983997365954588,-1.9243832687076636,42.73097207130897,0.0,-0.8184509328474356,26.182192891940733,0.0,95.008,-0.05677042767246084,0.548997162843435,-5.034741546589256,1.5521887304610442,-0.0349097553245172,0.5496049807036789,-5.006841542722164,0.12362462122837152,0.048283969710489316,-0.0,1.56646256070972,-2.0165320546543017,43.26368447101594,0.0,-0.0018967134266921495,26.19998844135219,0.0,1.5708687204689482,92.0,0.1294828420205581,0.05703378339745116,0.05439607319563676,0.2292012817400832,0.35256972675153125,0.041882538269808964,0.13084405216799314,0.21869054437806218,-33.76161088697616,0.15012445260386564
95.2,-1.9178212975986355,343.425750740833,5.035,0.0,26.27,0.01,1.569276762837779,0.0197929161549515,-0.00995743445149595,0.0029129293535737812,-1.9263551779270933,45.357430731704184,0.0,-0.8250315140228683,26.286382937881545,0.0,95.107,-0.05636267511664306,0.5459606986007361,-4.999129819935205,1.5567315472414769,-0.04064663340085207,0.543702988066568,-5.004200908618609,0.07097003652176063,0.03520060234180988,-0.01,1.5680983863609745,-2.0167223326448016,45.888861683178085,0.0,-0.0019124129178166305,26.299986264678225,0.0,1.5708690421528135,93.0,0.12834142210837424,0.05681337135314966,0.05412396772095791,0.22869475267351086,0.3523485070837793,0.0416991236937318,0.13068969138400538,0.21789805637060816,-33.80536583149338,0.1497947623455324
95.3,-1.9178218577621209,346.0554519434545,5.036,0.0,26.38,0.01,1.5695777687386163,0.028805508311485647,-0.032928488793958134,0.01154780927070502,-1.9278490561581438,47.99434504094921,0.0,-0.8369747807957987,26.389752950477593,0.0,95.206,-0.05250607543094471,0.5455018174939376,-4.995000359199595,1.5582534886625008,-0.038433348379335965,0.5402900862843374,-5.001561811557034,0.07604684312477832,0.024156971090210533,-0.01,1.5679162260236847,-2.0169140615599197,48.52405007420255,0.0,-0.001922373585562584,26.39999930246866,0.0,1.5708691439779632,94.0,0.12879056932848487,0.0568365665390612,0.053987785221999804,0.22863498113815026,0.35232050630103257,0.04169926909039868,0.13065430688184235,0.21794515770678752,-33.805350668627085,0.14976214215831893
95.4,-1.9178224183073382,348.68515313485045,5.035,0.0,26.48,0.0,1.570169732151788,0.02628252847224625,-0.016661269813703434,0.006481848658386672,-1.9292533619213763,51.17230140331722,0.0,-0.858630425590161,26.51172724900121,0.0,95.371,-0.049736004561845445,0.5405571354873019,-4.946078309883866,1.566712371112697,-0.04458170126419443,0.5379058493801487,-4.993292099184114,0.016119336038033658,0.028622087192211154,-0.0,1.5701882478838822,-2.017145963081532,51.69922734663499,0.0,-0.0019381799361079413,26.499996489217754,0.0,1.5708694656699693,29.0,0.12971034181261298,0.05693061474835741,0.05397074407124364,0.22869572006615257,0.3523355167644759,0.04174649543936049,0.13065611991013668,0.21823454918608134,-33.78815492528009,0.14980041826004856
95.5,-1.917822983421459,351.3370458867339,5.034,0.0,26.58,0.0,1.5707071935565349,0.010688421412994102,-0.0340746687696064,0.015434561182711165,-1.9301382361921067,53.29904480496183,0.0,-0.8737101923023184,26.590918355377095,0.0,95.404,-0.054856958985429936,0.5401301968931371,-4.975678194193269,1.54968491590595,-0.03828592977541163,0.5353607666882388,-4.991322212858643,0.08108438631809137,0.03064043216304313,-0.0,1.5677492699012276,-2.0173019230238216,53.82440455169302,0.0,-0.001954051836966425,26.59999439066569,0.0,1.5708697874056303,96.0,0.1346682849791774,0.060494769988423236,0.05575235492641617,0.23257180790739454,0.35372999765788105,0.04220916197114356,0.13075275813401152,0.22299594344534235,-33.47943390219251,0.15218779984228603
95.6,-1.926912759643642,353.9889386270682,5.032,0.0,26.68,0.0,1.571190178018531,-0.0015710868977958353,0.01073334096453769,-0.005194244592398972,-1.931397267352884,55.966425308073916,0.0,-0.8886420898963594,26.68904937497336,0.0,95.536,-0.050899420309180536,0.5446931976793696,-5.001867993137146,1.555117412147255,-0.029320601171938656,0.5404404949022079,-4.992405543983104,0.13919052273134835,0.04868472632373866,-0.0,1.5655888403073037,-2.017497945686292,56.48958212390097,0.0,-0.001969986794604315,26.699988441819478,0.0,1.5708701091036539,64.0,0.1307042216972493,0.05709681402320663,0.05505700005846372,0.22847024273098776,0.35221107708678895,0.04182952638452248,0.130811494353944,0.21848756396537988,-33.718352372819936,0.14962681359308916
95.7,-1.9269133297732282,356.6519271444105,5.03,0.0,26.78,0.0,1.5708723940286455,-0.01113331962657095,0.04920654770710291,-0.016097405498994098,-1.932893077000427,58.64365851987263,0.0,-0.8807518002540214,26.78801641098969,0.0,95.635,-0.049513435053588975,0.5409964548149719,-4.981330141664448,1.5463957439853309,-0.013914648101800924,0.5395104771103717,-4.994351150736714,0.2456391219855734,0.05193919874009012,-0.0,1.5616418539015935,-2.017695562293865,59.164759335682916,0.0,-0.0019859880653800917,26.79998626466741,0.0,1.5708704308650305,65.0,0.13042290171811902,0.05666963456175896,0.05454162498238603,0.22855445826246923,0.35235224141193267,0.041673957089687,0.13069781214926482,0.21840424884943796,-33.76684850216277,0.14977467144650386
95.8,-1.926913921942301,359.41477771775305,5.03,0.0,26.88,0.0,1.5698622661319115,-0.012141970883833085,0.09030568896411265,-0.030072973001326345,-1.934393216018181,61.330734203229014,0.0,-0.8577764799139157,26.88818753751464,0.0,95.734,-0.04607655148717639,0.5407901470241872,-4.9969127017461,1.556728859130894,-0.02220640692634318,0.5387210071106083,-4.9938848713787625,0.13384490940929866,0.053949647546421176,-0.0,1.5658269922032713,-2.0178946530329904,61.849897723724354,0.0,-0.0019961390625580565,26.899999329165215,0.0,1.5708705327097172,66.0,0.13131200471205481,0.05679548055850768,0.054334503065142446,0.228872160078097,0.3524556730292952,0.04171226761619611,0.1306628169153156,0.2188409595199845,-33.75926410448586,0.14996340934590438
95.9,-1.9269144967004905,362.0999577847514,5.03,0.0,26.98,0.0,1.5686493558485546,-0.014315288280769492,-0.01135244816065109,0.0011997373861089879,-1.9353999686055365,64.0277010981807,0.0,-0.8302404118604048,26.989043360869996,0.0,95.833,-0.04470765181450713,0.534694497893581,-4.962984447660584,1.5554711042459757,-0.026204421361076882,0.533765999402646,-4.98705891257133,0.09526777059183746,0.04548161283453567,-0.0,1.5672712323174713,-2.018095169940912,64.5449250650746,0.0,-0.002012247087413801,26.999995800351424,0.0,1.570870854476255,67.0,0.13195154190002342,0.05683696750116946,0.05433142971890801,0.2287878917879782,0.35234377130072,0.04172299728697906,0.13060833877801203,0.2188829338039862,-33.75000545658644,0.14984637217591407
96.0,-1.9269150593508613,364.74075412393586,5.029,0.01,27.07,0.0,1.5690034515599274,-0.0038361822506524377,-0.033163907355783194,0.011536600716181917,-1.9356012955915627,66.73460426962201,0.0,-0.8438917557844031,27.08755722363637,0.0,95.932,-0.04525001674364042,0.5285300014914629,-4.912956836319127,1.563980958328787,-0.03712469584907855,0.5292789353208014,-4.9752346076239355,0.005747227661987651,0.045542471695917186,-0.0,1.5702155814195056,-2.018297316081307,67.25010219998916,0.0,-0.002028420802512748,27.09999442465743,0.0,1.5708711762862633,68.0,0.12940453658535256,0.056402174534177604,0.05408238152704092,0.22797628292798192,0.35193177703968087,0.041323038178234024,0.1303051686279462,0.2173678350960943,-33.8230163210254,0.14925412481768396
96.1,-1.9269156386601196,367.4481257351156,5.029,0.01,27.17,0.0,1.5697536200194175,0.001393962278859928,-0.07310490907026883,0.02167350122060812,-1.9351417479110946,69.45148088558646,0.0,-0.8684948405816354,27.185801020735564,0.0,96.031,-0.04600532215216376,0.5294937028117199,-4.941411258218363,1.5689897643133204,-0.0404375088759132,0.5305137155690077,-4.974718873902152,-0.00816469189081244,0.0503786334410492,-0.0,1.5707289027472329,-2.018500786979691,69.96527977389188,0.0,-0.00204465757229589,27.19998845407289,0.0,1.5708714980609395,69.0,0.1319793097143461,0.0566720100110715,0.05399133908340452,0.22841380962740176,0.3521374684030839,0.0416216492436032,0.1305823095005623,0.21850308592948345,-33.77386151600944,0.1495635201028799
96.2,-1.9269162219767821,370.1554979165642,5.03,0.01,27.27,0.0,1.5709896684446158,-0.006492288518436278,-0.04980224139557446,0.01772513781412715,-1.9344506590358268,72.17833908843859,0.0,-0.9049701555763987,27.28327307663637,0.0,96.097,-0.047003470575269254,0.5344167374395392,-4.986786468580354,1.5525501130378514,-0.03043755502948011,0.5308275558420276,-4.975965953379349,0.049256267229184074,0.054987355008524474,-0.0,1.5686277558246289,-2.018705881947904,72.69045698600719,0.0,-0.002060960693710266,27.299986269290713,0.0,1.5708718198984266,103.0,0.13326956951444033,0.05680302272848722,0.05405776596080884,0.2285324808108481,0.35217380741933163,0.04172882172821011,0.13061537566636075,0.21896475995140927,-33.74619168293304,0.1496325183192743
96.3,-1.9269168061024686,372.88506107925946,5.031,0.01,27.37,0.0,1.571642022640679,-0.008170141788557824,0.007393398754567292,0.0005432189468776865,-1.9339862498969462,74.91515987757023,0.0,-0.9235354119565653,27.381764854213042,0.0,96.229,-0.045971534473682546,0.5122611878315084,-4.97628711548038,1.5684496398435686,-0.04311939248458432,0.5190690854635621,-4.974112052207063,-0.014844997189932875,0.024787298388925905,-0.0,1.5709731851543591,-2.0189124842420894,75.42564537648829,0.0,-0.0020713020856118433,27.399999304433607,0.0,1.5708719217632998,71.0,0.13709948488123272,0.060188460460582634,0.05581250839055491,0.23209668317161095,0.353425873953856,0.04202273235627718,0.13058906295023245,0.22313208773637738,-33.46442664121999,0.15179381586231314
96.4,-1.9269173910180655,375.61462423106013,5.032,0.01,27.47,0.0,1.571707530240763,0.017459998464797816,-0.034219516803469935,0.0073372545967457115,-1.9339742127244033,77.66191923037425,0.0,-0.9319234248436505,27.480703000775186,0.0,96.328,-0.04798262496819501,0.5317122953686784,-4.988451146706728,1.5588182102301793,-0.04087217823755998,0.5182842875359841,-4.973364234148283,0.019479171358813413,0.03056287628215415,-0.0,1.56972437927876,-2.019120549406295,78.17082272352933,0.0,-0.002087712074106825,27.499995708159123,0.0,1.5708722436092937,72.0,0.13288570298348518,0.056978942545923845,0.05501300058142017,0.22831083670000168,0.35206353707377963,0.041681898203234036,0.13071262471703363,0.21882938337383437,-33.70492269700041,0.14946489222476525
96.501,-1.926917979939887,378.3663789430683,5.032,0.0,27.57,0.0,1.5722249600247038,0.00932730952140347,-0.00543655616711933,-0.0016923628207098059,-1.9347524347711542,80.97107690357305,0.0,-0.9490122112579167,27.598146890032847,0.0,96.427,-0.049528420649149,0.5092174534552127,-4.9768770268484115,1.556018825531869,-0.03149421702878524,0.5127911920932403,-4.972006019368999,0.11221243765685053,0.0215720207861807,-0.0,1.5667294393075508,-2.0193723422583703,81.4779997542306,0.0,-0.0021041878941477437,27.59999541220568,0.0,1.5708725654992386,74.0,0.13470888744945334,0.057011614642988484,0.054651907295797435,0.22903390220373043,0.3524843192634865,0.04177994310777519,0.13075173539565807,0.21992694317351508,-33.689857147110786,0.15003891443664963
96.6,-1.9269185694476647,381.1181336415451,5.031,0.0,27.67,0.0,1.5720627974395194,0.005411106007032739,0.03996095660675006,-0.014612411246571352,-1.9358048819960079,83.18502048198015,0.0,-0.9442134239453532,27.676598780396052,0.0,96.526,-0.049358520890001,0.5304704775346605,-5.018727925628529,1.551667513746212,-0.02405103059796698,0.5172380261471675,-4.979920059284963,0.16660320263084857,0.040436881843746164,-0.0,1.5647841085124043,-2.0195413181490642,83.6911774237853,0.0,-0.002120726514114038,27.699988441834538,0.0,1.570872887350668,74.0,0.13305731470974053,0.05672378232463627,0.05424017302141481,0.2287249154290215,0.3523308722065364,0.04151364576780247,0.1305192250221046,0.21907461418150975,-33.75301043256784,0.14981955254972978
96.7,-1.926919160982294,383.88098411560674,5.03,0.0,27.77,0.0,1.5711421120821052,-0.009769236076792212,0.06530456689867926,-0.021880736440762535,-1.9375130324732093,85.96119751948754,0.0,-0.921528806558708,27.775372848863597,0.0,96.625,-0.0459583096267979,0.5296304186037204,-5.022437319148041,1.5526731310708028,-0.02242496491126901,0.5230754290508575,-4.982457938981664,0.15036417243925118,0.062188580179920905,-0.0,1.5653938515593147,-2.0197540312994566,86.46635463471961,0.0,-0.002137331644469841,27.799986264869876,0.0,1.5708732092659847,75.0,0.13436235496865664,0.05676557518213193,0.054122407346702255,0.22870331685982417,0.352274522968559,0.041583188425289255,0.13053216664568645,0.21937516269972523,-33.73604938571481,0.14976762038847058
96.8,-1.9269197546743726,386.6549303623216,5.03,0.0,27.86,0.0,1.5701755980288163,-0.02078289860687611,0.028797264197144283,-0.013467743933222812,-1.9392361771015965,88.74708472942447,0.0,-0.898200527997588,27.87425723387525,0.0,96.724,-0.0443119423413484,0.5258606233718294,-4.995104699552427,1.556838308133654,-0.02608157932074774,0.5259285189997654,-4.985304840266666,0.1068962150210679,0.07572838422533579,-0.0,1.5669698400885,-2.0199682799931673,89.25154302446391,0.0,-0.0021478634617052997,27.899999304550388,0.0,1.5708733111501296,76.0,0.13526771668521026,0.056860835664174984,0.05411697355558445,0.2287154335996067,0.3522453331441226,0.041634619474154595,0.13054428544633023,0.2196219329263951,-33.71929567663365,0.14974875809363758
96.9,-1.9360095973419078,389.43997238040447,5.031,0.0,27.96,0.0,1.5698024430919923,-0.023920755871584955,-0.007965375349377617,0.001355540408542214,-1.9406279472271284,91.54275439909894,0.0,-0.8931875573137598,27.9729254167732,0.0,96.823,-0.04626128585236592,0.5237599483580324,-4.97778091286635,1.560832017719017,-0.03155857065949112,0.5257972547993017,-4.98251280311643,0.060769792447871285,0.07152176175779346,-0.0,1.5686284210435764,-2.0201840181629764,92.04672037099151,0.0,-0.0021645754927856896,27.999995707646328,0.0,1.570873633074193,77.0,0.13490738048326287,0.0568622366882791,0.05401942259264,0.22861614091933008,0.35218401632717267,0.04154497620491395,0.130481998854925,0.21940187160552072,-33.73267580161057,0.14966802585856437
97.0,-1.9360101990944116,392.2361101737873,5.031,0.0,28.06,0.0,1.5702584133276272,-0.011351321619063662,-0.022686792982450195,0.010373443922606267,-1.9416249504360736,94.348301719068,0.0,-0.9096214802469474,28.07092813682182,0.0,96.922,-0.04231076394490455,0.5249564551649805,-5.004688188231509,1.5582651479865888,-0.027541188089794527,0.5255435204723945,-4.982079167758322,0.08704013550219275,0.06772127127879557,-0.0,1.5677018757072578,-2.0204014311741862,94.85189749942145,0.0,-0.002181353299283714,28.099994390687034,0.0,1.570873955041528,78.0,0.13485833524421245,0.056824207081245,0.05392013108767695,0.2285109681627559,0.3521342444560927,0.04149029587818886,0.1304411884292012,0.21927527861199014,-33.74176849449188,0.14959477106232202
97.1,-1.9360108005720633,395.032247955874,5.03,0.0,28.16,0.0,1.570683178458074,-0.0023858723239221923,-0.003990022868816583,-0.001460084647739846,-1.9423686320260294,97.16379026227486,0.0,-0.9243545220936017,28.169823254886587,0.0,97.021,-0.042438490217371866,0.5085099623117874,-4.988962691857208,1.555655058484373,-0.025580902016293813,0.5153512164721469,-4.983974959284046,0.10476845693696307,0.03936579811869123,-0.0,1.5670810668262356,-2.0206202180117736,97.66707507039217,0.0,-0.002198194052444584,28.199988441844397,0.0,1.5708742769703914,79.0,0.13545048452123098,0.05674388091969438,0.053864464418641254,0.22838330239620064,0.3520827958927569,0.04149690697012951,0.13043893176900273,0.21932561849215304,-33.73808288309965,0.14951307560393168
97.2,-1.9360114072557337,397.85057729515916,5.031,0.0,28.26,0.0,1.5707897372361168,0.012069384492190431,0.009509968074136226,-0.0013206891990703196,-1.942977596998662,99.98926618097545,0.0,-0.9291901171807347,28.269377878183548,0.0,97.12,-0.04301378351713893,0.5084750387772735,-5.008728254588474,1.5464285173492793,-0.010404328207458123,0.5051532079440467,-4.988747327510792,0.2201004985728038,0.018764066117931577,-0.0,1.5630132407399493,-2.0208406892065214,100.49225228087066,0.0,-0.0022151012834554836,28.299986264672,0.0,1.5708745989628834,80.0,0.1351557247017893,0.05666004231039108,0.05375751130139672,0.22826774050822668,0.35203882592869135,0.04142932910381169,0.13039290727015518,0.21912349622993874,-33.752382221840136,0.14944138668636872
97.301,-1.9360120133055716,400.66890662361214,5.031,0.0,28.36,0.0,1.5702921291256808,0.01867948246341826,0.06903106660150966,-0.02495018766309743,-1.9434170330064477,103.39297795625323,0.0,-0.9064191528769161,28.389744436418283,0.0,97.219,-0.04274657827736721,0.5077366967414705,-5.009924105642471,1.5558635090144535,-0.01954723631859888,0.5021543846252873,-4.992497916543897,0.11953562098058748,0.018977914111435013,-0.0,1.5665842330958746,-2.0211072399262298,103.89544065637546,0.0,-0.002225823609119101,28.399999428814613,0.0,1.570874700867056,82.0,0.13663089654813443,0.056927467322810794,0.053770486445747064,0.2286673069057062,0.35221274132484437,0.0415704909001199,0.13048625513709278,0.21989732453239855,-33.71602454719586,0.14970802188217408
97.4,-1.9360126248879084,403.5094275072511,5.032,0.01,28.46,0.0,1.569296051576037,0.016382518674132148,-0.017301170494417956,0.0029013840396481506,-1.9432779887717546,105.67001108986577,0.0,-0.8931631062098482,28.468928317287205,0.0,97.318,-0.0402274793007217,0.5009240066662181,-4.973669463716237,1.5540452249965564,-0.01767426964200234,0.4976258870028184,-4.995516047767888,0.12483286648796303,0.017276560614174485,-0.0,1.5660616093208206,-2.0212862636008793,106.17256802256816,0.0,-0.0022428377715376663,28.499995639660497,0.0,1.5708750228689334,82.0,0.13738923778198317,0.05689518158935326,0.0538835987995504,0.22856417883798755,0.3521581950703015,0.04158754767164652,0.13047156152768122,0.22002563725785976,-33.70463697914907,0.1496330007830101
97.5,-1.9360132360445164,406.3499483818416,5.031,0.01,28.55,0.0,1.5695088062810263,0.015252053236063805,-0.01344845848074343,0.0009038651721953483,-1.9424246472977265,108.5250714189416,0.0,-0.9010163707417055,28.56533001198292,0.0,97.417,-0.04365171619997028,0.5235432941350044,-4.99447539808157,1.5467283498248718,-0.01996992373656466,0.5085666405452671,-4.992599993090259,0.13450579187932954,0.06132377265953792,-0.0,1.5657457194091537,-2.0215115080438446,109.02769515282279,0.0,-0.002259917788107016,28.599994297532795,0.0,1.5708753449149666,83.0,0.1366956600797827,0.05673802504928722,0.05384705265214586,0.2283276338490327,0.3520565389304416,0.0414619699614511,0.1304061584425038,0.21960658814605918,-33.72524813051233,0.1494750593003613
97.6,-1.9360138493955077,409.2015650271169,5.031,0.02,28.65,0.0,1.5694239689644913,-0.022477396659609912,0.004087401505709529,-0.003085798482973118,-1.9404709605413106,111.96387129817226,0.0,-0.902756817336152,28.680384210369404,0.0,97.516,-0.04536076908477531,0.527516606113388,-5.036515149934441,1.5492846206742237,-0.02072970179214457,0.5258386020999983,-5.00073543956645,0.13846318929038925,0.10377506681407667,-0.0,1.5652853431173261,-2.0217837010753463,112.46687251634643,0.0,-0.002277060892662293,28.699990518523,0.0,1.570875666921731,84.0,0.136926090679851,0.056723520810328686,0.053786448577189706,0.2283271661797122,0.3520645294358032,0.041408356764799176,0.13037261303905845,0.21965369211563762,-33.728437648609635,0.1494819626445329
97.7,-1.9360144649939741,412.0642774449236,5.031,0.03,28.75,0.0,1.5694184605407082,-0.04893855490697286,0.0004673393023662285,-0.0014293371429812379,-1.9380931084891,114.84011873056075,0.0,-0.9030697729686232,28.777017308153855,0.0,97.615,-0.048692803205911545,0.5275089392410729,-5.012286375388273,1.5513321603415986,-0.02694643705117921,0.5322833110621827,-5.005795049769759,0.0970115323404609,0.11318463061969908,-0.0,1.5663958867827101,-2.0220124144068325,115.34404968715262,0.0,-0.002294270350347273,28.799988755671915,0.0,1.570875988990773,85.0,0.13738756117825107,0.05680810986181981,0.053769145602122884,0.2284486099817594,0.3521157224700843,0.041401546710202006,0.1303542832348378,0.2198742009722554,-33.72138308626272,0.14956227039077247
97.8,-1.9360150838477068,414.9380856346635,5.031,0.04,28.84,0.0,1.5692389327476286,-0.04804418544671626,-0.02547779735593036,0.0031313913535278397,-1.9357141769238047,117.14815513810409,0.0,-0.9030958493329588,28.85591273174566,0.0,97.714,-0.0507861331958698,0.5322021251025624,-5.035093015555506,1.5419604939577491,-0.020318788876111882,0.5397467184798685,-5.014529478013737,0.18206690058988387,0.1274927409426745,-0.0,1.5631304044267722,-2.0221964929963474,117.65323831385555,0.0,-0.002305183012146163,28.899999298231865,0.0,1.5708760909147317,86.0,0.13811750109096713,0.05705112277396242,0.05384938828741463,0.22875905972878274,0.35224001999908316,0.04144335058197647,0.13036538793302468,0.22034745611165168,-33.69973276562397,0.14976171333307803
97.9,-1.9360156987809205,417.81189315459676,5.029,0.04,28.94,0.01,1.5691790556910001,-0.04430181307602424,0.035286833485551033,-0.014369741816099325,-1.932210615281605,120.04220535331335,0.0,-0.9022819193495974,28.956892182012947,0.0,97.813,-0.052809639040778206,0.508858301294209,-4.9719837779426275,1.5550791647034148,-0.03770223106183176,0.5197564890352122,-5.0079426843986585,0.04568424161074971,0.06464505886832228,-0.01,1.5678421795477353,-2.0224279968723913,120.54841565915538,0.0,-0.0023224993969895,28.9999957058798,0.0,1.570876412992687,87.0,0.1385696902542563,0.057056888835479866,0.05391124325333999,0.22874224023057044,0.35222977618349,0.04145008710175768,0.1303707227281057,0.22046693253122904,-33.689215913172795,0.14974760327045483
98.0,-1.9360163223173856,420.7078928844236,5.029,0.05,29.05,0.01,1.5687479805809,0.023792468106557343,-0.05275372796573775,0.012222400688656387,-1.9281556216093858,122.94646296849807,0.0,-0.8951392279062791,29.059986668261786,0.0,97.912,-0.054384340585812915,0.5147400560834745,-4.974715542000819,1.5673134011795193,-0.053555048876690214,0.5125525994170338,-5.006071537702127,-0.0531599812044091,0.039007613983418565,-0.01,1.5709049582488779,-2.0226612360305403,123.45359278654688,0.0,-0.002339881657889071,29.09999438999169,0.0,1.5708767351146196,88.0,0.13893714636956395,0.057003804885620325,0.05394610464383722,0.22867945933995054,0.35220755708432816,0.04145510771618859,0.1303823774551746,0.2205256953169461,-33.68382500613393,0.14970931006915023
98.1,-1.9269276667217952,423.6149883869573,5.029,0.05,29.15,0.01,1.5697998381827514,0.03753813302079623,-0.07841133217230141,0.026788719424388464,-1.9237777451260318,125.86103695641039,0.0,-0.9293483759926644,29.161186137446954,0.0,98.011,-0.06122806821600426,0.5167227090342867,-4.979765368178943,1.5602112263895604,-0.047646364909460975,0.5142851815689002,-5.008019556536254,0.04812651272235419,0.046296737391280374,-0.01,1.56743541619261,-2.0228958984073078,126.3687703564201,0.0,-0.0023573268312283985,29.1999884415439,0.0,1.5708770571976098,89.0,0.13980923895301345,0.05694944858696997,0.054006796140229574,0.22863850447695647,0.3521981448998473,0.04150501414811412,0.13041778090244285,0.2207571597956189,-33.67061758283843,0.1496886524391233
98.2,-1.9269282922866182,426.522084547625,5.03,0.05,29.25,0.0,1.5706721803024433,0.013898645349271509,-0.002699211695766725,-0.0011459557367650328,-1.9196320164434886,128.78585696044573,0.0,-0.9557933224765901,29.261246847638574,0.0,98.11,-0.06635705481255989,0.5239938280714725,-5.012201264852907,1.5588381113021266,-0.05799613847159876,0.5190320825765058,-5.005243237282206,0.00018622462817800833,0.06003827713748677,-0.0,1.5690840746610648,-2.023132305471628,129.2939475659349,0.0,-0.002374838602067753,29.299986264777925,0.0,1.5708773793447308,90.0,0.14062930138466356,0.057006967452788715,0.054114941477178324,0.2287284521559684,0.35223445582071755,0.04154605278403095,0.13044132483200405,0.2210816520560243,-33.65197556630186,0.14974661495476477
98.3,-1.9178396325081053,429.4513715986327,5.033,0.04,29.35,0.0,1.5706286438824628,-0.008921710402097873,-0.025171076703875927,0.005269771632511859,-1.9161029689071898,131.72072458401917,0.0,-0.9576743216144012,29.361145775009447,0.0,98.176,-0.06875216558603016,0.5208327108715236,-4.969645237665977,1.5547999144807818,-0.055363521275555286,0.520007794663056,-5.001437743328665,0.012808160225564129,0.06221358444286196,-0.0,1.5690008786784462,-2.0233703327892854,132.22913595424131,0.0,-0.0023859420494931113,29.399999302482335,0.0,1.5708774812881232,74.0,0.13926135388363356,0.056763612500588964,0.05394624626992015,0.2284075725984343,0.3521021627373696,0.04133877004335712,0.13032292180237362,0.2203649399566818,-33.69455919676981,0.1495372513046372
98.4,-1.9178402568579713,432.3806586337106,5.037,0.03,29.45,0.0,1.5709708995880813,-0.016866946663097824,-0.012906898236517281,0.003596568595903606,-1.9133598022734883,134.66550433976096,0.0,-0.971388151698583,29.45953281574175,0.0,98.308,-0.07554526993054683,0.5315668957879061,-5.052726307305559,1.551656372565648,-0.05940735713763541,0.5312785473379741,-5.010125904069932,0.08326288847501608,0.08637381572330227,-0.0,1.5669616538585744,-2.023609929453494,135.1743132992707,0.0,-0.0024035607692949493,29.49999570762928,0.0,1.5708778034428188,92.0,0.14455851515131352,0.060295433675702045,0.0557181170048135,0.23229750713347647,0.35351823863422,0.04179131614387386,0.13043422115533088,0.22533408920835943,-33.38746684857264,0.15193825726427773
98.5,-1.9178408863301684,435.32104212624677,5.041,0.02,29.55,0.0,1.5709714353022883,-0.027649639774064122,0.023187516779986442,-0.011617896368824508,-1.9115318872069438,137.62020552424215,0.0,-0.9727235118900743,29.559404103303393,0.0,98.407,-0.07663522369329906,0.525672499168166,-4.973584528844106,1.5565077996783667,-0.06443383878858913,0.5286868638077682,-5.002298487801157,0.049626231842403584,0.07564116306182456,-0.0,1.5684461294348695,-2.0238512916358675,138.1294904262687,0.0,-0.0024212454149269897,29.59999439068935,0.0,1.5708781256418007,93.0,0.14074412002035064,0.057092466601889935,0.054995260354126545,0.22847787661040597,0.3521217884151787,0.04147277223360312,0.13052133581794703,0.22104063964195436,-33.6142614303413,0.14956635205116076
98.6,-1.917841515779287,438.2725207087706,5.043,0.01,29.65,0.0,1.5706699382015523,-0.009611429137386456,8.550991461237834e-07,0.001784411178667764,-1.910596428188192,140.58487536736226,0.0,-0.9678304377001197,29.659963389713912,0.0,98.506,-0.07389454175319517,0.5306722431067297,-4.997316505143963,1.560743134248465,-0.06349305317453714,0.532413411473464,-5.002384854268152,0.0495914729045103,0.08030607298248427,-0.0,1.5687919278844715,-2.0240941017462784,141.0946679957699,0.0,-0.0024389929971848972,29.699988441856213,0.0,1.5708784478030067,94.0,0.14102156177517036,0.056845052236032416,0.054585203718803876,0.22876721078017156,0.35235095606106004,0.04139460367677038,0.13043758724737273,0.22131109566000412,-33.640756182339345,0.1498478020779117
98.7,-1.917842146974337,441.2350950625532,5.045,0.0,29.75,0.0,1.5707849084381618,-0.015117509449833937,-0.004305678552761448,-0.0022143259095632134,-1.9104860258862653,143.55959414915796,0.0,-0.9739499930607116,29.760839125666433,0.0,98.638,-0.07714493492107191,0.5158585433976598,-4.998221263015323,1.5587867981715315,-0.06194713823559342,0.526428650223121,-5.005110266724159,0.0796856434893095,0.061774179446057786,-0.0,1.568123374382418,-2.0243386514382458,144.06969523709606,0.0,-0.0024568072043160763,29.799985923699463,0.0,1.5708787700284284,62.0,0.1397019206840635,0.05656456867926376,0.05420542492331181,0.22847658419535974,0.352203136435358,0.04116477684858297,0.1302197338291312,0.22055472193581044,-33.693879680462075,0.14963563989182266
98.8,-1.9178427998164693,444.2975314610212,5.046,0.0,29.86,0.01,1.5710455401011296,-0.004179378529852058,0.014669531184730406,-0.0022858385799080986,-1.9111871053726133,146.5444284956105,0.0,-0.9862471847571564,29.861773655842704,0.0,98.737,-0.07466722081110833,0.5181718250616447,-5.001192678469903,1.558678019933861,-0.060126964030572966,0.5164129461427159,-5.0038069693231435,0.08110004456585984,0.029743564556092394,-0.01,1.5680830266499437,-2.024584872562912,147.05478359920318,0.0,-0.002468101386965907,29.89999923665055,0.0,1.570878871993705,63.0,0.13857593184998382,0.056414259079560776,0.05399101483153355,0.2281290656117718,0.35199014346412383,0.040974482880417974,0.13001377560363656,0.21982330896495103,-33.72895892794474,0.14935163460822692
98.9,-1.9178434216543394,447.2157226524331,5.046,0.0,29.96,0.01,1.5710630031269996,0.025385134066792384,0.009457528240388544,-0.005706177076526615,-1.9130110050655642,150.1396265612774,0.0,-0.9903902226692982,29.983850252907708,0.0,98.836,-0.07796678282523786,0.5274639368742797,-5.044318838824533,1.5491300737539186,-0.05430164797451874,0.5196885431130205,-5.0128696331581555,0.1449844947025473,0.04653127758522757,-0.01,1.565964599824849,-2.0248824158686762,150.6499108611224,0.0,-0.0024860225802884515,29.999996490697278,0.0,1.5708791942237434,64.0,0.13973782222809764,0.05638172499327973,0.053858472667327593,0.22801353768179733,0.35192418199192527,0.04106127300457993,0.13009891549868124,0.2200588521438703,-33.71814316527421,0.1492628332314771
99.0,-1.9178440599682602,450.2115843168785,5.046,-0.01,30.06,0.01,1.5708899219560573,0.011286676007834253,0.03644178291872084,-0.01412542276527086,-1.9147169720895834,152.54456305578333,0.0,-0.9848799920839715,30.065704371713192,0.0,98.935,-0.0741774062442267,0.5207609092475932,-4.9866386557259705,1.5570650899118925,-0.05525002371149593,0.5184615265267175,-5.008598939473364,0.11035042206795583,0.04679270388902523,-0.01,1.5674631902688536,-2.0250812975701393,153.0499106695008,0.0,-0.0024860227532195914,29.999998429548512,0.0,1.5708791942241522,65.0,0.14028303072808027,0.0565751982930258,0.053815360440353725,0.22818516092311553,0.3519803500611938,0.04107324103258157,0.1300859115835986,0.22034416480764094,-33.70494160167406,0.14936376903932533
99.1,-1.917844700717751,453.21854175494923,5.045,-0.01,30.16,0.0,1.5703563738523538,0.00093056931158026,0.009104261016647179,-0.004149170334685953,-1.9172138474485843,155.55981849150507,0.0,-0.9738869936305165,30.16709846733117,0.0,99.001,-0.07315003582787229,0.523745657855736,-5.041803396173345,1.5574445305227245,-0.059407783406329226,0.5198176159305025,-5.008941400408597,0.0615187015906522,0.05301839449753487,-0.0,1.569091146233811,-2.0253298998485945,156.04991056493154,0.0,-0.0024860228299238727,29.999999421091015,0.0,1.5708791942239702,99.0,0.1426736185771593,0.05675392235731369,0.05384152050060177,0.22843053369055438,0.3521025674655468,0.04130930045092709,0.13028569156466835,0.22131322493886774,-33.658515467620596,0.14954328547984896
99.2,-1.9269346560447929,456.22549917557865,5.045,-0.01,30.26,0.0,1.5706269363025225,-0.0075145350551215385,-0.02415042860714242,0.008922481172696244,-1.9199649741867075,158.58506368635437,0.0,-0.9858405281385664,30.266050202806987,0.0,99.133,-0.076043345785705,0.49336229873707793,-5.041238433165775,1.5482168629579616,-0.04907413217340508,0.5002305547004791,-5.012166897659547,0.16459583630126187,0.0037903646084345155,-0.0,1.565688093828716,-2.025578502133438,159.0499105199841,0.0,-0.0024860228832890873,29.99999978814602,0.0,1.570879194224735,67.0,0.14219776517256724,0.0566533008369613,0.05374783790011076,0.22825743802137297,0.35203292276375553,0.04121629646972097,0.13021182626742897,0.22100117051098464,-33.67611008889859,0.14943303905696598
99.3,-1.9269353046888114,459.2546481522709,5.045,-0.01,30.36,0.0,1.5709764081282793,0.02394507121305619,0.039574693878659015,-0.011272048085437018,-1.9229883022964773,161.62022434599947,0.0,-0.9960117305215752,30.364261853745177,0.0,99.232,-0.06861805817430211,0.4585348885983916,-4.981562704131559,1.5585890335240384,-0.04797669940832394,0.4631057317349495,-5.007285116916066,0.12763007051016798,-0.07862412618120729,-0.0,1.5669117781095425,-2.0258271044206495,162.04991049698032,0.0,-0.002486022889796519,29.99999992270292,0.0,1.5708791942245803,68.0,0.14287578041928278,0.05673847602820236,0.05375697685558693,0.22836541300766244,0.3520799109804203,0.04126903623954371,0.13023423781603313,0.2212976714788789,-33.661971678432835,0.1495061460074726
99.4,-1.92693595322163,462.283797115133,5.045,-0.02,30.46,0.0,1.5703392933672313,0.07095643717432026,0.012761394846821848,-0.00832703065257773,-1.9262064312496545,164.6651905057573,0.0,-0.9792210056447567,30.46268323818776,0.0,99.331,-0.06787195692379544,0.4121134063509506,-4.963134491003493,1.558280787844869,-0.046788041175805144,0.4098776553527823,-5.004355507565087,0.11841327752996834,-0.18428902410916947,-0.0,1.5675457695745387,-2.0260757067091015,165.0499104820516,0.0,-0.0024860228986008604,29.999999971875333,0.0,1.570879194224738,69.0,0.1433799986542114,0.0568688154905638,0.053835275667967725,0.22852038430451618,0.3521410298765155,0.04132402205852581,0.13026292340150886,0.2215910980730052,-33.64547240804933,0.14960517162341908
99.5,-1.9269366047246024,465.32404184683514,5.045,-0.02,30.55,0.0,1.570348929034315,0.1269987801380238,0.004715556704463346,0.0013687913109524902,-1.9294066728638586,167.71968930853004,0.0,-0.9822596547334659,30.555760001367275,0.0,99.43,-0.06791820113758539,0.35542820056637964,-5.013057233347882,1.5556895560993749,-0.05189625046232303,0.34563524085695374,-5.002411916523963,0.07249570369920759,-0.29394463809155624,-0.0,1.5690612806894528,-2.0263243089981287,168.04991047006055,0.0,-0.0024860228990160175,29.999999989746904,0.0,1.5708791942247025,70.0,0.14328161790839986,0.05724415087684415,0.05396924521306965,0.22899922689408175,0.3523343566400664,0.04134950396970655,0.1302712123289555,0.22197970929618127,-33.62927521446534,0.14991434312322427
99.6,-1.926937257973762,468.37538235054956,5.047,-0.01,30.63,-0.02,1.5705738394052045,0.18227068896373863,-0.026007108768844416,0.008418492941099103,-1.9324768821704272,170.78317335710426,0.0,-0.9920300994304319,30.641699217500296,0.0,99.529,-0.06418950913927728,0.29687192805051366,-4.9749663157989295,1.5590076490419762,-0.04590763841964901,0.27130805480952813,-5.001310492108937,0.11091413097907296,-0.39885385279129437,0.02,1.5674582543424715,-2.026572911287159,171.04991045914127,0.0,-0.0024860228979256935,29.999999996283897,0.0,1.570879194224648,71.0,0.14367491692558004,0.0577395526868946,0.05422656129808921,0.2296128145750709,0.35258224360214047,0.041436710751176734,0.13031607886133104,0.2226524221765448,-33.595200302027905,0.15031123863547674
99.7,-1.9269379166434248,471.4378193642683,5.051,-0.01,30.71,-0.05,1.5708480593446603,0.20901635940789726,0.01931759138255343,-0.001100776491945469,-1.9354298958901266,173.85474776057242,0.0,-1.0012914516928513,30.716966236880438,0.0,99.628,-0.06844977722551167,0.218635800788337,-4.987978996801227,1.5608804273958157,-0.05836073395947819,0.18596861501244527,-4.993082688741543,0.01391463010234187,-0.5121092306407569,0.05,1.5706666942284928,-2.026821513576082,174.04991044861418,0.0,-0.0024860228994170105,29.99999999868553,0.0,1.5708791942246911,72.0,0.14439631917367823,0.05816194481780018,0.054541220149847025,0.23013148533103786,0.3527942096749783,0.0415336950059632,0.13038033064655896,0.22335618687254635,-33.554266538581004,0.1506489902783923
99.8,-1.936027904539813,474.50025562514554,5.058,-0.01,30.77,-0.08,1.5708630674005857,0.24677928745112424,-0.05894073972508299,0.007672525872812509,-1.9388528274363166,177.54951473692168,0.0,-1.008798621068109,30.78896738303694,0.0,99.727,-0.06433863431688847,0.15203117505556663,-5.006173698596273,1.555969400304803,-0.048524238996576846,0.10186418772040662,-4.990935011883904,0.08677647156897493,-0.5870411127621082,0.08,1.5682526296622077,-2.02711983632367,177.64991043616172,0.0,-0.0024860229174149106,29.99999999963766,0.0,1.5708791942252884,73.0,0.14447797078820482,0.05840489859698466,0.05481887819375244,0.23044599545627395,0.35293191823978187,0.041577222644673756,0.13042136896613665,0.22369482028971396,-33.532161922522675,0.15086091233685658
99.9,-1.9360285688103573,477.57378840941067,5.068,-0.01,30.82,-0.11,1.5713173855354565,0.2583345376064521,0.008422348882657887,-0.0011795778209908927,-1.941138666146644,180.01684472706555,0.0,-1.0167892631792335,30.82332392815528,0.0,99.826,-0.0632890568054457,0.06317974887540725,-4.988306493495487,1.554823726224299,-0.04903056698176057,0.0059219410666701226,-4.975806765249823,0.08176022559496697,-0.6665947576316391,0.11,1.568416493089742,-2.0273187181562013,180.04991042789882,0.0,-0.0024860229191797294,29.99999999987356,0.0,1.5708791942253466,74.0,0.14536360067431706,0.05871190901123293,0.05512034605956188,0.23088941386666148,0.3531281171051314,0.041684533330156134,0.13050411711981177,0.2243942306405518,-33.492798522917276,0.15116267318031146
100.0,-1.9360292363094516,480.64732194357464,5.081,-0.02,30.84,-0.13,1.5710402779830641,0.2711432476485875,0.005845199004751832,-0.0036601722739568764,-1.9440331474699672,183.10417591133,0.0,-1.0078006365763887,30.852662879090378,0.0,99.925,-0.06322375492992183,-0.044714653248216996,-5.002146508927927,1.5551206814937537,-0.04591866179283804,-0.0988674195997298,-4.966855277665106,0.09503950725820676,-0.7356741142124719,0.13,1.5683036833080695,-2.0275673204478903,183.04991041758655,0.0,-0.0024860229246783288,29.999999999990088,0.0,1.5708791942255296,75.0,0.14474485043927238,0.05878968666670905,0.055321125051582605,0.23102724676294278,0.3531964660132269,0.04165509202465585,0.13049816038373047,0.22435397477024854,-33.492663139044524,0.15126130772786128
100.1,-1.945119245148831,483.7208547206885,5.095,-0.02,30.85,-0.14,1.5707992250214085,0.281764006003818,0.015495087826388684,-0.0028868399753241803,-1.9468566519275645,186.1934323130359,0.0,-0.9988348192233814,30.86478463311974,0.0,100.024,-0.06341132133420621,-0.1564200039619181,-4.999562931382609,1.5592535015055808,-0.050356634689380494,-0.21880145850110322,-4.959712305905732,0.06468790492940256,-0.8220649016199353,0.14,1.5693081168400043,-2.0278159227398644,186.04991040728132,0.0,-0.0024860229259403835,30.000000000027036,0.0,1.5708791942255715,76.0,0.1444841678635989,0.058896737192463244,0.0554889192670851,0.23123283939748085,0.3532942305858942,0.04166488999836105,0.1305127620595083,0.2244785040766613,-33.48515685494678,0.15140634170997214
100.2,-1.945119917645016,486.8054840450284,5.11,-0.02,30.85,-0.13,1.570596418826261,0.322671651796204,-0.011091004983555737,-0.00304887842988163,-1.9494693354601016,189.28290831681363,0.0,-0.9917442612539371,30.859432176944953,0.0,100.123,-0.06524990334074883,-0.2287212529173322,-5.021259717994401,1.5609642112375355,-0.05493633647572771,-0.3100120768466351,-4.956570409210974,0.026688799616072262,-0.8164440771083186,0.13,1.570573615920345,-2.028064525031304,189.04991039697887,0.0,-0.0024860229219123933,30.000000000052616,0.0,1.5708791942254372,77.0,0.14453175627806564,0.05898901434628435,0.0556283421887387,0.23140753846487702,0.35337395106206343,0.041689643104980356,0.1305367267767253,0.22466410636842493,-33.47459676894012,0.15152685202798385
100.3,-1.9451205850451743,489.8790168201882,5.126,-0.02,30.83,-0.13,1.570738644239844,0.25872662828260456,-0.04227408620522129,-0.001066507270455614,-1.9518272042345493,192.37086013987874,0.0,-0.993276756013107,30.836455685667953,0.0,100.222,-0.06589191450780402,-0.35015695458286755,-5.036510049236201,1.5586238092165579,-0.05658578144402869,-0.42167292927505406,-4.9565306221338385,0.02831239951575911,-0.8506407138969934,0.13,1.5705190560492674,-2.028313127322985,192.0499103866774,0.0,-0.002486022932085199,30.00000000006398,0.0,1.5708791942257763,78.0,0.14487835436177718,0.05929633631400732,0.05582707717979819,0.23185098374537855,0.3535585375836404,0.04175392790278178,0.13057707967725815,0.22517473800361365,-33.45033708460866,0.15182098141641964
100.4,-1.954210606686928,492.9525503643133,5.14,-0.03,30.79,-0.12,1.5710206692336384,0.2542171116529501,-0.020353191699201967,-0.00033283865271632084,-1.9544894453820045,196.07211206546208,0.0,-0.9975488638214787,30.788866551396527,0.0,100.321,-0.06708836295004188,-0.4603082218052978,-5.093832878853577,1.5556792372516721,-0.050461101694108446,-0.5285191594828921,-4.968730250108308,0.09772263159454221,-0.8561893953940753,0.12,1.56853391801096,-2.0286114500737304,195.6499103743172,0.0,-0.0024860229294480156,30.000000000072507,0.0,1.5708791942256883,79.0,0.14447751906209283,0.058844369079800576,0.05578911052514522,0.23125879109281372,0.3533179907544901,0.04168713263456569,0.13056162464278878,0.22454722404508,-33.47047949873627,0.15142999200946244
100.5,-1.9542112748225549,496.01498735163204,5.152,-0.03,30.74,-0.1,1.5709700876348673,0.22913752376414145,0.03573954166573557,-0.0005740270286702072,-1.956240730266207,198.53589603543568,0.0,-0.9911299386544599,30.746845357457303,0.0,100.42,-0.07040512179993147,-0.5573261372619913,-5.100978450712059,1.5530738120239984,-0.05278329564447387,-0.6250240546255903,-4.978998384292332,0.10422325623958804,-0.8319179835362362,0.1,1.568314619548624,-2.028810331907183,198.04991036607674,0.0,-0.002486022920848228,30.00000000007251,0.0,1.5708791942254017,80.0,0.14411052482339848,0.05876718721056788,0.05574981451510488,0.2312463434808368,0.3533258651110213,0.041675206744124595,0.13055974698633716,0.22442617619599656,-33.48135204460922,0.15143207613238877
100.6,-1.9542119453818145,499.0885201189205,5.161,-0.03,30.68,-0.07,1.5704494732224867,0.17689782175613578,0.020907452634944337,-0.005145811205564066,-1.958655479563574,202.22446679871584,0.0,-0.9678109622889347,30.671807950249587,0.0,100.519,-0.07328036684762017,-0.6348950480617983,-5.147444031770066,1.549913859099237,-0.052130397393108735,-0.7039357074987311,-4.9955028318426,0.1072101222600163,-0.7670087702577639,0.07,1.5682151756756315,-2.0291086546555737,201.64991035371494,0.0,-0.002486022896392336,30.00000000004693,0.0,1.5708791942245866,81.0,0.14391974173965053,0.05859034143718845,0.055659487220839535,0.231048572370998,0.3532447584104277,0.04164484213015552,0.13054230617989296,0.22418458740774902,-33.49348135609233,0.1513014832774729
100.7,-1.9633019687032345,502.1398605214781,5.166,-0.03,30.61,-0.04,1.5701822804429124,0.09844983313941542,0.011642443992546578,-0.0042123078690280685,-1.959915918368219,204.67804884334748,0.0,-0.9550559744138818,30.614605192529638,0.0,100.618,-0.07202066539178925,-0.7038035843240956,-5.115408974599269,1.5522329210869075,-0.04799656911680726,-0.75970284274602,-5.014530668003458,0.14167581458968775,-0.6561588727108045,0.04,1.5670680805012058,-2.0293075364860815,204.04991034547382,0.0,-0.0024860228880202112,30.000000000061142,0.0,1.5708791942243074,82.0,0.14344831492952645,0.058185415267408114,0.05544569888021995,0.23053414408002093,0.35303229485374704,0.04155489431076204,0.1304923614073032,0.223570045553521,-33.524842451386625,0.15096190740784735
100.801,-1.963302634580515,505.19120091263085,5.166,-0.03,30.53,0.0,1.5698671243179143,0.006157780203275276,0.024638589280567516,-0.0059659633419464845,-1.9610029000000737,208.34945737056992,0.0,-0.9308164664035466,30.524840608417545,0.0,100.717,-0.06803206577197622,-0.7525073102007872,-5.040768974868802,1.568084530369544,-0.05723574799502079,-0.8127147922791376,-5.026581438283763,0.042148707301998475,-0.5518377624586606,-0.0,1.5703910749138548,-2.0296058592308044,207.64991033311287,0.0,-0.0024860228725466283,30.000000000069658,0.0,1.5708791942237916,84.0,0.14348015978623638,0.057771084845593255,0.05511264911545716,0.23007158725912136,0.3528530141744973,0.04154469320456827,0.13050741181688166,0.22315778953760648,-33.54836997448191,0.15066597444780178
100.9,-1.9633032976853428,508.23144550696605,5.162,-0.03,30.46,0.03,1.5699080852235223,-0.0439059486720799,-0.03306914521244454,0.003765645981128742,-1.961112394323653,210.79095527370305,0.0,-0.9298134084264856,30.46366851987064,0.0,100.816,-0.07569568507255246,-0.8294902647376887,-5.1649213822170665,1.5524850382324549,-0.054993344977552955,-0.8538163324962345,-5.054944327727156,0.10397331343076503,-0.4593441734266932,-0.03,1.5683306085804403,-2.029804741059326,210.04991032487285,0.0,-0.002486022852576172,30.0000000000725,0.0,1.570879194223126,84.0,0.14205587203974454,0.056826835731400814,0.054594852612313845,0.22883072455047868,0.3523347215227525,0.0413013242394729,0.1303433073193316,0.22158819160766458,-33.63174532011248,0.1498513053511838
101.0,-1.9633039583023049,511.27168928389676,5.155,-0.02,30.38,0.07,1.5704374366058058,-0.05665208669359614,0.00219555116957267,-0.006898253895307089,-1.9606483627670575,213.83603183849957,0.0,-0.9301945023843969,30.388533952873193,0.0,100.915,-0.0804654608402037,-0.8644702904678979,-5.137094978364338,1.5539781696552561,-0.06166126350511693,-0.8815649378420651,-5.076276601894975,0.07700634842474635,-0.3473643917477176,-0.07,1.568898182366129,-2.0300533433436474,213.04991031457286,0.0,-0.0024860228480331394,30.0000000000725,0.0,1.5708791942229745,85.0,0.1424677413601304,0.05697397194048097,0.054389664596042935,0.22901728267666935,0.35239297122818175,0.041337584983706446,0.1303390911081541,0.22182812296061824,-33.62900961715206,0.1499598581223328
101.1,-1.9723939884819686,514.300837251392,5.145,-0.02,30.31,0.09,1.5703833799660225,-0.08402229572306097,-0.016858654257296234,-0.0009317784845013702,-1.9596633761855273,216.87380086260336,0.0,-0.9168369395520851,30.31768711336982,0.0,101.014,-0.08223431515073859,-0.9181308114639208,-5.166441022784341,1.5522290287177039,-0.060231630039059736,-0.9263107008236777,-5.104432686910755,0.11449966756624298,-0.30758172019728036,-0.09,1.5676466021899753,-2.030301945627448,216.04991030427223,0.0,-0.0024860228476463104,30.000000000066816,0.0,1.5708791942229616,86.0,0.14222961036416878,0.05712961999600611,0.054260726687741255,0.22910709434969373,0.35240299954374577,0.0413276812947203,0.1303088538616617,0.2218035914106397,-33.63341602638604,0.1499981796325544
101.2,-1.9723946469036662,517.3188894137988,5.132,-0.02,30.25,0.13,1.570467126063539,-0.04160490265804676,0.004411589694642302,-0.008868769496786597,-1.9582528154066496,219.9045896179724,0.0,-0.8993700571233855,30.249686774076846,0.0,101.113,-0.08421918557026956,-0.9394018071675483,-5.085886950916464,1.5566466321086185,-0.07276170020056988,-0.9484111833648676,-5.116339799626651,0.02940876826446099,-0.23373355742059232,-0.13,1.5704828711566243,-2.030550547911038,219.04991029397152,0.0,-0.0024860228458206328,30.000000000061135,0.0,1.5708791942229008,87.0,0.14266861431838151,0.057345999090862916,0.05427097946841132,0.22928061914077724,0.3524558596137368,0.04138547305045571,0.13032520505654704,0.22208038807799443,-33.61815551302227,0.15009740576235076
101.3,-1.9723953018950056,520.3369407362889,5.116,-0.02,30.18,0.13,1.5703268541281596,-0.04664200289584291,-0.04898874410033766,-0.003819346754903125,-1.956499970918348,222.92858944786727,0.0,-0.8804258994773225,30.183673691343202,0.0,101.212,-0.08396375836225027,-0.958807320948106,-5.072809811953444,1.5643355713513656,-0.07719924665728248,-0.9588935370814831,-5.121456113961273,0.005557916676149596,-0.14402098274616648,-0.13,1.5712771528802585,-2.0307991501943166,222.04991028367093,0.0,-0.0024860228364290884,30.000000000072504,0.0,1.5708791942225877,88.0,0.14209583556914612,0.05701608173959085,0.05412924661543063,0.22876539625998624,0.35224075099095636,0.041294290048345596,0.13027609153434966,0.2214562670029082,-33.6444257302048,0.14975895479328322
101.4,-1.9633065767582707,523.3438970676264,5.102,-0.01,30.12,0.13,1.571150732753102,-0.05121761825851167,-0.04761975778528423,-0.0037867532736772795,-1.9546083536035375,225.94592769702305,0.0,-0.8823299837272386,30.117439640413682,0.0,101.311,-0.09134098130310321,-0.9695068560365255,-5.091592752093337,1.5597880081300035,-0.0819685791272273,-0.9616895562045165,-5.130026351258101,0.005967648537777095,-0.06371856172768631,-0.13,1.5709304868188607,-2.0310477524762676,225.04991027337078,0.0,-0.0024860228236124383,30.00000000006966,0.0,1.5708791942221605,89.0,0.14283974760481313,0.05697947031151242,0.05412103213547949,0.2287305509534586,0.3522359846394067,0.04136355571798408,0.1303156604282245,0.22165990856104104,-33.63360356841127,0.1497450199562816
101.5,-1.9633072268094907,526.3508525458865,5.087,-0.02,30.06,0.12,1.5716324877601602,-0.05550052503038063,-0.031100423602975606,-0.007779717996913789,-1.9526489088860062,229.5582284802795,0.0,-0.8736285916587118,30.042160888379847,0.0,101.41,-0.09559529777200268,-0.9836236533287042,-5.091454270711444,1.561742311520605,-0.08721025029210502,-0.9822979262329226,-5.134299648534052,0.009235001395928985,-0.03952293091169423,-0.12,1.571154915304929,-2.031346075213384,228.64991026101092,0.0,-0.0024860228052473645,30.000000000072504,0.0,1.5708791942215483,90.0,0.14260870012605864,0.0570546116466952,0.0541246287638725,0.22883148362954758,0.35227995477109175,0.04136680031515488,0.13031312725802638,0.22167968323832915,-33.63358695410998,0.14981358389606386
101.6,-1.9633078769218457,529.3467130419145,5.074,-0.03,30.0,0.11,1.5719526186028983,-0.022198541290168582,-0.01936510483537525,-0.006646712811705251,-1.9516337564189532,232.56167925397708,0.0,-0.858435967932401,29.982348695463433,0.0,101.509,-0.09695680380222021,-0.9740570107916562,-5.033095206747384,1.5585998693809078,-0.08421435697148724,-0.9631015663439335,-5.127070183902381,0.04445076786247376,0.06992765424143954,-0.11,1.570315754745766,-2.0315946774927727,231.64991025071086,0.0,-0.0024860227927704422,30.000000000069658,0.0,1.5708791942211324,91.0,0.14254726191243564,0.05709556815383354,0.05410732453605679,0.22886606812027074,0.35229198391323985,0.04134797793265403,0.13030158558600563,0.22168470590169698,-33.635480677744276,0.14983475305223487
101.7,-1.9633085274492146,532.3425735153368,5.064,-0.04,29.94,0.1,1.571891541769963,-0.06446750771346683,0.00498840737065672,-0.008195780843705643,-1.9513443512242847,234.96014598547416,0.0,-0.8410000509778103,29.936889585092676,0.0,101.608,-0.09826262614675738,-0.9963433738033678,-5.092272965380039,1.5543748474965393,-0.07725730996488164,-0.9669097134529554,-5.130619323182714,0.11892168528228694,0.09673656091235117,-0.1,1.5681688275156869,-2.0317935593159007,234.04991024247025,0.0,-0.0024860228021691194,30.000000000063974,0.0,1.5708791942214457,92.0,0.1420609818939925,0.056824357621338924,0.053982494245581776,0.22849647244938806,0.35214127074485563,0.04127284718830169,0.1302614048283206,0.22121003386722957,-33.657853774900275,0.14959526987627852
101.8,-1.9633091948630295,535.4161044430892,5.055,-0.04,29.89,0.09,1.5717283134607152,-0.04173315471057011,0.04876910989011717,-0.012186214491381506,-1.9517812501299685,238.55098071682053,0.0,-0.8024461539736055,29.87190395022861,0.0,101.674,-0.09294047473042674,-0.9398753637735981,-5.0470381025593465,1.5614713223960035,-0.07144044986908157,-0.9323061481027672,-5.131569273339025,0.08704219234243085,0.20442016701742105,-0.09,1.5692331747631791,-2.03209188205118,237.64991023010887,0.0,-0.002486022794415322,30.000000000063977,0.0,1.5708791942211873,76.0,0.14243854259124322,0.05714214343487338,0.05402682945460347,0.22894133192478996,0.35232645734710116,0.041337422788100896,0.13028609375161496,0.22170417603083822,-33.640134783611515,0.14988765902045137
101.9,-1.9723992254465088,538.3342943904671,5.047,-0.05,29.84,0.09,1.5710368222524433,-0.09250517749148754,0.02064240221845736,-0.00957177012992808,-1.9525242001384895,240.9405287757533,0.0,-0.7728832195401033,29.831214913904653,0.0,101.806,-0.09375207469041158,-0.9525612336626887,-4.993737738877487,1.5654785165675302,-0.08665847967165896,-0.9164586908052996,-5.117519224229241,0.018792526856547757,0.23986988522906216,-0.09,1.5718338133952545,-2.032290763873572,240.0499102218686,0.0,-0.002486022785123226,30.000000000069658,0.0,1.5708791942208775,94.0,0.14734335575461766,0.06060342449008717,0.05583930355395012,0.23267309106560716,0.35366715078114697,0.04176577155824926,0.1303982412799104,0.22646616921677618,-33.338815482431144,0.15218187277449913
102.0,-1.9723998740995228,541.3079632303928,5.039,-0.05,29.79,0.09,1.5712534243965075,-0.08480234849101227,-0.0323930975659264,-0.0024882672375808037,-1.9537934623743491,243.92295729381863,0.0,-0.7566257469603994,29.784254104812863,0.0,101.938,-0.09671980251232125,-0.8969316408587936,-5.001793684442495,1.5622257672753779,-0.08483821767743738,-0.876011366713187,-5.10894248424462,0.05961458775084224,0.32845467064331046,-0.09,1.5704771010069407,-2.0325393661507456,243.0499102115677,0.0,-0.002486022775344146,30.000000000066816,0.0,1.5708791942205516,62.0,0.14337829910148245,0.05774076103718164,0.055323345261852175,0.22927909148770229,0.3524453594669707,0.04154554848878167,0.13054344681259425,0.22250626197752385,-33.54688071664315,0.15008199490736807
102.1,-1.9724005261847424,544.2816329033635,5.031,-0.05,29.75,0.09,1.571653081747007,-0.11347707558274923,0.0029558641726546765,-0.0069488203750234755,-1.9558907265719634,247.4959207788239,0.0,-0.7430212149100942,29.733963148210883,0.0,102.004,-0.09714758471374035,-0.9140182313233309,-5.048096747532384,1.5607938382078719,-0.07744094079524617,-0.871941675063078,-5.106286190292261,0.10690007367630167,0.3003048167236706,-0.09,1.5689028349976644,-2.032837688881723,246.6499101992067,0.0,-0.0024860227581317194,30.000000000072504,0.0,1.5708791942199778,96.0,0.14155499335324948,0.05708269766848801,0.054945817110780615,0.2289308748337466,0.35239143714517973,0.041226267610133774,0.13025916394886325,0.22157141869343078,-33.61492069899913,0.14992812326231159
102.2,-1.9724011724515265,547.2442059195779,5.023,-0.05,29.71,0.09,1.5715167265760268,-0.05350560522102523,0.04125163475582752,-0.012623533122536633,-1.957702246272191,249.87472153696223,0.0,-0.7216669644087583,29.705231158592387,0.0,102.136,-0.09218185492107843,-0.854994086718716,-5.046354171402981,1.5588086366264,-0.07670167939155585,-0.8293945257422541,-5.100859627475209,0.08619256033838826,0.36824972197124595,-0.09,1.569593047242216,-2.0330365707009133,249.04991019096633,0.0,-0.002486022743190337,30.000000000072493,0.0,1.5708791942194797,64.0,0.14280860837804216,0.057540476851740366,0.05479793115296567,0.22982217697634666,0.35278668823629195,0.04142150312027575,0.13041107038342223,0.22270748698801457,-33.58603030704803,0.150537501285388
102.3,-1.9724018186273895,550.2067789135322,5.017,-0.05,29.68,0.08,1.5709395834154005,-0.08611909139775147,0.014819399647749715,-0.007668739611993853,-1.9609291253654466,253.43875718599588,0.0,-0.6834098933674952,29.66767283417456,0.0,102.235,-0.08578776036937998,-0.8195474124723882,-4.952109794907018,1.5663252543400983,-0.07699797947280648,-0.7848387286959302,-5.082441864888603,0.04575235230520206,0.4182162558935758,-0.08,1.5709374530207993,-2.0333348934283997,252.6499101786063,0.0,-0.0024860227343307573,30.000000000072493,0.0,1.5708791942191844,65.0,0.14277672995391813,0.05716216174128725,0.054551548382632147,0.2292519764061877,0.35251344710472454,0.04136263577227776,0.13035638253573942,0.2221544319638466,-33.60907402863434,0.1501334231479997
102.4,-1.9814918797182202,553.1693527529078,5.011,-0.06,29.65,0.07,1.5710494518887739,-0.10733901343678495,-0.010916434366827469,-0.002836057376855382,-1.9633380467859172,255.81234384424312,0.0,-0.6745317085639985,29.645834679494573,0.0,102.301,-0.08521893296381707,-0.8033874658518949,-4.99002551674555,1.560381762931639,-0.07454456383953592,-0.7576696189484888,-5.071288407450988,0.05859824509552862,0.4152563272326901,-0.07,1.5708429505418622,-2.0335337752462808,255.04991017036616,0.0,-0.0024860227292476853,30.00000000006681,0.0,1.570879194219015,99.0,0.14270631796305383,0.05737821840545134,0.05446354389272131,0.22948211391570075,0.35258025432950185,0.04138189260407611,0.13034274163642448,0.22230019843038015,-33.608333073061544,0.15026229787939596
102.5,-1.9814925290007182,556.1319257059895,5.004,-0.06,29.63,0.07,1.5711848278904819,-0.07522969993519735,-0.005574780183664012,-0.003551201198505118,-1.9666744424768998,258.7770603185781,0.0,-0.6655933705565018,29.623260773338526,0.0,102.367,-0.08171794368131904,-0.786951186601323,-4.995880316311394,1.5686058173833517,-0.07286089289509111,-0.7203826652887588,-5.071833276564826,0.020432673564191706,0.42722213690270294,-0.07,1.5721127260083732,-2.033782377518235,258.04991016006534,0.0,-0.0024860227483866518,30.000000000078177,0.0,1.570879194219653,83.0,0.14285255594418547,0.05754379284731555,0.05446634811262996,0.22958877081235943,0.35259698220934504,0.04141188423794017,0.1303457961909448,0.22242533019882277,-33.600061931258494,0.15031036071631151
102.6,-1.9814931756613987,559.0834028558347,4.997,-0.06,29.62,0.06,1.571526128684871,-0.06488730554189953,-0.016230762398395136,0.0010579093972560142,-1.970481997241499,261.7397607049557,0.0,-0.6604054865608021,29.605553743224114,0.0,102.532,-0.07398111003366933,-0.699948447854273,-4.91131679928073,1.5781246307324222,-0.07901749764997014,-0.6596101048402614,-5.0467100153801,-0.049798736361147816,0.4807357955145193,-0.06,1.5744440199983072,-2.034030979791877,261.0499101497637,0.0,-0.00248602273610126,30.00000000005544,0.0,1.5708791942192435,68.0,0.146866700875346,0.06100246886236401,0.05620338434134891,0.23327268469825918,0.35391219547303643,0.04176531969123535,0.13041785096569813,0.22687309475503376,-33.31889658774345,0.1525764902360568
102.7,-1.9905832482897665,562.0348808646311,4.99,-0.07,29.6,0.05,1.571941044940848,-0.10548374401246063,-0.048320125007733965,0.005220844512275008,-1.9749362186450774,264.7009194010906,0.0,-0.662206140795018,29.592330486458756,0.0,102.631,-0.07180605748758763,-0.6760109272141583,-4.962935290003732,1.5698599793906514,-0.07423642920367945,-0.6206012023499818,-5.029263001329639,-0.025975449297084285,0.4811927266909706,-0.05,1.573986862639255,-2.0342795820637467,264.0499101394622,0.0,-0.0024860227136259054,30.000000000055444,0.0,1.5708791942184943,69.0,0.14298413530828674,0.05753457849270925,0.05545012758396765,0.22908466516076542,0.3523755192754987,0.0414815391627534,0.13052941335934426,0.22223634356101343,-33.55505417514074,0.14995995480207497
102.8,-1.9905838981712805,564.9863579733185,4.985,-0.07,29.6,0.05,1.5727830597341543,-0.09366445588228256,-0.015453210786153557,-0.0002773754675302343,-1.9815492186360433,268.253015450058,0.0,-0.6744259135370804,29.58362590831785,0.0,102.73,-0.0681560395732378,-0.6339338167719433,-4.970058805191963,1.5681497502231885,-0.0642867002627943,-0.5822557289353072,-5.016755398566957,0.028957918837701095,0.46300803190565176,-0.05,1.5721615280289518,-2.034577904787269,267.6499101271022,0.0,-0.002486022693657569,30.000000000083865,0.0,1.5708791942178286,70.0,0.14202162323116388,0.057278400298939214,0.05512189950875108,0.22930534559755084,0.35255736306598534,0.04129041240251103,0.1303049771240921,0.22205130140280582,-33.59321823047218,0.1501803034400753
102.9,-1.9996739780310975,567.9378359515573,4.981,-0.08,29.6,0.04,1.5729148488633822,-0.06855552260004394,0.030330830539641924,-0.008391864880963575,-1.986904060442147,270.6207461930676,0.0,-0.6672609275942218,29.582811855661237,0.0,102.829,-0.061151994817409,-0.5986602776175333,-4.960995561169394,1.5688995824437528,-0.053406681141089166,-0.5512422087162197,-5.013661826163606,0.07720140438561031,0.43121164580437465,-0.04,1.570889516361781,-2.034776786601337,270.04991011886295,0.0,-0.0024860226658055718,30.0000000000725,0.0,1.5708791942169003,71.0,0.14262449747251124,0.05742420979786182,0.05485188559156352,0.2297140162491875,0.3527426860811364,0.04139258327998558,0.13040339598393869,0.22256233998294672,-33.590128181389126,0.15046498899904312
103.0,-1.9996746310559672,570.889313019688,4.977,-0.09,29.6,0.04,1.5726268053429688,-0.03877830404083757,0.043298736451853184,-0.010684149069754494,-1.9945802776537287,273.58048047613426,0.0,-0.6473950967244642,29.58630747762772,0.0,102.928,-0.053940029497286435,-0.5450049964836083,-4.971004194521776,1.5656413539829386,-0.037757061923881646,-0.5063903907439071,-5.006171608072426,0.13838583399037763,0.4361366764300598,-0.04,1.5691854074993532,-2.035025388865228,273.0499101085621,0.0,-0.002486022615717557,30.00000000005545,0.0,1.5708791942152307,72.0,0.14253889453429505,0.05726320260967486,0.05460976600935815,0.22943263826317536,0.35258887961807894,0.04137251413293358,0.13036522611615362,0.22224366800850132,-33.60650311656614,0.15025111592377494
103.1,-2.0087647191019755,573.8407909679626,4.973,-0.1,29.6,0.03,1.571831578798827,-0.05352296404144268,0.05859272719970351,-0.017519589791909845,-2.0030146337807437,276.5406301710311,0.0,-0.6155623597551919,29.593436609300177,0.0,103.027,-0.037961180451231875,-0.5082061430976623,-4.913037917763341,1.5699682460600055,-0.024014975493461547,-0.4650913002068371,-4.997657300564292,0.13913239106213818,0.43363074531221457,-0.03,1.5694933751388287,-2.0352739911231414,276.0499100982617,0.0,-0.0024860225527160336,30.000000000072504,0.0,1.5708791942131306,73.0,0.2005405158691674,0.06801452535926239,0.05675951119961978,0.24549153725242578,0.3595138732802095,0.047897141716233715,0.135080924695526,0.25812142862121834,-32.37780871212024,0.16150266572479513
103.2,-2.0178548138012786,576.7922689020738,4.97,-0.1,29.61,0.02,1.5711523904781808,-0.06637872259510999,0.04732810202651538,-0.012020809283833204,-2.0116919916492737,279.5015124470977,0.0,-0.5874019832634212,29.60318147184992,0.0,103.126,-0.03047752888299137,-0.45680999591377924,-4.910006768486856,1.5721727924445237,-0.02071763019610693,-0.42175338016149566,-4.988442963938622,0.09491134002645688,0.43059622657155927,-0.02,1.5709657195688114,-2.0355225933763053,279.0499100879606,0.0,-0.0024860225193603577,30.00000000004408,0.0,1.5708791942120188,74.0,0.14370576019373033,0.058342301674878166,0.055854766682097066,0.22984680914019628,0.3525793629139104,0.0415939875069029,0.13052820282605215,0.22308435899312407,-33.48723202731288,0.15036719942486385
103.3,-2.026944910655743,579.7437459099987,4.968,-0.09,29.62,0.01,1.5710311402970714,-0.0690109576923415,0.013438773059292839,-0.00034517360357936417,-2.020147158945196,282.46347925475817,0.0,-0.578126404223742,29.6159487814261,0.0,103.225,-0.025275976224329456,-0.42844050396799677,-4.951872635520852,1.562354128067329,-0.010189445751730777,-0.3829717966747457,-4.977909520699619,0.11853854025658683,0.41439760370870715,-0.01,1.5698461318869024,-2.035771195624933,282.04991007766,0.0,-0.002486022451203901,30.000000000072504,0.0,1.5708791942097469,75.0,0.14330384715254488,0.05726984828126863,0.055280729674481985,0.22917644598487596,0.3524903745579709,0.04149170656524866,0.13053381448789972,0.2224037331929581,-33.56411705085841,0.15008438936917698
103.4,-2.036035021996412,582.7063195942844,4.969,-0.08,29.64,0.01,1.571111862724882,-0.06079925174459572,0.020922342005020488,-0.0062551384388561445,-2.028135942208189,285.426925793014,0.0,-0.5722484641219806,29.632736456043393,0.0,103.324,-0.018792700894367163,-0.3815101284149829,-4.946446433889505,1.5657128633653736,-0.006450230377372903,-0.3427345194060215,-4.972812333049516,0.09992174704588488,0.39726361661621823,-0.01,1.570133092474384,-2.0360197978651478,285.0499100673591,0.0,-0.0024860223610031914,30.000000000078188,0.0,1.5708791942067402,76.0,0.14238020730215872,0.05724607938198445,0.0548800373800038,0.22947225894731643,0.35264947963799603,0.041373681444522546,0.13040196843730592,0.22229668354277538,-33.599033715411366,0.1503113512214508
103.5,-2.0360356898155487,585.6577974861058,4.968,-0.07,29.66,0.01,1.570878570785515,-0.05010196626906464,0.005323074023152727,-0.003610919403341928,-2.0355326853145854,288.39224525102156,0.0,-0.5607082811302845,29.65351505063438,0.0,103.423,-0.0063479471230333045,-0.32846838548564045,-4.935558128809457,1.5675737189260206,-0.00010691610644634206,-0.2939586621697241,-4.966000753345551,0.07336764808241204,0.4058089937007878,-0.01,1.5706843175664393,-2.0362684000971902,288.04991005705665,0.0,-0.002486022276361402,30.000000000044086,0.0,1.5708791942039189,77.0,0.14243102622880205,0.057193657289151364,0.0545960830327541,0.22938069574460215,0.3525763800030976,0.041348654897102086,0.1303517853234803,0.22216535046440275,-33.61229438380258,0.1502241563246295
103.6,-2.0451258079633874,588.6203711451813,4.968,-0.06,29.69,0.01,1.5709163722156683,-0.06453433065870488,-0.0074227663622017485,0.0006177277459170048,-2.043535727860217,291.9535963606595,0.0,-0.5554329470093994,29.682499496912563,0.0,103.522,-0.0039194925795038955,-0.30135147009960644,-4.962895504585047,1.5667640672490273,0.005658789820846485,-0.263344426057911,-4.964514507755332,0.07372225197635725,0.3623904340731414,-0.01,1.5703397158290304,-2.036566722772365,291.6499100446934,0.0,-0.0024860223532865355,30.000000000044082,0.0,1.570879194206483,78.0,0.14205016460589173,0.05708099041760557,0.054363134375020467,0.2291210295042174,0.35243153159087,0.041300046395593835,0.13030145017082545,0.22178043148014942,-33.63310789710743,0.1500246507580237
103.702,-2.054215932185201,591.5829447901872,4.968,-0.06,29.71,0.01,1.5709122275973806,-0.04404965413767177,-0.001565395909315945,-0.0045224791366000605,-2.0495118143341813,294.9242624309806,0.0,-0.5518019425561135,29.710245898287862,0.0,103.621,0.006571058352692209,-0.2667009196722273,-4.906956913485059,1.5691127600820938,0.015568157604759117,-0.23524374516667623,-4.958494220228053,0.09421125033345654,0.3284352592145545,-0.01,1.5696574114270985,-2.036815325005415,294.64991003439064,0.0,-0.0024860223218983097,30.000000000044082,0.0,1.5708791942054368,81.0,0.14437825677202443,0.05764851569466352,0.05437328050322992,0.22986644122971753,0.35273252250825426,0.04160356307234398,0.13050129933376903,0.22314514484977716,-33.56829488217535,0.15050553782152082
103.8,-2.0542166082356346,594.5455184238887,4.968,-0.05,29.74,0.01,1.5708614706771353,-0.02865847021626527,0.01715747223148137,-0.006668258870393415,-2.0538572017608585,297.30291124239045,0.0,-0.5472244146480847,29.73479711925931,0.0,103.72,0.010893239056748933,-0.2512951995581853,-4.979200042135417,1.5587132014431504,0.02975929953311305,-0.22334604518610968,-4.95912947343529,0.14936738998870636,0.25805675798975614,-0.01,1.5674838780132998,-2.037014206790138,297.04991002614844,0.0,-0.0024860223141378508,30.000000000044082,0.0,1.570879194205178,80.0,0.1417122191228663,0.0570460649340435,0.05415193712807057,0.22888410050048505,0.35229714064261497,0.041290864700365235,0.13027408563845178,0.221446518531426,-33.65002286917692,0.1498417813553424
103.9,-2.0542172844522213,597.5080920455093,4.968,-0.04,29.77,0.0,1.5703872713227778,0.011062324141494832,0.048263949504077794,-0.013842838605019395,-2.058652906291958,300.27905261089717,0.0,-0.5309561341128474,29.767086680718606,0.0,103.819,0.018669964248675106,-0.20275247818307945,-4.968574343448809,1.5668638380523678,0.02728602442247398,-0.18443706025947865,-4.956746245748201,0.07504144116830679,0.2675922229483234,-0.0,1.5696297411041398,-2.0372628090232325,300.04991001584585,0.0,-0.002486022393274548,30.00000000004408,0.0,1.570879194207816,81.0,0.14159265197546897,0.056782465198259,0.054017933261308604,0.22849067385204014,0.3521309194585763,0.041244853722986245,0.1302553461194775,0.2210624301886981,-33.66479726361745,0.14958208106489052
104.0,-2.0633074256099917,600.4817623764435,4.971,-0.02,29.81,-0.01,1.5697339624774196,-0.014485144895964175,-0.015593305584695932,-0.0025930922254990695,-2.0625053110245215,303.2584095952161,0.0,-0.5111684951833527,29.80006108275552,0.0,103.918,0.021685446074896256,-0.18653241802119996,-4.952393850973455,1.5617245008887868,0.03357271853914075,-0.16715143292704993,-4.9528689395021654,0.09040057828329043,0.21727315268238812,0.01,1.5684517765944863,-2.037511411264145,303.0499100055433,0.0,-0.0024860224288732113,30.00000000004977,0.0,1.5708791942090026,82.0,0.14250052898201493,0.05682089002075161,0.05400835940662604,0.22856241486705792,0.3521725663601566,0.041346521726380966,0.1303129677197561,0.22140921559006002,-33.64820765099664,0.14964057715681534
104.101,-2.063308107741733,603.45543175624,4.975,-0.01,29.84,-0.01,1.569756106417861,-0.0024389897420507034,-0.0011940194531990913,-0.003752427617036355,-2.0656635200228775,306.8378759147408,0.0,-0.5069496997662176,29.838198540999052,0.0,104.017,0.026244211068739844,-0.1786924918099535,-4.973448593906451,1.5636892931018516,0.0322390634757346,-0.16129293498856218,-4.950368537879784,0.05255187647434818,0.15717831587905806,0.01,1.569377798442497,-2.037809733959282,306.64990999318087,0.0,-0.002486022513965145,30.000000000049763,0.0,1.570879194211839,84.0,0.14264507982700816,0.05696474334464246,0.05394381332667906,0.22876858091900926,0.35226286077182584,0.04139026064412519,0.13034491938039056,0.2216296741587153,-33.640563006070494,0.14977866016779007
104.2,-2.0633087894602227,606.4291011229105,4.978,0.0,29.87,-0.02,1.5695855246766026,0.015441222266518884,-0.01365490317518276,0.0006794041675580299,-2.0668920660732617,309.22674814386386,0.0,-0.5043892978286664,29.863783641762176,0.0,104.116,0.02931352582158669,-0.15081861970571825,-4.92709782954981,1.5673501419735287,0.0341194678315028,-0.14554573140910337,-4.941782541370451,0.03609559146102305,0.13508000601533965,0.02,1.5695933446984756,-2.0380086157606923,309.04990998494105,0.0,-0.00248602254174528,30.00000000007818,0.0,1.570879194212765,84.0,0.14126073843560577,0.05668721616430682,0.05377916433909059,0.22834109211264675,0.3520761463988043,0.04123009530454285,0.1302275423694084,0.22081663597746864,-33.68439111968462,0.1494940383999453
104.3,-2.0633094746800964,609.4027714353726,4.984,0.0,29.9,-0.02,1.5697332225416343,0.008300964293817888,-0.015402880625773854,0.001526295309899152,-2.0675095377019486,312.21569071206005,0.0,-0.5067180216815361,29.89488314037618,0.0,104.215,0.027981245803720623,-0.14608733158625345,-4.924703297830925,1.5676234961510422,0.03156659091739085,-0.14114741794182128,-4.9362673020318155,0.014971858363115997,0.09023221866381448,0.02,1.5702971023470775,-2.0382572180140204,312.04990997464,0.0,-0.0024860225493244697,30.000000000061128,0.0,1.5708791942130176,85.0,0.1414685670378058,0.05669337606135784,0.05375331263997233,0.22832474261701516,0.3520635036602606,0.04124608302868564,0.13023177220115303,0.22085936552526209,-33.68067257017184,0.1494788776246341
104.4,-2.0633101624258643,612.3875375236107,4.99,0.01,29.93,-0.03,1.5699441609347726,0.020081889454104957,-0.01998204678843289,0.0027089963172089336,-2.0672294400811566,315.20772052441146,0.0,-0.5131772061703537,29.924995168659,0.0,104.314,0.02951608878419831,-0.1437708164922306,-4.930609874013365,1.570929400802253,0.026579666446748515,-0.14300309312590215,-4.9333806579488275,-0.04032291983370072,0.03984964240055788,0.03,1.571808107295911,-2.038505820269513,315.0499099643378,0.0,-0.002486022583522367,30.00000000004408,0.0,1.5708791942141576,86.0,0.14147804560872768,0.05670851606542266,0.05372994026336237,0.2283360866018331,0.3520696059515357,0.04125820205439512,0.13023690313694372,0.22087306571928442,-33.68029042254184,0.1494882330189606
104.5,-2.0633108464639633,615.3723026418324,4.997,0.02,29.96,-0.03,1.5704035418191946,0.030597255641153932,-0.03358055747080491,0.008972775381112118,-2.0662428613353865,318.2027235356993,0.0,-0.5274281549197798,29.953611288201955,0.0,104.413,0.03129238949579325,-0.12962782811469553,-4.959978742264464,1.564617395933781,0.035801856856405245,-0.1350433607788017,-4.931305000667239,0.03638735636916984,0.024984752578539826,0.03,1.5689158092503313,-2.0387544225280516,318.04990995403534,0.0,-0.0024860225955327608,30.000000000044086,0.0,1.570879194214558,87.0,0.14195111193923804,0.056819430261106675,0.05377284863397445,0.22847126262471706,0.352123468714978,0.04131513493606882,0.13026554588952044,0.221136192972076,-33.66685465079168,0.14957522088001882
104.6,-2.0633115340810093,618.357068717396,5.003,0.02,29.99,-0.03,1.5707554051067003,0.017054415881942,0.030679839884135657,-0.008233245966076969,-2.0644817937137296,321.80040871073817,0.0,-0.5313361461603836,29.985727862966296,0.0,104.512,0.023868231390826125,-0.14051915783782898,-4.95157803019348,1.5651365058795526,0.02679187974590299,-0.14190009995633057,-4.929856276702269,0.0027770838851053567,-0.019526899006560683,0.03,1.5700363428125554,-2.0390527452392493,321.6499099416734,0.0,-0.0024860226042724364,30.000000000044086,0.0,1.5708791942148492,88.0,0.19955846041788278,0.06770951908726326,0.056074196545317645,0.24477505308887104,0.3591755030211241,0.04782651814030608,0.13498092361663297,0.2569815677805486,-32.42567463578741,0.1609674304081129
104.7,-2.0633122211130797,621.3529295932926,5.007,0.03,30.01,-0.03,1.570282730218258,0.02859176798426813,-0.008443962347185422,-0.0007429005452205172,-2.0630473280180577,324.2009669983884,0.0,-0.5215829559018235,30.006365764224842,0.0,104.611,0.02329703175027131,-0.13446100667716715,-4.982363451687395,1.565079554785753,0.02781553728207655,-0.14560362683521372,-4.9365054697829045,0.028770782513858978,-0.0370623233438927,0.03,1.5688355344351672,-2.039251627046689,324.0499099334321,0.0,-0.002486022598919076,30.000000000072507,0.0,1.5708791942146707,89.0,0.142589437867538,0.057941331905585376,0.05526056595558811,0.22910820530152406,0.3522587554918215,0.0414845003173905,0.13042956278612203,0.2220523110564003,-33.5430586038552,0.14987658644798488
104.8,-2.0633129292218086,624.4264619051121,5.012,0.03,30.03,-0.03,1.569975028806601,0.03094052936807037,0.001595703747734046,-0.005848119530679769,-2.060959646416917,327.2038877728696,0.0,-0.5114783882523598,30.030818085047876,0.0,104.71,0.02328825311391985,-0.12818924387343308,-4.963848550481187,1.5666869250555502,0.02681805781413872,-0.14042864585120313,-4.935964507145888,0.022510589468099258,-0.03169577028450021,0.03,1.5690458766549873,-2.039500229307168,327.0499099231303,0.0,-0.002486022628992662,30.000000000044082,0.0,1.5708791942156732,90.0,0.14200738842883853,0.05693743135921599,0.05473725830537725,0.2286154103481862,0.35225540176490483,0.04137176751604712,0.13043536772624292,0.2214780191274602,-33.619144208814184,0.14972064551378034
104.9,-2.0633136031349295,627.3668438542775,5.016,0.04,30.06,-0.03,1.5696596365331228,0.012762099043244367,0.001997775698878314,-0.002042505800485878,-2.0585344997153054,330.2091183901411,0.0,-0.5005212772640968,30.0535146012385,0.0,104.809,0.021469010276928695,-0.13618076903146287,-4.995361874405283,1.5642955840740271,0.02624276650975456,-0.1467829238208837,-4.939471711753086,0.02605801403280735,-0.058142119397821546,0.03,1.5685945329077249,-2.0397488315686516,330.0499099128279,0.0,-0.0024860226136516,30.000000000044082,0.0,1.5708791942151619,91.0,0.1417460550359821,0.05688820520768734,0.054399005750753064,0.22890988895451747,0.3524141995466146,0.04129548521055931,0.130334258102512,0.22157530507384443,-33.640734059861,0.14994557209355908
105.0,-2.054224804173799,630.3627056877485,5.023,0.04,30.08,-0.02,1.5694563676978017,0.013435249980618886,0.0018515774310674678,-0.005996215244121942,-2.0557626655138073,333.2165089336696,0.0,-0.49444008433489606,30.07473525853967,0.0,104.908,0.015176260829768657,-0.1406344148224276,-4.968635901007052,1.5640656070179528,0.01607516651141623,-0.15401377685893636,-4.940303972042932,-0.022355172414692568,-0.07236472766526703,0.02,1.570208315597361,-2.0399974338294276,333.0499099025252,0.0,-0.002486022626868166,30.000000000049766,0.0,1.5708791942156024,92.0,0.1413488790282814,0.05675598481105759,0.054115840004348485,0.2287422066354092,0.3523097095205659,0.04123583888273179,0.13026551100541886,0.22124389783856824,-33.664511997169576,0.14980830308681042
105.1,-2.054225487794696,633.3585665187131,5.029,0.04,30.1,-0.02,1.5695167588444912,0.016078530974453387,-0.021459962835857067,0.002408165339130002,-2.0526845910341054,336.2259574420845,0.0,-0.4958964324055538,30.094791404661127,0.0,104.974,0.015104937120590783,-0.15700095590969865,-4.97411348478576,1.568505610417504,0.01259577257580281,-0.1703174252140489,-4.941788890118239,-0.03085346313001514,-0.10431283689743154,0.02,1.570491398405133,-2.040246036091237,336.0499098922232,0.0,-0.002486022630306359,30.000000000061135,0.0,1.570879194215717,76.0,0.14160646110171626,0.056789449941763284,0.05396111817704353,0.22870104797595603,0.3522536004218138,0.04126258357327794,0.13026182653405147,0.22124674633591726,-33.66605899268649,0.14975044375821328
105.2,-2.0451366807381817,636.3655241214561,5.033,0.05,30.12,-0.02,1.5698155817252137,0.03703923865604964,-0.02167024630370375,0.004956216838252493,-2.0494557393661172,339.23735581521225,0.0,-0.5047117793226513,30.113231509199714,0.0,105.106,0.011700946672558762,-0.1576215083694406,-4.970793790121828,1.568915402209877,0.010837785444274849,-0.175651994867978,-4.942962053034897,-0.02103837175224508,-0.10416221639149015,0.02,1.5698314488704859,-2.0404946383537146,339.0499098819226,0.0,-0.002486022638771977,30.000000000049766,0.0,1.5708791942159992,94.0,0.14614181428655598,0.06036393121428984,0.055725856176123835,0.23252826846417804,0.35361495263425724,0.04169077029543473,0.13035482843595428,0.22595003710704237,-33.36945100680733,0.15209040106097604
105.3,-2.045137364533929,639.3724807103436,5.036,0.04,30.13,-0.01,1.5699730707008879,0.03255360263745904,-0.0075114551613486,-0.0031480806658458404,-2.046285380535307,342.2505439611387,0.0,-0.5087428001113303,30.130269416813558,0.0,105.205,0.006253745013098206,-0.17892623423738946,-4.9383424926294675,1.5697728281606405,0.00045126252912764016,-0.1941611048004474,-4.944818920980513,-0.05786230912273978,-0.12901720841720632,0.01,1.571391717523799,-2.040743240616974,342.0499098716219,0.0,-0.002486022626963309,30.000000000072504,0.0,1.5708791942156055,95.0,0.1425094170499476,0.05729248976219577,0.05507686181257196,0.22877544030905136,0.35223041117193055,0.041455742193456706,0.13049273312431503,0.2217762206402,-33.58279963516327,0.14974669934348978
105.4,-2.045138048214568,642.3683425165152,5.04,0.04,30.15,-0.01,1.5700721534111093,0.04463966981642534,-0.031177725032739818,0.005656502910103377,-2.0433249562312295,345.2653180779538,0.0,-0.5122367636493,30.1450201649919,0.0,105.337,0.002865867826210067,-0.21175065499908005,-4.983250634105441,1.5669787683531653,0.00031588223627939446,-0.21887179152088426,-4.945946799803975,-0.031232506543817845,-0.1728452345714402,0.01,1.5705038543012662,-2.0409918428786864,345.0499098613208,0.0,-0.002486022640277911,30.00000000005545,0.0,1.5708791942160494,63.0,0.14182655970265234,0.056913187456515295,0.05462724858827603,0.22885565066126223,0.35237691783491154,0.04132391418848133,0.13038309452213984,0.22158983851532366,-33.6312531313577,0.14989450695293866
105.5,-2.0360492262895207,645.3752990853625,5.043,0.04,30.16,-0.01,1.5703538169644324,0.059221867983272024,-0.008728054652687969,-0.002887541417146329,-2.040719302633276,348.28143698585177,0.0,-0.5196343614519944,30.15700105397368,0.0,105.403,-0.0030279446648647495,-0.2207975577909326,-4.971551557457948,1.5709341369319751,-0.010507677632183191,-0.23970796105844888,-4.946285791961962,-0.08120281031199914,-0.19058882021814227,0.01,1.5721711547521418,-2.041240445140997,348.04990985101887,0.0,-0.0024860226489034016,30.00000000004408,0.0,1.570879194216337,97.0,0.13983857945960868,0.05664212497008761,0.05437960849325204,0.22848487561678787,0.35217205312657196,0.04104549137520603,0.13007012736584903,0.22055376423049203,-33.68289997895327,0.1496094421023863
105.6,-2.036049907332057,648.382255639607,5.046,0.03,30.17,-0.01,1.5705343470934334,0.05769120085153086,-0.03691724991018524,0.005800256840977564,-2.0386088439117063,351.29860647168704,0.0,-0.5257723995683964,30.165975400357834,0.0,105.502,-0.0015470774555803965,-0.22996649743153935,-4.933645930359807,1.575620589366598,-0.006365935600615156,-0.2562747667354804,-4.947213937862278,-0.026837015132527536,-0.19121258750702097,0.01,1.570690819363518,-2.0414890474092906,351.04990984071634,0.0,-0.0024860227223912844,30.000000000044075,0.0,1.5708791942187865,98.0,0.14097397685717986,0.05696473037473624,0.05425394722440892,0.22893379644304676,0.35234870060460377,0.04121489853259298,0.1302306846956942,0.22128112251596435,-33.65830235347784,0.1498978861090356
105.7,-2.0360505873453576,651.3892121789846,5.049,0.02,30.17,-0.02,1.5708975330661072,0.04241760432454835,0.0023915394455085144,0.0014963190468908478,-2.0371339572709415,354.3164901513772,0.0,-0.5346538153968641,30.171465191613294,0.0,105.634,-0.005345874049240331,-0.25675350744765724,-4.9543819113017715,1.5734474989797111,-0.013293276582265857,-0.2757725128424512,-4.946300537117814,-0.058925077825838,-0.19215258395306023,0.02,1.5720947874685307,-2.0417376496799884,354.0499098304141,0.0,-0.002486022741084883,30.00000000006681,0.0,1.5708791942194096,66.0,0.1422899045488337,0.0571129246215882,0.054205429407739994,0.229053883452931,0.3523842781906271,0.041356547352164576,0.13033175516490275,0.22178362312667907,-33.63272317167935,0.1499669978100449
105.8,-2.03605127072953,654.3961697350576,5.05,0.02,30.17,-0.01,1.5709191343510778,0.03979270494602258,-0.014020293717917279,0.004841762049982429,-2.036374897216008,357.3347775231884,0.0,-0.5346644891390603,30.174328996036365,0.0,105.733,-0.011830501362633484,-0.2832389792558668,-4.966713013821332,1.5698998801118589,-0.012769397925540407,-0.30152037337624416,-4.950018077346085,-0.01789490763225137,-0.2081800643421552,0.01,1.5707260676327761,-2.041986251951801,357.04990982011185,0.0,-0.0024860227030472294,30.00000000004976,0.0,1.5708791942181417,67.0,0.14170313780191715,0.057021579245676586,0.05409966356890683,0.22884830136617446,0.3522869417466329,0.04130525044217239,0.13028474164899656,0.22141588534486428,-33.65163502266758,0.14982346172382063
105.9,-2.036051953786,657.414222032905,5.051,0.01,30.17,-0.01,1.5711383341138736,0.048675305800720076,0.0075961972742785485,-0.004398696810568355,-2.036365659004154,360.353202360661,0.0,-0.5398961810353172,30.17447222911721,0.0,105.832,-0.012082557067564068,-0.310645873044222,-4.990844487990334,1.566536940473485,-0.008211803680383462,-0.33003339771853213,-4.95637494730866,0.03623784560934351,-0.22823564663109863,0.01,1.5692520688043294,-2.042234854223951,360.04990980980995,0.0,-0.0024860227103609077,30.000000000044075,0.0,1.5708791942183855,68.0,0.14097932236277141,0.05685862992419661,0.05402154102356609,0.22854610947357382,0.3521448136875657,0.041206043582866274,0.13018513722856367,0.22091180197081403,-33.671086729004514,0.14961192608878
106.0,-2.0360526338980947,660.4211785370356,5.053,0.0,30.17,-0.01,1.570843200052712,0.05873930918935323,0.03576248241103351,-0.006380248181882064,-2.0370846151102704,363.3714961032011,0.0,-0.5293152076939954,30.172348369578565,0.0,105.931,-0.00813605796259412,-0.3121037647829643,-4.951524060554398,1.5733550579855993,-0.007463171082258012,-0.3451423133336161,-4.957034080615772,0.01901043855723699,-0.20956100333594208,0.01,1.5701618088558214,-2.0424834564915835,363.04990979950804,0.0,-0.0024860226719249866,30.00000000004408,0.0,1.5708791942171043,69.0,0.1416532063244045,0.057028737270516744,0.05400446106432652,0.2287998005732715,0.35226391518520994,0.041312315549303154,0.13028240089237694,0.2213538156338111,-33.654463263718895,0.14979074294047484
106.1,-2.036053314257998,663.4281350276317,5.054,0.0,30.17,-0.01,1.5703799336359392,0.03365371732921137,0.0195473689616964,-0.003442150671069847,-2.0383374941201136,366.3893630391229,0.0,-0.514184328566892,30.16746282660351,0.0,106.03,-0.007985460574435997,-0.32635956992785636,-4.97345734056524,1.5733091885593165,-0.011836030956023142,-0.35296611310408066,-4.9557194666844,-0.03568872359323685,-0.17692858796279864,0.01,1.571986225163742,-2.042732058755353,366.0499097892078,0.0,-0.0024860226205945988,30.00000000006682,0.0,1.5708791942153932,70.0,0.1424917664951994,0.05711574799739986,0.05405812535584049,0.2288872504712283,0.352298126456955,0.041381690592854785,0.13031747149312106,0.22168682413125534,-33.63517877418215,0.14984687143676306
106.2,-2.045143520739515,666.4350915014487,5.055,0.0,30.16,0.0,1.570469418077499,0.005044886132338947,-0.027733917343669895,0.005193913521016816,-2.0399360162327627,369.40655506856723,0.0,-0.5167186640208685,30.15990996227297,0.0,106.129,-0.007375715066162615,-0.36284498152450023,-5.000362626615423,1.5737407686359768,-0.013229940825407328,-0.3739433598949632,-4.961428762739686,-0.04448091766983294,-0.17656381708176028,-0.0,1.5722798420520208,-2.0429806610155934,369.0499097789054,0.0,-0.0024860225775071797,30.000000000044086,0.0,1.570879194213957,71.0,0.14185070384015835,0.05691561756206721,0.05398379849614714,0.22860568319373561,0.3521833702229367,0.04129455935430795,0.13026701893214782,0.2212436817062882,-33.65657668181213,0.14966440886461874
106.3,-2.045144204548933,669.4420479647406,5.055,0.0,30.15,0.0,1.5711747740013546,0.01466716619197361,-0.02047699560939215,0.007659934569385551,-2.0418815175782696,372.42293687706666,0.0,-0.5364709030410204,30.15068731959513,0.0,106.228,-0.009328666915766991,-0.3756193575193951,-5.022659309002249,1.5687533936107787,-0.008120744606368987,-0.3957863981534536,-4.96949613132896,0.018818640651278678,-0.17720859911160147,-0.0,1.570168469418292,-2.043229263270609,372.0499097686028,0.0,-0.0024860225214853246,30.00000000004408,0.0,1.5708791942120897,72.0,0.14179235736323437,0.05669595374785683,0.05391200309954272,0.22834277987308463,0.35208162562511636,0.041293207911656714,0.13027009120943736,0.2210033297625504,-33.667428409511835,0.14949903287529204
106.4,-2.045144887406593,672.4490044137037,5.056,-0.01,30.14,0.0,1.5713606850502568,0.026477419946919597,0.026620485759819432,-0.0055982973101394865,-2.044288553817445,375.4384336163047,0.0,-0.5396741484576816,30.14139684007072,0.0,106.327,-0.0032556335800372352,-0.4036125004505391,-5.016148430727323,1.571548826010357,0.005545681333532329,-0.41552315861282885,-4.975777612492413,0.08114508628514547,-0.17623066638753215,-0.0,1.5684219608799541,-2.043477865519405,375.04990975830066,0.0,-0.0024860224782603723,30.000000000049766,0.0,1.5708791942106488,73.0,0.1417272509259156,0.056751679166299994,0.05385766976342193,0.22843496087572968,0.3521195705298139,0.041285139324300967,0.13026064193582904,0.22105103620251587,-33.66951635140596,0.14955968651009566
106.5,-2.0451455683479765,675.4448650701748,5.055,-0.01,30.13,0.0,1.5708137122426873,0.03200900932792114,0.062271601698833196,-0.011278936041581351,-2.047125116402465,378.4529361098692,0.0,-0.5209689112317715,30.131612053491196,0.0,106.426,-0.0013083176738655875,-0.40798166882080517,-4.943531070131141,1.5750629855587013,0.0007658404001667099,-0.42317360801938897,-4.973383185915537,0.0075442531532436225,-0.14593643165876102,-0.0,1.570878228530319,-2.0437264677640337,378.04990974799915,0.0,-0.0024860224298057986,30.00000000004977,0.0,1.5708791942090337,74.0,0.14194304025984977,0.05685624144326774,0.05386198094860835,0.2285533804592441,0.35216081563039126,0.041309621052192325,0.1302693663717202,0.22121205225214832,-33.6622188938049,0.14963101965938994
106.6,-2.0451462517910386,678.451821491573,5.054,-0.01,30.12,0.01,1.5703670947721713,0.011252094776652762,-0.003150917601791818,0.0005330731350633146,-2.050142337939472,381.4662902476106,0.0,-0.5074509348979263,30.119959839987985,0.0,106.525,0.002003073860050466,-0.4180140346305331,-4.947025827859838,1.571098607253786,-0.002170080223935421,-0.4337163450633632,-4.971766444771758,-0.019335209002401613,-0.12821814192958314,-0.01,1.5717744347241378,-2.043975070004714,381.0499097376972,0.0,-0.002486022412812725,30.00000000004977,0.0,1.5708791942084672,75.0,0.14263506027813413,0.05692217628579011,0.053960016650652795,0.22860933131696187,0.3521777508056907,0.0413835684455005,0.13031109470538813,0.22148155363893995,-33.64366686808184,0.14966257585516562
106.7,-2.0451469351595506,681.4587778998366,5.051,-0.01,30.1,0.01,1.5707235109319468,0.0033929924868896628,-0.024740536120338386,0.0055249045205589395,-2.0531788918165037,384.47837608587054,0.0,-0.5166216340886048,30.10660262749132,0.0,106.624,0.0026474523377042637,-0.42760042607461257,-4.941723991398498,1.5732800666019482,0.001490757202751213,-0.44697842048028724,-4.9715929569601585,0.005475705243563011,-0.11047157866009627,-0.01,1.5709471892779123,-2.044223672245987,384.0499097273946,0.0,-0.002486022432004511,30.000000000055454,0.0,1.570879194209107,76.0,0.14144323986849655,0.05672094912404354,0.05384602108649453,0.22832876013062348,0.3520621999276925,0.04125852562435862,0.13024573119599894,0.22087088191306722,-33.675673737714064,0.14947983928674202
106.8,-2.045147612974688,684.454637438818,5.048,-0.01,30.09,0.01,1.571028144901737,0.001055048154308764,-0.004050213231549961,0.0003684261918034078,-2.0569350910039605,388.09113166033603,0.0,-0.5232100153291765,30.0903200057269,0.0,106.723,0.0065765492699940194,-0.43988850326776424,-4.958684276952289,1.5679554561200377,0.013779142849565936,-0.4571398637175932,-4.9723218834683625,0.08333501697111037,-0.0962442248073927,-0.01,1.5683513221950292,-2.0445219949377007,387.64990971503175,0.0,-0.0024860224734770606,30.000000000044082,0.0,1.5708791942104894,77.0,0.14157969596024592,0.05665774762815824,0.05379942485328864,0.22826695482860584,0.35204135102751527,0.04126445518795185,0.1302458081953875,0.22085493010346754,-33.67772723760057,0.14944374536124322
106.901,-2.0542378415971996,687.4504980327695,5.043,-0.02,30.08,0.01,1.5708376684004346,0.0012472426955469483,0.05645187598896176,-0.006784078025717161,-2.060179097332736,391.1002892134034,0.0,-0.5087948375388858,30.07741540014021,0.0,106.822,0.003823310332211261,-0.4571868249440429,-5.0124966567073885,1.5689618463749424,0.010485522593552232,-0.4660276859434388,-4.977463435146177,0.031727371800829456,-0.08644900467673722,-0.01,1.5704053303701972,-2.0447705971874797,390.6499097047299,0.0,-0.0024860225290149916,30.000000000072497,0.0,1.5708791942123406,79.0,0.14234286277125638,0.056851976472309225,0.0537586819298124,0.22857868834868209,0.3521787971911775,0.04135573481888753,0.13031527053538808,0.2213541221889055,-33.65734556727391,0.14965272782964878
107.0,-2.054238524834261,690.4574533083414,5.038,-0.02,30.06,0.02,1.570404440923829,0.0028342153683507897,0.017508423427840064,-0.0016499104568380154,-2.0633301520026808,394.1081015516953,0.0,-0.5025954477845725,30.064206883986365,0.0,106.921,0.012112073835338832,-0.4579344975997892,-4.978614993976065,1.5699428743030643,0.01618931185566974,-0.47046911614322195,-4.978779192179751,0.04957403397976709,-0.05857562553552853,-0.02,1.5698105727843037,693.716049990564,7.63751300995422e-09,0.0,30.00000000001819,9.918718498089634e-10,0.0,3.3062394993612065e-11,79.0,0.1425299950475832,0.056674108524522364,0.05383510970451362,0.22828912753279582,0.3520470324345127,0.041368969313045255,0.13029825781211932,0.22116703950873962,-33.66086993360818,0.14945599217176492
107.103,-2.054239208935144,693.4533138741566,5.034,-0.01,30.05,0.02,1.5704730937457663,-0.0009829374800488311,0.012465057081695728,-0.0012874656598167212,-2.0662130467678694,397.11456293017557,0.0,-0.5015462143928728,30.05068694350258,0.0,107.02,0.011367781446351071,-0.484884426495666,-4.9993323206739495,1.5662171682277812,0.016906008428914127,-0.4832670529843852,-4.980510552424022,0.04205600900677981,-0.06500308098542362,-0.02,1.5697272589246873,-2.0452678016902253,396.64990968412525,0.0,-0.002486022503881292,30.000000000066816,0.0,1.5708791942115028,83.0,0.1445075427133319,0.05725307354500578,0.053903028194962496,0.22917096398367934,0.35243200270945957,0.041617076146516066,0.1305082743625833,0.2225579187510758,-33.59552777278133,0.1500432000139867
107.2,-2.0633294490436356,696.4491744236916,5.031,-0.01,30.04,0.01,1.5704314387720097,0.011433326434488682,0.006021641091428004,-0.0019552630200482747,-2.06827085932947,399.51874866601366,0.0,-0.49910102068978157,30.0395727395005,0.0,107.119,0.01731705596362127,-0.4746427968773366,-4.939905103059536,1.5752263343530637,0.014538844769056591,-0.4788021942073253,-4.973020466371921,-0.01917876525656379,-0.031131568220356343,-0.01,1.571768664559891,-2.0454666834899933,399.0499096758851,0.0,-0.0024860225182112435,30.00000000008387,0.0,1.5708791942119804,81.0,0.14138450534898456,0.05661462047015286,0.0537181251534595,0.22819529855961915,0.35200694306139996,0.041244451998859774,0.13023591257404205,0.2207249105665844,-33.68980227144138,0.14939366749690558
107.302,-2.0633301303644203,699.4339380815172,5.029,-0.01,30.02,0.01,1.570695534933128,-0.005307775629777714,-0.013443541456379722,0.00628310117685954,-2.0709259674724327,403.123368358295,0.0,-0.5085581570910636,30.02262481314976,0.0,107.218,0.016469837414273703,-0.49071956582362275,-5.045660105301984,1.565071143068286,0.018520025612432274,-0.4876372660969125,-4.986075182537201,0.028511938223230053,-0.02803858215388999,-0.01,1.5701790968773706,-2.045765006192678,402.6499096635246,0.0,-0.0024860225319840645,30.00000000004976,0.0,1.5708791942124396,84.0,0.14319121566908527,0.056955817572396705,0.05376741055026801,0.22870915699268263,0.3522270627625042,0.04144648272216708,0.1303924037313831,0.22173039595290323,-33.63698703369396,0.14973067637349569
107.401,-2.0633308171017575,702.4297986003086,5.027,-0.01,30.01,0.01,1.5710263626268153,0.0006550028519142671,0.014925766257618952,-0.0028065236692645253,-2.0728484959340223,406.12569630344774,0.0,-0.5124365789857367,30.00876850710697,0.0,107.383,0.019228265508884873,-0.48678094243197495,-4.9628700552910905,1.569101098873636,0.02191261953659991,-0.4823446028493563,-4.979430824186993,0.024730463141374455,-0.002800930726753137,-0.01,1.5703054291964864,-2.046013608444522,405.6499096532246,0.0,-0.002486022533826362,30.000000000095234,0.0,1.5708791942125009,18.0,0.14259389392875327,0.056867403594568516,0.05371710000296979,0.2285751187869019,0.352175147756236,0.04137807798846082,0.13033481435978392,0.2214256758078726,-33.65710870630349,0.1496489257916776
107.5,-2.063331503944056,705.4256591061131,5.025,0.0,29.99,0.01,1.5709039519522943,-0.013708877160363417,0.011536468973509855,-0.0028732786978583817,-2.0742376149795003,408.52657959592995,0.0,-0.5083127163237683,29.998028309916684,0.0,107.416,0.024414431252092767,-0.48638325088462225,-4.929773242459175,1.5740540809649837,0.022847640472423998,-0.4840002192626882,-4.9748283733304834,-0.0009267727959174877,0.012138118649996699,-0.01,1.5708272170198518,-2.0462124902466403,408.0499096449866,0.0,-0.0024860225470691023,30.000000000095234,0.0,1.5708791942129423,84.0,0.1459322251815331,0.060183462299916356,0.055486433359480045,0.23210276427251403,0.35343152339723183,0.04165481544999264,0.13031698456451585,0.2255001827977866,-33.39008289384848,0.15180484537634398
107.6,-2.072421757122754,708.410423816109,5.023,0.0,29.98,0.01,1.5709097402530625,-0.014351427716176412,-0.00283233447293456,-0.0016183363929789915,-2.075761518633621,411.52650737922545,0.0,-0.5074190236743293,29.985099729161846,0.0,107.515,0.01976975752437133,-0.48710846270917524,-4.972532441250994,1.5679632933426562,0.019955394673373067,-0.4806717136043295,-4.971047115112782,-0.011910876573572739,0.02710315328600288,-0.01,1.5711932620101081,-2.0464610925005045,411.0499096346873,0.0,-0.002486022535818102,30.000000000095234,0.0,1.5708791942125673,85.0,0.1419890094558343,0.056994763279707567,0.05482586112053127,0.2282874229641185,0.35203674756676634,0.041374140638966515,0.13044008992195139,0.22118661258861194,-33.612990491181776,0.14943792195860567
107.7,-2.0724224674459606,711.4950505320828,5.022,0.0,29.97,0.01,1.5711529793068786,-0.016441105518360578,-0.006969617493438736,0.0035329554703057327,-2.077039042928539,414.52520973648393,0.0,-0.5134154714411395,29.97314275368554,0.0,107.614,0.021918490612402385,-0.5036981293149866,-5.0148473599950005,1.575319512320366,0.01847287790066785,-0.49406962468518,-4.977923369023008,-0.0320458280101779,-0.005006281436649829,-0.01,1.5718657685606503,-2.046709694753863,414.04990962438916,0.0,-0.0024860225525713685,30.00000000009524,0.0,1.5708791942131257,86.0,0.141588032444236,0.05673823105345003,0.054404825223624526,0.2285888900562437,0.3522790977477511,0.041283657676469,0.13035166946203547,0.22127562429192055,-33.64792826860548,0.14973409019561756
107.8,-2.0724231547442002,714.4798152179701,5.021,0.0,29.96,0.01,1.5713912653180326,0.013602127503499737,-0.011756311005624997,0.0007662598567690112,-2.0781350640614056,417.52276268237097,0.0,-0.5192034253247126,29.961674514911977,0.0,107.713,0.022884406033253587,-0.4894827442756351,-5.000037024292328,1.569294668871682,0.022126231297624137,-0.48823293366814136,-4.981695945455456,0.006340125700927501,0.015177945505502777,-0.01,1.5705848142688357,-2.0470080174591,417.64990961203125,0.0,-0.002486022570595065,30.0000000000725,0.0,1.5708791942137266,87.0,0.14153237452046263,0.056739110591077085,0.05414398925015459,0.2287253638744389,0.35232155267263005,0.04126717184136168,0.1302918017741807,0.22130701291848198,-33.66014099041015,0.1498134122820575
107.9,-2.0724238296246256,717.4091009925221,5.021,0.0,29.95,0.01,1.5715395928153324,0.003749830723676124,0.006349610018831972,-0.0025921025474396914,-2.0791442750021827,420.5191695026277,0.0,-0.5224598629883224,29.949847165492514,0.0,107.812,0.02344952145461441,-0.47576069654647957,-4.9755641261180115,1.56763864419312,0.027790453700531556,-0.4781572777443076,-4.979047015851107,0.03313292418758562,0.04491169042391974,-0.01,1.5696917090832827,-2.0472068992652788,420.04990960379143,0.0,-0.002486022614810673,30.000000000044082,0.0,1.5708791942152005,88.0,0.1415184698176202,0.056804080600907005,0.05398605279406555,0.22874734737231386,0.3522874914067116,0.041264108945039145,0.13026250134143724,0.2212715462429786,-33.665583837258716,0.14979341585202155
108.0,-2.07242451674108,720.3938656517371,5.022,0.0,29.93,0.01,1.5711616587094053,-0.018129890852267568,0.021147116367640918,-0.007984639497321835,-2.0800681559719405,423.51440477973773,0.0,-0.5091896002535826,29.938592425643968,0.0,107.911,0.027264713516865675,-0.477367854683744,-4.9592807080156796,1.5810019089073248,0.02056851407967996,-0.4696665959494071,-4.9784624634541785,-0.06493002960864552,0.07118933285625317,-0.01,1.5729605719357056,-2.0474555015258593,423.04990959348913,0.0,-0.002486022586946296,30.000000000044086,0.0,1.5708791942142717,89.0,0.14149630555903753,0.05671333762976858,0.053848758622579485,0.22851080506495097,0.35215455902695963,0.04124229995670147,0.13023944107561033,0.2210305567494678,-33.67558708016742,0.149610761267091
108.1,-2.0724252039094324,723.3786302968781,5.022,0.0,29.92,0.01,1.5711272149954478,-0.02891151679601164,-0.040079696321677065,0.009345219486214088,-2.0808267429165026,426.50850642850264,0.0,-0.5074278053399536,29.927931932046647,0.0,108.01,0.0261280779481706,-0.48287839894214185,-5.030615716243245,1.5677874666999148,0.02849296935522628,-0.4717159965948339,-4.989169665012774,0.023165010462940155,0.05797674308367817,-0.01,1.5700235926624126,-2.0477041037828565,426.0499095831867,0.0,-0.0024860225942937514,30.00000000004408,0.0,1.5708791942145166,90.0,0.1418196876307057,0.05680504622701723,0.05382705691668293,0.22855230574759675,0.3521535594268163,0.04128516415633657,0.13025490073218143,0.2211560789565216,-33.667669516093206,0.14962364741761958
108.2,-2.0724258915172697,726.3633949298767,5.02,0.0,29.92,0.01,1.571584343796365,-0.012958033798689967,0.020360560158833713,-0.007075709389761392,-2.0814648072981563,429.50159739801154,0.0,-0.5193173833398771,29.91788128616781,0.0,108.109,0.027828648117763696,-0.4542836541679691,-4.963309673388938,1.5665507928941576,0.03343459882550809,-0.4481099880251568,-4.98287566519914,0.052888478749683526,0.10177249454782711,-0.01,1.5690346578579095,-2.047952706044346,429.0499095728848,0.0,-0.0024860226692609223,30.000000000049763,0.0,1.5708791942170155,91.0,0.14240360143982328,0.05689582519210574,0.05388445959288638,0.22860489109294096,0.3521660063293506,0.0413452418187573,0.13028691677723325,0.2213846575628889,-33.65257067792391,0.14965077257878617
108.3,-2.0724265756503257,729.3481584004235,5.017,0.0,29.91,0.01,1.57107304487983,-0.0448589234196541,0.036277938841921764,-0.009397451805522875,-2.0820893675970313,433.0921906527444,0.0,-0.4988834430594054,29.90931602353173,0.0,108.274,0.03043156831539785,-0.44318793016640723,-4.951471799918953,1.5704427661376288,0.03107994803726067,-0.4360087866253629,-4.975539484294629,0.004759827258708683,0.11705735604068224,-0.01,1.5706378088568116,-2.0482510287684974,432.64990956052407,0.0,-0.002486022758064634,30.00000000006681,0.0,1.5708791942199756,26.0,0.1419811938175519,0.05676993307576236,0.05384171873670238,0.22839970628407458,0.3520816855217875,0.04128778114079631,0.13025687790035884,0.22107988959819963,-33.66625844350539,0.1495174880378595
108.4,-2.0724272654080664,732.3440187800476,5.015,0.0,29.9,0.01,1.5707637662879446,-0.04355060056081248,-0.0018041098659228338,0.00015894593547198405,-2.0822757283730287,435.48539869975906,0.0,-0.4922993365916085,29.905307885092775,0.0,108.307,0.030267132765891668,-0.4379767533284092,-4.919739592639866,1.5698170481249725,0.03141334892825432,-0.42543781690683846,-4.97034970060672,0.008066948098460426,0.12660616538043712,-0.01,1.570527666798494,-2.0484499105905405,435.0499095522824,0.0,-0.0024860228014285334,30.000000000049763,0.0,1.570879194221421,93.0,0.14702708398915523,0.0606275499748425,0.055714810818630854,0.23273092007767882,0.35368524555694125,0.04178296174379881,0.13040142127193277,0.22640408403356255,-33.34734265961635,0.15221727804668314
108.5,-2.0724279529024443,735.3287833669954,5.014,0.01,29.9,0.02,1.5709139271883197,-0.03400482202674196,-0.00095834353469092,-0.0023457898422886755,-2.082080730454908,439.0747433523324,0.0,-0.4944544794428695,29.901646175250722,0.0,108.406,0.02569717843284333,-0.4372500329425212,-4.944369153345693,1.5682509618219183,0.024065332363729333,-0.4210022548061244,-4.965149782731743,-0.026324368144981708,0.10973728966190777,-0.02,1.5713402957866034,-2.048748233327235,438.64990953992066,0.0,-0.0024860228243658764,30.000000000078188,0.0,1.5708791942221856,94.0,0.14245620814899512,0.05732395448959171,0.055064316793947764,0.22870502674611254,0.3521999720012483,0.04144405197564573,0.13048153369151236,0.2217057355977683,-33.58406122615437,0.14970101251235549
108.6,-2.0724286398815934,738.313547940448,5.012,0.01,29.9,0.01,1.5709885956774254,-0.007843688886590677,-0.01998677749081125,0.0005739583000641657,-2.0816588714048883,441.4674948356431,0.0,-0.4963062203781568,29.900818376754728,0.0,108.538,0.024850870903239872,-0.4235045243163788,-4.9562580491253465,1.5702130816917719,0.024848255426244303,-0.4138676154056129,-4.96603084414288,-0.0015712308109418083,0.10292472913339523,-0.01,1.5705153952176116,-2.048947115154164,441.04990953167936,0.0,-0.002486022881437395,30.00000000004408,0.0,1.570879194224088,62.0,0.14176673330213008,0.05688827615609106,0.05461032110392743,0.22878116886609956,0.35235571235318125,0.041308649003081954,0.13037179908179325,0.22151495154018286,-33.632272727150195,0.1498552347261791
108.7,-2.072429324483437,741.2983113344064,5.009,0.01,29.9,0.01,1.5710903460301944,-0.0021736039763503487,-0.0014563488361554909,-0.0035794820733936025,-2.0809101294438532,444.4583847262254,0.0,-0.4970915005148342,29.90034589953851,0.0,108.637,0.026149063843298688,-0.407032069671677,-4.950449295853693,1.5688569737703388,0.029460805188431423,-0.39889733408616745,-4.963171634956121,0.025436552603580367,0.11644965823889208,-0.01,1.56961575625628,-2.049195717444965,444.04990952137706,0.0,-0.002486022954180151,30.000000000055454,0.0,1.5708791942265128,63.0,0.14099393608305474,0.05658335342476746,0.05428255801027064,0.22851095340050628,0.35222667804359026,0.04118174890997062,0.13022275361995,0.22096235255440047,-33.67112297952703,0.14966540793292296
108.8,-2.072430011631724,744.283075876347,5.009,0.01,29.91,0.01,1.5708208312979135,-0.014681591712925024,0.015446002163694177,-0.008133620610555737,-2.079980589612508,447.4492726604869,0.0,-0.4874203327462031,29.900908190122927,0.0,108.67,0.023506783257392545,-0.40682089958370704,-4.9613371378913635,1.5677551524825821,0.027914762810046144,-0.3915583609412533,-4.964025324096866,0.016575636063774983,0.10303792752565855,-0.01,1.5699108573138547,-2.049444319741231,447.0499095110743,0.0,-0.0024860229900704987,30.000000000044082,0.0,1.5708791942277092,80.0,0.13992309231734074,0.05643911143468451,0.05400853644358584,0.22823003738352207,0.35205571562024557,0.04103409605023304,0.13008188518170974,0.2203180378280163,-33.70497476832603,0.14943775638893073
108.9,-2.0724307023831443,747.267841579763,5.011,0.02,29.91,0.0,1.570609583900312,-0.015535263529950934,0.004452749801138538,-0.0013510663643908278,-2.078820982663069,450.44021785325725,0.0,-0.47974707616409423,29.902061388606175,0.0,108.835,0.029632941092046863,-0.3798937496618482,-4.926232178197507,1.5721419400929348,0.028053681706092994,-0.3747097375828278,-4.963041904657388,0.011672555693885606,0.12137671580037335,-0.0,1.5697416783766551,-2.049692922040451,450.04990950077155,0.0,-0.0024860230054715125,30.000000000044082,0.0,1.5708791942282225,65.0,0.14590363716062893,0.060297053849740725,0.0557576990310487,0.23254048220875234,0.35364055723999005,0.04166558199236948,0.13036690007740837,0.2259007959903416,-33.37726450236777,0.15211428823148015
109.0,-2.07243138971279,750.2526061001695,5.014,0.02,29.91,0.01,1.5704822157593465,-0.027801148271978778,0.003630174634892533,-0.00339781292098523,-2.0773406283840963,453.43133273686834,0.0,-0.4747834006325088,29.904561865531633,0.0,108.934,0.02571065065310548,-0.3855771212276869,-4.945732250228863,1.5680322051364761,0.03100510036080343,-0.36979631236492416,-4.964751353330508,0.037125590258721225,0.10678701175942606,-0.01,1.5688932076746085,-2.04994152434003,453.0499094904688,0.0,-0.002486023004379053,30.000000000044082,0.0,1.5708791942281861,66.0,0.14058099511312483,0.05687266773244081,0.05498679307160606,0.2281881204015522,0.3519720210473897,0.041190674581924464,0.13028062792412792,0.22064489951169716,-33.63589460052132,0.14934859930844663
109.1,-2.072432077004578,753.2373706062383,5.017,0.03,29.91,0.0,1.5702665909801166,-0.011942761332466516,0.006894260756126213,-0.004540563005906768,-2.075489361328843,456.4227533977509,0.0,-0.46698905272071695,29.908265160238315,0.0,109.033,0.026411411701538223,-0.36763625835727776,-4.9166314447719595,1.574849922037228,0.022912459234428216,-0.3631802475624408,-4.9626817442457,-0.027779310997720647,0.1006229482902512,-0.0,1.5707223300304158,-2.0501901266402283,456.04990948016626,0.0,-0.0024860230155101496,30.000000000044082,0.0,1.5708791942285572,67.0,0.14098668497299993,0.056701821378981526,0.05454272689068422,0.22856776468914142,0.3522496620291763,0.04119896532652078,0.1302862647434275,0.2210621639234716,-33.65407328747149,0.14969912617570835
109.2,-2.0724327676016117,756.2221362873044,5.02,0.03,29.92,0.0,1.5702033871228362,-0.0010878497146236286,-0.015946782376371788,0.0009036700503978741,-2.0727588011246323,460.01302103959904,0.0,-0.46543967851237855,29.913910225730813,0.0,109.132,0.020538154101384248,-0.3719295100620067,-4.944769271259779,1.5694621114390848,0.01825429848610819,-0.35948643260239554,-4.960286649187536,-0.02824291844446461,0.0786348496288376,-0.0,1.5707377547444572,-2.0504884494032147,459.6499094678035,0.0,-0.002486023058077043,30.000000000055454,0.0,1.570879194229976,68.0,0.1415427205689271,0.056724625847477186,0.054215928773393485,0.2287489446369023,0.35232901410057843,0.04124895843330191,0.13029943404190153,0.2213326247894056,-33.658309134957626,0.14982437236920496
109.3,-2.0724334551522645,759.2069007723776,5.024,0.03,29.92,0.0,1.5704700024824145,0.0067755005584192,-0.01679276024177684,0.002132398536662985,-2.0707092663301325,462.406902782203,0.0,-0.47136364031338956,29.917260573603013,0.0,109.231,0.0197897683783944,-0.35527426988529043,-4.905187127057619,1.576128874923794,0.0137233762571397,-0.35176525238357315,-4.9542699736975635,-0.057040312916018104,0.08015775822786253,-0.0,1.5716976655748895,-2.050687331249014,462.04990945956274,0.0,-0.002486023090903646,30.00000000004977,0.0,1.5708791942310703,69.0,0.14161870572635257,0.056709610433625976,0.05402259660850315,0.22865237609982123,0.3522502814808302,0.04126390830029615,0.13027085972918517,0.2212256555936804,-33.66582421073963,0.14973136350625937
109.402,-2.0724341446377537,762.2027610214318,5.026,0.03,29.93,0.0,1.570743777275146,-0.004923735377450455,-0.01947740222533154,0.003552294908435779,-2.0675532801671284,465.99827819727096,0.0,-0.4804315852722911,29.922472506318456,0.0,109.33,0.015035672177145474,-0.3505732844350132,-5.00533968010066,1.5663723556369278,0.015381188070440775,-0.34542095886822466,-4.959285561607388,0.0024676000175933716,0.06978151679338751,-0.0,1.5697140660016602,-2.050985654017657,465.6499094472001,0.0,-0.0024860231003089846,30.000000000044086,0.0,1.5708791942313838,72.0,0.14366318603848952,0.05712567003048556,0.05399083350363359,0.22916891448131624,0.3524456385096185,0.04151543828793189,0.13043860363911003,0.2222915437061361,-33.612850617311054,0.1500519405809581
109.501,-2.063345206568556,765.1875254799098,5.028,0.03,29.94,0.0,1.5708999606020533,-0.005416226812953477,0.008424545042238373,-0.002848149432276866,-2.0650040217433103,468.99160093008027,0.0,-0.47765212995373113,29.92744088276604,0.0,109.429,0.013085225088003787,-0.34537487571587444,-4.925045665383188,1.5724643757487409,0.009048344730177467,-0.33890873396756493,-4.9583557113355194,-0.030988946160764686,0.06216665186374826,-0.0,1.570829289286302,-2.0512342563293187,468.64990943689753,0.0,-0.002486023159115749,30.000000000049766,0.0,1.570879194233344,72.0,0.1427495364949637,0.05690976020868901,0.053884418979679945,0.22874423763152485,0.35224340645952,0.04140484867061475,0.1303482244623308,0.22162404634306798,-33.645448931001205,0.14975500496049254
109.602,-2.063345890896727,768.1722899237868,5.029,0.03,29.94,0.0,1.570709960712355,-0.005625585282795631,-0.011378497460309655,9.23309454225425e-05,-2.0625820484672346,471.98541683159306,0.0,-0.47314749733264333,29.932608167465037,0.0,109.528,0.01104475145766321,-0.3354889948042541,-4.946133766891154,1.579681319435686,-0.0027276505381742737,-0.3307128257846097,-4.95145918101368,-0.1175116823447241,0.06842470808148704,-0.0,1.5737125556578921,-2.0514828586457483,471.64990942659813,0.0,-0.0024860231839373085,30.000000000066816,0.0,1.5708791942341713,74.0,0.14329200947358164,0.057010022148459086,0.053845278553767424,0.22884556987186128,0.3522818219206398,0.04146722878857975,0.1304079287908364,0.2218805924875002,-33.630865547981564,0.149816600016191
109.7,-2.0633465746321633,771.1570543551493,5.029,0.03,29.95,0.0,1.571107004946333,-0.009189512525454942,-0.06690889972740308,0.013691378449650883,-2.0607769757079124,474.38085564008077,0.0,-0.48490226696330274,29.936655061346897,0.0,109.627,0.0031486874409648183,-0.3216869929304109,-4.922929513625353,1.5710105830074739,-0.00634281769081486,-0.3183621152418329,-4.944720442841032,-0.09354425351318581,0.07759805279041743,-0.0,1.5729125186576416,-2.0516817404997876,474.04990941835945,0.0,-0.002486023180276399,30.000000000100922,0.0,1.5708791942340492,73.0,0.1412993993031653,0.05657852677369418,0.05370325768569493,0.22816333408020723,0.35198846038986065,0.04121815666017257,0.13022564978235343,0.22066272938729256,-33.692731060023206,0.14936660948108305
109.8,-2.0633472589744315,774.141818771754,5.029,0.02,29.95,0.0,1.5718829789573812,-0.018544873355428957,-0.031112196706886943,0.0038858957465886905,-2.058629967750694,477.9747234281915,0.0,-0.5082429153208552,29.94368269434972,0.0,109.726,0.004800695329302175,-0.3275915571942836,-4.951515721541426,1.5710141058381615,0.003378237793264436,-0.3210588742672985,-4.9457990972809664,0.005193123635009726,0.05554195951082619,-0.0,1.5699567113082307,-2.051980063281002,477.64990940600114,0.0,-0.0024860231777370156,30.00000000008387,0.0,1.5708791942339646,74.0,0.14250981849953853,0.05662196360026889,0.05384278488220335,0.22819765881731696,0.35200224015200954,0.04134272556808764,0.13029239633581824,0.22107921867665853,-33.66241088226109,0.14938902627274228
109.9,-2.063347943601144,777.1265831743804,5.027,0.01,29.96,0.01,1.571814583093163,-0.004786876875735441,0.03268335909517593,-0.009306913010363783,-2.05777106041939,480.3711643597818,0.0,-0.5036705304752922,29.949383631036973,0.0,109.825,0.0037812559858449164,-0.30923297583180326,-4.911996791538042,1.5796824811822314,-0.0067577865330328505,-0.3112232803108099,-4.945819459526062,-0.0726683197933738,0.06013060932832559,-0.01,1.5728838669717329,-2.052178945133947,480.04990939776127,0.0,-0.002486023156278961,30.000000000061135,0.0,1.5708791942332494,75.0,0.14180753096624452,0.05677450139394243,0.053833894519416246,0.22840057105985778,0.35209366203920617,0.04128756335680075,0.13025967487732534,0.22103982154213697,-33.669125163896666,0.14952868045955697
110.0,-2.0633486280350155,780.1113475650102,5.024,0.0,29.96,0.0,1.571729841935683,-0.009097270307925188,0.002304451830425654,0.007883107376399376,-2.0573452405660237,483.3673830960406,0.0,-0.4996101809471874,29.957273929223085,0.0,109.924,0.0033797641592201383,-0.3205212076410752,-4.9322114443046114,1.5694671653566747,0.0045024672730718755,-0.3084158462627531,-4.943301452523025,0.01864341282005226,0.05358436786735865,-0.0,1.5701751610522878,-2.0524275474432128,483.04990938746056,0.0,-0.002486023051510848,30.000000000078195,0.0,1.570879194229757,76.0,0.1419555910060688,0.05671478834017956,0.05381420017093104,0.22830317603034805,0.3520533967468791,0.0412813420442999,0.13025170321067522,0.22099751491121053,-33.67006984897259,0.14946551234034378
110.1,-2.0633493146526405,783.1072077201084,5.021,0.0,29.97,0.0,1.5718726739895088,-0.004338517401844543,0.047217396029612606,-0.005510526215704447,-2.057681275899512,486.96390244016806,0.0,-0.49796871267205556,29.967267773808988,0.0,110.023,-0.0008104188642781257,-0.30861858561632133,-4.9381010309303,1.579312368176705,-0.006116511012730801,-0.3077790369128667,-4.945423909079954,-0.07203069414008602,0.037143963586029116,-0.0,1.5731967736977075,-2.0527258702070004,486.6499093751023,0.0,-0.0024860230582140386,30.000000000100933,0.0,1.5708791942299805,77.0,0.141447235940878,0.056690862417601545,0.05374124225704304,0.22827696934332448,0.35204411825708287,0.04123893944755751,0.1302250056838521,0.2208139337203947,-33.68198346972717,0.1494499307257287
110.202,-2.063349995928945,786.091970845854,5.018,0.0,29.98,0.0,1.571509648291629,0.0032846177588025044,-0.03141216029577594,0.0018514002991305493,-2.0585582439511447,489.96191565686877,0.0,-0.4950248722581086,29.976045807549966,0.0,110.122,0.0033750795260731577,-0.2934899639159753,-4.909915608438967,1.5776108491818908,-0.005430641869017866,-0.29442474706301125,-4.9394061601580574,-0.06623023394726346,0.0552456400912007,-0.0,1.5730014070328064,-2.0529744725120356,489.6499093648041,0.0,-0.0024860230781500103,30.00000000008388,0.0,1.570879194230645,80.0,0.144510338874666,0.05711302951837209,0.053910581703341134,0.22893706430764652,0.35233495346677235,0.04159603668517574,0.13046991487948276,0.22235621480683992,-33.60305996862038,0.14989226057523952
110.301,-2.063350679849407,789.0767351906746,5.016,0.0,29.99,0.0,1.572175275129501,-0.01584410065371729,-0.016248250250333836,0.003944433012807317,-2.059974335488964,492.9607671182775,0.0,-0.5114727845931696,29.98404321091731,0.0,110.221,-0.0017854199227110212,-0.3098773585119266,-4.9533296335408235,1.5651252648124434,0.0010843733577054248,-0.30537972974901606,-4.940253275679275,0.029123901428757232,0.010009574096265794,-0.0,1.5698255306953954,-2.05322307481958,492.6499093545043,0.0,-0.00248602307408471,30.000000000061142,0.0,1.5708791942305096,80.0,0.14298472062396508,0.056890563183331605,0.05386392981907048,0.22860432149847063,0.3521883901659822,0.04142828733826578,0.13035484555905882,0.22158777617477393,-33.642920315549205,0.14966924147625052
110.4,-2.0633513670390187,792.0725953002834,5.015,-0.01,30.0,0.0,1.5721355121957625,0.011299353681469254,0.039091379346556876,-0.011575913788215323,-2.0615578623452593,495.36047180893326,0.0,-0.50488710484282,29.991136821365554,0.0,110.32,0.002455865155560639,-0.30416376937524425,-4.9713536657822335,1.5657428864714165,0.008737797839533438,-0.30352437425589485,-4.939810419454863,0.061608581557460164,0.0054682191723571805,-0.0,1.5690763559452747,-2.0534219566624823,495.0499093462648,0.0,-0.002486023006694306,30.00000000008956,0.0,1.5708791942282632,80.0,0.14131662728150507,0.056668645600810766,0.05377401913037047,0.22824973338222598,0.35202563278104,0.041225386384148514,0.13022483165029938,0.22075139585870354,-33.68529216456885,0.14942575904753708
110.5,-2.0633520517610577,795.0573596183824,5.016,-0.01,30.0,0.0,1.5712903499396074,0.011927225338202006,0.04423419986074803,-0.011285305170317053,-2.0645281501245183,498.96106750892085,0.0,-0.4725240374828724,30.002464043467562,0.0,110.419,0.004590984455186647,-0.3121105643955461,-4.942178031540362,1.5733797648766816,0.008980864977613252,-0.30649512591901085,-4.940609281027147,0.025252182057029643,-0.002902543538034763,-0.0,1.5702878715763608,-2.053720279420928,498.649909333906,0.0,-0.0024860229981216344,30.00000000009524,0.0,1.5708791942279774,81.0,0.14200515259256158,0.056692515590062255,0.05380581335717671,0.2282814236758147,0.3520421045796815,0.041290710424711836,0.1302689274175204,0.22099553824803034,-33.67003533004004,0.14944945116685493
110.603,-2.063352738218157,798.0532197000107,5.015,-0.01,30.01,-0.01,1.5707544195491374,0.016105251031519878,0.012433129167512231,-0.0011674881328700357,-2.0672056654909636,501.96244497083256,0.0,-0.46041956333462236,30.010372902461693,0.0,110.518,0.009085499883204487,-0.30199960923747843,-4.900466636779021,1.5776400169835367,0.006197543845081442,-0.3089845178639661,-4.936483547391223,-0.014041287040810412,-0.013852453172823687,0.01,1.571597805780006,-2.053968881720416,501.64990932360786,0.0,-0.0024860230138276573,30.000000000078188,0.0,1.570879194228501,85.0,0.1453332216060231,0.05739131107186699,0.05398921256615315,0.22934959790509346,0.3525127678335719,0.04172042424075557,0.13057213989786876,0.22298651002369752,-33.57246682961559,0.15016658477838557
110.7,-2.0633534454833864,801.1378459933253,5.014,-0.01,30.02,-0.02,1.5708733053714405,0.018169160142000193,-0.009291510879791172,0.0005863507023955923,-2.0693475607056264,504.36405317190673,0.0,-0.4643643719211783,30.01567240952838,0.0,110.617,0.005616629690180358,-0.30117807638784533,-4.945922731501078,1.5720787340196796,0.005699116552232274,-0.30511948692870594,-4.935586096455774,-0.014954874482735752,-0.008892510431149248,0.02,1.5716278478822112,-2.054167763562223,504.04990931536696,0.0,-0.002486023059823256,30.000000000066827,0.0,1.5708791942300342,83.0,0.14148917114716392,0.0567559085557013,0.05380000930039974,0.22837184138844782,0.35208275614322465,0.04126355730648251,0.13024189581602896,0.22091645740851618,-33.67943189147396,0.14951129041531713
110.8,-2.0633541173432093,804.0671313800685,5.013,-0.01,30.02,-0.02,1.5712270619140492,0.0023357669462460598,-0.010066567220195029,-0.0017124130166562362,-2.072048520044121,507.3666067571102,0.0,-0.4738391095885488,30.021050185622695,0.0,110.716,0.01167163091511211,-0.3182585392521556,-4.914603308958111,1.5728965932216423,0.010184141004980305,-0.31897149812802406,-4.928747601921639,0.0009305140008669267,-0.0387246913301631,0.02,1.571098831796072,-2.054416365869003,507.04990930506443,0.0,-0.00248602309665191,30.000000000044086,0.0,1.5708791942312619,84.0,0.14105557746496886,0.05658423359385933,0.0537390767567671,0.22812066576127987,0.3519695933066069,0.041189160530890466,0.13020451096013483,0.22055773417544508,-33.69257473236795,0.1493386986766808
110.9,-2.072444472213874,807.0629914204394,5.013,-0.01,30.03,-0.02,1.5713528701479105,0.014381876656897757,-0.002221822465301663,-0.004171096403710723,-2.074857064138196,510.36968818708215,0.0,-0.4753797890356031,30.02582477401457,0.0,110.815,0.013730772706806999,-0.31964090926224015,-4.941762938028764,1.573530311627561,0.012366480618961409,-0.32715518760238516,-4.929804830332806,-0.0018742880610415572,-0.055632562648757045,0.02,1.5711924748525563,-2.0546649681785762,510.04990929476224,0.0,-0.00248602308423706,30.000000000066827,0.0,1.570879194230848,85.0,0.14121866561847232,0.056637252656349404,0.05368854558554843,0.228237850919148,0.3520325075325165,0.04122606680668507,0.13022900564184686,0.2207115352812486,-33.68936556494969,0.1494280545881885
111.0,-2.0724451625099505,810.0588514477984,5.012,-0.01,30.03,-0.02,1.5713530163655545,0.02138326892558453,0.000656883796288307,-0.0036556322352490835,-2.0778101402396554,513.3732183303503,0.0,-0.4741232727171347,30.03007343367957,0.0,110.881,0.015104744894941936,-0.31754058038526944,-4.930177344295605,1.5725131455033243,0.014341103530343891,-0.33016898719058074,-4.9277389611164075,0.005366043743509102,-0.04852500698743967,0.02,1.5709508874434528,-2.0549135704847346,513.0499092844598,0.0,-0.0024860230510683735,30.00000000004409,0.0,1.5708791942297424,69.0,0.1413740140524927,0.05675274640797826,0.053684821315363604,0.2283879752479267,0.35209197285553606,0.04124716941837444,0.13022227786449322,0.22087854133822168,-33.683479177646525,0.14952425206957626
111.1,-2.072445852278605,813.0547114619368,5.01,-0.01,30.03,-0.02,1.5713218097833472,0.01537133344994162,-0.0012770289973235759,-0.0036379481470702065,-2.0808864777591474,516.3770816179697,0.0,-0.4719123748946762,30.03283115156992,0.0,111.013,0.018664419377342263,-0.3283678196427342,-4.946392623018768,1.5741852497410789,0.018058654123653865,-0.33244618817054894,-4.927067252696432,0.002074551167974746,-0.04339566943625428,0.02,1.5710606264321652,-2.0551621727898164,516.049909274157,0.0,-0.0024860230671088757,30.00000000004409,0.0,1.570879194230277,87.0,0.1458041651007802,0.0603560959566436,0.05550516830282378,0.2323400928395039,0.35352798102857597,0.04166238823768787,0.13031532432312357,0.22566432704610712,-33.384632589456615,0.15196160092011934
111.2,-2.0815362179810393,816.05057017744,5.009,-0.01,30.03,-0.02,1.5712599071292226,0.013091903559968754,0.0059253942395236054,-0.0015745128170722494,-2.0840483703848975,519.3811619434952,0.0,-0.4681644963284763,30.034678693092737,0.0,111.112,0.023432604451976806,-0.3245878424681636,-4.937939565500381,1.5684048278224292,0.028036340269180643,-0.3322450853629839,-4.930043596682431,0.054588537686672885,-0.031387323385249744,0.02,1.569309974564822,-2.0554107750953827,519.0499092638543,0.0,-0.002486023065223717,30.00000000004409,0.0,1.5708791942302143,88.0,0.14194043096891337,0.0570796797996544,0.05483799898028667,0.22840379225331842,0.3520840043765547,0.041386874605467645,0.1304405386728977,0.22127142789424512,-33.609490322618846,0.14951308879933495
111.3,-2.081536913979079,819.046431448654,5.012,-0.01,30.04,-0.02,1.570892085818576,0.004651928301866806,0.021202534451250303,-0.008176002265204187,-2.0872015388310037,522.3853649091045,0.0,-0.4550720070394066,30.035986863617413,0.0,111.211,0.02598824869360625,-0.3302983899300958,-4.921633506116458,1.5674016389996157,0.031701775588584793,-0.33429846862817447,-4.9229818990423535,0.055103507477357205,-0.03495361095200167,0.02,1.5692931305351545,-2.055659377402595,522.0499092535516,0.0,-0.002486023088178688,30.00000000004409,0.0,1.5708791942309794,89.0,0.14198250803002083,0.0567332344683508,0.05443253075663702,0.2285891992997402,0.3522774104094031,0.04131715291698744,0.13037030924272663,0.2213965134627693,-33.64023074685894,0.1497323809067778
111.4,-2.081537606861559,822.0422914225206,5.014,-0.01,30.04,-0.03,1.5705312435482648,0.0007349440365714253,0.019289358336956133,-0.0024906477681951324,-2.090160941844926,525.3896321457266,0.0,-0.44274178649140356,30.036688490006917,0.0,111.31,0.03044963896217983,-0.3319181792342508,-4.895615906840364,1.5782382830653838,0.02778069731113674,-0.3395762158376593,-4.918949795578353,-0.005307425699283639,-0.03649168213179621,0.03,1.5713065146105674,-2.0559079797076203,525.0499092432489,0.0,-0.0024860230508485484,30.00000000004408,0.0,1.570879194229735,90.0,0.14183996047434874,0.05670950297554982,0.05418424032218478,0.22870663011257472,0.35231409927612234,0.04129036672926267,0.13030747527105183,0.22138735371673923,-33.654386775793654,0.14980100535698465
111.5,-2.090627987127732,825.0381513811737,5.016,0.0,30.04,-0.02,1.5706151154470882,-0.0009564194940517497,-0.007960701130038604,0.004838923331485797,-2.092732050903232,528.3939475349334,0.0,-0.4442365349586971,30.037272673591392,0.0,111.409,0.03181563597613774,-0.3389469434201785,-4.940521162339146,1.5747587664397227,0.028687417499211262,-0.34320254603816003,-4.920256083068104,-0.0261708613034936,-0.03454360357923747,0.02,1.5716685299809219,-2.0561565820122927,528.0499092329461,0.0,-0.0024860230633252356,30.00000000004409,0.0,1.570879194230151,91.0,0.14140156062946063,0.05669786506848204,0.05398243394611798,0.22862301579670224,0.35223557188626975,0.0412336673118238,0.1302482819610558,0.22112636415433332,-33.67170077470912,0.14971142937544166
111.6,-2.0906286830190197,828.0340113273758,5.019,0.0,30.04,-0.02,1.5711018126192522,6.210086594879636e-05,-0.013640703319308193,0.005303053955051228,-2.0949227242136983,531.3983091399306,0.0,-0.45679257694906894,30.03712297494361,0.0,111.508,0.03245645542886312,-0.34204645690638624,-4.913516751725496,1.579291682740094,0.02009594413310669,-0.3469801416852333,-4.9174100632098,-0.09678817426967201,-0.033235415341852814,0.02,1.5740218607685026,-2.056405184317381,531.0499092226434,0.0,-0.0024860230657033334,30.00000000004409,0.0,1.5708791942302303,92.0,0.14155482668022656,0.056691691317044705,0.05385384085139057,0.22849700102054388,0.352147445712031,0.04124974731902491,0.1302467595583024,0.22103641602151486,-33.67537405710434,0.14960046309860553
111.7,-2.0906293819502366,831.0298725669325,5.022,0.0,30.04,-0.01,1.5717962784136197,0.006909041099696361,-0.03254855547025463,0.009413408739503689,-2.0973247487542888,535.0036111892874,0.0,-0.48246054619090917,30.03699848798063,0.0,111.607,0.031670929772583116,-0.35573486782224933,-4.935971109035995,1.573670619508478,0.024404524683261222,-0.35854667592653255,-4.9198530880762466,-0.04247290181003666,-0.05146134443537065,0.01,1.572212630333353,-2.056703507085736,534.64990921028,0.0,-0.0024860230899239584,30.000000000044086,0.0,1.5708791942310376,93.0,0.1419900428293011,0.05668054491612287,0.053819096007122466,0.22838655145622855,0.3520824030137731,0.04130109416516236,0.1302683070836562,0.2210683991373821,-33.66989713037916,0.1495132369673674
111.8,-2.0906300779862192,834.0257324924239,5.023,0.0,30.04,-0.01,1.5722840410333614,0.02264249356780149,0.0012452537868888618,0.0005535165090338556,-2.0994441090683256,538.008034176939,0.0,-0.4890315663757712,30.036378123479693,0.0,111.772,0.03792411680789758,-0.36092362617257917,-4.92240076282305,1.5705636257504443,0.0388703063555693,-0.3653496569168675,-4.923411885907015,0.04934003601741826,-0.053962000230235674,0.01,1.5691508946277901,-2.056952109393522,537.6499091999773,0.0,-0.0024860231065706425,30.000000000044086,0.0,1.5708791942315925,28.0,0.1416233363060468,0.05675178471324013,0.053800544374566626,0.2284242415005361,0.3520910270904689,0.041268817733438545,0.13023998608328144,0.22098372778439895,-33.67371872325959,0.14953277031479273
111.9,-2.090630774204726,837.0215924031883,5.025,0.0,30.03,-0.01,1.5719588386735435,0.01999327406169895,0.04985170298114099,-0.011896822985155587,-2.1012847547182214,540.411506567045,0.0,-0.4776184122782754,30.03558705933813,0.0,111.805,0.03867559087317868,-0.36328783441778095,-4.9131333857854536,1.5701937302664108,0.043499375663678216,-0.3696193446364304,-4.9212862568651,0.05720428227476137,-0.04188192566385851,0.01,1.568888764181329,-2.0571509912407415,540.0499091917351,0.0,-0.00248602309222212,30.000000000044086,0.0,1.5708791942311142,95.0,0.14580580257183368,0.060407226870684914,0.05560332169279711,0.23242843401019378,0.35355167310065483,0.04167633549923132,0.1303343148912737,0.2257458075726211,-33.37916047534839,0.1520081625235114
112.0,-2.090631469973289,840.017452300131,5.029,0.0,30.03,-0.01,1.571049509543462,0.004384504963723426,0.04586702983354,-0.008858271039655962,-2.103568032650781,543.4156665608438,0.0,-0.4477793573925216,30.03408446819282,0.0,111.871,0.03944100547508354,-0.3548715983106442,-4.936794253966896,1.5783986934973298,0.03561019574578028,-0.36693313503660885,-4.921921534706733,-0.0163817106032527,-0.023329940078159694,0.01,1.5713422623799862,-2.0573995935487677,543.0499091814324,0.0,-0.002486023078600626,30.000000000055458,0.0,1.5708791942306601,79.0,0.1430888000360627,0.0571442343004679,0.05503809015586156,0.2284818096769045,0.35210579109272516,0.04150414115454641,0.13051886725626333,0.22170925349465354,-33.57950464970405,0.14955399433699845
112.1,-2.0997218730088036,843.0133135079916,5.03,0.0,30.03,-0.01,1.5709097496972557,-0.011942857126067779,0.0035101358138506446,0.005105282445700088,-2.1055299452643377,546.4195690613884,0.0,-0.44313735781243146,30.031699831938315,0.0,112.003,0.04472463292654421,-0.3584394578811051,-4.924683732154783,1.5722191244454198,0.04029119214347429,-0.36264917881478687,-4.925423279105665,-0.005986363080160094,-0.005967415718703961,0.01,1.5709957125031297,-2.057648195854947,546.0499091711297,0.0,-0.0024860230523939797,30.00000000004409,0.0,1.5708791942297866,97.0,0.14658839955209274,0.06028669177818761,0.05654400779295473,0.23232952888482503,0.3536053466321322,0.04175954845778399,0.1304984403529389,0.2261073228867146,-33.32884690963514,0.15201180706347645
112.2,-2.0997225695398356,845.9980776058538,5.032,0.0,30.03,0.0,1.5712275921276324,-0.02004692642488159,0.0008623918980045411,-0.0002673454972411556,-2.1073483148567944,550.0239574580262,0.0,-0.4515224781677255,30.02905233416379,0.0,112.102,0.04529175382116667,-0.36558902534623544,-4.929668118784405,1.5736979655497763,0.04428278393722629,-0.3664255228968404,-4.925515620552204,0.005536947477744943,-0.010237095964900078,-0.0,1.5706118833856446,-2.0578967981589598,549.049909160827,0.0,-0.002486023043554383,30.000000000044082,0.0,1.570879194229492,98.0,0.14218873293183187,0.057104443634138205,0.055488616305384826,0.22885530528845538,0.3523772626484855,0.04141583921437012,0.130535217595807,0.22185674055593757,-33.57733658260211,0.1498886378984567
112.3,-2.099723268756776,848.9939374664073,5.035,0.0,30.03,0.0,1.5712568527113202,-0.006324821122948157,0.003909535500935165,-0.0051959396299232265,-2.1082510419297775,552.4267835129011,0.0,-0.4497829843126458,30.028586650536038,0.0,112.201,0.046191525860532996,-0.37384349068038053,-4.952929837540135,1.5725800439607114,0.04498549005723841,-0.3743446584870155,-4.930747390865166,0.001302044766844445,-0.024269920304796244,-0.0,1.570752933590913,-2.058145400462321,552.0499091505243,0.0,-0.002486023023283931,30.000000000044082,0.0,1.5708791942288163,99.0,0.1415241674174847,0.05672680812387157,0.05480348940241611,0.22893460000133886,0.3524806239398662,0.04126486968813237,0.13037771044103505,0.2216052213548508,-33.632533503182906,0.15000210271833214
112.4,-2.099723967523829,851.9897973142783,5.036,0.01,30.02,0.0,1.571251068470536,0.01242149448153892,0.0022473435310876437,-0.0003996375677751393,-2.1090089526690883,555.4302694426032,0.0,-0.44815955030849525,30.02801528222412,0.0,112.333,0.04657532522740182,-0.37824969183705665,-4.91271057429603,1.570896562069339,0.04322979987334259,-0.37917357270089735,-4.92558124051016,-0.023135018546129683,-0.02064654887846018,-0.0,1.5712341701546935,-2.0583940027631655,555.0499091402215,0.0,-0.0024860230176950685,30.000000000044082,0.0,1.57087919422863,67.0,0.14143313510880393,0.05672770837504932,0.054365151988486425,0.22897607740330111,0.3524498059042406,0.041245946519267315,0.13030547206050885,0.22150858821304273,-33.65456682530816,0.1499926523814763
112.5,-2.099724666318309,854.985657147485,5.038,0.01,30.02,0.0,1.5713070412774126,0.013186540980994983,-0.010282061163156645,-0.000924308345372846,-2.1093344855840597,558.4336969827497,0.0,-0.44819493881515754,30.02717986373787,0.0,112.432,0.04348242998675796,-0.39399674092451603,-4.947719901392317,1.5730957115166804,0.03877862131462549,-0.39462014601341455,-4.930710349824285,-0.03366218514585269,-0.05248371094721804,-0.0,1.5715859211009495,-2.058642605064085,558.0499091299188,0.0,-0.0024860230282532894,30.000000000044082,0.0,1.570879194228982,68.0,0.14068864229325506,0.056689807688199194,0.05410253495654726,0.2287030432892987,0.3522555508229206,0.04115351601978598,0.13017858578513652,0.22096324382792387,-33.67899152907616,0.14974853829073972
112.6,-2.0997253655401096,857.9815169688238,5.039,0.01,30.02,0.0,1.5715453536275328,0.03220929381684181,-0.0115758667830323,0.0009455114963722028,-2.109297609502029,561.4369911071619,0.0,-0.45392549583524266,30.025054945477695,0.0,112.531,0.044727140219844724,-0.37538652932491373,-4.935109962373813,1.5738589993713223,0.042163115909344406,-0.39130041294257534,-4.933601934834821,-0.013490529745708938,-0.030350608283018943,-0.0,1.570912717943201,-2.0588912073658165,561.0499091196161,0.0,-0.002486023028972714,30.000000000044082,0.0,1.570879194229006,69.0,0.14130607999010264,0.05676573069811336,0.05394567439957955,0.22865816004138237,0.3522074788077998,0.041244328821819935,0.13025417906995906,0.221101800317094,-33.67222891647426,0.14969722272156621
112.7,-2.099726062024814,860.9662809990069,5.037,0.02,30.02,0.0,1.5716128286465558,0.009705914958351101,0.0023299528011313875,-0.004259211192226258,-2.1089971173431707,564.4400348585509,0.0,-0.4551153822130532,30.022140370741777,0.0,112.63,0.041471310701855495,-0.3873213648138196,-4.941044991999091,1.5777187846223144,0.02709565547732217,-0.3907009477304967,-4.936604136429407,-0.1170827535004356,-0.020690657046404937,-0.0,1.5740324817838063,-2.0591398096684017,564.0499091093134,0.0,-0.0024860230234904327,30.000000000044082,0.0,1.5708791942288232,70.0,0.1417997499121205,0.05691825446690094,0.053909737302701696,0.22872674989613348,0.3522167316530649,0.04129047625653614,0.13026226571111585,0.22129883001484554,-33.66138295715034,0.14972782875434876
112.8,-2.099726760669114,863.9621407919227,5.038,0.01,30.01,0.0,1.5718660642767812,-0.0049320410641268235,-0.05405150575188835,0.007942753362613224,-2.1085267716796623,567.4427292601172,0.0,-0.4613607942395893,30.01799361347252,0.0,112.729,0.044588599737897826,-0.3896547551976852,-4.947984835459241,1.5693876225770387,0.04154202063077707,-0.38916841009476977,-4.93423909007609,0.009337830684822282,-0.004431276715081367,-0.0,1.57015185215801,-2.0593884119695907,567.0499090990106,0.0,-0.0024860230045322643,30.000000000044086,0.0,1.5708791942281912,71.0,0.14140858385533017,0.056703894253070874,0.05379766527093184,0.22834838919949438,0.3520558252571492,0.04123037617089384,0.1302232863024151,0.22085024716212692,-33.67983263585373,0.14947803810909518
112.9,-2.0997274597407056,866.9580005718315,5.039,0.01,30.01,0.0,1.572333287974123,-0.011485021713669049,0.0188673634002834,-0.004464072812115722,-2.108042368779737,570.4450622812559,0.0,-0.47287698122954647,30.014347261898934,0.0,112.828,0.04154529946710119,-0.39478112556817757,-4.937341187931381,1.5731246671470083,0.038499676393640936,-0.39596339962847793,-4.934350001090268,-0.007262001601072586,-0.017762785163203176,-0.0,1.5707050365596364,-2.0596370142679796,570.049909088708,0.0,-0.0024860230022407635,30.000000000044082,0.0,1.5708791942281148,72.0,0.14250982402720316,0.05670998964562123,0.0538795830374755,0.2283493878827609,0.35206463689773315,0.04135750437889239,0.13029490305577562,0.22120823876929144,-33.65709293014845,0.14948665908917835
113.0,-2.0997281564219747,869.9427645611543,5.039,0.01,30.0,0.0,1.571808100505967,0.003061701277867446,0.018047949087784707,-0.004637677428900404,-2.1075945462076993,573.4470711554726,0.0,-0.4561378014555163,30.011707282004622,0.0,112.927,0.04122301212280384,-0.4044101284852917,-4.93616055747016,1.5726682146560025,0.040199988550971816,-0.40343100759587147,-4.934559146685057,0.005568125743582562,-0.023691381411506285,-0.0,1.5702769791813536,-2.0598856165655723,573.0499090784053,0.0,-0.0024860229753356188,30.000000000044082,0.0,1.570879194227218,38.0,0.09735459821135801,0.04999465541273179,0.053330094426161344,0.2161216407168206,0.3463219809890498,0.0351517996128154,0.1254558747705646,0.19844378596701343,-34.73814447236557,0.14117740343228147
113.1,-2.0997288551608904,872.9386243136005,5.039,0.02,30.0,0.0,1.5715247524229363,0.014660957343029692,0.011046424187438226,-0.0036193671013152653,-2.107044113722588,576.4487708966908,0.0,-0.44650775239195867,30.008792130039154,0.0,113.026,0.04381148461988156,-0.38425355016982116,-4.909326280417682,1.579351268003759,0.0368361379862155,-0.39349357009120556,-4.931940938854034,-0.042891128206751686,0.008180732666509982,-0.0,1.571559156236991,-2.0601342188640905,576.0499090681027,0.0,-0.002486023014085565,30.00000000005545,0.0,1.5708791942285096,74.0,0.20246300240892134,0.071157464941852,0.057823720312555164,0.24845136476713184,0.360472694264026,0.04812699939769336,0.13504754086150822,0.26162092512055307,-32.19867823870128,0.16340266864371525
113.2,-2.09972955128913,875.9233882762297,5.038,0.02,29.99,0.0,1.571397982132856,-0.007833542276416689,-0.00951222812293079,0.0007179452534397512,-2.106151430277966,580.0503632032013,0.0,-0.44323766142659526,30.004577193396923,0.0,113.125,0.0412954698415532,-0.39255194253518816,-4.93924212055706,1.5775523883138471,0.032389215115468314,-0.3915164441472462,-4.932881860227351,-0.06274847615839792,0.02082801747028995,-0.0,1.572220760909847,-2.060432541628602,579.6499090557395,0.0,-0.002486023067821639,30.00000000004409,0.0,1.5708791942303009,75.0,0.20477015829401196,0.07197281514054642,0.059120306909740294,0.24885206440023572,0.36053860605138155,0.048339802565719514,0.13523781653224262,0.26314755447834554,-32.09153697879314,0.1635968174205051
113.3,-2.0997302501726836,878.9192480030288,5.038,0.02,29.99,0.0,1.571724217212994,-0.014716367867607744,-0.013586725797366712,0.004415245307797652,-2.1054621217186096,582.4511569421227,0.0,-0.44985858203606066,30.002093160066423,0.0,113.224,0.03746753282487442,-0.39975802011786943,-4.940394234574969,1.5723885034627731,0.032388837572088755,-0.39489487745030505,-4.930838952428164,-0.04675951235977375,0.009774243944427496,-0.0,1.571688317016061,-2.0606314234733802,582.0499090474973,0.0,-0.0024860230641512416,30.00000000004409,0.0,1.5708791942301785,76.0,0.14286450348461172,0.05800006197672851,0.057051230896900326,0.2294324925124608,0.3525803255709051,0.041586404046753594,0.13077261194600048,0.22281217612894527,-33.45743226405337,0.15020648368841558
113.4,-2.0997309468576475,881.9040119364572,5.038,0.02,29.99,0.0,1.5719744963014983,-0.005996339423190728,-0.002944095766462892,0.0006240871774250164,-2.1046188562317876,585.4518995533966,0.0,-0.4557182032237803,29.999271841679004,0.0,113.323,0.039924435583538684,-0.39847355118325645,-4.943941770084578,1.5707312501973183,0.03820632530010275,-0.4002555210833908,-4.938081057331997,0.012041094611449765,-0.0033009320677486187,-0.0,1.5697278169750946,-2.0608800257782507,585.0499090371945,0.0,-0.002486023051587958,30.00000000004409,0.0,1.5708791942297597,77.0,0.1421485015232522,0.0568678370255129,0.05582406101689472,0.2294693991484611,0.35286164316383983,0.041395778324140424,0.1306220295905715,0.22249974260094663,-33.56954708676581,0.15045918818163873
113.5,-2.0997316458083617,884.8998716366914,5.036,0.02,29.98,0.0,1.5717840027671794,0.008347236674625334,0.028551318863985906,-0.008257009105884767,-2.1038560320772572,588.4524221596463,0.0,-0.4480902488204159,29.997474002012538,0.0,113.422,0.03930235080451961,-0.4023384193395887,-4.941537716222828,1.573558391652934,0.037118907618369806,-0.4019671681390782,-4.939112621946606,-0.0072331604754816165,0.00160463600818872,-0.0,1.570370504397868,-2.06112862808205,588.0499090268918,0.0,-0.0024860230454128965,30.000000000044082,0.0,1.570879194229554,78.0,0.14136911956844236,0.056785245693811215,0.05499466388241278,0.22964107108396015,0.3528886942387532,0.04125999464595724,0.13041276359525264,0.2222095332684589,-33.62312318156158,0.15054376527200863
113.6,-2.099732342262598,887.8846355453046,5.035,0.02,29.98,0.0,1.5713447771875675,0.007980716567051521,0.01456442950884647,-0.00639302085578325,-2.103076305088108,591.4527303347838,0.0,-0.4335079372788351,29.99564223131624,0.0,113.521,0.03984039738877318,-0.40252748959538154,-4.899640551506283,1.5711910095669923,0.040250152415761783,-0.4041029827292394,-4.935621529538031,0.015217910223017158,-0.0033102254584242985,-0.0,1.5696214841326595,-2.0613772303870888,591.0499090165891,0.0,-0.002486023083688946,30.00000000004409,0.0,1.5708791942308298,79.0,0.14182330445525135,0.05686149526710318,0.054558286252857253,0.22946933202169764,0.3526958957416482,0.04130118694995021,0.13035909159124884,0.2220735359449245,-33.632811778064514,0.1503372215846153
113.7,-2.099733061892465,890.969261428228,5.035,0.02,29.98,0.0,1.5710182948558378,0.012092398662827578,0.01368105907273384,-0.00563888400793552,-2.1019158497594024,595.0527566117216,0.0,-0.4204406606662625,29.992540789853106,0.0,113.62,0.033760909479136354,-0.41253782482677,-4.913199125669037,1.5758528635656035,0.026541144538251654,-0.41365110448117426,-4.933628589842277,-0.06926624282096451,-0.025659689194377222,-0.0,1.5724410366395096,-2.061675553156061,594.6499090042258,0.0,-0.0024860231093284365,30.000000000044086,0.0,1.5708791942316844,80.0,0.14136151630552277,0.05682609049765966,0.054230657907418336,0.2290591041181399,0.35243241287407034,0.041254716747787176,0.13029064490198142,0.22150752973707466,-33.65643616254536,0.1499962285792862
113.8,-2.0997337456226433,893.8985464274425,5.034,0.02,29.97,0.0,1.5711680007542037,0.026014999094981024,-0.025785954269604602,0.004747496261280865,-2.100980096301074,597.4524976244555,0.0,-0.42612182099485324,29.989051840214422,0.0,113.719,0.032464740515428164,-0.39779503764250806,-4.933816746311983,1.5760353090568207,0.02620291296420043,-0.4005775939143541,-4.932878050566476,-0.06211929486982516,0.019051436727828275,-0.0,1.5722008149383122,-2.0618744350054343,597.0499089959836,0.0,-0.002486023139903979,30.000000000044082,0.0,1.5708791942327036,81.0,0.1419048771760852,0.05685686842366766,0.05407271241778696,0.22883786894414224,0.3522948751227172,0.04131232811235262,0.1303046607419066,0.22145801824727612,-33.655109845234996,0.1498177700756672
113.9,-2.0997344416166186,896.8833102947513,5.034,0.02,29.97,0.0,1.571627613159597,-0.009861002289029136,-0.010648589830358726,0.0003304553041579974,-2.09974910064566,600.4517743806999,0.0,-0.4383892333234678,29.984052456904355,0.0,113.818,0.034026806821267436,-0.3962658114743491,-4.921748064980909,1.5744398220917772,0.02668775532144623,-0.3939317466381913,-4.92712114020105,-0.05509170428516226,0.03189335539462945,-0.0,1.571965975918928,-2.0621230373188766,600.0499089856809,0.0,-0.0024860231564440816,30.000000000044082,0.0,1.570879194233255,82.0,0.14104837364225456,0.056744065040257016,0.05397230927154412,0.22846166229582654,0.3521062833099797,0.04118498990942861,0.1301760493427748,0.22084311589419342,-33.67696935313674,0.14954720966348717
114.0,-2.0997351382173406,899.8680741484411,5.033,0.02,29.96,-0.01,1.5718938403904927,-0.023367144981325447,-0.003642305360509877,0.0035077543869127883,-2.0986425471947108,603.4505804324064,0.0,-0.4453192658153816,29.979394138019398,0.0,113.917,0.03296185699065692,-0.3953765516406437,-4.90805877830267,1.5704054957182088,0.03201991472757186,-0.39091725366679353,-4.92353527216031,0.0023496349943450644,0.04072458936432355,0.01,1.570051357092807,-2.0623716396320635,603.0499089753782,0.0,-0.002486023143327907,30.000000000044082,0.0,1.5708791942328177,83.0,0.14160638741309584,0.05677611841286319,0.053875671381934886,0.22847443720217564,0.3521292099454396,0.04126231031237231,0.13025888152515458,0.22104398796522268,-33.67080726723272,0.14957331283910086
114.102,-2.0997358367779384,902.8639337663107,5.032,0.02,29.96,0.0,1.5716899803399593,-0.022190483371224694,0.01934722170656459,-0.006956537994941645,-2.0975526036041985,607.0486663210057,0.0,-0.4346405417811126,29.976134819875462,0.0,114.016,0.031745835866181286,-0.4029106430256859,-4.955421248468961,1.5679888305138125,0.034454657858535284,-0.39799582602005423,-4.928599677606705,0.02904605321499944,0.015408910037315593,-0.0,1.5691601186085842,-2.062669962408883,606.6499089630149,0.0,-0.00248602314498658,30.000000000044082,0.0,1.570879194232873,86.0,0.14382734775447775,0.05726448739450506,0.053935182825209156,0.22917332402716326,0.35243971327168705,0.04154503346020844,0.13045032597807715,0.22235197271471618,-33.6077126854437,0.15004650893397214
114.2,-2.0997365333805362,905.8486975930025,5.031,0.02,29.96,0.0,1.571109597806588,0.006082032611263595,0.022912145435470935,-0.009021349945948552,-2.0966774560036976,610.0468177951701,0.0,-0.41425212945193357,29.97486109209569,0.0,114.115,0.030874324995904336,-0.398512287298381,-4.938700789358883,1.5751929859364038,0.024238910972275533,-0.39636284263317867,-4.9257307501182765,-0.054892265341383126,0.01573839329195792,-0.0,1.5719603431445417,-2.062918564723053,609.6499089527122,0.0,-0.002486023177040939,30.00000000004408,0.0,1.5708791942339415,85.0,0.14148266690754,0.05680472634506118,0.05382215344970688,0.22845322318571418,0.35212848804256247,0.0412783497505822,0.1302513333428758,0.2209956054431821,-33.678772103797414,0.14956936382558034
114.3,-2.0997372324856087,908.8445571846038,5.031,0.02,29.96,0.0,1.5710636304600651,0.008945483990486242,-0.01633122142712658,0.0054118591883123715,-2.0958860186127857,612.4452083935037,0.0,-0.4168405603623181,29.973195119580136,0.0,114.214,0.03238365194293731,-0.39669224389009905,-4.909551231131953,1.573675233776707,0.0283467478111721,-0.39652690897735476,-4.924045217816882,-0.008948740789884632,0.012146003820163287,-0.0,1.5704276091626026,-2.0631174465786,612.0499089444701,0.0,-0.002486023223856824,30.000000000044082,0.0,1.570879194235502,86.0,0.1380368879034937,0.056121066666008745,0.053721036545325056,0.22734217801018003,0.3516108553813924,0.04080000901133752,0.1298429277311488,0.21892819245488482,-33.75990562094535,0.1487958338985867
114.4,-2.099737928535177,911.8293209846022,5.032,0.02,29.96,0.0,1.5711609944144749,0.00976980601560517,0.004456300929865966,-0.0036370056370379046,-2.0947972012511147,615.4430003620467,0.0,-0.41849902895616387,29.97080606112756,0.0,114.313,0.02772199253560733,-0.3949365079865034,-4.89922358689922,1.5776341920994996,0.01951303790131191,-0.3961369679840955,-4.924130107096309,-0.06868345413743349,0.01080088843485072,-0.0,1.5724206881691802,-2.063366048901312,615.0499089341674,0.0,-0.002486023227680432,30.000000000044082,0.0,1.5708791942356295,87.0,0.14118423863494767,0.05662166759879014,0.05370183011146327,0.22824792356315873,0.352057233749043,0.04122500534913848,0.1302558995108616,0.22073039990726026,-33.689888863866216,0.1494483296888246
114.501,-2.0997386252690546,914.8140847715199,5.033,0.02,29.95,0.0,1.5712947837335545,0.002612036662323504,-0.016591113848515655,0.005014291526110568,-2.093472617001575,619.0399850096409,0.0,-0.42537257821116586,29.966985917030378,0.0,114.412,0.026805075541323324,-0.39589077347403495,-4.92644175255378,1.576392029430664,0.016501954132222142,-0.3949471139048115,-4.924311156027937,-0.07488925100181042,0.01903292807735113,-0.0,1.5726278570200507,-2.063664371687937,618.6499089218041,0.0,-0.0024860232164960454,30.000000000044082,0.0,1.5708791942352567,89.0,0.14245871563793572,0.05690810195516086,0.05372609877394207,0.22865602799236015,0.35223147917543135,0.041381638495885206,0.13033358594950079,0.22146938910923197,-33.654418115115,0.14971904634894306
114.6,-2.0997393239138944,917.8099443214369,5.032,0.02,29.95,-0.01,1.5717665797590765,-0.005266457237136725,-0.015498861152446053,0.004951344765924748,-2.0926810437398884,621.4377274075885,0.0,-0.43477538176226777,29.96434117678108,0.0,114.511,0.025738952542559333,-0.3950840114131265,-4.939042652751721,1.5735595464358105,0.021559132871266082,-0.3930428171817769,-4.923527256493676,-0.021844155477148512,0.01921482526748619,0.01,1.570857861789576,-2.063863253545348,621.0499089135621,0.0,-0.0024860232310777147,30.000000000044082,0.0,1.5708791942357427,89.0,0.1414225392942593,0.056650942878320225,0.05367506284905777,0.22824769074388923,0.35204704380355106,0.041251348664615994,0.1302222887681906,0.22078432396070258,-33.68685080002022,0.14944236646862927
114.7,-2.099740020649591,920.7947080798377,5.031,0.02,29.95,0.0,1.5717905182999112,-0.004806293506674939,0.008072706101414182,-0.004515072487337119,-2.0919324621444657,624.434631319953,0.0,-0.43417552337459236,29.96124190790006,0.0,114.61,0.023920536222854193,-0.3902625450729642,-4.895635795125801,1.5798976194454937,0.011153449720497751,-0.38971032738568434,-4.91891975172271,-0.09537718168419893,0.02317772204761681,-0.0,1.5733111426572828,-2.06411185586783,624.0499089032594,0.0,-0.00248602323195035,30.000000000044082,0.0,1.5708791942357718,90.0,0.1411407788064622,0.056625454370382765,0.0536552802533897,0.22820307741915785,0.35202183875423876,0.041214737415563134,0.1302026223036938,0.2206534475622984,-33.69245580881101,0.14940792165219727
114.8,-2.099740717192418,923.7794718266221,5.03,0.01,29.95,-0.01,1.5719792466287057,-0.003948838430048204,-0.020943857670989482,0.0074801798773716024,-2.0914764184376216,627.4312716841818,0.0,-0.4384598715021031,29.95904546806745,0.0,114.709,0.020082882541697048,-0.37414363069199746,-4.92227945108182,1.5779426385194888,0.008472141758156207,-0.3747318207099338,-4.922476719626033,-0.0814887059083581,0.05661551762052852,0.01,1.573178753783728,-2.0643604581882413,627.0499088929566,0.0,-0.0024860231986236748,30.00000000004408,0.0,1.570879194234661,91.0,0.14145921267844258,0.056657281699307074,0.05364418571139513,0.22824772125631249,0.35203965541305243,0.04124326948530051,0.13022281571594993,0.22078638533466555,-33.68693539135321,0.14943713660388314
114.9,-2.09974141209139,926.7753298772766,5.029,0.01,29.94,-0.01,1.5723574074825761,-0.025067809077106762,-0.015728030096192697,0.002077433444271328,-2.0914280374091074,630.4276990409962,0.0,-0.4484502645646167,29.956734937061086,0.0,114.808,0.018815534063471653,-0.37168808800010356,-4.952024436614752,1.5709750458528433,0.01595002608921947,-0.3639764426383927,-4.922382971541369,-0.013274321077625903,0.07960944093725075,0.01,1.5709053995352027,-2.064609060506542,630.0499088826539,0.0,-0.002486023177647121,30.00000000004408,0.0,1.5708791942339617,92.0,0.1418302004130894,0.05670321933649177,0.05367762601634235,0.22830603656290877,0.3520600982148769,0.04127223784775248,0.13023315333254815,0.22094637929712316,-33.67806254721411,0.14947244564900486
115.0,-2.099742112088933,929.7600950546835,5.031,0.0,29.94,-0.01,1.5722573494447882,-0.035467039434563884,0.020676133621308674,-0.00765481164981748,-2.091928896672341,633.4240373280744,0.0,-0.4439431161678785,29.957117635119946,0.0,114.907,0.02244216228358839,-0.38690128249205014,-4.981309489880561,1.5687768617332751,0.027794806961326017,-0.3766613953774256,-4.931149498411086,0.07076346335004087,0.03268298043759543,0.01,1.5684353992823958,-2.0648576628250357,633.0499088723512,0.0,-0.0024860232104018626,30.000000000055444,0.0,1.5708791942350535,93.0,0.1416628386846134,0.05686072908593669,0.053727980500332596,0.22850816011867695,0.3521392252831792,0.04127947718533455,0.1302341384092238,0.22107113753275917,-33.67401102538458,0.1496007729946105
115.1,-2.0997428083632315,932.7448587611757,5.032,0.0,29.94,0.0,1.5713589124523588,0.0010174460613047367,0.04641699273583029,-0.012236892202393516,-2.0928610425008047,636.420451178776,0.0,-0.41599987358211543,29.95919578774545,0.0,115.006,0.021193549218824125,-0.3780962951647708,-4.937519864519028,1.574142037260812,0.021238621604362865,-0.37324882912912993,-4.929297377610149,-0.005328739445030846,0.03313412842910424,-0.0,1.5709741106518018,-2.0651062651455985,636.0499088620487,0.0,-0.002486023241036415,30.000000000044082,0.0,1.5708791942360747,94.0,0.14161967570995565,0.056774516274186365,0.05380771013956226,0.22832061620216457,0.35204215069744516,0.04125524798863122,0.1301951405312575,0.22089149767200017,-33.67249847748236,0.14946124390003565
115.2,-2.09974350484444,935.7296224531515,5.031,0.0,29.95,0.0,1.5709002857063918,0.005209107440158506,0.005641748678802056,0.0034129319463517844,-2.093871125882007,639.4170522660127,0.0,-0.40141106677624566,29.96159348807318,0.0,115.105,0.024569088154247222,-0.3728976310297426,-4.9616034278636345,1.5743517972522623,0.022375136163240536,-0.37464589938795245,-4.938193584285646,0.0021669345291817177,0.01725980912795677,-0.0,1.5707240167292047,-2.0653548674700883,639.0499088517461,0.0,-0.00248602326057412,30.00000000004408,0.0,1.570879194236726,95.0,0.14170671357668246,0.056734886710945676,0.053818217081603996,0.2283297449388778,0.35206551503226813,0.041283260750169457,0.13025546148181652,0.2209514326954471,-33.671014069677504,0.14948381853201803
115.3,-2.099744203962956,938.7254819070114,5.033,0.01,29.95,0.0,1.570976166479175,0.015428253959322062,-0.00016709839587947538,-0.0002780394293563726,-2.09472270883629,642.413838635357,0.0,-0.40334066333015267,29.96336977573219,0.0,115.237,0.02437700614266215,-0.366345869225195,-4.970035619489395,1.570173139660589,0.027339742339463034,-0.3673544049965458,-4.944944982277999,0.02103091359056776,0.03155084729333524,-0.0,1.569761326882175,-2.065603469796909,642.0499088414435,0.0,-0.0024860232992898173,30.000000000044075,0.0,1.5708791942380165,63.0,0.14124513203893876,0.056688462031802354,0.05374318989900214,0.22829971791860418,0.35205850065750643,0.0412437659015367,0.13023480618487496,0.22078020156742695,-33.686732242025684,0.14946880040576657
115.4,-2.0997449002910002,941.7102455728116,5.034,0.01,29.95,0.0,1.5708161456466936,-0.002307231243730813,0.005818407709624715,-0.00561153288669215,-2.0953676102572647,645.4107513321904,0.0,-0.3976023491165113,29.964206743950683,0.0,115.336,0.023411482047603148,-0.3650045362081167,-4.994944632937164,1.5738354204463147,0.016560837365838715,-0.36393432435278716,-4.952882634917994,-0.05034260527394851,0.03392148282245344,-0.0,1.5721418006000154,-2.065852072127855,645.0499088311409,0.0,-0.002486023335420916,30.00000000004408,0.0,1.5708791942392208,64.0,0.13980898333450867,0.056459638381973654,0.05368927305664866,0.22790516460356666,0.35186370355669805,0.041038793647322755,0.1300374210090146,0.2199595240089215,-33.7207919655635,0.14918425122968698
115.5,-2.0997455965811866,944.6950092246537,5.034,0.01,29.95,-0.01,1.5710031146471175,-0.00950957769879977,-0.018801568933161813,0.007798285595632933,-2.095799496263572,648.4077699399922,0.0,-0.4022597212772137,29.96544718740689,0.0,115.435,0.02348625139126843,-0.35111580419397453,-4.944038558183296,1.5698921320922987,0.025623275712024968,-0.35303439782210677,-4.95508973224409,0.025649086528230856,0.05488457492382892,0.01,1.569608217916654,-2.0661006744604835,648.0499088208383,0.0,-0.002486023322857632,30.000000000044082,0.0,1.570879194238802,65.0,0.14052242212066393,0.05648844870256281,0.0536549139222406,0.22799871412010178,0.3519173683541381,0.04113364498730321,0.1301417810991053,0.22027445347079413,-33.710598436072516,0.14925765895886978
115.6,-2.099746293000834,947.6797728625804,5.035,0.01,29.95,-0.01,1.5711721296273191,-0.02492733400269022,0.021497643849885822,-0.007188640944527512,-2.0961237842248988,651.4049318602948,0.0,-0.4061064960713988,29.967088537439295,0.0,115.534,0.02640029602936065,-0.3398255311431296,-4.9213601617448,1.5719882297064691,0.024581019976921005,-0.33772237276725803,-4.947906182029508,-0.0012341421290129606,0.08269273681874978,0.01,1.5705044496162874,-2.066349276791904,651.0499088105356,0.0,-0.002486023324729468,30.000000000044082,0.0,1.5708791942388645,66.0,0.13948544353565315,0.056309149891846606,0.05365958014092831,0.2276688906223938,0.35175191604250056,0.04097114506290117,0.1299708298426549,0.21963984539533654,-33.734235675195706,0.14901783129927348
115.7,-2.0997469920985736,950.6756322629935,5.035,0.01,29.95,0.0,1.5709303656938738,-0.03506049976190445,0.009688606263276767,-0.0016023524811111134,-2.0964088549094275,654.4023579026922,0.0,-0.39757558166187357,29.970616327682993,0.0,115.633,0.024602679517593123,-0.3538716373073252,-4.929250720065491,1.5770857283299151,0.017255028391090797,-0.33778946463112725,-4.942765219175483,-0.06572408991429489,0.06570432798334735,-0.0,1.5726528224908254,-2.0665978791238078,654.0499088002329,0.0,-0.0024860233442804956,30.00000000004408,0.0,1.5708791942395162,67.0,0.14034953039031722,0.05655275537022654,0.05370978166106469,0.22803724712121626,0.3519181788187641,0.04107900032552182,0.13007704117966126,0.2202358570343643,-33.70968271719759,0.14926950469760103
115.8,-2.0997476881202033,953.6603958749236,5.034,0.01,29.96,0.0,1.5711918659242823,-0.014403590219956554,-0.012641121327178843,0.005993019591782589,-2.0966289831332254,657.4002201459909,0.0,-0.40435196576855414,29.97573455936339,0.0,115.732,0.02616487775979965,-0.3519897803027505,-4.967284092035882,1.5688986774126674,0.023488488735480803,-0.3443455797708268,-4.943147636079754,-0.008056887821292266,0.029073137197755727,-0.0,1.57073153278919,-2.066846481458913,657.0499087899302,0.0,-0.0024860233785797257,30.000000000044075,0.0,1.5708791942406595,68.0,0.14015034906772408,0.05660149740986147,0.053737528754976435,0.22807147317661888,0.3519304469763522,0.04106970257791755,0.1300676397140568,0.22020951960608792,-33.7075659407045,0.14929036125839523
115.9,-2.099748384826171,956.6451594730132,5.033,0.01,29.96,0.0,1.57144029537705,0.01697138722050538,0.005282549431101452,-0.004013461587715052,-2.0968951366228232,660.3986545219209,0.0,-0.4107403554397865,29.981545187475508,0.0,115.831,0.02638874804844377,-0.3407892468579212,-4.941083209388383,1.5723690183590735,0.023787858427141366,-0.3391404459519878,-4.9394904613599255,-0.012599165667108427,0.036227651298286645,-0.0,1.5708829765460193,-2.067095083795332,660.0499087796275,0.0,-0.0024860233622261405,30.00000000004408,0.0,1.5708791942401144,69.0,0.141325134058485,0.05667209835498942,0.05370105792467712,0.228253754974565,0.3520386980351618,0.0412244009423644,0.13022983323457196,0.22075860614247772,-33.68591510655729,0.14943790321570966
116.0,-2.099749080861926,959.6299230569113,5.032,0.01,29.97,0.0,1.5712415208425392,0.004622275279590134,0.00279233602401344,-0.0003958896855396477,-2.097255315321736,663.3976685949817,0.0,-0.4036686245384381,29.98709475183432,0.0,115.93,0.02750465599595458,-0.3353477998327008,-4.924656365530407,1.5712404842631034,0.026694901371093892,-0.33507930553598175,-4.938470454720036,0.009721101536846145,0.03205814934894846,-0.0,1.5701390019341042,-2.0673436861281673,663.0499087693249,0.0,-0.0024860233105608023,30.000000000044082,0.0,1.5708791942383922,70.0,0.14152980150755864,0.056753865392159396,0.053698789306675224,0.22838391124030624,0.3520964776105293,0.04125450228791285,0.13022963360478945,0.22092807781174617,-33.680157970437875,0.1495266984009368
116.1,-2.0997497803387546,962.6257824032562,5.034,0.01,29.97,-0.01,1.5711150233426618,-0.002553363762097147,0.008383426970473146,-0.0047107679180914,-2.097658023174347,666.3972144572432,0.0,-0.3986535308116848,29.992538744802392,0.0,116.029,0.028390563288233552,-0.34726200181696454,-4.914464181233311,1.5765002092807725,0.02363853901413914,-0.33851714542975886,-4.934602053430069,-0.027969676103191357,0.016879536731281064,0.01,1.5713955780084214,-2.067592288457664,666.0499087590225,0.0,-0.00248602333036496,30.00000000004408,0.0,1.5708791942390523,71.0,0.14140103616221728,0.056657984362898865,0.05365760533301193,0.2282513992369546,0.3520383603270187,0.0412288036636021,0.13020869175421762,0.22076734488512864,-33.68743445332695,0.14943766691751956
116.2,-2.0997504763763004,965.610545960536,5.037,0.01,29.98,-0.01,1.5709128808401314,0.005471462279053294,-0.012231093194258113,0.0008206064682962917,-2.09802780937095,669.3972641269938,0.0,-0.3920520750326987,29.997669704305462,0.0,116.128,0.02636546860914999,-0.34491129007067467,-4.939932976018463,1.5774042856015205,0.017522210561537716,-0.346154772563966,-4.93462999300224,-0.07136468700189202,-0.010794763065913315,0.01,1.5728439153364393,-2.0678408907910124,669.0499087487198,0.0,-0.0024860233652437267,30.00000000004408,0.0,1.570879194240215,72.0,0.1412773379214383,0.056651035986234076,0.053635844006929397,0.2282496674019047,0.35203546247032996,0.04122920642883028,0.13020778191875065,0.22072622129154873,-33.68982138821431,0.1494348798085106
116.3,-2.0997511726208415,968.595309504059,5.039,0.01,29.98,-0.01,1.571298275203679,0.0241748170112881,-0.023789512512972604,0.006924098874167361,-2.0983868293510226,672.3977833475042,0.0,-0.4023364858569053,30.001757944528723,0.0,116.227,0.03157927053262519,-0.34163734237553045,-4.905447391814127,1.581193804838149,0.02189965665713285,-0.3451631745888937,-4.930340131791958,-0.05353999220985225,-0.004629508549776062,0.01,1.572248851346733,-2.0680894931254503,672.0499087384172,0.0,-0.002486023349036691,30.00000000004408,0.0,1.5708791942396747,73.0,0.19879530577803692,0.06748976385815114,0.055922568834293335,0.24450434920926423,0.35906989810718654,0.047754346300102,0.13493529907614948,0.2564033565663096,-32.447655740915735,0.1607812428765607
116.4,-2.0997518746984554,971.5911703381705,5.042,0.0,29.98,-0.01,1.57175117399567,0.01743145431832041,-0.002915358306881245,7.256653715967698e-05,-2.0988961650583846,675.398672862924,0.0,-0.41501166612394136,30.00446464235004,0.0,116.326,0.024669444636506888,-0.3430322083534323,-4.943364849505949,1.5733231734409725,0.021829245530861414,-0.3459169321417289,-4.932536276331055,-0.02603292842689197,-0.0044426356673987755,0.01,1.5716647984488321,-2.0683380954586026,675.0499087281146,0.0,-0.0024860233329961887,30.00000000004408,0.0,1.57087919423914,74.0,0.14258448143100982,0.05802492236943599,0.055173225779192425,0.22922909314430082,0.3523037530536579,0.041481020664823974,0.1304144053577903,0.22213381456348372,-33.54462493424383,0.1499528806600805
116.5,-2.099752571511914,974.5759338594328,5.046,0.0,29.99,-0.02,1.571832139455017,0.008680981464713732,0.00765191116110668,-0.0016398720593340057,-2.0996904588866503,678.3998031507691,0.0,-0.4164616698061992,30.00651563761264,0.0,116.425,0.023649008963374442,-0.3454652865194663,-4.985468623890888,1.577698053906297,0.016965448550450082,-0.347835971942445,-4.9402744874482245,-0.06424546281668064,-0.013727275658201421,0.02,1.5729395340255092,-2.068586697791415,678.049908717812,0.0,-0.002486023332903872,30.000000000055447,0.0,1.570879194239137,75.0,0.14176831557206732,0.056831768283372004,0.0546334180538961,0.2284530767145861,0.35218005347197373,0.041336735324650466,0.13040827448981232,0.2212495576212012,-33.63095268560273,0.1496086400980602
116.6,-2.0997532736689095,977.5717946796158,5.05,0.0,29.99,-0.01,1.5719456871182216,0.0030383058686265607,-0.008109296199776008,0.005558649998325121,-2.1010560569102066,682.0013479046786,0.0,-0.4208367614826341,30.007685809868473,0.0,116.557,0.02605645196409385,-0.3506075863446159,-5.010713582441539,1.5777101243728548,0.02163007521406634,-0.35177112122743137,-4.952287116511762,-0.039910438914369704,-0.0190543368013536,0.01,1.5721279636331993,-2.0688850205896196,681.6499087054488,0.0,-0.0024860233270076458,30.000000000044082,0.0,1.5708791942389404,43.0,0.1413595782657761,0.05669026153516325,0.05426261884530477,0.22864603057697877,0.3523023429211951,0.041253636994171894,0.13030814295132148,0.2212187707353951,-33.65905979315519,0.14977158051484513
116.7,-2.099753990719421,980.6453243794439,5.054,0.0,29.99,-0.01,1.572145435088549,0.0030747271672738334,0.006468853170012141,-0.00011279102796250052,-2.102566376941471,685.0027524018412,0.0,-0.42235062782503163,30.00883018682602,0.0,116.623,0.031188558424488,-0.34636818745912323,-4.9883503351671274,1.5807026043262695,0.02092568642592922,-0.3513801074019193,-4.954322660117299,-0.053429258695066414,-0.011906168874830314,0.01,1.572578601626088,-2.0691336229236588,684.649908695146,0.0,-0.0024860233576564626,30.00000000004408,0.0,1.570879194239962,77.0,0.1457333679537923,0.060258832350425694,0.055919174383001286,0.23256787831414313,0.35369653081462404,0.04166038634047485,0.13036553478115895,0.22591610985772623,-33.37045357403409,0.15216915130907896
116.8,-2.099754676677577,983.5857047643669,5.058,0.0,29.99,-0.01,1.5721036042694487,0.0011656576223593137,0.0017392361071470164,-8.738961203867194e-05,-2.1040368731713848,687.4039439165107,0.0,-0.42193216394029215,30.00948564972167,0.0,116.722,0.029851484216646674,-0.3449380561886071,-4.97540545841088,1.5733916429429853,0.026980251814952075,-0.3491195783134843,-4.961153387785563,-0.009900115027543658,-0.002024102555246543,0.01,1.5711264629368533,-2.069332504790591,687.0499086869042,0.0,-0.0024860233012292095,30.00000000005545,0.0,1.570879194238081,78.0,0.14183326012446607,0.0570087487002763,0.05506222539386761,0.22859818872842913,0.3522001568751113,0.04137673481181611,0.13046538829710508,0.221433853891204,-33.60391443121907,0.14966549955590694
116.9,-2.0997553728379046,986.5704682368851,5.059,0.0,29.99,0.0,1.5720409347584956,-0.0006036657781650149,0.018142732189170473,-0.004501950078328384,-2.1061772715318208,690.4055223823626,0.0,-0.4193264793919322,30.01072640812668,0.0,116.821,0.029874595040712427,-0.34788784036866566,-4.96328407433605,1.5780925558632732,0.018477746217030952,-0.34948209706986255,-4.9638145499787765,-0.07436411257189639,-0.0004681945181701508,-0.0,1.5732759907202671,-2.0696308275861366,690.6499086745409,0.0,-0.0024860233174019966,30.000000000044082,0.0,1.5708791942386202,79.0,0.14176836548596453,0.056666687088015415,0.05453960637523409,0.22867740281471835,0.352320429185026,0.0413025465179294,0.13037849709232602,0.2214114437737838,-33.64163964871442,0.14979234217913437
117.0,-2.099756072186466,989.5663274695519,5.058,-0.01,29.99,0.0,1.5720456867155173,0.0011424786970027157,-0.007894918019039791,0.0054563655614889555,-2.10857888434282,693.4072015804701,0.0,-0.41845195318182904,30.01179680451744,0.0,116.953,0.03217444545663726,-0.3504245698405898,-4.981165827186505,1.569920786735107,0.03456950076801242,-0.34820178665718093,-4.962019462434975,0.03620997673807691,0.004086116643499338,-0.0,1.5699224888668164,-2.0698297094512808,693.0499086662987,0.0,-0.0024860233272008246,30.000000000044082,0.0,1.5708791942389468,47.0,0.14101810250610539,0.05668331767358082,0.05420340122015204,0.22877179745645207,0.3523347590041103,0.04122939841131719,0.1302806256995699,0.22118633488071035,-33.67016355155983,0.1498316570640562
117.101,-2.099756771007634,992.5621866893777,5.059,-0.01,29.99,0.0,1.5720517956095303,-0.004218132717738013,0.040569615806810094,-0.010351812707022774,-2.1117623414362168,697.009366042478,0.0,-0.41306852231633795,30.013408115113577,0.0,117.085,0.04094515648424114,-0.34357615797634516,-4.938752819747223,1.576403161594461,0.03853788958755924,-0.34398104224876636,-4.9553376435699406,-0.002003587921907751,0.01640464997992197,-0.0,1.5711963609683215,-2.070128032249671,696.6499086539357,0.0,-0.002486023321338847,30.000000000044082,0.0,1.5708791942387514,16.0,0.09885612280394084,0.05019632522947746,0.053540722495265265,0.21673349019281343,0.34660896560218696,0.03524266087632011,0.12552179042018458,0.19926775887059472,-34.700372051040056,0.1415854680421128
117.203,-2.099757467286963,995.5469501212569,5.058,-0.01,29.99,0.0,1.571551751697205,-0.01453826524210362,0.01622730646386885,-0.0019317236187022687,-2.1144881095740575,700.0113261893271,0.0,-0.40201085714807067,30.015393289779556,0.0,117.118,0.04429438435384781,-0.3445378337416894,-4.935569679703534,1.5735858609078317,0.043322789806703024,-0.343591734667838,-4.953128385267908,0.024104831459915113,0.01722778987097584,-0.0,1.5703262790277424,-2.070376634581318,699.649908643633,0.0,-0.0024860233260950424,30.000000000044082,0.0,1.57087919423891,85.0,0.14292647814529974,0.057986994672416234,0.05550901854723754,0.2293575262559956,0.3523330246037126,0.04147052450697846,0.1303692060959795,0.22233109022388517,-33.51851521788993,0.14999779777349953
117.3,-2.1088480287390894,998.5428093108346,5.058,-0.01,30.0,0.0,1.5715389991553985,-0.014217635625393662,0.023609076153860403,-0.0030177684792361045,-2.1165346924263972,702.4130437568604,0.0,-0.4013935768946057,30.01722410084753,0.0,117.217,0.0434971987247731,-0.3473426874228102,-4.957059444746587,1.581050688426305,0.03396313057740413,-0.3481442388953694,-4.953946462462353,-0.0615499657653105,-0.003471725652293145,-0.0,1.5731815971640541,-2.070575516446504,702.0499086353908,0.0,-0.0024860233194536883,30.000000000044082,0.0,1.5708791942386886,83.0,0.1415697375904052,0.056688957200922735,0.0547690728875237,0.22841658087843703,0.35216412269453845,0.041310934837765524,0.13045773743695374,0.2211747981426519,-33.63685627817307,0.14957458508818464
117.4,-2.108848730286411,1001.5386684907356,5.058,0.0,30.0,0.0,1.5717583778339925,0.004967806200613622,-0.01489045431493263,0.007409103020413573,-2.1188239928487054,705.4154419777262,0.0,-0.4071465273746889,30.020219047840882,0.0,117.316,0.046310718416922296,-0.36623244365836205,-4.953782959088623,1.5747328574617354,0.04156043578350414,-0.36165224155755493,-4.958726281294156,-0.022239761623027314,-0.03456635301947486,-0.0,1.5715385071952064,-2.070824118777404,705.049908625088,0.0,-0.002486023325748653,30.000000000044082,0.0,1.5708791942388984,84.0,0.14101249624973095,0.05656298171771115,0.054355349069901415,0.22852774738042222,0.35224669439133727,0.041200788373046526,0.1303187881351531,0.22102155550785907,-33.666498914246866,0.14968088499060583
117.5,-2.108849432660975,1004.5345276566284,5.059,0.0,30.0,0.0,1.5721050004384036,0.028183840342571397,0.0006608714716411776,-0.002258497162874241,-2.120844698758837,708.4181180679238,0.0,-0.4172251436662947,30.022202317651026,0.0,117.415,0.04347874824424411,-0.37747912377054005,-4.972170829707336,1.5873255960434867,0.024332154944809968,-0.38157688572765647,-4.963374393556801,-0.1532085310551513,-0.07529181812980923,-0.0,1.5759160823992926,-2.0710727211084428,708.0499086147853,0.0,-0.0024860233069836637,30.000000000044082,0.0,1.570879194238273,85.0,0.14127859738633047,0.05676410012311992,0.054108911273239337,0.22879197677429422,0.35233644003890674,0.04125908437798235,0.13030122041740835,0.22127703512296656,-33.66491012949324,0.1498417177312203
117.6,-2.10885013180814,1007.5192910328741,5.059,0.0,30.0,0.0,1.5725426535962634,0.05429179206078838,-0.053798557873462154,0.013340769017280051,-2.122718008286568,711.4209514546247,0.0,-0.42976447551615626,30.02248058112386,0.0,117.514,0.049761753593101574,-0.37297430520600905,-4.973285025010486,1.5777772129910688,0.03974208076996358,-0.37679903750779953,-4.965442651444672,-0.03966406900147081,-0.04891434724228816,-0.0,1.5721206208880825,-2.0713213234371457,711.0499086044825,0.0,-0.0024860232804648757,30.00000000004408,0.0,1.570879194237389,86.0,0.14153092069972922,0.05692543701086744,0.05400138953763692,0.2288573264154688,0.3523215613780111,0.04128693693898097,0.13027418318341616,0.22136978939677263,-33.66103158957108,0.14985251063926425
117.7,-2.1179407101511742,1010.5151501694918,5.059,0.0,30.0,-0.01,1.573358065276642,0.01673640221768219,0.023376789086422965,-0.005583392483087399,-2.124705331927994,714.4237002002561,0.0,-0.4539687342829025,30.019957975107264,0.0,117.58,0.04901878745457794,-0.3608875503078362,-4.980964351564566,1.5691546971704236,0.05100834941679652,-0.3749406196906073,-4.965979123447829,0.04814730447677479,-0.03192402408500428,0.01,1.5691897083690372,-2.07156992576329,714.0499085941798,0.0,-0.002486023235853894,30.000000000044082,0.0,1.570879194235902,70.0,0.14284741980018037,0.057132582674568194,0.05409046225395371,0.22899657000777204,0.3523511308471043,0.0414189043348667,0.13033876422603377,0.22188976303430985,-33.62709851907841,0.14992211812085193
117.8,-2.117941418553528,1013.5110108882408,5.061,-0.01,30.0,-0.01,1.5724763422647976,-0.0070496790795956605,0.0598775095661259,-0.015331466979522208,-2.1269302994575816,717.4261600007309,0.0,-0.42706470382965067,30.017145993900492,0.0,117.712,0.051850363694782624,-0.3653386743515118,-4.983825012893536,1.5699051673530153,0.054884423088916154,-0.3673159576703393,-4.963140970401945,0.04681359353260591,-0.006713198845261559,0.01,1.5695689329687328,-2.071818528085743,717.049908583877,0.0,-0.0024860232371195484,30.000000000044082,0.0,1.5708791942359441,88.0,0.14730263242897798,0.06037685832306797,0.05590319670189404,0.23237704593166056,0.3535422768502637,0.041819567834973544,0.13043735411714166,0.22622261054233925,-33.34138834179295,0.15197965637825728
117.9,-2.1179421239265253,1016.5068700039225,5.064,0.0,29.99,-0.01,1.5716301769742298,-0.023915683801794835,0.034980893416160855,-0.006462887079332617,-2.1290566273202334,720.4282889147792,0.0,-0.40048016766342015,30.0149954720444,0.0,117.811,0.05437242991186904,-0.3692551566462181,-4.9673565973439135,1.5718860474503373,0.05405036901448122,-0.36941166796537916,-4.9633361008734695,0.006957255946343136,0.0010798533884894823,0.01,1.5705643492917338,-2.0720671304070684,720.0499085735743,0.0,-0.002486023227187493,30.000000000044082,0.0,1.570879194235613,89.0,0.14315936411229055,0.05710405591912299,0.05524434898495004,0.22849679802097483,0.3521374865519172,0.04152862532601611,0.1305527066254588,0.22178764689986222,-33.57074127897577,0.14958207775820065
118.0,-2.1179428258762982,1019.4916333320758,5.068,0.0,29.99,0.0,1.571395498237342,-0.018769483768593855,0.007578426340848832,-0.0006643149734525523,-2.1306830256508418,723.4301818284588,0.0,-0.39275155858699523,30.013285667059492,0.0,117.91,0.056802132088191314,-0.3790035314703033,-5.011862321355814,1.5672038144790505,0.059052498079563226,-0.37685807072380917,-4.969075537783459,0.04539946560710914,-0.01557877848147271,-0.0,1.5692817210396872,-2.0723157327304893,723.0499085632715,0.0,-0.002486023270046543,30.00000000004408,0.0,1.5708791942370417,90.0,0.14214793311151394,0.056847160876607766,0.05475343129951227,0.22879346996807828,0.3523750977636928,0.04135816981153916,0.13041802434589625,0.22166959353512966,-33.61979415099328,0.14987362054922096
118.101,-2.1179435340754367,1022.4874940291929,5.071,0.0,29.99,0.0,1.5711814426493387,0.003999630281696155,0.016909394759483283,-0.006625666277182239,-2.131707791923639,727.0323137409945,0.0,-0.3831270842628456,30.01260082190945,0.0,118.075,0.05783840382195821,-0.380072371685508,-4.967373769007077,1.5735148388911329,0.05819333050385039,-0.3826775482536169,-4.972524823470167,0.01517613734449653,-0.024034551727670106,-0.0,1.5702898810381865,-2.072614055521159,726.6499085509083,0.0,-0.002486023255551471,30.00000000004408,0.0,1.5708791942365585,26.0,0.14247517250248895,0.05700879747549976,0.05441378723740615,0.22917591257868888,0.35252559898934627,0.04140079393015043,0.13041257861604297,0.22202740125913883,-33.620629665487606,0.1501180494726317
118.2,-2.117944239465487,1025.4833531080437,5.071,0.01,29.99,0.0,1.5709171189399225,0.017104552141639747,-0.00517672839363822,-0.0006363849120819333,-2.131745201670105,729.4336872277506,0.0,-0.37751164681473887,30.012066804401005,0.0,118.108,0.055410999715749906,-0.38781435358287386,-4.986535592564492,1.5818226474111048,0.0459255828238459,-0.38934664059454127,-4.974134956552765,-0.09447283121698793,-0.033559802335418,-0.0,1.573616174772929,-2.072812937381258,729.0499085426661,0.0,-0.0024860232612002858,30.00000000004408,0.0,1.5708791942367468,92.0,0.1459453224515826,0.060307599932326074,0.056020205661314146,0.23260968552203076,0.3536998750850495,0.041690059655436235,0.13038778941222204,0.22602521133314735,-33.36263951432061,0.1521840095287944
118.3,-2.117944944483156,1028.4792121747505,5.072,0.02,29.99,0.0,1.5714910196864533,0.020956733882964273,-0.043993845988279975,0.01259461921399609,-2.1310774643169683,732.4352997545972,0.0,-0.3936744361580417,30.010123511208437,0.0,118.207,0.056064218750084806,-0.3864663619204983,-4.959499508109294,1.5745226484429533,0.04763353274575602,-0.3946650016680904,-4.978229938454561,-0.055732636528761884,-0.03735870065581537,-0.0,1.5719892973653495,-2.0730615397068113,732.0499085323634,0.0,-0.0024860232961256817,30.000000000044075,0.0,1.570879194237911,93.0,0.14234526438566816,0.057095870495370724,0.055214447722464595,0.2286599767831454,0.35221481764341295,0.04145418216473398,0.13052378558606229,0.22166631853066127,-33.58584400606992,0.1496953353725558
118.4,-2.1179456465141584,1031.4639754528637,5.074,0.02,29.99,0.0,1.572074972386707,0.015266491648757687,-0.009934483058272891,0.0037131685920926147,-2.1298965683250257,735.4366863336626,0.0,-0.4108838913143402,30.006588226853708,0.0,118.306,0.05453684854617142,-0.38733894284076537,-4.9477347026854135,1.572953916368117,0.04734413902421156,-0.3927057655152675,-4.971519604614954,-0.04184945743424699,-0.0235494170834194,-0.0,1.5715254573104322,-2.0733101420365925,735.0499085220608,0.0,-0.002486023323763574,30.000000000044082,0.0,1.5708791942388323,94.0,0.14208315195239477,0.0568427421893565,0.0547446247043321,0.22886940903381287,0.3523991562532411,0.0413555961507168,0.1304169914383824,0.22170094205065438,-33.620709138429405,0.14991621086250756
118.5,-2.1179463517540285,1034.4598344914236,5.077,0.02,29.98,0.0,1.5721455403279998,-0.00015551284956181536,-0.00040346797257715707,-0.00014642441225938432,-2.1284887647187083,738.4377360922531,0.0,-0.41220772418354906,30.002994209178382,0.0,118.405,0.053753360784634927,-0.3981289397596338,-4.9787571478815265,1.5820923715968185,0.04435085097297509,-0.4010388354966785,-4.97643984643727,-0.0746346242092555,-0.029555175336749784,-0.0,1.572620492142982,-2.0735587443692802,738.0499085117582,0.0,-0.002486023333156061,30.00000000004408,0.0,1.5708791942391453,95.0,0.14145063992431015,0.056801289596775696,0.05436250459304858,0.22889178569060037,0.35238838615563584,0.041276129905160885,0.1303181040720787,0.22144550334337693,-33.64998135917954,0.14991691363394255
118.6,-2.1179470572272407,1037.444599375877,5.08,0.02,29.98,0.0,1.5723110181887188,0.002919513439667291,-0.010721415649214468,0.00579542452569717,-2.126971011355942,741.438381056814,0.0,-0.416396772909229,29.99854821034679,0.0,118.537,0.050767310236977656,-0.37792059422000746,-4.945532875920364,1.5773512129515126,0.038091740338565355,-0.38301705422338517,-4.969239114882944,-0.09590094847170041,0.021888986041950886,-0.0,1.5733261937169156,-2.0738073467016234,741.0499085014557,0.0,-0.002486023333375885,30.00000000004408,0.0,1.5708791942391527,63.0,0.14138702876056478,0.056687113970689346,0.0540813300279184,0.2286384208602344,0.35224063371568715,0.04125360636243007,0.13027702692054208,0.22115146636470784,-33.67029242940757,0.149717709221787
118.7,-2.117947762534243,1040.4404583901503,5.082,0.02,29.98,0.0,1.5726652566252761,-0.03077427175356077,-0.020512869288605035,0.006949688096206116,-2.1254423060717182,744.4386156697577,0.0,-0.4258275354655364,29.99444353279198,0.0,118.636,0.04952488553057834,-0.38023355809040105,-4.934627226865538,1.5796787846037723,0.03870144177310887,-0.37858910974686066,-4.962661603846646,-0.07654683328411965,0.0310933830066773,-0.0,1.572680522270385,-2.0740559490338435,744.049908491153,0.0,-0.0024860233272417345,30.00000000005545,0.0,1.5708791942389482,64.0,0.13990633404881597,0.05644353982091379,0.05390149316706772,0.22810146141426565,0.35195718253904595,0.04104408065887147,0.13006371505518532,0.22017034803136887,-33.712669509832075,0.14931649293305793
118.8,-2.117948465058589,1043.4252216196062,5.084,0.02,29.97,0.0,1.5728059339479097,-0.02471287414741702,-0.006465837436641819,-0.0006947714544683376,-2.1240516325514487,747.4385171991902,0.0,-0.42930601867948626,29.99153616526875,0.0,118.735,0.04353827308477758,-0.393476684286844,-4.995937568293131,1.583726534645068,0.02890083642274869,-0.387139682786507,-4.968468774455573,-0.1209258518351119,0.012626915953326545,-0.0,1.574162458485962,-2.074304551364638,747.0499084808504,0.0,-0.0024860232968317835,30.000000000044075,0.0,1.5708791942379345,65.0,0.139456343335743,0.05648936927201926,0.05385925542199034,0.22801676825393874,0.35188978339586335,0.040979118314973854,0.1299891810733752,0.2199344815292958,-33.7179545292135,0.14923488780256516
118.9,-2.1179491695555157,1046.4210806099177,5.085,0.02,29.97,0.0,1.5730385562081377,-0.0016866481975860044,-0.0269850896463036,0.0028708070654460205,-2.1229580502003027,750.4382189621368,0.0,-0.43534737140262797,29.990071852465743,0.0,118.834,0.046547197781338506,-0.38606640682020227,-4.954499496255255,1.5711247420596794,0.040349986526700216,-0.3877287268778732,-4.970868257406551,-0.00959069320281604,0.010600670552069147,-0.0,1.5704491253997914,-2.074553153693081,750.0499084705476,0.0,-0.002486023275095837,30.00000000004408,0.0,1.57087919423721,66.0,0.14168664294952366,0.05673758401818787,0.05383931633450186,0.2284048813084344,0.3520890576326926,0.04128560157429152,0.13028479982390778,0.2210070544865977,-33.67381742348538,0.14952265834042466
119.0,-2.1179498724814607,1049.405843810995,5.086,0.01,29.97,0.01,1.5727803861398735,0.007176340026240121,0.02707338942290608,-0.011641411385287584,-2.122278438982491,753.4377987895048,0.0,-0.4274102551108281,29.989014214007977,0.0,118.933,0.04483174931274486,-0.3907093180722935,-4.988951948582225,1.5676629471403505,0.04623084119151469,-0.38801496546272396,-4.969862078375817,0.035444940919203666,0.008588994197914701,-0.01,1.5692804146845125,-2.0748017560201037,753.049908460245,0.0,-0.0024860232528403064,30.00000000004408,0.0,1.5708791942364682,67.0,0.1400860703370954,0.05641444330146847,0.05377963277205165,0.22785853147665613,0.35184136165038704,0.04106317814186424,0.1300618764187708,0.2200130758479798,-33.71259720710199,0.1491486315284284
119.1,-2.1179505744149196,1052.39060699904,5.086,0.01,29.97,0.01,1.5718476878854002,0.004341485324144952,0.041146747243750406,-0.01289314233647016,-2.121904722917695,756.4372561235174,0.0,-0.3989008224459165,29.988591116091552,0.0,119.032,0.04503897457772324,-0.3904699992615341,-4.994079728180286,1.5754560725295457,0.043312375356508365,-0.38943663701196585,-4.972362765224027,-0.00329762784132829,0.004496001370227987,-0.01,1.570572724301408,-2.0750503583445674,756.0499084499423,0.0,-0.0024860232571444728,30.000000000055447,0.0,1.5708791942366116,68.0,0.14192892481507532,0.05668127762524127,0.05379588488541967,0.228305713312222,0.35205976115051635,0.0413023842262949,0.13027898832993354,0.22099866005840688,-33.67139427504324,0.1494697928405646
119.2,-2.1179512796511517,1055.3864659480816,5.084,0.01,29.97,0.01,1.5713059682773913,0.0032020646566562234,0.01395181752855675,-0.0026127710518049235,-2.121468898579693,759.4365587406818,0.0,-0.3819671540460585,29.987345114988443,0.0,119.131,0.045728195811273825,-0.39070008700106085,-4.983845668008661,1.5774680910613543,0.03841117550172829,-0.3913015003711372,-4.975725198196319,-0.04593872914170193,0.00021004127987112042,-0.01,1.5719954746108813,-2.0752989606672765,759.0499084396398,0.0,-0.0024860232194536787,30.000000000044075,0.0,1.5708791942353553,69.0,0.14126976337816452,0.05665161138272381,0.0537644598204164,0.22824132201823458,0.35203176924648466,0.04123271949023025,0.13021886632813762,0.22073472619675,-33.68438168778204,0.14942755778224218
119.3,-2.1179519819862094,1058.371229109267,5.081,0.02,29.97,0.01,1.5714387004871406,0.0037868795770167473,-0.012850768802559583,0.0050666312122336484,-2.120723957767158,762.4356825718455,0.0,-0.3853456759107571,29.985261226529918,0.0,119.23,0.044124136760057275,-0.39247898090408023,-4.99920831003221,1.5725434951483652,0.04054514488628504,-0.39320537875053607,-4.978431137249089,-0.01563435694346365,-0.0026347964911224153,-0.01,1.5706506468862358,-2.0755475629886107,762.049908429337,0.0,-0.002486023236420108,30.000000000044082,0.0,1.5708791942359208,70.0,0.19887581310129376,0.0674780569186207,0.05602317768969045,0.24448276876396277,0.3590637659032666,0.047766244613017025,0.13495425115518064,0.2564363498770793,-32.4433210023144,0.16076689935259872
119.401,-2.1179526812063045,1061.355990586904,5.079,0.02,29.96,0.0,1.5715390660360011,0.009834100271671075,0.00013228320263595974,-0.0015063459040468906,-2.1194168719383626,766.0343543485761,0.0,-0.3875721003787965,29.982395179233105,0.0,119.329,0.043138492980439924,-0.3911253719536406,-4.968687612598282,1.5783206167384183,0.030613062090750376,-0.3916668009893486,-4.9771218886999264,-0.08903365042485088,0.011228641416405338,-0.0,1.5730996534008568,-2.075845885775453,765.649908416974,0.0,-0.0024860232200865067,30.000000000044082,0.0,1.5708791942353764,72.0,0.14310698010156378,0.05803758373709913,0.055191194315475416,0.22930351935719895,0.35235333086728143,0.04154882383937057,0.1304825890422655,0.2223790213782717,-33.53222403798761,0.15001458038730847
119.501,-2.1179533861372875,1064.3518494904013,5.077,0.02,29.96,0.0,1.5715701688921566,-3.238105673662053e-06,-0.03992977241074586,0.006854423869019396,-2.1180881548531616,769.0329706180042,0.0,-0.3906430155005741,29.979680947334792,0.0,119.428,0.038041962449827486,-0.3773301743672074,-4.971533653657441,1.5791506992792925,0.025622144912621755,-0.3778311784660481,-4.976423211279803,-0.10744672234663569,0.04322481369240094,-0.0,1.573710895987971,-2.0760944880961008,768.6499084066712,0.0,-0.0024860232002623635,30.00000000004408,0.0,1.5708791942347156,73.0,0.1427200773754762,0.05695209828785133,0.05463306730470633,0.22868221708152844,0.3522919105661771,0.04144861733780818,0.13049569649852233,0.22174959537211267,-33.60943567941835,0.1497703636492558
119.6,-2.117954109620655,1067.4253787952703,5.076,0.02,29.96,0.0,1.5722125251221026,-0.026536315394541325,-0.03364643729842403,0.004954813856465466,-2.116999962150609,771.4316683325692,0.0,-0.40574036992535356,29.977285459287334,0.0,119.527,0.03421360888650136,-0.37952080405192445,-5.024376556593502,1.5824370998201922,0.018696405826652267,-0.37290214607713223,-4.980379462770582,-0.12904546216852622,0.047582293430867395,-0.0,1.5744302410872217,-2.0762933699514488,771.0499083984291,0.0,-0.002486023201095031,30.00000000004408,0.0,1.5708791942347433,73.0,0.14206306520309162,0.05664283040047223,0.054327462999153406,0.22858186290833377,0.35227669064414185,0.041310353967382876,0.13034291721868074,0.22138615420241795,-33.648273521578105,0.14973011148064722
119.7,-2.1179548113312876,1070.4101418968162,5.076,0.02,29.96,0.0,1.5729165983528384,-0.025087383881715258,-0.02830595582283202,0.007083409149787109,-2.1158695358580197,774.4298577689127,0.0,-0.4258172068366349,29.97507435816581,0.0,119.626,0.03738704961247793,-0.37302476930764816,-5.014253028635457,1.5668372076215384,0.03723492104627313,-0.3697457482246753,-4.983659966116177,0.041420533672898746,0.04756936982289517,-0.0,1.5687494949725083,-2.0765419722700895,774.0499083881265,0.0,-0.0024860231998959904,30.00000000004408,0.0,1.5708791942347033,74.0,0.14222613778102586,0.05684186475168846,0.05419209675378017,0.2288470038542559,0.3523487270300906,0.04133070453977965,0.13032676450385397,0.22160992450372036,-33.64402474685746,0.1498738968020169
119.8,-2.1179555006949613,1073.339426118086,5.075,0.01,29.95,0.0,1.5728753221363316,-0.017813027823898313,0.07816156906696889,-0.016748209202905984,-2.1151977282074204,777.4279784819681,0.0,-0.42558459360815576,29.975321693193894,0.0,119.725,0.03368566647868479,-0.3722683380872109,-4.993284695955989,1.5738505047977325,0.02835851209852376,-0.3664421759881993,-4.982240724754455,-0.022444906239468872,0.05614704976449403,-0.0,1.5712110719971135,-2.0767905745900284,777.0499083778241,0.0,-0.002486023225115817,30.000000000044082,0.0,1.570879194235544,75.0,0.14200641472627504,0.0568863586861738,0.05407328393770616,0.2287834365332604,0.35228133154124824,0.04130704329457262,0.13029366153790425,0.22145250711092757,-33.65156518097074,0.1497996890387481
119.9,-2.1179562061355455,1076.335284966482,5.076,0.01,29.96,0.0,1.572010461651024,-0.011115165346798529,0.026367738626043902,-0.0033280888796371503,-2.114882000034225,780.4261711509625,0.0,-0.39859341860318653,29.97711425796292,0.0,119.824,0.0388801528853798,-0.3589448431133006,-4.938320111328795,1.5793652890622514,0.029118691805266016,-0.35858909858791954,-4.981279336920251,-0.041508749236137364,0.05918443990207933,-0.0,1.571845946837977,-2.0770391769134644,780.0499083675214,0.0,-0.002486023263545077,30.00000000004408,0.0,1.570879194236825,76.0,0.14282241721585895,0.05686538554343109,0.05410949800719213,0.22865046966061822,0.35220211220065967,0.04139088595116995,0.13033046171754428,0.22158635251293266,-33.63663321825238,0.14969358376189512
120.0,-2.117956908181384,1079.3200480278526,5.075,0.01,29.96,0.0,1.5719690651774894,-0.015524436674215328,0.001592177311013639,0.001834991505962635,-2.11465318544848,783.4245504228842,0.0,-0.39625488378206897,29.97971613829262,0.0,119.923,0.03235370447395883,-0.38573675088031917,-4.998009088296741,1.5821405894651026,0.018535832864794904,-0.36801329535608895,-4.978954663889628,-0.11534347652828111,0.02304140959344636,-0.0,1.5743097476527452,-2.0772877792375293,783.0499083572188,0.0,-0.002486023240011511,30.00000000005545,0.0,1.5708791942360405,77.0,0.14179620122421854,0.05676806005916687,0.0539794508663751,0.2284643292709389,0.3521171343024989,0.041276040920741955,0.1302630841814146,0.2210971651135048,-33.66376470512036,0.14956604524566652
120.1,-2.1179576108340257,1082.3048110752247,5.073,0.01,29.96,0.0,1.5724567669120175,0.010964690479755058,-0.027362954888327923,0.007653603324451593,-2.11448240871155,787.0229472610291,0.0,-0.4137061390697909,29.982443711451346,0.0,120.022,0.036676800199167456,-0.3733547831490466,-4.978683387466699,1.5788645255598477,0.02540427587486739,-0.37437688269480485,-4.982840381332505,-0.04998116089602612,0.0036997157582199236,-0.0,1.5721306459059445,-2.0775363815630787,786.0499083469163,0.0,-0.002486023265736657,30.00000000004408,0.0,1.570879194236898,78.0,0.14162620386992097,0.0566962431383195,0.053884620246784504,0.22833701660886555,0.3520623049221408,0.04128370170923397,0.1302677840665659,0.2209356972011023,-33.673291659463665,0.14948173609886037
120.202,-2.1179583158143487,1085.3006698838353,5.073,0.0,29.96,0.0,1.5727277276481055,0.021809764236793323,0.0049902071209282,-0.0027369191109497073,-2.1146266641592057,790.0218749321906,0.0,-0.4177449406720204,29.98419348199269,0.0,120.121,0.03418103107783184,-0.37025292940788745,-4.9759376727825995,1.5778191716166723,0.027119257135571846,-0.3719738637175588,-4.981787377907262,-0.026208970080444236,0.008786563619572973,-0.0,1.5716708688235856,-2.077834704350604,789.6499083345531,0.0,-0.0024860232255954334,30.000000000044082,0.0,1.57087919423556,81.0,0.14281492716728716,0.05707168989724274,0.053921543671524935,0.22887455218905492,0.3522891601819113,0.04142539811440541,0.13034375949307403,0.22175758635058687,-33.63125321237545,0.14983264575444838
120.302,-2.1179590179914385,1088.2854329042925,5.075,0.0,29.96,0.0,1.572477554148298,0.01045781589909737,0.015117440686139506,-0.0034720471673985454,-2.115080510659954,793.0209372361237,0.0,-0.40885894379017546,29.985439621335033,0.0,120.22,0.03424230265243612,-0.37403888960228276,-5.003621538057955,1.5691710066820463,0.039412021012481036,-0.37588456533997594,-4.989881173919537,0.0650155147383147,-0.0021366900928825316,-0.0,1.5686260981643134,-2.0780833066723283,792.6499083242505,0.0,-0.002486023218041476,30.000000000044082,0.0,1.5708791942353082,82.0,0.1435819911984426,0.05720430416070551,0.05389709162813317,0.2290759045982993,0.35238573753747776,0.041537597658507966,0.13045082536654434,0.22218728504240554,-33.61683805040952,0.14997625837872683
120.401,-2.117959722961359,1091.2812916861797,5.077,0.0,29.96,-0.01,1.5718135813393181,0.009204621844782181,0.04409789192807543,-0.01360117443870888,-2.1156329030386742,796.0200281088628,0.0,-0.3842480049837703,29.98599057896902,0.0,120.319,0.034978071166838466,-0.36531212096017585,-4.938883386693238,1.5690193499420968,0.04073747886179002,-0.3692212558485597,-4.980145103736492,0.05552148925712185,0.017084203921584162,0.01,1.5689441978355627,-2.078331908994911,795.6499083139478,0.0,-0.00248602324499325,30.000000000044082,0.0,1.5708791942362066,82.0,0.14265126008461623,0.05683060665199498,0.05383695867037364,0.22851126728042825,0.35214133812285847,0.041405603936430314,0.13035643073437742,0.22140566233524983,-33.65123035139812,0.14959952882747996
120.501,-2.1179604255401614,1094.2660546797772,5.078,0.0,29.97,0.0,1.5708459168225257,-0.005102317105800266,0.025805385761178957,-0.007105074642222622,-2.1159185880887703,799.0190900550323,0.0,-0.3559421038968467,29.986121300959102,0.0,120.418,0.03884330511839471,-0.3648074830935916,-4.959298086327782,1.5801446275592248,0.028872398432145577,-0.36393099237084137,-4.973262671120031,-0.06419036104469046,0.017175954002585314,-0.0,1.5729369172626457,-2.0785805113184987,798.649908303645,0.0,-0.0024860232374392926,30.000000000044082,0.0,1.5708791942359548,83.0,0.14292313022048705,0.05684242919548118,0.05387351953926584,0.2285395235948673,0.35215841565014155,0.041421748848609816,0.13036944773987585,0.22151825675627757,-33.64383149493803,0.14962272924707115
120.602,-2.117961130564993,1097.2619134319561,5.077,0.01,29.97,-0.01,1.5710620988709876,-0.013054406407963372,-0.026532906853831358,0.010923274237760731,-2.1157298309931916,802.0181226021633,0.0,-0.3723251500277644,29.985778352112145,0.0,120.517,0.037171107884804606,-0.36362280801213265,-4.9525787424732455,1.5711901944478732,0.03476152817465511,-0.36400777647517457,-4.970180361653398,-0.0029975396367675454,0.01623349321151224,0.01,1.570562804294062,-2.0788291136411576,801.6499082933423,0.0,-0.0024860232255954334,30.000000000044082,0.0,1.57087919423556,85.0,0.14338887911624257,0.05705239060973886,0.053869575882379644,0.22886967762737864,0.35230882236295646,0.04149530414780619,0.13043038403553633,0.22195405813225597,-33.62606888476071,0.14984877347539388
120.7,-2.117961832835533,1100.2466764005799,5.078,0.01,29.97,0.0,1.5715157463008094,-0.009601042774262904,-0.0017332594322852465,-0.003147945484082339,-2.1153063880095804,804.4173691943431,0.0,-0.37973236840237834,29.985853083098654,0.0,120.616,0.03289330258533269,-0.36363316135769386,-4.974665572816128,1.5754729754958925,0.023491792828221843,-0.36447640272097803,-4.970816409683721,-0.0682964581132529,0.013405903864470048,-0.0,1.5727406150736072,-2.0790279954971385,804.0499082851006,0.0,-0.0024860231886649742,30.00000000004408,0.0,1.570879194234329,84.0,0.14164810056380142,0.05669183719968168,0.05378241161388475,0.22829738036587433,0.3520549417262157,0.0412779828134415,0.13025925705034333,0.22090441838563737,-33.67849277593917,0.14946488542383546
120.8,-2.117962541335146,1103.2425368620363,5.081,0.01,29.97,0.0,1.57164363441081,-0.000808091545925935,-0.021190218930417826,0.00748593145750664,-2.114596946434365,807.4165090131067,0.0,-0.3831068595569406,29.986939639731226,0.0,120.715,0.03293487729424645,-0.36781289016711416,-5.0173587474137715,1.5725998416294487,0.029959298117813477,-0.3665591930875244,-4.976138650559024,-0.0018044419494110987,0.0074566752161651095,-0.0,1.5705229360955055,-2.0792765978147423,807.0499082747981,0.0,-0.0024860232027270586,30.00000000004408,0.0,1.5708791942347977,85.0,0.1969565011451663,0.06726719933813906,0.05600993504997215,0.24412640570434838,0.3588934411031065,0.047543763053614616,0.13476675466771587,0.2552785438723646,-32.47348089603311,0.16049381804528284
120.9,-2.1179632436075053,1106.2272998059407,5.082,0.01,29.97,0.0,1.5716867590115893,0.006492613897560554,0.01317766912440101,-0.0069901318026054605,-2.1138088354115276,810.4157661258878,0.0,-0.38383952392229953,29.98813122732074,0.0,120.814,0.030873598024906013,-0.3634454079635531,-4.998703481856894,1.5800336634835788,0.02038044110080623,-0.36508798460754277,-4.984470567454423,-0.0806578060657262,0.010726065098740634,-0.0,1.5731530967774685,-2.0795252001343467,810.0499082644955,0.0,-0.002486023215483521,30.000000000044075,0.0,1.570879194235223,86.0,0.1419833072928106,0.05780116662490801,0.05514061675607331,0.22895846338121256,0.3522066296044789,0.04140376497269631,0.13038988998648912,0.22172800508508086,-33.56412416619452,0.1497875838966078
121.0,-2.1179639486116457,1109.2231585096092,5.082,0.01,29.97,0.0,1.571787754949417,0.00427501995840278,-0.020046626547420742,0.006043051596635486,-2.1130106138343105,813.4151224848097,0.0,-0.38537645259119485,29.988707894322967,0.0,120.913,0.030271938300509362,-0.36367136972668,-5.048595361148761,1.5830725723139338,0.014338685541496594,-0.36338166638793856,-4.996357448969151,-0.11722907299076046,0.013705605092674489,-0.0,1.5743725564067452,-2.079773802455962,813.0499082541927,0.0,-0.002486023230871213,30.000000000044082,0.0,1.5708791942357359,87.0,0.1418044314924678,0.056741269174558004,0.05459819097129296,0.22836456849450312,0.352155111145023,0.04133110615772426,0.1304082741725972,0.2211872076339199,-33.63518869643106,0.1495609635427595
121.1,-2.1179646508083465,1112.2079214271166,5.081,0.01,29.97,0.0,1.5724915572816993,-0.0040247088120117045,-0.03217327357480414,0.005546263937577678,-2.1123420322085678,816.4145496733413,0.0,-0.4057565643866268,29.98915622613079,0.0,121.012,0.028244481885075993,-0.36259076748156416,-5.0349308162000685,1.572286756297078,0.024610215727182888,-0.36266647555775344,-5.003407687830757,-0.012309548642889235,0.014144868736185146,-0.0,1.5708733524579073,-2.080022404779027,816.0499082438901,0.0,-0.002486023243422116,30.00000000005545,0.0,1.5708791942361542,88.0,0.1420924834699079,0.056691796317504914,0.054313324873078876,0.2286552048151285,0.352309753609461,0.04133396385139073,0.1303539183906883,0.22146017667200193,-33.646117877661524,0.14978119737661316
121.2,-2.11796535555726,1115.2037801042406,5.082,0.0,29.98,0.0,1.5724888374705353,-0.005887543684031281,0.020172622630403543,-0.00891185001293305,-2.1120300603200026,820.0139514770605,0.0,-0.4017678984685243,29.990005941199545,0.0,121.111,0.026629641088597673,-0.36096153173320256,-5.036302834071508,1.5749814439145964,0.017786578112417635,-0.36161866028421774,-5.009754330533873,-0.06240601412722132,0.007526141986556212,-0.0,1.5728773895588581,-2.080320727570659,819.649908231527,0.0,-0.002486023309335115,30.000000000044075,0.0,1.5708791942383513,89.0,0.1408499096999896,0.05659815254009771,0.05409822300542904,0.22847802697244152,0.3521824328160522,0.04116784746075381,0.13018355834101983,0.22084589098612697,-33.67903827124446,0.14962155681029432
121.3,-2.1179660581556163,1118.1885429948884,5.082,0.0,29.98,-0.01,1.5722000832345824,-0.0036086670048982783,-0.002333219777150471,0.00272867853780736,-2.1122101065937726,823.0135655576057,0.0,-0.3971054273235015,29.991530499345117,0.0,121.21,0.031756885817929244,-0.350349025908581,-5.003024479377711,1.579593980977045,0.021820542365541117,-0.35197437526615016,-5.0060051106523815,-0.056611055845475274,0.0327487557636168,0.01,1.5726825581816952,-2.080569329900659,822.6499082212242,0.0,-0.002486023315043883,30.000000000044082,0.0,1.5708791942385416,90.0,0.14150111490899708,0.056733855025477335,0.05394197327449476,0.228598822781894,0.35220502254081326,0.04124544407178701,0.13025776230989636,0.2211251032861903,-33.670839872630694,0.14967954486836244
121.4,-2.1179667631267876,1121.184401643486,5.082,0.0,29.98,0.0,1.5723183937978487,-0.012856324955033983,0.0010886796128531514,-0.003157183461426889,-2.112604028025602,825.4133626785374,0.0,-0.3993005202480575,29.99286096418856,0.0,121.309,0.030501312434663173,-0.3454527471056039,-4.967668617931325,1.580400151969634,0.022355230400889083,-0.34505838596577854,-5.003100893721971,-0.05014678843736793,0.04594692300868175,-0.0,1.5724664403783741,-2.080768211764251,825.049908212982,0.0,-0.0024860232923753483,30.000000000044075,0.0,1.570879194237786,91.0,0.1414051952335243,0.056694046207485735,0.05380905344459415,0.22843739649774913,0.35211236223208187,0.04122924054120723,0.1302318570712888,0.22093200497417886,-33.68021267597147,0.14955372590774924
121.5,-2.1179674652497056,1124.169164506839,5.08,0.0,29.98,0.0,1.5723354065001498,-0.012994920388319725,0.001533014886589633,-0.0005673044047998429,-2.1136328235027055,829.0133089845799,0.0,-0.40143317371651244,29.995694211736783,0.0,121.408,0.03099517316590198,-0.36832707307742685,-5.007871614160915,1.5789737392207568,0.019974541675838224,-0.36214538267679974,-5.00305326013776,-0.06692649118150407,-0.002916323714828195,-0.0,1.57302891154888,-2.081066534558552,828.6499082006192,0.0,-0.002486023302440631,30.000000000044082,0.0,1.5708791942381215,92.0,0.1413898468676783,0.05674196909883766,0.05375114106209151,0.22842912612435487,0.35209710225726015,0.04123695568854918,0.13022178305583568,0.22091035939655224,-33.680930277372056,0.1495392778898511
121.6,-2.1179681674638573,1127.1650213552482,5.079,-0.01,29.98,0.0,1.5723920835324119,0.021988018793663536,0.0011888670487422296,-9.357982132635398e-05,-2.114606955804414,831.4134762748815,0.0,-0.4011569664529392,29.99784253543247,0.0,121.507,0.02772430646628154,-0.3725376144667485,-5.052300955120104,1.579372071505377,0.013597333594760314,-0.3734347076889326,-5.013912000362652,-0.09353686666406273,-0.029046793582075736,-0.0,1.5742531935440387,-2.0812654164224935,831.0499081923771,0.0,-0.0024860233194137203,30.000000000044082,0.0,1.5708791942386873,93.0,0.14119062809684116,0.056679851107969755,0.05369831559950832,0.2282907201312078,0.35203529497483127,0.041226413699921756,0.13021207147095396,0.22073121063158235,-33.68762985589097,0.14944563612870534
121.7,-2.1179688732123623,1130.1497859651233,5.08,-0.01,29.98,0.0,1.5727959799722324,0.03161709112502239,-0.013759918752108954,0.006848020391897146,-2.116195967404903,834.4138666397982,0.0,-0.4128087678606358,29.998985450084355,0.0,121.606,0.03171278742288825,-0.36572537154559903,-5.005367137973014,1.5796646303653685,0.024664856516154195,-0.37356088784965735,-5.0164733788962295,-0.020320604849727718,-0.022324908608648997,-0.0,1.5718084411997695,-2.0815140187528773,834.0499081820743,0.0,-0.0024860233076497975,30.000000000044082,0.0,1.5708791942382951,94.0,0.14160487278148182,0.05686237047111639,0.05373526951404333,0.22853143809279358,0.35213822811948775,0.041291214255785136,0.1302472188443391,0.22107000065209603,-33.67281498055954,0.14960599263187746
121.8,-2.1179695781505075,1133.1456445601686,5.082,-0.01,29.98,-0.01,1.5727697562568375,0.0,0.0,0.0,-2.1182609854458696,837.4143138617853,0.0,-0.41170989035422684,29.9989461209371,0.0,121.705,0.03208226906890695,-0.371347753998117,-5.034901471457761,1.577408508202819,0.026649710077498258,-0.37513081704218565,-5.019056619201933,-0.01944175415683662,-0.02081212863499715,0.01,1.5717790551921218,-2.0817626210833104,837.049908171772,0.0,-0.0024860233165693293,30.000000000044082,0.0,1.5708791942385925,95.0,0.14165797476559533,0.056868260455912166,0.05376844910234129,0.22850168404676913,0.3521237369115894,0.0412876933854366,0.1302435547175329,0.2210642298601831,-33.669950350042534,0.1495847637537386
121.911,-2.127060456761683,1136.8738241240128,5.084,-0.02,29.98,-0.01,1.5723290079648164,0.0,0.0,0.0,-2.1207313590246804,840.4146731631779,0.0,-0.39930268461874013,29.99793429488323,0.0,121.87,0.037143537757373966,-0.3663875981346466,-4.995646384438329,1.5743951918341832,0.03547961965527131,-0.37101284489346575,-5.014308924261478,0.03824189800234353,-0.0035511794479887726,0.01,1.5701877858746645,-2.082011223413842,840.0499081614693,0.0,-0.0024860233219983195,30.000000000044082,0.0,1.5708791942387734,41.0,0.15315350380563197,0.0590225276047942,0.054228197496370284,0.23184718249261302,0.35360443438556205,0.042696929763818094,0.1312941045957722,0.22773073365626403,-33.355073058148285,0.15184501543377732
122.213,-2.127062581223015,1145.8503058057684,5.091,-0.02,29.97,-0.01,1.5718300872857238,0.004301073837706276,0.002717747739541907,-0.00213775952908685,-2.1296000989400223,850.0145819491808,0.0,-0.3816577127025859,29.991611895567093,0.0,121.936,0.04094053395310563,-0.36655203285448623,-4.992735665054789,1.5722598421628324,0.059801353856723416,-0.3759084175593552,-5.011288924261478,0.1229540393973119,0.005566773150050608,0.01,1.567361741709384,-2.082806750883379,849.6499081285012,0.0,-0.002486023378646339,30.000000000044075,0.0,1.5708791942406617,277.0,0.41861686233938616,0.11063038578450361,0.064363807387723,0.30134254181817904,0.38225680117652405,0.0682343840131168,0.1492597778476624,0.45548386139507724,-28.092734073518344,0.20358513289772986
122.3,-2.13615312328983,1148.0916518157603,5.092,-0.02,29.97,-0.01,1.5714221799306125,-0.011769784305588026,0.0918268230957969,-0.01630332757230239,-2.131778411416974,852.4141851329285,0.0,-0.3695658698842167,29.990017278611443,0.0,122.233,0.04820066373838711,-0.3661003667630937,-4.9678138593125825,1.5821217041877542,0.0379550982041468,-0.36675552199814687,-5.003490312511033,-0.10627685884256789,0.024915832982937758,0.01,1.5750062440197443,-2.0830056327541073,852.049908120259,0.0,-0.0024860234051451427,30.000000000044075,0.0,1.570879194241545,67.0,0.5804539082642622,0.1349869108859295,0.06765870011642275,0.3304769575064935,0.3934720600572658,0.07936545577736819,0.15637608923084606,0.6545135437735666,-27.111268649441318,0.3510730013510905
122.4,-2.136153831469585,1151.0764145621579,5.095,-0.01,29.97,0.0,1.5712196650009158,-0.02672003040033584,-0.015275845571702093,0.016241261595034633,-2.1346104735585163,856.0133553433631,0.0,-0.3733330846040301,29.988153407852014,0.0,122.332,0.05106835259015012,-0.35303794081895656,-5.040407764675599,1.569102794460413,0.05071000172983546,-0.35861401099323487,-5.010792650747874,0.021093005503947708,0.04257935597995299,-0.0,1.5704267149442381,-2.083303955564296,855.6499081078958,0.0,-0.0024860234381254274,30.00000000004407,0.0,1.5708791942426443,68.0,0.14997793089316913,0.05888132457414619,0.06220753006797465,0.24147680329800206,0.35432771477705605,0.04305489407697507,0.13516529708021469,0.23381272436467512,-32.81668524874828,0.15207806407307534
122.5,-2.136154540411212,1154.061177293355,5.099,-0.01,29.97,0.0,1.5720354492685313,-0.02837333135228421,0.01590667759446097,-0.004530220441375327,-2.136147624884522,858.4127480984001,0.0,-0.38646433335939806,29.987751155633372,0.0,122.431,0.04804662010903699,-0.3584722848355593,-5.105147745933371,1.5765020740644557,0.04092102135960955,-0.35116799707876467,-5.022083118149155,-0.053649049735774036,0.05303472372557394,-0.0,1.5729163308173522,-2.083502837438092,858.0499080996537,0.0,-0.002486023433122763,30.00000000004407,0.0,1.5708791942424776,69.0,0.14420443965199534,0.05839367859999069,0.05897747808651593,0.24155733961052606,0.35723902652880307,0.04210450798744861,0.13701146326200983,0.23419768609025454,-33.155676651203706,0.1550502323034435
122.6,-2.1361552755938646,1157.1458037811256,5.1,0.0,29.97,0.0,1.5720410061210879,-0.021945218389879617,-0.018101527336726608,0.004362770459064209,-2.1377559842478484,861.4120971117429,0.0,-0.38565549272101235,29.989787950253366,0.0,122.53,0.05217600810738812,-0.36695550493251533,-5.018212721526422,1.5788601681261978,0.04503814569582153,-0.3627650764823179,-5.023060365808439,-0.03151913549284043,0.015028367441086488,-0.0,1.571847488844759,-2.083751439778259,861.049908089351,0.0,-0.0024860234098880154,30.00000000004407,0.0,1.570879194241703,70.0,0.14404027454490217,0.058331636637906,0.057056432630893744,0.23775742127120283,0.3581879686813865,0.042099708772640965,0.1355961588193986,0.2323915330713381,-33.318722039447536,0.15519856941982532
122.7,-2.136155970762047,1160.0750876306538,5.102,0.0,29.98,0.01,1.572204546947267,0.012273056268634348,-0.0023600596128063567,0.0001851320729770723,-2.1390486771615183,864.4117026143449,0.0,-0.39029472668494236,29.99250179802423,0.0,122.629,0.05173127808750576,-0.3653316781593945,-5.0264664118160205,1.5752732705445336,0.04573229027554432,-0.3684363282498244,-5.031059479151324,-0.024156356395648282,-0.00918949896569643,-0.01,1.5716023227209635,-2.0840000421178937,864.0499080790485,0.0,-0.002486023397604508,30.000000000044075,0.0,1.5708791942412936,71.0,0.14287914430390156,0.05770939356315713,0.05580829362489265,0.2336482242072523,0.35833721660200163,0.04175215136429663,0.13357021366849295,0.22944068722003097,-33.450083146995375,0.15454946677459894
122.8,-2.136156678855741,1163.0598503265892,5.104,0.0,29.98,0.01,1.5720073357832174,0.02449445620753499,-0.0009993508600949618,-0.004305695351287681,-2.1400977285166896,867.4115994011171,0.0,-0.3848123945460489,29.99522668064638,0.0,122.728,0.051112480245151234,-0.37270744010786,-5.10052210106123,1.57506819282238,0.04788190578604026,-0.3742667417942701,-5.043889155517888,-0.006315054447423634,-0.0205890573279639,-0.01,1.5710071137948807,-2.084248644456058,867.0499080687457,0.0,-0.002486023352127552,30.00000000004408,0.0,1.5708791942397777,72.0,0.14227413407252248,0.0573384990063206,0.055031821055536785,0.23139886631168638,0.35846068003693143,0.04155171132133301,0.13226310561338941,0.2278177023061756,-33.527700376626086,0.1543852233984293
122.9,-2.13615738997521,1166.0557087817658,5.108,0.0,29.98,0.01,1.5719072743693852,0.021487588522395743,0.008148833442592068,-0.0033143400628775767,-2.1408866784688394,870.4116923403584,0.0,-0.38085463614029214,29.996682662516296,0.0,122.827,0.053276558821698385,-0.3628190220512724,-5.012177197099934,1.5732842648662617,0.04968758422440955,-0.3699642020679612,-5.044047286148471,0.0028435296347895846,-0.003990221229063451,-0.01,1.5707014666167993,-2.0844972467904657,870.049908058443,0.0,-0.0024860233375458827,30.00000000004408,0.0,1.5708791942392917,73.0,0.14202737382945357,0.05715253652528167,0.05457195313639958,0.23040316205640943,0.3584052352041259,0.04144714821761599,0.13149307298819515,0.22696450946385516,-33.57136386793238,0.15437022100148867
123.0,-2.1361581020126437,1169.0404732896106,5.11,0.0,29.98,0.0,1.5716639076152372,0.0006041043746707046,0.006089692004572738,-0.0018402516171008763,-2.1413589685946657,873.4118488856775,0.0,-0.37352094502459665,29.996930005790446,0.0,122.926,0.05266457615088735,-0.37075803841551086,-5.081351026889288,1.5705764997334573,0.05367098095784968,-0.3683370562666498,-5.04229348235374,0.020208940561036393,0.0015644557804570525,-0.0,1.570122281331716,-2.08474584912347,873.0499080481402,0.0,-0.0024860233313774836,30.00000000004408,0.0,1.570879194239086,74.0,0.14186288355876658,0.05699015006864675,0.05426261897581234,0.22995160090185082,0.3580665988866425,0.04136731871511326,0.13101973826610805,0.22628424162313826,-33.60311480459672,0.1542080726592814
123.102,-2.1361588127994082,1172.0363317222611,5.111,0.01,29.98,0.0,1.5714670523328262,0.0,0.0,0.0,-2.1413467362011827,877.0120328068792,0.0,-0.36591630191055796,29.997098330868138,0.0,123.025,0.053726648400235506,-0.36926687610936854,-5.069037774633501,1.5801818503094784,0.03921762628096015,-0.37076220930139314,-5.0490889288003284,-0.10646905579544157,-0.0028467790630948286,-0.0,1.5740144016425266,-2.0850441719220334,876.649908035777,0.0,-0.002486023310420914,30.000000000044082,0.0,1.5708791942383875,77.0,0.14379093074517868,0.05727254392460283,0.054126167722237724,0.2303864102403092,0.3577835252430223,0.04158460986359345,0.13092302911309833,0.22684268637285304,-33.56830871966239,0.15430622375878086
123.2,-2.1361595239358735,1175.032190139468,5.111,0.01,29.98,0.01,1.5716227594555838,-0.00016496359072939933,-0.050069007336390914,0.008796036189310543,-2.140935246920355,879.412155379742,0.0,-0.37047012314289957,29.996893165309313,0.0,123.124,0.056492270420846924,-0.364283645317185,-5.045500892024393,1.573962335502884,0.04902074960276548,-0.367716216262584,-5.051417641930582,-0.020552590190194918,0.007314375200561329,-0.01,1.5711482285898546,-2.0852430537865185,879.0499080275348,0.0,-0.002486023329492325,30.00000000004408,0.0,1.5708791942390232,76.0,0.14147095257386105,0.056835328562457925,0.05387429252349792,0.2296985743938606,0.356852025214447,0.04129023098678543,0.13054346089567362,0.2249980057256522,-33.64745687776761,0.15346238590512654
123.3,-2.1361602323177635,1178.0169527731252,5.112,0.02,29.98,0.01,1.5721397270124893,-0.0018835983805049691,-0.008167750894675582,-0.0032265590492714874,-2.1400790722956375,882.4123352795973,0.0,-0.3863659473124654,29.996890945046637,0.0,123.223,0.053001897979469546,-0.36398480333286565,-5.0366433509373545,1.570789160388015,0.04772409527530529,-0.3657376676375015,-5.049928176162396,-0.014340141965192203,0.012987180276198274,-0.01,1.5706076207505935,-2.0854916561190313,882.0499080172322,0.0,-0.0024860233462922197,30.00000000004408,0.0,1.5708791942395832,77.0,0.14170249786943062,0.05676657518873256,0.05386143668310983,0.2295120694147931,0.3560788503690512,0.04128046853045423,0.13043015369023608,0.22438713608362104,-33.64965166485443,0.15287027736364098
123.401,-2.1361609431990587,1181.0128111645467,5.112,0.01,29.98,0.01,1.5718379479974995,-0.0039627064647219275,-0.0016538090107974589,-0.0025578044047703695,-2.1387332373355634,886.0126220809881,0.0,-0.3726205849151974,29.998054498894117,0.0,123.322,0.05255924620119043,-0.3640755848439107,-5.039534504012608,1.5747761497975394,0.048124695020223165,-0.36354888504295335,-5.047627855531687,-0.005699129345078658,0.01779273070903642,-0.01,1.5706529538919614,-2.085789978918135,885.649908004869,0.0,-0.0024860233024539538,30.000000000044082,0.0,1.570879194238122,79.0,0.14240051906007653,0.05702279013209812,0.053804990341621846,0.22980272628349802,0.35555685372602847,0.04137638352316185,0.13044821215131114,0.22438319381450053,-33.634277765478274,0.15260963943406697
123.5,-2.136161651982661,1183.9975737709644,5.113,0.02,29.98,0.01,1.5714638359521071,-0.005801493314475321,-0.002525571355424277,-0.003989395601943598,-2.1376361441179603,888.4128755409747,0.0,-0.3654391589782933,29.998824812777595,0.0,123.421,0.04979825387406182,-0.36327485522478553,-5.021956761458701,1.5705650699083094,0.04795366432323303,-0.3623471592880957,-5.043480941186942,-0.004529230540912149,0.019270173021723735,-0.01,1.5702806219794672,-2.085988860782419,888.0499079966268,0.0,-0.002486023301294881,30.000000000044082,0.0,1.5708791942380833,79.0,0.14059742283042306,0.05666582393785754,0.05368192849162435,0.2290873302332852,0.3546521026798482,0.04113906335973747,0.13020248541552867,0.22276462890684223,-33.68894482958688,0.15169513482546776
123.6,-2.136162362763912,1186.9934321342596,5.113,0.02,29.99,0.01,1.571278852558697,-0.006341410139288701,0.0018761075236814976,-0.005431718941352668,-2.1359795655952145,891.4132990087127,0.0,-0.3591989685109139,30.000406050953643,0.0,123.52,0.045055135511050184,-0.3685071066797525,-5.038503415676066,1.5706896456821864,0.044080683395049586,-0.3668147094784252,-5.043906075315226,-0.007423365449051884,-0.000582973053550262,-0.01,1.5703769577287237,-2.0862374631132132,891.0499079863243,0.0,-0.002486023330791286,30.00000000004408,0.0,1.5708791942390665,80.0,0.19770858903320615,0.06748870360249767,0.055934944052192834,0.24530875587280507,0.36131878501220926,0.0476215473383823,0.13488908922896428,0.2579626575320528,-32.452059260685466,0.1628348176030186
123.7,-2.1361630738948634,1189.9892904847686,5.114,0.03,29.99,0.01,1.5710964300113284,0.004652824160551458,0.0005988420416163388,-0.004848211996107084,-2.133958415652392,894.4138659153961,0.0,-0.35291707490429347,30.00189533064819,0.0,123.619,0.04579912905850077,-0.3627502636497871,-5.016405797298493,1.5739315346481249,0.04046314344326239,-0.3640849376949167,-5.0397335064888775,-0.03460872251762119,0.008207107489418775,-0.01,1.5709499600592063,-2.0865357859093843,894.6499079739613,0.0,-0.002486023282736392,30.00000000004408,0.0,1.5708791942374647,81.0,0.14194690599559007,0.05788585618820655,0.05506301874265656,0.22966191286150797,0.35387979280900866,0.04139447350224336,0.13040349973004947,0.2232257096575435,-33.5586027384299,0.15130480696303295
123.8,-2.1361637822426474,1192.9740530504723,5.116,0.03,29.99,0.0,1.571117450951368,0.0014105941860863404,-0.012221420643966521,-0.0026669595790933267,-2.1315540202163676,897.414584315289,0.0,-0.3534294765305908,30.0033886603427,0.0,123.718,0.04430251468279968,-0.3624932731557259,-5.0107992305214095,1.569242237063817,0.04273570576549732,-0.36298211689583915,-5.034681509357547,0.0038240322969526133,0.011650357469633832,-0.0,1.5696689215500736,-2.086734667770319,897.0499079657193,0.0,-0.002486023244381349,30.00000000005545,0.0,1.5708791942361862,82.0,0.1418423053878741,0.056785716199877316,0.054532946898692584,0.22889679392138806,0.3534302496421947,0.041327260606954075,0.13041853567299747,0.22234132000553408,-33.6307217187568,0.15071719340476797
123.901,-2.1270744327357534,1195.969911375426,5.116,0.03,29.99,0.01,1.5708787919746268,0.0016364360761783167,0.0055018026597428065,-0.00816340219598376,-2.128221336155283,901.0156295446941,0.0,-0.34320874023679304,30.00519630846813,0.0,123.817,0.0374885226594441,-0.3685944008037345,-5.038302627357941,1.5757036574699945,0.025426177835234785,-0.3647806287545058,-5.031243319273452,-0.1121008596353594,0.006455234689944689,-0.01,1.57353333868449,-2.0870329905603535,900.6499079533563,0.0,-0.002486023304112626,30.000000000044075,0.0,1.5708791942381772,84.0,0.14248046611218362,0.05691374053558477,0.0542396599245233,0.22936851413132736,0.35341268479248866,0.041374760920319685,0.13039979776527078,0.2227082169395099,-33.62731581151956,0.15086823889918732
124.0,-2.1270751407625426,1198.9657696854995,5.116,0.04,29.99,0.0,1.5711803032343759,0.005168691706952444,-0.04158732297881319,0.011754399046403246,-2.1258035585578363,903.4164240226078,0.0,-0.35445268655143747,30.00578442277706,0.0,123.916,0.03661363303041191,-0.36964984742801577,-5.048323257079363,1.5780395970308936,0.02090831854121259,-0.36950884694060626,-5.033411103209481,-0.11309616637220465,-0.004448417300686458,-0.0,1.5732340348817784,-2.087231872425139,903.0499079451141,0.0,-0.0024860233266079655,30.000000000044082,0.0,1.570879194238927,84.0,0.14159668204096,0.056750433135779536,0.05399708366626439,0.22901872359500847,0.35302196226149507,0.041268414552093124,0.1302827153619727,0.22193666662834444,-33.663665271371855,0.15045129877481916
124.1,-2.127075845875652,1201.950532209522,5.118,0.03,30.0,0.0,1.5719025595488514,0.011511884711650364,-0.03075119014504774,0.001542599736117091,-2.1228022303188347,906.4175001072269,0.0,-0.375483324260513,30.005979041393555,0.0,124.015,0.03617132657237009,-0.36514096500462073,-5.040462939659556,1.5758190155347527,0.028024717324925515,-0.36751166410864866,-5.036564852031995,-0.0387196869002603,-0.006693780470765631,-0.0,1.571087047884155,-2.087480474756764,906.0499079348118,0.0,-0.002486023320765972,30.000000000044082,0.0,1.5708791942387323,85.0,0.1422145449102379,0.0567637965218367,0.05397504264004301,0.22884819233831344,0.3527526019207085,0.04132789495841655,0.13030006198406036,0.22185240496068043,-33.653736022790724,0.15018527845493168
124.2,-2.1270765542797108,1204.9463904917654,5.118,0.03,30.0,0.01,1.572025267468069,0.0050518748198586415,0.007603981643422394,-0.0047980593180378004,-2.120142194454611,909.4186137463172,0.0,-0.3788664844994523,30.00605799876287,0.0,124.114,0.03091282419812352,-0.37513586753395095,-5.083906598454963,1.5747616512151126,0.022116878823100088,-0.37692843350983374,-5.048145094791693,-0.05685296100842262,-0.024847832616714527,-0.01,1.571692167245515,-2.0877290770874097,909.0499079245093,0.0,-0.002486023314537621,30.000000000044082,0.0,1.5708791942385247,86.0,0.14145417659430376,0.05677775571472466,0.05388676050833017,0.22871125604136583,0.35255754299259306,0.041254406512818934,0.13024796305064776,0.22140889827461668,-33.670404692146356,0.14998910365828932
124.3,-2.1179871885258876,1207.9422487629668,5.118,0.03,29.99,0.0,1.5718049425075318,0.01283836014818228,0.00039910222767045196,0.0008581574311056917,-2.1179002207776785,912.4197036348875,0.0,-0.3719771466484307,30.005739000055815,0.0,124.213,0.029220086741877274,-0.36692789333236375,-4.9891458711590735,1.5798026210808715,0.014850513786111096,-0.37202914108022767,-5.040727011749283,-0.09537335991927458,0.0009217417256870419,-0.0,1.5729760949575469,-2.0879776794195144,912.0499079142071,0.0,-0.0024860233566991142,30.000000000066816,0.0,1.57087919423993,87.0,0.14137195720033188,0.05674058662032037,0.05379081957069506,0.22854984535817394,0.3523937494431673,0.04124529741531921,0.1302386365646277,0.22117864019570793,-33.677979722548805,0.14980903036103055
124.4,-2.117987891281416,1210.9270112468819,5.117,0.02,29.99,0.01,1.5719993687842528,-0.0016748019842313304,-0.016217818668944062,0.0030619652882747064,-2.116041370453945,915.4207162278769,0.0,-0.3763643888510607,30.004719470535083,0.0,124.312,0.026461117789773583,-0.36898802598575187,-5.003166084769888,1.5797732555173214,0.012741975246859667,-0.36985802346815977,-5.034652770808778,-0.09240197452706853,0.00797718815734072,-0.01,1.5732098839986424,-2.088226281752144,915.0499079039043,0.0,-0.0024860233049119876,30.000000000044082,0.0,1.5708791942382039,88.0,0.14161552796771285,0.056717668202714185,0.053747993821943535,0.22844451118620518,0.35228228729179606,0.04126077866653694,0.13023961526480446,0.22111521235894793,-33.67718757154531,0.1496882018642008
124.5,-2.117988596026578,1213.9228694882347,5.117,0.02,29.99,0.0,1.5724004747488092,-0.006829852211806787,-0.015106646931161505,0.0023155000869885924,-2.1146489223704834,918.4216176727023,0.0,-0.3884834173919406,30.00332893122339,0.0,124.411,0.024139006743420528,-0.37178181895964413,-5.007538166142689,1.5756159350262695,0.015012596771404735,-0.3711683929308166,-5.028382754129124,-0.052283481947478574,0.005175572644521509,-0.0,1.5718726155268492,-2.088474884085598,918.049907893602,0.0,-0.0024860233762092317,30.000000000055444,0.0,1.5708791942405804,89.0,0.14164247171261812,0.05667782204253782,0.05372568859242655,0.2283545367059954,0.3521994513883928,0.04126034122478601,0.13023415641634403,0.221015014167033,-33.67898938165735,0.14959479518624688
124.6,-2.117989298384032,1216.907631944634,5.118,0.01,29.99,0.0,1.5724498470688724,0.00031213084135609074,0.006695619946518524,-0.003088253436644847,-2.113762797758537,922.0225721965317,0.0,-0.3883667390647232,30.002526446411505,0.0,124.51,0.023294893274855552,-0.3758614862161479,-5.037411263801113,1.578205074470233,0.014305153030883939,-0.37556635191726906,-5.028669596528582,-0.041248837906103,-0.004790422338547984,-0.0,1.571838468138364,-2.08877320688731,921.649907881239,0.0,-0.002486023349369758,30.00000000004408,0.0,1.5708791942396858,90.0,0.1413612404329884,0.05666068579719817,0.053691516424881985,0.22830492455030607,0.3521447235985342,0.04123345298375134,0.13021575391173845,0.22086159769174002,-33.68576523620365,0.14953637815525422
124.7,-2.1179900031963257,1219.903490157903,5.118,0.0,29.99,0.0,1.5722348667357606,0.00460431771648229,0.013331949489145246,-0.0028673046161217445,-2.1136395205104184,924.4231344410758,0.0,-0.38245481965105416,30.001809687383364,0.0,124.609,0.02257496198501792,-0.37819622314701146,-5.025902375697078,1.5736730758979398,0.020142398180541796,-0.37915262238211567,-5.027834425491797,0.006998283265400763,-0.011028689779774226,-0.0,1.5705628870592279,-2.0889720887545917,924.0499078729969,0.0,-0.002486023361366828,30.00000000004408,0.0,1.5708791942400857,91.0,0.14149938911056814,0.05665409813678692,0.053670110606643305,0.2282809990229736,0.3521104240278009,0.04125282812335666,0.13022859548915092,0.22086749286210272,-33.68467979965537,0.14950226679881978
124.8,-2.1179907058780714,1222.8882525884233,5.119,0.0,29.99,0.0,1.5719139332093783,0.00802778103350898,0.032751885274813625,-0.006600500179075364,-2.1138985848836107,927.423741893592,0.0,-0.37286504378558066,30.000870811164432,0.0,124.708,0.024113597824457045,-0.37310591815770705,-4.964462136234753,1.5820903048013186,0.015466939386549458,-0.37733474449986615,-5.020096951628199,-0.0499380630099979,-0.0024202363805763127,-0.0,1.57246161679966,-2.0892206910883804,927.0499078626941,0.0,-0.0024860233246362094,30.000000000044082,0.0,1.5708791942388614,92.0,0.14197302986912252,0.05667358884853729,0.05370619423804121,0.2282930246736236,0.3520964752491114,0.04130736310033623,0.13025995433711,0.2210161791304149,-33.67453495587768,0.14949568906031618
124.9,-2.11799141417697,1225.884112703226,5.12,0.0,29.99,0.0,1.5719170014516006,0.0002489050960473878,-0.0023569273460179846,0.004274484941514091,-2.114420627381314,930.4242103864441,0.0,-0.372416825835436,29.99955439670542,0.0,124.807,0.025637837862149074,-0.3815388675322647,-5.046883640072759,1.574847326008248,0.01796230775711962,-0.38102199604014875,-5.021447709618357,-0.02786315969753604,-0.009493945413471039,-0.0,1.5717257024240017,-2.0894692934198678,930.0499078523914,0.0,-0.0024860233270476138,30.000000000044082,0.0,1.5708791942389417,93.0,0.14138590101595924,0.05667067911095602,0.05370372085736384,0.22827022891794696,0.35207179886339346,0.041237303807107314,0.13021277880491133,0.22080336046545135,-33.684475189719315,0.14946903999420422
125.0,-2.117992116705466,1228.8688751098491,5.122,0.0,29.99,0.0,1.572052349397216,0.0056805475990895716,0.0029970587904490794,0.000481647415548253,-2.1151100478150386,933.4245081781739,0.0,-0.37589826781752383,29.997377101188444,0.0,124.906,0.024313036094996004,-0.3846768480278439,-5.06223098590832,1.575176125582847,0.02140908809373534,-0.38647718606047776,-5.030573296885192,-0.002927010190966007,-0.019336296680211973,-0.0,1.5708939893028289,-2.0897178957531235,933.0499078420887,0.0,-0.0024860233599746082,30.00000000004408,0.0,1.5708791942400393,94.0,0.1412365588854368,0.056645458780444385,0.05365121871572583,0.2282342814889011,0.3520479399651932,0.04122774690842965,0.13021497491932416,0.2207192329248061,-33.69020605790949,0.14943879333693072
125.1,-2.117992821174596,1231.8647332750077,5.124,0.0,29.98,0.0,1.5718621620351934,0.00790821429681137,0.009509592155542042,-0.0032509123720710826,-2.1161103247816686,937.0246113167631,0.0,-0.3673698604051382,29.995302206716044,0.0,125.005,0.022804470406363228,-0.36509366485457206,-5.046861229724758,1.5737242688648578,0.020055023685462865,-0.3690801875169337,-5.033338324879528,-0.010944682770976023,0.036411674484661205,-0.0,1.571160950068479,-2.0900162185560345,936.6499078297254,0.0,-0.0024860233564507604,30.00000000004408,0.0,1.5708791942399218,95.0,0.14152049527246072,0.05666793010900142,0.053641004836931135,0.2282643380117648,0.3520536438204291,0.04124841428635158,0.13022379051730987,0.22082270571794238,-33.68576027632319,0.1494533307666624
125.2,-2.1179935239497922,1234.8494956548336,5.127,0.0,29.98,0.0,1.5716402736750918,-0.02684000730338696,0.004713519743388895,-0.0011762749988108304,-2.1168272504930647,939.4245194506599,0.0,-0.362586680522638,29.993855048148447,0.0,125.104,0.023580998578501693,-0.36547894283809756,-5.019305814421566,1.5738056980838917,0.02212452437786072,-0.3624273258016657,-5.032424574494584,0.003957789029130768,0.04764061215991333,-0.0,1.5706645219335913,-2.0902151004235394,939.0499078214832,0.0,-0.0024860233470782576,30.00000000004408,0.0,1.5708791942396094,96.0,0.1413351989214065,0.05663437582807918,0.05361848556382075,0.22820840109415097,0.3520234830923479,0.04121205811888149,0.1301964631671811,0.22070719270780195,-33.69132506123765,0.1494113420340185
125.3,-2.127084329714023,1237.8342580190001,5.127,0.0,29.98,0.01,1.5714911982093491,-0.0326404863655413,0.012963423947696512,-0.0025732763103569587,-2.117705326795917,942.4243033492678,0.0,-0.3581829469904652,29.993670094310826,0.0,125.236,0.02608469038676981,-0.35942570154395964,-4.967862368855303,1.581970885343706,0.012352469411919729,-0.35961436866250107,-5.031601183999257,-0.08669949607548358,0.04821263505351325,-0.01,1.5736835867264898,-2.0904637027582993,942.0499078111807,0.0,-0.00248602335425918,30.00000000004408,0.0,1.5708791942398488,64.0,0.14178006899392412,0.056891744164218994,0.05369642114941181,0.22855886305585327,0.3521651974214252,0.04128375333310696,0.13023531545560346,0.22114662999956888,-33.67316489788548,0.14963768829287388
125.4,-2.127085037554025,1240.8301161419147,5.125,0.0,29.98,0.01,1.5717505504752063,-0.01663089927868682,-0.027812881361027764,0.007950283631571931,-2.1185746948123274,945.4241419681439,0.0,-0.3643267775489735,29.99474225583766,0.0,125.302,0.021536159330192376,-0.36759424694861936,-5.042505730285067,1.5751257241396202,0.014148468959683608,-0.3608768047761418,-5.032924556789759,-0.0488574305610646,0.03724445891180039,-0.01,1.5724239707807781,-2.090712305092913,945.049907800878,0.0,-0.0024860233529668805,30.00000000004408,0.0,1.5708791942398057,98.0,0.14131441143076096,0.0567637179711433,0.05374833639175131,0.2283051237277908,0.3520381172193139,0.04119918620681401,0.13015505644064312,0.2207725433776627,-33.68164078714652,0.1494528014545894
125.5,-2.1270857426147245,1243.814878481835,5.124,0.0,29.99,0.02,1.5722990786333126,-0.00174409974647691,-0.00616372461265345,0.00012534600800472945,-2.119573533187172,948.4242020857886,0.0,-0.38118394934881006,29.997307687285176,0.0,125.434,0.024704901635168957,-0.3603602262965051,-5.012055578291307,1.5803127719107215,0.01681221269934382,-0.35893989326280906,-5.03482819298398,-0.04140924496731458,0.02764791644369069,-0.02,1.5721758225773508,-2.0909609074272844,948.0499077905753,0.0,-0.0024860233502623772,30.00000000004408,0.0,1.5708791942397156,66.0,0.1417316539746416,0.05675337687748871,0.05375382218826424,0.22835072423388955,0.3520754894518454,0.04126190757227311,0.13023975300134435,0.2209644227344857,-33.673965033294806,0.14949834138343468
125.6,-2.1270864721031444,1246.899502743665,5.122,0.0,29.99,0.01,1.5723337142870315,0.0023425100063441443,-0.0002822697585163204,-0.001886925082014961,-2.120871563691292,951.4245492975032,0.0,-0.38206010022494225,30.000108564156818,0.0,125.533,0.02666853952386514,-0.37521407677474516,-4.966037458059686,1.5819963535992592,0.01368382436783232,-0.36859180520644075,-5.030119568588427,-0.0733431198581587,-0.00048327156014238426,-0.01,1.5732419471861505,-2.091209509761919,951.0499077802726,0.0,-0.0024860233613401826,30.00000000004408,0.0,1.5708791942400848,67.0,0.14132867801411186,0.056648578992440836,0.053687302839524866,0.22824060724473808,0.35203540397815836,0.041222678546301,0.13021542173429904,0.22074324895074712,-33.687633120192956,0.14943129701242586
125.7,-2.127087164188481,1249.8287862018483,5.121,0.0,29.99,0.01,1.5724798453182465,0.017760712237532523,-0.012317058108480898,0.0036387017614176844,-2.1225245903277536,954.4251733326572,0.0,-0.38568422311091527,30.002516648404953,0.0,125.632,0.02344268030695119,-0.3860080572171047,-5.0459493418767805,1.5778742179726328,0.012482325428648283,-0.38256067523799275,-5.027056884521203,-0.07573645639133787,-0.034360696471569696,-0.01,1.5733246085067125,-2.0914581120977807,954.04990776997,0.0,-0.0024860233630921145,30.00000000004408,0.0,1.5708791942401432,68.0,0.14150026221300926,0.05670289049249624,0.05367177815272467,0.22833561340994518,0.35207488026022415,0.04126120417562083,0.13023447460843623,0.22087558077473446,-33.68416949677383,0.1494937436334527
125.8,-2.127087872126083,1252.824644270178,5.12,0.0,29.99,0.0,1.5727173942748942,0.03145861172569732,-0.008195265049535348,0.0006332647068535588,-2.1246101652869984,957.4259888739164,0.0,-0.3929875032716041,30.003885944201382,0.0,125.731,0.028562486717816082,-0.38805478864369825,-5.067522756195521,1.5824864310745328,0.015157098740802462,-0.39158984411004527,-5.03190319328305,-0.06691194962425234,-0.04958265364593473,-0.0,1.573031159978863,-2.091706714433824,957.0499077596676,0.0,-0.0024860233830694676,30.000000000044075,0.0,1.5708791942408091,69.0,0.1407456301958325,0.056676968587573984,0.05369117874936689,0.22823839400307114,0.35201324236991427,0.04117365133694495,0.1301421450437915,0.22054268864489207,-33.69522794086132,0.14941196786723002
125.9,-2.127088577565871,1255.8094065556504,5.121,-0.01,29.99,0.0,1.5729087400857846,0.03158839904839214,0.0032220955168201846,0.0013972429238014582,-2.127227905913177,960.426827420957,0.0,-0.39739966522031783,30.00298122683486,0.0,125.83,0.03140408749223251,-0.37725144555355017,-4.9669943963046554,1.5844995849177237,0.01909213443606625,-0.38722696190002515,-5.02366161633995,-0.05903798880757718,-0.028264341564806728,-0.0,1.573100527973775,-2.0919553167704996,960.0499077493649,0.0,-0.002486023391735869,30.000000000044075,0.0,1.570879194241098,70.0,0.14148809056001574,0.05690116779386002,0.053748592140271736,0.22856631381472145,0.3521591355480944,0.04128372107653747,0.13024583301071502,0.22107247302709676,-33.672932528068486,0.14963498463379918
126.001,-2.1270892856480828,1258.8052645975736,5.121,-0.01,29.99,0.0,1.5729128216069679,0.011588261255492251,0.004101476383779653,-0.0008984805603113689,-2.1311066568531007,964.0275915353226,0.0,-0.3965660385028719,29.99999518008907,0.0,125.929,0.034810137068221544,-0.3859115780165129,-5.01183013986175,1.5754426883296075,0.03050740675518756,-0.3904963024774243,-5.025009055414046,0.016886314056814178,-0.02941887365259177,-0.0,1.5705664809882847,1263.7160499905956,2.5091965936743285e-08,0.0,30.00000000001819,9.082200070564973e-10,0.0,3.027400023519822e-11,72.0,0.1425675427046092,0.05708850762093774,0.053815317963667154,0.22883805164326654,0.35227832977743545,0.041405903062175495,0.13033476900846652,0.22164916671429752,-33.64234020023387,0.14981623187110613
126.1,-2.127089990767388,1261.7900268545495,5.121,-0.02,29.98,0.0,1.5726525373200442,0.004889156524212832,0.0448766734160542,-0.009015597757472871,-2.1340945595535756,966.4278372169993,0.0,-0.39007560089432863,29.997139600763635,0.0,126.028,0.03877533551594518,-0.36574139071360423,-4.995688723511914,1.5834471514483999,0.02924690074458386,-0.3786564482445316,-5.019997177349724,-0.03183899209006717,0.016051491026370712,-0.0,1.5725245189370287,-2.0924525214496783,966.0499077287601,0.0,-0.0024860234106816566,30.00000000005544,0.0,1.5708791942417295,72.0,0.1412137861426405,0.05671373942885598,0.05371718691795062,0.2283088393709159,0.3520557952948188,0.04123617870426836,0.13021977114182928,0.2207691381730444,-33.68599787524281,0.1494693158517099
126.2,-2.1361808288513657,1264.7858848664507,5.12,-0.02,29.98,0.0,1.5723206727441887,-0.02071072923953464,0.014821186208723285,0.0021799318359655385,-2.138115724713994,969.4278091567296,0.0,-0.3790928836872615,29.993938440183996,0.0,126.127,0.03954234095581404,-0.37748505001871374,-5.0585177475760155,1.577188647410551,0.037839131541635235,-0.37596759179894834,-5.031308827005752,0.020757656083304505,0.019995698158719932,-0.0,1.5707710715885037,-2.092701123790346,969.0499077184576,0.0,-0.0024860234033732267,30.000000000044075,0.0,1.570879194241486,73.0,0.14176257657797708,0.0566764614243278,0.05375800531316813,0.2282833741062243,0.3520471883764381,0.04126784198934336,0.13023957961984475,0.22091467715194968,-33.67584899512934,0.14945411637993186
126.3,-2.136181537571076,1267.7706470969124,5.12,-0.02,29.98,0.0,1.572148472946372,-0.024497077109625356,0.02513867754776478,-0.005357192198674036,-2.142270980885647,972.4274691772222,0.0,-0.3735755116234695,29.991341086504946,0.0,126.226,0.042220892014891376,-0.37325121443474396,-5.028463660088573,1.574775474641959,0.04047973569969443,-0.37115914116280624,-5.030055274198846,0.013424813825677097,0.029433847493688603,-0.0,1.5710154307640858,-2.0929497261283445,972.0499077081549,0.0,-0.0024860233757753023,30.000000000044075,0.0,1.570879194240566,74.0,0.142097783046196,0.056816947679861424,0.05378700232667495,0.22848147598908997,0.35213009889683483,0.0413146525552753,0.13027202803402288,0.22119008033269777,-33.664777758259746,0.14958459893981468
126.4,-2.136182248019452,1270.7665050842138,5.121,-0.02,29.98,0.0,1.5719053407108898,-0.02291148654932777,0.01257652131148078,0.0011139346353035411,-2.146365736675325,975.4269732729313,0.0,-0.3658672241097707,29.990912245796228,0.0,126.325,0.046155159162167086,-0.3778193702403778,-5.06497438256955,1.5775981206480698,0.04229478277886535,-0.3727124887219676,-5.032119552810377,-0.002576837721651133,0.021180683452641347,-0.0,1.5715488582935093,-2.0931983284660878,975.0499076978523,0.0,-0.0024860233944270496,30.000000000044075,0.0,1.5708791942411877,75.0,0.14200444646592772,0.05687650249091519,0.053814439521225714,0.2285404957561185,0.35214960598347933,0.04130387930415481,0.1302585187359937,0.22120958859631684,-33.66299520743626,0.14961907683512388
126.5,-2.1452730996905984,1273.7623630557962,5.121,-0.02,29.98,0.0,1.5717565031398573,-0.004558051811341936,0.003246496335137617,0.001359238929642861,-2.1502289274043895,978.4264735217082,0.0,-0.36074947570478266,29.991414304821866,0.0,126.424,0.05005307376165362,-0.37069607948097155,-5.014755842673671,1.5742052000690054,0.05089421106168478,-0.3697846533059821,-5.030609947624251,0.02777674303323183,0.02581903021011911,-0.0,1.5705371523043994,-2.093446930803812,978.0499076875495,0.0,-0.002486023391302882,30.000000000044075,0.0,1.5708791942410836,76.0,0.14159318330888723,0.05679287259381771,0.053782110033052485,0.22841265237665595,0.35209460713510116,0.041258090870041814,0.13023313079041357,0.220972425853683,-33.673999143832795,0.14953367138916435
126.6,-2.145273811160905,1276.7471252450246,5.121,-0.01,29.98,0.0,1.5715800818314332,0.0019057768390155362,0.015624220543631103,-0.005013007974301754,-2.15375637370752,981.4260663810414,0.0,-0.3556678318325208,29.992603067507684,0.0,126.523,0.054738080084863895,-0.36958655752318803,-5.014894650722638,1.5794579077524462,0.047753115779517546,-0.3673747675591915,-5.026351047800361,-0.03071044058647248,0.028148645949116258,-0.0,1.5721529721544993,-2.093695533141429,981.0499076772469,0.0,-0.002486023412772375,30.00000000004407,0.0,1.5708791942417992,77.0,0.14168595456843705,0.05664546923887016,0.053732982341960965,0.2282317940237722,0.35202377636995336,0.041262044161923965,0.13023990415892078,0.22084633215544042,-33.67991110359544,0.14941897027550702
126.701,-2.145274524812862,1279.742983190799,5.12,-0.01,29.98,0.0,1.5715773130676265,0.0008905378114031927,-0.009286964522818042,0.0008024210242240154,-2.1574293878675213,985.0257271740992,0.0,-0.35808255800225486,29.993841870957585,0.0,126.622,0.05900130755177743,-0.37059055262894613,-5.04217498858566,1.5736447213097153,0.05652395186620773,-0.3691298691324294,-5.028976909993894,0.027270920794975805,0.020011942729976084,-0.0,1.5702206297278445,-2.093993855951422,984.6499076648839,0.0,-0.002486023446139959,30.00000000005544,0.0,1.5708791942429114,79.0,0.1423076660590787,0.05683333792797894,0.05372943405316193,0.22854417291973447,0.3521630068750417,0.04134602670434228,0.13030128578536376,0.22130749359128257,-33.65971093278405,0.14962941916853129
126.802,-2.1452752365298693,1282.7277453536103,5.12,0.0,29.99,0.0,1.5715317251186374,0.0031492466619321745,0.013420491405578284,-0.006299642886194889,-2.1599742778508486,988.0255537986229,0.0,-0.35243574032022834,29.99480972080563,0.0,126.721,0.0594603767839473,-0.36468095948972457,-4.982501469490687,1.5795045922139666,0.05280957788512533,-0.36748092396388354,-5.0267756382368205,-0.037282581950830916,0.01458208881228984,-0.0,1.572038889102642,-2.094242458295631,987.6499076545813,0.0,-0.002486023449483951,30.00000000005544,0.0,1.570879194243023,81.0,0.14346200164977044,0.05704892067971448,0.0537504195181075,0.22887789199450997,0.3523076745748274,0.04149523178860583,0.13040879872633085,0.2219591289210595,-33.630122986213095,0.14985132306650936
126.901,-2.1543661019828733,1285.7236032694927,5.12,0.0,29.99,0.0,1.5714572048771684,-0.0021297131003468668,-0.010780089888109447,0.0010442794841871448,-2.162037524395959,991.0254657558022,0.0,-0.35386817729905196,29.995510834178717,0.0,126.82,0.06168878383144624,-0.3660819426608507,-5.0102528487616915,1.573916869429065,0.06057031254083048,-0.36665186142330264,-5.0255676126406925,0.014890110764616146,0.01584891180237946,-0.0,1.5703000865589969,-2.0944910606410514,990.6499076442788,0.0,-0.002486023482323407,30.000000000044082,0.0,1.5708791942441176,81.0,0.14219303982719556,0.056807698823212606,0.053681028596461504,0.2284943886252772,0.3521347293149952,0.04133612713321024,0.13029705589376175,0.2212221794560005,-33.666772008917086,0.14959045865974277
127.003,-2.154366819160714,1288.719461174859,5.12,0.0,29.99,0.0,1.5714878778697476,-0.0031387513520372695,0.015201551002685316,-0.006846099321574386,-2.163584991028006,994.0254703308766,0.0,-0.3501399827678327,29.996628665284298,0.0,126.919,0.06203098540626613,-0.36828225319457275,-5.037039404133385,1.5729422270626088,0.06218433210285908,-0.3672037157367505,-5.027489935018792,0.01824064466541385,0.013177695110925924,-0.0,1.5701883697776948,-2.0947396629878785,993.6499076339761,0.0,-0.0024860234725845305,30.000000000044082,0.0,1.570879194243793,84.0,0.14442388758732527,0.05715837445302556,0.05377063263259209,0.22903662392741167,0.35237372943823164,0.04160410357568281,0.13050216940270962,0.22240335796108218,-33.60677112019431,0.14995293038145519
127.1,-2.1543675335508397,1291.7042232962785,5.12,0.01,29.99,0.0,1.5711309523638357,0.0031731898475279748,0.013457105162091325,-0.006908439328726438,-2.1645658539277974,997.0255810650565,0.0,-0.3402137292368298,29.997802929004102,0.0,127.018,0.06414687245366067,-0.36559099859110394,-5.024213362017278,1.5762975183922716,0.05946666864033251,-0.36510158360644407,-5.02594251291884,-0.028851710307620786,0.01737299956054983,-0.0,1.5714245626563885,-2.0949385448660824,996.0499076257339,0.0,-0.002486023501847789,30.00000000004408,0.0,1.5708791942447684,82.0,0.14127557410997704,0.0565761930255577,0.05363566465302957,0.22813863841315843,0.3519823098693563,0.04122531244750099,0.13022239489470896,0.22063262129662603,-33.69629583372192,0.1493557557298601
127.201,-2.1543682471520356,1294.700079138854,5.118,0.01,29.99,0.0,1.5711468116522322,0.0034577638990233956,-0.007594733641052128,0.0011260023559090558,-2.1649060345549147,1000.0258056356612,0.0,-0.3420192608760356,29.998822374316493,0.0,127.117,0.062394703424491105,-0.36820217428570545,-5.03684642029879,1.5773485483119576,0.053730743200312944,-0.36724203347978,-5.028118981719331,-0.05976495165760259,0.01046512867693039,-0.0,1.5724551312767336,-2.095236867685559,999.6499076133709,0.0,-0.0024860234922687847,30.00000000004408,0.0,1.570879194244449,84.0,0.14190625857737954,0.05668629160107868,0.0536526164352429,0.22830590083206317,0.35205438824968227,0.04129398727893426,0.13028165823086085,0.22097370562663346,-33.67674605671555,0.14946491581646448
127.3,-2.1543689612992694,1297.6848412273787,5.117,0.02,29.99,0.0,1.5715983980360926,0.006109245640677123,-0.019218741995159407,0.004877831384396787,-2.1647480132372565,1002.4260526340979,0.0,-0.35386966445452706,29.999143832231127,0.0,127.216,0.0655603103602618,-0.36362682136483093,-5.019778062341608,1.5763889600152858,0.06023385461654655,-0.36430552625354884,-5.026858190666578,-0.025314449905740923,0.017275243326881906,-0.0,1.570973432173745,-2.0954357495635825,1002.0499076051287,0.0,-0.0024860234692405388,30.000000000044082,0.0,1.5708791942436815,84.0,0.14091196337053505,0.05651106269630003,0.05362130212714351,0.22801397474218288,0.3519232891832102,0.04116522713567304,0.1301535497458547,0.22039982225365098,-33.703832634851715,0.1492684671139738
127.4,-2.154369678599096,1300.680699073434,5.118,0.02,29.99,0.0,1.5717444664358649,0.0,0.0,0.0,-2.1639813230236884,1006.0265126906223,0.0,-0.3572151521565981,29.999828244816182,0.0,127.315,0.06563020964880778,-0.3865523042065137,-5.044296437422721,1.5747415071073074,0.060953157953869935,-0.38359722534203466,-5.029500284812778,-0.016762754285082514,-0.03206087118141099,-0.0,1.570688267101992,-2.0957340723780935,1005.6499075927655,0.0,-0.0024860234592285466,30.00000000004407,0.0,1.5708791942433478,85.0,0.14107097349572373,0.05657798706979233,0.053615805607093774,0.22812505057330487,0.35197899945390543,0.041198142226716535,0.13019959058259456,0.22055621786125174,-33.697033589360444,0.14934956625141954
127.5,-2.1543703926706144,1303.665461136701,5.119,0.03,29.99,0.0,1.5715372362199722,0.023774749254207528,0.005503375458769439,-0.0016501855516727038,-2.163148031083543,1008.4268565437167,0.0,-0.3519208218233332,30.000048260798838,0.0,127.381,0.06465440793325974,-0.38713975462759703,-5.051224306330874,1.5720038174511284,0.06242797792496663,-0.3920397827321116,-5.031784215544858,-0.004474046225262287,-0.04424575749504456,-0.0,1.569943920561089,-2.0959329542541623,1008.0499075845235,0.0,-0.0024860234546189007,30.00000000004407,0.0,1.570879194243194,69.0,0.14123145745092922,0.056633496555703954,0.05360210219604801,0.22820938977672137,0.35201797453764605,0.0412394502706622,0.13022130323660644,0.22068132292079112,-33.6925886190003,0.14940856235139108
127.6,-2.1543711130611882,1306.6613210105156,5.12,0.03,29.99,0.0,1.5712557370450835,0.0,0.0,0.0,-2.1616962458151834,1011.4272556949844,0.0,-0.34379908076807736,29.99937909322728,0.0,127.513,0.060147463530613246,-0.372907060087393,-5.090710554397762,1.5732227066080944,0.05529822213577365,-0.37622587382765393,-5.038765692673721,-0.04016741832544618,0.0009209529817937323,-0.0,1.5711353433243278,-2.0961815565974242,1011.0499075742208,0.0,-0.0024860234264747474,30.00000000004407,0.0,1.570879194242256,87.0,0.14606238948183173,0.060409493191866365,0.05546752127172321,0.23241861479928272,0.3535635174215628,0.04169746253000187,0.1303319092065002,0.2258108327004469,-33.38023544846971,0.15201765060387762
127.7,-2.1543718277792436,1309.6460830501617,5.122,0.04,29.99,0.0,1.5713166556113884,-0.008437760237554458,-0.008701128893657706,0.002303345244488328,-2.159722493550454,1014.4274972443714,0.0,-0.3440789031831124,29.997269900681,0.0,127.612,0.05993741535200955,-0.3672104225961012,-5.018092252462079,1.5719880037253173,0.056379773601579516,-0.3688200567006952,-5.035869795865134,-0.02380305240605845,0.020274904807880745,-0.0,1.5702566134442977,-2.0964301589397976,1014.0499075639182,0.0,-0.0024860234244430393,30.00000000004407,0.0,1.5708791942421882,88.0,0.1419424958286869,0.05703064466920417,0.05478512848232183,0.22833113357675938,0.35205436479694463,0.04138330554596159,0.1304364723733434,0.2212052104924268,-33.6148005330363,0.14946693289222418
127.8,-2.1543725452133344,1312.6419408468842,5.123,0.04,29.98,0.0,1.5712225486084372,-0.02092646626837647,0.001843447618249579,-0.004238275846020218,-2.157240481405287,1017.4275363407252,0.0,-0.3419045580890246,29.99543125989511,0.0,127.711,0.05966230054499426,-0.3705666665056351,-5.055604529751776,1.5765667162872594,0.050726480878530905,-0.3677519854047381,-5.037372801268816,-0.0588320350443791,0.02954855425197067,-0.0,1.5714238614790095,-2.096678761284092,1017.0499075536156,0.0,-0.0024860234755421646,30.000000000044082,0.0,1.5708791942438916,89.0,0.14070943387240578,0.056514068516820455,0.0543363121340536,0.22823938565828494,0.35211732483544994,0.04115215913437674,0.1302331824696837,0.22067942916989422,-33.6734935477837,0.1494913830331725
127.9,-2.154373259300826,1315.626702860438,5.122,0.05,29.98,0.0,1.5712665907074717,-0.018332387956439117,-0.01826710884218313,0.0021909598643197596,-2.1543375400308333,1020.427457540889,0.0,-0.3412070997702595,29.994774450922343,0.0,127.81,0.05429755410343054,-0.37458039374056445,-5.086294228358808,1.579280358717985,0.03974382620576053,-0.37197363595122945,-5.04754743951016,-0.11544849230106748,0.014775718994055609,-0.0,1.572978319720778,-2.0969273636307215,1020.0499075433129,0.0,-0.002486023477640486,30.000000000044082,0.0,1.5708791942439615,90.0,0.14126602911265604,0.05667141817063116,0.05407657230513924,0.22864495298885332,0.35228710607491004,0.04122201434983102,0.1302683247974596,0.22114582683750522,-33.67035707992532,0.1497600367135113
128.0,-2.1452837887887313,1318.6114648601638,5.12,0.05,29.98,0.0,1.5717056807505452,-0.003390658195784944,-0.034411998826906036,0.007138821095924459,-2.151174190464158,1023.4273817898849,0.0,-0.35347173940446913,29.995082249648497,0.0,127.909,0.05168165466534761,-0.3677316308023718,-5.032150306057955,1.574596438617915,0.0401219730221309,-0.3664409886593044,-5.041720440934455,-0.07680033888982878,0.026321388631806997,-0.0,1.5716894829874288,-2.0971759659774944,1023.0499075330102,0.0,-0.0024860234566639315,30.00000000004407,0.0,1.5708791942432623,91.0,0.14233895954421494,0.0567894065575085,0.05400727220463738,0.2287289549421002,0.35227762186582945,0.04134005673107247,0.1303108736422632,0.2215085833285572,-33.65191693924308,0.1497797856947664
128.1,-2.1452844997484135,1321.6073205372534,5.116,0.05,29.98,0.0,1.5719826487500705,-0.009463952021070143,-0.0076282238281949145,-0.002467035721152935,-2.1480270489923368,1026.4273918368658,0.0,-0.36291061455405954,29.995790918181132,0.0,128.008,0.04828550268028127,-0.36702659739960447,-5.033123590822673,1.5721942545892105,0.04119607921806677,-0.36473721561731864,-5.038732573133089,-0.04466359507139259,0.026486536612743805,-0.0,1.5706184850850438,-2.097474288789571,1026.649907520647,0.0,-0.0024860234207193512,30.00000000004407,0.0,1.5708791942420641,92.0,0.1417379008528792,0.056736159109196584,0.05391972147247644,0.22853744993237887,0.3521627858046366,0.04126888430538411,0.13025083003254068,0.22113235391556807,-33.66750076850009,0.14962609875160082
128.2,-2.145285211323312,1324.5920825050664,5.114,0.04,29.99,0.0,1.5718153590012829,-0.007956806211167643,0.010258643252807145,-0.004142705369318283,-2.145067558700572,1029.4275521151349,0.0,-0.35740534641623123,29.997969722566207,0.0,128.107,0.0429966701963488,-0.36934139460059195,-5.020544533062721,1.5870286267257225,0.022077026312175993,-0.36621215415409625,-5.034567588093076,-0.17434240564658998,0.008389512273605959,-0.0,1.575274617454718,-2.0976731706618716,1029.0499075124048,0.0,-0.0024860234064441036,30.000000000044075,0.0,1.5708791942415883,93.0,0.1415588887120696,0.056731985465790245,0.05382398299831655,0.22844898720263765,0.3521091742703456,0.04125390947040002,0.13024210700680075,0.22098916013750822,-33.67531865896997,0.14955500861509113
128.3,-2.1361957302978567,1327.5879402299963,5.113,0.04,29.99,0.0,1.5723686691515637,0.005136067512273459,-0.04824643915464489,0.012552084114877947,-2.1423614956180095,1032.4279027064697,0.0,-0.37290948629249426,29.9994310213899,0.0,128.206,0.042748665097930266,-0.3934833069615231,-5.109541514769535,1.5790901449021073,0.031663334218184444,-0.3833188183958023,-5.048829413806203,-0.07261775458208555,-0.03561060699340857,-0.0,1.5718852403848935,-2.097921773000937,1032.049907502102,0.0,-0.002486023376201628,30.000000000044075,0.0,1.5708791942405802,94.0,0.1423643996640777,0.05668193086064038,0.053831026842099325,0.22832453595910282,0.35205099593378075,0.041346535992348624,0.13029585680886802,0.22113678682770865,-33.66307443673671,0.14946880259648637
128.4,-2.1361964389981836,1330.5727021704456,5.111,0.03,29.99,0.0,1.572754185940374,0.03423645063189872,0.008747223695422406,-0.004464912234291279,-2.1401273694490763,1035.428427139984,0.0,-0.38462554117196224,30.000548538185676,0.0,128.305,0.03790694772875025,-0.3923882231511791,-5.0881024708113625,1.5749389999795822,0.0338763093773303,-0.39750847545534296,-5.0570375639885246,-0.01772366386919704,-0.06285470194386988,-0.0,1.5703861194289765,-2.0981703753368914,1035.0499074917993,0.0,-0.0024860233606074354,30.00000000004408,0.0,1.5708791942400604,95.0,0.1415010448336186,0.05680232431956513,0.05384247868186414,0.22846720984502805,0.3521110711052609,0.04128260525386799,0.1302448717364996,0.22099551472718792,-33.671194541130575,0.14956331707430315
128.5,-2.1361971498639605,1333.5685598662833,5.11,0.03,29.99,0.0,1.572090417673115,0.0,0.0,0.0,-2.138471287355927,1038.4289726285533,0.0,-0.36609814850177846,30.000231678117583,0.0,128.404,0.04021101219493102,-0.38669771593925184,-5.012469406643867,1.5790239993249422,0.0317424761097113,-0.39645719340159835,-5.049531309655384,-0.04997007791149658,-0.047546246351011234,-0.0,1.571463275306023,-2.0984189776745246,1038.0499074814966,0.0,-0.0024860233888048798,30.000000000044075,0.0,1.5708791942410003,96.0,0.14224144993109658,0.05700786098439765,0.0538993926878464,0.22871137998202304,0.35221051964561095,0.041375168311211845,0.13030952841006252,0.22144129405418236,-33.649878587696385,0.14972177116938645
128.6,-2.136197855159139,1336.5533196759181,5.109,0.02,29.98,-0.01,1.5716389402539952,0.019225054510796424,-0.0006002171677328839,-0.0011862950759683895,-2.1372265112039437,1041.4292905819427,0.0,-0.350817094328782,29.99721056871386,0.0,128.536,0.040275708235675785,-0.36947660343518823,-5.021447330700892,1.5822756152815558,0.02711798263119139,-0.3850067589176749,-5.044885759997882,-0.07497297019893745,0.00032177493651985856,0.01,1.5726299598359754,-2.098667580011738,1041.0499074711938,0.0,-0.00248602340050219,30.000000000044075,0.0,1.5708791942413902,64.0,0.14169572327586624,0.056892852095978476,0.05384679931867288,0.22855181079159254,0.35215046272408007,0.041315492749145984,0.13027720447540542,0.2211389509710821,-33.66719986619598,0.14962227742971926
128.7,-2.136198565924758,1339.5491773409715,5.109,0.02,29.98,-0.01,1.571875845841367,-0.018597550177826876,-0.008069436303870426,0.006012230217572848,-2.136248718645179,1044.4291952368847,0.0,-0.3573325753278935,29.992720139810178,0.0,128.602,0.03458788005710059,-0.371724749940538,-5.021692467667342,1.5754800252427001,0.025521104652126765,-0.3734599343414503,-5.040826967832068,-0.059196051177327194,0.030089998821058117,0.01,1.5721024218079702,-2.0989161823508242,1044.049907460891,0.0,-0.0024860234000758643,30.000000000044075,0.0,1.570879194241376,98.0,0.13978357769272778,0.05643724616504218,0.05374254369991994,0.22783757434046892,0.35182764530803523,0.04102185497244165,0.13003111895806663,0.21989640911782252,-33.71877313046885,0.14913246039513361
128.8,-2.1361992776481884,1342.533941333866,5.112,0.02,29.98,-0.01,1.5721166512838118,-0.03617770636358274,0.0009203655624210762,0.0021851517154875153,-2.1354612097436694,1048.0285483820942,0.0,-0.3641136119151146,29.988513543389903,0.0,128.734,0.03205818852848175,-0.3754445647620579,-5.066033325964932,1.5715104529678987,0.028470891640459323,-0.3741672753711138,-5.045021631060456,-0.008594137892384182,0.024865007653982474,0.01,1.570416193054741,-2.0992145051581006,1047.6499074485278,0.0,-0.0024860233877190816,30.000000000044075,0.0,1.5708791942409641,66.0,0.14157258800318043,0.056825593073803665,0.05376010097286973,0.2285026452066792,0.35214226249477026,0.04126483613284573,0.13025085191875527,0.22104779718673828,-33.67499233458776,0.149600248517623
128.9,-2.1361999885585305,1345.5297989744117,5.113,0.01,29.97,-0.01,1.5718526490407552,-0.021494474489052166,0.018413882252283655,-0.006395083082125034,-2.1351723244807155,1050.4279296711309,0.0,-0.3560741407231169,29.987613880795873,0.0,128.833,0.02965480839368203,-0.38295799730520863,-5.125460133778799,1.5701441033642674,0.030454207702608545,-0.37633792434239655,-5.052369657614136,0.02356767308202494,0.02333059034450713,0.01,1.5696771560190494,-2.0994133870292853,1050.0499074402856,0.0,-0.002486023401841119,30.000000000044075,0.0,1.5708791942414349,67.0,0.14194577779251175,0.056928938830161945,0.05380563902727101,0.22861313918310575,0.35218309166575024,0.04130445782819285,0.13026010848049252,0.2212552062608134,-33.66395653911532,0.1496687350088833
129.0,-2.136200697031825,1348.5145608333917,5.116,0.01,29.97,0.0,1.5713602909843927,-0.0063646425899369806,0.020194766668427247,-0.0059891579817904755,-2.134958932032407,1053.4271059455052,0.0,-0.34239291223449364,29.98792875686883,0.0,128.932,0.03362232740315478,-0.3716551276113876,-5.0162839671446955,1.5762350981552766,0.03107548391690381,-0.37072422765044233,-5.047901859315763,2.4857502578494103e-05,0.033606210979570506,-0.0,1.570462205054362,-2.0996619893670183,1053.0499074299828,0.0,-0.0024860233870662705,30.000000000044075,0.0,1.5708791942409424,68.0,0.14121342076032092,0.0566798895681792,0.05379854365123804,0.22821684305142076,0.3520035502889765,0.041197672236080424,0.13016459532016425,0.22067762032422103,-33.68325067430483,0.14939639200231475
129.101,-2.136201429944606,1351.5880909550065,5.12,0.01,29.97,0.0,1.571030001915295,-0.004188664332321729,0.002846895777498497,-0.0028873836622777685,-2.134648840260537,1057.0261723614651,0.0,-0.3299490492192324,29.988984134493233,0.0,129.031,0.032056187196342366,-0.3718167448352699,-5.038357136242694,1.574561556401682,0.02580166118729904,-0.3685380035971758,-5.04503688437898,-0.039366410716383096,0.03337454092298486,-0.0,1.5717750967428818,-2.0999603121715773,1056.6499074176195,0.0,-0.0024860234016745855,30.000000000044075,0.0,1.5708791942414293,70.0,0.1425196243072523,0.05687072817304518,0.053796142446938554,0.22858542899897702,0.35218433614721545,0.04136890996068854,0.13032716214377174,0.22142180885966975,-33.65190023806075,0.14965924454739493
129.2,-2.13620214073336,1354.5839485603146,5.121,0.01,29.98,0.0,1.571167262448233,-0.0012590106847997777,-0.010769479273640383,0.003327934241826091,-2.1343381574738025,1059.4256232748135,0.0,-0.334342306541212,29.989816408252707,0.0,129.13,0.03130825432742557,-0.3703134419466492,-5.041236972191684,1.5739986599268425,0.02587172348970316,-0.3684462567843274,-5.044209396348416,-0.028830608778353917,0.02055565489199651,-0.0,1.5714240020460497,-2.100159194043152,1059.0499074093773,0.0,-0.002486023397977543,30.000000000044075,0.0,1.570879194241306,70.0,0.14119309358965923,0.05662465507119381,0.053675806012307745,0.2282311206171265,0.3520306283012375,0.0412138178313753,0.130210753525345,0.22069136018461014,-33.692341940134796,0.14942441833832848
129.3,-2.1362028360975955,1357.5132315379008,5.122,0.01,29.98,0.0,1.5714755466931984,0.0036010734228412596,0.0018937868659934783,0.0014940198113886,-2.133876954962159,1062.4250343135336,0.0,-0.343705812199258,29.99058115088245,0.0,129.229,0.028024923405447325,-0.3713688743625414,-5.051394853781451,1.574972281664327,0.022445683217129683,-0.3710977379009095,-5.049364508039853,-0.048911303853723706,0.0116767386376182,-0.0,1.5720937294829918,-2.100407796383079,1062.0499073990745,0.0,-0.002486023415670057,30.00000000004407,0.0,1.5708791942418958,71.0,0.14119627738277069,0.05658988122370432,0.05364221957596054,0.22817782908342915,0.35200290596276185,0.04120738700768244,0.13020320970669208,0.22063838317808215,-33.69371151970273,0.14938496835792314
129.4,-2.1362035441625267,1360.4979933468185,5.121,0.01,29.98,0.0,1.5717249357283603,0.0,0.0,0.0,-2.133425488049165,1065.4245523175102,0.0,-0.3514910413206086,29.99143731630062,0.0,129.328,0.0313691004350262,-0.36741114325552343,-5.036952854177253,1.574265856237597,0.025719197106219845,-0.3687463295863269,-5.048605360843631,-0.018112452695964298,0.01666626394048265,-0.0,1.5710667719312594,-2.1006563987240106,1065.0499073887718,0.0,-0.002486023417641813,30.00000000004407,0.0,1.5708791942419615,72.0,0.141411128335455,0.05664774734993957,0.053626363262940534,0.2282531575620873,0.3520335768976014,0.041237971477466356,0.13021981314954978,0.22076677456240043,-33.68880373612317,0.14943420412465808
129.5,-2.136204251793856,1363.4938487671466,5.119,0.01,29.98,0.01,1.5717589628791921,6.819621770242879e-05,0.005600916182846239,-0.0024310241758556603,-2.1330363270202652,1068.4241585131576,0.0,-0.3523135715344348,29.992260711907118,0.0,129.427,0.029239859439122544,-0.3642221771561813,-5.0288252511227585,1.5760044317087234,0.022045608939269774,-0.3643119701445042,-5.04569686679632,-0.045862979949291206,0.025714699125554574,-0.01,1.571991531216187,-2.1009050010633077,1068.049907378469,0.0,-0.0024860233971049075,30.000000000044075,0.0,1.570879194241277,73.0,0.14129049424466938,0.05662770708994796,0.053596715741306984,0.22821098139705864,0.35201260824546754,0.04121927700761194,0.1302017909715015,0.2206869724756248,-33.693007192393665,0.14940399745252736
129.6,-2.1362049629861417,1366.4897063125213,5.118,0.01,29.98,0.0,1.5717945593085625,-0.0027985072487668877,-0.008490751848255429,0.0007757982268665089,-2.1327226627459916,1071.4238425823273,0.0,-0.3528472817252639,29.99295036492676,0.0,129.526,0.0290112275867309,-0.3640457013775385,-5.032911243693899,1.5762236385375952,0.021100635984882654,-0.36214173877682376,-5.043827236315581,-0.048991499809829676,0.027422307799096046,-0.0,1.572095721240215,-2.1011536034013765,1071.0499073681663,0.0,-0.0024860234187542565,30.00000000004407,0.0,1.5708791942419986,74.0,0.14146019915432653,0.05662850657920565,0.05359712028213649,0.22820345661132266,0.35200752846489847,0.041233723193271905,0.1302080390736571,0.2207308980778192,-33.69014512632643,0.14939758564114092
129.7,-2.136205671325172,1369.4744680758008,5.117,0.01,29.98,0.0,1.5719528610960138,-0.003868630432948427,-0.0068900123962891595,-0.001928717028137829,-2.132512503952515,1074.4236212939365,0.0,-0.35749749468713576,29.99410029857416,0.0,129.625,0.02768626032993891,-0.3612542173589664,-5.029261987966938,1.574466786185067,0.02126899938543951,-0.35973227539591635,-5.040795781903233,-0.03725785401558919,0.02946296000390447,-0.0,1.5717046351693513,-2.1014022057424704,1074.0499073578635,0.0,-0.0024860234236170333,30.00000000004407,0.0,1.5708791942421607,75.0,0.1415167320836797,0.056661123155496686,0.053608846365511865,0.22824432903870273,0.35202371902736634,0.04124140587173288,0.13021175972432056,0.22078350517049436,-33.687544941692714,0.14942372426006184
129.8,-2.136206382262287,1372.470325593492,5.115,0.0,29.98,0.0,1.5719928953938673,0.0,0.0,0.0,-2.1324634220328638,1077.4235125694015,0.0,-0.3592914009801893,29.99511653672366,0.0,129.691,0.02362966056953139,-0.3670043760269315,-5.064473118265548,1.572772204033114,0.017925292406776434,-0.3622741109324905,-5.043307883087204,-0.021527880051044092,0.02066875894584186,-0.0,1.5715139066771642,-2.1016508080827414,1077.0499073475607,0.0,-0.0024860234034864695,30.000000000044075,0.0,1.5708791942414897,109.0,0.1413389606184194,0.0566491464215977,0.05360018672767265,0.22822034033092237,0.3520124654731519,0.041221720586790696,0.13020026523212186,0.22070744650013144,-33.691279340635035,0.14940696535728076
129.9,-2.1362070905256587,1375.4550873296148,5.114,0.01,29.98,0.0,1.5718984625444303,0.0,0.0,0.0,-2.132627531323689,1081.0235795099306,0.0,-0.356284569907783,29.997349792179328,0.0,129.823,0.027820762036044378,-0.38236726174249297,-5.064984551619044,1.5727888979148232,0.028934734009567177,-0.38227881485371284,-5.050134752044457,0.021970638306192294,-0.030353097628694314,-0.0,1.5697288475599405,-2.1019491308928346,1080.6499073351974,0.0,-0.0024860234310444254,30.00000000004407,0.0,1.5708791942424083,77.0,0.1454835164657144,0.060186649514468143,0.05540265008319439,0.23210498625975182,0.3534268614588694,0.041631580805074696,0.13029603826814845,0.22535085713525885,-33.39876146774636,0.15180216366814817
130.0,-2.1362078017624526,1378.4509448208364,5.113,0.0,29.99,0.01,1.5716921321025605,0.033929567790450664,0.03462238154397935,-0.008160714808157953,-2.1328203976030284,1083.4237468133767,0.0,-0.3501522921610213,29.998367476314442,0.0,129.922,0.02969657361608294,-0.3826882428717177,-5.071715411249046,1.5705669424950872,0.03160992884196018,-0.38842339614756727,-5.052608607761783,0.03452139435614437,-0.04571322598719618,-0.01,1.5696434731863644,-2.102148012767075,1083.0499073269552,0.0,-0.002486023438158734,30.00000000004407,0.0,1.5708791942426454,78.0,0.14173300891432367,0.05693047319114509,0.054732352787767516,0.22821577975078652,0.35200520522564666,0.041377790457034054,0.1304362495132756,0.2210407983987649,-33.62157253842618,0.1493901804435679
130.1,-2.1362085099501655,1381.4357065301829,5.113,0.01,29.99,0.0,1.5711358301367166,0.0,0.0,0.0,-2.132994573268948,1086.4240066913462,0.0,-0.3328019057361452,29.998588298365103,0.0,130.021,0.030201578184904758,-0.38412112500462664,-5.050779501224242,1.5763825473469975,0.02393527224659662,-0.3895642194602099,-5.052088283540215,-0.05141041473815737,-0.039092327609299815,-0.0,1.5721789355894045,-2.1023966151107385,1086.0499073166525,0.0,-0.00248602343071802,30.00000000004407,0.0,1.5708791942423974,79.0,0.14236847973695255,0.05694750834538962,0.05447919907090108,0.22886808492149596,0.3523863544279248,0.04139435493845549,0.13040839076772,0.22175636994679948,-33.62319167302163,0.14991001580328142
130.2,-2.1362092207767773,1384.4315639937836,5.112,0.01,29.98,0.0,1.5712436892234276,0.019338160657537826,-0.016592500956664594,0.00535674909164546,-2.1329114848968866,1089.4241436496711,0.0,-0.3349668233677518,29.996616748331085,0.0,130.12,0.025901009191710452,-0.3880754273083968,-5.064950841991292,1.5792947458472615,0.014368783898524754,-0.39091724669100336,-5.051734159337096,-0.09952699593187439,-0.02760551701823033,-0.0,1.573785294150191,-2.1026452174529693,1089.0499073063497,0.0,-0.002486023421578664,30.00000000004407,0.0,1.5708791942420928,80.0,0.14144805113034337,0.05683239875874976,0.05418112812290667,0.22884088591217974,0.3523631211756959,0.04128026727931286,0.1303018678695072,0.22138362482860002,-33.65652702470179,0.1498836656146093
130.3,-2.136209931708322,1387.4274214428783,5.113,0.01,29.98,-0.01,1.571987415724669,0.004322197769039711,-0.036114535458417564,0.009551078882603517,-2.132640863903848,1092.4239713300951,0.0,-0.356563725513249,29.992226575158696,0.0,130.219,0.029325593886935893,-0.3650428360727853,-5.027744708092627,1.5776831385384693,0.019757670162783597,-0.3713809068674373,-5.046690548476503,-0.051201291181296904,0.026904319620552286,0.01,1.5721693863031443,-2.1028938197945672,1092.049907296047,0.0,-0.0024860234181014454,30.00000000004407,0.0,1.5708791942419769,81.0,0.14232892655046595,0.05681758780181378,0.05407615561728811,0.22874770750151627,0.35228247454262357,0.04135081416569915,0.13032313398497264,0.2215324568638747,-33.64770961693161,0.14978902469471228
130.4,-2.1362106405699706,1390.412183110522,5.112,0.01,29.98,0.0,1.5723769156637157,-0.03366363056524136,-0.0021431430981936834,-0.0012828918115953694,-2.1324637295986886,1095.4234345392533,0.0,-0.37068643411765473,29.988623713085854,0.0,130.318,0.029546650012304082,-0.3635596376100451,-5.020934581759807,1.5780041609733872,0.02215785942559459,-0.3634439457373364,-5.045708214119523,-0.03295795271521325,0.04362237632924959,-0.0,1.5715609896311418,-2.103142422135431,1095.0499072857442,0.0,-0.002486023425262384,30.00000000004407,0.0,1.5708791942422156,82.0,0.14172999981710013,0.05681052827294064,0.05397516226573825,0.2286460351273697,0.3522105920415276,0.04127222828625598,0.13025718990762444,0.2212297899884721,-33.66300608501657,0.1496988659697039
130.5,-2.1362113515687042,1393.408040534191,5.111,0.0,29.98,0.0,1.5722409856414907,-0.03586491709485782,0.007393186043183596,-0.004119288393959837,-2.132556985124471,1098.4226368209509,0.0,-0.36498370469351493,29.986908727301785,0.0,130.417,0.02769880819967237,-0.3699379638546471,-5.093576466646883,1.5724821907723807,0.02145135310917789,-0.36321632776265256,-5.045920937125537,-0.019063846835249854,0.037482674005996586,-0.0,1.5714314181674547,-2.1033910244759917,1098.0499072754415,0.0,-0.002486023428633021,30.00000000004407,0.0,1.570879194242328,83.0,0.14189627886931003,0.056970538467573294,0.05394010820966979,0.22877171761372245,0.3522436157319996,0.04129668835527496,0.13026542544878464,0.22137629262426406,-33.657570072014394,0.14976606494925881
130.601,-2.1362120594774865,1396.3928021746233,5.112,0.0,29.98,0.0,1.5720115596803392,-0.015756192213673293,0.010126114452658317,-0.0029194225537996434,-2.1329708738893722,1102.0216308527288,0.0,-0.3588523419367334,29.98800178308041,0.0,130.516,0.026751068002443052,-0.36584214235267065,-5.043803810945444,1.5748749694892334,0.022025792827730747,-0.3619220970913093,-5.044235925389112,-0.025390237046790574,0.03515333044487079,-0.0,1.5716422405475634,-2.103689347290902,1101.6499072630781,0.0,-0.002486023505524848,30.00000000004408,0.0,1.570879194244891,85.0,0.1429696079442657,0.05715191358798903,0.053959960468964396,0.22897934427237868,0.35232868401404893,0.04142308952370978,0.1303552427184347,0.22189373068866958,-33.628578524787585,0.14989964656711718
130.7,-2.136212770376005,1399.388659570166,5.113,0.0,29.98,0.0,1.5719395428339507,-0.008517762286448642,0.003282521687576963,-0.003153149785656347,-2.133482063076915,1105.0209449768192,0.0,-0.35518194110290224,29.989812028335084,0.0,130.615,0.027072937531839987,-0.3624771239741572,-5.053074170680143,1.5731431346829712,0.025394212945158028,-0.36268806972825607,-5.05140302630854,0.007615462104483436,0.028910791373128575,-0.0,1.5705425534409103,-2.1039379496399353,1104.6499072527754,0.0,-0.002486023503779577,30.00000000004408,0.0,1.5708791942448328,85.0,0.14143192295678,0.0567630627237849,0.05382678838955499,0.22839993722767296,0.35208545612571557,0.04124252780122743,0.13023147898311446,0.22091424122779335,-33.67685578222416,0.1495201787492319
130.8,-2.136213479008802,1402.3734211833385,5.115,0.0,29.98,0.01,1.5717567163545196,-0.006002761248535046,0.013808577253389874,-0.0014684786659670784,-2.1339438146584198,1107.4205625868476,0.0,-0.3500307775822162,29.992265497349123,0.0,130.714,0.029184900722006364,-0.35618224269312415,-4.984368029692286,1.5805958532923743,0.020980229648053385,-0.35584686616656447,-5.0434951714421885,-0.0474909718564066,0.04187914094433509,-0.01,1.5723782041990608,-2.1041368315201323,1107.0499072445332,0.0,-0.0024860235178816303,30.000000000044082,0.0,1.5708791942453029,86.0,0.1415471841590609,0.0566320158249833,0.05376031890500375,0.22823330207447334,0.35202139882684447,0.041240599483201745,0.13023497478720678,0.22080440355991235,-33.681793566082874,0.1494156705959107
130.9,-2.136214189729742,1405.3692785513556,5.116,0.0,29.98,0.01,1.5717790929509814,-0.011723079751635241,-0.011157407375343072,0.0034247465445367063,-2.1345363686031185,1110.420330647312,0.0,-0.3503351609271192,29.994956596694013,0.0,130.813,0.029443248498935804,-0.3574409311320437,-5.024601982106918,1.5759822530929377,0.02339985263598436,-0.3533139488668843,-5.040525074557996,-0.03026416435622768,0.041500614736413866,-0.01,1.5718044094518169,-2.1043854338704886,1110.0499072342304,0.0,-0.0024860235265746766,30.000000000044082,0.0,1.5708791942455926,87.0,0.1415580928785456,0.05665672017107137,0.05371867308508833,0.22828315694614626,0.3520481739197606,0.0412398384240695,0.13022760534394381,0.22084544341037482,-33.68254748610502,0.14945411386957752
131.0,-2.1362148982868234,1408.3540401381313,5.116,0.0,29.99,0.01,1.5719175208967664,-0.007655721784920696,-0.0007421863526104126,0.0022739674938482865,-2.1352952400345413,1114.020497928479,0.0,-0.35422426418951497,29.99937687819949,0.0,130.912,0.023200000847460097,-0.3806271825432622,-5.065411084455488,1.5762051694366876,0.015041817835561043,-0.3743509889532616,-5.043364352587533,-0.07574673730572921,-0.024870916648158214,-0.01,1.5733241509119584,1413.7160499903953,2.9784003772001854e-08,0.0,29.99999999992724,1.2069765883116483e-09,0.0,4.0232552943819185e-11,88.0,0.14140749828042262,0.056710821482031944,0.05369671961174502,0.22834138746763333,0.3520693278150163,0.04123954971374465,0.13021861037270177,0.2208457233069082,-33.683533135438616,0.1494901746902591
131.1,-2.13621560915243,1411.349897478223,5.115,0.0,29.99,0.01,1.5721347989190853,0.03923370936054872,-0.021538227044827035,0.00437637602347148,-2.135895081594949,1116.4208886352437,0.0,-0.3601604294963551,30.001847018522756,0.0,131.011,0.02988553618807845,-0.37725105784726587,-5.079227580429278,1.5744138117335438,0.0253899771402831,-0.38333255340099015,-5.053750397857826,0.00017814286430853048,-0.04076121995109716,-0.01,1.5707903786348911,-2.1048826385768975,1116.049907213625,0.0,-0.002486023538618376,30.00000000004408,0.0,1.570879194245994,89.0,0.14152587367679362,0.056739844626922824,0.0536951663858878,0.2283676831626257,0.35207828290941623,0.04127719901882822,0.13024265493151685,0.22091002611343372,-33.68082114145744,0.1495060585750233
131.2,-2.1362163203677937,1414.345754805529,5.114,0.0,29.99,0.0,1.5721066188442074,0.0398211687390645,0.02494314399963557,-0.005995081706791139,-2.1370319139228084,1120.0217331875244,0.0,-0.3569397382029022,30.00311674431467,0.0,131.11,0.027446336317086397,-0.38320466222095784,-5.102608677962174,1.5745229558178373,0.024682714122976346,-0.3866649575742327,-5.0570423434591465,-0.011272413070892271,-0.04082577150288813,-0.0,1.5711727115476977,-2.105180961402805,1119.6499072012616,0.0,-0.0024860235419024157,30.00000000004408,0.0,1.5708791942461036,90.0,0.1411874812308219,0.056884947545730855,0.053789897809161054,0.22849955418146858,0.3521152398029622,0.04123176863445511,0.13017419635570993,0.22090572372411188,-33.67674041309972,0.14957698871485445
131.3,-2.13621702872166,1417.3305163505468,5.116,0.0,29.99,0.0,1.5717734579837435,0.02547963174873243,0.008077556405945905,0.0003678077840256217,-2.137901003267095,1122.4222828781267,0.0,-0.3496359476406439,30.00235762662817,0.0,131.176,0.030815195597580013,-0.3745037690871389,-5.021139478686102,1.5727379121874152,0.030270557797806866,-0.3861437703457824,-5.053321961290264,0.02471640466518276,-0.02963907161261048,-0.0,1.56997135679146,-2.105379843284927,1122.0499071930194,0.0,-0.0024860235309844825,30.00000000004408,0.0,1.5708791942457396,74.0,0.1418337047260356,0.05696771913249832,0.05384593277795476,0.22862286871374354,0.3521782666537613,0.04131227219425001,0.13026736758668467,0.22123574379016508,-33.6603249683023,0.14966775755966258
131.4,-2.1362177396819106,1420.3263736513081,5.119,0.0,29.99,0.0,1.5713565608628581,0.0022069744807337484,0.019378404745086345,-0.00768740380768915,-2.1389748461816587,1125.4227605894566,0.0,-0.33801778402985716,29.99963231103647,0.0,131.308,0.029595442005089668,-0.3820361646632659,-5.042764414270164,1.5768334498668928,0.02419198545737615,-0.3853647122678091,-5.051239067879152,-0.03881398956981848,-0.022395905515327996,-0.0,1.5720915243603568,-2.1056284456369445,1125.0499071827167,0.0,-0.002486023532669801,30.00000000004408,0.0,1.5708791942457958,92.0,0.19935047924863147,0.06765103467799585,0.05611421741248426,0.24466231258616228,0.35912612872990085,0.04781399164011096,0.1349839874719675,0.25680415967240516,-32.42854774465581,0.16088478608419282
131.5,-2.1362184513056945,1423.3111374072705,5.123,0.0,29.99,0.0,1.5713285073896426,-0.006657103066601803,-0.008913657844548074,0.0025854312170450313,-2.13992085736434,1128.4229286160116,0.0,-0.33495845817524456,29.996680747930863,0.0,131.407,0.0321128672848919,-0.38163883209174176,-5.034480833951981,1.5734652328170347,0.027826558193245532,-0.38501756889891403,-5.047408815281505,-0.016327062167130927,-0.015878620335403326,-0.0,1.5713410320206331,-2.1058770479894497,1128.049907172414,0.0,-0.0024860235378456608,30.00000000004408,0.0,1.5708791942459683,93.0,0.14150025580745512,0.0576861621115546,0.05521918198784975,0.22875512717722465,0.3521086862509186,0.04134335861913726,0.13032157454386306,0.2214015949888614,-33.57239706858914,0.14964139577917368
131.6,-2.1362191623330204,1426.3069946841251,5.126,0.0,29.98,0.0,1.5714089620185572,-0.005103087806040191,0.0025174438984760864,-0.00014505210774743365,-2.140902402303149,1132.0227261419923,0.0,-0.3367674839462981,29.993079981848393,0.0,131.506,0.028501440428863597,-0.384891058579723,-5.018312921854046,1.5861621076767396,0.012051756839460338,-0.3864922386042071,-5.042827016058347,-0.14388054420991014,-0.006251797011341154,-0.0,1.5755965085455261,-2.1061753708134248,1131.6499071600508,0.0,-0.0024860235220002217,30.00000000006682,0.0,1.57087919424544,94.0,0.14149499981503288,0.0566655329505989,0.05461789776383437,0.22830247112545796,0.3521354129530366,0.04130008547691639,0.13040393220882368,0.22104718232689247,-33.64186722864828,0.14952432784212816
131.7,-2.1362198740606004,1429.291758428648,5.13,0.0,29.98,0.0,1.5720653840715553,-0.0005543612233207104,-0.054310464803989295,0.014756201093734508,-2.1415862858789896,1134.422373210011,0.0,-0.3553858142559492,29.990581186639478,0.0,131.605,0.032155638896944075,-0.36300602228990303,-4.9999253782655835,1.5780799779574157,0.02021286798316469,-0.3662474960109492,-5.034004000220577,-0.06741401615576206,0.04611023441663775,-0.0,1.5730415028218794,-2.1063742526906584,1134.0499071518086,0.0,-0.002486023409501658,30.000000000044075,0.0,1.5708791942416902,95.0,0.14134852941174358,0.056636343997713265,0.054228781834943715,0.22862073652901677,0.35230011769213515,0.04123640146302445,0.13030115595516548,0.22118948915342623,-33.66377044264458,0.14976175476478026
131.8,-2.136220585077581,1432.2876156825764,5.134,0.0,29.98,0.0,1.5727167971807088,-0.02888229009690539,0.0033953099056380207,0.0005369353304232629,-2.1427459575374375,1137.4217297817142,0.0,-0.37616537797563787,29.988215935543742,0.0,131.737,0.029533833208655248,-0.36958200612883824,-5.061917533373396,1.5790713313633031,0.02196973776588225,-0.3637510136993849,-5.038654067116411,-0.05166877192522998,0.0453121544147983,-0.0,1.572517165554457,-2.1066228550316866,1137.0499071415059,0.0,-0.0024860234162162867,30.00000000004407,0.0,1.570879194241914,63.0,0.14183221886517702,0.056810100595842634,0.05409832188811897,0.22883917054923414,0.35234730940427034,0.04127457948966006,0.13027472523204534,0.22146148163746304,-33.65683879087095,0.14987064772163328
131.9,-2.1362212937714844,1435.2723771554192,5.137,0.0,29.98,0.01,1.572552417931382,-0.02450004806429647,0.010880994472038332,-0.005630099711653744,-2.1448327517494867,1141.0208166636717,0.0,-0.3708664573387288,29.988129474546266,0.0,131.836,0.03546191885881249,-0.3618952436102757,-5.008238767308703,1.5773286748512279,0.0280801209236392,-0.3609560449661722,-5.041824876777364,-0.01972033209138281,0.04613860056141306,-0.01,1.5714530988666662,-2.1069211778395265,1140.6499071291425,0.0,-0.002486023397684444,30.000000000044075,0.0,1.5708791942412963,64.0,0.1410188827679575,0.056802266608217925,0.053990366041674974,0.22863938015959215,0.3522022632723082,0.04118786634666792,0.13017782659217939,0.22099288969862135,-33.67729912277674,0.14968863672368188
132.0,-2.136222004455817,1438.2682343822648,5.138,-0.01,29.98,0.02,1.5721944070563205,-0.01758497734337541,0.02019341334699347,-0.009621795843107846,-2.1466110682205124,1143.4202564860902,0.0,-0.3608057204501562,29.98945430231101,0.0,131.935,0.037268626565494706,-0.36544135360611774,-5.101579017898144,1.5735512927776383,0.03401644874272036,-0.360890678791426,-5.049643111121762,0.021463501013505457,0.03919512342101683,-0.02,1.5704144544492475,-2.1071200597116753,1143.0499071209003,0.0,-0.0024860234211723222,30.00000000004407,0.0,1.5708791942420792,65.0,0.13979080326878557,0.056462687340808136,0.053846685620531784,0.2280073925141319,0.35189978571975,0.041013042760718314,0.13004118018935382,0.22004257774482644,-33.71481548064984,0.14924216758570213
132.102,-2.1362227129965277,1441.2529958277928,5.138,-0.01,29.98,0.02,1.571803976726022,-0.009969463217857593,0.03037327592201412,-0.006903803811713047,-2.149619296218208,1147.01968239189,0.0,-0.34523468348337016,29.993070781539945,0.0,132.034,0.039674089737817046,-0.35783691379956445,-5.007966313713705,1.5759192392691226,0.038695249141479385,-0.356073797884657,-5.04924007841548,0.02584268870466088,0.04520362011230361,-0.02,1.5702686805069697,-2.10741838252042,1146.649907108537,0.0,-0.002486023388964752,30.000000000044075,0.0,1.5708791942410056,68.0,0.14253652956871102,0.05693229094093407,0.05385715750422341,0.22873376546993932,0.35223139088883765,0.04136728789819421,0.1303280073850148,0.22154127163825282,-33.64691380317906,0.14973964083223845
132.2,-2.1453137363972132,1444.248853025742,5.135,-0.01,29.99,0.02,1.5713723438701148,-0.004678306159216984,0.023513392711275387,-0.005238005865007007,-2.1516472094821717,1149.4195509009842,0.0,-0.33596064552644284,29.996051948692227,0.0,132.133,0.04036927698125948,-0.37575825999903456,-5.008504120634752,1.5772541692654114,0.034872757811187705,-0.36421530803172586,-5.044120892104161,-0.023426615122332704,0.00874195720044213,-0.02,1.5719105935643487,-2.107617264390675,1149.0499071002948,0.0,-0.002486023372597844,30.000000000044075,0.0,1.57087919424046,67.0,0.14048765756835427,0.056418180924979015,0.05377010478083817,0.22789470465315026,0.35185545391052886,0.04109372749523002,0.13008531730593975,0.22016015830963928,-33.70928843262905,0.14917243907636873
132.3,-2.145314447738656,1447.2336144452393,5.131,0.0,29.99,0.02,1.5713770232421833,0.019854402217944725,-0.005291851249309994,0.0038713343618091813,-2.153989293074186,1152.41969781025,0.0,-0.33508941690540905,29.999490381377406,0.0,132.232,0.039220453491423335,-0.3774186560261399,-5.008636895871189,1.5889717784813773,0.01849681285713814,-0.3786238112762794,-5.0437271164651225,-0.16284501915558125,-0.026894281490260852,-0.02,1.5762311244211213,-2.107865866727126,1152.049907089992,0.0,-0.0024860233789127926,30.000000000044075,0.0,1.5708791942406706,68.0,0.14079991197336106,0.05649227744567568,0.05370535095524619,0.22804656333414774,0.35194364192181615,0.04116929639453355,0.13020482077748036,0.22041802580095532,-33.70093560719886,0.1492937229681066
132.4,-2.14531515825945,1450.2294693352208,5.128,0.0,29.99,0.01,1.572338062050056,0.0398491029321711,-0.05643806377792735,0.016295751153497504,-2.156146038765377,1155.420120434285,0.0,-0.36208991734861995,30.000925677063883,0.0,132.331,0.0407721731222193,-0.37959255019111127,-5.028946339706642,1.5769657607848186,0.028926809091621597,-0.3821674310833253,-5.040354231099698,-0.06527431715613823,-0.029809311191989707,-0.01,1.5729750250066115,-2.108114469062524,1155.0499070796893,0.0,-0.0024860233463055424,30.00000000004408,0.0,1.5708791942395837,69.0,0.14241492235813277,0.05685019337941229,0.05378815137272907,0.22853627836549906,0.3521554047733183,0.041372735703871795,0.13031768576165553,0.22134378194775373,-33.65810368645087,0.14962234795735302
132.5,-2.1453158725245203,1453.2253264896715,5.125,-0.01,29.99,0.0,1.5729964122318219,0.025188695048073497,0.0006819640580162709,-0.0027493279719602135,-2.1584673420561518,1158.420628912707,0.0,-0.38473623145914054,30.000167930918597,0.0,132.43,0.04470600923599191,-0.3752394313455306,-4.99445746437753,1.573575587340041,0.04282830723979708,-0.38393931859946473,-5.04054392760127,0.041150040428231754,-0.02671944835296003,-0.0,1.5697567200284612,-2.10836307139571,1158.0499070693866,0.0,-0.002486023331763841,30.00000000004408,0.0,1.570879194239099,70.0,0.14194354270605608,0.056986809479490044,0.053877886995931844,0.22866013151706052,0.3521968845232845,0.041326871074925636,0.13026246221639562,0.22130261302657273,-33.65604575754155,0.14969542887794418
132.6,-2.1453165838177597,1456.210087863171,5.123,-0.01,29.99,0.0,1.5724466383133568,0.0,0.0,0.0,-2.161148511495168,1161.4210158943101,0.0,-0.3683566539443093,29.998781987832476,0.0,132.529,0.04554936634699098,-0.38535858515167676,-5.062610188641186,1.5755790624152473,0.046363045785669355,-0.38879612175830647,-5.0426061025349345,0.036768643495419445,-0.03165537406788488,-0.0,1.5699027982403089,-2.1086116737281233,1161.0499070590838,0.0,-0.0024860233314774037,30.00000000004408,0.0,1.5708791942390894,71.0,0.19895944168751323,0.06774998363771005,0.05613181056333905,0.2447862427044899,0.3591754575177322,0.047789148705772236,0.1349573508861191,0.2567503030693107,-32.43020881130835,0.16097216433370318
132.7,-2.1544076240592744,1459.2059449868823,5.12,-0.01,29.99,0.0,1.5715676474527012,0.005003069360063607,0.029006380955905266,-0.006497575927036018,-2.1639104355099437,1164.4211589312215,0.0,-0.3416091976799194,29.99649752317778,0.0,132.628,0.0460739619236972,-0.38371995137080617,-5.003406612131372,1.5839289524791837,0.037417650244975884,-0.3905415059795436,-5.041891129016131,-0.06361016690228774,-0.02831195215008364,-0.0,1.5732531315878615,-2.108860276059677,1164.049907048781,0.0,-0.002486023298317263,30.000000000044082,0.0,1.570879194237984,72.0,0.14191470394394284,0.05772066698114539,0.05524170221501653,0.22878677444563333,0.352120901318763,0.04139506794791289,0.13035484143298556,0.22156155789806406,-33.56318102748804,0.14966173996990678
132.8,-2.1544083377866627,1462.2017997999565,5.118,0.0,29.99,0.0,1.5717587697461735,0.0036043052927490424,-0.01827492262892454,0.009298115791853911,-2.1664184256092858,1167.4210109233295,0.0,-0.34620543673603327,29.9934037621066,0.0,132.727,0.05505951995025631,-0.3620992557504259,-4.995847835171061,1.577603840925679,0.047394668164577436,-0.3779397744093743,-5.036912387445094,-0.01427857460077484,0.011561438617608388,-0.0,1.5712722544745916,-2.10910887839236,1167.0499070384783,0.0,-0.0024860233679615527,30.00000000004408,0.0,1.5708791942403055,73.0,0.14173888003395366,0.0567041362515683,0.05468528849741986,0.22834165881936908,0.3521514545549956,0.04133410197941655,0.13042157324662992,0.22116460481151307,-33.63303365712366,0.14954999808831337
132.9,-2.1544090523078694,1465.1865611283424,5.117,0.0,29.98,0.0,1.571992811691251,-0.017886074435826325,0.010783188573509083,-0.0037365638620404295,-2.1686219035392464,1170.420565136139,0.0,-0.3541080906232898,29.99037593425294,0.0,132.826,0.05434893798866081,-0.3629766745471255,-4.997967116595868,1.5736390714011697,0.05416640558769874,-0.3660685985174943,-5.032335297486574,0.028765509531415615,0.04996544570633432,-0.0,1.569838433560374,-2.109357480723335,1170.0499070281755,0.0,-0.002486023255824586,30.00000000004408,0.0,1.5708791942365676,74.0,0.19949954262058892,0.06752400931884839,0.05673791853383248,0.24483419180397223,0.3593106312257415,0.04783033628666625,0.13509510876803213,0.25716509141035493,-32.404759059042924,0.16109313190298805
133.0,-2.154409769431652,1468.1824182080022,5.118,0.0,29.98,0.0,1.5716175367732086,-0.03608172839212363,0.022927160032778348,-0.006167593446014004,-2.1705252415261103,1173.4198881481077,0.0,-0.34280315022876057,29.98892068500237,0.0,132.925,0.05556257220293091,-0.3713138583472846,-5.068372362281894,1.5785570342675002,0.04940098648822708,-0.36261674075922834,-5.03257464080076,-0.0350066134197597,0.05019439191441322,-0.0,1.5719620401135057,-2.109606083048913,1173.0499070178728,0.0,-0.002486023274109959,30.00000000004408,0.0,1.5708791942371771,75.0,0.14287248624460425,0.05804202579065839,0.05566445740549051,0.22962777554052463,0.35254759258573803,0.04148882848992271,0.13047272378368827,0.22264313078053566,-33.52046488326437,0.15027400652758227
133.1,-2.1635008284735022,1471.1782752734848,5.118,0.0,29.98,0.0,1.571557015648812,-0.027667210225403097,-0.008004699079368188,0.002463305174668272,-2.172028990176744,1176.4191437687173,0.0,-0.33952135487995233,29.98904707250285,0.0,133.024,0.060563095692066145,-0.3645083781581298,-5.030994708028937,1.5722926305890441,0.05872724849061034,-0.3584864116833949,-5.03131353034081,0.01672855255706896,0.05230892666916276,-0.0,1.5702393083229638,-2.1098546853767,1176.04990700757,0.0,-0.002486023289004711,30.00000000004408,0.0,1.5708791942376736,76.0,0.1422870756601398,0.057039949263650844,0.05502449249473933,0.22899982564635465,0.3524404194523207,0.04137645780234953,0.13045493797411967,0.22191253399810745,-33.600002516681144,0.14998984814561336
133.2,-2.163501547973624,1474.1741323263855,5.118,0.0,29.99,0.0,1.5716408645410578,-0.017390521247761824,0.017089098127363613,-0.006709866414480425,-2.17307550717934,1179.4185355334935,0.0,-0.3438184111651556,29.99129974482497,0.0,133.123,0.06006012133298112,-0.3607421133809049,-5.03013330774759,1.5713805020697909,0.06216365822255128,-0.35726306336448077,-5.03117380838799,0.03643042225830546,0.04145380299491208,-0.0,1.56958325184263,-2.11010328770451,1179.0499069972673,0.0,-0.002486023275668712,30.00000000004408,0.0,1.570879194237229,77.0,0.19971486260698212,0.0678075327925452,0.05701884731499775,0.2453350206953959,0.35951419390673967,0.047839442076990146,0.13510550343324737,0.2577168740748809,-32.38333466764314,0.16144209379619323
133.3,-2.1635022656851106,1477.1588935991172,5.116,0.01,29.99,0.01,1.5712377671760063,-0.006877469894835392,0.018372292438353168,-0.006163624628778106,-2.173589427433824,1182.4182161546094,0.0,-0.3304304343435795,29.994683331963213,0.0,133.222,0.059524206522114535,-0.35851738081894413,-5.011732621821296,1.5717146530388415,0.060662230292127944,-0.35467824462342945,-5.027816210628098,0.014141334521357548,0.041867948678628863,-0.01,1.569992469726709,-2.110351890031665,1182.0499069869645,0.0,-0.0024860232911363394,30.000000000044075,0.0,1.5708791942377447,78.0,0.14269002330018804,0.05798428332856703,0.05582137070706662,0.2296173274229357,0.35254004182284426,0.04146757626371687,0.13047564712906776,0.22259069780639212,-33.51837163510013,0.1502609777259818
133.401,-2.1635029854074332,1480.1547506257698,5.113,0.02,30.0,0.01,1.5709224585905923,-0.0023930831998495096,0.004456265725912664,-0.0030126460757573838,-2.1732748985771866,1186.0183445183013,0.0,-0.32061826987442754,29.99992025938185,0.0,133.321,0.059670754850017764,-0.38149317596823296,-5.0160834626063355,1.5850008948078202,0.04331966734941782,-0.3677270701130637,-5.024870156737663,-0.1344126141196351,-0.005990106014085228,-0.01,1.574610823743039,-2.110650212828394,1185.6499069746012,0.0,-0.0024860233445203037,30.00000000004408,0.0,1.5708791942395242,80.0,0.1430454141123783,0.057006770473254205,0.05507583361839293,0.22908747370731083,0.35248987580922864,0.041461858514700495,0.1305412048020302,0.22223538484739486,-33.582849628815204,0.15005379157964263
133.501,-2.1635037022442702,1483.1506053041257,5.108,0.02,30.0,0.0,1.5717100443460534,0.02832214717942542,-0.05285767324481261,0.016020258531615553,-2.1722588171176387,1189.0188782514806,0.0,-0.3514820466660726,30.00265464604681,0.0,133.42,0.06005644893713099,-0.37829125764158456,-5.024075064120619,1.5886621833224563,0.03178756778376765,-0.3802243159867713,-5.024576141826769,-0.20460049646653047,-0.034082337557968856,-0.0,1.5769565973866202,-2.110898815161552,1188.6499069642985,0.0,-0.002486023342002318,30.00000000004408,0.0,1.5708791942394402,81.0,0.14317984933161107,0.05696696730440605,0.054619771156262154,0.22928308429334307,0.35258336227506415,0.041477918299210985,0.13048930713603873,0.22236266109918343,-33.602597990477,0.15019584834681093
133.6,-2.1635044221765725,1486.1464622987291,5.107,0.02,30.0,0.0,1.5732210204612953,0.0417607283988542,-0.06915900020613877,0.019268983803490097,-2.1712630113512437,1191.4194993768022,0.0,-0.38834161057247624,30.003111429922328,0.0,133.519,0.05750082790560925,-0.373243759719851,-4.992126650628444,1.5689792700959695,0.053547222971185665,-0.3799867844869005,-5.020580545404059,0.012612312978644288,-0.02536421085695295,-0.0,1.5697083302520887,-2.111097697028793,1191.0499069560562,0.0,-0.002486023355378285,30.00000000004408,0.0,1.570879194239886,81.0,0.14295190638717906,0.0569677389682982,0.05444782515517401,0.2291372543073845,0.35245928145693534,0.04143502679338795,0.13040041393506976,0.22209769228348983,-33.61694797241892,0.15005184373633562
133.7,-2.163505142613758,1489.1423192797245,5.107,0.02,30.0,0.0,1.5731488261979558,0.022294849880123868,0.03764074550748075,-0.017995814904400886,-2.170100907241383,1195.0204840039644,0.0,-0.382391278468248,30.002682371262296,0.0,133.618,0.05531609150725886,-0.3746469498776004,-4.981903725817859,1.573949404392621,0.04824767132697727,-0.3773437909854285,-5.010493333271489,-0.03424592218769645,-0.012893558640822533,-0.0,1.5712713950094253,-2.1113960198300084,1194.649906943693,0.0,-0.0024860233194536883,30.000000000044082,0.0,1.5708791942386886,82.0,0.1420384662173526,0.05699013837946464,0.05431523742082086,0.22896247457114113,0.3523383537031814,0.04132490941715692,0.13031531171852032,0.22162890563260862,-33.63658697468264,0.1498988760665052
133.8,-2.1635058626785053,1492.1381762455376,5.107,0.02,30.0,-0.01,1.5723274506770561,0.0032484997492129696,0.013291051739751689,-0.004966210224630955,-2.1695708537143603,1197.4210276930994,0.0,-0.3644456349681944,30.001561274993783,0.0,133.717,0.053530560419220496,-0.38479156021089983,-5.051001545023911,1.5779926585289303,0.04693249544689301,-0.3843184387602596,-5.016154866004115,-0.0491924311236243,-0.026367310596466353,0.01,1.5717702635277557,-2.11159490169412,1197.0499069354507,0.0,-0.002486023320332985,30.000000000044082,0.0,1.570879194238718,83.0,0.14185443191826788,0.056866186033561736,0.054143141921248784,0.2286703359553679,0.35220235722911336,0.041298978414966894,0.13029862210124413,0.22130788230925016,-33.6512689847641,0.14969700552006765
133.9,-2.1635065798162145,1495.1229374320533,5.107,0.02,30.0,-0.01,1.5721611108772944,0.003312647856802429,0.0024485935147633394,-0.0019139255117736117,-2.1688073046461103,1201.021553481492,0.0,-0.35738016185764054,29.998624810090487,0.0,133.816,0.05437580976286626,-0.3872169320563005,-5.044308823879073,1.5887444587191846,0.031113032565812167,-0.3906265519554989,-5.017735798842361,-0.17565670414401255,-0.03560126367017702,0.01,1.5759910014952812,-2.1118932244900113,1200.6499069230874,0.0,-0.0024860232729575476,30.00000000004408,0.0,1.5708791942371387,84.0,0.14133057292005397,0.056690075996204084,0.053954982203364595,0.22838200756553798,0.3520834930652879,0.04124605819708213,0.13025427838810122,0.22088777748685365,-33.674323487098775,0.1495104724355904
134.0,-2.1635072997033262,1498.1187943711002,5.109,0.02,30.0,-0.01,1.5728850837938975,0.008633118925448774,-0.05113510772396071,0.015299650263147705,-2.168336992089877,1203.421675205647,0.0,-0.37795816539026406,29.995601280508296,0.0,133.915,0.050500926331194816,-0.386716128091425,-4.994055845890146,1.5838935305084267,0.027561859415455775,-0.39211740378282933,-5.012066103193428,-0.1579499160353418,-0.03080770643976294,0.01,1.5753993518079106,-2.1120921063511098,1203.0499069148452,0.0,-0.0024860232777403884,30.00000000004408,0.0,1.5708791942372982,85.0,0.14237001261887886,0.056690841963736194,0.053910468147301695,0.22836141686217673,0.3520777602963391,0.041362608845543825,0.13031725466704797,0.2211905489125712,-33.65918244650731,0.14950063931659313
134.1,-2.163508023444763,1501.1146536579663,5.112,0.01,29.99,-0.01,1.5738544450749195,0.0077082873584066345,-0.03299848893663264,0.0066737469574239,-2.1680713274442067,1206.4215300345597,0.0,-0.40800028835785646,29.991377694329937,0.0,134.014,0.054661135814258084,-0.3599226064869248,-4.944408902668781,1.5788062961660945,0.04664864711398256,-0.3671255078043383,-5.003216151883569,-0.009865127335239638,0.045222566903071026,0.01,1.5707918363116162,-2.1123407086781234,1206.0499069045425,0.0,-0.0024860232572567736,30.00000000004408,0.0,1.5708791942366154,86.0,0.14246197052176385,0.05675023424653296,0.05393954525542605,0.22840986673135807,0.352094635005288,0.04135243390448362,0.13029498956374594,0.22125398398932747,-33.654290986984485,0.1495305557239618
134.2,-2.1635087405463764,1504.0994148077032,5.113,0.0,29.99,0.0,1.5734847987212726,-0.03533456501035829,0.04604710988545505,-0.013395167360816515,-2.1685882899439135,1210.0209196839066,0.0,-0.39144112977017115,29.98852723362671,0.0,134.113,0.05512873873988066,-0.3631884053209493,-4.985034108214536,1.5811787985157546,0.04703080201443559,-0.35954936243825275,-5.001001271181707,-0.026849664235368994,0.05768287031895625,-0.0,1.5716898951011478,-2.1126390314670287,1209.6499068921792,0.0,-0.002486023261713209,30.00000000004408,0.0,1.570879194236764,87.0,0.14275954329463522,0.05678028058724186,0.053951320080958674,0.22842820514376566,0.35210224008569413,0.04137268493839364,0.13031326235643226,0.2213637101872908,-33.648946774763324,0.14954319334914393
134.3,-2.163509460772957,1507.095271710279,5.112,0.0,29.99,0.0,1.5727008445563282,-0.035347318107927274,0.025490783312451238,-0.005620825423208285,-2.1695316106297313,1213.0202018270315,0.0,-0.3714118507178408,29.988115565240072,0.0,134.212,0.05249674665829587,-0.372628262511242,-5.068925383812763,1.5787426239372222,0.04573396433535548,-0.3633877989023261,-5.008842703000303,-0.037130405670912754,0.03899198706882956,-0.0,1.5720328114149624,-2.1128876337936995,1212.6499068818764,0.0,-0.0024860232711056956,30.00000000004408,0.0,1.570879194237077,88.0,0.14269433256455663,0.05695610843764297,0.05399423625300684,0.22863927722111105,0.35218760804051863,0.04136760296772857,0.13030609611538208,0.22152403598857123,-33.64181747326708,0.14967982634953936
134.4,-2.1635101774978693,1510.0911262237046,5.109,0.0,29.99,0.0,1.5724299454039448,0.0,0.0,0.0,-2.1703958983788776,1215.4196413015363,0.0,-0.36573136279229956,29.98913157173046,0.0,134.311,0.0531972794515211,-0.36907367162357213,-5.025476423247795,1.5785888656921652,0.045800820296258093,-0.36237789423154,-5.007741081514313,-0.03944848983962703,0.03506159942964615,-0.0,1.5721101781257343,-2.1130865156549454,1215.0499068736342,0.0,-0.0024860232985237634,30.000000000044075,0.0,1.570879194237991,89.0,0.14207862130139232,0.056892267146069896,0.0539534243812907,0.2285256457806975,0.35213980595485167,0.04130320200038729,0.1302706288927239,0.2212368416593879,-33.6559237772094,0.1496049211557037
134.5,-2.1635108944737453,1513.0758873284246,5.107,0.0,29.99,0.0,1.5724264878688865,-0.004066901059232007,0.008267364873626655,0.0007095052864773667,-2.1716527346704932,1219.0189894726868,0.0,-0.36684836524639913,29.991333078598217,0.0,134.41,0.05434569367733564,-0.3667447596084962,-5.04805505026999,1.58045918843269,0.03846434428457497,-0.36379676500930613,-5.016986346720069,-0.09942376838442304,0.026297379719395053,-0.0,1.5741086408861256,-2.113384838451905,1218.649906861271,0.0,-0.0024860233379322403,30.00000000004408,0.0,1.5708791942393046,90.0,0.1416343043982557,0.056679926482130244,0.0538268424911184,0.22826807282723918,0.3520428093162232,0.04125419668354945,0.13024715516510701,0.22087690205709004,-33.67600911633214,0.14944489696806965
134.6,-2.1635116151825287,1516.0717441852473,5.106,0.0,30.0,0.0,1.572906208052535,0.003282076450207922,-0.021714349066812366,0.008271538632173758,-2.1724337912753096,1221.418721999451,0.0,-0.37905286241283376,29.992677469828784,0.0,134.509,0.0569049236401115,-0.3601185743109899,-5.020818290546516,1.5762612121948572,0.0512144241158068,-0.3593739267164169,-5.01827271885994,-0.007752412968883352,0.025818091890872807,-0.0,1.571054518354337,-2.113583720317959,1221.0499068530287,0.0,-0.0024860233348413794,30.00000000004408,0.0,1.5708791942392015,91.0,0.14185886052539906,0.05663550521781753,0.05377663011595675,0.22824172325528852,0.35203582752242624,0.04127489074289428,0.13025180976254894,0.22091610135367074,-33.67601112519793,0.14943136878881463
134.702,-2.1635123325600603,1519.0565052623479,5.104,0.0,30.0,0.0,1.572836595881034,0.003296253832690504,0.025272083732875726,-0.008503792353477584,-2.1735600852446972,1225.0185849971326,0.0,-0.37416192315851676,29.995551819779536,0.0,134.608,0.05946346099000339,-0.35682891839986614,-5.018015273666634,1.5752638651662558,0.05549995926274583,-0.35497801589253464,-5.015969082816605,0.00299834848542901,0.03343895374064232,-0.0,1.5706964931234983,-2.113882043115798,1224.6499068406654,0.0,-0.0024860233120396194,30.000000000044082,0.0,1.5708791942384415,94.0,0.14420403488869435,0.057080018177730056,0.053872864109028175,0.2289215234683209,0.35233044518461787,0.04155803054354667,0.1304504861823495,0.22224142339957734,-33.611220396287266,0.14988308216734803
134.8,-2.16351305261378,1522.0523620924878,5.102,0.0,30.0,0.0,1.5722387637386586,-0.0038367865201857083,0.020211565702522204,-0.00681760877040681,-2.1742132767948186,1227.4186563256267,0.0,-0.3601412097025883,29.997212532781543,0.0,134.707,0.058138184707904564,-0.37448106673231585,-4.9962329615574035,1.5735428613128943,0.05182671946733437,-0.36950293713956506,-5.008965259143672,-0.027561210540293896,-0.007079815133721468,-0.0,1.5717152504146263,-2.11408092497956,1227.0499068324232,0.0,-0.0024860232992498493,30.000000000044075,0.0,1.5708791942380151,93.0,0.1412471543671454,0.05663554309099734,0.05372886725526064,0.22822833888133778,0.35202237970769534,0.04121857649436656,0.13020803833381508,0.22070616931312764,-33.68971428495228,0.1494165721011942
134.9,-2.1635137694383957,1525.0371231425152,5.102,0.0,30.0,0.0,1.5720881970508511,0.0,0.0,0.0,-2.1747391083320795,1230.418916328139,0.0,-0.35417625698575306,29.999245677884108,0.0,134.806,0.05984237754290547,-0.37090052304125276,-4.956840665512916,1.5763485739352028,0.05387033982986711,-0.3761625858558083,-5.004489923644769,-0.009687406299831603,-0.020253594722369428,-0.0,1.5711194584795916,-2.114329527310366,1230.0499068221204,0.0,-0.002486023331897068,30.00000000004408,0.0,1.5708791942391034,94.0,0.1410325373033094,0.05659001707018574,0.053693632741578776,0.22815263641625025,0.3519846875379407,0.041198382808218685,0.1302045315381264,0.22057298535114372,-33.69423902616615,0.14936150012275773
135.0,-2.1635145106755544,1528.1217460722694,5.1,0.01,30.0,0.0,1.5719787993610392,0.02248585466817955,0.01083537784312958,-0.002141180109476844,-2.1748337143595147,1233.419290099483,0.0,-0.3519070425067198,29.999767534404615,0.0,134.905,0.05654283056679205,-0.38153086521207596,-5.056995231520894,1.5862626497954044,0.04043465317209899,-0.3819312709756617,-5.009217334082797,-0.13254381618946737,-0.030362544432971816,-0.0,1.5748852362261947,-2.1145781296438457,1233.0499068118177,0.0,-0.002486023336839781,30.00000000004408,0.0,1.5708791942392681,95.0,0.14148828573385205,0.05674676037427705,0.05367907105754009,0.22838505498704834,0.3520892535021678,0.04126179699915727,0.13024335560497186,0.22091301582647394,-33.68207681242799,0.14952091496248182
135.107,-2.1635152274948837,1531.117600451445,5.098,0.01,30.0,0.0,1.5726667862061896,0.02000081730900381,-0.05235280565687745,0.014178828192881108,-2.174427412671986,1237.0196919432326,0.0,-0.3755310481305747,29.99770101465768,0.0,135.037,0.05381591890104285,-0.3806112305294691,-5.0083718603996985,1.57570617118904,0.04213399929457673,-0.3842319519798354,-5.008078172141261,-0.06999575378046771,-0.028843877035239274,-0.0,1.572798107219965,-2.1148764524429375,1236.6499067994544,0.0,-0.0024860233425885157,30.00000000004408,0.0,1.5708791942394598,70.0,0.149972126103796,0.05831191603815457,0.05411794960605851,0.2307364927728427,0.35311406180391314,0.0423046817886347,0.13098606263749546,0.22569657507697896,-33.45361096881458,0.15109503838174454
135.2,-2.1635159448302943,1534.102361455077,5.098,0.01,29.99,-0.01,1.5732433226101585,0.0,0.0,0.0,-2.1740236353981683,1239.419816715705,0.0,-0.38953320484440185,29.99570366869513,0.0,135.136,0.05582087653990916,-0.3862040738585196,-5.035760668234514,1.582203070655656,0.044387508509384346,-0.38619271772563646,-5.009056794329036,-0.07441378716438335,-0.019772611982620703,0.01,1.5729455826930312,-2.115075334310409,1239.0499067912122,0.0,-0.0024860233570436195,30.00000000004408,0.0,1.5708791942399416,64.0,0.1390476861254689,0.0563115034156879,0.05384011563169197,0.22757847666199826,0.3516921039594928,0.04095166191935632,0.12991761341016902,0.21943892640041768,-33.7359471875957,0.1489383052343103
135.3,-2.163516651814348,1537.0427393831944,5.099,0.01,29.99,-0.01,1.5731699672203996,0.0028535971516435673,0.0021307658729052617,-0.0019300288016291312,-2.1735964008748883,1242.4197055092557,0.0,-0.38667640481440163,29.99215577152033,0.0,135.235,0.0563314359528547,-0.35943942852596955,-4.976452424588459,1.5758243251771022,0.04909100193031171,-0.3740597378206071,-5.003757806703092,-0.02266625957973508,0.01681697943015692,0.01,1.5712184395046895,-2.115323936646083,1242.0499067809094,0.0,-0.0024860233655501483,30.00000000004408,0.0,1.5708791942402252,65.0,0.13995360705182677,0.056229412026349276,0.053687809415988684,0.22764315851190728,0.35176725152433874,0.041069751679538746,0.1301834432624246,0.21982720004847828,-33.72697879900584,0.14902022352831695
135.4,-2.163517369122985,1540.0275003593315,5.098,0.01,29.99,-0.01,1.5728199065804966,-0.02100270068304718,0.025547539831325645,-0.0080382389423901,-2.1732656022899923,1245.4192742264281,0.0,-0.377228717546175,29.989691894731983,0.0,135.334,0.05709142217132751,-0.35974231843721083,-4.971450089160226,1.5766486896283798,0.05183479373338527,-0.3598052993892147,-4.997771947288761,-0.010320701096657763,0.050226022898463896,0.01,1.5708070025167238,-2.115572538983139,1245.0499067706066,0.0,-0.0024860233522407947,30.00000000004408,0.0,1.5708791942397815,66.0,0.14098866821285938,0.05650722953425847,0.053679833103698976,0.22807817995565421,0.35196916313402404,0.04118067236782311,0.13020604649362622,0.22050380632542949,-33.7028993691403,0.1493230572272241
