timestamp,quad_x,quad_y,quad_z,quad_vx,quad_vy,quad_vz,quad_yaw,quad_omgx,quad_omgy,quad_omgz,landing_pad_x,landing_pad_y,landing_pad_z,landing_pad_vx,landing_pad_vy,landing_pad_vz,landing_pad_yaw,landing_pad_true_x,landing_pad_true_y,landing_pad_true_z,landing_pad_true_vx,landing_pad_true_vy,landing_pad_true_vz,landing_pad_true_yaw
576.9,8.910768607359176e-11,1.3511267191873566e-10,0.019,-0.01,0.0,0.0,1.5891414909299948,0.0,0.0,0.0,0.0,0.0,0.0,0.0,0.0,0.0,0.0,-5.39161752933335,4.370336417932988,0.0,-2.9996432612008044,-0.03261148285792391,0.0,-3.1307212948103804
577.0,-2.9914697975697013e-10,1.8715060230711789e-10,0.021,-0.01,0.01,0.0,1.5891254479673245,-0.0003129126366857541,-0.00029762112724503263,0.0007747029664280406,0.0,0.0,0.0,0.0,0.0,0.0,0.0,-5.692238957500147,4.376097044246887,0.0,-2.986524144687071,-0.28212871573435044,0.0,-3.0474049213861774
577.101,-2.9914697975697013e-10,1.8715060230711789e-10,0.022,-0.01,0.01,0.0,1.5891165203091244,-0.0003666367865191488,-0.0002732912061609043,0.0006955550787907988,0.0,0.0,0.0,0.0,0.0,0.0,0.0,-6.052057567697952,4.349968746891414,0.0,-2.9434498765456336,-0.5788142530787604,0.0,-2.9474252732768313
577.2,-2.9914697975697013e-10,1.8715060230711789e-10,0.024,-0.01,0.01,0.0,1.5890924493458607,-0.0003285631470473542,-0.00033041802427011876,0.000693673974876858,0.0,0.0,0.0,0.0,0.0,0.0,0.0,-6.289709940000001,4.312638926767601,0.0,-2.898362706963096,-0.7735738064142506,0.0,-2.8807721745370527
577.3,-2.9914697975697013e-10,1.8715060230711789e-10,0.025,-0.01,0.01,0.0,1.589082631343279,-0.0003630261599697501,-0.00023364969805209998,0.0007809998428074602,0.0,0.0,0.0,0.0,0.0,0.0,0.0,-6.582414477550995,4.243860430232487,0.0,-2.8239320916753186,-1.0120922400123673,0.0,-2.7974558011120703
577.4,-2.9914697975697013e-10,1.8715060230711789e-10,0.026,-0.01,0.01,0.0,1.5890725209054093,-0.00036071520519631865,-0.00031410167045670557,0.000649250110106301,0.0,0.0,0.0,0.0,0.0,0.0,0.0,-6.868379933566651,4.150961636621703,0.0,-2.7299100716184466,-1.2435891513587283,0.0,-2.714139427686858
577.5,-2.9914697975697013e-10,1.8715060230711789e-10,0.026,-0.01,0.01,0.0,1.589053404578243,-0.0004147948728290902,-0.0002299559890940157,0.0007039016210504942,0.0,0.0,0.0,0.0,0.0,0.0,0.0,-7.145622393097061,4.034587040931322,0.0,-2.6169490433504508,-1.4664585426864265,0.0,-2.63082305426138
577.6,-2.9914697975697013e-10,1.8715060230711789e-10,0.028,-0.01,0.01,0.0,1.5890347185221056,-0.00043579158716347316,-0.0003213845502533588,0.0006815195591821567,0.0,0.0,0.0,0.0,0.0,0.0,0.0,-7.412218457883337,3.895544003964183,0.0,-2.485832670512823,-1.6791542322502706,0.0,-2.5475066808356552
577.7,-2.100392932496975e-10,-5.748307038699885e-11,0.03,-0.01,0.01,0.0,1.5890158722784855,-0.0004045059618734872,0.0009640891213249838,0.000310600013831457,0.0,0.0,0.0,0.0,0.0,0.0,0.0,-7.666318590132035,3.734797151180782,0.0,-2.337470547370494,-1.8802005940391127,0.0,-2.4641903074096714
577.8,-2.100392932496975e-10,-5.748307038699885e-11,0.036,-0.01,0.01,-0.06,1.5890841605749468,0.018014718052690747,0.03295201665532376,0.0022135573855922522,0.0,0.0,0.0,0.0,0.0,0.0,0.0,-7.906159943875065,3.553461680510307,0.0,-2.172892022776853,-2.0682029035601976,0.0,-2.3808739339833913
577.9,-1.9845432762399806e-10,-5.233302194374012e-10,0.049,0.0,0.01,-0.14,1.5891099619355538,0.013687603073432673,0.01642909307438053,0.003673671448543538,0.0,0.0,0.0,0.0,0.0,0.0,0.0,-8.130078594896055,3.3527956255495606,0.0,-1.9932388187690444,-2.241856829887997,0.0,-2.297557560556834
578.0,6.886873016309636e-11,-1.1799220628327944e-10,0.07,0.0,0.01,-0.23,1.5891851960357763,0.0,0.0,0.0,0.0,0.0,0.0,0.0,0.0,0.0,0.0,-8.336521084376823,3.134191127824671,0.0,-1.7997573010277315,-2.3999576268326073,0.0,-2.214241187129912
578.102,-2.302782478591503e-10,6.915839428911497e-11,0.099,0.0,0.0,-0.32,1.5891682739045956,-0.0022908481432825484,-0.009234852779627597,-0.0010156725270176812,0.0,0.0,0.0,0.0,0.0,0.0,0.0,-8.55917610831017,2.8503304921517794,0.0,-1.5512223171419037,-2.5676122186051296,0.0,-2.1142615390172184
578.2,4.862978075781399e-11,3.8839560734249545e-10,0.135,0.0,0.0,-0.41,1.5892342841860392,-0.0056623215515640484,-0.016591577283352383,0.0036789053124264273,0.0,0.0,0.0,0.0,0.0,0.0,0.0,-8.691379892990877,2.6493470976950046,0.0,-1.376765204332997,-2.665228062270636,0.0,-2.0476084402829944
578.3,-6.071686209363492e-11,1.780658953620673e-13,0.18,0.01,0.0,-0.5,1.5891673463073113,0.0,0.0,0.0,0.0,0.0,0.0,0.0,0.0,0.0,0.0,-8.837334342412849,2.3864712209346624,0.0,-1.1501891589280453,-2.7705573351420987,0.0,-1.9642920668683967
578.4,0.009089148458562887,-2.411995603246453e-11,0.234,0.01,0.0,-0.6,1.5892223949220519,-0.006851656730504243,-0.015222063055224947,0.00458042596897979,0.0,0.0,0.0,0.0,0.0,0.0,0.0,-8.960905970345147,2.112360876987652,0.0,-0.9156335646248246,-2.856665602673603,0.0,-1.8809756934530037
578.5,0.009089148838163572,-3.561723138645334e-11,0.299,0.01,0.0,-0.7,1.5891388981279473,-0.005804206430371306,-0.012596989608449847,-0.0032739789922919555,0.0,0.0,0.0,0.0,0.0,0.0,0.0,-9.061237485828746,1.828917734736268,0.0,-0.6747256582859564,-2.922955433554243,0.0,-1.7976593200368618
578.6,0.009089148518777651,-1.0157150120981839e-10,0.374,0.01,0.0,-0.8,1.5892075831678252,-0.00377031218914762,-0.010417676484610788,0.004384029635846094,0.0,0.0,0.0,0.0,0.0,0.0,0.0,-9.1376328285902,1.5381082103170118,0.0,-0.429136770203465,-2.9689669383684794,0.0,-1.714342946620092
578.7,0.00908914859923135,-3.056644937160513e-10,0.459,0.01,0.0,-0.91,1.5891750185426814,0.0,0.0,0.0,0.0,0.0,0.0,0.0,0.0,0.0,0.0,-9.189561998031722,1.2419498249052583,0.0,-0.18057070580729653,-2.99438094097146,0.0,-1.6310265732027556
578.8,0.018178297728636716,-0.011095779581378307,0.555,0.0,0.0,-1.01,1.5890950961646182,-0.0024329032057849604,-0.006132925152830836,-0.002289846487255538,0.0,0.0,0.0,0.0,0.0,0.0,0.0,-9.216664730165327,0.9424972079531234,0.0,0.06924808537323388,-2.9990211237716227,0.0,-1.5477101997848695
578.902,0.018178298076413496,-0.011095779380133342,0.663,0.0,0.0,-1.12,1.589065139242683,-0.0019188735697627485,-0.0024841343471208063,-0.003335174510622774,0.0,0.0,0.0,0.0,0.0,0.0,0.0,-9.216164580080996,0.5817315360589059,0.0,0.36824406869578763,-2.9771327332839084,0.0,-1.447730551682726
579.002,0.01817829834666751,-0.011095779779848103,0.779,0.0,0.0,-1.22,1.5889977338400227,0.0025165502168490524,-0.003693109087792632,-0.004550465196502325,0.0,0.0,0.0,0.0,0.0,0.0,0.0,-9.188231657145854,0.28235521818308346,0.0,0.6147237388310781,-2.936160395537487,0.0,-1.3644141782638426
579.1,0.018178298717614227,-0.011095780130551125,0.908,0.0,0.0,-1.32,1.589003232368503,0.0,0.0,0.0,0.0,0.0,0.0,0.0,0.0,0.0,0.0,-9.148001825343256,0.045176538356239686,0.0,0.8089180635415675,-2.8886977616077725,0.0,-1.2977610795283945
579.202,0.018178298866936615,-0.011095780452636372,1.052,0.0,0.0,-1.43,1.588996493318353,0.0,0.0,0.0,0.0,0.0,0.0,0.0,0.0,0.0,0.0,-9.058280146975834,-0.3042546288259848,0.0,1.0932085424696198,-2.79353146491816,0.0,-1.1977814314247948
579.3,0.01817829949362143,-0.011095780311900394,1.204,-0.01,0.0,-1.53,1.5890948838230705,-0.0013765121733428159,-0.0010054358570031432,0.0035958661480696382,0.0,0.0,0.0,0.0,0.0,0.0,0.0,-8.979268452142954,-0.5314754852870339,0.0,1.2768407773089785,-2.7145166621955066,0.0,-1.1311283326887773
579.4,0.018178300054368435,-0.011095780858225157,1.364,-0.01,0.0,-1.63,1.5890676575389246,-0.001892001123669101,0.001891204351144532,0.004978675239410794,0.0,0.0,0.0,0.0,0.0,0.0,0.0,-8.859516169753094,-0.8072758093459573,0.0,1.498313779527054,-2.598841819438005,0.0,-1.0478119592684
579.5,0.027267453163974387,-0.011095781105379676,1.538,-0.01,0.0,-1.73,1.5890929373588898,-0.00014653369196819283,-0.00015879549918834275,0.004514270055066823,0.0,0.0,0.0,0.0,0.0,0.0,0.0,-8.68614916392153,-1.123655330580193,0.0,1.7502301268669385,-2.4363122729733724,0.0,-0.947832311163459
579.6,0.018178301209976322,-0.011095781051071785,1.72,-0.02,0.01,-1.83,1.5890291156854968,-0.0015727042618681297,0.002366003524959096,-0.0010838445445980733,0.0,0.0,0.0,0.0,0.0,0.0,0.0,-8.553388618944593,-1.3242713898294436,0.0,1.9086113184541091,-2.314330573025213,0.0,-0.8811792124265642
579.701,0.027267455219954218,-0.011095781525491732,1.911,-0.02,0.01,-1.93,1.589098095023308,0.0,0.0,0.0,0.0,0.0,0.0,0.0,0.0,0.0,0.0,-8.329947387928062,-1.6075135767458728,0.0,2.1300807499836356,-2.1122687207485495,0.0,-0.7811995643209289
579.8,0.018178302000499524,-0.011095782123574649,2.114,-0.02,0.01,-2.03,1.5890798131611685,0.0002594591862578444,0.0013870913482427426,0.002814178614343131,0.0,0.0,0.0,0.0,0.0,0.0,0.0,-8.12289956533108,-1.825544829199353,0.0,2.298474925405954,-1.9276763005273914,0.0,-0.6978831908992109
579.901,0.027267456675596935,-0.02219156375333986,2.326,-0.02,0.01,-2.11,1.5890402859684565,0.0008379169271941318,0.0005939811608941026,0.00020716307827179194,0.0,0.0,0.0,0.0,0.0,0.0,0.0,-7.898425386455601,-2.0255892515328706,0.0,2.450923249169242,-1.7297104743795546,0.0,-0.6145668174772397
580.0,0.027267457615944513,-0.022191565070654562,2.545,-0.02,0.01,-2.15,1.589040163033877,0.0005005678292727746,-0.0001788278787384919,0.00029461294187253247,0.0,0.0,0.0,0.0,0.0,0.0,0.0,-7.707341790790594,-2.171737207382424,0.0,2.5606861859099372,-1.562628953729926,0.0,-0.547913718739447
580.1,0.027267458633814967,-0.02219156540726308,2.766,-0.02,0.01,-2.16,1.5890099174019436,0.0005123024357096087,-0.0005696473120213382,0.000620710714100459,0.0,0.0,0.0,0.0,0.0,0.0,0.0,-7.455498964500637,-2.3359980327025758,0.0,2.6818456809118993,-1.3441081618181507,0.0,-0.46459734531694236
580.201,0.02726745965168531,-0.022191566123618056,2.984,-0.03,0.01,-2.14,1.5644334983688337,-0.00020582101523842466,0.0005573091051559463,-0.0006503979499160654,0.0,0.0,0.0,0.0,0.0,0.0,0.0,-7.136556738511957,-2.5046040131681613,0.0,2.8026127724161602,-1.0697124445672836,0.0,-0.3646176972095984
580.303,0.027267460669555765,-0.022191566839972587,3.202,-0.03,0.01,-2.11,1.5642751749281325,-0.000544834696829577,0.0007179916782879425,-0.0019234114176321737,0.0,0.0,0.0,0.0,0.0,0.0,0.0,-6.858992671796889,-2.6202094488412637,0.0,2.881912555582212,-0.8327683484052515,0.0,-0.2813013237865482
580.4,0.027267461120956238,-0.022191567774515253,3.417,-0.03,0.01,-2.06,1.564203119431857,-0.0006830940226984272,0.0021278025746723967,-4.992915164422149e-05,0.0,0.0,0.0,0.0,0.0,0.0,0.0,-6.630613192625366,-2.6958069291207725,0.0,2.9309788025075023,-0.6389729904618591,0.0,-0.21464822504791858
580.5,0.027267462049719082,-0.022191568625982816,3.625,-0.03,0.01,-2.01,1.5643242453832664,0.0,0.0,0.0,0.0,0.0,0.0,0.0,0.0,0.0,0.0,-6.279876618531949,-2.78028163397723,0.0,2.9801199592135457,-0.34323180677657333,0.0,-0.11466857693967175
580.6,0.027267463366736466,-0.022191569149741852,3.825,-0.03,0.01,-1.95,1.5644788654197497,0.0,0.0,0.0,0.0,0.0,0.0,0.0,0.0,0.0,0.0,-6.042121655027312,-2.8169523697235483,0.0,2.996363152853082,-0.1439824765258864,0.0,-0.04801547820064383
580.701,0.02726746371744415,-0.022191569753549745,4.017,-0.03,0.01,-1.88,1.5645542904410996,-0.0011138524594920024,0.0015288988721649226,0.0009832533080775165,0.0,0.0,0.0,0.0,0.0,0.0,0.0,-5.682231981793395,-2.842082894330511,0.0,2.995771248998402,0.15581303739874047,0.0,0.05196416988893913
580.8,0.02726746454551421,-0.022191570274282757,4.202,-0.03,0.01,-1.82,1.5646052286636574,-0.001697694060461265,0.002984036384143088,-0.0011321921525128513,0.0,0.0,0.0,0.0,0.0,0.0,0.0,-5.4416878893997245,-2.83881102242382,0.0,2.9787414023882435,0.35499667399516605,0.0,0.11861726862837249
580.915,0.02726746568431615,-0.02219157106826719,4.382,-0.03,0.01,-1.75,1.564690014408205,-0.00034988723808491984,-0.0011273862816119408,-0.00378355798038944,1.0084237742655394e-16,-2.367330800021809e-19,0.0,1.6521175961683818e-18,7.336875978618015e-34,0.0,4.440892098500626e-16,-5.082614882844015,-2.8039011938590543,0.0,2.9284328270622964,0.6505415050950657,0.0,0.21859691673782763
581.0,0.027267466334170765,-0.0221915718592256,4.554,-0.03,0.01,-1.69,1.56471454171953,-0.001403556710348119,0.0008989053628195863,0.0044783269159299225,2.7560245434261066e-17,2.5632899793659793e-17,0.0,-1.5895652354612554e-16,7.059087694211176e-32,0.0,-4.440892098500626e-16,-4.845945282244575,-2.760777352618243,0.0,2.8786017197456246,0.844141601487102,0.0,0.2852500154776569
581.1,0.027267467061548256,-0.022191572428970296,4.72,-0.03,0.01,-1.62,1.5647033104349415,-0.000270906396238757,-0.0012203857990144842,0.001971904887567921,-2.423263250399231e-16,-1.9884217125161815e-16,0.0,-1.3381569911969136e-16,-5.942610808759746e-32,0.0,4.440892098500626e-16,-4.555008143377225,-2.684869453712725,0.0,2.7983669701429394,1.0807707303219878,0.0,0.3685663889026845
581.201,0.018178309797998393,-0.022191572459368647,4.878,-0.03,0.01,-1.56,1.5646991986457743,0.0020421626427576025,0.0016448879550938125,-0.004669115549549978,8.464661378427862e-18,-3.306640457007499e-16,0.0,-2.0337250254729076e-16,-0.0,0.0,0.0,-4.215728436327225,-2.56222606599275,0.0,2.6765173304328944,1.354687443544678,0.0,0.4685460370130758
581.3,0.01817831035874562,-0.022191573385439423,5.03,-0.03,0.02,-1.5,1.5647802167248468,0.00016295906248660572,0.002006879622144278,0.005040782756636411,-2.728719323624989e-16,-4.524602963752764e-16,0.0,-2.045565937986437e-16,-0.0,0.0,0.0,-3.9970802247300523,-2.4619009689500557,0.0,2.580346871614327,1.5299454819548666,0.0,0.5351991357535691
581.4,0.01817831081880006,-0.02219157398077609,5.176,-0.02,0.02,-1.45,1.5646874528054635,0.0,0.0,0.0,-2.1090237787870251e-16,-2.0884566061102005e-16,0.0,-6.248544609323093e-16,2.7749112382671607e-31,0.0,-4.440892098500626e-16,-3.7339601276340395,-2.3163872500340528,0.0,2.4440740670914334,1.739374905393144,0.0,0.6185155091793886
581.501,0.01817831087901478,-0.022191574437973927,5.318,-0.02,0.02,-1.39,1.564678283469055,0.0,0.0,0.0,7.798358304409993e-18,-3.313442021890065e-16,0.0,-1.7250424096931406e-16,7.660727206784748e-32,0.0,-4.440892098500626e-16,-3.4355599482500048,-2.113632587668585,0.0,2.2582563338389092,1.9746395884374326,0.0,0.7184951572907323
581.601,0.01817831181643137,-0.022191574950235715,5.454,-0.02,0.02,-1.34,1.5647547809083502,0.0,0.0,0.0,-5.83059247018457e-17,-2.556422203440675e-16,0.0,-1.2754090064133877e-16,-0.0,0.0,0.0,-3.2033705536345636,-1.9225972168162584,0.0,2.086093324034908,2.1557220506217827,0.0,0.8018115307171975
581.7,0.01817831178753848,-0.022191575542546804,5.587,-0.02,0.02,-1.28,1.5647334401172137,0.0,0.0,0.0,9.995813490700215e-17,-4.522418679710258e-16,0.0,-3.1320867600633404e-16,1.3909259344583715e-31,0.0,-4.440892098500626e-16,-3.0295719627176485,-1.756265574226642,0.0,1.937881993672138,2.2898769543447384,0.0,0.8684646294585967
581.8,0.018178312158485088,-0.022191576272995395,5.712,-0.02,0.02,-1.23,1.5646181228247025,0.0,0.0,0.0,-3.617016233535505,-2.4023679518372876,0.1319067085472475,-2.345964901247831,-3.800617584557995,0.0,1.017783046253002,-2.8285309482057257,-1.5326835123956732,0.0,1.7405962707239515,2.4432043944320405,0.0,0.9517810028855653
581.9,0.018178312517846962,-0.022191576537597957,5.831,-0.02,0.01,-1.17,1.5646357159737985,0.0,0.0,0.0,-3.2140002404870067,-1.9591728911033448,0.09699470650843366,-1.038052808612098,-1.944882854700863,0.0,1.0805260330416981,-2.646793807687116,-1.293146376141848,0.0,1.5312349611770297,2.5795818179508037,0.0,1.0350973763128548
582.0,0.018178312788101003,-0.02219157693731244,5.946,-0.02,0.01,-1.12,1.5645219991591315,0.0,0.0,0.0,-2.8796403629940066,-1.4628452317478005,0.09480970173633085,-0.017834238961204917,-0.04190009484600231,0.0,1.1683860908366785,-2.485621361384929,-1.0393159791411373,0.0,1.3112505839296067,2.6980631797272046,0.0,1.1184137497405329
582.1,0.01817831313587792,-0.022191576736067642,6.057,-0.02,0.01,-1.07,1.5646758680839579,0.0,0.0,0.0,-2.6242922002082794,-1.0027246863762298,0.08884622422194516,0.47681405687083145,1.4093278190978558,0.0,1.2445579682578032,-2.346131759827676,-0.7729532960454331,0.0,1.0821692664894598,2.7978264515543323,0.0,1.201730123168462
582.2,0.018178313883494113,-0.022191577052708134,6.163,-0.02,0.01,-1.01,1.5646490487877767,-0.003541704541751638,-0.00045003049660598054,0.001075646304740722,-2.4224010333262034,-0.5051415187579086,0.05424748056065987,0.6750998924355701,2.631077298474426,0.0,1.3196279276363931,-2.229292726564059,-0.495906245538443,0.0,0.8455802663169563,2.878179455389223,0.0,1.2850464965967945
582.3,0.018178313587277728,-0.02219157805035632,6.264,-0.02,0.02,-0.96,1.5646369155172746,0.0,0.0,0.0,-2.2924681271646317,-0.10517574224863821,0.039591879955704096,0.5303419899444204,3.404753346601967,0.0,1.416272893510789,-2.135914844480932,-0.21009687020890833,0.0,0.6031249760287051,2.938564813633388,0.0,1.368362870025524
582.402,0.0181783141566787,-0.02219157825747553,6.359,-0.02,0.02,-0.9,1.5644969326120355,5.828993929790051e-05,-0.0005721673533874979,-0.0023232155149160052,-2.220856378319995,0.3274743375789645,-0.027396777401123718,0.3114462909619781,4.041596462956569,0.0,1.4938881059217657,-2.055730500830946,0.1416453524496261,0.0,0.30680563080410894,2.98409002216826,0.0,1.4683425181405398
582.501,0.018178314326240397,-0.022191578326455463,6.447,-0.01,0.02,-0.85,1.5645694309521951,0.000429751584674725,0.0004895918337757015,-5.329331359823957e-05,-2.146571803774467,0.6828501005391319,0.06284558109467309,-0.01602249788253853,4.372087845203046,0.0,1.5744610349896808,-2.0160117253368948,0.43968703873166554,0.0,0.05740536658651206,2.99927120155869,0.0,1.5516588915702632
582.6,0.018178314573324528,-0.022191578553969027,6.53,-0.01,0.02,-0.79,1.564560158238981,0.0,0.0,0.0,-2.188271992825259,1.2309857744213497,0.025675783008574142,-0.6856793173630913,4.992847884925368,0.0,1.7072749039489548,-2.002186666229235,0.679855798715041,0.0,-0.14248483112134644,2.9964347181433353,0.0,1.6183119903143757
582.7,0.018178314964510278,-0.022191579031313413,6.606,-0.01,0.02,-0.73,1.5689018390283476,0.009792158892924849,0.0015181077518779031,0.1260510238573998,-2.230173945889768,1.714937668402589,-0.05710992842672743,-1.100326995320167,5.31904160460269,0.0,1.7747846723196794,-2.007443505169024,0.9804864583838908,0.0,-0.39135392811376013,2.9741831360439654,0.0,1.7016283637449765
582.8,0.018178314955856312,-0.022191579750265422,6.675,-0.01,0.01,-0.65,1.6033031801369528,0.005529606028760903,0.009815687489721227,0.489777436060108,-2.284626584096047,2.0615000791454627,0.029817230323452317,-1.5459111318236547,5.221007044355564,0.0,1.8586661939588724,-2.037700597225984,1.2796368156773896,0.0,-0.637507955639611,2.9312977636452184,0.0,1.7849447371761875
582.903,0.01817831493561739,-0.022191579623623614,6.737,-0.01,0.01,-0.55,1.6687681386854984,-0.003099966687618092,0.012425384550069373,0.7417625423026698,-2.4087161297801605,2.399609772014163,0.05025581312375858,-2.012426929257726,5.022919420399195,0.0,1.9518619390079337,-2.1067017524982217,1.633742676598206,0.0,-0.9269064715542534,2.8530277324284405,0.0,1.8849243852944804
583.0,0.018178315303632786,-0.022191579549020624,6.789,-0.01,0.01,-0.46,1.7404110143568854,-0.0038649821222729425,0.007473493903845631,0.7292956866475786,-2.4826308291220722,2.505105916209171,0.2306169321042547,-2.3176085857444213,4.318886878540585,0.0,2.063310333648052,-2.1722039083010034,1.8652197448283772,0.0,-1.1148706709498604,2.784957205726486,0.0,1.9515774840405824
583.1,0.018178315594126193,-0.02219158007537647,6.832,-0.01,0.01,-0.36,1.8223008076336724,-0.003434970820781665,0.007011991302184205,0.8891901827670373,-2.6272127540635473,2.8505657922943963,0.046108839906680354,-2.430735209579794,4.262966362326505,0.0,2.0890143436512236,-2.2755169966770206,2.1475897745035417,0.0,-1.3427675563348858,2.6825171270184085,0.0,2.0348938574739273
583.2,0.018178315384086652,-0.022191580132859823,6.864,0.0,0.01,-0.25,1.90995912353066,-0.0011469792565534393,0.003979620320905881,0.8165963672855627,-2.866166275061278,3.140333374066704,-0.07224011662746957,-2.902427882136731,3.9301801586769076,0.0,2.2068950443602198,-2.401970550576385,2.4203826017457013,0.0,-1.5613489051083846,2.561466915331824,0.0,2.1182102309041335
583.301,0.018178315562302316,-0.022191579482887747,6.884,0.0,0.01,-0.15,1.9823269108918051,0.00023458587533760973,-0.004539550683408759,0.7664926603365604,-3.004091716030804,3.293790683550805,0.14796260444754644,-3.0629083589536097,3.3024787073035493,0.0,2.31857583090458,-2.583014062400174,2.7324328653153205,0.0,-1.809219955675297,2.392832270662265,0.0,2.2181898790091386
583.4,0.01817831557388727,-0.022191579948735107,6.893,0.0,0.01,-0.04,2.070512102046285,0.0,0.0,0.0,-3.475046834349367,3.848351947782606,-0.2469091445810414,-3.832126702968062,3.614518015820776,0.0,2.3854085570568753,-2.720635463340179,2.929746107482678,0.0,-1.9645742038972416,2.2670181434492065,0.0,2.284842977746082
583.5,0.01817831557388727,-0.022191579948735107,6.892,0.0,0.01,0.05,2.1664058725025988,-0.0013690807522422949,0.003098038643950045,0.9670850474808295,-3.3612725096919163,3.6753502736422585,-0.07443937405254317,-3.072044646821506,2.4252504739445575,0.0,2.473312846583932,-2.950928809684927,3.2074457560180822,0.0,-2.181041748700073,2.059606712609022,0.0,2.384822625851859
583.6,0.018178315562302316,-0.022191579482887747,6.88,0.0,0.02,0.15,2.2555165449765067,-0.00032666792641952236,0.0008356846808428913,0.920730793958518,-3.6129130328003534,3.8647969039195242,-0.12103337684237736,-3.2260497018159224,2.0883467793816064,0.0,2.5670905787132456,-3.1632407247229266,3.42035437167625,0.0,-2.3448766731635455,1.870956037147884,0.0,2.468138999273664
583.7,0.018178315384086652,-0.022191580132859823,6.86,0.0,0.02,0.23,2.3438334623959403,0.002016861406066914,0.0013880887915541232,0.9115666094305509,-4.187172125139499,4.076564094466619,-0.377076771837134,-4.265078396408373,1.1569651792931797,0.0,2.876702433963983,-3.3453918918842556,3.5774948115160052,0.0,-2.464282576287924,1.7106239841151203,0.0,2.534792098011305
583.8,0.018178315594126193,-0.02219158007537647,6.834,0.0,0.02,0.27,2.4361167709019522,0.0012470956793260255,0.0010749130486115788,0.9788268107721854,-4.605874829821869,4.262429975589307,-0.40259544843375666,-4.726009926861504,0.03199383307552235,0.0,3.134823022371842,-3.6372191768070277,3.789600813180253,0.0,-2.6227192382840143,1.456113622094918,0.0,2.634771746118075
583.9,0.0181783150044863,-0.022191579741615897,6.807,0.01,0.02,0.27,2.5554566542294364,0.0,0.0,0.0,-5.077564533789263,4.230855925773564,-0.4025954484337589,-4.814362039921256,-0.6629669033862023,0.0,-3.00474724487696,-3.8429110772436395,3.914352597239815,0.0,-2.713878173212816,1.2781973887965132,0.0,2.701424844856148
584.0,0.018178315303632786,-0.022191579549020624,6.78,0.01,0.02,0.25,2.712275818982396,-0.012882228458087336,0.003746725088863942,1.7034935165853862,-5.5482248493607,4.129804305681474,-0.4025954484337612,-4.7983671997774335,-1.3821836532755827,0.0,-2.86113220494618,-4.110957680652354,4.050578315405024,0.0,-2.8108358611225737,1.047914588053374,0.0,2.7847412182789775
584.1,0.018178315513672327,-0.022191579491537272,6.755,0.01,0.03,0.23,2.884185747304235,0.0,0.0,0.0,-6.005853932149287,3.959381115505603,-0.4025954484337626,-4.672983241368052,-2.109710517257609,0.0,-2.717517165015402,-4.389411189860661,4.1640246511684955,0.0,-2.8882930857191247,0.8103617741329394,0.0,2.8680575917020463
584.2,0.01817831493561739,-0.022191579623623614,6.731,0.01,0.03,0.21,3.053889707722936,0.0,0.0,0.0,-5.249276996403915,4.128178253975094,-0.30848346899689894,-1.900713308021295,-2.5491669799372483,0.0,-2.2114892004803397,-4.676339804827324,4.253904558833625,0.0,-2.9457124707112166,0.5671869920238841,0.0,2.95137396512538
584.3,0.018178315123888567,-0.011095789598109196,6.709,0.01,0.04,0.2,-3.063402402397019,0.00323684773125684,-0.0012128952330499642,1.6907500707204415,-5.407975620160957,3.863512440289279,-0.3084834689968997,-1.3523747128364876,-2.8202787860973197,0.0,-2.017924563577862,-4.969752928587681,4.319594487237955,0.0,-2.9826956591235985,0.3200772932825355,0.0,3.0346903385489687
584.401,0.018178315345513063,-0.011095790006473205,6.688,0.01,0.04,0.18,-2.872272837158066,0.004226511494532131,0.0017852627588374969,2.039639961598528,-5.510029900126082,3.578273510016547,-0.3084834689968995,-0.7656732806101435,-2.978384132051297,0.0,-1.8224242803063588,-5.327539792707009,4.365861970755366,0.0,-2.9997485993537705,0.0207665921693229,0.0,3.134669986657613
584.5,0.0272674755340927,-0.011095789953690982,6.669,0.01,0.04,0.17,-2.6539981245955055,0.0,0.0,0.0,-5.791293193036146,4.584785602000728,-0.13591885632879436,-1.2822546776796293,-0.3833349930644947,0.0,-2.8510958912168065,-5.5678595019502275,4.37675246571755,0.0,-2.9944708456954703,-0.17907404960753315,0.0,-3.0818622217826825
584.601,0.02726747552250819,-0.011095789867590522,6.651,0.0,0.05,0.16,-2.4419529318769997,0.0,0.0,0.0,-5.963294948050285,4.678033190548127,-0.11126495679167542,-1.1505892428214108,-0.21586863383438473,0.0,-2.9561329121736235,-5.928364658409514,4.36303560260535,0.0,-2.9616430940554417,-0.4770674049479024,0.0,-2.9818825736734387
584.711,0.027267474944452808,-0.011095789619930851,6.633,0.0,0.05,0.15,-2.259415853019578,-0.00474837808840652,-0.0008806985759822732,1.69171300197991,-6.21759178408419,4.639037928575448,-0.10792031906097638,-1.2620943715883886,-0.29466343718296484,0.0,-2.912229412812692,-6.226516643278146,4.324153449791034,0.0,-2.911668192129655,-0.721880537663427,0.0,-2.8985662002488026
584.8,0.027267474989264073,-1.2294343321173073e-10,6.617,0.0,0.05,0.14,-2.110276210304124,0.0,0.0,0.0,-6.42256705448359,4.559692379978218,0.021147494402415465,-1.3284185586988204,-0.47507161178426305,0.0,-2.798143896576792,-6.462062234240634,4.275261322516768,0.0,-2.8571228649172644,-0.9142056382702595,0.0,-2.831913101508891
584.9,0.027267474977678674,3.4290348338572585e-10,6.601,-0.01,0.05,0.13,-1.9981572508772436,0.0,0.0,0.0,-6.76194598900373,4.4853986840772615,0.056602364114657945,-1.6193247082140478,-0.7250252657100051,0.0,-2.7206254847030795,-6.751058351105649,4.192269320941183,0.0,-2.771131865923176,-1.1488042485663816,0.0,-2.748596728083774
585.0,0.018178314910030302,2.124926901103663e-10,6.586,-0.01,0.05,0.13,-1.9276888251265112,0.006338996155791395,0.025880195762869304,0.5369774813547163,-7.09253958638629,4.338523217199168,0.07090604724747554,-1.7964676273216555,-1.0987890403137592,0.0,-2.5926592431451216,-7.032145402106884,4.085514940946707,0.0,-2.665915823319319,-1.3754328954540873,0.0,-2.6652803546583916
585.1,0.018178314820922914,-3.0236702031061213e-10,6.57,-0.01,0.05,0.12,-1.902178037162644,0.0,0.0,0.0,-7.532827355841954,4.071775542164769,-0.08302223723840776,-1.4061261226461697,-2.5015839947698386,0.0,-2.082877551676162,-7.303373316734154,3.9557388020940456,0.0,-2.542204788846589,-1.5925193750115774,0.0,-2.581963981232781
585.2,0.018178314720230127,-3.5137848186650444e-10,6.555,-0.01,0.05,0.12,-1.9223577856978005,0.0,0.0,0.0,-7.8027771003366695,3.9002955608396204,-0.04405921826857276,-1.1866552140705746,-2.7537932311421365,0.0,-1.9776676944461595,-7.56286042325639,3.803841239778858,0.0,-2.400856915084052,-1.7985575748699634,0.0,-2.4986476078068636
585.3,0.01817831463112274,-1.0674483519323985e-10,6.54,-0.01,0.04,0.11,-1.9567043662031713,0.014602758828094987,0.016072834916310175,-0.2566168099360035,-8.02490856895467,3.6206963388981768,-0.01751192553255467,-1.0550398715693254,-3.000485544152006,0.0,-1.9089163360175074,-7.856218854338128,3.5938580235909443,0.0,-2.2093477761602403,-2.0292130580547703,0.0,-2.398667959695406
585.4,0.018178314930269668,-2.9389557454351234e-10,6.527,0.0,0.03,0.11,-1.9666371226271215,0.0021069794708907267,0.0005829607475673643,0.026544670651135353,-8.436379313140545,3.5208164008109497,-0.05085414939314936,-1.844158419009537,-2.584592800651684,0.0,-2.190538541567036,-8.039505279621633,3.4380432237866136,0.0,-2.069288685279932,-2.1718580303974107,0.0,-2.33201486095421
585.5,0.02726747433075527,-4.3068304478310893e-10,6.515,0.0,0.03,0.1,-1.9550416350325173,-0.009731026243246567,-0.013039303891429776,0.07777718844346306,-8.598201009242471,3.331737709491179,0.018003653647068768,-1.8083655417729478,-2.467586267917326,0.0,-2.203229450302458,-8.293971981884381,3.1823112985075945,0.0,-1.8421750360480589,-2.367554452419191,0.0,-2.232035212842031
585.6,0.027267474719009588,-1.0297496189082267e-10,6.503,0.0,0.02,0.1,-1.9685532927473608,0.0,0.0,0.0,-8.636267383575646,3.0420518987337166,0.13505327961701452,-1.4957928838223529,-2.553437952478416,0.0,-2.1007059866084448,-8.448875820178088,2.9982543333768508,0.0,-1.6803964745293074,-2.484993089492054,0.0,-2.1653821141003484
585.7,0.027267474707424633,3.6287239879584376e-10,6.491,0.01,0.01,0.1,-2.009960401054246,-0.002581974151488716,-0.0011893352126296562,-0.39506134136605586,-8.94252640687014,2.705443092743451,0.11187545408070237,-1.5258841372973213,-2.967048018962099,0.0,-2.0458000804117664,-8.624707533629675,2.7543493591896717,0.0,-1.4677663539545862,-2.61621576859873,0.0,-2.0820657406750636
585.802,0.03635663133080058,-0.011095789914215004,6.48,0.01,0.01,0.1,-2.031271445747239,0.0,0.0,0.0,-8.852866515691709,2.3666921766393245,0.2459984167285445,-0.9413110394774048,-3.0518498971966115,0.0,-1.8699776801677273,-8.808010201565112,2.4436207765083675,0.0,-1.1993038452063205,-2.749653326180544,0.0,-1.9820860925778943
585.9,0.03635663162994751,-0.011095789721619287,6.468,0.02,0.0,0.1,-2.0199079394301,0.0,0.0,0.0,-9.154611985733684,2.1439546030396635,0.1578546421345277,-0.8249292396873465,-3.148112619974662,0.0,-1.8270736108654182,-8.91257305617027,2.2269671936437034,0.0,-1.01350354832732,-2.8234258592834585,0.0,-1.9154329938457708
586.001,0.04544578887618966,-0.01109579036963293,6.456,0.02,0.0,0.09,-1.9756805777510233,-0.016177478300208374,-0.028243660894641528,0.5938855396854509,-9.163697862979571,1.7723094946336237,0.2433260417763092,-0.5362786990160484,-3.3121974379113,0.0,-1.7313135954140972,-2.1452212277160787,5.097147083003103,0.0,-2.097147082602156,-2.145221227298788,0.0,-2.3448630631275202
586.1,0.04544578886460471,-0.011095789903786013,6.445,0.02,0.0,0.09,-1.8990104079207009,-0.013486952005947118,-0.029975925002738824,0.8565702141553628,-9.386926173597098,1.5392182822817024,0.09580444664055013,-0.1998460500659813,-3.298617527223023,0.0,-1.631307153753178,-9.108978291700224,1.6591437254250183,0.0,-0.531164380290255,-2.952420610455195,0.0,-1.7488002470133919
586.2,0.05453494586605201,-0.011095789211740925,6.434,0.02,0.0,0.09,-1.812902438636643,-0.009035881365569405,-0.020894706349162698,0.9109322487892015,-9.393577493811527,1.2126210202210084,0.09580444664055042,0.059071096280490044,-3.336455948867099,0.0,-1.5530934329923354,-9.171079435493361,1.3649501227954648,0.0,-0.28362138917937874,-2.986382763636819,0.0,-1.6654838735962745
586.3,0.05453494547639526,-0.022191578575786686,6.424,0.01,0.0,0.09,-1.7245430827101293,-0.007098612011610663,-0.015142020404945554,0.9000253907393955,-9.374498246768024,0.8868491552135342,0.09580444664055042,0.3226757674537337,-3.3538049979849136,0.0,-1.4748797122314907,-9.208482366669068,1.0666089613241465,0.0,-0.03411074363086776,-2.9996265340078456,0.0,-1.5821675001785436
586.401,0.06362410280016029,-0.022191578622841046,6.414,0.0,0.0,0.08,-1.6372914195021215,-0.012353603757967447,-0.0059616257272728035,0.8949008661138198,-9.329368614431031,0.5618293437907379,0.09580444664055054,0.592010134613204,-3.3500206312094787,0.0,-1.395883854263039,-9.220411064843692,0.7060402073710697,0.0,0.2654618226177992,-2.988051708138905,0.0,-1.482187852076699
586.501,0.06362410278857533,-0.02219157815699324,6.404,0.0,0.0,0.08,-1.5528797348353522,-0.011465740673223476,-0.004625000885062344,0.8701050405970433,-9.259786486342371,0.24725729168793978,0.09580444664055082,0.8600430049594575,-3.3248063990299763,0.0,-1.3176701335021956,-9.202808381247621,0.40587929482780305,0.0,0.5132066978526468,-2.9555950198176077,0.0,-1.3988714786579841
586.6,0.06362410199907886,-0.033287367762646625,6.396,0.0,-0.01,0.08,-1.4708244045588634,-0.009425344437572866,-0.0022062593996536955,0.8465249653473953,-9.167674762167737,-0.05385217933215679,0.09580444664055082,1.1250368602725918,-3.278574237029765,0.0,-1.240238549948962,-9.170773349530888,0.16745546574571063,0.0,0.7089208566629019,-2.9148506364380853,0.0,-1.332218379922736
586.7,0.07271326187692662,-0.033287367436613646,6.388,-0.01,-0.01,0.08,-1.3895286758753915,-0.017121510533995646,-0.0008307810933172755,0.843817938400516,-9.052901189538764,-0.34437678787373327,0.09580444664055097,1.3906094538160434,-3.210298317742253,0.0,-1.162024829188118,-9.108521818982569,-0.1267063516830141,0.0,0.9490356645065191,-2.8457431920972347,0.0,-1.2489020065032148
586.8,0.07271326165390013,-0.04438315644433333,6.38,-0.04,-0.03,0.07,-1.3087975223872323,0.8431024983010099,-0.7755495628538398,0.7822407650066948,-8.918598928659932,-0.6181189345833902,0.09580444664055097,1.6523129521574167,-3.120386689350482,0.0,-1.083811108427275,-9.001841120543622,-0.47133854511243534,0.0,1.2283390050213814,-2.7368058539240954,0.0,-1.1489223583992922
586.901,0.07271326101944897,-0.055478945227813714,6.373,-0.13,-0.11,0.04,-1.232032938799586,0.6657925213823231,-0.9681943469481249,0.7365114783971346,-8.766085468172582,-0.8746417040575301,0.09580444664055097,1.9109024128858225,-3.0078124105233566,0.0,-1.0048152504588277,-8.887015135158938,-0.7492259701050348,0.0,1.451835158831312,-2.6250900150666654,0.0,-1.0656059849789674
587.0,0.05453494494797262,-0.07767052276334763,6.372,-0.33,-0.27,-0.01,-1.1514858444544933,0.0,0.0,0.0,-8.603587630918572,-1.1040645227291361,0.09580444664055097,2.157035416121918,-2.876577249055522,0.0,-0.9273836669055906,-8.77874697041325,-0.9640518764428799,0.0,1.6234522332488055,-2.5225633538057477,0.0,-0.9989528862425063
587.1,0.009089157069028353,-0.1220536790133071,6.379,-0.57,-0.49,-0.09,-1.0749448974940439,0.02051243540719594,-0.3792640014537895,0.7113094908670764,-8.430355940569946,-1.3115061309257738,0.09580444664055097,2.3965457578898235,-2.7235037945213603,0.0,-0.8491699461447477,-8.62369124351927,-1.2216642780192541,0.0,1.8277485639061883,-2.378709367594439,0.0,-0.9156365128216121
587.2,-0.05453494430413919,-0.18862841259791452,6.39,-0.84,-0.72,-0.16,-0.9954952438685557,-0.14250067460294108,-0.31743676799133375,0.8225843009546983,-8.25244152127443,-1.4928086044377198,0.09580444664055103,2.6251937933960487,-2.550442379576202,0.0,-0.7709562253838991,-8.410140475816533,-1.5124359922229378,0.0,2.056047662327604,-2.184397190793255,0.0,-0.8156568647160809
587.305,-0.154515677395334,-0.266298935947209,6.407,-1.11,-0.95,-0.19,-0.915912791094508,-0.20540251764464892,-0.2833948735860112,0.8199938723851647,-8.065914700825747,-1.6537254492134277,0.09580444664055128,2.8517568430602918,-2.3480626476164277,0.0,-0.6888318185850162,-8.210726837364088,-1.737470719960124,0.0,2.230701210435492,-2.005715634733136,0.0,-0.7323404912944561
587.401,-0.27267471964985557,-0.3772568301525534,6.424,-1.38,-1.18,-0.18,-0.8382965763423107,0.0,0.0,0.0,-7.900673736570355,-1.7737754383753974,0.09580444664055154,3.045220038466958,-2.1453890880059445,0.0,-0.6137466466545995,-7.99327753184275,-1.9451296408300511,0.0,2.3898790257023497,-1.813119208799637,0.0,-0.6490241178725624
587.5,-0.41810123258920795,-0.5104063044863127,6.437,-1.64,-1.4,-0.12,-0.7587558468196055,0.0,0.0,0.0,-7.740849391732347,-1.8703685335601807,0.09580444664055178,3.229548920100052,-1.9197460841380525,0.0,-0.5363150631013633,-7.807342229819148,-2.0977737661433595,0.0,2.5053328370723844,-1.6499182474625096,0.0,-0.5823710191348579
587.6,-0.5907952115587753,-0.665747361514426,6.441,-1.9,-1.62,-0.05,-0.6776971062037609,-0.1478887633746479,-0.1818256877981814,0.8384920639532557,-7.5958070661300745,-1.9403452399432755,0.09580444664055197,3.3986545542221647,-1.675829892002534,0.0,-0.4581013423405089,-7.561307760575831,-2.270613194031674,0.0,2.633948596089757,-1.4357011935817676,0.0,-0.49905464571247193
587.7,-0.790756650349522,-0.8321842134556618,6.441,-2.15,-1.84,0.0,-0.5965141495082041,-0.3124893771645409,0.042807218578245154,0.8245258669622763,-7.472963857969686,-1.9835991573572975,0.0958044466405522,3.549213020769366,-1.4171383679070935,0.0,-0.3798876215796656,-7.30174303632626,-2.422378083956251,0.0,2.7442910016593203,-1.2115237781553465,0.0,-0.4157382722898198
587.8,-1.0088963920721514,-1.0319084361801347,6.436,-2.37,-2.05,0.03,-0.5155190666529795,-0.5985700759836917,0.3240787427935288,0.7987241926498687,-7.378074270984181,-2.0017206348436263,0.09580444664055245,3.679943080117145,-1.1450925841029163,0.0,-0.3016739008188143,-7.030448814210868,-2.5520155512848848,0.0,2.835594600240754,-0.9789412942972642,0.0,-0.33242189886694223
587.9,-1.25430359239263,-1.2427284559421992,6.427,-2.55,-2.2,0.05,-0.43471901019546,-0.8437625574483348,0.531865287591216,0.7707815086022363,-7.316898036153572,-1.9968683115751353,0.09580444664055254,3.789673280282261,-0.8612239372011199,0.0,-0.22346018005798385,-6.749307225975669,-2.6586262226698993,0.0,2.9072260091113034,-0.7395673193100197,0.0,-0.24910552544378164
588.0,-1.5087999363961062,-1.4646442747091024,6.42,-2.66,-2.29,0.05,-0.3545954664561408,-0.9920878405130537,0.6800584130083842,0.7710703474166379,-7.872076356381804,-1.870036459988963,0.09580444664055286,-3.8773513948175267,0.5671655916674204,0.0,2.9963461942927268,-6.460268720488365,-2.7414704755438244,0.0,2.9586882391515235,-0.49506251730353074,0.0,-0.16578915202037733
588.1,-1.7723854213164134,-1.6865601011340714,6.416,-2.71,-2.26,0.03,-0.2834866484019419,-1.8057082205756567,0.8885912415821127,0.4149930095395262,-6.533494310615711,-2.73638107786167,0.22848157560804166,2.231237260890708,-1.2810382304060888,0.0,-0.5211862670956524,-6.165338532297494,-2.799973569327539,0.0,2.989624242071493,-0.24712316318295713,0.0,-0.08247277859671381
588.2,-2.0359708971036627,-1.8973801477411367,6.416,-2.65,-2.05,-0.01,-0.2623689611766002,0.0,0.0,0.0,-6.111186463592904,-2.5946753026644034,0.10120290097202322,2.9905743323789946,-0.9987016630408571,0.0,-0.32230526057665143,-5.866562770110199,-2.833729632753074,0.0,2.999819409754103,0.002530632758640009,0.0,0.000843594834442803
588.3,-2.2904672149959504,-2.0860086252749035,6.421,-2.48,-1.71,-0.05,-0.28267983993026224,0.0,0.0,0.0,-5.540411452556636,-2.7352293208046157,0.016232536380068205,3.93170880075284,0.2362757753104513,0.0,0.060022746633965784,-5.566014221701122,-2.8425044796331487,0.0,2.98920304647614,0.2521668724254892,0.0,0.08415996825860514
588.4,-2.526785219825805,-2.2302539466251594,6.427,-2.24,-1.37,-0.05,-0.2881663282725478,0.0,0.0,0.0,-4.897793562251937,-2.7299478926844087,0.30284977619965714,4.600124695854151,0.6555801463494875,0.0,0.14156032711310607,-5.26577797373324,-2.8262372335619474,0.0,2.9578487863173186,0.5000536822833882,0.0,0.1674763416830221
588.5,-2.7358357633099595,-2.352307691293145,6.433,-1.93,-1.04,-0.07,-0.24221543868514522,-0.1834664440515759,0.3720169627011519,0.6930771004414416,-4.760371210568083,-2.6488131133443282,0.1625106499981342,3.745500864621335,1.0554769397120507,0.0,0.2746757741129957,-4.967936946252626,-2.7850407502427457,0.0,2.9059741042796903,0.7444713118628612,0.0,0.2507927151076953
588.6,-2.908529694757344,-2.4299782716109624,6.443,-1.6,-0.64,-0.11,-0.1483912905070444,0.0,0.0,0.0,-4.5747396850708215,-2.58143681969538,0.0657087888045629,3.1401124788774686,1.3339271919960016,0.0,0.4017032327542891,-4.67455744221536,-2.719200834542519,0.0,2.833938942808338,0.9837240975608251,0.0,0.3341090885326175
588.7,-3.0539561721676582,-2.474361484047465,6.46,-1.29,-0.19,-0.17,-0.009323521456446429,0.08749969626986848,0.19104936477093443,1.50423442495271,-4.172928447788093,-2.4395054943956818,0.16738897225193172,3.117235577256642,1.6506019830028873,0.0,0.486974598570423,-4.387674812296813,-2.629174257691092,0.0,2.742243030007677,1.2161521926745158,0.0,0.4174254619577851
588.8,-3.163026047614716,-2.4743615292812886,6.482,-1.04,0.28,-0.2,0.1440501968052727,0.0,0.0,0.0,-3.968359813333922,-2.38305141747052,0.1413671392363426,2.6537456413477725,1.7377200283873533,0.0,0.5797546606695709,-4.109279334435727,-2.515585588383465,0.0,2.631522547867496,1.440143118768679,0.0,0.5007418353832443
588.9,-3.26300677706476,-2.44107420641395,6.503,-0.83,0.73,-0.2,0.28278835217026277,0.8049367281522744,0.45072170737030626,1.075368443045214,-3.704025048344866,-2.2098091476924693,0.09796300599826022,2.3909484649082438,1.9592250220107679,0.0,0.6864792595725153,-3.8413024060750662,-2.379222859769842,0.0,2.5025455626539963,1.6541428788228811,0.0,0.5840582088089362
589.0,-3.335720064462747,-2.3523079262360884,6.524,-0.65,1.13,-0.16,0.41585870186356116,0.0,0.0,0.0,-3.435777251406943,-2.1146300477358175,0.08962435008795483,2.1369286259045994,2.0469025208929916,0.0,0.7638838595360093,-3.585603144892201,-2.22103210239409,0.0,2.3562069367626504,1.8566668678230116,0.0,0.6673745822349456
589.1,-3.399344203088654,-2.230254272277278,6.537,-0.46,1.45,-0.09,0.5339225093510486,0.545955918911904,0.43485825504299497,0.8157080902345148,-3.16074144110691,-1.8386869980054878,0.07343691402559582,2.002098135393719,2.3720266854167016,0.0,0.8697694076243616,-3.2974615303471166,-2.003945644652695,0.0,2.1591207129093783,2.082575522549693,0.0,0.7673542303464738
589.2,-3.435700885403598,-2.0749132366747034,6.539,-0.27,1.73,0.0,0.6457557241108757,0.0,0.0,0.0,-2.866121752789618,-1.5781736376326745,0.026504709067240815,1.8298225227872877,2.69212941358914,0.0,0.9738293721395497,-3.1180358999424778,-1.8437001808006255,0.0,2.015619046495685,2.221756730874592,0.0,0.8340073290877421
589.3,-3.4538792634994357,-1.8973806165665614,6.533,-0.04,1.98,0.05,0.7597964564946033,0.355522417320794,0.366782134279715,0.9831463329743817,-2.729269275342221,-1.370373617410184,-0.016184633303782503,1.4813529241318153,2.680071285155736,0.0,1.065860385408926,-2.8698919180513234,-1.581828677160849,0.0,1.7837928658525806,2.4118470322648573,0.0,0.9339869772000272
589.4,-3.4447901795872653,-1.6976564042169358,6.524,0.18,2.22,0.08,0.8698356906559804,0.5929920488375436,0.04094322008342821,0.965949649795059,-2.620153305452405,-1.1882316048570805,0.09380366461743618,1.2119374483293923,2.5476087948234847,0.0,1.1267642223119152,-2.6839214432178315,-1.3455631266064343,0.0,1.5768912856448687,2.551928066399341,0.0,1.0173033506272515
589.5,-3.417522796018811,-1.4646448183203118,6.514,0.4,2.43,0.09,0.9742923537876942,0.7530637057838949,-0.08173988986991562,0.9225188741728135,-2.5251903857701588,-1.030923108651869,0.19836825010804304,0.930777900070758,2.3855404695751146,0.0,1.1987884937036277,-2.549708925167434,-1.145915523240261,0.0,1.4034218071745708,2.651288403358686,0.0,1.083956449369273
589.6,-3.3629879416125243,-1.220537433275389,6.501,0.6,2.59,0.1,1.0637304941799977,0.7817248876251855,-0.16997287152031382,0.8386690309804071,-2.391202835875925,-0.7646930795853685,0.1482250899642309,0.735110647469787,2.479303396534168,0.0,1.282554668229384,-2.401125800928484,-0.8845164354837048,0.0,1.1779133590490531,2.7588844051520978,0.0,1.1672728227970866
589.701,-3.29936393523339,-0.9653342586661653,6.49,0.77,2.7,0.09,1.1464659134533743,0.5783035208256936,-0.16136517216967072,0.8305875756323855,-2.2979851198303303,-0.5163842198816405,0.06537693283908194,0.49398175434950475,2.4897953428166515,0.0,1.3749372437457783,-2.2523010937262358,-0.5558778396165379,0.0,0.8966580953884857,2.8626783161914298,0.0,1.26725247091101
589.8,-3.208472452030414,-0.6990352853756385,6.479,0.91,2.76,0.08,1.2311563054707386,0.0,0.0,0.0,-2.232921197574877,-0.28786218694482346,-0.0073387395030801,0.17128594596581687,2.4572397541147866,0.0,1.5012022529550677,-2.171642993799605,-0.32923619197101145,0.0,0.704001947114454,2.916042584353754,0.0,1.3339055696538447
589.9,-3.126670134741681,-0.42164052869314217,6.47,1.03,2.79,0.07,1.317902044453893,0.36952848880717387,-0.2130121310354791,0.8964935934381647,-2.1987612831624666,-0.04889325391818233,0.08246715069325883,0.015572370627296887,2.3941038420311767,0.0,1.5642919510251296,-2.0923353716369784,-0.03920735037846886,0.0,0.45888679045917463,2.964514428195838,0.0,1.4172219430828357
590.001,-3.0176003291697198,-0.1553415529469664,6.462,1.11,2.8,0.07,1.4158412228014807,0.339629656287847,-0.24397507872574264,0.9934223665002585,-2.140654005035355,0.1278816028379376,0.1658410216646065,-0.01535185196691416,2.2103196901468576,0.0,1.5777417497499577,2.989336316885147,3.25272196196537,0.0,-0.25272196204141917,2.9893363159775093,0.0,1.6551369357985937
590.1,-2.8994413661822014,0.12205321188587304,6.455,1.17,2.78,0.06,1.5007600049164633,0.0,0.0,0.0,-2.1172316526725248,0.4709595572212287,0.07683271060188468,-0.26127001191782456,2.4098309551964636,0.0,1.6787928928893683,-2.0073348972005522,0.5555812061261689,0.0,-0.03917163239257769,2.999564753955025,0.0,1.5838546899420702
590.2,-2.7812823950183923,0.3994479749479236,6.449,1.2,2.73,0.05,1.5621514078837377,0.09129008129372854,-0.4237242446292816,0.5828295008200551,-2.1072543136278203,0.7120927492726703,-0.02086415212011393,-0.5349550968879053,2.334702756496065,0.0,1.796040162702611,-2.002231744516402,0.8562145138637912,0.0,-0.2886595768121467,2.985899982320821,0.0,1.6671710633725503
590.3,-2.6631234169342095,0.6657469468629684,6.442,1.19,2.67,0.04,1.6395472000029425,0.07708901380728311,-0.42434921631811656,0.8595961776211043,-2.1430087647985343,0.9943426760235099,0.010384252698146905,-0.7707260917979282,2.3414235915914263,0.0,1.888795092771364,-2.022165002078815,1.1562296687002427,0.0,-0.5361449131600338,2.951520218878009,0.0,1.7504874368035084
590.401,-2.544964431007637,0.9320459159336916,6.435,1.14,2.61,0.04,1.7338851104166846,-0.0010019421065215889,-0.44464418642662096,0.9667227429265921,-2.177926610652865,1.3240044258211459,0.01583762593465804,-0.9344990663862304,2.4510173905276758,0.0,1.9350525013190456,-2.0789260810107906,1.5125024575654682,0.0,-0.8280680896341479,2.883266585917484,0.0,1.8504670849214566
590.5,-2.426805432341952,1.1872490938124471,6.428,1.04,2.54,0.03,1.8251665691521506,0.0,0.0,0.0,-2.241432745312482,1.6616839032397692,0.005777436387604022,-1.2639989116471686,2.5149064654794495,0.0,2.0365239692098207,-2.136414858500774,1.7460987032415318,0.0,-1.0182657624377944,2.8217118783919934,0.0,1.9171201836672893
590.6,-2.335913906722054,1.431356475796608,6.42,0.9,2.47,0.03,1.9017815152790887,-0.30318057604400933,-0.4687908093859057,0.8130889242847534,-2.393559647425231,1.9720833579774268,0.005479466957537923,-1.5709917725559557,2.523381897940635,0.0,2.127649146348997,-2.229938837156291,2.03186030546446,0.0,-1.2495565069910697,2.7271838300972657,0.0,2.000436557100301
590.7,-2.254111534190991,1.6865596396152596,6.412,0.7,2.42,0.03,1.9841585318234303,-0.36512699160546414,-0.4780781515932478,0.9046609552770568,-2.5204649319290104,2.289936063661487,0.039527168074705465,-1.8338648757553822,2.502197988074385,0.0,2.2032643439078345,-2.3730618009300817,2.3630218029365073,0.0,-1.5155253200860406,2.588842617313123,0.0,2.100416205219946
590.8,-2.1904874706771094,1.9195712202062618,6.407,0.45,2.38,0.02,2.069637016454015,-0.3821047029345676,-0.43058220770511024,0.9100296978192347,-2.6712884807517523,2.5624642396360984,0.09720520798076648,-2.0345445842344967,2.3967274150878928,0.0,2.2746423882029543,-2.4865452352861785,2.5751389301516974,0.0,-1.684586740875635,2.482154413295561,0.0,2.1670693039565427
590.9,-2.163220051545611,2.1636785841753934,6.404,0.14,2.34,0.0,2.1525535146382193,-0.3443895527252806,-0.3365657108370764,0.8659997176967726,-2.885139310956149,2.870082728978822,0.04802517167127228,-2.2934275297721176,2.341879768674578,0.0,2.345742006413013,-2.6478474213101504,2.8288869009268196,0.0,-1.8853081680409804,2.333352973659597,0.0,2.2503856773775115
591.0,-2.163220107470683,2.3966901507482454,6.403,-0.18,2.31,0.0,2.230476395287786,-0.3432716683239527,-0.2594813219735245,0.7969620887095787,-3.127974359351244,3.1614393472542064,-0.07583757640750535,-2.598544816728199,2.1979359605909337,0.0,2.4395225026040057,-2.8297069919958715,3.068331099934787,0.0,-2.0729500800391962,2.1683636631220673,0.0,2.333702050798822
591.1,-2.199576805458664,2.629701708732977,6.404,-0.55,2.29,0.0,2.3093604604390006,0.0,0.0,0.0,-3.266925052580346,3.311281936137194,0.07931054221604614,-2.5591008863211515,1.796391716490739,0.0,2.5295510873708063,-3.0308622777486596,3.291810358261561,0.0,-2.2462106907536166,1.9883311083779658,0.0,2.417018424220451
591.2,-2.263200982746408,2.8516174720428755,6.404,-0.93,2.25,0.0,2.397866324582372,-0.11512325320372144,0.06855439130910118,0.9122581431798715,-3.5039510788074866,3.489930688906209,0.07266614410992073,-2.670883082858564,1.513499544439134,0.0,2.6260438924600287,-3.249917742953281,3.497774265421425,0.0,-2.403887989343142,1.7945043041590851,0.0,2.5003347976423465
591.3,-2.3631818090466963,3.0846290131122345,6.404,-1.29,2.19,0.0,2.488568739095006,-0.05193566594366525,0.14948451296943507,0.9093182242482069,-3.7307225992001665,3.659112966084101,-0.11636188510520638,-2.7003198371636286,1.3032733033491641,0.0,2.691931967691932,-3.4853536676468093,3.6847939254902986,0.0,-2.5448880305521366,1.5882279151156347,0.0,2.5836511710645125
591.4,-2.508608442853548,3.295448962794463,6.404,-1.63,2.11,0.0,2.58074136177567,-0.12066362103229486,0.22660218323246745,0.8721259256441805,-3.9614448356382215,3.7970558231023475,-0.10168195261456339,-2.6980569235014267,1.0462314732814435,0.0,2.7716717216087314,-3.7871918753889093,3.882394068492339,0.0,-2.6907054230570253,1.3262832876292832,0.0,2.683630819171504
591.5,-2.6903917254186074,3.506268899412774,6.402,-1.94,2.01,0.01,2.6648343364384512,-0.10413184123871445,0.24346330717956874,0.818828014587759,-4.170704330634081,3.9108360774192934,-0.08017563068228362,-2.6600488490896557,0.7640574714738858,0.0,2.861888193031996,-3.9987311415947095,3.996951060353967,0.0,-2.773066166916121,1.1441271882305375,0.0,2.7502839179097203
591.6,-2.8903533350562456,3.7059930378186987,6.401,-2.21,1.89,0.01,2.747862652936254,0.0,0.0,0.0,-4.40473980010066,4.011436546791137,0.04924649681279895,-2.6192046537556157,0.5540092025260435,0.0,2.9331469208131775,-4.273111081486904,4.119922912715914,0.0,-2.858661249410712,0.9093838349821212,0.0,2.8336002913326968
591.7,-3.117582433874795,3.8946213662831344,6.398,-2.44,1.77,0.02,2.83188255230454,0.0,0.0,0.0,-4.654460774622957,4.087133287375477,0.006037966748253583,-2.589863257852209,0.349635366659358,0.0,3.007402474459372,-4.5567729711773,4.219634297350999,0.0,-2.924424078746754,0.668331535329394,0.0,2.9169166647559197
591.8,-3.3720790255393895,4.072153896773523,6.393,-2.64,1.62,0.02,2.9096385995533804,0.0,0.0,0.0,-4.963264576610103,4.149902238467438,0.10947004475412953,-2.6864955363656082,0.0894062591000714,0.0,3.108325048084092,-4.847748876945974,4.295393456207705,0.0,-2.9698983075581777,0.4226425976427912,0.0,3.0002330381794065
591.9,-3.644753936114541,4.227494827735336,6.385,-2.83,1.45,0.06,2.98765488068131,0.0,0.0,0.0,-5.180559172088468,4.182542014389985,0.07195228918506447,-2.5518682928717364,-0.14248450703493856,0.0,-3.0858152004821644,-5.203729423797217,4.353959405622528,0.0,-2.9972525554755447,0.12409705135835639,0.0,3.1002126862879074
592.0,-3.9265180066784104,4.360644169619339,6.373,-2.98,1.25,0.13,3.0748117725041246,0.0,0.0,0.0,-5.4278577874316944,4.205936267338892,0.10729455697185578,-2.4815063732070906,-0.3058908135069655,0.0,-3.0189431819659114,-5.443531297890433,4.373122565921544,0.0,-2.998862538552479,-0.07580678783942693,0.0,-3.116319522152478
592.1,-4.235549560890731,4.482697692086548,6.354,-3.11,1.03,0.2,-3.1207249045332492,-0.003744335770517304,0.22423984542689,0.8840170938813475,-5.713879819500105,4.210657370071959,0.005320946513893286,-2.4920767167033184,-0.48627858003104263,0.0,-2.9488842765349434,-5.744204510854854,4.374553263034587,0.0,-2.9821513933491604,-0.32510921021623984,0.0,-3.0330031487282416
592.2,-4.544581109384239,4.58255962606953,6.331,-3.2,0.79,0.25,-3.0401534914930886,0.0,0.0,0.0,-6.004734257128068,4.167573014639024,-0.033088162061375395,-2.50654020541294,-0.7098440886931373,0.0,-2.865622054238869,-6.043953810686679,4.350956968009728,0.0,-2.9447513405240677,-0.5721561612285344,0.0,-2.949686775303754
592.3,-4.871790964151167,4.649134165523226,6.305,-3.25,0.54,0.27,-2.9637993454893654,-0.005865082006581163,0.09164054912839265,0.8009362114155125,-6.283920251754447,4.146111020910217,0.029150549873120008,-2.4497538376303623,-0.9335048649819576,0.0,-2.7775191258326792,-6.340699655592928,4.302497382585955,0.0,-2.886921733287951,-0.8152337148645313,0.0,-2.8663704018790144
592.401,-5.189911642473332,4.6935171203744295,6.278,-3.27,0.29,0.28,-2.8849536061247414,0.027779703495397053,0.05566813913451937,0.8384179281814249,-6.586098376830912,4.055102736856806,0.028716839892344647,-2.4485347503403974,-1.197044259749747,0.0,-2.6868790396551323,-6.689933765559632,4.212011711879831,0.0,-2.7911339676169282,-1.0993154021210636,0.0,-2.7663907537689822
592.502,-5.517121472787422,4.715708480726825,6.249,-3.27,0.03,0.29,-2.80517040490709,0.08720982189641963,-0.02146342849768526,0.840007309138539,-6.898409204238578,3.946376060658999,-0.17173328806653787,-2.424597730331171,-1.4849098324018697,0.0,-2.5920795124401783,-6.9728758077484745,4.110275638382862,0.0,-2.6899670351845435,-1.327780307124945,0.0,-2.683074380343693
592.604,-5.853420457248321,4.715708253303232,6.221,-3.25,-0.23,0.3,-2.727425920959336,0.11103425838422135,-0.04858842437894667,0.7640907796383816,-7.237235432804099,3.7521879708167964,-0.20273825161950798,-2.4291485726137254,-1.8990178564303768,0.0,-2.4780713343775376,-7.246369902509369,3.985346026122652,0.0,-2.5701381490054547,-1.5470335818632264,0.0,-2.5997580069181696
592.7,-6.171541081602868,4.68242065302786,6.192,-3.22,-0.52,0.3,-2.643585908408982,0.0,0.0,0.0,-7.397500545189151,3.6660425435926727,-0.0400933428295632,-2.1360284257237527,-1.895392650942847,0.0,-2.415813813564733,-7.457085066542521,3.869280160435321,0.0,-2.4613929223360933,-1.7147792595648057,0.0,-2.5331049081775316
592.801,-6.498750838461856,4.615845669690177,6.163,-3.16,-0.82,0.3,-2.54772948026262,0.057595456224164995,-0.0575024948666627,0.9700439418982126,-7.704229975613749,3.4362876128137883,-0.09107958436692433,-2.1036572354207164,-2.244854367313459,0.0,-2.3237356734618504,-7.757503384863561,3.6695279284464495,0.0,-2.2779436854564103,-1.9518954300834213,0.0,-2.433125260066191
592.902,-6.807782256221765,4.538174900589622,6.134,-3.08,-1.14,0.3,-2.463595139976365,0.13429737128985364,-0.1242608434116923,0.8549477505509546,-7.918070170262141,3.254440121161024,0.09288381228963409,-1.8758891716170552,-2.404389337386708,0.0,-2.233342977053822,-7.991596731018178,3.4808304637715906,0.0,-2.107605172053228,-2.134695188514688,0.0,-2.349808886639763
593.001,-7.1168136320092525,4.416120967825516,6.104,-2.98,-1.46,0.3,-2.375472533698899,0.10822386062535667,-0.11171323114002524,0.9180157922274527,-8.168532869003943,3.005064043901019,-0.10743469911921937,-1.760560823472364,-2.6603665652982538,0.0,-2.155403889595222,-8.209174647897028,3.2733063013826644,0.0,-1.9226449325586628,-2.30268527754738,0.0,-2.266492513213052
593.1,-7.407666642827654,4.260779676846358,6.073,-2.86,-1.78,0.3,-2.287497270103318,0.09025716325594388,-0.17764318883268948,0.8845680359904731,-8.357532799249498,2.7840885551972674,-0.033950267293119826,-1.5493888030616219,-2.7762416861922934,0.0,-2.0798283688177728,-8.37032738740009,3.09469510329604,0.0,-1.7650082160926979,-2.425627549932814,0.0,-2.1998394144715014
593.2,-7.698519605520993,4.061055223611964,6.041,-2.72,-2.11,0.31,-2.2007932543715065,0.0,0.0,0.0,-8.51962081597775,2.594405057585387,0.001693771092672063,-1.3547383739169052,-2.7542862346100576,0.0,-2.02791518441951,-8.554457372170893,2.85699239696542,0.0,-1.5570249998804224,-2.56409755379211,0.0,-2.1165230410442573
593.301,-7.962105046585201,3.8502349925603006,6.008,-2.58,-2.42,0.31,-2.1183478712996067,-0.1452480368762018,-0.14760809952243006,0.7896921880794622,-8.654683173623459,2.3507497396972687,-0.03204564040382986,-1.032858919299077,-2.849002135975172,0.0,-1.918592986615568,-8.748355982246183,2.5527631262200563,0.0,-1.293318825759546,-2.7067045466247666,0.0,-2.0165433929439476
593.4,-8.216601283735923,3.595031618350639,5.973,-2.43,-2.7,0.31,-2.042086827751023,-0.2245696642147817,0.01587058518170953,0.7977142135801184,-8.748314276980306,2.1399123389285255,0.03380652550353308,-0.729833465686734,-2.8121049566138003,0.0,-1.8247267159620342,-8.860320589367118,2.3398403883935694,0.0,-1.110170323525368,-2.786834210873636,0.0,-1.94989029421208
593.5,-8.46200831027121,3.3176366663296686,5.939,-2.25,-2.94,0.31,-1.9534387469252177,-0.3553021200027615,0.09648266933132357,0.9450285865801711,-8.85021718244911,1.889074719379331,0.01738547087498079,-0.5166895273042933,-2.8267412888184946,0.0,-1.7515867865987262,-8.979931864067561,2.063978881740041,0.0,-0.8743989708921086,-2.869555604640228,0.0,-1.8665739207965466
593.6,-8.680147829228792,3.018050165605132,5.907,-2.05,-3.14,0.31,-1.8628835558851784,-0.3409615644240547,0.07272204024513002,0.9128473583530624,-8.936473425898592,1.6182877047680442,-0.08115740000428173,-0.3150271152329999,-2.8566664858685993,0.0,-1.680630400112779,-9.076171032212585,1.7791202318743016,0.0,-0.6325613924359499,-2.932369176303845,0.0,-1.7832575473802685
593.7,-8.880108988179954,2.6962721049590277,5.877,-1.82,-3.28,0.31,-1.778686273094041,0.0,0.0,0.0,-9.007875418115411,1.3813012803301068,-0.1282875491243184,-0.0877550769687664,-2.796364190274907,0.0,-1.6021678794061767,-9.14837042461193,1.487240675163416,0.0,-0.3863353571715993,-2.9748391530919154,0.0,-1.6999411739634218
593.805,-9.05280265626314,2.3744940697373353,5.847,-1.58,-3.38,0.3,-1.7007067084272927,-0.29828816066330477,0.03618520907354851,0.8028139897441233,-9.05020939000594,1.2512172156577457,-0.05733750184930355,0.1616713710989801,-2.454087051038983,0.0,-1.5050129653488875,-9.20258389329302,1.1305713325210274,0.0,-0.08747796068533445,-2.9985448033640734,0.0,-1.5999615258625008
593.9,-9.207317970170228,2.030524478142856,5.816,-1.33,-3.42,0.3,-1.6238191008528295,-0.6008144833929079,0.09697381372671754,0.8276995118522519,-9.066334925683893,0.9619670116996624,0.02993521259185636,0.3490383736428953,-2.5177270033383845,0.0,-1.4330420104151023,-9.218816572556312,0.8905532797516394,0.0,0.11243063136648922,-2.997712850741143,0.0,-1.5333084271280284
594.0,-9.325476644871731,1.6976507106901673,5.786,-1.06,-3.41,0.3,-1.5376183231684826,-0.33906975998150174,0.12744592862896803,0.8845920610618169,-9.050661100566405,0.6903827344994167,-0.0066988248037515965,0.5315765959607832,-2.505630841458135,0.0,-1.3617431574917858,-9.216574600658273,0.5898850216155479,0.0,0.36151034278021094,-2.9779579184042415,0.0,-1.449992053709514
594.1,-9.425456986328928,1.3536811764231744,5.756,-0.79,-3.35,0.3,-1.4586335857722423,-0.10996408807403413,0.09900823004673995,0.785539451330208,-9.052060662065063,0.41437424227418246,0.002085215342656102,0.7251820470090707,-2.496888687548368,0.0,-1.2881383688448211,-9.189318788725592,0.29044629899524893,0.0,0.6080820352827585,-2.93754306299725,0.0,-1.3666756802906135
594.203,-9.498169865236104,1.0319032496358926,5.723,-0.51,-3.25,0.31,-1.3825563629481457,0.0,0.0,0.0,-9.018145141154925,0.11325861315046157,0.09376472096331014,0.9378736381395653,-2.5059556550650046,0.0,-1.2126764454122745,-9.123871933119172,-0.06433367402834615,0.0,0.8982508675453327,-2.8621789568213996,0.0,-1.2666960321873566
594.3,-9.534526110693175,0.7101253621415364,5.691,-0.23,-3.14,0.32,-1.3120145042750495,0.0,0.0,0.0,-8.904512690416938,-0.28935831738975,-0.13624243169979638,1.3795862790492521,-2.7000124092236515,0.0,-1.0984227530619872,-9.060694229094022,-0.2964559332914214,0.0,1.0868881703798026,-2.7959966000439636,0.0,-1.200042933451543
594.4,-9.552704037563407,0.3994432851190264,5.657,0.05,-3.04,0.34,-1.243632002672877,0.47341515449682,0.23460574007156848,0.6950826967691945,-8.800617982157911,-0.5490328338169067,0.03731083348944139,1.571588123216558,-2.5554109000177907,0.0,-1.0194174036011354,-8.96021782759046,-0.5798477479746917,0.0,1.3158008672850483,-2.6958470272661197,0.0,-1.116726560031398
594.5,-9.534525359345656,0.09985703613142372,5.621,0.35,-2.96,0.35,-1.1608242233607433,0.0,0.0,0.0,-8.68880355795175,-0.8210796019033406,0.08633465995362719,1.7780127051382282,-2.4019846982499042,0.0,-0.9335796633970146,-8.836506087698863,-0.8538948849813645,0.0,1.5355850363564378,-2.5769946852349683,0.0,-1.0334101866110132
594.6,-9.489079200846843,-0.19972917942959567,5.583,0.67,-2.88,0.36,-1.0743588646266122,0.0,0.0,0.0,-8.548143345200932,-1.0701660639423356,0.13684637573457253,1.9413510598103896,-2.2268958032785426,0.0,-0.853796060292324,-8.690417272419246,-1.1166961139335712,0.0,1.7447159436161859,-2.4402642064620736,0.0,-0.9500938131902837
594.7,-9.407276433840348,-0.48821956579209047,5.545,1.01,-2.81,0.36,-0.987399264178004,0.0,0.0,0.0,-8.362956907659088,-1.3427223985816923,0.09214544031272258,2.1744829565762713,-2.065729148289241,0.0,-0.7597555851896938,-8.522964888028357,-1.3664282241043844,0.0,1.9417426827306132,-2.286604113117321,0.0,-0.8667774397691603
594.8,-9.289117062712178,-0.7656141260984581,5.508,1.34,-2.73,0.37,-0.9023689468714854,0.0,0.0,0.0,-8.155589939542095,-1.6031303758203794,-0.0683222468874837,2.386138141390304,-1.9020010011598147,0.0,-0.6729727829749912,-8.335310652774739,-1.6013586731312413,0.0,2.125298394670317,-2.1170804847804137,0.0,-0.7834610663477493
594.9,-9.152779411632018,-1.031912878853726,5.47,1.67,-2.64,0.37,-0.8125549991938732,0.0,0.0,0.0,-7.999601850936743,-1.7554648163956421,0.13307387010784233,2.387419384083103,-1.5873691143698225,0.0,-0.5867709673788055,-8.128756437338382,-1.8198576067076855,0.0,2.294109613060546,-1.932869376945167,0.0,-0.7001446929261084
595.0,-8.970995983951873,-1.2982115839632953,5.431,1.98,-2.53,0.37,-0.7203804691645762,0.0,0.0,0.0,-7.80792956720337,-1.9376621943144798,0.1594503798488759,2.403628495873622,-1.373825805256379,0.0,-0.519247663616345,-7.904735232968003,-2.0204091658664747,0.0,2.44700522274942,-1.735248801209416,0.0,-0.6168283195041594
595.1,-8.761945115911457,-1.5534144749853138,5.391,2.27,-2.41,0.37,-0.6306862076136731,0.04756127127242668,-0.2519416508397979,0.8798445346807584,-7.521385183614087,-2.1140977740959865,0.13205487883282246,2.613149726806641,-1.1688192156941253,0.0,-0.42059273415931564,-7.664801209955992,-2.2016220034079734,0.0,2.5829244946969414,-1.525589765183376,0.0,-0.5335119460819271
595.2,-8.525626820613045,-1.7864257696387416,5.35,2.52,-2.27,0.36,-0.5480362614009043,-0.008807362468504859,-0.15882935692336717,0.8408113951487869,-7.316975507803536,-2.2421399430877123,0.07103689429844551,2.6092153675545906,-0.9160400869777549,0.0,-0.3376355263376576,-7.4106189354210885,-2.362238936515397,0.0,2.7009244230184146,-1.3053467705621165,0.0,-0.4501955726593889
595.3,-8.262041087341172,-2.00834125289847,5.311,2.74,-2.11,0.36,-0.45771472056838486,0.0,0.0,0.0,-7.1656075336900145,-2.3573566463321334,0.17380871366725426,2.462890508539144,-0.677614899590947,0.0,-0.2684870041872607,-7.143951825201771,-2.5011456685907127,0.0,2.800186463570478,-1.0760478230786885,0.0,-0.3668791992366122
595.4,-7.980277072505083,-2.2191609402961303,5.273,2.92,-1.93,0.36,-0.3696487387034554,-0.08868665856558294,-0.45808611452383574,0.8914611709941587,-6.915042619863237,-2.467932603766329,0.10185785490709491,2.5148803442532244,-0.5051384133731213,0.0,-0.19822217302118306,-6.866649909976299,-2.6173785198026605,0.0,2.880021880105136,-0.8392836643375875,0.0,-0.283562825813551
595.5,-7.680334798102814,-2.3966932571445585,5.237,3.04,-1.72,0.35,-0.2885628183695933,-0.06749054346951466,-0.36761098319396246,0.8245505217315224,-6.6884872349751525,-2.5475460882420817,0.12923082399208002,2.4782526981096007,-0.301632986637894,0.0,-0.12111623779837677,-6.580637000483457,-2.710131112715277,0.0,2.939876844921185,-0.5966968893214213,0.0,-0.2002464523902327
595.6,-7.380392557689038,-2.5631297976290135,5.2,3.1,-1.51,0.35,-0.21053628524276202,-0.08348227244656019,-0.3221124428886164,0.8089427238335221,-6.395011304863207,-2.6169583382169335,0.023675600870413434,2.5851079884218717,-0.08879925474470737,0.0,-0.034336806744389214,-6.287897340886398,-2.7787599666148664,0.0,2.979336148783634,-0.349970474065874,0.0,-0.11693007896667502
595.7,-7.062272029746803,-2.707374755408588,5.162,3.12,-1.28,0.35,-0.13527457316848246,-0.09372210034790425,-0.10856250338375578,0.7858707466235629,-6.118488674911066,-2.6691400301576924,0.152354003127863,2.6122113028380447,0.14186230109676934,0.0,0.05425406546896516,-5.930592417059659,-2.828612865994356,0.0,2.9993895837608693,-0.05084581547344471,0.0,-0.016950430858077924
595.8,-6.753240687062194,-2.8294281547736433,5.125,3.11,-1.04,0.35,-0.056808276972498545,-0.12999153910464822,0.008705392874699763,0.8188532127466455,-5.810100604829667,-2.696008347491658,0.13340962486464225,2.6853870850048307,0.36159048451760484,0.0,0.133846115376695,-5.690393995997552,-2.841912642327871,0.0,2.996115925609223,0.14903770042259404,0.0,0.04970266790437694
595.9,-6.444209381774959,-2.918194204684805,5.087,3.09,-0.79,0.35,0.022621826329503422,-0.12015577258712193,0.17010995026586503,0.8204079045399175,-5.438217048299517,-2.6606256737074143,0.0808461547170683,2.8721601680675217,0.62797537592183,0.0,0.21525480626775906,-5.329769417713902,-2.831811468875641,0.0,2.966278014139015,0.4473452569370797,0.0,0.14968231601357318
596.001,-6.135178092441946,-2.9958644767158047,5.048,3.06,-0.52,0.36,0.09897299210098792,-0.16151765870407409,0.40548000973789405,0.7883704470364385,-5.032560401369094,-2.6047127594843635,-0.008896766364136735,3.05917390507222,0.9869869324386674,0.0,0.3120884984229906,-5.031242528698442,-2.795921018567398,0.0,2.918760513841965,0.6926472083209614,0.0,0.23299868943820712
596.1,-5.826146835075827,-3.040247398906089,5.009,3.06,-0.24,0.37,0.17405255238083386,-0.21997309547615512,0.5667530905761009,0.79517871640606,-4.722363168617445,-2.530566874933766,0.13402270665483706,3.0017989784143926,1.2988844846601282,0.0,0.4083761994648718,-4.795218509911391,-2.749393305461331,0.0,2.866146518496201,0.8855096064589256,0.0,0.29965178817808474
596.201,-5.517115613341093,-3.0513429760159165,4.97,3.07,0.06,0.37,0.2576268474247792,-0.2273773605699308,0.4409021713025655,0.9025433357027288,-4.369882358736026,-2.4136907112313275,0.036318052973904336,3.003366313035154,1.6214379122157134,0.0,0.4950353252303197,-4.448298909738303,-2.650403855603756,0.0,2.763448020568118,1.1671667015211642,0.0,0.39963143628819703
596.3,-5.198995245852857,-3.0291511894184504,4.929,3.1,0.41,0.38,0.3451218167927604,-0.19134592355098548,0.3855177420715142,0.9225000555928505,-4.08651336546004,-2.294916546989568,-0.03028951088261501,2.8616696638495496,1.8591543378943614,0.0,0.5761464942648371,-4.223261304432997,-2.565373027489923,0.0,2.679574110358263,1.348631034530657,0.0,0.46628453502847306
596.4,-4.889964065697566,-2.973672070470248,4.89,3.13,0.78,0.37,0.43587429920700604,-0.03944546780833145,0.23615231035907114,0.9299379211434623,-3.870553894508923,-2.189894896943989,0.06484073221319497,2.5820859092640656,1.9911003858531418,0.0,0.6568820159814432,-3.9507456838244206,-2.4383231773802474,0.0,2.5580460974214883,1.5669470948961461,0.0,0.5496009084540658
596.5,-4.571843749048337,-2.8738098080981533,4.851,3.14,1.16,0.37,0.5266568223622183,0.14227061350590106,-0.0013312547311850609,0.9260876458825409,-3.65088097538051,-2.0531124300534733,0.05328395645562077,2.313674724416192,2.1563661007384143,0.0,0.7502209160566919,-3.6897484563271963,-2.2890352839416277,0.0,2.4187713911631556,1.7743923079668036,0.0,0.6329172818799326
596.601,-4.253723440700623,-2.7517559852179927,4.812,3.12,1.53,0.37,0.6195587078717091,0.2529206216907832,-0.14639828526244697,0.9540417031726095,-3.4553264888108086,-1.9064899831906343,0.1208665207492874,2.0344852142321055,2.2545898703699203,0.0,0.8366706970511588,-3.3942991477780127,-2.082004304991159,0.0,2.2295848018479347,2.0069565676736265,0.0,0.732896929991362
596.7,-3.9356031437294057,-2.5853190299447886,4.775,3.05,1.86,0.36,0.7126658717778066,0.3503925967596392,-0.26203711903978366,0.9524539499677113,-3.26536375832571,-1.7424567253745824,0.11130913513806259,1.763965110944581,2.368092426805486,0.0,0.9305745321395005,-3.209459489857521,-1.9280352613781466,0.0,2.090963169662813,2.1509988529042965,0.0,0.7995500287325449
596.8,-3.635661163073264,-2.385594738427254,4.739,2.93,2.16,0.35,0.8051933209088187,0.3775144806546691,-0.3134640379459471,0.959186103457318,-3.097777862423125,-1.5767000561754627,0.14726533492465366,1.5352325188481524,2.3855297226695265,0.0,0.9989613778884303,-2.9934998053022817,-1.7188276072749167,0.0,1.904703874771305,2.3175474496193185,0.0,0.8828664021593075
596.9,-3.344808336757143,-2.1636788939037004,4.702,2.76,2.4,0.35,0.8915801803257802,0.47520273059138257,-0.3069152812610926,0.8627792762779138,-2.916012804434604,-1.3728229346078427,0.07047491864012562,1.3781345413473867,2.4514111439734663,0.0,1.0586499162109773,-2.7956995062204077,-1.4923734848313224,0.0,1.7052305053889576,2.468017828901877,0.0,0.96618277558636
597.0,-3.0721338088673322,-1.9195714928112086,4.666,2.55,2.58,0.34,0.9708467284825187,0.39506944110244924,-0.16097348798923783,0.7854860085756545,-2.754552926128309,-1.1562561346749833,-0.011809726072916596,1.1425403236674272,2.544949753849193,0.0,1.1488207868247526,-2.6174308526601795,-1.250243942960904,0.0,1.4939269182234032,2.601366073636224,0.0,1.049499149013672
597.1,-2.8267267391028232,-1.6532725413003957,4.63,2.31,2.71,0.34,1.0476321140911915,0.0,0.0,0.0,-2.6307945037988087,-1.0562607575998242,0.12367158792140609,0.8779554177197155,2.3540653818229917,0.0,1.2138216158590893,-2.4599306018574,-0.9941187804219186,0.0,1.2722590515515204,2.716667057663569,0.0,1.1328155224413785
597.2,-2.6085871163497147,-1.3869736051662083,4.594,2.06,2.79,0.34,1.1297367374089098,0.5011610346444735,-0.17102833177078397,0.8566697035760334,-2.514835550085321,-0.8278869848565722,0.18176651964732363,0.6677786724767464,2.4090420916192485,0.0,1.3003889509830717,-2.3242914281041847,-0.7257748920396468,0.0,1.0417647630156928,2.8131208945377035,0.0,1.2161318958693512
597.3,-2.4086257928014687,-1.1095788964397764,4.558,1.79,2.81,0.34,1.2048198441651206,0.0,0.0,0.0,-2.3768362926713436,-0.5373286741087363,0.07080192103693964,0.4738941110600922,2.603550706054993,0.0,1.390749031101313,-2.211454342207854,-0.4470739413146731,0.0,0.8040431285302112,2.8900584309349377,0.0,1.2994482692977865
597.4,-2.235931926237444,-0.8321842047454058,4.523,1.51,2.78,0.34,1.2797539393093924,0.0,0.0,0.0,-2.2858384570639205,-0.2556882887362962,0.16565357884495097,0.25194378619205615,2.708528505851504,0.0,1.4780445285850847,-2.122202163131183,-0.15994944493958882,0.0,0.5607433562464276,2.946945874103458,0.0,1.3827646427266187
597.5,-2.099594665631755,-0.5547895249787602,4.487,1.24,2.74,0.35,1.3584534237768988,0.0,0.0,0.0,-2.2087733075183458,0.07966153221922302,0.15919381512319392,0.028803406234612736,2.880445286823205,0.0,1.5607970234301716,-2.057154087104709,0.1336066411731253,0.0,0.31355336747774104,2.983388564398956,0.0,1.4660810161557782
597.6,-1.9814357092309034,-0.28849064346340203,4.452,0.96,2.71,0.37,1.4367613951351978,0.0,0.0,0.0,-2.1589617166113575,0.4197034475451274,0.1555386340892147,-0.22937703437563667,2.998205755646561,0.0,1.6471523560471848,-2.0116691950598518,0.4914938367571685,0.0,0.014206084386447635,2.9997868552372458,0.0,1.5660606642714392
597.701,-1.8905442068399916,-0.011095984101533674,4.413,0.69,2.71,0.38,1.510751658180032,-0.6260283594517593,-0.01742741973437381,0.6977133290484152,-2.1486455595107468,0.7439594844090439,0.13838123701603627,-0.5193129828235128,3.015341228801644,0.0,1.74134684955194,-2.001304305987431,0.7318367888189471,0.0,-0.18562253636153417,2.9940720372873755,0.0,1.632713763015617
597.8,-1.836009321724617,0.2552028759444416,4.372,0.41,2.75,0.39,1.5924176136639456,0.0,0.0,0.0,-2.1448365160053093,1.0437735800157661,0.15931303202870184,-0.7263710469280011,2.970812185887482,0.0,1.81059422993168,-2.0108900645342045,1.0323605667827533,0.0,-0.43414536554381755,2.968238662025313,0.0,1.7160301364463237
597.9,-1.7996527470313826,0.5436933024185786,4.331,0.13,2.81,0.4,1.6766311089184622,0.0,0.0,0.0,-2.1825381012471134,1.3597974420996815,0.16390126129938287,-0.9594982487382853,2.9134532920962477,0.0,1.8889428702799318,-2.0454521653371356,1.3310441603674135,0.0,-0.6796562742333951,2.9218128745975247,0.0,1.7993465098776784
598.0,-1.799652788670546,0.8210879290695798,4.289,-0.16,2.88,0.4,1.7608299265292027,0.0,0.0,0.0,-2.236302591166094,1.6327317017548846,0.1472555622699388,-1.1647443672012494,2.7549903235146664,0.0,1.9707818971756383,-2.104750830244764,1.6258154212270137,0.0,-0.9204519888162158,2.855116666496713,0.0,1.8826628833096384
598.1,-1.8269203057831602,1.1206741177123836,4.247,-0.46,2.95,0.4,1.8419452170517778,0.0,0.0,0.0,-2.310612232527011,1.8824396339737037,0.1378963211754018,-1.3530834971844468,2.5743337998891644,0.0,2.0547177250726847,-2.1883746686317127,1.9146293432287331,0.0,-1.1548619822137118,2.7686128202976756,0.0,1.9659792567423287
598.2,-1.8723661350410086,1.4202602987585753,4.205,-0.75,2.99,0.39,1.929576710858617,0.13807309238731097,0.16359863210075873,0.9135205593118019,-2.4262736728516563,2.1579487947078326,0.2404078266428955,-1.588672164807024,2.43761295777742,0.0,2.1483886759302617,-2.295743531463835,2.1954822498946385,0.0,-1.3812599907855094,2.6629014100254715,0.0,2.049295630175785
598.3,-1.9632577477810542,1.7198464659827843,4.166,-1.03,3.0,0.38,2.018120572963033,0.0,0.0,0.0,-2.5245553148076136,2.3819726104810193,0.2076056334977462,-1.7119001791188055,2.1982585096845404,0.0,2.232446781842791,-2.4261125361417664,2.4664256951149617,0.0,-1.5980753744241174,2.5387158636496605,0.0,2.1326120036037164
598.4,-2.072327679851222,2.019432623814702,4.127,-1.3,2.96,0.37,2.1090192357685904,0.0,0.0,0.0,-2.681502850666449,2.65290914835493,0.0379273475904328,-1.9039380821792107,2.0766591116091786,0.0,2.3128309580020723,-2.578577234199064,2.725579980695708,0.0,-1.8038039265556647,2.396917686444672,0.0,2.215928377024577
598.5,-2.208665083856766,2.307922985961988,4.089,-1.54,2.87,0.36,2.191603616872106,0.0,0.0,0.0,-2.8126209040408177,2.8612953560326315,-0.005545957113148096,-1.974455909601687,1.8678881594211554,0.0,2.383922469689651,-2.7520798860118387,2.9711471969574546,0.0,-1.99701841492896,2.2384906646305924,0.0,2.2992447504457454
598.6,-2.372269970489339,2.5964133379679573,4.052,-1.77,2.75,0.35,2.277467087903295,0.12103785904186562,0.19215588164559105,0.8904199087758777,-3.026768588229389,3.0898543061460897,-0.012882721509565006,-2.1779808897878006,1.7253877466971734,0.0,2.471628396422336,-2.9863485790425037,3.2455015292234175,0.0,-2.210476548252266,2.0279833597659085,0.0,2.399224398551591
598.7,-2.56314232530573,2.862712103711511,4.014,-1.96,2.61,0.35,2.358184234299932,0.0,0.0,0.0,-3.175357501725703,3.2727568028859215,0.10142786819091808,-2.225932700503287,1.4655761189155712,0.0,2.559328079398469,-3.1572466782436543,3.414811910537441,0.0,-2.3406394763411087,1.8762541647601911,0.0,2.465877497289038
598.802,-2.763103845705907,3.117915074347772,3.976,-2.13,2.43,0.35,2.4423223296788077,0.14690951398096225,0.1364886348342078,0.8874214335177469,-3.3756478896982016,3.441533420504771,0.1963796671675021,-2.295659686746176,1.2611223770086537,0.0,2.6392480416814195,-3.4337756279650082,3.6465096881128827,0.0,-2.5162256726257906,1.6332578961779372,0.0,2.5658571453955505
598.9,-2.9812436861399205,3.3509264670148666,3.941,-2.28,2.23,0.35,2.526950077214513,0.0,0.0,0.0,-3.578913445185244,3.611477852315247,0.20823493340362687,-2.386768939651115,1.0607212891042843,0.0,2.7233910328070223,-3.630388867424169,3.7851293101028456,0.0,-2.619419518185924,1.4620411713953905,0.0,2.6325102441334285
599.002,-3.208472680021756,3.561746273479416,3.906,-2.39,2.0,0.34,2.6099543134358267,0.06417212430679725,0.07246336233230999,0.8577089780058456,-3.837986742187553,3.768877189211704,0.2522406722574658,-2.5244216751919892,0.8770946075595029,0.0,2.8071969034526534,-3.9415175904271766,3.967751975426413,0.0,-2.752269619973351,1.1932874730162546,0.0,2.7324898922405523
599.1,-3.453879997210983,3.7614702865408502,3.87,-2.49,1.77,0.34,2.690265611806188,-0.010351941370992386,-0.09456881543385336,0.8224493608579106,-4.176923936519573,3.9078520070858653,0.21154902808863074,-2.8217956907533477,0.6850327709280415,0.0,2.9034350621575395,-4.158399334410902,4.071840758000934,0.0,-2.825635659485282,1.0073262907801488,0.0,2.7991429909788748
599.207,-3.7083764638645462,3.927906928061417,3.833,-2.57,1.52,0.35,2.768937544026647,-0.05011354628084682,-0.3878187102458335,0.8144492662086154,-4.54645698315733,4.031146538684389,0.21138303201672518,-3.0628821941887017,0.44513088449616545,0.0,2.9972723341299945,-4.495508854551932,4.2003292461921875,0.0,-2.912069387997348,0.7202602518919146,0.0,2.8991226390866522
599.3,-3.971962079815815,4.061056202954398,3.796,-2.68,1.27,0.36,2.8476191321995596,-0.07069312177132683,-0.5835373346727643,0.7710684002467952,-4.8441601003128865,4.115409271370648,0.25449433427418466,-3.170291215744771,0.21554953162548993,0.0,3.0737066788329592,-4.7266509834646655,4.267003692368828,0.0,-2.9535752011178658,0.5247061569666387,0.0,2.9657757378253793
599.403,-4.24463685528798,4.1831096794752005,3.758,-2.82,1.01,0.36,2.9339549104359484,-0.10441019150403974,-0.5091368247269084,0.909511988774829,-5.187806501141404,4.175704579686493,0.21223985903910492,-3.2678173953202467,-0.08445932344935955,0.0,-3.1157526159270663,-5.080402597187409,4.33779857887859,0.0,-2.9911982168123625,0.2272801851085382,0.0,3.065755385933776
599.5,-4.53548993713682,4.271875792252622,3.72,-2.98,0.74,0.36,3.0155317346241812,-0.03650254919749295,-0.33681096886527384,0.805960582937519,-5.481214615061048,4.209653686554201,0.22636932393856038,-3.2532901572189443,-0.3499155266732458,0.0,-3.0344471317301194,-5.379395768934133,4.369571383876088,0.0,-2.999736613678031,-0.022435765741135285,0.0,-3.1341135478218756
599.6,-4.84452132128245,4.338450308960805,3.682,-3.15,0.46,0.36,3.1057164231922965,-0.08908728163454935,-0.13105367033580625,0.9450073830477554,-5.7567993193562375,4.2130138258141105,0.24911617024164734,-3.1537911502880003,-0.5978009356338767,0.0,-2.9542651180507185,-5.619847393136959,4.376999839266783,0.0,-2.991581364647748,-0.22217967304980815,0.0,-3.06746044908255
599.7,-5.171731004851797,4.371737452026137,3.644,-3.3,0.18,0.36,-3.0843865752180637,-0.1277284757854138,0.14261899339985884,0.9452748580958208,-6.052895694267291,4.183327643028119,0.10008549760715098,-3.0762925687009925,-0.8774829643711612,0.0,-2.863731157668375,-5.920231667313028,4.363744058780858,0.0,-2.962714382784148,-0.4703684248815242,0.0,-2.984144075658167
599.8,-5.508029829964166,4.38283300882459,3.607,-3.42,-0.1,0.35,-2.992804515357834,-0.11560549188181277,0.2975953670739064,0.9434602304608309,-6.183512978572884,4.207736323275999,0.19017028832082775,-2.655355183415437,-0.9411268342569616,0.0,-2.800980331565793,-6.218470821739833,4.3255362761265586,0.0,-2.9132932448521434,-0.7152939454328605,0.0,-2.900827702233526
599.901,-5.853417795252768,4.371736979279209,3.569,-3.47,-0.38,0.34,-2.9007682681044167,-0.3090764609130122,0.8439559348408276,0.929510755728066,-6.4427358749854395,4.15152860594229,0.22534889762160654,-2.532307582025631,-1.1227185425919506,0.0,-2.724276020021058,-6.570614903408865,4.247135600664934,0.0,-2.827349083293396,-1.002506933504379,0.0,-2.8008480541236476
600.001,-6.198805739978746,4.327353590754404,3.532,-3.43,-0.64,0.33,-2.8184785723646706,0.0,0.0,0.0,-6.75429849006377,4.038058829068982,0.18349766535864062,-2.5179468218700474,-1.4092157858550907,0.0,-2.6313566471280083,-6.856893849677441,4.155207406883409,0.0,-2.734112925782648,-1.2343214683520118,0.0,-2.7175316806984364
600.101,-6.535104488629019,4.249682839085793,3.496,-3.3,-0.87,0.31,-2.7406602978666847,-0.019390976698906118,0.4219610502449571,0.7751766855516334,-7.029444694778475,3.9137416213192484,0.16248876138259266,-2.4162599513981133,-1.6448689348545245,0.0,-2.543903326406619,-7.134529485357725,4.039773955540302,0.0,-2.6219085987932784,-1.4575727820604416,0.0,-2.6342153072729504
600.2,-6.862314072015772,4.160916305088738,3.462,-3.12,-1.09,0.3,-2.659348237510544,0.1201285254238841,0.11903029136572857,0.8297325838935012,-7.201553088517797,3.872532558909526,0.18372164301788735,-2.1184906468872424,-1.6373227715009153,0.0,-2.483613238902479,-7.401595684490562,3.9016360781521433,0.0,-2.4915144679175945,-1.670712010400554,0.0,-2.550898933847219
600.3,-7.162256134423396,4.038862425109819,3.429,-2.9,-1.3,0.3,-2.5754814028700417,-0.08572183203294767,0.19047540643710142,0.8580850066067035,-7.480369924915293,3.6786406424104845,0.16744748292681583,-2.060452434069216,-1.9285800058707525,0.0,-2.3892412054974534,-7.6063907733604665,3.7754174697536946,0.0,-2.374706377109971,-1.8329464286048234,0.0,-2.484245835106414
600.401,-7.434930715293276,3.905712781821926,3.398,-2.66,-1.48,0.3,-2.5077016234358376,0.11784264284977107,-0.1199550537208408,0.5885242642211941,-7.723935132799105,3.498885941938043,0.16186404098539353,-1.9144588979953414,-2.1339119607397015,0.0,-2.302039746029137,-7.896694756065057,3.5612312942119297,0.0,-2.179895371432368,-2.060820015299575,0.0,-2.384266186994925
600.5,-7.698516108804358,3.7503715710856818,3.367,-2.42,-1.66,0.31,-2.437121617790085,0.0,0.0,0.0,-7.958357429922728,3.3665870446450885,0.1745920586191521,-1.7462765865261822,-2.239303442647743,0.0,-2.233117078665429,-8.077718242102597,3.4027930947962375,0.0,-2.0377965617748166,-2.2014331891439216,0.0,-2.317613088253712
600.601,-7.925744843603288,3.5728388196193124,3.336,-2.2,-1.83,0.32,-2.354657399650437,0.0,0.0,0.0,-8.18021051959996,3.1513052599243476,0.19346040379692817,-1.5901802161860024,-2.4274185044605847,0.0,-2.150742194161759,-8.328475689471736,3.1434230449518488,0.0,-1.807888205533657,-2.3938386135333363,0.0,-2.217633440141493
600.7,-8.14388440119177,3.3842102881572824,3.303,-2.0,-2.01,0.34,-2.2762043356855934,0.20820700506716583,-0.3630164655958641,0.8023901039093961,-8.356682230344939,2.9443462912453215,0.17099171777867456,-1.3924572269833,-2.5234599561323856,0.0,-2.07502409746904,-8.516805989573097,2.9090342099953306,0.0,-1.6024016900115157,-2.5359873076544335,0.0,-2.134317066714367
600.8,-8.334756456665742,3.184485990424948,3.269,-1.82,-2.18,0.35,-2.193795907493455,0.10319389599387957,-0.3020365043775064,0.8601112183690055,-8.535528759987871,2.6906089555744797,0.18163938105113953,-1.1973842363996448,-2.6936170207063124,0.0,-1.98908920275709,-8.653013745187977,2.7107424733000514,0.0,-1.4299373043513268,-2.6370821742933095,0.0,-2.067663967976938
600.9,-8.516539323751992,2.9514743548797115,3.234,-1.66,-2.34,0.36,-2.113068091865403,0.0,0.0,0.0,-8.718575922769325,2.395669581080948,0.16455663374327623,-0.9796730766221006,-2.904106336731152,0.0,-1.8961491068033685,-8.804210603393546,2.4508464595611876,0.0,-1.205519108018932,-2.746934042891312,0.0,-1.9843475945625242
601.0,-8.680143845789836,2.707366948229616,3.197,-1.5,-2.51,0.36,-2.0311832308729714,0.0,0.0,0.0,-8.84580907998134,2.115297506605987,0.18506055261248433,-0.7387928055960394,-2.986621491039943,0.0,-1.813295722040667,-8.933254439478436,2.1792693687433604,0.0,-0.9727375115613783,-2.8377288002276613,0.0,-1.9010312211473215
601.1,-8.82557004696682,2.4521637774424314,3.161,-1.34,-2.69,0.36,-1.945068585868699,0.1091113931242301,-0.0538500533798557,0.8876434866510345,-8.938994990374272,1.7680025635819288,0.20132082286296188,-0.44941690684336494,-3.1704287930689685,0.0,-1.7116108806212977,-9.057615730240109,1.8406155786752427,0.0,-0.6846371557124096,-2.9206497554223945,0.0,-1.8010515730480783
601.2,-8.952817892714476,2.1747690559765194,3.125,-1.16,-2.86,0.36,-1.859741437431199,0.139842447916401,0.07684570374258648,0.8865011713318856,-9.016736719510401,1.5547383928623382,0.18406186386403817,-0.20829246089185408,-3.012108734461491,0.0,-1.6398381221900056,-9.121461925216249,1.6086763001596327,0.0,-0.48859067299726333,-2.9597638603128855,0.0,-1.7343984743147367
601.3,-9.061887420245105,1.88627857444114,3.09,-0.95,-3.03,0.35,-1.765526282783372,0.0,0.0,0.0,-9.076202611034782,1.3114625975255676,0.20633229617495694,0.042414353578989844,-2.9026067519452687,0.0,-1.5561848624304335,-9.179319865956419,1.3136188708651027,0.0,-0.24058425701320527,-2.9901575671623215,0.0,-1.6510821008974528
601.4,-9.143689442232622,1.5755965531447305,3.056,-0.72,-3.15,0.34,-1.6758842349012917,0.0,0.0,0.0,-9.109734505677102,1.059757103390443,0.21243936774780015,0.25689424729920934,-2.776076142402357,0.0,-1.4785205089600273,-9.216049037231485,0.9547273996027625,0.0,0.05907426832021732,-2.9992387904018503,0.0,-1.5511024527960784
601.5,-9.207313152865684,1.253818773801032,3.023,-0.48,-3.2,0.32,-1.5875074744185036,-0.6016467865736406,0.04619988710627265,0.9128510790978976,-9.107180356121987,0.743450529658435,0.19387708127699968,0.5102831311458177,-2.786269478890391,0.0,-1.3896616124740575,-9.22053995063903,0.7142029783311565,0.0,0.25870366340525774,-2.988644394402122,0.0,-1.4844493540613894
601.6,-9.252758548876951,0.9320410143577017,2.993,-0.22,-3.19,0.3,-1.5033275326106212,0.0,0.0,0.0,-9.117128539618788,0.525359943084067,0.20676193355826458,0.6677127485558793,-2.5938944220532343,0.0,-1.3188491494437975,-9.203616125977277,0.41400302488776014,0.0,0.5065213010244303,-2.956748042844727,0.0,-1.4011329806426724
601.7,-9.261847338677596,0.6213590784973203,2.963,0.03,-3.11,0.29,-1.4171070297572275,-0.3833769698750268,0.02615259044844935,0.8743291490253196,-9.078508142732169,0.24975624255192616,0.21137850835131058,0.8772274916170737,-2.5348418945699582,0.0,-1.2376287492226403,-9.161768362041046,0.11625280651319246,0.0,0.7508249107894733,-2.904339017294607,0.0,-1.3178166072235225
601.8,-9.243668667663535,0.31067717239938,2.933,0.28,-2.98,0.29,-1.3387555321070812,0.0,0.0,0.0,-9.027600756129269,-0.0378909048322344,0.2131169961001042,1.0942022209163034,-2.4729082922173093,0.0,-1.154217067925708,-9.095286982023897,-0.1769820038344276,0.0,0.9899195816079003,-2.8317807709338187,0.0,-1.2345002338039597
601.9,-9.216400871051134,0.02218684628160905,2.903,0.53,-2.82,0.29,-1.26341454585525,0.0,0.0,0.0,-8.94875431620837,-0.31597174385937316,0.23005438266051503,1.2933824156376788,-2.3729415552992275,0.0,-1.0717579908718111,-9.004633207380657,-0.46366705930737,0.0,1.2221465761834627,-2.739576741550226,0.0,-1.151183860383991
602.0,-9.152776486450778,-0.2441118765121142,2.874,0.78,-2.65,0.29,-1.186603947481837,0.291963523765103,0.10863576207914427,0.8005007858941321,-8.821559878018709,-0.6269235267398012,0.2130808775536659,1.557492373534695,-2.3405927844063936,0.0,-0.9836528185995768,-8.864838193142356,-0.796247086009952,0.0,1.4894892529885677,-2.6039095273330832,0.0,-1.0512042122795842
602.1,-9.061884651741638,-0.5104105694948666,2.843,1.02,-2.5,0.31,-1.1103383739802501,0.0,0.0,0.0,-8.721231717984999,-0.8809170759931775,0.23268919565299354,1.7072018909499478,-2.196427822246255,0.0,-0.9100740373259271,-8.753487489286327,-1.009491514499982,0.0,1.6596120187538737,-2.4989219958692463,0.0,-0.9845511135430453
602.2,-8.943725391696177,-0.7545176686148387,2.813,1.27,-2.38,0.32,-1.029297753176417,0.0,0.0,0.0,-8.57087874942233,-1.1450463920508178,0.23730676228743128,1.916341466045899,-2.0824320761499546,0.0,-0.8269096905102487,-8.594737895248835,-1.2648442005667977,0.0,1.8618154875264452,-2.352140803092443,0.0,-0.9012347401221424
602.3,-8.807387842836315,-0.9875289670926579,2.781,1.51,-2.28,0.33,-0.9517041881892343,0.0,0.0,0.0,-8.382202922533994,-1.3962184188394877,0.24908574878893275,2.131397856094542,-1.9450580256096255,0.0,-0.7397187272362058,-8.415288517683194,-1.5060999751709974,0.0,2.05110237504549,-2.189041340551983,0.0,-0.8179183667008992
602.4,-8.643782839325972,-1.2205402348517733,2.748,1.74,-2.2,0.34,-0.869139118990626,0.3011330661068595,0.06281873290045456,0.8612492633904044,-8.18749597464287,-1.6213928681933023,0.24500250786795563,2.302949688757282,-1.7757580867101248,0.0,-0.6568562749277191,-8.216384305219853,-1.7315851014053432,0.0,2.2261595701671175,-2.0107552276929406,0.0,-0.7346019932793186
602.5,-8.461999566467586,-1.442455707911356,2.714,1.98,-2.13,0.34,-0.7838324745509285,0.1728800915205515,0.0031774141911865283,0.8745597036991217,-7.899835105282541,-1.8559234155880233,0.2550725751344095,2.6289026540863634,-1.6407155224485614,0.0,-0.5579566193443188,-7.9994051764201135,-1.9397352528678824,0.0,2.3857725421287714,-1.8185192815726543,0.0,-0.6512856198574726
602.6,-8.252948848062596,-1.6532753720108069,2.679,2.22,-2.05,0.34,-0.7002429207179208,0.09358423368769582,0.16712538309735767,0.8731675860322412,-7.6057066076231195,-2.066799959063289,0.25925020168755064,2.905371372144325,-1.4449386132934603,0.0,-0.46151216213620305,-7.76585644644818,-2.129106366338402,0.0,2.5288339631245407,-1.6136671658009498,0.0,-0.5679692464353113
602.701,-8.016630712505068,-1.8529992344846533,2.643,2.47,-1.95,0.33,-0.6102704246852062,0.0,0.0,0.0,-7.339381236172123,-2.244107480360124,0.2437391435914208,3.0525376645329296,-1.1870350367227906,0.0,-0.37087337731008674,-7.466014868782114,-2.3297232860388193,0.0,2.6772706975230838,-1.3531979065067952,0.0,-0.46798959832839504
602.8,-7.75304513817376,-2.041627292695378,2.608,2.73,-1.82,0.32,-0.5178465088221689,-0.05308776913034144,0.05537563147936145,0.9619373065649757,-7.091610159149751,-2.361821415833018,0.24983302447727143,3.0799166304824306,-0.9048255194307915,0.0,-0.28574292404235857,-7.2556349694800355,-2.4463957485178502,0.0,2.7614539152202444,-1.1718768580413392,0.0,-0.4013364995902376
602.9,-7.471281299757617,-2.219159560433141,2.575,2.99,-1.65,0.3,-0.42353491385909525,0.0,0.0,0.0,-6.8674673214527004,-2.472350087796577,0.24931411030265085,3.030583666138584,-0.6275607963858572,0.0,-0.20418994581417227,-6.982501936790271,-2.57211278929701,0.0,2.849398592412266,-0.9380036140868233,0.0,-0.31802012616730146
603.0,-7.162250043153364,-2.3745002508490662,2.544,3.21,-1.45,0.28,-0.3277743299815319,-0.21425561964267115,-0.6287117336457768,0.996580683933908,-6.607443848921585,-2.5526903130952276,0.24345824123507764,3.0139663804643946,-0.3751428724756042,0.0,-0.12383130991755165,-6.699854174406797,-2.6746636074712007,0.0,2.9175752757625566,-0.6976228732538353,0.0,-0.23470375274411692
603.1,-6.835040514965974,-2.5076493716633883,2.514,3.35,-1.2,0.26,-0.2431552847239634,-0.2712479806292318,-0.7352584754352032,0.8423515475653786,-6.350517209756561,-2.619942484423857,0.23445645641023793,2.9722778141599098,-0.12766277038136575,0.0,-0.04292477384905169,-6.40965258043638,-2.7533367461248086,0.0,2.965510970700369,-0.45240229907047774,0.0,-0.15138737932066063
603.2,-6.4896527187817785,-2.618606925155542,2.486,3.4,-0.92,0.24,-0.15247337420913148,-0.2278596160815177,-0.7787796048036709,0.9495051804081704,-6.108844013781608,-2.662470856075114,0.23099466109092548,2.8766283430617516,0.10621904450146899,0.0,0.03690807317595057,-6.113910458474296,-2.8075864022153434,0.0,2.99287308950548,-0.20404313475186558,0.0,-0.06807100589695893
603.3,-6.153354116225344,-2.6962771554867175,2.46,3.36,-0.63,0.22,-0.06405727466079207,-0.16457738918068518,-0.7252387653193837,0.8971746621031913,-5.8311399299906945,-2.6882573741315934,0.23253843962723972,2.8447482013101966,0.3407696761574663,0.0,0.11922096249061598,-5.814679550102354,-2.837036213140285,0.0,2.999471892410867,0.04573159434711769,0.0,0.015245367496229456
603.4,-5.8261446772814836,-2.751755835969571,2.436,3.22,-0.32,0.21,0.01749117771652722,-0.11575055782507836,-0.36542071262845455,0.8009366791512503,-5.545940014997446,-2.693341929231734,0.23490158858042254,2.8089449000279587,0.574138126730571,0.0,0.2016192377125412,-5.51403580071901,-2.841481867793824,0.0,2.9852615393737136,0.29518905721652683,0.0,0.09856174092042264
603.5,-5.508024429278025,-2.762851408204094,2.41,3.04,-0.02,0.21,0.09414489666489166,-0.05824944771045326,0.08405895375277897,0.7538249816896085,-5.2825179291758735,-2.675356309791734,0.23587807712029552,2.710700795868373,0.793465128751622,0.0,0.2847607776480485,-5.214064957452775,-2.8208925239791354,0.0,2.9503406392456424,0.5425986187191998,0.0,0.1818781143448827
603.6,-5.217171635722506,-2.7517554405737226,2.385,2.84,0.26,0.22,0.16577620903519205,0.056624206218868045,0.31337287270192526,0.6656859771146579,-5.064061604147973,-2.678093432650163,0.25393033414230626,2.5263669638074058,0.9183836376271455,0.0,0.34866777813299565,-4.916848099077153,-2.775411022399948,0.0,2.8949513999507563,0.7862438369269853,0.0,0.26519448776960175
603.7,-4.935408004270592,-2.7184679222259778,2.358,2.65,0.52,0.24,0.24304147163895196,0.0,0.0,0.0,-4.759781518559327,-2.627673301893085,0.24718275559487166,2.5222088671802068,1.1443027997065205,0.0,0.42591890325348025,-4.624447198310413,-2.705352895680931,0.0,2.8194781543347807,1.024434408932032,0.0,0.3485108611945696
603.8,-4.680911836851183,-2.662988865341065,2.329,2.48,0.75,0.27,0.31486483017471845,0.0,0.0,0.0,-4.459285027566367,-2.538538395461358,0.24920484008274227,2.494285022727902,1.392346946430151,0.0,0.5091283144375698,-4.338890816666506,-2.611204179327469,0.0,2.7244445049335586,1.2555178675954535,0.0,0.431827234619813
603.9,-4.435504824917603,-2.5853182542436883,2.298,2.36,0.96,0.29,0.3868317166951041,0.0,0.0,0.0,-4.175456534472619,-2.4267518331779083,0.2407986446363327,2.417281369279269,1.6305017910128587,0.0,0.5934190310754568,-4.062160031099483,-2.4936180398039958,0.0,2.6105097332786005,1.4778910391749052,0.0,0.5151436080452946
604.0,-4.199186972533544,-2.485456092815345,2.267,2.28,1.16,0.3,0.4631456891682485,0.0,0.0,0.0,-3.9005233835805897,-2.287621455216518,0.2533151394194193,2.3143524122881627,1.8643143202863932,0.0,0.678112724445926,-3.796174690077192,-2.353410243124117,0.0,2.478464288495914,1.6900111948926153,0.0,0.598459981471054
604.1,-3.9628691249421912,-2.3634023748966535,2.235,2.24,1.38,0.31,0.5427271882679799,0.0,0.0,0.0,-3.639796615041242,-2.131484328530394,0.24712303224487078,2.178374669868845,2.0790944088721046,0.0,0.7620833090774131,-3.542780094433747,-2.1915534953893916,0.0,2.32922424361516,1.8904067277412608,0.0,0.6817763548970847
604.2,-3.735640437954376,-2.2080613227625205,2.202,2.23,1.61,0.31,0.6216492811825611,0.0,0.0,0.0,-3.384329218070871,-1.9340304389986296,0.23817023095493217,2.0240629334065945,2.3122189267037747,0.0,0.8517529267184005,-3.303734195403982,-2.0091706945400807,0.0,2.1638249334530326,2.0776873425089866,0.0,0.7650927283233975
604.3,-3.5084117447330727,-2.04162449444948,2.168,2.21,1.87,0.31,0.7074545780804494,0.0,0.0,0.0,-3.1554527693008096,-1.7269006281267194,0.24145421703143535,1.8175139308159802,2.488769469365036,0.0,0.9400319078128945,-3.0806953986549126,-1.807527140134527,0.0,1.9834138802558234,2.250553799157346,0.0,0.8484091017500195
604.4,-3.2811830606109202,-1.8419003307649848,2.136,2.17,2.12,0.29,0.7982777516033986,0.0,0.0,0.0,-2.9582516089863273,-1.5189057594118702,0.24440775145835783,1.576851111552951,2.5872367956760116,0.0,1.0234404464103513,-2.8752110589246396,-1.5880217552024365,0.0,1.7892427067594854,2.407806830583251,0.0,0.9317254751768985
604.5,-3.0630435272418173,-1.6199846159911109,2.108,2.1,2.37,0.28,0.8911268870022634,0.0,0.0,0.0,-2.7813910756810185,-1.29357946779547,0.24178560140433028,1.3253505909180792,2.6715135115524324,0.0,1.1102697561251622,-2.6887067450887385,-1.352177381071629,0.0,1.5826584615179735,2.5483554374215105,0.0,1.0150418486041446
604.6,-2.8539931497345714,-1.3758773500956734,2.082,1.97,2.58,0.26,0.9833732406285147,0.41589228464164096,-0.400759802304461,0.9631375841696759,-2.638178405273864,-1.0532119570307514,0.23985991618290026,1.0760528340957483,2.720163079624875,0.0,1.1941026836814324,-2.522476350128606,-1.1016302124985544,0.0,1.3650943447875155,2.671224538762316,0.0,1.098358222031747
604.7,-2.663121061147233,-1.1095785322021134,2.057,1.79,2.74,0.24,1.0757362405445914,0.0,0.0,0.0,-2.5026278543103624,-0.85033855336973,0.2499805178662621,0.8298063914816146,2.672164660948273,0.0,1.2697006778496025,-2.3776731146151344,-0.8381184463981418,0.0,1.1380597521306495,2.775561751584629,0.0,1.1816745954596166
604.8,-2.49951642316845,-0.8321839481397589,2.036,1.54,2.84,0.22,1.164664284386907,0.658147493360556,-0.43759940163823174,0.9135456867060519,-2.394184210099732,-0.5807578156327803,0.2449141410845158,0.60043237025372,2.7192409830677304,0.0,1.3534746804328694,-2.2553016259825527,-0.563470222922333,0.0,0.9031297589594658,2.860643232586062,0.0,1.2649909688879046
604.901,-2.354090081363084,-0.5436935917884905,2.015,1.25,2.86,0.2,1.2473059157517294,0.0,0.0,0.0,-2.296211087833237,-0.36326307829651766,0.2530807263133036,0.3588672201676001,2.6233943317522663,0.0,1.4348451512309097,-2.13924977515221,-0.22187969599540477,0.0,0.6130898441186091,2.9365019671634482,0.0,1.3649706170023246
605.0,-2.2450203342341197,-0.2662990302229189,1.994,0.94,2.81,0.19,1.330739245810781,0.3594484026709599,-0.14269704856012705,0.8651284695387341,-2.2191174810786003,-0.06062288316609224,0.25204045024129573,0.1388487038775147,2.6997604424743105,0.0,1.5194115908685912,-2.0810882364870777,0.011549952831324307,0.0,0.4161464179018792,2.970815571070927,0.0,1.4316237157455514
605.1,-2.1632180336520612,0.011095520729891062,1.974,0.63,2.71,0.19,1.406308920183454,0.0,0.0,0.0,-2.155136921605893,0.20000878945439954,0.24729460771855027,-0.06795197297870131,2.654261028520611,0.0,1.5963918249339137,-2.030454959046004,0.3079326431223207,0.0,0.16747157410679503,2.9951421554369713,0.0,1.514940089175011
605.2,-2.108683181696313,0.2773942835534584,1.952,0.34,2.6,0.21,1.4818514893439154,0.0,0.0,0.0,-2.11379899229376,0.48737610105433415,0.2520362437444842,-0.27841182412518645,2.6715451813898246,0.0,1.674635275497483,-2.004662290379477,0.6075009427329928,0.0,-0.0823651262843116,2.9986895581962143,0.0,1.5982564626049642
605.3,-2.0814157751022213,0.5325972536525243,1.927,0.08,2.52,0.23,1.5561565487321956,-0.6005325877428012,0.16741552056664105,0.7610363824299616,-2.112241173529225,0.7902742843206818,0.2585106083593365,-0.5127991884918027,2.700332123081009,0.0,1.758463942658821,-2.0067404228739267,0.968260975902796,0.0,-0.38126251239797343,2.9754935800183935,0.0,1.698236110721608
605.4,-2.081415824719808,0.7767044358824051,1.901,-0.14,2.47,0.25,1.6308511878040175,0.0,0.0,0.0,-2.1239075681292,1.1044653365018458,0.2679769827227111,-0.7535034129263142,2.71569743177991,0.0,1.8414501912827879,-2.028140960900386,1.2078735434018124,0.0,-0.5785949662238916,2.94349296234401,0.0,1.7648892094665158
605.5,-2.099594177797033,1.0319073927525841,1.872,-0.36,2.46,0.27,1.7083450416710717,-0.6767374427447133,-0.04527752155412107,0.8188192533307834,-2.186564729227211,1.4296277824664103,0.26439388809042363,-1.0175281021594116,2.7274529716170437,0.0,1.927872975483746,-2.0772494143812694,1.5045126974009155,0.0,-0.8215454662205552,2.8851318951490588,0.0,1.8482055828981836
605.6,-2.1450399869302497,1.2760145576201825,1.84,-0.59,2.51,0.28,1.7884161035206658,-0.5801968475753712,-0.1348322060501094,0.8543692204107031,-2.242290513810988,1.7130511595595794,0.2689467311498993,-1.2395539173745398,2.6339878742100686,0.0,2.010648300029543,-2.1684986446167054,1.853548079774685,0.0,-1.1054169796304638,2.788723059456242,0.0,1.948185231017111
605.7,-2.217753256923751,1.5312174927578435,1.808,-0.84,2.58,0.28,1.8745224336769917,-0.2755678794310045,-0.008731417072545627,0.897115821933946,-2.392187708323496,2.057164918317192,0.27850007783875896,-1.597749086760233,2.6668669567763437,0.0,2.110561827276169,-2.248503446496373,2.0804211658987177,0.0,-1.2887018355869018,2.7089057800057135,0.0,2.0148383297636823
605.8,-2.3086448409821188,1.7975162033928367,1.777,-1.12,2.66,0.27,1.9588621119644978,-0.21284407187897347,-0.18827576724327222,0.9000934137895067,-2.5520183149612334,2.372138546778721,0.27888952937770417,-1.9192212420671746,2.6030638576064633,0.0,2.2061153506459297,-2.3694609325574394,2.3556950557872076,0.0,-1.5096667768588115,2.5922633579516683,0.0,2.098154703197007
605.9,-2.426803893461687,2.074910683588523,1.749,-1.43,2.72,0.26,2.0520467023041586,-0.08698776710630646,-0.19749505428457256,0.9954011444662614,-2.709589700926463,2.6334293761007115,0.27072999761367744,-2.1457442127104636,2.4263004865955726,0.0,2.2949079228427856,-2.5129071383620567,2.619947991303242,0.0,-1.7201582291802118,2.4576368057057714,0.0,2.1814710766177603
606.0,-2.5904087189534244,2.3412093705234702,1.722,-1.76,2.76,0.24,2.149756685891423,0.17194197892082286,0.03897523644959658,1.0227480984367285,-2.8627860959977296,2.858895277996949,0.2636110065536963,-2.2961640049264607,2.189979265979043,0.0,2.3798595649300918,-2.677846891008568,2.8713466903561295,0.0,-1.9187159096612358,2.305960152426818,0.0,2.2647874500387863
606.1,-2.781281011743725,2.618603818769688,1.697,-2.1,2.74,0.22,2.2386112968113756,0.37027966569965853,0.29647638978942614,0.897530223579139,-3.0098211087869955,3.0578213814974875,0.2612538637579953,-2.38358646958905,1.9270578585943505,0.0,2.46170844823836,-2.8631359038911306,3.108147048450386,0.0,-2.1039623176521833,2.138285681333583,0.0,2.3481038234601637
606.201,-2.9994207822854557,2.89599825733687,1.673,-2.4,2.65,0.2,2.3377671400692797,0.7779250815313055,0.8139262897907066,1.0390321069139197,-3.2058050155097733,3.2496511552758314,0.2526344331838988,-2.4911162209538737,1.6921108038902641,0.0,2.54492350573371,-3.1105243940618768,3.3707323776263403,0.0,-2.3068845829742832,1.9176043413943165,0.0,2.4480834715661626
606.3,-3.2539171734469443,3.151201114223212,1.652,-2.62,2.48,0.17,2.427191392579351,0.8895791061376719,0.8985921905665224,0.9265897229081854,-3.3977041782754354,3.4229947335984146,0.24959061657030832,-2.556698720932596,1.4625949765813904,0.0,2.621967749528091,-3.2894876064692298,3.5314941085703224,0.0,-2.42948183348462,1.7596991461276075,0.0,2.5147365703037585
606.4,-3.517502722610178,3.384212397015618,1.633,-2.73,2.2,0.14,2.5197365442898607,0.8658997641611744,0.9603438884690217,0.9542908253301046,-3.6079275221081257,3.586659773369082,0.2507351140737082,-2.6209221186236915,1.239156261229406,0.0,2.699945750544458,-3.52759243709908,3.715103796548125,0.0,-2.5674965927994355,1.5514135598864116,0.0,2.5980529437259783
606.501,-3.790177423792471,3.5839363253812664,1.617,-2.74,1.85,0.11,2.605536655583654,0.47716086868365215,0.6074843948283767,0.8431838009571757,-3.712266665053018,3.712547847409215,0.260747545690292,-2.428787528633895,0.9805573797647217,0.0,2.7578809224365504,-3.8322450370551415,3.908336592696685,0.0,-2.709526555337934,1.2873961580703321,0.0,2.6980325918329955
606.6,-4.053762972899095,3.7503729126849796,1.605,-2.65,1.46,0.1,2.6871929923680167,0.068114419873929,0.5076712826189335,0.8731129099544288,-4.003478026912088,3.841395719112771,0.25378265741663597,-2.614189340864334,0.7863671015990821,0.0,2.8493954291811985,-4.045412132571063,4.019835269462723,0.0,-2.7892554932091254,1.1040728553692605,0.0,2.764685690571227
606.7,-4.308259360602502,3.8835221552438224,1.594,-2.48,1.09,0.1,2.7518966952946524,0.0,0.0,0.0,-4.331609791704641,3.991906217610783,0.2404016233153652,-2.8618097680836563,0.5738520749289513,0.0,2.9436964785721393,-4.32153456967943,4.138842948265051,0.0,-2.8714610514315493,0.868121152947423,0.0,2.8480020639942505
606.8,-4.544577420810236,3.972288276011993,1.58,-2.33,0.78,0.13,2.816331342854772,-0.4656729190355684,-1.1138998163902036,0.6221636359557209,-4.539000947129324,4.094804788614585,0.25331230499127455,-2.772185466594114,0.3686887243397595,0.0,3.009372879673995,-4.606603013624966,4.2344588996280015,0.0,-2.9337456258306283,0.6261467908708375,0.0,2.931318437417521
606.9,-4.780895474855146,4.049958604129339,1.561,-2.24,0.53,0.18,2.887005523839269,0.0,0.0,0.0,-4.908296973420274,4.165244290486201,0.23959373236941292,-3.0093021671526294,0.09987348690591948,0.0,3.1084165759867606,-4.898639772572031,4.306019777992265,0.0,-2.975676994227969,0.37982845703963564,0.0,3.0146348108410512
607.0,-4.9990351930288766,4.0943415876308595,1.537,-2.26,0.33,0.23,2.954495267071996,-0.006614131916391111,-1.7093408533722494,0.6761040890091193,-5.164391371951444,4.233889170089464,0.24837986390211408,-2.9510807720312737,-0.10780633436673383,0.0,-3.1050777546957864,-5.195618811278382,4.353029122357252,0.0,-2.9969642526387354,0.13087502127317435,0.0,3.0979511842648333
607.1,-5.235353208094006,4.116532995425574,1.509,-2.39,0.13,0.26,3.033492044606481,-0.10226837254562227,-1.06044358213902,0.8511823878607188,-5.469120544375862,4.25969486726049,0.24852546736602996,-2.9748361482994747,-0.35399139970861754,0.0,-3.0231543225191113,-5.495479806924369,4.375160800530688,0.0,-2.997459794244599,-0.11898636849890121,0.0,-3.101917749490723
607.201,-5.489849534250997,4.127628611378322,1.481,-2.61,-0.07,0.27,3.1182343522694445,-0.10698761241020156,-0.4320643489642119,0.888594006211932,-5.7623789127618394,4.255264880945331,0.24409319195275903,-2.9339380845097693,-0.6126006938058728,0.0,-2.9357518733778085,-5.856187544352898,4.3686763324288584,0.0,-2.97061465199294,-0.41757812556970775,0.0,-3.0019381013815587
607.3,-5.7716133015822075,4.1165326348604445,1.452,-2.84,-0.29,0.26,-3.075452435012681,0.0,0.0,0.0,-6.076284409994076,4.217854462708887,0.12615897644093615,-2.8933037422715193,-1.0273804460248823,0.0,-2.800391382429642,-6.095520840796142,4.344350651659788,0.0,-2.9362061968429107,-0.6145050032064124,0.0,-2.935285002641915
607.4,-6.062466195546692,4.072149302267551,1.426,-3.04,-0.52,0.25,-2.9802373528441017,0.0,0.0,0.0,-6.34955633984788,4.179969082588036,0.23914122495152937,-2.79448959316568,-1.1275748001497985,0.0,-2.758073220092816,-6.391538032242494,4.291622573212085,0.0,-2.874881950879768,-0.8567245274106308,0.0,-2.8519686292171382
607.5,-6.3805865535034725,4.016670169295985,1.402,-3.14,-0.77,0.22,-2.876682150359971,-0.2048639112210821,0.9782201108536295,1.022390717535276,-6.643142548568006,4.084818382882659,0.2326646162347488,-2.7029474130780025,-1.370974504500595,0.0,-2.6721900029266625,-6.682140367250037,4.214442842863082,0.0,-2.7936128913312364,-1.093000425299801,0.0,-2.7686522557920963
607.6,-6.698706885398522,3.9389994647592586,1.382,-3.13,-1.01,0.19,-2.786607491966111,-0.11450444924771241,0.9924201565639358,0.925296172101532,-6.935599967193757,3.976762780186004,0.25220908574642364,-2.6017034406339126,-1.6251821147986558,0.0,-2.583237304981846,-6.965311762040947,4.113346902980457,0.0,-2.6929628923475573,-1.3216935317083738,0.0,-2.6853358823667977
607.7,-6.998648877179841,3.828041423537025,1.363,-3.0,-1.25,0.16,-2.69991134404741,0.0,0.0,0.0,-7.152204513576013,3.913094288994287,0.240653201240094,-2.3410483302370055,-1.7076506803226985,0.0,-2.51138132197405,-7.239087685754278,3.989036117110972,0.0,-2.5736302070237005,-1.5412172663737307,0.0,-2.602019508941204
607.8,-7.289501687355164,3.694891819395925,1.347,-2.78,-1.47,0.13,-2.611788976188523,0.0,0.0,0.0,-7.383568303914139,3.7995558188622467,0.24803319841786375,-2.1293217098291803,-1.8148283711012623,0.0,-2.4357628012454904,-7.501568789582143,3.8423729041982733,0.0,-2.4364426518960522,-1.7500486211283286,0.0,-2.5187031355153473
607.9,-7.553087016884854,3.5395506752591595,1.333,-2.47,-1.65,0.11,-2.5304651141127175,0.0,0.0,0.0,-7.631156436567077,3.6390903347675416,0.23934875581049245,-1.9652029573738883,-1.987981000577931,0.0,-2.350432605247468,-7.750934083698694,3.674374755462177,0.0,-2.282352047726341,-1.9467388481303527,0.0,-2.4353867620892204
608.0,-7.780315712142995,3.373113776373547,1.322,-2.13,-1.77,0.12,-2.458132970329148,0.0,0.0,0.0,-7.864671710368052,3.4667004153254966,0.23617382308921764,-1.7838343940755534,-2.138785969051116,0.0,-2.265951877977605,-7.9854535705654,3.4862071754481274,0.0,-2.112427374878766,-2.1299233592220523,0.0,-2.3520703886628023
608.1,-7.98027691367103,3.195581110216114,1.309,-1.82,-1.84,0.14,-2.389533984657151,0.12420915930589746,-0.7158140028726356,0.6868754188553532,-8.08988295325341,3.244173484779575,0.2347080588755136,-1.614756660228647,-2.3251380031556312,0.0,-2.1778064749389743,-8.203500246968193,3.279175596218623,0.0,-1.927847540037476,-2.298331328723746,0.0,-2.268754015236122
608.2,-8.1529706490225,3.006952689838728,1.294,-1.57,-1.9,0.17,-2.315699803825242,0.5535910975285179,-0.8143232464850929,0.8136632840834152,-8.290957396148565,3.0237214289241146,0.24087785452556953,-1.4235950322286102,-2.453337455417846,0.0,-2.0965811888242234,-8.441290909865543,3.0078681676321253,0.0,-1.6888165244675843,-2.4792784861256463,0.0,-2.168774367123679
608.3,-8.30748605873552,2.8183242806855118,1.276,-1.39,-2.0,0.2,-2.237539756294114,0.6751742242489616,-0.6862047584608033,0.8310305002067307,-8.474244758515203,2.7832224116710065,0.23495332256635057,-1.2195662202345048,-2.5774463796062146,0.0,-2.012749194452752,-8.584249059324893,2.8143865585980143,0.0,-1.5199372456423021,-2.5862547728374374,0.0,-2.1021212683817914
608.401,-8.443823132832337,2.607504326113132,1.255,-1.26,-2.14,0.22,-2.156514155860764,0.5808784269934568,-0.44258804227637816,0.8623694673672175,-8.628265637840755,2.56975254334527,0.24826876299199233,-0.9968697302995875,-2.6064604895247268,0.0,-1.9360921314183626,-8.773746272054403,2.5073964503939408,0.0,-1.254204698002524,-2.7250492699324367,0.0,-2.002141620283598
608.5,-8.571071036515981,2.385588598830151,1.231,-1.16,-2.32,0.24,-2.0697886824568337,0.0,0.0,0.0,-8.773332341856806,2.3209880479965403,0.2495029088943106,-0.7776317760168385,-2.674591637190627,0.0,-1.853743448292893,-8.882632909164943,2.2928833603737178,0.0,-1.069921223791817,-2.8025330590592996,0.0,-1.9354885215516253
608.6,-8.680140595166128,2.141481327498021,1.206,-1.05,-2.5,0.24,-1.9829892992933813,0.0,0.0,0.0,-8.885565817451832,2.1009594231862643,0.26743362336564036,-0.5503578951300694,-2.636985437835083,0.0,-1.7765500214599903,-8.998259022360388,2.015327906750691,0.0,-0.8329830390620013,-2.8818504998346497,0.0,-1.8521721481359643
608.7,-8.789210145965628,1.8862782779265985,1.183,-0.93,-2.65,0.23,-1.8942773222883764,0.0,0.0,0.0,-8.984220501424353,1.8268627147510756,0.27137453302271053,-0.3339179646775809,-2.701245689336552,0.0,-1.6937886658464998,-9.10593217666172,1.6710044948103977,0.0,-0.5411766576248392,-2.950601755131453,0.0,-1.752192500036255
608.8,-8.871012225169661,1.6199794776461167,1.162,-0.77,-2.74,0.21,-1.8094551444014133,-0.5918549095834409,0.33604539486382323,0.8568954198043325,-9.051424516258013,1.5259950946443048,0.26184826071229994,-0.10538647275888721,-2.787719558580816,0.0,-1.6085821621029608,-9.158374349785866,1.4362237800800814,0.0,-0.3434538177934824,-2.980094383439219,0.0,-1.685539401302627
608.902,-8.943725137469329,1.3425849063942752,1.141,-0.56,-2.76,0.18,-1.7265195727308813,0.0,0.0,0.0,-9.105396936287018,1.2410896184449205,0.2624748786713591,0.12685133530480122,-2.786749918649631,0.0,-1.5253082726454168,-9.207445703105146,1.0788106823195316,0.0,-0.044286020367107964,-2.999493585851893,0.0,-1.5855597532014558
609.0,-8.989170589753973,1.0651903640419138,1.123,-0.31,-2.74,0.16,-1.6449522852858132,-0.07691697513279075,0.33021849852028895,0.8001529996748702,-9.127177803128445,0.9496825699469523,0.25719199434834894,0.3577350935574228,-2.8046926175398146,0.0,-1.4439325663592897,-9.220220133039653,0.8385837490437137,0.0,0.15558985756818416,-2.9957828147382966,0.0,-1.5189066544669507
609.1,-9.007348596557952,0.7988916299626232,1.106,-0.02,-2.69,0.15,-1.565751715502467,0.21199068889599035,0.20968270467121503,0.8013830799871495,-9.094235501358163,0.5768085523176274,0.26279386641383484,0.6835042289057658,-2.9605412945053926,0.0,-1.3439005046443162,-9.213648387427849,0.5379789585825473,0.0,0.4043592401913781,-2.972442861220472,0.0,-1.4355902810484358
609.202,-8.989170015510581,0.5325929346272911,1.091,0.29,-2.65,0.15,-1.4937578876826427,0.9348525666153793,0.25571960452282094,0.6438363553960409,-9.046608035657918,0.21505123020694866,0.25606726680035163,1.000842177314428,-3.0279682134618144,0.0,-1.2515685553698495,-9.17278705324634,0.1795344419048902,0.0,0.6990288867930466,-2.9172387036026213,0.0,-1.335610632945603
609.3,-8.943723969106806,0.2662942669241631,1.077,0.64,-2.67,0.14,-1.423087282976832,1.183042207085792,0.26300985647313196,0.7480983428254412,-8.984567043136206,-0.09588927784689545,0.2594509944666098,1.2738922957977,-2.9817374295367522,0.0,-1.1670370580657015,-9.125743266252766,-0.056387256199758276,0.0,0.8917757570360723,-2.864203046469663,0.0,-1.2689575342099872
609.402,-8.861921328934294,-0.0111001438332472,1.064,1.02,-2.75,0.14,-1.3394288261744638,0.7472555997621664,0.026495263848118095,0.8891339947406276,-8.895466085582836,-0.39071776577031236,0.26902985328969564,1.5364447157619245,-2.855471981216875,0.0,-1.0771582933191306,-9.025995339039303,-0.4030895365268312,0.0,1.1732075763315601,-2.760888810223883,0.0,-1.1689778861062263
609.5,-8.752851242794215,-0.28849452812290344,1.051,1.4,-2.87,0.15,-1.2446226318690439,0.1306337257764774,-0.5676248180851958,0.9618390415288798,-8.797445092232204,-0.6425449845954169,0.2717784339702787,1.736386295422995,-2.670362847342535,0.0,-0.9942498921322795,-8.916765251122794,-0.6832238182246417,0.0,1.3988991557589776,-2.6536774732372534,0.0,-1.0856615126859868
609.6,-8.589246233352569,-0.5880804179439717,1.037,1.73,-2.96,0.16,-1.1388761242243906,-0.47009162068174964,-0.9985720723660316,1.0210676766083446,-8.668606379441375,-0.8977464092233165,0.2668486114855918,1.9365701123951697,-2.4888557204055655,0.0,-0.9095545532679328,-8.812827017780442,-0.9001777515398129,0.0,1.5725377915504137,-2.5546130468458434,0.0,-1.0190084139496098
609.7,-8.407462951831983,-0.8876662938636055,1.021,1.96,-3.0,0.16,-1.0379659374568124,-1.0340653310123824,-1.059800731988557,1.0151326221742174,-8.530195696818666,-1.127019805275299,0.2758257961421082,2.082386494773306,-2.278360910537621,0.0,-0.8303085018617544,-8.66296867973583,-1.1608478618461047,0.0,1.7796779339336601,-2.4148850195756175,0.0,-0.9356920405287862
609.8,-8.207501373012658,-1.1872521548672836,1.005,2.1,-2.92,0.14,-0.9458157261225841,-1.5549042456472222,-0.9735900377399668,0.9114272289138066,-8.37973789839811,-1.3396378948924526,0.2729822621696706,2.200204484899633,-2.0569057861907116,0.0,-0.7517498423248306,-8.491937200033044,-1.4081425460575352,0.0,1.9744713336108954,-2.2584034167187297,0.0,-0.8523756671076743
609.9,-7.998450691080567,-1.4646464522679468,0.992,2.16,-2.7,0.1,-0.8621122082087657,-1.386890378692069,-0.2947944604467063,0.6990224194448221,-8.19862344272049,-1.5759905729523196,0.2588257855865024,2.3951281451137887,-1.8485340383708255,0.0,-0.6573009821156175,-8.300919127264851,-1.6403461717064372,0.0,2.155566679365345,-2.086253956667748,0.0,-0.769059293686218
610.001,-7.780310893986811,-1.7198491886582363,0.983,2.16,-2.33,0.03,-0.7800811966273445,-0.8764702580313539,-0.09277257135955586,0.6433400479503937,-8.100624751904286,-1.7306597786501678,0.2831129102460884,2.296220222195011,-1.5545745066679768,0.0,-0.595132351966499,0.9891732278784302,5.832231687112542,0.0,-2.832231686522596,0.9891732274871918,0.0,2.805581008889609
610.1,-7.562171159327402,-1.930668814738658,0.983,2.12,-1.87,-0.01,-0.6918200691554207,-0.42561962987345053,0.037476383190516604,0.7913769079291343,-7.896477977487836,-1.9155376201880103,0.2708568091773076,2.411083796919221,-1.355861622764656,0.0,-0.512271929849851,-7.817047994259587,-2.090306851036213,0.0,2.4997215113999247,-1.6584074733180794,0.0,-0.5857632721580317
610.2,-7.362209774605076,-2.086009560699815,0.986,2.05,-1.4,-0.03,-0.6169661720606942,0.30222540916500995,0.14793831857738476,0.7256232232335895,-7.606785489850491,-2.096543320038419,0.22966732179074298,2.660649102131304,-1.168618961114178,0.0,-0.4138559307290106,-7.621834661596911,-2.230891061678807,0.0,2.6046270699311727,-1.4882341484455601,0.0,-0.5191101734201556
610.3,-7.153159275864846,-2.2080629668190737,0.985,1.98,-0.99,0.0,-0.5500728329035899,0.0,0.0,0.0,-7.396327056225808,-2.2805336748376996,0.21157681504506298,2.7276461669222596,-0.9453238135724256,0.0,-0.3336170176383204,-7.365365658119066,-2.387830789420561,0.0,2.7194430112041448,-1.2663146587122767,0.0,-0.43579379999760576
610.4,-6.962287105165634,-2.2968290542263876,0.98,1.98,-0.69,0.08,-0.4933277805659432,0.0,0.0,0.0,-7.066047456791438,-2.4150335108958396,0.20703242998812252,2.965336420403898,-0.7068049738305344,0.0,-0.23398969829863558,-7.09672576825233,-2.522882770009392,0.0,2.8153925042967827,-1.0356099670960657,0.0,-0.3524774265747691
610.5,-6.753236637855213,-2.3634035643096682,0.968,2.11,-0.48,0.15,-0.42302982409926887,0.0,0.0,0.0,-6.866974786604854,-2.518866524334199,0.2503899427049825,2.8407191901286586,-0.5175407953272583,0.0,-0.1802100456668998,-6.817778709037984,-2.6351100663514293,0.0,2.891809921607104,-0.7977206287205529,0.0,-0.2691610531516735
610.6,-6.526007896819638,-2.4077865072131237,0.948,2.37,-0.34,0.2,-0.33868114551040124,0.9975183618464042,0.690800729440898,0.7094894314622919,-6.547282564615358,-2.5844378016991096,0.25391528863669666,2.9647870274037778,-0.2759706319546689,0.0,-0.09281533784639118,-6.530459704571502,-2.7237340899622295,0.0,2.9481651606733865,-0.5542970345088244,0.0,-0.18584467972833604
610.7,-6.271511723538951,-2.4410736575678547,0.925,2.69,-0.23,0.22,-0.25046245654555765,0.5653093141385199,0.18867271024750143,0.7870759354923451,-6.300793519966641,-2.667861380839012,0.2597280036377232,2.9096341435638022,-0.06111600607231819,0.0,-0.02100161647718579,-6.236762060185109,-2.7881400025049503,0.0,2.984067161338228,-0.30702793803346634,0.0,-0.10252830630473707
610.8,-5.9806589718733125,-2.4632650104998923,0.901,3.01,-0.16,0.22,-0.15363471110793553,0.0,0.0,0.0,-5.979876491300653,-2.7279061974049976,0.26498507078218425,2.9763655043648476,0.1956453100065018,0.0,0.06563852966014094,-5.938723333685706,-2.8278809812949626,0.0,2.999266946433149,-0.057628805673874586,0.0,-0.019211932880891968
610.9,-5.66253877404774,-2.485456351285878,0.877,3.25,-0.11,0.2,-0.061200066408839036,0.0,0.0,0.0,-5.688194087537574,-2.7411620891046096,0.2618737025463206,2.935980039858711,0.44041702571872043,0.0,0.14889661631564932,-5.6384111995870425,-2.8426813191869615,0.0,2.993658891364662,0.19217013377187248,0.0,0.06410444050901934
611.0,-5.3262402995628095,-2.496551917800593,0.857,3.32,-0.04,0.17,0.02432067791489185,-0.7744382989670433,-1.9375139543935043,0.8338297189143262,-5.370118067719481,-2.7233028895752374,0.27068264552616306,2.934725769192488,0.6863989775831159,0.0,0.22975848951678612,-5.337909104402005,-2.8324383372981923,0.0,2.9672820905579274,0.44063587338164706,0.0,0.14742081393338055
611.1,-4.999030991444392,-2.496551725918726,0.844,3.22,0.08,0.11,0.10985250870254998,0.0,0.0,0.0,-5.0987928974507275,-2.710315016433373,0.2603019593496385,2.777715389866231,0.958507266661005,0.0,0.33227643104898474,-5.039301812519098,-2.797223097373853,0.0,2.920319469455475,0.6860446591961717,0.0,0.23073718735798865
611.2,-4.689999989468246,-2.474359996847543,0.839,2.93,0.29,0.01,0.1982000629093983,-0.4133862754988812,-0.8841741599783653,0.7526830381151783,-4.83158334734641,-2.6624610281841017,0.24182050189698145,2.6273480869822987,1.2145933401423747,0.0,0.433026090944149,-4.744660942932973,-2.7372799087857795,0.0,2.8530968307832407,0.9266939424230688,0.0,0.3140535607828381
611.3,-4.417325589690696,-2.4521683038093247,0.843,2.53,0.53,-0.08,0.28666050831345125,0.0,0.0,0.0,-4.544906233217652,-2.5917851898565996,0.25229268806568306,2.5362678663148235,1.386060556640238,0.0,0.5001491148951036,-4.4560305971730685,-2.6530246336091214,0.0,2.766080490828722,1.160914174221757,0.0,0.3973699342079474
611.4,-4.190096942568336,-2.385593523784085,0.857,2.11,0.78,-0.18,0.3675506869938713,0.0,0.0,0.0,-4.2765590195513346,-2.494963253646427,0.2514848788866666,2.393406073272652,1.5973238019105458,0.0,0.5884998879316505,-4.175413178137685,-2.5450418015361467,0.0,2.6598742112630607,1.387080453638865,0.0,0.4806863076333174
611.5,-3.990135758134101,-2.2857314263243786,0.878,1.8,1.06,-0.24,0.4226829568531849,-1.0594605518727598,2.0815773850848522,0.4338167454318529,-3.9887555216196247,-2.2837275744104897,0.2717825515865556,2.360390522825685,1.881860139567768,0.0,0.673071910856677,-3.904755498216642,-2.4140805546410338,0.0,2.535214792318986,1.6036237273320981,0.0,0.5640026810589682
611.6,-3.8174420259173214,-2.1636777886093514,0.901,1.65,1.4,-0.24,0.4860749999668936,0.0,0.0,0.0,-3.7644049596820794,-2.2201275451451896,0.26540881393103033,2.12605582828909,1.904308284871415,0.0,0.7304343460184199,-3.6459352730787287,-2.261049450129119,0.0,2.392967033532921,1.809041680053804,0.0,0.6473190544848814
611.7,-3.644748293651003,-2.008336811102744,0.924,1.63,1.8,-0.26,0.5635028640416007,0.0,0.0,0.0,-3.5112049181545673,-2.0508134235955175,0.26475537966725415,1.9635442033054462,2.088377862063301,0.0,0.8161969258990256,-3.400748094825055,-2.0870101571273656,0.0,2.234117818313323,2.001909216010319,0.0,0.7306354279110565
611.8,-3.4720545721043212,-1.808612718735605,0.949,1.7,2.19,-0.26,0.6486947099354604,0.7955573953385572,1.272600408418589,0.4984602499041247,-3.279602013219288,-1.8501173152986858,0.2645845888350563,1.7926707260172305,2.2564890858127677,0.0,0.8994478973131796,-3.1708949748827964,-1.8931700912447789,0.0,2.0597692233356337,2.180888342438613,0.0,0.8139518013375382
611.9,-3.290271712072638,-1.5756012905357417,0.973,1.85,2.49,-0.24,0.7476290623333791,0.0,0.0,0.0,-3.0832658340201977,-1.693964525714316,0.2772890317609511,1.5639418489993822,2.3088969295556705,0.0,0.9754308706285437,-2.9579705430624994,-1.6808740380017069,0.0,1.8711307195836773,2.3447372843009364,0.0,0.8972681747643403
612.0,-3.0903105440309258,-1.3203982952939928,0.993,2.02,2.66,-0.19,0.8442084948208669,0.0,0.0,0.0,-2.9065502733116633,-1.4971766669998334,0.2870351867586032,1.3472330592134276,2.384141790301706,0.0,1.0564484413146156,-2.7634519846487384,-1.4515948232411535,0.0,1.669511045007225,2.4923193513054405,0.0,0.9805845481914472
612.1,-2.8812602185614313,-1.0540995198047125,1.01,2.11,2.68,-0.15,0.925888077416692,1.5509366928514974,-1.7527984915050867,0.7281552888353233,-2.7527886680440217,-1.2681291516952062,0.2929874824873224,1.1366131791357228,2.4765985725943938,0.0,1.1405318036082441,-2.5886887922742248,-1.2069230952470038,0.0,1.4563089941339047,2.6226107350063406,0.0,1.0639009216188227
612.201,-2.663120723118808,-0.7988965231390711,1.023,2.05,2.57,-0.09,1.0046075741436817,0.0,0.0,0.0,-2.5444586661987234,-0.8839585197531985,0.28491625857053904,0.9702697754769328,2.927316574032504,0.0,1.250738436498029,-2.406747002998914,-0.8953957200732041,0.0,1.1872654010795642,2.754872766386346,0.0,1.163880569732162
612.301,-2.4722486615084285,-0.5547893193340591,1.03,1.84,2.41,-0.05,1.0906964997437336,-0.18107054910908818,-1.1520819318737572,0.5611138075190045,-2.422729767611067,-0.6559749198713752,0.2483615749437701,0.64080569388173,2.93629767397705,0.0,1.3559292609263807,-2.2795080472748483,-0.622968342530466,0.0,0.9538864506202132,2.8441208772161097,0.0,1.2471969431603476
612.4,-2.299554880339629,-0.32177790255195227,1.033,1.52,2.25,-0.03,1.1847797195103507,0.0,0.0,0.0,-2.30655421233871,-0.3151963750695441,0.270029308864703,0.42023663495559055,3.134413566405188,0.0,1.4375192450498062,-2.194321054976972,-0.39798980605530615,0.0,0.7623392190856049,2.9013379609129952,0.0,1.3138500419032104
612.501,-2.1632176857103027,-0.11095805619992771,1.034,1.15,2.14,-0.03,1.2704708735134937,-1.5428261568227086,0.0892456485608659,0.6472146286748258,-2.2315682157259933,0.002130539620369431,0.2864286925053434,0.16596691096783658,3.2084594738736216,0.0,1.519114477802196,-2.095090853555044,-0.051138991881382476,0.0,0.4689405169935635,2.96294073285769,0.0,1.4138296900179044
612.6,-2.072326237281489,0.11095755724654305,1.036,0.79,2.16,-0.06,1.336189285912786,-2.0140672770565806,0.30303039178336033,0.7067715416605276,-2.1723188663544337,0.27421407787327146,0.27725529168533347,-0.07416276698928262,3.169098485784239,0.0,1.5941939060876154,-2.0391920289291106,0.24429585591762068,0.0,0.22073788352333296,2.9916881274430036,0.0,1.4971460634472784
612.701,-2.008702238598939,0.3328731638624527,1.042,0.44,2.34,-0.09,1.4129676977780203,-1.268027980139216,0.15338812244226369,0.8528378597700716,-2.1489750130145984,0.5629269520772909,0.26926971571295355,-0.31855591873305544,3.1229474300381805,0.0,1.672449625384468,-2.008073198750455,0.5433577998303653,0.0,-0.02899614368063433,2.9996803632659472,0.0,1.5804624368771267
612.8,-1.9814348470912826,0.5880761011264103,1.051,0.07,2.62,-0.15,1.4967603097346167,-0.6384024319555074,0.01782501598867997,0.8892221792153162,-2.1372919212859887,0.8280688025028715,0.27135369718405744,-0.5618620841706071,3.026026563538687,0.0,1.7543821468826177,-2.001170629445758,0.7838250950458528,0.0,-0.22872174007869361,2.9910883318136663,0.0,1.6471155356213527
612.9,-1.9814349114112237,0.8654705925066677,1.068,-0.32,2.94,-0.2,1.5953838928279023,-0.15785263827088353,0.05502849706777621,1.0343923728132838,-2.167756200720257,1.124146291450259,0.25874548987496493,-0.8323359097348708,2.9631724649772018,0.0,1.8446333876088694,-2.015083319412874,1.0841796604288976,0.0,-0.4768467603781322,2.961678577990319,0.0,1.7304319090522282
613.001,-2.026880742449364,1.176152415643352,1.088,-0.74,3.22,-0.24,1.6908041770246367,0.44083334605928853,0.15179640514286016,0.9546898668819144,-2.202460874411054,1.3995702237011902,0.24914958414041444,-1.053593252375489,2.8409850914772052,0.0,1.925927996908709,-2.0646882235721002,1.441519098009947,0.0,-0.7700800073231829,2.8992929870958783,0.0,1.8304115571699824
613.1,-2.1177723445821717,1.5090257908221234,1.113,-1.14,3.4,-0.26,1.7942252020027973,1.6049106360268641,0.45067625715340487,1.046288797421359,-2.259003563522213,1.6627503144707878,0.2490644829335038,-1.2504092799032018,2.7087037679515324,0.0,2.003276629280398,-2.117480857830004,1.6762212567119317,0.0,-0.9614738624408715,2.8415649228796593,0.0,1.897064655915662
613.2,-2.254109715657446,1.8529949371316634,1.14,-1.48,3.39,-0.25,1.8999940315869195,2.0134464197657995,0.9165112773270881,1.184060593889786,-2.271569012824357,1.8384833947552695,0.26543508297461593,-1.2819604673470117,2.4056921772329845,0.0,2.060405572862706,-2.2052553127588728,1.9638009377579277,0.0,-1.1946137583884862,2.751694187233594,0.0,1.9803810293484982
613.301,-2.4086253932074047,2.174772517001835,1.166,-1.71,3.2,-0.23,1.994887308278356,0.9329698879885074,1.3540819784451588,1.0109241494753958,-2.3782747918373803,2.0697548448936836,0.2629619732665851,-1.4334898642565277,2.251340727822095,0.0,2.1377842691684705,-2.341708320362889,2.2977660510305533,0.0,-1.4633034205612416,2.6187146189691743,0.0,2.080360677468991
613.4,-2.581319386968975,2.485454310825655,1.188,-1.81,2.9,-0.2,2.0732589522984366,0.4119199735789017,0.7891054038523175,0.9044938240761002,-2.522848149122531,2.452510942048458,0.06910328696517976,-1.902776495717007,2.2968370180819826,0.0,2.2626358606197954,-2.450915096840955,2.512116337950191,0.0,-1.6344703822703808,2.5154382506751176,0.0,2.1470137762077126
613.5,-2.7540133793500394,2.7517529836845744,1.205,-1.82,2.55,-0.15,2.147840277352605,0.32039244705280023,0.181290278773718,0.7787078675377096,-2.7162052475150302,2.696003678585007,0.16130743637635436,-2.13418361082198,2.1445187756994786,0.0,2.3537790044110416,-2.6070961358119025,2.7690480622555422,0.0,-1.8381355389107925,2.3706920455209617,0.0,2.2303301496286196
613.6,-2.935796523929021,2.984764307561573,1.216,-1.8,2.19,-0.06,2.2319004694607596,-0.18706358497977862,-0.5224782819815939,0.7676502192106213,-2.8108004087236025,2.8747139979482155,0.2541817404282771,-2.089510460644542,1.8923823705062974,0.0,2.4056602319062073,-2.784117275705493,3.0120911529192558,0.0,-2.02904843828418,2.2094989166256287,0.0,2.3136465230498415
613.7,-3.1084905070239386,3.1955840667807407,1.217,-1.79,1.86,0.05,2.3147215406086783,0.0,0.0,0.0,-3.093239233470531,3.215356917450277,0.025596754506179462,-2.5985291702722693,1.8884130842353095,0.0,2.513155466069593,-2.980750414041333,3.239559473343792,0.0,-2.2058846069968148,2.0329771632196922,0.0,2.3969628964714063
613.8,-3.2811844803777555,3.3620206974934277,1.208,-1.81,1.57,0.17,2.3800673047688345,0.0,0.0,0.0,-3.2304075828305114,3.349008662735439,0.24311572769193449,-2.4831819890567095,1.5979935309083044,0.0,2.5697816601920405,-3.195631388070053,3.4498749385123366,0.0,-2.3674172217270004,1.8423514187515513,0.0,2.4802792698932272
613.9,-3.4720567582166004,3.517361532331546,1.185,-1.9,1.35,0.29,2.439843730130468,0.0,0.0,0.0,-3.4105304281660573,3.503334405061193,0.2596987529793682,-2.4825359382263854,1.3592070340505114,0.0,2.6406650876186752,-3.4272694387932434,3.6415784631166526,0.0,-2.5125256512624845,1.6389441813852328,0.0,2.563595643315324
614.0,-3.6720181728513404,3.6394150138120462,1.151,-2.1,1.2,0.36,2.5113021294262743,-0.728859654201474,-0.4773618589995494,0.7827195938133585,-3.6990997545757303,3.69692132284101,0.2628917268544325,-2.7175489937276076,1.1781636708566792,0.0,2.732511623924502,-3.6740575532586606,3.8133400841126974,0.0,-2.640203130928181,1.424166571910221,0.0,2.6469120167376934
614.1,-3.89015789530996,3.76146847530343,1.111,-2.36,1.09,0.39,2.5895980159428458,0.0,0.0,0.0,-3.949655571677261,3.854066670028215,0.25781444452784374,-2.8036980737156267,0.9354634307750561,0.0,2.8195540553340805,-3.987784010232179,3.9914631605576423,0.0,-2.7691690603029895,1.1535275337163458,0.0,2.7468916648448927
614.2,-4.144654231690355,3.8724261337782684,1.07,-2.65,1.0,0.37,2.681215123334203,0.0,0.0,0.0,-4.2157659706211446,3.9822599888742545,0.25339632272364565,-2.859197302709164,0.6917058556760792,0.0,2.904230112119646,-4.206142273926543,4.0924177751507695,0.0,-2.839849390879399,0.9665290641753178,0.0,2.8135447635832453
614.3,-4.426418028333254,3.97228799126468,1.031,-2.91,0.9,0.34,2.776475624242101,0.11586054655254566,0.8950219659544708,0.9705342892981098,-4.50903135383386,4.076571326544453,0.2566132869329475,-2.922409639256153,0.4455440550386107,0.0,2.990299890438668,-4.545067232573488,4.216038131781579,0.0,-2.922140062434254,0.6782480470920604,0.0,2.9135244116910677
614.401,-4.726360129592416,4.061054049205057,0.997,-3.08,0.77,0.3,2.8713137666371207,0.38396261111559116,1.1442866059602435,0.9853016351543149,-4.8232941523212345,4.157921866268223,0.2773233063633186,-3.008050079520333,0.18959754104264012,0.0,3.0786458754612394,-4.835784470412558,4.292783916759016,0.0,-2.968447579297434,0.4327148030434433,0.0,2.9968407851145424
614.5,-5.035391382713549,4.127628539520352,0.968,-3.14,0.58,0.26,2.9639492789891104,0.0,0.0,0.0,-5.005865045897533,4.223788329671286,0.2647062890932952,-2.7855054925259304,-0.013319882761368654,0.0,-3.136810835254215,-5.072328847337883,4.336589433264123,0.0,-2.9906765386482626,0.23404419640020932,0.0,3.0634938838535017
614.6,-5.35351179199023,4.183107239069103,0.943,-3.07,0.32,0.2,3.053396896519933,0.5700085099900203,1.2898497464238408,0.8681999639034202,-5.312342301219646,4.24771528882771,0.26509019160569947,-2.804676792019896,-0.24811681930641394,0.0,-3.053356968797383,-5.3712494002974935,4.369038330115895,0.0,-2.9997796750872943,-0.015651803526788886,0.0,-3.13637504990216
614.701,-5.644364714795684,4.194202828069977,0.925,-2.88,0.01,0.13,3.1344633857395987,0.387890956759483,0.7145153175944429,0.7268889879104219,-5.601541643328362,4.280673369392305,0.26060235227722606,-2.77153491459167,-0.5475192607246723,0.0,-2.946553087596413,-5.731966416815888,4.374984266664634,0.0,-2.9832371242852522,-0.3149911509239172,0.0,-3.036395401793112
614.8,-5.917039321761382,4.1831068663432,0.914,-2.6,-0.31,0.1,-3.0739779353102272,0.1943128340399233,-0.23092787285698638,0.6277809551623292,-5.953750676847797,4.201608996885015,0.26254873252666,-2.8593576130837715,-0.8527921683377252,0.0,-2.8517457457580098,-5.971995677874347,4.3589181729578215,0.0,-2.955633231618945,-0.5129865094931048,0.0,-2.9697423030535477
614.901,-6.162446450479845,4.14981935745605,0.903,-2.35,-0.64,0.11,-3.0026153206785744,0.3203084171156043,-1.2928232388674845,0.6048847822362864,-6.21011224600376,4.229820865804378,0.27206094391954316,-2.7171941850302086,-0.9595463609565111,0.0,-2.8021244260488554,-6.328702560821382,4.304952259404968,0.0,-2.8896705751257974,-0.8054358679617328,0.0,-2.8697626549438877
615.0,-6.389675236402585,4.072148736821612,0.892,-2.2,-0.94,0.14,-2.942697513099534,0.0,0.0,0.0,-6.457988689043408,4.194464645743597,0.2652961295651709,-2.561899528863744,-1.1241435693477189,0.0,-2.7280974588129143,-6.5627423771353515,4.249296802251257,0.0,-2.829609006100843,-0.996110313639081,0.0,-2.8031095562039186
615.1,-6.616903982320156,3.961190767138901,0.874,-2.2,-1.2,0.19,-2.872438538070542,-0.8123310339285797,-1.2436098063283105,0.7121958640845559,-6.760062469238614,4.083672623139256,0.26244615084881096,-2.517453103144472,-1.3771703082697808,0.0,-2.641017876213518,-6.849228486957155,4.158016263428692,0.0,-2.7368973764175957,-1.2281351259695106,0.0,-2.7197931827787367
615.2,-6.844132713368821,3.8391370142005634,0.853,-2.29,-1.39,0.23,-2.7860615134199684,-0.5818908716035897,-0.6289734173643343,0.8032410274648781,-7.019299157361341,3.9924951847285266,0.2667055311021531,-2.3734185086087245,-1.559962805144713,0.0,-2.560127790639828,-7.127124465436885,4.043210980303858,0.0,-2.6251981657053673,-1.4516395917949818,0.0,-2.6364768093533013
615.3,-7.0804505629078225,3.6948916843566413,0.828,-2.42,-1.53,0.25,-2.6935140967329567,-0.6665115061906618,0.2227294534114319,0.8770581533557767,-7.290250967245488,3.853697123492553,0.27092716188032206,-2.2395901199782586,-1.7719918210628218,0.0,-2.472232924680371,-7.394502380460262,3.9056774264112497,0.0,-2.4952864203925995,-1.6650731832509933,0.0,-2.553160435927565
615.4,-7.334946711376224,3.539550560383038,0.802,-2.52,-1.62,0.25,-2.6031107783278054,-0.3788106469722544,0.8020864742530536,0.9049071953673091,-7.519483978615896,3.7306434170019984,0.2817888217760759,-2.048255363559911,-1.8968775352587568,0.0,-2.3945464559440803,-7.649507270066909,3.746369755016269,0.0,-2.3480633705322926,-1.8669551636992223,0.0,-2.469844062501576
615.5,-7.5894428254849124,3.373113647873848,0.778,-2.53,-1.7,0.23,-2.5162386774977272,0.0,0.0,0.0,-7.743842998848839,3.5776791198067466,0.2765331524912745,-1.8719403027308053,-2.030067395169264,0.0,-2.3156921055106032,-7.890370011440896,3.566393179578276,0.0,-2.1845503526604015,-2.05588492189192,0.0,-2.386527689075312
615.6,-7.843938942666532,3.2066767324925167,0.756,-2.43,-1.75,0.19,-2.437260854240281,-0.35832728906247846,0.25042239127463667,0.8042141277362971,-8.039301900522215,3.273060416820793,0.2746377159280291,-1.8211957159707735,-2.4741241917886385,0.0,-2.2053400605889983,-8.158392481587848,3.324905963221644,0.0,-1.968436733882533,-2.263665101583095,0.0,-2.286548040963424
615.7,-8.080256734678164,3.029144049800472,0.737,-2.3,-1.78,0.18,-2.3561463236769264,-0.08946071083029432,-0.5894229251815073,0.9172298723691212,-8.272886528668286,3.0144115830399536,0.2727360477793075,-1.6583228911265824,-2.726152373801071,0.0,-2.1172976059460624,-8.323094714119103,3.1495624713821284,0.0,-1.8132972477568738,-2.3897439511924388,0.0,-2.219894942221855
615.802,-8.298396209101854,2.851611378024865,0.716,-2.22,-1.78,0.22,-2.264707553382737,0.02809868350393583,-0.39424813599041053,0.9702267690029786,-8.472976054977744,2.7754087159959457,0.2558345121485621,-1.4479688448284007,-2.8542628729663098,0.0,-2.040267226107278,-8.547351049448306,2.8669652027610986,0.0,-1.5657140777206593,-2.558800964171612,0.0,-2.119915294109213
615.9,-8.525624811892301,2.674078689055124,0.688,-2.19,-1.77,0.31,-2.1748108744581764,0.03736456199081421,-0.21520900008652522,0.9225276057668494,-8.625722740629527,2.523421899677812,0.2594563395685837,-1.160805834055217,-2.9779031480156823,0.0,-1.942484386086809,-8.680689026027204,2.666732464346224,0.0,-1.391811679225936,-2.657401637497631,0.0,-2.05326219537404
616.005,-8.743764252639071,2.4965460046340042,0.651,-2.17,-1.77,0.4,-2.0930187582930153,0.026085716597563948,-0.10510270184650161,0.7840646878962553,-8.770946878041459,2.231719394016832,0.2550486114820685,-0.9614645140135369,-3.060152240680458,0.0,-1.875218694279032,-8.854966813925257,2.350853733164867,0.0,-1.119617570058346,-2.7830522181283355,0.0,-1.9532825472764925
616.1,-8.961903654159432,2.3190133090724028,0.605,-2.16,-1.77,0.5,-2.0044562697371067,0.012943787785217646,-0.05271028877015495,0.9261212351300866,-8.86353245363509,2.0343310416601694,0.2579567542281288,-0.6503124374628426,-2.9994051034627023,0.0,-1.7843055067449933,-8.975513190666659,2.075399564666529,0.0,-0.8841281826595704,-2.8665729258445847,0.0,-1.8699661738609787
616.201,-9.18004304351733,2.14148061274207,0.55,-2.16,-1.76,0.61,-1.9183406710585182,0.006663867734494075,-0.025308108825447068,0.8990608779614372,-8.928271057219165,1.7660812861175028,0.2639076657066727,-0.383912326872156,-2.9909591416099133,0.0,-1.6984558849646547,-9.072718115856482,1.7908690207746372,0.0,-0.6425050822317332,-2.930206546268484,0.0,-1.786649800444739
616.3,-9.38909324130327,1.9639479161618982,0.485,-1.29,-2.26,-0.15,-1.8326234698256079,-0.037747714278076105,-0.047396442518277467,0.899418818026874,-8.952564841195688,1.475118693735977,0.26390766570667323,-0.12612682590269766,-3.0099446202673104,0.0,-1.61267519759359,-9.133217468466063,1.5580343286321354,0.0,-0.44591563226890557,-2.9664932537910063,0.0,-1.7199967017112845
616.401,-9.51634111265694,1.7309364312089972,0.484,-1.17,-2.31,0.22,-1.87073014974199,-1.7625613932420492,0.013360666220091064,0.40224246902174543,-8.951329801360403,1.181204582071877,0.26390766570667445,0.13729542549102466,-3.006482463434008,0.0,-1.5251615670433114,-9.195622101932202,1.2016356156339711,0.0,-0.1364721104562196,-3.0074195568843973,0.0,-1.6161436914437282
616.501,-9.634499760997592,1.5090207198869356,0.438,-0.98,-2.29,0.44,-1.7947215914686745,-0.5821139050271001,0.0562945535531047,1.0430199824035502,-8.924923627249617,0.8963337376097527,0.26390766570667445,0.3965697876691281,-2.9804070149064037,0.0,-1.4385144080826426,-9.218829573075924,0.9007644554327069,0.0,0.12323021989566732,-3.007000500194073,0.0,-1.5298381350916703
616.6,-9.734480089477048,1.2871050317436443,0.373,-0.81,-2.2,0.69,-1.6661269545515602,-0.6889764529678145,0.4559851814059372,2.052699490328019,-8.875238896857864,0.6234882698020306,0.26390766570667457,0.6498297088278481,-2.9326294730969527,0.0,-1.35273372071158,-9.218615405594683,0.6594503080143964,0.0,0.3291503866121738,-2.98955226992389,0.0,-1.4611377713348808
616.7,-9.82537122400663,1.0762851279138914,0.28,-0.81,-2.03,1.06,-1.4882508953425548,0.0,0.0,0.0,-8.802908553013879,0.3602617982877179,0.263907665706674,0.900295719792782,-2.8625867760644206,0.0,-1.2660865617509096,-9.194911532613943,0.3591700515754231,0.0,0.5800286850089078,-2.9452085288003924,0.0,-1.3763450217161732
616.8,-9.916262315198615,0.8876567797511439,0.154,-0.86,-1.8,1.36,-1.342631026110377,1.3920914701414078,0.6235578584206242,1.2817632608506275,-8.710493782092513,0.11242569543829384,0.26390766570667434,1.1435212263414245,-2.7712187017281598,0.0,-1.179439402790238,-9.145742339002515,0.06252708640199153,0.0,0.8226727743975688,-2.8848108154851944,0.0,-1.2929963334639363
616.9,-9.98897515312052,0.7323157926058558,0.031,-0.05,-0.44,0.0,-1.2618753155085707,2.1759893210110017,0.9838296050957768,0.770588249440687,-8.600721368338194,-0.1173213540759535,0.26390766570667556,1.3776963360128467,-2.6592522343065856,0.0,-1.0927922438295639,-9.072004257583188,-0.2289675721771876,0.0,1.059893051325754,-2.806341047843641,0.0,-1.2096799600417123
617.0,-9.98897514066288,0.7212200148409844,0.032,-0.05,0.04,0.0,-1.2618557651850841,0.0,0.0,0.0,-8.476842441912721,-0.3266633750891728,0.26390766570667634,1.601082592096074,-2.527567451709744,0.0,-1.0061450848688889,-8.974263539396821,-0.5133145121185281,0.0,1.2897602224995723,-2.7084020610683344,0.0,-1.1263635866218928
617.102,-10.007153395371262,0.7101242141892793,0.016,-0.06,0.02,0.01,-1.2622484405848644,0.00013274043118857216,0.0004728070896810818,-0.00013209866118355613,-8.3425926996013,-0.513685284256435,0.2639076657066769,1.812025878020326,-2.3771906222407395,0.0,-0.9194979259082139,-8.826257704877458,-0.842322709953735,0.0,1.5536536042089637,-2.566141790485115,0.0,-1.0263839385178226
617.2,-10.025331651992419,0.6879326375166583,0.0,-0.07,0.0,0.01,-1.2628988464686532,0.0,0.0,0.0,-8.202048797127995,-0.6770017150241987,0.2639076657066768,2.0089686634954864,-2.2092862176069894,0.0,-0.8328507669475376,-8.709649056494102,-1.0527379870431561,0.0,1.7211183941995787,-2.4569644972490248,0.0,-0.959730839781437
617.3,-10.03442074637337,0.665741070149798,-0.012,-0.07,-0.01,0.02,-1.2632672031733654,0.00016323885309855253,0.00043507458934986587,0.0001301363835502062,-8.059541973167695,-0.8157023911434287,0.263907665706677,2.1904615017557094,-2.0251479043202765,0.0,-0.7462036079868621,-8.544611085767487,-1.3040722191359055,0.0,1.9196167893873557,-2.305210264946186,0.0,-0.8764144663606461
617.4,-10.04350986773742,0.654645280330353,-0.021,-0.08,-0.02,0.02,-1.2633983333918712,0.00022874144500164938,0.00037712790576174186,0.0001289882983903929,-7.919544350397597,-0.9293537017394418,0.26390766570667756,2.355173693059816,-1.8261885831147462,0.0,-0.6595564490261898,-8.319822819175878,-1.5862465543006006,0.0,2.140120950229974,-2.1020954818346187,0.0,-0.7764348182553366
617.5,-10.04350986773742,0.654645280330353,-0.027,-0.08,-0.02,0.02,-1.2634355266902109,0.00012584805062010687,0.0004251378221675075,-5.644447621741813e-05,-7.786562463403679,-1.017989116065335,0.2639076657066777,2.5019030360285104,-1.613929553024317,0.0,-0.5729092900655166,-8.15479058389124,-1.7612794850796165,0.0,2.27537627220904,-1.95488768711,0.0,-0.7097817195182057
617.6,-10.052598988546588,0.6435494911949422,-0.032,-0.07,-0.03,0.02,-1.2634181221339367,-0.0009484000513455599,0.0009983668018280528,0.002545369011725277,-7.665107889708935,-1.0820624255260085,0.26390766570667845,2.629584595401687,-1.389988883184231,0.0,-0.4862621311048394,-7.9327124729162115,-1.9639805963742845,0.0,2.4301692003656394,-1.7587497029863621,0.0,-0.6264653460965449
617.7,-10.05259897576663,0.6324537130707186,-0.036,-0.07,-0.03,0.02,-1.2634085853907724,-0.0024422703875059447,0.0018354558449593062,0.00013095067530331583,-7.559651363123052,-1.122449250355717,0.2639076657066789,2.7372984223247534,-1.1560690812079035,0.0,-0.3996149721441693,-7.694535917331485,-2.147497233932245,0.0,2.5681026175423787,-1.550410240643521,0.0,-0.543148972674652
617.8,-10.052598959964127,0.6324537123354799,-0.04,-0.07,-0.03,0.02,-1.2634596069667001,-0.0025138437697900134,0.0019238405031776918,8.473087485693943e-05,-7.474618561971321,-1.1404499846555767,0.2639076657066787,2.8242761712641333,-0.9139441520980739,0.0,-0.3129678131834819,-7.441913291645597,-2.3105562320925,0.0,2.688219535001691,-1.331314632543747,0.0,-0.4598325992524792
617.901,-10.052598959964127,0.6324537123354799,-0.042,-0.07,-0.04,0.02,-1.263493939242091,-0.0024952822490924764,0.0018092680996455565,7.46311833602801e-05,-7.41389824265623,-1.1377071596836872,0.26390766570667945,2.8904534066555243,-0.6629353002830746,0.0,-0.22545418263320105,-7.122171324449223,-2.477640625682435,0.0,2.8076778481796945,-1.0563466143612854,0.0,-0.3598529511455831
618.0,-10.052598947906326,0.6213579350884937,-0.045,-0.06,-0.04,0.03,-1.2635218342158454,0.0,0.0,0.0,-7.383103738997916,-1.11680075829438,0.26390766570668045,2.9337396762537087,-0.4124512971003218,0.0,-0.1396734952621852,-6.900428274717425,-2.5709261305964115,0.0,2.871800047705135,-0.8669991025835204,0.0,-0.2931998524073691
618.1,-10.043509799236855,0.6213579454821863,-0.046,-0.06,-0.03,0.03,-1.2635485370967054,0.0,0.0,0.0,-6.380025296760276,-1.2341370343836808,0.26390766570668145,2.9554899742109977,-0.1568658576151334,0.0,-0.05302633630159903,-6.615322491826062,-2.6664306878209985,0.0,2.9339900459222736,-0.625000416436624,0.0,-0.20988347898442475
618.2,-10.043509799236855,0.6213579454821863,-0.048,-0.05,-0.04,0.03,-1.2635683258387704,-0.002090850372276196,-1.8215484391931084e-05,6.383046832672137e-05,-5.6870902723936005,-1.384595004428422,0.2639076657066822,2.955038152028017,0.09938826464597114,0.0,0.03362082265907418,-6.3232577936766905,-2.7378774511034165,0.0,2.9758251509025535,-0.37866571669018273,0.0,-0.1265671055612889
618.3,-10.043509799236855,0.6213579454821863,-0.049,-0.05,-0.04,0.03,-1.2635802467677257,-0.001823454506853165,-0.00020137819149376217,6.43605669953787e-05,-5.4168833025818115,-1.0133143128267237,0.2639076657066832,2.9324316874962153,0.35438795846266086,0.0,0.12026798161974783,-6.026260409342169,-2.78477075112843,0.0,2.997015147711067,-0.12970398532975783,0.0,-0.043250732137929904
618.4,-10.0344206500125,0.6213579561801674,-0.049,-0.05,-0.04,0.03,-1.2635904987666269,-0.0017828145829831509,-0.0002592848218730022,7.226837136421396e-05,-5.289586360875153,-0.3177393647276468,0.2639076657066841,2.8878841570696356,0.6062233415396014,0.0,0.20691514058042237,-5.6662550812373045,-2.808186214040485,0.0,2.994994812104499,0.17008530280826856,0.0,0.05672891602246133
618.5,-10.0344206500125,0.6213579561801674,-0.048,-0.04,-0.04,0.02,-1.2635978897425788,-0.001400649180563432,-0.00018423150765603616,0.00010924717784525559,-5.716930698505639,0.7413910673016343,0.2639076657066848,2.8217733035647448,0.8530120649896348,0.0,0.2935622995410969,-5.425729308931318,-2.8037682520766043,0.0,2.977016145362173,0.3691855394550353,0.0,0.12338201476189135
618.604,-10.0344206500125,0.6213579561801674,-0.048,-0.04,-0.04,0.02,-1.2636036117884775,-0.0003822534329881812,0.00021787382153765861,3.532007576457738e-05,-6.442484235660388,1.6894707163462057,0.2639076657066858,2.730724461808285,1.1023407089775679,0.0,0.3836753448601993,-5.066826714191545,-2.767147934540644,0.0,2.9252999257377756,0.664487305341739,0.0,0.2233616628713644
618.726,-10.02533149934383,0.6213579658831663,-0.048,-0.03,-0.03,0.02,-1.263609810671534,-7.178284083310929e-05,0.00030766539877633285,3.764495103148307e-05,-6.499813373778194,3.0182859624200757,0.26390766570668645,2.596003645553466,1.382627078330483,0.0,0.4893848787922228,-4.771751750112471,-2.7093794875967925,0.0,2.8598539898285273,0.9056258325536107,0.0,0.3066780362962
618.8,-10.02533149934383,0.6213579658831663,-0.048,-0.03,-0.03,0.02,-1.2636124332759044,2.9314708925526753e-05,0.0003762999791765569,8.296457286966601e-05,-6.67933666954273,3.847796064306773,0.26390766570668744,2.5002259755366474,1.544980764582587,0.0,0.5535037764231232,-4.539793117667695,-2.6456036429092213,0.0,2.793185607300801,1.0940919124524333,0.0,0.37333113503624765
618.9,-10.02533149934383,0.6213579658831663,-0.047,-0.03,-0.03,0.02,-1.2636150558802746,0.00015327830576560315,0.00034080245287925566,9.67993371751921e-05,-7.468189441250622,4.945798696677889,0.26390766570668756,2.354786973472386,1.7537946023681537,0.0,0.6401509353837986,-4.256661246440854,-2.5443970651380177,0.0,2.692446242629544,1.3227456671136653,0.0,0.4566475084615579
619.0,-10.016242350674359,0.6213579758971131,-0.047,-0.02,-0.03,0.02,-1.2636176784846447,0.00016792090099657306,0.000343946026371437,3.36732455483118e-05,-8.575583948804347,5.828067607866155,0.2639076657066878,2.1919839599194697,1.949041436434978,0.0,0.7267980943444736,-3.982933916478935,-2.419979314312447,0.0,2.5730277741796894,1.5422227466215181,0.0,0.5399638818871005
619.1,-10.016242350674359,0.6213579758971131,-0.045,-0.02,-0.03,0.02,-1.2636167248103283,0.0002012097740083177,0.0004613806640030247,0.00010943568484219828,-9.806047617250922,6.387541375201265,0.2639076657066882,2.013072637967149,2.129284165443373,0.0,0.8134452533051504,-3.720510139465666,-2.27321355145663,0.0,2.4357586470106862,1.7510004893774893,0.0,0.6232802553129008
619.2,-10.016242350674359,0.6213579758971131,-0.045,-0.02,-0.03,0.02,-1.2636191089961193,0.00015390681779210803,0.00046599756865656813,6.137082834313816e-05,-11.239385465787404,6.781564177521896,0.26390766570668833,1.819427034200674,2.2932011183749412,0.0,0.9000924122658267,-3.471210507516182,-2.1051179792412467,0.0,2.2815912200247235,1.94763050785969,0.0,0.706596628739012
619.3,-10.016242350674359,0.6213579758971131,-0.043,-0.02,-0.03,0.02,-1.2636238773677013,0.0001231830524642669,0.0003691625703671799,-7.986773539587734e-05,-13.031865914691023,6.862778440417276,0.2639076657066892,1.6125289518706485,2.439595740759735,0.0,0.9867395712265026,-3.2367645626308663,-1.9168587780971462,0.0,2.1115949753850307,2.1307486027799807,0.0,0.7899130021654149
619.4,-10.016242350674359,0.6213579758971131,-0.043,-0.01,-0.03,0.02,-1.2636255462977553,0.00013374299853380296,0.0005003786895915111,3.852793635280993e-05,-14.442888207576992,6.93186654319769,0.26390766570669,1.3939566362324842,2.5674053224640154,0.0,1.0733867301871811,-3.0187987978187447,-1.7097420157179544,0.0,1.9269493481769933,2.299084433791143,0.0,0.8732293755920933
619.5,-10.016242350674359,0.6213579758971131,-0.041,-0.01,-0.03,0.02,-1.2636279304835458,0.0001450285587070914,0.00038729263627675363,4.759222576329748e-05,-15.59714210641346,6.275298904278504,0.263907665706691,1.1653727387257644,2.675708703429483,0.0,1.1600338891478579,-2.8188253731337616,-1.4852045860801961,0.0,1.7289353092491304,2.45147013055846,0.0,0.9565457490190743
619.6,-10.007153202327205,0.6213579862704117,-0.041,-0.01,-0.03,0.02,-1.2636322220179699,0.0,0.0,0.0,-16.869948071516383,5.403798721620474,0.26390766570669144,0.9285116717556324,2.763732901557007,0.0,1.2466810481085355,-2.6382316249079607,-1.2448042408426472,0.0,1.5189265899021769,2.586848482222457,0.0,1.0398621224463773
619.7,-10.007153214462528,0.6324537632961845,-0.04,0.0,-0.03,0.02,-1.263636990389552,0.0001134358527917718,0.0003345300724574526,3.5556474599975845e-05,-17.93093158094363,5.0791978252160845,0.2639076657066928,0.6851664502315015,2.830858615133448,0.0,1.3333282070692132,-2.478270440962094,-0.9902087822829653,0.0,1.298380159164992,2.704280299663781,0.0,1.1231784958740352
619.801,-10.007153230587349,0.6324537643907755,-0.039,0.0,-0.03,0.02,-1.263640328249659,0.0,0.0,0.0,-17.91561430994169,3.9655108224428175,0.26390766570669333,0.4346780489346151,2.8769732017771417,0.0,1.4208418376194984,-2.3151039886991343,-0.6684498212216071,0.0,1.0219735246372763,2.8203710910153013,0.0,1.2231581439876886
619.9,-9.998064080718358,0.6324537739903058,-0.038,0.0,-0.03,0.02,-1.2636458118769784,0.0001812560119614862,0.00037233557318803426,4.8730604302517026e-05,-17.11063906316178,3.4306031293777637,0.26390766570669344,0.18640687365510106,2.9007306164623587,0.0,1.5066225249905685,-2.2245339154553725,-0.445583880881034,0.0,0.8318569350169719,2.8821757779035497,0.0,1.2898112427304498
620.0,-9.998064080718358,0.6324537739903058,-0.038,0.0,-0.03,0.02,-1.2636527260157724,4.47722588523021e-05,0.0004143136409132802,-1.0059201873896685e-05,-15.899561320798375,2.6424195462328313,0.2639076657066942,-0.06525203470816256,2.903039749049489,0.0,1.593269683951247,-2.132518897303452,-0.15933282966356976,0.0,0.5891166746861544,2.941405219907956,0.0,1.3731276161591888
620.1,-9.998064080718358,0.6324537739903058,-0.038,0.0,-0.03,0.02,-1.2636617859217785,0.00016420996007582387,0.0003925096994293547,-1.0668600154649815e-05,-14.57620468589448,2.5026261138874157,0.26390766570669455,-0.31591248080646817,2.883578713254373,0.0,1.6799168429119247,-2.064644877823468,0.1335827646092892,0.0,0.34228935592660964,2.9802283418704003,0.0,1.4564439895883996
620.2,-9.998064080718358,0.6324537739903058,-0.038,0.0,-0.03,0.02,-1.263670368990626,0.0,0.0,0.0,-13.718283822407344,2.482567920294844,0.263907665706695,-0.5636966496322847,2.842537520319799,0.0,1.766564001872604,-2.0213827400510405,0.43113076968396524,0.0,0.09308737392960578,2.9983758346596967,0.0,1.5397603630180365
620.3,-9.988974932848567,0.6324537842805298,-0.036,0.0,-0.02,0.02,-1.2636820515010019,4.025987842568096e-05,0.0003879790950142866,3.291990095060924e-05,-12.694809616895656,2.001592229332229,0.2639076657066959,-0.8067521033334412,2.780267682233194,0.0,1.8532111608332826,-2.003032619544938,0.7312469154775264,0.0,-0.15676041114530492,2.995721816506311,0.0,1.623076736448218
620.4,-9.988974932848567,0.6324537842805298,-0.035,0.0,-0.02,0.02,-1.2636899193141122,0.00012535743307886228,0.00035356571260033727,0.00011761104241929369,-11.46186108808632,1.6023938500605823,0.26390766570669644,-1.0432656298830887,2.697279247349081,0.0,1.9398583197939612,-2.0097218221656874,1.0318491151648275,0.0,-0.40552065736070364,2.9722846628676236,0.0,1.7063931098788871
620.504,-9.988974932848567,0.6324537842805298,-0.034,0.0,-0.02,0.02,-1.2637073238703869,0.00012352113623412413,0.0003314210359223126,1.434511012826601e-05,-10.665698533530302,1.7310911101044835,0.2639076657066971,-1.2804083068584549,2.589708834645277,0.0,2.0299713651130666,-2.050723210883066,1.390277638430819,0.0,-0.7001687077818911,2.9169653452723128,0.0,1.8063727579964686
620.6,-9.988974932848567,0.6324537842805298,-0.034,0.0,-0.02,0.02,-1.2637201984736581,0.0,0.0,0.0,-9.93234923622102,1.9086564663544658,0.263907665706698,-1.4896909167270018,2.471953422203699,0.0,2.1131526377153182,-2.0978591777039086,1.6261809367611502,0.0,-0.8928948371129366,2.8638543682259994,0.0,1.8730258567419544
620.7,-9.979885781625011,0.6324537946675635,-0.033,0.01,-0.02,0.02,-1.2637390335414074,0.00012384295597631003,0.00044029744440497737,-4.5068914677523385e-06,-8.737668353815561,1.722819794463556,0.26390766570669855,-1.6962919042265177,2.331385765860105,0.0,2.1997997966759977,-2.1786958685949647,1.9157873201410052,0.0,-1.1281275756722495,2.7796135275705747,0.0,1.956342230174573
620.802,-9.979885781625011,0.6324537946675635,-0.033,0.01,-0.02,0.02,-1.2637550075862067,3.0060725351175293e-05,0.00031925334786714533,-2.38130896385472e-05,-6.77184455374334,2.756975542294556,0.26390766570669855,-1.8934792305292962,2.1703026893074386,0.0,2.2881798988158923,-2.307082105348223,2.2529357954151035,0.0,-1.3999359470568256,2.6531306819262834,0.0,2.056321878294749
620.9,-9.979885781625011,0.6324537946675635,-0.033,0.01,-0.02,0.02,-1.2637740810725353,9.675243197468501e-05,0.00037794531615476846,2.6631174221590323e-05,-6.0455306994420175,3.8870508751307447,0.26390766570669855,-2.06865301784845,1.9998896289050359,0.0,2.373094114597359,-2.411105102768806,2.469849099614964,0.0,-1.5735358551703351,2.553998403881975,0.0,2.1229749770374196
621.0,-9.979885781625011,0.6324537946675635,-0.033,0.01,-0.02,0.01,-1.2637912472102304,4.522587594181785e-05,0.00041765895140410036,-2.6010962773609517e-05,-4.78183075765392,4.487406554942199,0.26390766570669877,-2.2316771069567727,1.8115148589289598,0.0,2.4597412735580377,-2.5610652829313945,2.7304606347667777,0.0,-1.780621362586657,2.4141894195712172,0.0,2.206291350458234
621.1,-9.970796633432904,0.6324538042186889,-0.032,0.01,-0.02,0.01,-1.2638112743708751,3.140212002748353e-05,0.0003959298705955019,4.609110489983883e-05,-3.168671617648626,4.968099515748762,0.26390766570669943,-2.377636057034347,1.6099434243496575,0.0,2.546388432518718,-2.7321933768568156,2.9776884717067595,0.0,-1.9753536372559446,2.257631757943129,0.0,2.289607723879398
621.2,-9.970796633432904,0.6324538042186889,-0.033,0.01,-0.02,0.01,-1.2638327320429943,0.00012921036802158528,0.00037958248940899044,-4.133048774827804e-05,-1.8457147319891793,5.9392158338712004,0.2639076657067002,-2.505470136082575,1.396714000680675,0.0,2.6330355914793984,-2.923302165681111,3.2098174417270386,0.0,-2.156381661096316,2.0854115068018766,0.0,2.3729240973008445
621.301,-9.970796633432904,0.6324538042186889,-0.033,0.01,-0.02,0.01,-1.2638565739009044,4.0620774761613196e-05,0.00033602589619248496,1.40855437712835e-05,0.0551984696374883,8.579746159277123,0.2639076657067009,-2.6152466836850348,1.171171931323295,0.0,2.7205492220296854,-3.1771312290431593,3.4661822730907312,0.0,-2.3537646425048506,1.8597620916183728,0.0,2.472903745406987
621.4,-9.970796633432904,0.6324538042186889,-0.033,0.01,-0.02,0.01,-1.2638766010615488,1.142251539749077e-05,0.00038512423296856955,0.00010545075944804234,0.6684677691005425,9.858053205640411,0.26390766570670166,-2.703222050145759,0.9418450772678888,0.0,2.8063299094007608,-3.3600290600071765,3.6224530283839687,0.0,-2.472405264768708,1.69886293200164,0.0,2.539556844144638
621.5,-9.970796633432904,0.6324538042186889,-0.034,0.01,-0.02,0.01,-1.2638997276637216,0.00014188147402554354,0.00037687224013061385,8.174941255583775e-05,1.2500248585467273,10.99280442777963,0.2639076657067023,-2.771736517360463,0.703654550603428,0.0,2.892977068361443,-3.602617327476647,3.800096942928588,0.0,-2.6052083860690547,1.487216313226612,0.0,2.622873217566921
621.6,-9.970796633432904,0.6324538042186889,-0.034,0.02,-0.01,0.01,-1.2639226158473156,0.00012266413672880466,0.0002697569331699846,4.913669825470153e-05,1.7341065150666428,11.2745353932674,0.26390766570670343,-2.819329304431252,0.46067783256561456,0.0,2.979624227322125,-3.859147633595378,3.9569364466615427,0.0,-2.719937600660369,1.2652519742530874,0.0,2.7061895909894753
621.7,-9.961707496343871,0.6435495923221892,-0.035,0.02,-0.01,0.01,-1.2639452656123302,5.388717777997818e-05,0.00037459929973376904,0.00012642779552841934,2.5978173015783033,13.967234799296307,0.26390766570670443,-2.845686485060091,0.21474697361675826,0.0,3.066271386282809,-4.182875582497302,4.116160613379881,0.0,-2.832643552964739,0.9874479634319308,0.0,2.8061692390969175
621.801,-9.961707496343871,0.6435495923221892,-0.036,0.02,-0.01,0.01,-1.263968869051661,4.3809664561522904e-05,0.000432595443639851,-2.8065992394852855e-05,3.2037593405033404,14.926289798621696,0.2639076657067042,-2.85059562718963,-0.03475721962689099,0.0,-3.1294002903464877,-4.463695911202091,4.223614654135506,0.0,-2.9049931155222604,0.7482900646708048,0.0,2.889485612520047
621.903,-9.961707496343871,0.6435495923221892,-0.036,0.02,-0.01,0.01,-1.2639965256068368,7.758210181660857e-05,0.00032138312259732233,-3.360413387508178e-05,3.102100511697379,16.652246016729265,0.2639076657067049,-2.8334174084734705,-0.2859284633171359,0.0,-3.0410201882065913,-4.752484456756377,4.307326086121874,0.0,-2.957188975218205,0.5039408227941998,0.0,2.972801985943437
622.0,-9.961707496343871,0.6435495923221892,-0.036,0.02,-0.01,0.01,-1.2640191753718517,0.0,0.0,0.0,2.843494664825883,20.058459537734453,0.2639076657067051,-2.796608088038372,-0.5222575486524786,0.0,-2.956972444014728,-4.987907561150213,4.356804641565998,0.0,-2.9841869145035864,0.30586192939027645,0.0,3.039455084682335
622.102,-9.961707496343871,0.6435495923221892,-0.036,0.02,-0.01,0.01,-1.2640489776942394,0.00012143608505231576,0.0002870638815636947,-4.158880994005859e-05,2.7061748283008433,20.535344583617363,0.26390766570670565,-2.73670725349361,-0.7662532658737974,0.0,-2.868592341874831,-5.345910815873427,4.401366842756651,0.0,-2.9998135102636496,0.006473370014349608,0.0,3.1394347327909884
622.202,-9.961707496343871,0.6435495923221892,-0.035,0.02,-0.01,0.01,-1.2640744884822033,8.893947445796999e-05,0.00032479195913198163,-1.9386944562194445e-05,3.2758347454304766,21.124437960541727,0.26390766570670665,-2.6573770900855065,-0.9991749276403435,0.0,-2.781945182914147,-5.6464316726476,4.41104374992212,0.0,-2.989946456290389,-0.24319360976736273,0.0,-3.0604342009644476
622.302,-9.961707496343871,0.6435495923221892,-0.034,0.02,-0.01,0.01,-1.2641038139674325,4.026268434329878e-05,0.00032161843262858185,-3.821403282892692e-05,3.5428257852082505,23.622603798435083,0.2639076657067061,-2.5582876761210565,-1.2241233087374848,0.0,-2.695298023953462,-5.946715394507976,4.395677739566291,0.0,-2.9593363767698806,-0.49117341331570724,0.0,-2.9771178275400376
622.4,-9.961707496343871,0.6435495923221892,-0.033,0.02,-0.01,0.01,-1.264128847918238,6.942717691848922e-05,0.00026798184841492277,2.1991324194683147e-05,2.883151761857638,25.5252261166223,0.26390766570670676,-2.442764534984675,-1.4352267723297552,0.0,-2.6103838081719903,-6.185371266508227,4.365419843223925,0.0,-2.920051167374655,-0.687185681199486,0.0,-2.9104647288003394
622.5,-9.961707496343871,0.6435495923221892,-0.032,0.02,-0.01,0.01,-1.2641593654963632,4.097283830830212e-05,0.00029294214094264815,-6.393792527037287e-05,2.9846778640780807,27.44393120365819,0.2639076657067073,-2.3070005021421993,-1.6395327284949595,0.0,-2.5237366492113047,-6.479988691555152,4.305361531998126,0.0,-2.852734520810734,-0.9278086839749384,0.0,-2.8271483553754813
622.6,-9.95261834847408,0.6435496022326673,-0.032,0.02,-0.01,0.01,-1.2641863067958017,0.0001013271773980926,0.00026969378129623506,-1.9512826276546115e-05,3.1887940712668716,29.15472231913378,0.2639076657067084,-2.1542218252311205,-1.8311223152452696,0.0,-2.437089490250619,-6.768586093592659,4.220993484576263,0.0,-2.7656266743761964,-1.1619948998323546,0.0,-2.7438319819503585
622.701,-9.95261834847408,0.6435496022326673,-0.032,0.02,-0.01,0.01,-1.2642168243739267,5.311170923151896e-07,0.0002402408930071042,9.232866393171277e-06,3.46745772140465,29.639673448156177,0.26390766570670865,-1.9838478223535694,-2.0102838903191715,0.0,-2.3495758597003262,-7.104141248675194,4.088498737265606,0.0,-2.6358332766304633,-1.432238074863669,0.0,-2.6438523338398783
622.8,-9.95261834847408,0.6435496022326673,-0.032,0.02,-0.01,0.01,-1.2642389973017836,2.959653722677578e-05,0.0002570525303473004,-5.4420963244523645e-05,3.797466079533509,30.01552742589768,0.2639076657067082,-1.8024612747475233,-2.170619564509705,0.0,-2.2637951723292464,-7.319767786072643,3.981834020037915,0.0,-2.5345879722755074,-1.6046141887635823,0.0,-2.577199235099356
622.901,-9.95261834847408,0.6435496022326673,-0.032,0.02,-0.01,0.01,-1.2642707069728036,5.636786491536432e-06,0.00027052592310858163,-8.313682687858104e-05,3.998924553766286,30.961988934944745,0.26390766570670954,-1.6041564809431303,-2.317409278276938,0.0,-2.1762815417789527,-7.628699184861506,3.7955183980151666,0.0,-2.3617691566809293,-1.849586344423249,0.0,-2.477219586988205
623.0,-9.95261834847408,0.6435496022326673,-0.032,0.02,-0.01,0.01,-1.2642981251094005,1.309093143806664e-05,0.0002955640781430498,-4.797413750971582e-05,4.238161325614979,31.967518839516263,0.26390766570671065,-1.3982669756076809,-2.443798259192523,0.0,-2.0905008544078725,-0.292388323264563,5.985717513809092,0.0,-2.9857175131790825,-0.2923883233232301,0.0,-3.0439749161422918
623.1,-9.95261834847408,0.6435496022326673,-0.031,0.02,-0.01,0.01,-1.2643267353388927,0.0,0.0,0.0,4.192942474159579,32.56638122868995,0.26390766570671176,-1.1803038960346852,-2.5529652150431046,0.0,-2.003853695447187,-8.053424714173875,3.460636849638156,0.0,-2.058916888951432,-2.1816929810720866,0.0,-2.3272501148207767
623.2,-9.95261834847408,0.6435496022326673,-0.031,0.02,-0.01,0.01,-1.2643470009181161,3.706475569904225e-05,0.0002828715750318788,7.228200774746507e-05,4.110705820978738,33.05820000273719,0.2639076657067122,-0.9539469709916811,-2.64276358381887,0.0,-1.9172065364865014,-8.266266177727505,3.248257615057865,0.0,-1.870214385587139,-2.345468207844279,0.0,-2.243933741393974
623.3,-9.95261834847408,0.6435496022326673,-0.032,0.02,0.0,0.01,-1.264372750124659,-1.947704273902382e-05,0.00027515287182925215,4.858639027074203e-05,3.5547935524786887,34.06078495613875,0.263907665706713,-0.7209113158064417,-2.7125603888347887,0.0,-1.8305593775258149,-8.497250366099355,2.9711323277064965,0.0,-1.6267662973388228,-2.5204274253259586,0.0,-2.1439540932814296
623.4,-9.95261834847408,0.6435496022326673,-0.032,0.02,0.0,0.01,-1.2643939693781991,-1.5660445273004167e-06,0.00027820650937819997,2.214742397781218e-06,4.206848322186163,34.978752503335265,0.2639076657067142,-0.48295856434522816,-2.761874022483663,0.0,-1.7439122185651286,-8.667815712729498,2.7235159097986124,0.0,-1.4113733725650472,-2.647064103422309,0.0,-2.0606377198595522
623.5,-9.95261834847408,0.6435496022326673,-0.032,0.02,0.0,0.01,-1.2644249637934823,0.0,0.0,0.0,4.50235636038516,35.591942012316466,0.26390766570671476,-0.24188355267839967,-2.7903775440252967,0.0,-1.6572650596044414,-8.789057133238208,2.5157355366053986,0.0,-1.2319349965976696,-2.7351890497057365,0.0,-1.9939846211280163
623.6,-9.95261834847408,0.6435496022326673,-0.033,0.02,0.0,0.01,-1.2644509514186044,-1.2894200382144733e-05,0.0002776641697686846,-3.474257013636522e-05,4.676775491974546,36.21362925552672,0.2639076657067143,0.000499218678025593,-2.797900809544813,0.0,-1.5706179006437533,-8.920712132199924,2.245414636309212,0.0,-1.0000391896020413,-2.828222885357823,0.0,-1.9106682477128925
623.704,-9.95261834847408,0.6435496022326673,-0.034,0.02,0.0,0.01,-1.264475508532252,-5.8097945932355506e-05,0.0002428691142512972,3.317740695300619e-05,4.201400128082138,37.046268160173696,0.2639076657067153,0.25200768260467155,-2.7834575176414917,0.0,-1.4805048553246392,-9.048331213202996,1.907975026406473,0.0,-0.7127513044449592,-2.9139163552707403,0.0,-1.8106885996137951
623.8,-9.95261834847408,0.6435496022326673,-0.034,0.02,0.0,0.01,-1.2644988735530038,0.0,0.0,0.0,6.446348849074483,38.000479728340984,0.263907665706715,0.4819136751443734,-2.7501144863643705,0.0,-1.3973235827223782,-9.114409613821959,1.6766617961257615,0.0,-0.5170908699691932,-2.954917953601761,0.0,-1.7440355008805382
623.9,-9.95261834847408,0.6435496022326673,-0.033,0.02,0.0,0.01,-1.2645241459223884,5.0845332182169574e-05,0.00021222562245484818,-5.174676211410131e-05,9.52831612692704,39.11006924317976,0.26390766570671464,0.7173409306000349,-2.6952512051395012,0.0,-1.3106764237616906,-9.175108300154855,1.3821756379348098,0.0,-0.2693888659043031,-2.9877002218313415,0.0,-1.66071912746336
624.0,-9.95261834847408,0.6435496022326673,-0.032,0.02,0.0,0.01,-1.26455037196609,-1.0139958414486662e-05,0.00014771014959727425,-0.00010988879720551176,8.41179905756111,39.40956891329657,0.26390766570671564,0.9468940732764776,-2.6202962756781916,0.0,-1.224029264801003,-9.211089292238938,1.0836596482504712,0.0,-0.019817951670472286,-2.999755026419606,0.0,-1.5774027540456932
624.101,-9.95261834847408,0.6435496022326673,-0.03,0.02,0.0,0.01,-1.2645739754054208,0.0,0.0,0.0,10.293672631539865,39.9855437577728,0.2639076657067162,1.1710397002824282,-2.5248137484655166,0.0,-1.1365156342507072,-9.221299842930955,0.7230381502474341,0.0,0.2796960640467571,-2.986752945157347,0.0,-1.4774231059437994
624.201,-9.95261836379922,0.6435496038104733,-0.029,0.02,0.0,0.01,-1.2645947178218029,0.0,0.0,0.0,7.121251345437011,38.50870027784768,0.26390766570671664,1.3836771853837764,-2.411450714388563,0.0,-1.049868475290018,-9.202267174013928,0.4229645169464326,0.0,0.5272834767387345,-2.9531161672332447,0.0,-1.3941067325250167
624.3,-9.95261836379922,0.6435496038104733,-0.028,0.02,0.0,0.01,-1.2646216591212411,0.0,0.0,0.0,7.025820405244256,38.94792620999916,0.2639076657067171,1.5835318090924602,-2.2816448936231133,0.0,-0.9640877879189347,-9.169096481219938,0.18469603252006042,0.0,0.7228012812414216,-2.911439738007095,0.0,-1.3274536337896814
624.4,-9.95261836379922,0.6435496038104733,-0.026,0.02,0.0,0.01,-1.2646486004206798,0.0,0.0,0.0,7.715731994270701,40.4542906123219,0.2639076657067173,1.773162337515369,-2.133786497156025,0.0,-0.8774406289582442,-9.105444056233795,-0.10916583414855936,0.0,0.9625840818642669,-2.841188985167682,0.0,-1.2441372603701468
624.5,-9.95261836379922,0.6435496038104733,-0.025,0.02,0.0,0.01,-1.264675541720118,2.1354021879062756e-05,0.00022842735759047293,-9.606764694640744e-05,7.945116465767301,41.902941336401504,0.2639076657067181,1.9490972916049145,-1.9702435422587425,0.0,-0.7907934699975545,-9.01755723990088,-0.39671119648890285,0.0,1.195688857158612,-2.751227198100194,0.0,-1.160820886950287
