timestamp,quad_x,quad_y,quad_z,quad_vx,quad_vy,quad_vz,quad_yaw,quad_omgx,quad_omgy,quad_omgz,quad_true_x,quad_true_y,quad_true_z,quad_true_vx,quad_true_vy,quad_true_vz,landing_pad_raw_stamp,landing_pad_x_raw,landing_pad_y_raw,landing_pad_z_raw,landing_pad_yaw_raw,landing_pad_x,landing_pad_y,landing_pad_z,landing_pad_vx,landing_pad_vy,landing_pad_vz,landing_pad_yaw,landing_pad_true_x,landing_pad_true_y,landing_pad_true_z,landing_pad_true_vx,landing_pad_true_vy,landing_pad_true_vz,landing_pad_true_yaw,measure_lag,sigma_px,sigma_py,sigma_pz,sigma_v,sigma_a,sigma_yaw,sigma_yaw_rate,covar_trace,covar_det_log,covar_max_eig
79.5,2.8278074239856954e-10,8.500470986827491e-11,-0.005,0.0,0.0,0.0,1.5467246445503573,0.0004259131930225899,0.00043532600845608624,-0.0014914358600548962,0.000205711515590893,-299.9992928204984,0.0,-0.0,0.0,0.0,0.0,0.0,0.0,0.0,0.0,0.0,0.0,0.0,0.0,0.0,-0.0,0.0,-2.0,-300.0,0.0,0.0,0.0,0.0,1.5707963267948963,0.0,0.3872983346207417,0.3872983346207417,0.3872983346207417,0.7071067811865476,1.224744871391589,0.3872983346207417,0.7071067811865476,3.1,-8.56930919255525,1.5
79.6,2.8278074239856954e-10,8.500470986827491e-11,-0.004,0.01,-0.01,0.0,1.5467671128597595,0.0003858790818334122,0.00043790977665965927,-0.0012555314435921479,0.000205711515590893,-299.9992928204984,0.0,-0.0,0.0,0.0,0.0,0.0,0.0,0.0,0.0,0.0,0.0,0.0,-0.01,0.01,-0.0,0.0,-2.0,-300.0,0.0,0.0,0.0,0.0,1.5707963267948963,0.0,0.3872983346207417,0.3872983346207417,0.3872983346207417,0.7071067811865476,1.224744871391589,0.3872983346207417,0.7071067811865476,3.1,-8.56930919255525,1.5
79.7,2.8278074239856954e-10,8.500470986827491e-11,-0.003,0.01,-0.01,0.0,1.54680649476615,0.0003642901299236991,0.000491578448294041,-0.0015616792102148308,0.000205711515590893,-299.9992928204984,0.0,-0.0,0.0,0.0,0.0,0.0,0.0,0.0,0.0,0.0,0.0,0.0,-0.01,0.01,-0.0,0.0,-2.0,-300.0,0.0,0.0,0.0,0.0,1.5707963267948963,0.0,0.3872983346207417,0.3872983346207417,0.3872983346207417,0.7071067811865476,1.224744871391589,0.3872983346207417,0.7071067811865476,3.1,-8.56930919255525,1.5
79.8,2.8278074239856954e-10,8.500470986827491e-11,-0.002,0.01,-0.01,0.0,1.5468465826150515,0.0003963026568121423,0.0003643541455972338,-0.0015245318137519154,0.000205711515590893,-299.9992928204984,0.0,-0.0,0.0,0.0,0.0,0.0,0.0,0.0,0.0,0.0,0.0,0.0,-0.01,0.01,-0.0,0.0,-2.0,-300.0,0.0,0.0,0.0,0.0,1.5707963267948963,0.0,0.3872983346207417,0.3872983346207417,0.3872983346207417,0.7071067811865476,1.224744871391589,0.3872983346207417,0.7071067811865476,3.1,-8.56930919255525,1.5
79.9,2.8278074239856954e-10,8.500470986827491e-11,-0.003,0.01,-0.01,0.0,1.5468870448556284,0.0003376158218078343,0.0004947061247120221,-0.0013654694819812923,0.000205711515590893,-299.9992928204984,0.0,-0.0,0.0,0.0,0.0,0.0,0.0,0.0,0.0,0.0,0.0,0.0,-0.01,0.01,-0.0,0.0,-2.0,-300.0,0.0,0.0,0.0,0.0,1.5707963267948963,0.0,0.3872983346207417,0.3872983346207417,0.3872983346207417,0.7071067811865476,1.224744871391589,0.3872983346207417,0.7071067811865476,3.1,-8.56930919255525,1.5
80.0,2.8278074239856954e-10,8.500470986827491e-11,-0.003,0.01,-0.01,0.0,1.5469256537642817,0.00037453423023781724,0.00047091963278754966,-0.0014426599258920768,0.000205711515590893,-299.9992928204984,0.0,-0.0,0.0,0.0,0.0,0.0,0.0,0.0,0.0,0.0,0.0,0.0,-0.01,0.01,-0.0,0.0,-2.0,-300.0,0.0,0.0,0.0,0.0,1.5707963267948963,0.0,0.3872983346207417,0.3872983346207417,0.3872983346207417,0.7071067811865476,1.224744871391589,0.3872983346207417,0.7071067811865476,3.1,-8.56930919255525,1.5
80.102,2.8278074239856954e-10,8.500470986827491e-11,-0.005,0.01,-0.01,0.0,1.546966848024402,0.0003527909737815551,0.0003764229731947523,-0.0015290748372491756,0.000205711515590893,-299.9992928204984,0.0,-0.0,0.0,0.0,0.0,0.0,0.0,0.0,0.0,0.0,0.0,0.0,-0.01,0.01,-0.0,0.0,-2.0,-300.0,0.0,0.0,0.0,0.0,1.5707963267948963,0.0,0.3872983346207417,0.3872983346207417,0.3872983346207417,0.7071067811865476,1.224744871391589,0.3872983346207417,0.7071067811865476,3.1,-8.56930919255525,1.5
80.2,2.8278074239856954e-10,8.500470986827491e-11,-0.005,0.01,-0.01,0.0,1.5470085284349062,0.00037830523168733577,0.00044307702945161324,-0.0013638374426880664,0.000205711515590893,-299.9992928204984,0.0,-0.0,0.0,0.0,0.0,0.0,0.0,0.0,0.0,0.0,0.0,0.0,-0.01,0.01,-0.0,0.0,-2.0,-300.0,0.0,0.0,0.0,0.0,1.5707963267948963,0.0,0.3872983346207417,0.3872983346207417,0.3872983346207417,0.7071067811865476,1.224744871391589,0.3872983346207417,0.7071067811865476,3.1,-8.56930919255525,1.5
80.3,2.8278074239856954e-10,8.500470986827491e-11,-0.005,0.01,-0.01,0.0,1.5470671626415589,0.0002805163149124737,0.0004989264855785525,-0.0009545593998764508,0.000206470550124508,-299.9992917311799,0.0,-8.114484227016264e-08,0.00010887534879441492,0.0,0.0,0.0,0.0,0.0,0.0,0.0,0.0,0.0,-0.01,0.01,-0.0,0.0,-2.0,-300.0,0.0,0.0,0.0,0.0,1.5707963267948963,0.0,0.3872983346207417,0.3872983346207417,0.3872983346207417,0.7071067811865476,1.224744871391589,0.3872983346207417,0.7071067811865476,3.1,-8.56930919255525,1.5
80.402,2.8278074239856954e-10,8.500470986827491e-11,-0.001,0.01,-0.01,-0.05,1.5471296450730898,-0.02383007244001406,-0.0025297728320856005,0.0026733461557102356,0.00024382576285252256,-299.99922842689926,0.0,-8.722529284429937e-07,0.001101518840932315,0.0,0.0,0.0,0.0,0.0,0.0,0.0,0.0,0.0,-0.01,0.01,0.05,0.0,-2.0,-300.0,0.0,0.0,0.0,0.0,1.5707963267948963,0.0,0.3872983346207417,0.3872983346207417,0.3872983346207417,0.7071067811865476,1.224744871391589,0.3872983346207417,0.7071067811865476,3.1,-8.56930919255525,1.5
80.5,0.0,0.0,0.009,0.01,-0.01,-0.13,1.5471618706968167,0.0,0.0,0.0,0.0002745673415968896,-299.999058407125,0.0,-2.2968724121188915e-06,0.0031001339117587698,0.0,0.0,0.0,0.0,0.0,0.0,0.0,0.0,0.0,-0.01,0.01,0.13,0.0,-2.0,-300.0,0.0,0.0,0.0,0.0,1.5707963267948963,0.0,0.3872983346207417,0.3872983346207417,0.3872983346207417,0.7071067811865476,1.224744871391589,0.3872983346207417,0.7071067811865476,3.1,-8.56930919255525,1.5
80.6,3.8916321207227433e-10,-3.773228257619721e-12,0.028,0.01,0.0,-0.22,1.547164295860801,-0.0028520389957281773,-0.0024814185651000774,0.00010743819285441821,0.0002842459481922068,-299.99854554172947,0.0,-5.005077244262463e-06,0.006936825416952474,0.0,0.0,0.0,0.0,0.0,0.0,0.0,0.0,0.0,-0.01,0.0,0.22,0.0,-2.0,-300.0,0.0,0.0,0.0,0.0,1.5707963267948963,0.0,0.3872983346207417,0.3872983346207417,0.3872983346207417,0.7071067811865476,1.224744871391589,0.3872983346207417,0.7071067811865476,3.1,-8.56930919255525,1.5
80.7,4.955456808786174e-10,2.871825034722608e-10,0.055,0.01,0.0,-0.31,1.5471006828036644,0.005218570651679458,-0.0019384882185608482,-0.0053691858086153755,0.00021932923707880539,-299.9976170613353,0.0,-6.653601922354303e-06,0.011189043442443578,0.0,0.0,0.0,0.0,0.0,0.0,0.0,0.0,0.0,-0.01,0.0,0.31,0.0,-2.0,-300.0,0.0,0.0,0.0,0.0,1.5707963267948963,0.0,0.3872983346207417,0.3872983346207417,0.3872983346207417,0.7071067811865476,1.224744871391589,0.3872983346207417,0.7071067811865476,3.1,-8.56930919255525,1.5
80.801,3.9667012730060236e-10,3.346658436487182e-10,0.092,0.01,0.0,-0.4,1.5471866885807852,0.008100667127447893,-0.0023079525455886297,0.0020744576431873563,3.4849122607299614e-06,-299.9959713648268,0.0,-8.6321887573892e-06,0.015709856803920792,0.0,0.0,0.0,0.0,0.0,0.0,0.0,0.0,0.0,-0.01,0.0,0.4,0.0,-2.0,-300.0,0.0,0.0,0.0,0.0,1.5707963267948963,0.0,0.3872983346207417,0.3872983346207417,0.3872983346207417,0.7071067811865476,1.224744871391589,0.3872983346207417,0.7071067811865476,3.1,-8.56930919255525,1.5
80.9,6.976342004083591e-10,2.440012913940137e-10,0.136,0.01,0.0,-0.5,1.547113181152616,0.010580031313638185,-0.0018260416940276186,-0.006900957588507212,-0.0002391622960680958,-299.9946040775371,0.0,-9.400666181167349e-06,0.018082666843502765,0.0,0.0,0.0,0.0,0.0,0.0,0.0,0.0,0.0,-0.01,0.0,0.5,0.0,-2.0,-300.0,0.0,0.0,0.0,0.0,1.5707963267948963,0.0,0.3872983346207417,0.3872983346207417,0.3872983346207417,0.7071067811865476,1.224744871391589,0.3872983346207417,0.7071067811865476,3.1,-8.56930919255525,1.5
81.0,5.105595113352734e-10,2.0459330063449244e-10,0.191,0.01,0.0,-0.6,1.5472316509720423,0.007864893264567305,-0.0003653611266405194,0.002598173530954916,-0.0006659239804873855,-299.992666752174,0.0,-1.2225830568944071e-05,0.020285295222361,0.0,0.0,0.0,0.0,0.0,0.0,0.0,0.0,0.0,-0.01,0.0,0.6,0.0,-2.0,-300.0,0.0,0.0,0.0,0.0,1.5707963267948963,0.0,0.3872983346207417,0.3872983346207417,0.3872983346207417,0.7071067811865476,1.224744871391589,0.3872983346207417,0.7071067811865476,3.1,-8.56930919255525,1.5
81.1,7.233244558868535e-10,4.0677111678988354e-10,0.257,0.01,0.0,-0.7,1.5471408991750815,0.0068010806674160705,-0.0005295968586938974,-0.003120471336526486,-0.0012426250379240496,-299.99055416416627,0.0,-1.0473390034219758e-05,0.021703650544718855,0.0,0.0,0.0,0.0,0.0,0.0,0.0,0.0,0.0,-0.01,0.0,0.7,0.0,-2.0,-300.0,0.0,0.0,0.0,0.0,1.5707963267948963,0.0,0.3872983346207417,0.3872983346207417,0.3872983346207417,0.7071067811865476,1.224744871391589,0.3872983346207417,0.7071067811865476,3.1,-8.56930919255525,1.5
81.2,4.821099075513757e-11,4.1861966670886375e-10,0.334,0.01,0.0,-0.8,1.5471312152829506,0.005694388253588779,0.001154914885378684,-0.0072214563596339236,-0.001979210263106296,-299.98834219857446,0.0,-9.18096365678741e-06,0.022381933795649008,0.0,0.0,0.0,0.0,0.0,0.0,0.0,0.0,0.0,-0.01,0.0,0.8,0.0,-2.0,-300.0,0.0,0.0,0.0,0.0,1.5707963267948963,0.0,0.3872983346207417,0.3872983346207417,0.3872983346207417,0.7071067811865476,1.224744871391589,0.3872983346207417,0.7071067811865476,3.1,-8.56930919255525,1.5
81.3,4.140154885590164e-10,0.011095784557508231,0.42,0.0,0.0,-0.9,1.547165616476212,0.00525406155169464,0.0003121275330692122,-0.0049686698844789885,-0.002880762301841946,-299.9860955632219,0.0,-8.771971523055846e-06,0.022456697032479545,0.0,0.0,0.0,0.0,0.0,0.0,0.0,0.0,0.0,0.0,0.0,0.9,0.0,-2.0,-300.0,0.0,0.0,0.0,0.0,1.5707963267948963,0.0,0.3872983346207417,0.3872983346207417,0.3872983346207417,0.7071067811865476,1.224744871391589,0.3872983346207417,0.7071067811865476,3.1,-8.56930919255525,1.5
81.4,3.333232578839329e-10,0.011095784809055986,0.517,0.0,0.0,-1.0,1.5471727317806818,0.00338985874601,0.0009008573938090752,-0.0019251075019040699,-0.0039457030261654735,-299.98386861337514,0.0,-7.840378351690433e-06,0.022052286326272697,0.0,0.0,0.0,0.0,0.0,0.0,0.0,0.0,0.0,0.0,0.0,1.0,0.0,-2.0,-300.0,0.0,0.0,0.0,0.0,1.5707963267948963,0.0,0.3872983346207417,0.3872983346207417,0.3872983346207417,0.7071067811865476,1.224744871391589,0.3872983346207417,0.7071067811865476,3.1,-8.56930919255525,1.5
81.5,2.4195462300369286e-10,0.011095784815244703,0.622,0.0,0.0,-1.11,1.5472487612303831,0.0028216029225211032,0.003527431015988737,0.002710965290204414,-0.005170164028776086,-299.98170285435737,0.0,-8.25276847860658e-06,0.021285540346062462,0.0,0.0,0.0,0.0,0.0,0.0,0.0,0.0,0.0,0.0,0.0,1.11,0.0,-2.0,-300.0,0.0,0.0,0.0,0.0,1.5707963267948963,0.0,0.3872983346207417,0.3872983346207417,0.3872983346207417,0.7071067811865476,1.224744871391589,0.3872983346207417,0.7071067811865476,3.1,-8.56930919255525,1.5
81.6,4.729028835193105e-10,0.011095785221486854,0.736,0.0,0.0,-1.21,1.547185591482792,0.0,0.0,0.0,-0.006545025717059394,-299.97962817445244,0.0,-5.85438682494341e-06,0.020280654646351665,0.0,0.0,0.0,0.0,0.0,0.0,0.0,0.0,0.0,0.0,0.0,1.21,0.0,-2.0,-300.0,0.0,0.0,0.0,0.0,1.5707963267948963,0.0,0.3872983346207417,0.3872983346207417,0.3872983346207417,0.7071067811865476,1.224744871391589,0.3872983346207417,0.7071067811865476,3.1,-8.56930919255525,1.5
81.7,2.9333513396068156e-10,0.011095785520517987,0.863,0.0,0.0,-1.31,1.547160415970955,0.0027325628014579382,0.0037363498345772176,-0.0050850269475923825,-0.008054325363065832,-299.9776644190801,0.0,-4.361853951754055e-06,0.01910046586679986,0.0,0.0,0.0,0.0,0.0,0.0,0.0,0.0,0.0,0.0,0.0,1.31,0.0,-2.0,-300.0,0.0,0.0,0.0,0.0,1.5707963267948963,0.0,0.3872983346207417,0.3872983346207417,0.3872983346207417,0.7071067811865476,1.224744871391589,0.3872983346207417,0.7071067811865476,3.1,-8.56930919255525,1.5
81.8,3.083489574784437e-10,0.011095785817662462,1.001,0.0,0.0,-1.42,1.5471333591875176,4.417045991373315e-05,0.003312993848791381,-0.005819421267907292,-0.009679377709024443,-299.975826186066,0.0,-2.7708236899376596e-06,0.01780005319810248,0.0,0.0,0.0,0.0,0.0,0.0,0.0,0.0,0.0,0.0,0.0,1.42,0.0,-2.0,-300.0,0.0,0.0,0.0,0.0,1.5707963267948963,0.0,0.3872983346207417,0.3872983346207417,0.3872983346207417,0.7071067811865476,1.224744871391589,0.3872983346207417,0.7071067811865476,3.1,-8.56930919255525,1.5
81.9,6.456796763920636e-10,0.01109578575539305,1.149,0.0,0.0,-1.52,1.5471465634789805,0.0010927281757420059,0.003561660915080099,-0.0052279020670343845,-0.01139615990420715,-299.9741205448886,0.0,-2.1089006005662473e-06,0.016464883267854894,0.0,0.0,0.0,0.0,0.0,0.0,0.0,0.0,0.0,0.0,0.0,1.52,0.0,-2.0,-300.0,0.0,0.0,0.0,0.0,1.5707963267948963,0.0,0.3872983346207417,0.3872983346207417,0.3872983346207417,0.7071067811865476,1.224744871391589,0.3872983346207417,0.7071067811865476,3.1,-8.56930919255525,1.5
82.0,1.726547238511955e-10,0.011095786103794136,1.307,0.0,0.0,-1.62,1.5471521234747507,-0.0007307047643704546,0.0032388874375040375,-0.004613732820901549,-0.013178485323984595,-299.9725484234672,0.0,-1.4202957710066693e-06,0.015138167040043593,0.0,0.0,0.0,0.0,0.0,0.0,0.0,0.0,0.0,0.0,0.0,1.62,0.0,-2.0,-300.0,0.0,0.0,0.0,0.0,1.5707963267948963,0.0,0.3872983346207417,0.3872983346207417,0.3872983346207417,0.7071067811865476,1.224744871391589,0.3872983346207417,0.7071067811865476,3.1,-8.56930919255525,1.5
82.1,-0.009088847581268822,0.011095786223335846,1.474,0.0,-0.01,-1.72,1.5470566983011105,-0.0004202193336757136,0.0017822303883662338,0.0018030380170810016,-0.015001869739234237,-299.97110542107333,0.0,6.5811333520174e-07,0.013868001202131093,0.0,0.0,0.0,0.0,0.0,0.0,0.0,0.0,0.0,0.0,0.01,1.72,0.0,-2.0,-300.0,0.0,0.0,0.0,0.0,1.5707963267948963,0.0,0.3872983346207417,0.3872983346207417,0.3872983346207417,0.7071067811865476,1.224744871391589,0.3872983346207417,0.7071067811865476,3.1,-8.56930919255525,1.5
82.2,-0.009088847742653283,0.0110957863466975,1.655,0.0,-0.01,-1.8,1.5471582739290337,0.0009645886490997172,0.0018196914615949103,-0.000878645984041711,-0.017212645372366466,-299.9695321528551,0.0,3.262947228003694e-07,0.012473414200648215,0.0,0.0,0.0,0.0,0.0,0.0,0.0,0.0,0.0,0.0,0.01,1.8,0.0,-2.0,-300.0,0.0,0.0,0.0,0.0,1.5707963267948963,0.0,0.3872983346207417,0.3872983346207417,0.3872983346207417,0.7071067811865476,1.224744871391589,0.3872983346207417,0.7071067811865476,3.1,-8.56930919255525,1.5
82.3,-0.009088848109295777,0.011095786986054512,1.841,0.0,-0.01,-1.83,1.547168386229549,0.0015468125149273647,0.001891839625143832,-0.0035987691440134756,-0.01868526272639622,-299.96857634405694,0.0,4.0689495163651363e-07,0.011532606134133785,0.0,82.237,-1.984324240856283,0.005221246511900701,-1.5645985726065457,1.547133222026211,0.0,0.0,0.0,0.0,0.01,1.83,0.0,-2.0,-300.0,0.0,0.0,0.0,0.0,1.5707963267948963,63.0,0.3872983346207417,0.3872983346207417,0.3872983346207417,0.7071067811865476,1.224744871391589,0.3872983346207417,0.7071067811865476,3.1,-8.56930919255525,1.5
82.4,-0.009088848270680239,0.011095787489149966,2.028,0.0,-0.01,-1.84,1.547183145829711,0.0,0.0,0.0,-0.020512189720495986,-299.9674890205116,0.0,7.1916287233006e-07,0.010328889298998953,0.0,82.303,-1.9752662869700168,0.004586355119765698,-1.6793473367137095,1.5522489692294645,-8.392823503652615e-17,0.0010000000000000915,0.18454187499999986,1.7758428472592195e-16,0.01,1.84,-1.504142810918249e-17,-2.0,-300.0,0.0,0.0,0.0,0.0,1.5707963267948963,97.0,0.39439020005588543,0.3879432948254165,0.3879432948254165,0.7211187454920307,1.2288205727444508,0.3943387646110899,0.7088723439378913,3.144558936275122,-8.533984276514737,1.5324623664862997
82.5,-0.00908884859066561,0.0221915736729299,2.219,0.0,-0.01,-1.82,1.5471737953510623,0.0012514204604821355,0.0027600406137880786,-0.002344109553899856,-0.02231386359624107,-299.9665229301566,0.0,1.1692328286948269e-06,0.009104825445925805,0.0,82.435,-1.9833482634358914,0.005850185034703997,-1.9307065983143694,1.546226771819438,-1.9731603606781265,-0.02486355502516102,-1.519343667296667,0.0005046594721810798,-0.2492452471918843,1.82,1.5727429732240585,-2.0,-300.0,0.0,0.0,0.0,0.0,1.5707963267948963,65.0,0.050475013143210026,0.11888813349560726,0.13568846638387874,0.7521994340853619,1.2328727373336041,0.11689731505876746,0.7076439094068178,2.6352975350347916,-22.84163857167058,1.6086097655193743
82.6,-0.00908884887978545,0.022191574913286605,2.402,0.0,-0.01,-1.79,1.5471716011550765,0.0009646253598182262,0.003345210274398789,-2.7837540134052032e-05,-0.02407676071837627,-299.9656796948784,0.0,1.2828441345609762e-06,0.007871073131850795,0.0,82.501,-1.9909090194912702,0.008424825337191591,-2.060386556097867,1.5473546367688487,-1.9833221759127988,-0.0034521394983371943,-1.5707351900600877,-2.7422911314474502e-05,-0.059431923295534685,1.79,1.5704013656792177,-2.0,-300.0,0.0,0.0,0.0,0.0,1.5707963267948963,99.0,0.0384153154590151,0.10613799585663147,0.08541360891043633,0.5719510205232756,1.226529733311867,0.10005150030944608,0.4803679370638105,2.0923033094621912,-26.808507750876252,1.6101444359304073
82.7,-0.009088848835911767,0.0221915749003867,2.578,0.0,-0.01,-1.74,1.5470353132721522,0.0006877690736721463,0.004322966660321602,-0.0059543165669575385,-0.02578494280596167,-299.9649597093119,0.0,2.2461828751102193e-06,0.0066341495205244705,0.0,82.633,-1.9954135215470699,0.010179677972026652,-2.3065821493977405,1.5467665414159153,-1.988168503570296,0.0068418124407928806,-1.569449145031058,-3.22018447184499e-05,0.0065175207874328105,1.74,1.561549774264724,-2.0,-300.0,0.0,0.0,0.0,0.0,1.5707963267948963,67.0,0.04041834317014154,0.11748661225473574,0.07794943394166566,0.5331356379048581,1.2177103824541275,0.10355071542404774,0.3720923362056527,1.9377405020441505,-27.542214301840538,1.6368643942008192
82.8,-0.018177699194131258,0.02219157636481084,2.75,0.0,-0.01,-1.68,1.5470835334297754,-0.00022384109916047317,0.004227861883819688,-0.003311359635855185,-0.027418058975497744,-299.96436251939497,0.0,1.738536298297606e-06,0.005450915623948625,0.0,82.732,-1.9945358871654302,0.011451389090973624,-2.4799298314423215,1.5474101064431376,-1.9901075588078325,0.013179497408817756,-1.6621343291135604,0.0004013011381763189,0.03645704124561041,1.68,1.5556294620257372,-2.0,-300.0,0.0,0.0,0.0,0.0,1.5707963267948963,68.0,0.037050264823339674,0.07939046409127523,0.06710531821786409,0.42343616735946343,1.1426290794669527,0.06321106624117544,0.21894657509107623,1.5490113343562544,-30.534938676460783,1.4359914849376907
82.9,-0.018177700222041127,0.02219157640882785,2.916,0.0,-0.01,-1.62,1.5779137961242833,0.0012704328431928096,0.004133006754191141,-0.004893256366121189,-0.0289559671787423,-299.96388381046773,0.0,1.7719333608029663e-06,0.004252729415696919,0.0,82.831,-2.0023334980673493,-0.058925105279155454,-2.662185209971655,1.574937198505306,-1.9941789055832166,-0.0408598337557432,-1.7449310007393608,-0.00035859999860695844,-0.18677352864752736,1.62,1.5689739292189344,-2.0,-300.0,0.0,0.0,0.0,0.0,1.5707963267948963,69.0,0.036281984116977126,0.07695398028498536,0.06155939109024468,0.41660461436198437,1.0436272409384046,0.05468838664846857,0.17928578468361875,1.3088792910448057,-31.720365148814125,1.2284301697451494
83.0,-0.018177700217703707,0.022191577220080694,3.075,0.0,-0.02,-1.55,1.5781276608493666,0.0001516652930490269,-0.0009385775351699636,-0.0049509740045473915,-0.030378621271416786,-299.96352266445325,0.0,9.092831887461778e-07,0.0030806336915460515,0.0,82.93,-1.9794428930213281,-0.05837619288454535,-2.796125894596886,1.5817722079077838,-1.9884713570183181,-0.0773804387441159,-1.7397665222258718,0.0039295052761265156,-0.27431130853389196,1.55,1.5841470601567673,-2.0,-300.0,0.0,0.0,0.0,0.0,1.5707963267948963,70.0,0.03955975453975145,0.09765463873890315,0.06185984382607917,0.4578665655581472,0.9839206115404585,0.060978943516573264,0.17227235227807122,1.2260657995066382,-31.3025227329269,1.1477531946286876
83.1,-0.018177700485470627,0.022191577432220555,3.227,0.0,-0.02,-1.49,1.5783295240860917,-0.0033370130872620238,0.0026916847782443424,0.002898994546820068,-0.031673605789270434,-299.9632750539849,0.0,3.0172559839610946e-07,0.0019996583627472394,0.0,83.029,-1.9885473055106635,-0.05836049253467406,-2.964219430039363,1.586983058851089,-1.9911700808882782,-0.08902963274538106,-1.8724920320169511,0.006292299713723139,-0.24959173028355566,1.49,1.594132196487528,-2.0,-300.0,0.0,0.0,0.0,0.0,1.5707963267948963,71.0,0.03691411422176873,0.07525224664432331,0.058623340560559734,0.3717316959211832,0.7745004830056291,0.05054121493494509,0.15086089256562946,0.7738111237534657,-32.837884897405395,0.7113013922315188
83.2,-0.01817770107555461,0.022191578383507604,3.375,0.01,-0.02,-1.42,1.5781655708004276,-0.0014848884013023975,-0.0005968407876842796,-0.0069478645127288565,-0.03283352340656559,-299.9631274403576,0.0,2.2657354318305249e-07,0.00108653432964302,0.0,83.128,-1.9890646964349166,-0.05836033695528714,-3.112708361386907,1.5793268068384478,-1.9893046859979782,-0.08498540973302002,-1.9933343089023365,-0.005211024846356825,-0.1727453095815885,1.42,1.5956373466319458,-2.0,-300.0,0.0,0.0,0.0,0.0,1.5707963267948963,72.0,0.03638302630309259,0.07116230388123305,0.05671232256883852,0.3422155517070572,0.6638314229203653,0.04818247853762693,0.14377060815240394,0.5903792665209919,-33.444950746112895,0.532007650781437
83.3,-0.018177701615425867,0.022191578376268284,3.517,0.01,-0.02,-1.36,1.5779470680889227,-0.001317898105591309,0.002724432503324615,-0.001609109922331108,-0.033849394080709236,-299.963058919517,0.0,1.1851063882809216e-07,0.0003808146165089714,0.0,83.227,-2.0046806182727863,-0.056264469347808016,-3.2846863674611564,1.5775759351770255,-1.9929457184651347,-0.07437428959081996,-2.1163199042186784,-0.007646935917268824,-0.09108675893658484,1.36,1.5919753788319977,-2.0,-300.0,0.0,0.0,0.0,0.0,1.5707963267948963,73.0,0.036239865665687716,0.06830428826630552,0.055530837607267854,0.3169178672597649,0.5785220601555063,0.04724744530589256,0.14001476883347905,0.4660236428388736,-33.84676777209968,0.4095192882329157
83.4,-0.018177702000251594,0.02219157919129411,3.652,0.01,-0.02,-1.29,1.577869995557938,0.0005058571525209948,0.0014056345739173926,0.0002805720912236042,-0.03471154317682722,-299.9630547436472,0.0,-5.08252159523114e-08,-0.00022575966195590954,0.0,83.326,-1.9819718179406047,-0.057728377825202994,-3.3881703662086737,1.579932200626648,-1.9935870136630105,-0.06623728516245844,-2.244802725045897,-0.00892848857602608,-0.03744242592734984,1.29,1.5894478226525142,-2.0,-300.0,0.0,0.0,0.0,0.0,1.5707963267948963,74.0,0.036205962249372725,0.06580919265608022,0.05480367683995955,0.2957504416100842,0.5151628188838819,0.04678031725552833,0.13777964106569035,0.3826778457832922,-34.143183680954024,0.3271578874479726
83.5,-0.027266553525960635,0.02219157990757048,3.779,0.01,-0.02,-1.23,1.577750523635421,0.0004053414085745543,-0.0027495250355603516,-0.0025945994229236878,-0.035411427765858476,-299.96310496115444,0.0,-1.528229535100868e-07,-0.0007368028450462569,0.0,83.425,-2.005697275922725,-0.05596766413036903,-3.5555052150764968,1.5741983002752353,-1.9993782217103617,-0.060397307684049495,-2.3777755381880405,-0.009730347440621442,-0.0028574794245429976,1.23,1.5825929053255838,-2.0,-300.0,0.0,0.0,0.0,0.0,1.5707963267948963,75.0,0.036181153854952144,0.0636521004653211,0.054344842852649414,0.2789399399501562,0.46936639286733073,0.046496843698710336,0.1363860160043128,0.3271894304207594,-34.37117803225192,0.2722446617324265
83.6,-0.0272665541828907,0.022191579743749745,3.901,0.01,-0.02,-1.16,1.5778060421024005,6.257921343252769e-06,-0.0012908743542941934,0.0013456012406272274,-0.03594506299080305,-299.9632015665114,0.0,-6.159627878051063e-08,-0.0011518207406120264,0.0,83.524,-1.988878621167625,-0.05586352120800941,-3.6505627657750583,1.5816282074617687,-1.9958349728363056,-0.055317067095246045,-2.509486178581308,-0.010006486547900015,0.020492324139971502,1.16,1.5839709247456317,-2.0,-300.0,0.0,0.0,0.0,0.0,1.5707963267948963,76.0,0.03618139967783417,0.061990553252582584,0.05405483103782151,0.2662405931247379,0.4367680846039553,0.0463176870592131,0.1355106640909078,0.29023272850662996,-34.54095473410748,0.23561573824567664
83.7,-0.02726655427425939,0.02219158050940595,4.018,0.01,-0.02,-1.1,1.577705240403537,-0.0009417052314077243,-0.0022043661973752755,-0.0024823299690479757,-0.036313617607186495,-299.963327265607,0.0,-7.984264083365074e-09,-0.0013409747887471826,0.0,83.623,-2.004255164260614,-0.053335084871556165,-3.7966151746215773,1.5905703542998029,-2.00345527943342,-0.05072364834540648,-2.6500111790179064,-0.01032819872852048,0.03727109547092254,1.1,1.5897968142190457,-2.0,-300.0,0.0,0.0,0.0,0.0,1.5707963267948963,77.0,0.03617438177496219,0.06067258252824023,0.05387222629137003,0.25662425636816205,0.4134259050733885,0.046210855414163095,0.1349665520022419,0.2650203661927806,-34.66973124857794,0.21060267268532024
83.8,-0.027266554842990454,0.022191580432476377,4.126,0.01,-0.02,-1.04,1.5777491499346237,0.000907654990505947,-0.0009890446303294418,-0.0008811323631338373,-0.036518945045369094,-299.96346553878146,0.0,1.636467067106673e-07,-0.0013995333734094445,0.0,83.722,-1.9921038112980523,-0.05213475275852727,-3.8842816889021545,1.5797997537926627,-2.004070970456277,-0.04681808428594193,-2.7886896912505827,-0.010423640864895244,0.047504189300828406,1.04,1.5861978848169496,-2.0,-300.0,0.0,0.0,0.0,0.0,1.5707963267948963,78.0,0.03618085508031023,0.059671164712454344,0.053754298385181545,0.24942615285184663,0.3966667252726487,0.046135102699298935,0.134619706901422,0.24756803661966573,-34.76581007092747,0.19327266577938407
83.901,-0.027266555411721516,0.022191581115014625,4.231,0.02,-0.02,-0.98,1.5775770410571734,-0.0013057473549721809,-0.0007196908678731154,-0.00607950662322393,-0.03656374738259877,-299.963630040187,0.0,2.06975600234361e-07,-0.0013350147952350632,0.0,83.821,-1.9998076256305917,-0.052114320670383144,-4.002715648784667,1.5788430305038619,-2.0014295418910852,-0.046032463263595405,-2.922195031327554,-0.0203200495859608,0.046623653938826885,0.98,1.582816997255734,-2.0,-300.0,0.0,0.0,0.0,0.0,1.5707963267948963,80.0,0.03620765145345094,0.058989256775210754,0.053715642335981015,0.2441074312213902,0.38451650380884805,0.046148940477842806,0.1344413643247501,0.23532168149784666,-34.82903449345565,0.18105967797309314
84.002,-0.02726655562014879,0.022191581724089637,4.331,0.02,-0.02,-0.92,1.577634214484368,0.0011673102382048796,0.0016013295924787048,-0.003937620797038055,-0.036444694555461433,-299.9637554702551,0.0,2.740419568735743e-07,-0.001177888244255124,0.0,83.92,-2.019759562641811,-0.05111763060373889,-4.137939585551002,1.5803286024022731,-2.011600026843255,-0.044843619918771435,-3.0659547526103808,-0.020356187990159456,0.04660100664137397,0.92,1.5841855458556207,-2.0,-300.0,0.0,0.0,0.0,0.0,1.5707963267948963,82.0,0.03630805676109211,0.058749705280894494,0.053715396315776626,0.24064183552913057,0.3760148051904371,0.04630500246358945,0.1344460272865575,0.22717066089324192,-34.855120988944826,0.17280819428606306
84.101,-0.027266556178203505,0.022191581512785774,4.424,0.02,-0.02,-0.86,1.5775980451751987,0.0014036696709094712,0.0014616795007558027,-0.004591209781378798,-0.03619101005400131,-299.96386270973903,0.0,3.2865036090685704e-07,-0.0009825241466372002,0.0,84.019,-2.017350095228518,-0.04761604372706857,-4.228593110766947,1.5733861237461793,-2.014878115421114,-0.04250102656864155,-3.2069332474427537,-0.02022587980378099,0.04890419462874525,0.86,1.5786109436225375,-2.0,-300.0,0.0,0.0,0.0,0.0,1.5707963267948963,82.0,0.03622466246691341,0.0580533102328415,0.053632229127804465,0.2371987543125468,0.36945081672503033,0.04613512004954684,0.1342546660631942,0.22046874868899147,-34.91730985332943,0.16625855574838566
84.2,-0.02726655665873534,0.02219158190248116,4.511,0.02,-0.02,-0.8,1.5776714203555626,0.0017224345775111556,-0.0017886983781671207,-0.0005162383772548833,-0.0358957046048603,-299.96393397183954,0.0,4.2589908373237023e-07,-0.000820568069485194,0.0,84.118,-2.0093942655119856,-0.048052462258636144,-4.301583884349418,1.567767077372336,-2.0138471701271436,-0.04181102854424387,-3.3416696031847994,-0.020003422761449702,0.045657015759809016,0.8,1.5709297312976431,-2.0,-300.0,0.0,0.0,0.0,0.0,1.5707963267948963,82.0,0.0361399610639563,0.057470633406045184,0.05355354141084096,0.23453619025617237,0.3646134308123738,0.04595487195529769,0.13408377409451983,0.21551743948794616,-34.970342701607315,0.16145436858591733
84.3,-0.02726655685648649,0.022191582756915462,4.59,0.02,-0.01,-0.74,1.5765509433720748,-0.009843220059110275,-0.01674780249883577,-0.02402354218689633,-0.035441986143058955,-299.96399385739363,0.0,-1.5150511985098072e-07,-0.00035565710811502724,0.0,84.217,-2.0043106895780407,-0.048721038705135625,-4.3748769564089764,1.577154294165179,-2.011778521436169,-0.04402911477600063,-3.46723929588231,-0.020042354947573796,0.02831277246896389,0.74,1.5731091864190834,-2.0,-300.0,0.0,0.0,0.0,0.0,1.5707963267948963,83.0,0.03617361605728947,0.05726584508674949,0.0535682311038432,0.2329170268482337,0.36123516673910444,0.046031938841956103,0.1341086020955336,0.21230270653017172,-34.98413631457527,0.15821805275070505
84.4,-0.0272665572488191,0.022191582853768654,4.662,0.02,-0.01,-0.66,1.5749305440720658,-0.0074683449592885575,-0.011802630967753736,-0.009593111649879742,-0.03499704477212603,-299.96397689281764,0.0,1.4146103388243263e-06,0.0007217000404781773,0.0,84.316,-2.019041564332962,-0.04677289274317585,-4.476055377011532,1.5769882452975355,-2.0182122476620634,-0.042921718511646334,-3.5950727057600087,-0.02007058934896212,0.029477461897615964,0.66,1.5744204663405734,-2.0,-300.0,0.0,0.0,0.0,0.0,1.5707963267948963,84.0,0.036256652988836846,0.057338085194893834,0.05361748942906922,0.23201064854339049,0.3588925589957029,0.04611833255195333,0.13413963225792297,0.21023018755211828,-34.98014479825718,0.1560633524816275
84.5,-0.0272665574358939,0.0221915831940942,4.723,0.01,-0.01,-0.56,1.5745888390254716,-0.003709342385632368,-0.0038016183823136656,-0.00015643105193094195,-0.03468991550969576,-299.9638127610964,0.0,5.552662830702825e-06,0.0024850290742691,0.0,84.415,-2.015636108120406,-0.04598366319268157,-4.540041070784381,1.5690053789027636,-2.021066150662004,-0.041560422570087185,-3.725861664950802,-0.009998857453827194,0.030492799948576843,0.56,1.5707405732534339,-2.0,-300.0,0.0,0.0,0.0,0.0,1.5707963267948963,85.0,0.03622283283262505,0.057092641024236855,0.05362574896463852,0.23089638560846548,0.3569781196760277,0.046090300164703835,0.13410410627198543,0.20830213013232712,-34.99808985470803,0.15418065178628787
84.6,-0.02726655789507304,0.022191582935306542,4.776,0.01,-0.01,-0.47,1.5738416221600513,-0.001745153976272668,-0.0013228335747130617,-0.014842715488674142,-0.03460259254427845,-299.9634454897394,0.0,1.3336983886813661e-05,0.004692275312918394,0.0,84.514,-1.9992018981309718,-0.04656747570152957,-4.5622058228298865,1.5652727263894843,-2.013829355019858,-0.041418770027528654,-3.8455248602413317,-0.009930092755319494,0.02773281478750711,0.47,1.5668540940828108,-2.0,-300.0,0.0,0.0,0.0,0.0,1.5707963267948963,86.0,0.03618332263977529,0.05691046139140095,0.053603655733477404,0.2301131098734272,0.35560430604486026,0.04603892185276646,0.13406652065409372,0.20692126545995568,-35.014750395321755,0.1528410462250555
84.7,-0.027266557993948393,0.022191582982789892,4.818,0.01,0.0,-0.37,1.571931224260714,-0.0002580969767661361,-0.0003052453421044208,-0.024502261902838267,-0.034774715119365654,-299.9628446301067,0.0,3.2754826061343696e-05,0.007088394999112799,0.0,84.613,-1.9963797152127414,-0.0459766108016616,-4.603071503451663,1.5647305986645754,-2.0059722935426993,-0.042356365657836306,-3.9557718631728545,-0.009915008455217346,0.013844703544609824,0.37,1.5646574826615336,-2.0,-300.0,0.0,0.0,0.0,0.0,1.5707963267948963,87.0,0.036224007587813835,0.05695142449555681,0.0535834950488397,0.2297781601652606,0.35470276759873504,0.04602139332235392,0.13405624765245433,0.2061279368285655,-35.01610775569661,0.15202465518031832
84.8,-0.027266557692984472,0.02219158327185955,4.851,0.0,0.0,-0.27,1.5696675949173535,0.0006134099610671042,-0.0008943142617549415,-0.022903566449304077,-0.03522500668934372,-299.9619984487919,0.0,6.454918346073427e-05,0.009536911337773953,0.0,84.712,-2.017574512032256,-0.04410017233936401,-4.682517094847851,1.5655713769902555,-2.0075241269349497,-0.04243996675154865,-4.067289581879768,0.00010134560948527979,0.013764321997991678,0.27,1.563433539281159,-2.0,-300.0,0.0,0.0,0.0,0.0,1.5707963267948963,88.0,0.03625358935278329,0.05696162214876231,0.053563642606657406,0.2294756486385288,0.35401553530190577,0.04600670940343241,0.1340469826697629,0.20549929637424036,-35.01796720489774,0.15138677240185616
84.9,-0.0272665577036606,0.02219158340623384,4.872,0.0,0.0,-0.16,1.5676153742850314,0.0002469726810829343,0.00031338278362462034,-0.01631715636729874,-0.03614215949777294,-299.9606586213925,0.0,0.00011348909635628185,0.012418454222447911,0.0,84.811,-2.0305250592850466,-0.04414941702346542,-4.74711643513945,1.5698331003037256,-2.0190789133900493,-0.04240951423233408,-4.187055237737155,7.036413892437058e-05,0.013526401013168368,0.16,1.5655943884399435,-2.0,-300.0,0.0,0.0,0.0,0.0,1.5707963267948963,89.0,0.03625081424572459,0.05689979909219892,0.05355224420816567,0.22916217095424143,0.3534782820388464,0.04600581464102696,0.13404583590894145,0.20496656910484826,-35.02258486394958,0.15086286082565326
85.0,-0.02726655798644173,0.02219158332122939,4.881,0.0,0.0,-0.06,1.5664441185679772,0.00027733168278024,1.3808502803346388e-05,-0.004156948369197619,-0.03698703795026424,-299.9595708465647,0.0,0.00014051244387616675,0.014332680186278344,0.0,84.91,-2.011618350487525,-0.045897719586533374,-4.722980800146506,1.5615290821076957,-2.01446991379216,-0.04338285831138618,-4.28879110508546,7.921741022647975e-05,0.010662845664593069,0.06,1.5633671699530929,-2.0,-300.0,0.0,0.0,0.0,0.0,1.5707963267948963,90.0,0.03622834905301008,0.056808751589806396,0.053544575584796576,0.2288854575666072,0.35307061656395083,0.04600596350977504,0.1340448048292765,0.2045387204533602,-35.02874514369212,0.1504529548844798
85.1,-0.02726655798644173,0.02219158332122939,4.882,0.0,0.0,0.0,1.5656686691243686,0.0003406830537122393,0.0012129788152423797,-0.012872061121043008,-0.03831631543264058,-299.95798789128054,0.0,0.0001758248421575071,0.016827695032244815,0.0,85.009,-2.0062898202693287,-0.04830364253197106,-4.719360369977424,1.5658222836226812,-2.0108290990916347,-0.046066577661091374,-4.376196493633508,2.503595106176007e-05,0.0038499733412734423,-0.0,1.5642935289964983,-2.0,-300.0,0.0,0.0,0.0,0.0,1.5707963267948963,91.0,0.03619170621590768,0.05669625187793136,0.05353889428952071,0.22863327686706797,0.3527546366622878,0.0460044745352532,0.13404258015380033,0.20418355172683766,-35.03626476202989,0.15012316842617313
85.2,-0.03635541140930365,0.02219158344848049,4.879,0.0,0.0,0.02,1.5649590832788982,-0.00013015952334543835,0.0023161511506605247,-0.004550547704760161,-0.03996160628704769,-299.95614579331465,0.0,0.00021466235358112967,0.019420505372786903,0.0,85.108,-2.000735111080835,-0.05148017058726779,-4.707893508730488,1.5656257570661987,-2.005502099280547,-0.05002006374770111,-4.445381646787315,-3.2997445109863826e-05,-0.005068753481074144,-0.02,1.5642864463866522,-2.0,-300.0,0.0,0.0,0.0,0.0,1.5707963267948963,92.0,0.036200674917389944,0.056713746196123606,0.053537846554425804,0.22857790814095028,0.35257576515820366,0.04600796292018826,0.1340437059056723,0.2040352168977354,-35.03586178046255,0.14996557362758822
85.3,-0.03635541140930365,0.02219158344848049,4.874,-0.01,0.01,0.01,1.564632585332964,-0.00016625351801953276,0.0024470921418425487,-0.0028917494801836054,-0.04192899934677748,-299.95403082388265,0.0,0.00025018659036258624,0.022187512841778344,0.0,85.207,-1.993851916534014,-0.05457257652005157,-4.696909320645905,1.5671247275379971,-1.9981533605526915,-0.05483072981351497,-4.497406463826733,0.009927390543895478,-0.02339954844795702,-0.01,1.565377581102629,-2.0,-300.0,0.0,0.0,0.0,0.0,1.5707963267948963,93.0,0.03618521799593696,0.05665627030907246,0.053541348544582194,0.22843225387358346,0.3524006470737731,0.04601557217717584,0.1340475125372622,0.20383965813872018,-35.03895492613231,0.14978089982687398
85.4,-0.03635541152991828,0.03328737435165374,4.873,-0.01,0.01,-0.03,1.564572607227836,-0.0019971616401102984,0.0007451370493200025,0.003232118496806289,-0.044713631913291585,-299.95110863627974,0.0,0.0002863103268738249,0.025719477109583798,0.0,85.306,-1.9937212376920215,-0.05788249846680939,-4.704328787283941,1.55977353047259,-1.9949389517241483,-0.05989868165557703,-4.535522819127211,0.009814291386913686,-0.02976542589078649,0.03,1.5614009740334853,-2.0,-300.0,0.0,0.0,0.0,0.0,1.5707963267948963,94.0,0.03617544160107366,0.056623198699792224,0.053541974679558485,0.22834095402187735,0.3522803192234665,0.046013214116007596,0.13404490706320168,0.20370785983729178,-35.041270806058094,0.14965705724959005
85.5,-0.03635541152991828,0.03328737435165374,4.877,-0.01,0.01,-0.07,1.5641070628215115,-0.0006792671871748797,0.0020864075749024,-0.011521872768835172,-0.046820778307270904,-299.94891817253307,0.0,0.00032472354724471635,0.028145002722501894,0.0,85.438,-2.000092382952042,-0.06281883519718738,-4.7315284779804525,1.563184121698158,-1.995764130377315,-0.06512306827529678,-4.565303721923806,0.009739523742067237,-0.03559885915034295,0.07,1.5606213706638998,-2.0,-300.0,0.0,0.0,0.0,0.0,1.5707963267948963,62.0,0.036178249013021864,0.05663130480844695,0.05354021876402471,0.22831800806906213,0.3522109443271152,0.04600792047917704,0.1340417308362514,0.20364810187607396,-35.0415568398091,0.14959554125566454
85.6,-0.045444266240498354,0.033287374426723915,4.884,-0.01,0.02,-0.1,1.5628413269903998,-8.007116774110157e-05,0.0018963335750504405,-0.011880090680585875,-0.04972928257019217,-299.94590448684687,0.0,0.0003946703386855929,0.031117805420095724,0.0,85.504,-1.999568393418844,-0.06620955197491252,-4.734786703934815,1.562569979147342,-1.9966712090775047,-0.07128991654717529,-4.5886022167159926,0.009710686052354886,-0.04891699132889345,0.1,1.56079167964725,-2.0,-300.0,0.0,0.0,0.0,0.0,1.5707963267948963,96.0,0.03617247551975186,0.05658038772182016,0.053532958781738846,0.22817094764073825,0.35209105776456984,0.04594208211084447,0.13399010578417947,0.20346968359768727,-35.04692309537078,0.14945217833096774
85.7,-0.04544426664389345,0.044383165244892275,4.893,-0.02,0.02,-0.12,1.5619616257634499,0.0,0.0,0.0,-0.05292994892316202,-299.94258905445844,0.0,0.00045926361329545225,0.03405780090635694,0.0,85.636,-1.9900232222020133,-0.052254022501707215,-4.728420578518711,1.5693723203609062,-1.9928631565356518,-0.06463686917698638,-4.605166276506546,0.020001292515126067,-0.019808616110094043,0.12,1.5640429084341299,-2.0,-300.0,0.0,0.0,0.0,0.0,1.5707963267948963,64.0,0.03619491683651977,0.056656871828708724,0.05353534130417777,0.2282901735051672,0.35212350311471435,0.04599669495970497,0.1340356883426143,0.2035747323602643,-35.04061485804175,0.14951800763538242
85.8,-0.04544426637178911,0.04438316622373906,4.903,-0.02,0.02,-0.14,1.561703449175928,-0.0003109733893288279,0.00016939365464672105,0.0033546938306857348,-0.05714529528592962,-299.93821183949933,0.0,0.0005107888375533145,0.03763477797231599,0.0,85.702,-1.9847528945223276,-0.056630385195053284,-4.739236861960216,1.5711435917163672,-1.9858856130977562,-0.05852486956644162,-4.615952055623659,0.020069440559005752,0.0015203166080077178,0.14,1.567569593691017,-2.0,-300.0,0.0,0.0,0.0,0.0,1.5707963267948963,98.0,0.03616662556162336,0.056586093156944114,0.05353037908446765,0.2281863045804987,0.35206126122498765,0.04599744612594632,0.1340361358167928,0.203473084236448,-35.04500499535589,0.14943557121491757
85.9,-0.05453311988285048,0.044383166264099216,4.913,-0.02,0.03,-0.15,1.5628537815671901,0.0,0.0,0.0,-0.06097236782473283,-299.93423071785344,0.0,0.0004933060931752989,0.04068406830102265,0.0,85.834,-1.9873236190902324,-0.06244459455775887,-4.773535575685531,1.5668954266022965,-1.983828428294184,-0.06151554002736982,-4.629051287017198,0.02008277462890458,-0.011691059926443561,0.15,1.5662753624668444,-2.0,-300.0,0.0,0.0,0.0,0.0,1.5707963267948963,66.0,0.036175441462534194,0.0566126754010021,0.053528621978486145,0.2282258337907105,0.3520636390696249,0.04599709901950843,0.13403743153504413,0.20349657428711837,-35.04371588473521,0.14944981312410682
86.0,-0.0545331198088832,0.055478957924853134,4.923,-0.03,0.03,-0.16,1.5641550375756363,0.0006318284283763183,0.003104703665808941,0.006942040230471717,-0.06424122593043824,-299.93082823966574,0.0,0.0004740152308410271,0.0431077374539989,0.0,85.933,-1.9820268541907182,-0.06785002856710064,-4.784581315880661,1.5636041927825097,-1.9807663383410947,-0.06757763136470701,-4.642499873091827,0.03005081473027727,-0.021542796484189018,0.16,1.5647879436811516,-2.0,-300.0,0.0,0.0,0.0,0.0,1.5707963267948963,67.0,0.03601607342086551,0.05607901322629316,0.05348851063459005,0.22731349895506442,0.351613627576377,0.045706386991394996,0.1338119080966917,0.2026013045038964,-35.08588557544188,0.14879397268719333
86.1,-0.06362197284258198,0.05547895804833125,4.937,-0.03,0.03,-0.18,1.5645537940461673,0.0012330060871577483,0.00227416336713581,0.0009555054777608999,-0.06858458923531759,-299.9263104197762,0.0,0.0004829595950616816,0.04600454707286436,0.0,86.032,-1.9679857077571516,-0.0717416430090832,-4.7756051972215525,1.5564751178318537,-1.9730541363125402,-0.07260838061590627,-4.639648093796261,0.030028703673176383,-0.02728284353673765,0.18,1.560232855053435,-2.0,-300.0,0.0,0.0,0.0,0.0,1.5707963267948963,68.0,0.03941882226971617,0.0672004838768326,0.05578918730925835,0.2441591640924548,0.3589413799867827,0.05242873904306207,0.1385447791478757,0.21957822218696077,-34.171964000904424,0.16054659067391397
86.2,-0.06362197312891826,0.0665747478838794,4.954,-0.03,0.04,-0.19,1.5637543504734075,0.001311532056880769,-0.0016660994201788293,-0.01825799450364437,-0.07320606392765167,-299.9215068342144,0.0,0.0005428419156496609,0.04876281527204233,0.0,86.131,-1.9605960939334237,-0.07701913201075583,-4.787953892678395,1.559428253918308,-1.9652032568693079,-0.08059795460331431,-4.639343720751825,0.0299505554737493,-0.04420966640267062,0.19,1.5590513931151246,-2.0,-300.0,0.0,0.0,0.0,0.0,1.5707963267948963,36.0,0.03479362206727491,0.050787855952524705,0.05445105873808486,0.21635373469730101,0.3463604947181811,0.04287432553126276,0.1309561818669732,0.19251718042434285,-35.42458986910584,0.14125789978719394
86.3,-0.0727108265229206,0.0665747477010874,4.972,-0.04,0.04,-0.19,1.5620960258555152,0.00023014426372965996,0.0020963090346411513,-0.01596530502012323,-0.07810963145752119,-299.91642400241403,0.0,0.0006537689671493914,0.05142974097600475,0.0,86.23,-1.9737590454754,-0.08405542407935256,-4.850843321949643,1.5738970404353916,-1.9670050069095186,-0.08868862651737427,-4.651422747788759,0.039948409497911785,-0.05204502967058857,0.19,1.5665132168298503,-2.0,-300.0,0.0,0.0,0.0,0.0,1.5707963267948963,70.0,0.04138707084642281,0.07188776570395816,0.05886846928928717,0.2487674887116892,0.3605483351182781,0.05582281881263944,0.14018512953518097,0.22499466020708456,-33.67418365703638,0.16357475534184274
86.4,-0.08179968203673571,0.0776705402514084,4.992,-0.04,0.04,-0.2,1.5621761102837064,0.0016709396538162446,0.0002860418580926088,0.014144967150754731,-0.08330399303446524,-299.91106399626784,0.0,0.0006848535348834634,0.054151024056599835,0.0,86.329,-1.9604512775820067,-0.09373682515183401,-4.849364713252672,1.565227350428373,-1.9628948494520735,-0.09777507706260896,-4.6781164366088195,0.039963327675406175,-0.06158152260050494,0.2,1.5690970820299943,-2.0,-300.0,0.0,0.0,0.0,0.0,1.5707963267948963,71.0,0.03722209428591314,0.05796795917066253,0.056853789721089516,0.22939338324865918,0.3525498258966644,0.04734277121504969,0.13451178354963667,0.20522558391715032,-34.72610967634793,0.1501643301598616
86.5,-0.08179968212493471,0.07767054016451702,5.013,-0.04,0.04,-0.2,1.5642258385804035,-0.0007344000150699262,-0.001920324376912057,0.017613682856075567,-0.08879527869311364,-299.90542459330396,0.0,0.0006002505693931322,0.057062178213447064,0.0,86.428,-1.9479839467243014,-0.10235348479605834,-4.846904600263979,1.5619770646785491,-1.9504623086813173,-0.1070380595076115,-4.692084216069809,0.03981835067643745,-0.07019083691736822,0.2,1.5647796955845197,-2.0,-300.0,0.0,0.0,0.0,0.0,1.5707963267948963,72.0,0.03645580677589781,0.056853639138291716,0.05561969149836183,0.2294568004731288,0.35284269467389634,0.046167131041664644,0.13420845722184374,0.20494661665990901,-34.912422921383644,0.15043466959071378
86.6,-0.09088853628418536,0.08876633198345907,5.034,-0.04,0.05,-0.21,1.5649721436810233,0.00017244640271713073,1.5028455758329115e-05,-0.006171248307756432,-0.09578091013414199,-299.8982801719768,0.0,0.0005849447294367438,0.06056890761530173,0.0,86.527,-1.9235309022020648,-0.10753400789489462,-4.845895884560657,1.6251366547934645,-1.9353055645090627,-0.11533387652077248,-4.702168424005919,0.04066333392736621,-0.0821922736120767,0.21,1.5913987881023521,-2.0,-300.0,0.0,0.0,0.0,0.0,1.5707963267948963,73.0,0.03628437636946892,0.05687211428193906,0.05485801789368477,0.2297561502864124,0.35293022836384125,0.046032764346592356,0.1342963991162348,0.20506256837500464,-34.96353977237736,0.15061025271016018
86.7,-0.09997738960066527,0.08876633202193274,5.057,-0.05,0.05,-0.22,1.5679608877424636,-0.00046671202993912256,0.0019099776223235024,0.08885359254645928,-0.10067974874085542,-299.89328649432446,0.0,0.00043159238235827526,0.06293961652948468,0.0,86.626,-1.9455329090512492,-0.09802208010207386,-4.916039120601822,1.5683534887447113,-1.9339421533425472,-0.1115716489112604,-4.7057650942578935,0.05003784479368291,-0.05315102324680423,0.22,1.5828060681394664,-2.0,-300.0,0.0,0.0,0.0,0.0,1.5707963267948963,74.0,0.03954062609459083,0.06768759173174331,0.05683037023215764,0.24585141372348926,0.35981688616561697,0.05257995794265493,0.13888118166543914,0.22133850596491844,-34.09963688481248,0.1618635312774249
86.8,-0.09997739013179574,0.09986212433682917,5.078,-0.05,0.05,-0.22,1.5745448857222237,0.00017571437917825698,0.0025268705290642543,0.03097096364640913,-0.10706555899504094,-299.88678096260554,0.0,-2.7243141878953225e-06,0.06644296476579734,0.0,86.725,-1.9152996431079612,-0.10547306743166837,-4.878798145687776,1.5593746225695324,-1.927689099596201,-0.10986551596928093,-4.7282407584971065,0.05005567562681674,-0.035830646566693096,0.22,1.5668670479785516,-2.0,-300.0,0.0,0.0,0.0,0.0,1.5707963267948963,75.0,0.03719976009699059,0.05876567807046492,0.05561038246775114,0.23077056623391268,0.3530101065040428,0.047068279691842324,0.13463655139708297,0.20614335516772994,-34.771885780958755,0.1510026614745978
86.9,-0.10906624452361435,0.11095791549197331,5.097,-0.05,0.06,-0.22,1.5747537445884685,0.0,0.0,0.0,-0.1137361504243004,-299.87996924763155,0.0,-3.950318322885165e-05,0.06956030713169592,0.0,86.824,-1.9072210991561702,-0.11195906491912835,-4.911508615316472,1.6252990551916902,-1.9154227827199533,-0.1155764494377487,-4.7443616028314946,0.0497468224330803,-0.04686593541661471,0.22,1.5900703461772192,-2.0,-300.0,0.0,0.0,0.0,0.0,1.5707963267948963,76.0,0.03648476764825785,0.057051572031413096,0.05485039435341123,0.22901723831113469,0.3524486515425759,0.04617394975244181,0.13420083009105227,0.20440542975303524,-34.94126381521419,0.14998977746972425
87.0,-0.11815509736273166,0.11095791599329852,5.116,-0.06,0.06,-0.23,1.5747646480475106,-0.0012232275653746415,0.0019443309211802761,0.05432728054255119,-0.12211904588769458,-299.87139762642,0.0,-0.000115413764830681,0.07313853685865036,0.0,86.923,-1.9238114901503387,-0.12359624927348191,-4.976245685069546,1.5565144010700493,-1.9115884054842622,-0.12613334122020933,-4.763607163125373,0.059999826534582634,-0.05982541884050711,0.23,1.5717899355026146,-2.0,-300.0,0.0,0.0,0.0,0.0,1.5707963267948963,77.0,0.03629944660322831,0.056847064738918957,0.054368115900903305,0.22907298890560826,0.3525199671394787,0.046031607311978244,0.13418608429582507,0.20437470618828404,-34.98739308186233,0.15007229550425744
87.101,-0.12724395367622598,0.12205370844018137,5.136,-0.06,0.06,-0.23,1.5775528611291687,0.0004051855985660508,-0.002572768667633197,-0.021319980963162916,-0.12942566195254218,-299.8639167041881,0.0,-0.00023503794254873408,0.07647866456473164,0.0,87.022,-1.9121512981631024,-0.1328876661563905,-4.98931930989752,1.561070271269604,-1.90879934930904,-0.13652944281536927,-4.786413662900033,0.059915149102261735,-0.07027048296762145,0.23,1.5625348879122039,-2.0,-300.0,0.0,0.0,0.0,0.0,1.5707963267948963,79.0,0.03643721155300431,0.057355633570428215,0.05411314661739241,0.22972747341539,0.3527556808358254,0.046153177312224875,0.13427566156649912,0.20491692319375915,-34.96806523243317,0.15047561831405348
87.201,-0.1272439542848791,0.1331494993946114,5.158,-0.06,0.06,-0.24,1.5739861319914947,0.0,0.0,0.0,-0.13703358220664993,-299.85611620881144,0.0,6.349703184040212e-05,0.07938232080358493,0.0,87.121,-1.9027203017899652,-0.13979478216234092,-5.003229174109376,1.561365157837162,-1.9001990727829265,-0.1466026573356985,-4.803047872949998,0.05982807558798021,-0.07791853833020307,0.24,1.5612018423917324,-2.0,-300.0,0.0,0.0,0.0,0.0,1.5707963267948963,80.0,0.036352605433030365,0.05711199190536885,0.05392322112200074,0.22921921595935107,0.352498982261656,0.046155403303585786,0.13425107021896407,0.20444165788691746,-34.99030582201223,0.1501069574277657
87.3,-0.1363328080011983,0.1331494995712328,5.178,-0.06,0.07,-0.25,1.5698525453361236,0.00017702509751253308,-0.002154988996097192,-0.03973730575215487,-0.14335023194512214,-299.84964799063914,0.0,0.0003267286380482613,0.0816563369984173,0.0,87.22,-1.8919472558486168,-0.15355904095218287,-5.019165217914586,1.5642524729907836,-1.8940580672173173,-0.1610412029735619,-4.824688248133947,0.05972298990928023,-0.1028944767105499,0.25,1.562375352499674,-2.0,-300.0,0.0,0.0,0.0,0.0,1.5707963267948963,80.0,0.036266345455729855,0.05686532362311325,0.0537429113080214,0.228762006562327,0.35228271967145797,0.045983819439923836,0.13410137191905222,0.20397007318573426,-35.0200070063087,0.1497898167027729
87.4,-0.1454216625207525,0.14424529222310545,5.203,-0.07,0.07,-0.25,1.567166830008153,0.0002205985298433641,0.001268756005729248,-0.02072557268830792,-0.15323488329087767,-299.8395630496343,0.0,0.0006010639083388721,0.08522089529306179,0.0,87.319,-1.9023643236388854,-0.1671511778797487,-5.093005367019479,1.5615926399583784,-1.8883659182165435,-0.17662782756969148,-4.848778552492803,0.06945924743666104,-0.11781007260865428,0.25,1.5594863773039587,-2.0,-300.0,0.0,0.0,0.0,0.0,1.5707963267948963,81.0,0.03628428015982602,0.05688605052716293,0.05366313220938351,0.22867859226173393,0.3522294183833016,0.04598253938363251,0.13407749907863253,0.20388293491061274,-35.02190737449971,0.14972184864217408
87.5,-0.1545105164352092,0.15534108384110112,5.229,-0.07,0.07,-0.26,1.5650622998971977,0.0005851476732875064,0.0013615849496976778,-0.025924184623027733,-0.161860901054245,-299.8308034766093,0.0,0.0008057260527951236,0.08825648594247788,0.0,87.418,-1.875848985744783,-0.16087110168734595,-5.079151538064979,1.5526072347883557,-1.8730770919705368,-0.1731414377138255,-4.863307200058042,0.06982147381387319,-0.08297748843256064,0.26,1.5570405891841925,-2.0,-300.0,0.0,0.0,0.0,0.0,1.5707963267948963,82.0,0.03625342734746666,0.056794376012100016,0.05361926542140794,0.22850522616649863,0.35215644321412487,0.046013269244097606,0.13408082856604603,0.20373862618348632,-35.027602809154864,0.14960956368561723
87.6,-0.16359937127708002,0.16643687685238717,5.258,-0.07,0.08,-0.26,1.5627820697289447,0.0,0.0,0.0,-0.16901742788738244,-299.823562226887,0.0,0.0009850221516613453,0.09066043729220874,0.0,87.517,-1.8822858551571628,-0.17194077280066966,-5.136270793346601,1.5620232642405294,-1.8721496533411357,-0.1817047872131191,-4.89181355355797,0.06984891782782564,-0.09143600810511535,0.26,1.5575860018197574,-2.0,-300.0,0.0,0.0,0.0,0.0,1.5707963267948963,83.0,0.03625690182808051,0.05679588191989553,0.05358927998580098,0.22848902419461153,0.35214910352082224,0.0460128384129516,0.13406643695674197,0.20371936216764336,-35.02882975909281,0.14959994188787024
87.7,-0.17268822739599266,0.17753266929738398,5.287,-0.08,0.08,-0.27,1.5608388130229454,-0.00146556569074817,0.0005970737578040084,-0.017616799440553745,-0.17828230297126815,-299.81421678418275,0.0,0.0011960137651180827,0.0937286109809096,0.0,87.616,-1.8489521051901912,-0.18957531511070258,-5.0978031380559825,1.5514031482995245,-1.853154589405226,-0.19742740298532585,-4.906138507554079,0.07956515673513907,-0.10728994427585212,0.27,1.5548634811998925,-2.0,-300.0,0.0,0.0,0.0,0.0,1.5707963267948963,84.0,0.0362393364144717,0.05676230719155327,0.053568253970183666,0.22844801820407784,0.35213408198312895,0.04600968060390069,0.13405611971006573,0.20367964951134773,-35.03221159733627,0.1495759636078246
87.8,-0.1817770822722944,0.17753266944403023,5.314,-0.08,0.08,-0.27,1.5593129089709858,0.0005464281087958764,-0.0007137493213573615,-0.016900911451478803,-0.1878991224234177,-299.80453984979164,0.0,0.001371713451103105,0.09688073315330342,0.0,87.715,-1.8414613736517196,-0.1815586078243368,-5.149673266510117,1.6274442102846338,-1.8403382625178364,-0.19690447497136976,-4.925893181853882,0.07999524962755909,-0.07969274701411781,0.27,1.5862558803559237,-2.0,-300.0,0.0,0.0,0.0,0.0,1.5707963267948963,85.0,0.03623559116356418,0.0567417831719205,0.053555957865028696,0.2283996125682547,0.35210815621262975,0.04600809853730203,0.13404968358944067,0.20363348814157672,-35.03387499079555,0.14954028141189657
87.9,-0.19086593671432595,0.18862846307663572,5.343,-0.08,0.08,-0.27,1.5616454985600452,0.00018848410041073807,0.0030388105602891665,0.08947993033665284,-0.19786366619113557,-299.7945295786479,0.0,0.0012130574747508218,0.10026296260698604,0.0,87.814,-1.8370734577758527,-0.2010828964328535,-5.177726447337834,1.5661734777613296,-1.8338398923971613,-0.2082285822352375,-4.950964814341688,0.08003939474102997,-0.0869703211899139,0.27,1.576448049363659,-2.0,-300.0,0.0,0.0,0.0,0.0,1.5707963267948963,86.0,0.03619402651460998,0.05663764810166896,0.053545064543435106,0.22824344678245706,0.3520396294684603,0.04600125128410656,0.13404260209972416,0.20349541068758506,-35.04061920275821,0.1494356202624576
88.0,-0.19995479243339886,0.19972425424428364,5.37,-0.09,0.09,-0.28,1.5685330990843962,0.0008018140827191949,0.00048660156505613044,0.03428945302041883,-0.20816370750163746,-299.78419150056925,0.0,0.0005094713432336005,0.10434920819518784,0.0,87.913,-1.8406303114133917,-0.21779535211736573,-5.236827455109868,1.5652590253834167,-1.8268906262944893,-0.22624048427872478,-4.977947244231233,0.08998822661022485,-0.11701097749928036,0.28,1.5703604525645074,-2.0,-300.0,0.0,0.0,0.0,0.0,1.5707963267948963,87.0,0.03642658193027741,0.05724877911867787,0.053541304821968116,0.22902010474683632,0.35234276492945216,0.045951198488007626,0.13399913642216854,0.20413390348449556,-35.00758036268524,0.14992805870073145
88.1,-0.20904364667017217,0.21082004698116075,5.396,-0.09,0.09,-0.28,1.5700539678244405,0.002435899997463094,-4.319151896402625e-05,0.0005556945495039059,-0.21878358015727525,-299.7735201418773,0.0,0.00033998745319813856,0.10782785599761212,0.0,88.012,-1.8214003883961132,-0.21317853669389486,-5.238544989476977,1.5593397794134207,-1.8135043433116458,-0.22557839311684613,-4.998816931471616,0.09001383762786552,-0.08779051385102428,0.28,1.5645335824194788,-2.0,-300.0,0.0,0.0,0.0,0.0,1.5707963267948963,88.0,0.036318629998952245,0.05691448989891487,0.05354055997478642,0.22854021925344656,0.3521504679427748,0.04600000537118344,0.1340391496662574,0.20374797163399916,-35.02308501497237,0.14961932148605292
88.2,-0.2272213582491316,0.22191583957846372,5.421,-0.09,0.09,-0.28,1.5689517077433432,-0.0008870851730002655,-0.0008133854557230185,-0.02368841708705536,-0.22971497350241338,-299.76252735972344,0.0,0.0004521145166809344,0.11092689348349162,0.0,88.111,-1.815477767750086,-0.22751500862099328,-5.279901630004334,1.5547149826494964,-1.8012734887644415,-0.2349463275229719,-5.021324555884734,0.090018965472567,-0.08832448266587171,0.28,1.5594776359837386,-2.0,-300.0,0.0,0.0,0.0,0.0,1.5707963267948963,89.0,0.03620552169657441,0.0566394174125374,0.053542449030556126,0.22824299561002304,0.3520449436091258,0.046011988378139204,0.13404622861089222,0.2035016590994456,-35.03903537367292,0.14944015773655916
88.3,-0.23631021328558433,0.2330116325916367,5.448,-0.09,0.1,-0.29,1.5663741245542209,-0.0020940383527183392,-6.302198696692071e-05,-0.03613261310675357,-0.2409620434734356,-299.75121599314195,0.0,0.0007438576762416984,0.11385507588773548,0.0,88.21,-1.8010010476017217,-0.24665775266424972,-5.30215925531418,1.5570542262733966,-1.791599762251224,-0.2542501154583733,-5.045347622547041,0.0897620779158265,-0.12198018733748897,0.29,1.5599723611508511,-2.0,-300.0,0.0,0.0,0.0,0.0,1.5707963267948963,90.0,0.03620419894995955,0.056642159256102734,0.05353100158371214,0.22824482807913807,0.35203364915837715,0.04593753468967873,0.1339875493730532,0.2034709585223578,-35.04289510033339,0.14943123422573704
88.4,-0.24539906820497825,0.24410742538165664,5.475,-0.12,0.09,-0.29,1.5630580243330936,0.22575233144704343,-0.9613755900678118,-0.06509857313123119,-0.25311518643293984,-299.73977723604594,0.0,0.001087491570715933,0.11150843304198409,0.0,88.309,-1.7822521184715197,-0.26269316523344416,-5.3094895345100594,1.5680571951528448,-1.7749709981510562,-0.2728339729460828,-5.051737825992307,0.11957529207686865,-0.12966026257229274,0.29,1.5600880847860694,-2.0,-300.0,0.0,0.0,0.0,0.0,1.5707963267948963,91.0,0.03645460848989431,0.057006253863751036,0.05375665377588548,0.22877438165714048,0.3522604129807843,0.04647485249438036,0.13435490081445678,0.20410469682814694,-34.984187675109965,0.1497843594032904
88.5,-0.263576779706415,0.2552032189596929,5.502,-0.22,0.07,-0.26,1.561166487694953,0.1909690733836099,-0.821032312501063,-0.03559529256570183,-0.27086818322116263,-299.7292862047744,0.0,0.0010850986826565743,0.09315979299793516,0.0,88.408,-1.7946838723554257,-0.2717685392644525,-5.311869291025976,1.6457607111615784,-1.7605378248853025,-0.28248478481816397,-5.059757646991626,0.2206654905021438,-0.10824960822883449,0.26,1.5881931942265037,-2.0,-300.0,0.0,0.0,0.0,0.0,1.5707963267948963,92.0,0.038556889131987765,0.058603338708398095,0.05577388220265378,0.2308528285584276,0.3531004330366231,0.050520072838118595,0.13692589240206607,0.20730563297701163,-34.57029948558344,0.15113507920468072
88.6,-0.2999322000907607,0.26629901015915136,5.525,-0.38,0.04,-0.19,1.5651344718087952,0.11145393029059124,-0.40056789076239685,0.07754763451100274,-0.3016793203043102,-299.7214205656334,0.0,0.0004882994204447354,0.059318900235405356,0.0,88.474,-1.773299520720158,-0.28972382185916384,-5.336301213658323,1.5576011206929636,-1.7234217456386856,-0.298955327171899,-5.071578013483419,0.38028324265982116,-0.09934917362529723,0.19,1.5755687691410765,-2.0,-300.0,0.0,0.0,0.0,0.0,1.5707963267948963,76.0,0.037368172379721315,0.057276563654096585,0.05585306724382931,0.22879332815202202,0.35221775857935644,0.0479347094614551,0.13488332512585208,0.2046915344052711,-34.77883376495334,0.1497515314744997
88.7,-0.3453764733379783,0.26629900886092006,5.541,-0.58,0.0,-0.11,1.5713853068326156,0.050296591571476985,-0.10691216895365067,0.01527242166960725,-0.3508502256401353,-299.7174797789063,0.0,2.4309164780761756e-05,0.01835645654751871,0.0,88.606,-1.7177742939464058,-0.30324110127034776,-5.388145839284048,1.6407605305238335,-1.6624007184055487,-0.30612053229640623,-5.128496386434293,0.5822884760074605,-0.06673474819081528,0.11,1.605075014551935,-2.0,-300.0,0.0,0.0,0.0,0.0,1.5707963267948963,94.0,0.038757005372131094,0.06123588630931203,0.05758594884259114,0.23349754365473044,0.3540271043174296,0.050416609343111526,0.13637468331058789,0.20956426297149988,-34.39594912270525,0.15274998578259658
88.8,-0.41808730841360475,0.2662990069134148,5.548,-0.79,-0.05,-0.05,1.5761761903439204,-0.0032309922189906713,0.08453865077325355,0.11639340162136762,-0.4205691238523286,-299.71828273633076,0.0,0.00010047371204559264,-0.02872632251148622,0.0,88.705,-1.6595860456238405,-0.2965822715567191,-5.410686417078316,1.553728896489411,-1.5757979185195774,-0.30010378382375147,-5.183818533265395,0.790356460785211,-0.00535168459586171,0.05,1.5772361643562018,-2.0,-300.0,0.0,0.0,0.0,0.0,1.5707963267948963,95.0,0.03697054231476832,0.05741388978737205,0.056407878411489316,0.22893751794455935,0.35234434528037173,0.047115730704837655,0.13448264817144417,0.20470942399917444,-34.80034067701647,0.14989158320070933
88.9,-0.5089758542491742,0.2552032105053281,5.552,-0.99,-0.1,-0.01,1.5809729509663324,-0.05027025011144432,0.19974320547663607,-0.009214598058360064,-0.5313860535691777,-299.72608812950085,0.0,0.0008105822169395184,-0.08331203298323757,0.0,88.804,-1.5721630913015456,-0.2949853434444724,-5.415912166162339,1.6247584925206733,-1.4723756915959596,-0.2943450136383028,-5.226564724352933,0.9912076637626297,0.046456728820430525,0.01,1.5933474150888174,-2.0,-300.0,0.0,0.0,0.0,0.0,1.5707963267948963,96.0,0.03697638072388231,0.0577100521233741,0.0558860948657641,0.2300403228377719,0.3529151987751352,0.047073121315910516,0.1347576984392068,0.2056641621437194,-34.81358521287631,0.15071252008428482
89.0,-0.6180421091226986,0.24410741089639698,5.553,-1.16,-0.15,0.0,1.5795597807180621,-0.07347695257784571,0.25736092075402817,0.047014264984158706,-0.6203203109219219,-299.7353322856788,0.0,0.0012177573914478091,-0.12057170928091764,0.0,88.903,-1.4739379785801054,-0.28747550007467304,-5.427542208400213,1.6370800248477317,-1.353383095630448,-0.27546557127321314,-5.260441289400033,1.161080260288909,0.11650734598355478,-0.0,1.6030387977719485,-2.0,-300.0,0.0,0.0,0.0,0.0,1.5707963267948963,97.0,0.03710427389217421,0.057294614892875795,0.055849081734531084,0.229587711553351,0.3527033779794225,0.04757976709326632,0.13515073823055346,0.20541826638269192,-34.80446475185766,0.1503957355010337
89.1,-0.7361972188116355,0.2330116095817436,5.552,-1.3,-0.19,0.02,1.5833556578170993,-0.09447519531105021,0.31663594792206645,0.08120583256892096,-0.7456559511719169,-299.7509396775529,0.0,0.0024262845442204776,-0.15410838743186142,0.0,89.035,-1.3266205816512786,-0.2446158196698059,-5.4186655767785945,1.5601331751009626,-1.2159596291485522,-0.23755061533197125,-5.291130667615725,1.2998356155236326,0.2112879164237219,-0.02,1.578518135067183,-2.0,-300.0,0.0,0.0,0.0,0.0,1.5707963267948963,65.0,0.03741773713811084,0.0576839263754073,0.05607864742269526,0.23008055106502556,0.3528645409112693,0.048202190817434334,0.13551818862384354,0.20601141196977377,-34.74130289036813,0.1506861315430477
89.2,-0.872530035099953,0.2219158045524079,5.551,-1.4,-0.22,0.02,1.5841652975094056,-0.13083714389438533,0.3178865262256823,-0.03249661350329037,-0.8832675654205674,-299.77026032824176,0.0,0.003412629037918041,-0.17957107612469417,0.0,89.101,-1.2435161619846007,-0.24309247081898144,-5.45427998432519,1.5527263668554119,-1.0865543701336189,-0.21513753017738713,-5.325658140698508,1.400177403390877,0.24026887426218443,-0.02,1.5620440468844776,-2.0,-300.0,0.0,0.0,0.0,0.0,1.5707963267948963,99.0,0.036763403734563965,0.057062289820021365,0.05562729253696341,0.22899258007176218,0.3523553881592584,0.04693493356898978,0.1346018306904719,0.2046145105557836,-34.869166755453705,0.14992297612794525
89.3,-1.017951704650982,0.19972420488512954,5.551,-1.46,-0.23,0.02,1.5767364279043414,-0.11249772308635078,0.2951084646239359,-0.07915562836228662,-1.0292301043637035,-299.7921688126351,0.0,0.0028038070164694896,-0.20642259633655433,0.0,89.233,-1.0378681984805933,-0.18739568277411542,-5.359424249423751,1.622981492658986,-0.9265876546872645,-0.16622408020673235,-5.338354894099632,1.4591467192560643,0.31066751918010216,-0.02,1.5813736809836394,-2.0,-300.0,0.0,0.0,0.0,0.0,1.5707963267948963,67.0,0.03730526914091138,0.0578091338982135,0.05598944545261774,0.2300165971131118,0.3527797571081868,0.04808570153716316,0.13540688668788886,0.20587684869746384,-34.752132580583215,0.1505973330985242
89.4,-1.1633733726679494,0.17753260319951503,5.552,-1.48,-0.24,0.02,1.5724110846084096,-0.1345338747708927,0.29043776806010757,0.020576088081258655,-1.2099268138624877,-299.8200946277795,0.0,0.0023654648939878766,-0.21835592761221556,0.0,89.332,-0.9031774988641266,-0.16182654405989216,-5.381834314347045,1.6109179576426447,-0.7708436155700991,-0.12982914133549067,-5.345816988175542,1.4766619398048177,0.3383749176490048,-0.02,1.6047153381789447,-2.0,-300.0,0.0,0.0,0.0,0.0,1.5707963267948963,68.0,0.037464272017658236,0.05791410199935867,0.05620915005133898,0.23003025136425354,0.3527654559319588,0.04833334247027869,0.13551023365899648,0.20597360229994865,-34.721368006912414,0.15058975411506556
89.5,-1.3087950443143388,0.1664367911182585,5.553,-1.47,-0.23,0.01,1.5769083258372287,-0.12625861027899404,0.24942108293720214,0.09888170929303505,-1.3308346811210194,-299.8386576833023,0.0,0.003253834201905993,-0.2057274437163014,0.0,89.431,-0.7548934202067973,-0.12856939718568922,-5.379987796979291,1.5530425503933802,-0.6228220780996185,-0.09780596090558791,-5.355014741937181,1.4697001972750234,0.33661064181463674,-0.01,1.5736084469509264,-2.0,-300.0,0.0,0.0,0.0,0.0,1.5707963267948963,69.0,0.037385457494447785,0.057933271849734735,0.056286192276400124,0.23000992972385564,0.3527603745764718,0.04820608411635465,0.1353894989437976,0.20592066447325166,-34.72683760519868,0.1505790298078391
89.6,-1.4542167115969236,0.1442451838932679,5.555,-1.42,-0.21,0.01,1.5820700880747776,-0.0867834311301184,0.21872996630193198,-0.019773919506424327,-1.4794039419548166,-299.8606356073467,0.0,0.00402590426076211,-0.1771249109748289,0.0,89.53,-0.6139561457044459,-0.10910907666730851,-5.438857415716534,1.5592380120140608,-0.47921532779326725,-0.07808356392693153,-5.3632577179804795,1.4195845439355157,0.2977610606573752,-0.01,1.5755302367764321,-2.0,-300.0,0.0,0.0,0.0,0.0,1.5707963267948963,70.0,0.037338436557601364,0.05804742953994938,0.05625607651651232,0.23015352305798814,0.35282745170190816,0.04803221879430405,0.1352849469735395,0.2059953748361966,-34.73304306078487,0.15067977068156402
89.7,-1.5996383779900802,0.12205357498903613,5.554,-1.35,-0.18,0.01,1.578257819698427,-0.03179795962186846,0.175484457246594,-0.021873951603597973,-1.6501822140514875,-299.883882776646,0.0,0.0029513421381629646,-0.15106482802947854,0.0,89.629,-0.45774605196430046,-0.08710744365226841,-5.339711047493272,1.5963991903141712,-0.3412316419583019,-0.05578733026169869,-5.366092984092523,1.3492959492070378,0.2613539526689313,-0.01,1.5794502789891618,-2.0,-300.0,0.0,0.0,0.0,0.0,1.5707963267948963,71.0,0.037170667643646266,0.05745459255503119,0.056089778222999404,0.22937528851564434,0.35251945892884656,0.047724503144578094,0.13511045478384126,0.20524420705725943,-34.782086879527,0.15017935409304684
89.8,-1.7268823382145613,0.11095775905812832,5.553,-1.26,-0.15,0.01,1.5770046841960885,-0.003448051779156947,0.1272578663288209,0.0016446549255738825,-1.7576670883938534,-299.8970492841982,0.0,0.0024796038369106145,-0.12845906452496947,0.0,89.695,-0.3625593527967271,-0.07366110640990489,-5.3193671009825305,1.5960219488423855,-0.20305575839597823,-0.03659831255438556,-5.362265751006788,1.2587176500205426,0.22778962897352115,-0.01,1.587279678826886,-2.0,-300.0,0.0,0.0,0.0,0.0,1.5707963267948963,105.0,0.036947202394799,0.05694088898469959,0.05577424705475139,0.22878671248599303,0.35229514460842926,0.04729437586858125,0.13486824323160462,0.204599556983695,-34.84344561934518,0.14981044317588768
89.9,-1.8541262981942488,0.09986194140734028,5.552,-1.16,-0.12,0.01,1.5783187011864521,0.00977385043252214,0.0855800041902697,0.03155940822235129,-1.8833162862021684,-299.91071258161185,0.0,0.0020614974538162145,-0.09700689281522881,0.0,89.827,-0.19487604261422092,-0.055207725004886375,-5.353824916048495,1.5813814254732306,-0.08684417652628182,-0.030045828062212496,-5.35590584445462,1.158958998765238,0.16971719516970238,-0.01,1.5917317222789462,-2.0,-300.0,0.0,0.0,0.0,0.0,1.5707963267948963,73.0,0.038277877291953144,0.06024090252093779,0.05726720847813437,0.23240048836650243,0.3535962092588768,0.04962145732327081,0.13613060886709957,0.20840779328604175,-34.50015282504202,0.15203276169172303
90.0,-1.963192550207765,0.08876612549537688,5.55,-1.05,-0.1,0.01,1.581528514684413,0.0,0.0,0.0,-1.9981938598408622,-299.92128704757386,0.0,0.001626366590773117,-0.06488186716711337,0.0,89.926,-0.07850728865465414,-0.0465498418495898,-5.390518852479405,1.5760299821977355,0.016502391843098013,-0.034722670787990684,-5.372386944749286,1.0499584285908985,0.1066926031428348,-0.01,1.5770077924342938,-2.0,-300.0,0.0,0.0,0.0,0.0,1.5707963267948963,74.0,0.036918556982204205,0.05726921155272177,0.05620785482334988,0.22886913716764873,0.35230830501836674,0.04707165069579157,0.1345887892071012,0.2046341715976001,-34.8199951267916,0.14984061236612656
90.1,-2.0631699424800574,0.07767031041303518,5.548,-0.93,-0.07,0.01,1.5820287923004965,0.06462789421572751,0.02037463927081286,-0.026008993370631416,-2.1015315062039686,-299.92898956630756,0.0,0.0010367447462206073,-0.039224544139066994,0.0,90.025,0.03182165112311753,-0.04747902993962931,-5.373092226627943,1.5676253384472043,0.11398918650662043,-0.03698967511807144,-5.373469915297539,0.930010571989824,0.05259282609736032,-0.01,1.5714036619420702,-2.0,-300.0,0.0,0.0,0.0,0.0,1.5707963267948963,75.0,0.03979207206439129,0.06757489400482859,0.05785518034046655,0.24480578630570357,0.35927330522156214,0.052946627613551185,0.1388568616660708,0.22058875145214735,-34.037370853195455,0.16104816809623101
90.201,-2.15405848561577,0.07767028980897495,5.547,-0.81,-0.06,0.01,1.5782595244843998,0.07324693632016235,-0.008640992574111526,-0.03973937027983795,-2.20979561670619,-299.9351771186027,0.0,0.0005080313796329937,-0.022657616303818354,0.0,90.124,0.1232445402526964,-0.05078338394610168,-5.348569707171266,1.5782742838248103,0.19697408574192665,-0.04050767546845516,-5.366744772884653,0.8100935931673032,0.021117209684896034,-0.01,1.5732033810671797,-2.0,-300.0,0.0,0.0,0.0,0.0,1.5707963267948963,77.0,0.03709943505120518,0.058827713394358126,0.056601364968050766,0.230771751313991,0.3530467045634177,0.047753485661198615,0.1350117441733725,0.20644692572571993,-34.70750471625445,0.15104529402294378
90.3,-2.2358581724486646,0.06657447613293899,5.545,-0.69,-0.05,0.01,1.575502004069511,0.05951206140804916,-0.01808975314919442,-0.015607507885359279,-2.272391287373769,-299.9380228343957,0.0,0.00033424357069948535,-0.01618330043275523,0.0,90.223,0.21388249577826876,-0.02939982009148115,-5.318990521868912,1.5747610182961604,0.26923503128393395,-0.032596650008486924,-5.360588330059841,0.6899985116611023,0.024188242621990208,-0.01,1.570738665517743,-2.0,-300.0,0.0,0.0,0.0,0.0,1.5707963267948963,77.0,0.03647801549040936,0.05746735502169856,0.05572543638587016,0.22960687041901404,0.3527084356732871,0.04668879518402557,0.13450524414187365,0.20513252660381628,-34.87022891025254,0.15039984799875736
90.4,-2.2994801518480683,0.06657446065859762,5.543,-0.57,-0.04,0.02,1.5738106172673894,0.025309547365267773,-0.034204218757047496,-0.019904401867859932,-2.3521479275532644,-299.9411788143008,0.0,0.00021528337000296344,-0.011337893499424273,0.0,90.322,0.2885375386428796,-0.0389103802296106,-5.32386997153842,1.5658940011015459,0.33059614784506886,-0.04089873660726982,-5.358254279817567,0.5700875002960658,-0.011682507998007706,-0.02,1.572489360199287,-2.0,-300.0,0.0,0.0,0.0,0.0,1.5707963267948963,78.0,0.0363439298771879,0.057107797219879165,0.05514951710611745,0.22940351867016748,0.3526402205382109,0.046450341715998836,0.1344511412350779,0.20483949412370256,-34.92603417963001,0.15028182749065283
90.5,-2.363102133879078,0.06657444345067676,5.541,-0.46,-0.04,0.02,1.5730359722536544,0.029217664561505693,-0.04744242086101504,-0.0047450711811352925,-2.40603180341464,-299.94324245707895,0.0,0.00018882679946965024,-0.010312162857151122,0.0,90.421,0.35027050163584594,-0.0310964497609596,-5.3777045275727895,1.5599485382784912,0.38338971052583437,-0.03456723817432748,-5.362270655131317,0.45976896245163085,0.0025142263158483974,-0.02,1.5646330653686538,-2.0,-300.0,0.0,0.0,0.0,0.0,1.5707963267948963,79.0,0.036376882695268495,0.05698604637422009,0.054762333285020025,0.22923409001129302,0.3525337539881799,0.0464309163030902,0.1344596576979399,0.20463314548410552,-34.9471873034173,0.1501435540620704
90.601,-2.408546398768502,0.055478640790185274,5.539,-0.36,-0.04,0.02,1.5717191458123287,0.007821824440506189,-0.04486764188433564,-0.03048701587542476,-2.4489501554982054,-299.9450834855804,0.0,0.00019163400057579764,-0.011669407282590595,0.0,90.52,0.39784583948917807,-0.04212709393655817,-5.294913828989232,1.5638613576523221,0.4244343325817477,-0.043784005558776734,-5.358361795813957,0.3593401298696154,-0.023293785159324003,-0.02,1.560371192274963,-2.0,-300.0,0.0,0.0,0.0,0.0,1.5707963267948963,81.0,0.036457882036957864,0.057115907963676715,0.05457248833310784,0.22931205703987498,0.3525264271550303,0.04656881948898703,0.13453068677156999,0.20469562256638102,-34.941051597439056,0.1501623918347958
90.703,-2.444901816830636,0.055478630894716385,5.537,-0.26,-0.04,0.02,1.569053147281755,0.015982375097361775,-0.043989416271173,-0.03816113052862506,-2.4814131547678637,-299.9469005648475,0.0,0.0001952863130605111,-0.014831539378048663,0.0,90.619,0.4395887251139265,-0.03650746739529273,-5.318568567686876,1.5559731616684591,0.4599006182025783,-0.041176460740000545,-5.35696125181911,0.25914393390925117,-0.015341183250549915,-0.02,1.5553286810261802,-2.0,-300.0,0.0,0.0,0.0,0.0,1.5707963267948963,84.0,0.03661998495107294,0.057575974637911614,0.05448836180236194,0.22987696594840315,0.35274492335157825,0.0467936303681615,0.13466146134495052,0.20522075116377123,-34.909630199745905,0.15051880543565532
90.8,-2.472168377600795,0.05547862323654895,5.535,-0.16,-0.05,0.02,1.5659278771516423,0.005117559337380061,-0.040478047587227124,-0.04576986648919977,-2.50020011708019,-299.94844724529196,0.0,0.00018267546332670175,-0.018009126088963396,0.0,90.718,0.47271263339129194,-0.032144176294846116,-5.337534936815896,1.5586184738133155,0.48177962249956263,-0.0334185555803164,-5.353392994974273,0.15934470392054292,0.010208973395680963,-0.02,1.5543293767265662,-2.0,-300.0,0.0,0.0,0.0,0.0,1.5707963267948963,82.0,0.03639703187451187,0.056936656305012566,0.05421623485427045,0.22877332025755992,0.35224424894251216,0.04632752677460761,0.13430774098735648,0.20410397888316414,-34.97726784006603,0.14976502330521685
90.9,-2.4812572344154065,0.055478621841832165,5.533,-0.07,-0.05,0.02,1.5631435295243306,-0.014096635037852235,-0.05275713571059785,-0.03507919957681372,-2.5151607163028586,-299.9505927868349,0.0,0.0001399745847225703,-0.02186614320937754,0.0,90.817,0.49484779095842474,-0.04577099486984432,-5.358222346148842,1.5562637792519587,0.4921411628905201,-0.03760295106270299,-5.353827258344289,0.06892079887582403,-0.00609980282171093,-0.02,1.55156153498918,-2.0,-300.0,0.0,0.0,0.0,0.0,1.5707963267948963,83.0,0.036413950279103866,0.05686616170481767,0.05414662528188352,0.22859681289194272,0.3521626437515145,0.04632179408180257,0.13428730008548403,0.20394541124100002,-34.982018911024895,0.14964278299836406
91.0,-2.490346085034286,0.044382826174055534,5.531,0.01,-0.05,0.02,1.5607435489681105,-0.003512104823449806,-0.05541865750506558,-0.03742628802806666,-2.5211818487743467,-299.95297123236094,0.0,7.39140112197201e-05,-0.024626100130013536,0.0,90.916,0.5035883158341938,-0.04100132987248019,-5.353082739148711,1.5561194358748665,0.4961526523076458,-0.04229715862089589,-5.352365481998083,-0.011101347528121058,-0.019054055096699996,-0.02,1.554848615156461,-2.0,-300.0,0.0,0.0,0.0,0.0,1.5707963267948963,84.0,0.0364622003134521,0.05694690509597515,0.054143508992638756,0.22869875842504203,0.352220511321523,0.04644057408892239,0.13435009882593943,0.2040730482947435,-34.97170597908993,0.14972420900026467
91.104,-2.490346080997903,0.044382826217728155,5.529,0.08,-0.05,0.02,1.5595893031593897,0.0,0.0,0.0,-2.5174742748368493,-299.9560984989874,0.0,8.765363499223089e-06,-0.027329378742004317,0.0,91.015,0.5095164051186428,-0.03479572671461213,-5.3603122462161945,1.554929721507343,0.49278643802450417,-0.03920597898411328,-5.352071513810927,-0.08095874499015021,-0.010157731642194578,-0.02,1.5548604893796407,-2.0,-300.0,0.0,0.0,0.0,0.0,1.5707963267948963,89.0,0.03675561180274223,0.05775288061237603,0.05433538575177125,0.22992468615060901,0.35276408889827443,0.04700207936095233,0.13473001532730236,0.20530794057484916,-34.89360408156194,0.150551722638522
91.2,-2.490346080997903,0.044382826217728155,5.527,0.16,-0.06,0.02,1.5593420742687325,-0.0008689794642288752,-0.050520924281002376,-0.014694138565118102,-2.5088713995775653,-299.9583711728411,0.0,-2.3821554503716724e-05,-0.029214091349968902,0.0,91.114,0.5072441692101083,-0.02810190284912944,-5.3571502448473804,1.5620361205622177,0.4828846817969592,-0.030061784453742094,-5.35575745715297,-0.16051338268704327,0.02000278393821403,-0.02,1.5579615710975478,-2.0,-300.0,0.0,0.0,0.0,0.0,1.5707963267948963,86.0,0.03633285784077319,0.056601964925926236,0.05402548289035514,0.22818757325151767,0.35200657127017754,0.04624204709434158,0.13419743191667793,0.2035680842501997,-35.004657655408835,0.14938894575364836
91.3,-2.4812572244625173,0.03328703608795225,5.526,0.22,-0.06,0.02,1.5598624321308474,0.0,0.0,0.0,-2.4918108757606277,-299.9614308439346,0.0,-4.859279072104315e-05,-0.031226115384506724,0.0,91.213,0.4938882527844152,-0.018096042821983405,-5.3409580344621395,1.5616089291777888,0.4646340852435088,-0.0181459037117501,-5.356939636719483,-0.2201917695634069,0.04350808860309295,-0.02,1.5591687527515732,-2.0,-300.0,0.0,0.0,0.0,0.0,1.5707963267948963,87.0,0.036373240420955945,0.05651328933628017,0.05405757881694877,0.22809760292740075,0.3519737550456506,0.046339599118408764,0.13426445328054984,0.203527328881219,-35.00043036021361,0.14933386368187473
91.4,-2.4539906604161175,0.0332870428622023,5.525,0.28,-0.06,0.02,1.5607549884032945,-0.029649573727384033,-0.060835568586709,-0.002613590381258187,-2.468400474836146,-299.964631874697,0.0,-5.646526987098599e-05,-0.03162314135769346,0.0,91.312,0.4707654088614637,-0.010408390254197611,-5.329558070993003,1.5623166028068916,0.43946940265478973,-0.007229035622682891,-5.353164781871511,-0.2799961264102716,0.06039381313806722,-0.02,1.560960533015595,-2.0,-300.0,0.0,0.0,0.0,0.0,1.5707963267948963,88.0,0.03635603637844855,0.05670707725131599,0.05399883397149854,0.22840188175723608,0.3521153885666741,0.04634139984514861,0.13427331807273218,0.20378284380339468,-34.99691584570864,0.14954744580881368
91.501,-2.4267240963697185,0.03328705039591995,5.524,0.33,-0.05,0.02,1.562004940645073,-0.03222908887430737,-0.08211156004242964,-0.00021732789959428775,-2.4330344916848357,-299.96833142170715,0.0,-4.844526150172412e-05,-0.028559290908392775,0.0,91.411,0.44821726236439674,-0.022608535214609267,-5.341940992325159,1.5658894457383108,0.4089181068362848,-0.01531515646427371,-5.351330735457303,-0.3302022820365611,0.018542070311599018,-0.02,1.5643661754578913,-2.0,-300.0,0.0,0.0,0.0,0.0,1.5707963267948963,90.0,0.03657197664272572,0.057112426995741816,0.05419328476997104,0.22894086689080273,0.35233638288095387,0.04676883545185168,0.13454618981424665,0.20438109930445922,-34.94406618427568,0.14989711162919198
91.6,-2.3994575347998794,0.03328705815752464,5.522,0.37,-0.05,0.02,1.563344345023159,0.0011192900045070221,-0.07644245903051251,0.00655734981004014,-2.4057212027421895,-299.97050148010635,0.0,-3.4577104999435095e-05,-0.024903955501949814,0.0,91.51,0.4180863792207774,-0.010540307819323205,-5.304354776793688,1.567086883919289,0.3753157671927878,-0.010451718677600107,-5.344737720040515,-0.37005959037681657,0.02563651034404186,-0.02,1.5683504432688533,-2.0,-300.0,0.0,0.0,0.0,0.0,1.5707963267948963,90.0,0.036527703781286294,0.05682039074894625,0.054239611994574284,0.2284548550827881,0.35211865134101,0.04665416845597164,0.13443563018158625,0.2039334809874662,-34.96035269334729,0.14956761700839105
91.7,-2.363102117614948,0.033287067348556576,5.52,0.4,-0.04,0.02,1.5655680210937302,0.0016612010717676183,-0.08262252903071766,0.017184476384043624,-2.36818969675712,-299.97276394129204,0.0,-4.127904972242888e-06,-0.02023804911311098,0.0,91.609,0.3817313838137742,-0.0031803231496232154,-5.302729716504285,1.5702781915540867,0.33725457316745,-0.00321592759751624,-5.33864614436442,-0.3999998239812918,0.029673855090573596,-0.02,1.5708133727214995,-2.0,-300.0,0.0,0.0,0.0,0.0,1.5707963267948963,91.0,0.03630949500519855,0.05656618210513257,0.05409658502707305,0.22812045311581042,0.3519824993221742,0.04622114526527048,0.13414470912685372,0.2035063711122833,-35.00558873037507,0.14935114150628814
91.8,-2.326746693551665,0.02219128487152,5.517,0.43,-0.03,0.02,1.5678916285422184,-0.004581148251506551,-0.08237201383808387,0.015432966259257936,-2.3277416329529634,-299.9745171128603,0.0,2.1740627600733483e-05,-0.01575468896902581,0.0,91.708,0.3423432596232712,-0.013938327432164194,-5.296616631701646,1.5768641948996047,0.296370851487761,-0.0050288718126477745,-5.3343734109966245,-0.42992046758484936,0.010292189882858162,-0.02,1.5748318834056991,-2.0,-300.0,0.0,0.0,0.0,0.0,1.5707963267948963,92.0,0.036517028230193156,0.05668671736638343,0.0542234454625004,0.22832147489950286,0.35207229830412656,0.04661157419560168,0.13442978375223677,0.20381666405646512,-34.96838140128895,0.14948842653865446
91.9,-2.2813024224285225,0.02219129658277197,5.514,0.44,-0.03,0.02,1.5704082616455872,0.0,0.0,0.0,-2.285291082668171,-299.9757511451733,0.0,3.60489856559713e-05,-0.011328978834630023,0.0,91.807,0.3039022500626033,-0.0074295929394077725,-5.3104043895174025,1.5713141146340834,0.2553833045561523,-0.0075056575704087955,-5.331724313315737,-0.43987922142646374,0.0020278117309454197,-0.02,1.5751141092224081,-2.0,-300.0,0.0,0.0,0.0,0.0,1.5707963267948963,93.0,0.03657545820955246,0.056716946761673714,0.054312252532597895,0.22835087365316714,0.35207931890420746,0.046706341116236706,0.13447784967595586,0.2038741396205205,-34.95667675206681,0.1495036158518115
92.0,-2.2449470049212747,0.022191305414389628,5.511,0.44,-0.02,0.02,1.5726298710240538,0.010762551999867337,-0.06792472711825562,0.01352957628904491,-2.2417320575529005,-299.9764829397975,0.0,3.5485412616972216e-05,-0.0073290636395817186,0.0,91.906,0.26513082811277766,-0.0009491149076450295,-5.3144664566378825,1.576150824657635,0.21440007738728828,-0.004609457181303473,-5.326746855809581,-0.439852199121919,0.003235236663423246,-0.02,1.579612260908113,-2.0,-300.0,0.0,0.0,0.0,0.0,1.5707963267948963,94.0,0.03643830589143751,0.05671734399271229,0.054185854415916015,0.22835519681212224,0.3520800858922165,0.04645526006599599,0.13432414353961017,0.20378826358303126,-34.97985166376081,0.1495057820832735
92.1,-2.1995027302391117,0.02219131670646224,5.509,0.44,-0.02,0.02,1.5748878960174066,0.004709490530973952,-0.06418971080064813,0.019693362294686826,-2.197913200305201,-299.976783333125,0.0,2.652142437822796e-05,-0.004087804768757079,0.0,92.005,0.21880443595653273,0.006660306018443918,-5.294089565401541,1.57764256312176,0.17210181109921135,0.005104544237908345,-5.323077575258495,-0.44006113638491784,0.026880638448196357,-0.02,1.5796813709061222,-2.0,-300.0,0.0,0.0,0.0,0.0,1.5707963267948963,95.0,0.03649103248112341,0.05673162087179077,0.05422418188605968,0.22835647727009437,0.3520755341023907,0.046557276521904147,0.1343933432299249,0.20382334728583573,-34.9705658784725,0.14950244258407994
92.2,-2.1631473123320237,0.022191325779665316,5.506,0.43,-0.01,0.01,1.5770531418409686,0.0,0.0,0.0,-2.1546062722225496,-299.97670409304055,0.0,7.758269696180615e-06,-0.0009426945573560441,0.0,92.104,0.17674096959212468,-0.009196811112214348,-5.293891419621789,1.5887704220143386,0.12813808761182896,-0.003361350003927362,-5.321075034151164,-0.4297510277877266,-0.005467859552481734,-0.01,1.586891036807134,-2.0,-300.0,0.0,0.0,0.0,0.0,1.5707963267948963,96.0,0.03977726878758717,0.06755106230421978,0.05649551985020198,0.24461557812864967,0.359111658730276,0.05310996781316018,0.13896574563452288,0.22026723253387068,-34.090434504436516,0.16085828384454354
92.3,-2.117703041363927,0.022191336288917896,5.504,0.42,-0.01,0.01,1.5795917567473392,0.0076207929786574445,-0.0513389518276528,0.03271675133280999,-2.1125069886075387,-299.976214414669,0.0,-2.7399560440302768e-05,0.002690736997515501,0.0,92.236,0.11811254661217498,-0.006946731730826661,-5.305119819254382,1.5938434861182218,0.08419581313495547,-0.007903275852067881,-5.314521224408516,-0.41943224638548043,-0.014546783646384656,-0.01,1.5939216539736405,-2.0,-300.0,0.0,0.0,0.0,0.0,1.5707963267948963,64.0,0.0370737039359404,0.057819330446457255,0.05553666360460156,0.22898143877184524,0.3522103594006243,0.047400856494027706,0.13465800359304544,0.20466611120031036,-34.805241996446206,0.14979969282940514
92.4,-2.081347623934202,0.02219134451953586,5.502,0.39,0.0,0.01,1.5838773381572704,0.015322763701604994,-0.05366509953045665,0.04596749447665734,-2.0644703137573157,-299.9750979448949,0.0,-8.0762452571307e-05,0.005435949402784036,0.0,92.302,0.09610449221538771,-0.003993977471070609,-5.300927606573611,1.5812653014550615,0.04919088266545607,-0.007489692403292938,-5.312757988235674,-0.38962432929358215,-0.019158885061479773,-0.01,1.59040198601301,-2.0,-300.0,0.0,0.0,0.0,0.0,1.5707963267948963,98.0,0.03644121829226699,0.05671797737441117,0.05488982877240335,0.2283254176183329,0.352132105268755,0.04630033067831771,0.13414193271489436,0.20382507927573312,-34.95216498221494,0.14953118563087012
92.5,-2.0449922085036745,0.022191353061160157,5.5,0.37,0.0,0.02,1.587057023369942,0.011452030576843615,-0.037393750654519824,0.0131440403145029,-2.034398330432432,-299.97412022555653,0.0,-0.000114761390880218,0.006744155288682496,0.0,92.434,0.04677531002611784,0.0015405626480623075,-5.235832170513363,1.5945897030680218,0.011920622138330682,-0.002275241392524453,-5.3042121433472715,-0.3699671289997459,-0.0013827681359745592,-0.02,1.594563731952106,-2.0,-300.0,0.0,0.0,0.0,0.0,1.5707963267948963,66.0,0.0364444712975536,0.05693961568993781,0.054594874921324886,0.22899111940491299,0.3524454779660095,0.04635412193324725,0.13430916549990218,0.2043933239532376,-34.95543751260543,0.14999953843861608
92.6,-2.0086367883921312,0.022191361307362545,5.498,0.34,0.0,0.02,1.589319280409489,-0.004507732677966245,-0.034921406623237485,0.023022688555859136,-1.999436221193445,-299.97273466402976,0.0,-0.00015558853394820113,0.00820979166188603,0.0,92.5,0.019896688259674757,-0.019681569168821314,-5.277250245040481,1.5886237314836558,-0.019042880863708353,-0.014846592327485395,-5.303085336150886,-0.33927355055810393,-0.03167154036617152,-0.02,1.5937292841905164,-2.0,-300.0,0.0,0.0,0.0,0.0,1.5707963267948963,100.0,0.03968992732734647,0.06766932878444716,0.05671052929475629,0.2451299022912713,0.35940353508282036,0.05286585542211045,0.1388816535242202,0.2207129949047684,-34.089981900706654,0.161282882504918
92.704,-1.9813702244232543,0.022191367860346922,5.495,0.3,0.0,0.01,1.5912232967701296,0.01449334965324979,-0.026321715544945248,0.011873753788850437,-1.9618265237990973,-299.9708944438473,0.0,-0.00020337127695940993,0.009699806258697192,0.0,92.599,-0.011914227844315558,-0.018477690170998463,-5.232760803410206,1.5952436089536164,-0.05300886219002246,-0.021821748603152398,-5.296221261495688,-0.2989240411171278,-0.0411046268748557,-0.01,1.596966452175644,-2.0,-300.0,0.0,0.0,0.0,0.0,1.5707963267948963,105.0,0.03732507339815884,0.05882514285795007,0.05585327914156955,0.23073958390573526,0.3530004865949141,0.04784213878926601,0.13503809310479833,0.2063474032778518,-34.72230921407406,0.15099559458891898
92.8,-1.9541036635633457,0.02219137335610144,5.493,0.26,0.0,0.01,1.5928626573320968,0.01932725065935657,-0.015891924828211525,0.01725179670312535,-1.9396134971740566,-299.969626397615,0.0,-0.00021794726334450654,0.0098496040424911,0.0,92.731,-0.05634507566904851,-0.023672935422703684,-5.340074157971817,1.5747895297166856,-0.07830259455756453,-0.026820390379657173,-5.301375236398679,-0.2592761339445623,-0.045338338240218365,-0.01,1.5867608412934784,-2.0,-300.0,0.0,0.0,0.0,0.0,1.5707963267948963,69.0,0.038051861598014526,0.06055584094702758,0.05702688987574107,0.23255010110664895,0.3536620549285907,0.04912358452829477,0.1356818426107096,0.20834610780494806,-34.523435678050646,0.15212748247072172
92.9,-1.9268370996719917,0.02219137930808568,5.491,0.23,0.0,0.01,1.5927001154657943,0.018524969140134753,-0.007470088728205366,-0.030965942916772002,-1.9152372151894297,-299.96813933731056,0.0,-0.00019688157152812513,0.008910682732241949,0.0,92.83,-0.07722762490053423,-0.02323185879537852,-5.309344682767005,1.595076141932157,-0.10037106486962935,-0.029951704105088184,-5.304195774068205,-0.2290539518169168,-0.04333245301431821,-0.01,1.5926251836640999,-2.0,-300.0,0.0,0.0,0.0,0.0,1.5707963267948963,70.0,0.03656662116011098,0.056912063377006,0.05578987557171701,0.22863440886347622,0.3522959552240089,0.046471081815657476,0.13420537042079572,0.20424538683565172,-34.88888594134188,0.14974877686000285
93.0,-1.908659386559668,0.02219138321828673,5.488,0.19,0.0,0.02,1.5918560261514527,0.01181295776097448,-0.005056754837164128,0.0003002835258687857,-1.8947319643710478,-299.9669155029064,0.0,-0.00014048759845041096,0.006688603857782815,0.0,92.929,-0.09997497361431106,-0.02349022742289418,-5.2847710859399175,1.5937066886814315,-0.11831442963813701,-0.028819225033982175,-5.300894054218865,-0.1892485263136946,-0.031372630780800076,-0.02,1.5947449086234946,-2.0,-300.0,0.0,0.0,0.0,0.0,1.5707963267948963,71.0,0.036340966562946025,0.05685661821761141,0.05503043362037389,0.22927175425300467,0.3526561057064648,0.04616152903161011,0.13424086007348718,0.20466505097642393,-34.950797655872634,0.15025111596196594
93.1,-1.8904816791606083,0.022191386656673195,5.485,0.15,-0.01,0.02,1.592734026783381,-0.0012995063937921408,0.0018850551013234714,0.011290111269287507,-1.8781533339762306,-299.9660772646124,0.0,-7.076061761015276e-05,0.00325354170320509,0.0,93.028,-0.12608345041567046,-0.02811908566850283,-5.349709305707588,1.5843429288916906,-0.1350362456672522,-0.029062099178581643,-5.308762809492931,-0.1495125822254611,-0.017393566678096772,-0.02,1.5885875969805534,-2.0,-300.0,0.0,0.0,0.0,0.0,1.5707963267948963,72.0,0.03622428163867338,0.05675547891823292,0.05451324198467036,0.2291333623237573,0.3525379441948047,0.04607520713926042,0.13424930299197166,0.20443597641280056,-34.988529100551396,0.15011393968690248
93.2,-1.8813928256997594,0.02219138871404125,5.483,0.11,-0.01,0.02,1.5924843466517067,0.0,0.0,0.0,-1.8654999896484186,-299.96565803935016,0.0,-8.334993736697826e-07,3.850766147831455e-05,0.0,93.127,-0.13482799933612621,-0.026707301389658086,-5.295237830321597,1.5950529800920723,-0.1450754987069378,-0.02837988767043436,-5.305381867552818,-0.10948287844384753,-0.011734453285827338,-0.02,1.5945845492470174,-2.0,-300.0,0.0,0.0,0.0,0.0,1.5707963267948963,73.0,0.03619529051662781,0.05670218563709376,0.054156538795122604,0.22885598727495057,0.35234757718760634,0.04602919845715675,0.13421009793956484,0.20411308316699858,-35.010563045157845,0.1498728731977269
93.301,-1.8723039717615484,0.022191390854526816,5.481,0.07,-0.02,0.01,1.5922621200468878,-0.007496703068212204,0.014558387094136009,0.0063315991069709575,-1.8553921427718119,-299.9656408075266,0.0,6.418728963446263e-05,-0.002971396460431848,0.0,93.226,-0.14377550689237473,-0.026654474531139997,-5.279674591104449,1.5959811540012334,-0.15204095716519156,-0.027885555605095348,-5.3039088515948265,-0.06956235881444377,-0.0009600092631125365,-0.01,1.59167311161323,-2.0,-300.0,0.0,0.0,0.0,0.0,1.5707963267948963,75.0,0.0362896375834391,0.05694821295717746,0.05401073893609917,0.2290336152515943,0.35238237146024975,0.04622639097307515,0.13431546579640763,0.20428445288104316,-34.99472108722634,0.14995775649015158
93.4,-1.8723039717615484,0.022191390854526816,5.48,0.04,-0.02,0.02,1.592686672755752,0.0,0.0,0.0,-1.8516209568769644,-299.9658600274446,0.0,9.423815908372933e-05,-0.00430701543581153,0.0,93.325,-0.1478022166398043,-0.026778219688725194,-5.228560329690701,1.6047637878153052,-0.1547088265688491,-0.02711596282142697,-5.2952659492652145,-0.039475022456391576,0.0013924022410370766,-0.02,1.5990019193047091,-2.0,-300.0,0.0,0.0,0.0,0.0,1.5707963267948963,75.0,0.036252424630622046,0.056732013254264614,0.05387716332599763,0.2285402769969766,0.35214380797861455,0.04615233474895001,0.1342177980412277,0.20381588336888629,-35.014394789050826,0.14961033935855167
93.5,-1.8632151133871149,0.022191392520804598,5.478,0.0,-0.02,0.02,1.5934735937651732,-0.006576060427948734,0.017903534760600723,0.020772223415025888,-1.85017135346968,-299.96642649445954,0.0,0.00012480674581691993,-0.005402287220627009,0.0,93.424,-0.1523221923317291,-0.00513409452333119,-5.206909459627851,1.6054711992888993,-0.15242955834251987,-0.006639259876653026,-5.281966591085057,-0.0010810464206228066,0.05173625993638094,-0.02,1.6048466085316444,-2.0,-300.0,0.0,0.0,0.0,0.0,1.5707963267948963,76.0,0.03622430653754377,0.056597288717851364,0.05378333092606878,0.22826797482020147,0.3520234750712328,0.046088641129160314,0.1341460367438399,0.20355421750479596,-35.02790467450077,0.14942733317113874
93.6,-1.8723039690022074,0.022191390711643777,5.476,-0.02,-0.02,0.02,1.5966421338405945,-0.03401352743348633,0.028484455728305356,0.037557737449458194,-1.8525711118005146,-299.96698177694014,0.0,0.00011296731872976441,-0.004262416345515971,0.0,93.523,-0.15821843058355145,-0.028320885344255947,-5.3499995696732805,1.5838005841969895,-0.1523999763160357,-0.01972235668093516,-5.290530101185944,0.02023221155799277,0.010712246427091123,-0.02,1.595793026967626,-2.0,-300.0,0.0,0.0,0.0,0.0,1.5707963267948963,77.0,0.036324235702554976,0.05687302288183947,0.05380910449220622,0.2286127683245187,0.3521730329667948,0.046241717307319685,0.13422751881026054,0.2038943767728663,-35.00508111238355,0.14965966151782745
93.7,-1.8723039690022074,0.022191390711643777,5.474,-0.05,-0.02,0.02,1.5979137728598456,-0.0018569080225925442,0.022148984873244966,-0.008038227117227782,-1.856665787300688,-299.96734165004426,0.0,5.506340844081816e-05,-0.002002642354804268,0.0,93.622,-0.15001600660798128,-0.023812850120575955,-5.2745176300401635,1.5999921666582813,-0.14681623358539786,-0.022161745625195864,-5.291188093841313,0.05046730394867187,0.0027321806547688857,-0.02,1.5978518519529223,-2.0,-300.0,0.0,0.0,0.0,0.0,1.5707963267948963,78.0,0.036346724580141904,0.05693139365661722,0.05384707058242119,0.22860752802816503,0.3521663069609164,0.046275096733331716,0.13422183048379038,0.20390116896743488,-34.99824378542971,0.14965297351914847
93.802,-1.881392822940418,0.02219138857115821,5.472,-0.07,-0.02,0.02,1.5974882236358263,0.008383786371669064,0.028992086448128868,0.0008410121750931821,-1.8661039734716809,-299.9675993883791,0.0,-4.424886676392324e-05,0.0016241155185535757,0.0,93.688,-0.15001154419435053,-0.02254166305200083,-5.264038389230814,1.5980614876152848,-0.13905007195372243,-0.02203510725555763,-5.290502436166159,0.07049241570583652,0.0024615200679685666,-0.02,1.5988652576223175,-2.000000013984922,-299.9994665629343,0.0,-1.291633917685049e-08,0.04833426786519032,0.0,1.5707965940243334,114.0,0.03646319999219984,0.05709956954264625,0.053935033828251745,0.2289202902509833,0.3523237086606006,0.04651038912017354,0.13438389830189296,0.20425765706155902,-34.971216292315034,0.1498771975646481
93.9,-1.8904816760014276,0.02219138713511004,5.47,-0.09,-0.02,0.02,1.5976984231409173,0.006717169833507676,0.027205182829656123,0.0038810824636894875,-1.874389386205233,-299.96760700204663,0.0,-9.841476404088592e-05,0.003562518007818661,0.0,93.82,-0.13913712315723456,-0.018561122101960884,-5.2698676556088815,1.591705307120893,-0.1291296934240355,-0.01892732196592515,-5.282542092549972,0.09029070472088899,0.009410364610266144,-0.02,1.5982412498687928,-2.000000022168699,-299.9903780293397,0.0,-5.520632130851348e-08,0.1499985128873622,0.0,1.5707966948406875,80.0,0.03781305249913757,0.06019403317500337,0.055649550430655975,0.23215766113727515,0.3534610047307081,0.04884053576488175,0.13560900123521122,0.2077570816720938,-34.621283526124856,0.15184691296883818
94.0,-1.8904816732420862,0.022191386992227002,5.467,-0.11,-0.02,0.02,1.5979309725251536,0.0,0.0,0.0,-1.8894263712144495,-299.9674416529937,0.0,-0.00016711858589010264,0.005932507979727403,0.0,93.919,-0.12985175159042067,-0.0068926081506500425,-5.2903759221807505,1.5880144368610958,-0.11892164482974843,-0.008675660186020336,-5.286183226302171,0.10974724836023945,0.03293993042610693,-0.02,1.5903265325243763,-2.0000000563781923,-299.9652008014576,0.0,-1.7142659651502187e-07,0.24999625169362472,0.0,1.5707970125115638,81.0,0.0366226373579851,0.05684069499950301,0.05499028411033306,0.22813088347584543,0.3519816668333345,0.04660542760370716,0.13422990005684035,0.20372053925525216,-34.91988443585932,0.14934372174669538
94.1,-1.9086593806411458,0.022191383174106516,5.464,-0.13,-0.01,0.02,1.5978778089073042,-0.007774228461574649,0.029811626693415298,-0.004399932129195121,-1.9009810772486246,-299.96722662899003,0.0,-0.0002137145712062843,0.007518916580784904,0.0,94.018,-0.11057606599581538,0.023685008080934086,-5.266445456569905,1.5954893112281059,-0.10347077389534429,0.01710929188825297,-5.285850851429631,0.12840511756952389,0.0835825433289295,-0.02,1.5924676726487303,-2.0000000946438767,-299.9400230807273,0.0,-3.5116591571392616e-07,0.3499888173852286,0.0,1.5707973301581422,45.0,0.03433066736065307,0.0499167884058723,0.05401110044987044,0.21631102662730187,0.34652922760987653,0.04226703030407529,0.13087230067057995,0.19237450621998164,-35.53832318975378,0.1413994835095447
94.2,-1.91774823713344,0.022191380660508297,5.46,-0.14,-0.01,0.02,1.595809563123856,-0.04918015029043262,0.03965216490229266,-0.013031841655043765,-1.916876440583666,-299.9667424359678,0.0,-0.0002908829322400028,0.010933316939290767,0.0,94.117,-0.09943957642659645,0.0653525537186874,-5.275166760569139,1.5906081438664055,-0.0875273607372572,0.06602569503074196,-5.285103298013469,0.1364007552373816,0.18842412572110587,-0.02,1.5909660020464398,-2.0000001576560797,-299.89984583887997,0.0,-5.944671763437027e-07,0.4499864022086111,0.0,1.5707976478729857,83.0,0.03658433213601233,0.05636085213819518,0.05573201183538189,0.2268328612650775,0.3512281147748013,0.04640544240857232,0.13394579060387907,0.20253029161839717,-34.912308223528115,0.14829418140957132
94.3,-1.9359259413733187,0.022191376941091523,5.457,-0.15,0.0,0.02,1.5943357824024298,-0.10447051862465082,0.03585565849500578,-0.014110572146119743,-1.9340646308904772,-299.9656530578167,0.0,-0.0005091067475240361,0.020045043141983104,0.0,94.216,-0.08375228533085688,0.11851634164794657,-5.248428047410283,1.590084375657602,-0.07105801970537315,0.12913698793351494,-5.286197937026122,0.1447807497622344,0.3014614685123445,-0.02,1.588107755930742,-2.0000002270767263,-299.8496574324769,0.0,-7.820397165976753e-07,0.5499993569520953,0.0,1.5707977486869529,84.0,0.03644532376720477,0.05707489155981468,0.05523253667867249,0.22923212085999764,0.35255849120918487,0.046517864888999866,0.1343806717756121,0.2047033696373874,-34.914080615686,0.150144720807685
94.4,-1.9541036513264618,0.02219137312959285,5.455,-0.16,0.01,0.02,1.5925695552167034,0.0,0.0,0.0,-1.9521579911061275,-299.96310468674636,0.0,-0.0009544517981739605,0.03986348961288939,0.0,94.315,-0.06616729083876649,0.16700086417037224,-5.287270116833675,1.5815850359078882,-0.05235494144811982,0.1908231746622016,-5.283789685317858,0.15409295954438398,0.3920320854805496,-0.02,1.5854882273855004,-2.0000003435362617,-299.7894800745277,0.0,-1.1307438277159674e-06,0.6499957260767067,0.0,1.5707980664122239,85.0,0.036444168294933584,0.05784757585230687,0.05509463031415912,0.23046834484607737,0.3530847052340838,0.046900123329181476,0.13471995632687264,0.20584349297148885,-34.88015245165735,0.15097611736184588
94.502,-1.9722813586479988,0.022191369912472503,5.452,-0.16,0.05,0.01,1.5904073799636704,-0.1760463487770647,0.03827253736082672,-0.02046648642304904,-1.9745207158693863,-299.95620506054115,0.0,-0.001817467016063756,0.0837535729958109,0.0,94.414,-0.043102660504135054,0.2344865197940132,-5.222523656385621,1.6022108501110865,-0.033535494252111435,0.2686394591859901,-5.277459326048984,0.14896560916122004,0.48292794692463253,-0.01,1.5914985895881617,-2.0000005292465226,-299.7043030330508,0.0,-1.5430303649091096e-06,0.7499954175743971,0.0,1.570798384181287,88.0,0.0365919046814895,0.05827036031675292,0.05495324914856395,0.23101060063097642,0.35329053129168553,0.04712656656832282,0.1348934173622336,0.2063515064000738,-34.85638214207701,0.15131988775185046
94.6,-1.9904590683219163,0.03328715686599937,5.45,-0.16,0.1,0.01,1.5898269164052345,-0.1982321705765246,0.032556134901957315,0.005550389629684869,-1.9895216231215653,-299.94791591956016,0.0,-0.0027592301038927907,0.12770911347238173,0.0,94.513,-0.029054383739994877,0.31269018482985494,-5.242148995729855,1.5877377100325727,-0.016844841839111654,0.35404716856007523,-5.273795395151531,0.14565433878825168,0.5710743070633766,-0.01,1.5921702289385065,-2.000000688410848,-299.6391253565543,0.0,-2.0188223834389207e-06,0.8499884441875342,0.0,1.5707987019123435,87.0,0.036553218701156916,0.05840960226441086,0.05502592788185783,0.2308786388154504,0.3531668761643701,0.047271340107469355,0.13491777872703847,0.20624484706652957,-34.84952597831781,0.15118214151673004
94.7,-2.0086367798328664,0.05547873815657933,5.448,-0.16,0.18,0.01,1.5906507401403525,-0.21426472271736619,0.02872486432978172,0.005866137988363112,-2.0080606721295364,-299.93169024360594,0.0,-0.004552453328217422,0.2008073644461671,0.0,94.579,-0.017265968317408908,0.3629618439543593,-5.263460566475033,1.5827272230952343,3.4834696547902445e-05,0.42720306503980376,-5.273362219693494,0.14677619419804322,0.5894997223548142,-0.01,1.5879795744135967,-2.0000009294565335,-299.5488981358366,0.0,-2.5582296876107435e-06,0.9499862492968242,0.0,1.5707990197072303,71.0,0.036590440698772195,0.05852051395860391,0.05517928600287014,0.23082082269857193,0.3531140708354978,0.04738493832571,0.13492906980393693,0.2062272499798456,-34.836064518186255,0.15112077285232126
94.8,-2.0268144929811607,0.07767031781513145,5.446,-0.15,0.27,0.02,1.590434615561042,-0.1818701983338165,0.03139710597177971,-0.01245810756376023,-2.0295986429191113,-299.9008850929695,0.0,-0.007145070506831956,0.31547480527701016,0.0,94.711,0.008206558496354032,0.47436635578334596,-5.222943569412314,1.5877415649755011,0.018764607694645496,0.5178152783330295,-5.274066061688954,0.1381732504979725,0.6430358055004164,-0.02,1.5837488178624541,-2.000001263068119,-299.4277097507421,0.0,-2.9334327885264776e-06,1.0499994282651883,0.0,1.5707991205419307,89.0,0.03829258661095061,0.06261187370433105,0.057076120684266825,0.23539487222826228,0.3548115112007313,0.0502902474497471,0.1365185910673219,0.21111264151795928,-34.415458166587044,0.15401824000275077
94.9,-2.035903353356332,0.11095769251351939,5.445,-0.14,0.39,0.01,1.5889498396453003,-0.17758427937601196,0.025799039720370343,-0.022158242301184322,-2.043296978022357,-299.8718708062673,0.0,-0.008745146109050238,0.4072899934987218,0.0,94.81,0.02776366978962226,0.5613187139281085,-5.310575764722178,1.5747912819339969,0.03570218268737596,0.6141854986613942,-5.275136815871383,0.1311150948287358,0.6817703330795256,-0.01,1.5790860707568066,-2.000001552553464,-299.33853238414446,0.0,-3.5782680326793655e-06,1.1499957056059666,0.0,1.5707994383439357,90.0,0.037231285081552,0.05893100459831166,0.056495280368738375,0.23084703214729285,0.35312984731268554,0.04787916822832707,0.1349892951152714,0.20655631445598052,-34.717519478164206,0.15113433700862028
95.0,-2.0540810732983354,0.15534085650571994,5.443,-0.13,0.52,0.01,1.5864206944268682,-0.18162689616692124,0.022024983722443294,-0.03592057827422179,-2.0594251083996653,-299.82437095740977,0.0,-0.010271904078080983,0.5385886438061498,0.0,94.909,0.04316342977113927,0.6457063298151668,-5.2540113850799885,1.5827634214484425,0.05043156020063458,0.702144206051927,-5.269981522714096,0.12052718565932999,0.69069909204117,-0.01,1.5786204187636663,-2.000001968701755,-299.2183552474155,0.0,-4.286723959921274e-06,1.2499943898788695,0.0,1.570799756189456,91.0,0.037126080892841334,0.05850501851381847,0.056109071541262164,0.23103914682112758,0.3533560262764123,0.0474119101938314,0.1348786592639153,0.20662912160573696,-34.780469227809135,0.15138519061461406
95.1,-2.07225879683533,0.22191560448585212,5.442,-0.11,0.67,0.01,1.5841751834985356,-0.16202425309280172,0.015215736221911861,-0.02439700840964559,-2.074211618884281,-299.76268236958407,0.0,-0.011484205712489953,0.6879487427874333,0.0,95.008,0.05826648621567498,0.711850117881622,-5.219586297902033,1.5853652633144777,0.06480458453728831,0.7783517946063585,-5.2728442826094835,0.10008851911631919,0.6569712078141273,-0.01,1.5782654387936659,-2.0000024442420585,-299.0881776678668,0.0,-5.0586793649680075e-06,1.3499884414486318,0.0,1.5708000739968797,92.0,0.037114912969861254,0.057286818631778626,0.0554583858845623,0.22956365561416445,0.3527342466304134,0.0465221740595973,0.13439050846321454,0.2050809710877285,-34.89470014234189,0.15040452730720372
95.2,-2.081347668631448,0.29958614749805124,5.442,-0.09,0.84,0.01,1.5827144077655413,-0.11624490830298652,0.006037778756262839,-0.014444840672294379,-2.087452847055295,-299.68508390875417,0.0,-0.012805593162558563,0.8535328780774026,0.0,95.107,0.07422065448719976,0.7855135209554573,-5.223773632718975,1.5826464501055082,0.07756032739635199,0.8411232425423187,-5.2690034894443745,0.07746981221949147,0.587733216761407,-0.01,1.5795723823938086,-2.0000030002163176,-298.9480004488034,0.0,-5.894299218763172e-06,1.449986264630312,0.0,1.5708003918673477,93.0,0.03718620473724531,0.05710219873207147,0.055012935152193444,0.22940650196945223,0.3526404302024129,0.04633156463603516,0.13433628954760682,0.20484536668710143,-34.93053889594704,0.15028066278005042
95.3,-2.090436545501302,0.38835248262866706,5.441,-0.08,1.02,0.01,1.5821046624940376,-0.06074535866232585,-0.002132508818179087,-0.004761359868573914,-2.0990329362543414,-299.5902042958613,0.0,-0.01451240186369464,1.0307426322709712,0.0,95.206,0.08911581167204519,0.8549037540781981,-5.236908891936931,1.5925052120291268,0.08854971576771434,0.8978656829466689,-5.264925645223656,0.057425292406562176,0.5194656684556063,-0.01,1.5854592648295374,-2.0000036176881095,-298.7978620532981,0.0,-6.4571829557255116e-06,1.5499993338745304,0.0,1.5708004927211745,94.0,0.03736774096888503,0.057571942810334356,0.05484400587950688,0.2300027374406775,0.3528456235955746,0.04660019839837143,0.13453233209686624,0.20539056183592966,-34.908171408819506,0.1506413699980509
95.4,-2.0995254226396947,0.49931040104397173,5.439,-0.06,1.2,0.01,1.5828693835672478,-0.02767372158969382,-0.004741105758303788,0.01207378740229436,-2.108929135065874,-299.4771715361992,0.0,-0.017587633884256246,1.2145844211453312,0.0,95.305,0.09777042529191397,0.918084456411785,-5.224901880251315,1.5846045123460244,0.09761064405152697,0.9534769575492203,-5.258834782341518,0.038331621818842414,0.46595427047936844,-0.01,1.5838021798365705,-2.0000044826480616,-298.60468477052063,0.0,-7.398261470061297e-06,1.6499964974223011,0.0,1.570800810599245,95.0,0.03750983833579425,0.05719674819411773,0.054560732622440905,0.2293097469315769,0.35251091066607526,0.04637224452074367,0.1343587395835208,0.20470488766106976,-34.94245535438332,0.1501482115954888
95.5,-2.1086143069320995,0.6324599042461205,5.436,-0.04,1.39,0.01,1.5841546496984105,-0.017223221162896332,-0.006397863209791395,0.0042812634114869005,-2.1171860065968557,-299.3455238182565,0.0,-0.021497441496474114,1.4018356982163132,0.0,95.437,0.10926133238145996,0.9312153467152564,-5.255430821898743,1.5871962153746493,0.10363799161910578,0.9706500144718075,-5.258179812036751,0.0161934484369472,0.3272738345973747,-0.01,1.5846584297348145,-2.000005149405445,-298.4675075593086,0.0,-8.40299373237879e-06,1.7499943942968736,0.0,1.570801128520982,63.0,0.037660207712860605,0.05691988194815702,0.0542825079686036,0.22886099385161,0.3523110554838792,0.04617360613938681,0.13422079629247294,0.20425241326154187,-34.97071387962277,0.14984459134115047
95.6,-2.1177031985608714,0.7878009917519906,5.43,-0.03,1.57,0.01,1.584828618043337,0.0,0.0,0.0,-2.12387243756641,-299.19508297020735,0.0,-0.024713034289442447,1.5894350021669936,0.0,95.536,0.11505613052792152,0.9684053709213839,-5.239915601457104,1.5844640119285045,0.10826294641838094,0.9989721157237694,-5.26106787871691,-0.0024286246187989885,0.2498008770427258,-0.01,1.5886143161880777,-2.000006045268099,-298.2874799472472,0.0,-9.471217084789746e-06,1.8499881020859044,0.0,1.570801446404625,64.0,0.03777129046515851,0.05668198204268881,0.05403788631117204,0.2284902086523905,0.35214974806576127,0.04600871792647178,0.1341067057303126,0.20387824178853664,-34.99661274934206,0.14959721794094294
95.7,-2.117703232047779,0.9431420787414055,5.428,-0.02,1.76,0.01,1.5861616097998361,0.04936423080146773,-0.007777773221642723,0.013416812184310982,-2.129935853471038,-298.9900091222927,0.0,-0.02989034764737926,1.8098194649865624,0.0,95.635,0.12589438117302576,0.9811387043888083,-5.23564100679519,1.585926531772839,0.1150934278960635,1.007908212947054,-5.260934701270132,-0.00817415089753341,0.14055837096110557,-0.01,1.5856193850046585,-2.000007263347781,-298.05850295204016,0.0,-1.0603175488798413e-05,1.9499882904599313,0.0,1.5708017643534402,65.0,0.03783889361694982,0.05655224115717145,0.05392633872030784,0.22817529487516966,0.3519773712024546,0.04593406469570841,0.13403009043404698,0.2035640263290206,-35.012499897976326,0.14935595901045848
95.8,-2.126792133842661,1.1317705425371936,5.423,0.0,1.93,0.01,1.5871704752233369,0.0,0.0,0.0,-2.1328545925067592,-298.83880253009346,0.0,-0.03283482698772669,1.9521554892323885,0.0,95.734,0.12966393106661486,0.9907895403734125,-5.1978110062986715,1.5919706941096186,0.11704850478662504,0.9968274209115573,-5.2545239797727135,-0.034030547097231544,0.021555053532034796,-0.01,1.5882322164054656,-2.000008147447122,-297.89746435038063,0.0,-1.135378915171791e-05,2.049999176571726,0.0,1.5708018652308537,66.0,0.042518698922761715,0.06771131451759592,0.056216738234455235,0.2449406210119531,0.3592454620074823,0.052680480743389865,0.1387474780167125,0.22063228903154997,-34.093159067139396,0.1610804602512781
95.9,-2.126792180608202,1.3314948007555887,5.421,0.0,2.1,0.01,1.5876885196801762,0.0,0.0,0.0,-2.135294167399625,-298.63408585726995,0.0,-0.035649447251272726,2.12342220951999,0.0,95.833,0.12946679324971133,1.0426368868154272,-5.2511468546959685,1.5859980831239242,0.11996917303477256,1.0263763862666169,-5.253102646298194,-0.03338989691820611,0.032593627833811034,-0.01,1.5864519906238657,-2.000009370665273,-297.6872870033633,0.0,-1.259121604319187e-05,2.149995660070874,0.0,1.570802183186273,67.0,0.039022771971935405,0.057951135875007366,0.055372419943892325,0.22908311932687175,0.3522176744831306,0.04708169982284606,0.13445240233144695,0.2047777165017602,-34.805921732955845,0.14982997654054914
96.0,-2.126792230184139,1.5534106383626813,5.417,0.01,2.26,0.01,1.588347747051392,0.0,0.0,0.0,-2.136516421697299,-298.36644142981595,0.0,-0.039180931932588786,2.3186500316307144,0.0,95.932,0.13205123828967913,1.026154688287302,-5.254247359156868,1.582480477916758,0.12252364260220683,1.0204571187511449,-5.254549584462055,-0.03817443552975625,-0.03270228303522593,-0.01,1.5834452567989539,2.5828499999475065,1.083060363288046e-12,0.0,2.249999999999863,1.3128951265717538e-12,0.0,5.835089451430372e-13,68.0,0.038670650855007364,0.057022870022860155,0.05484894937310504,0.22874322689160395,0.3523094070853692,0.04630602830952248,0.13415480069458297,0.2043425751673611,-34.91748156844991,0.14980248489805276
96.1,-2.1267922852594117,1.7864222716324465,5.413,0.02,2.42,0.01,1.588088716441069,0.04236003068197773,0.0008302518862991952,-0.012387346878611621,-2.1363270548862645,-298.1751917245331,0.0,-0.040067032948319606,2.4449778931781414,0.0,96.031,0.13322645283104842,1.0310078292038487,-5.318546608437077,1.5825229152407398,0.1230002886984119,1.0130849715071457,-5.262380811799815,-0.04723237644333248,-0.08005364418082594,-0.01,1.5824338359153824,-2.0000121786152283,-297.23698228022465,0.0,-1.5256946967590154e-05,2.349988322827305,0.0,1.5708028191450156,69.0,0.038745602306070506,0.056756783770977974,0.05440544309617888,0.2287750390318292,0.35237902412859917,0.04601974281033283,0.13408775433005785,0.20428884416002324,-34.96116916638718,0.1498735286205397
96.2,-2.1358811948859557,2.030529691537244,5.408,0.03,2.57,0.01,1.586803398155842,0.04593039710108718,-0.0038291186198194855,-0.01913019411847495,-2.134544206903354,-297.86960055760295,0.0,-0.03801136776797764,2.630003258798222,0.0,96.13,0.13308748782250265,0.9959604357889432,-5.261223398456108,1.5915547604581983,0.11956263753750956,0.9845867184739527,-5.265116393817145,-0.06721399313436038,-0.1617051061357455,-0.01,1.5862475207910924,-2.000014110934797,-296.9478053056655,0.0,-1.6685340084864374e-05,2.449988730240273,0.0,1.5708031371691153,70.0,0.03903153008903351,0.057070588613716805,0.054252569932712304,0.22921320635282375,0.352525199543094,0.0461687021139991,0.13421365393159645,0.204681418006113,-34.946478781664794,0.15013399509987613
96.3,-2.1358812583362576,2.29682869991157,5.403,0.04,2.72,0.01,1.5865757028248648,0.07484224280040996,-0.00992417614530543,0.003547211858257132,-2.132375260763088,-297.6537555696441,0.0,-0.038586735723469,2.7488296081611856,0.0,96.229,0.12783908910805233,0.9809349175830882,-5.268697865221082,1.608866735928112,0.11204021966548494,0.9553379571822078,-5.268215568304889,-0.1034435595131375,-0.22771154959852202,-0.01,1.5962467761240415,-2.000015491919286,-296.7466166729279,0.0,-1.7623727479147916e-05,2.5499992907091453,0.0,1.570803238062497,71.0,0.03923204511498806,0.05718406518676766,0.05418480545778751,0.22922511333957055,0.35248034529190114,0.046249261559854704,0.1342476012495628,0.20469312285641753,-34.938903304538364,0.15010204224793883
96.4,-2.1358813208777834,2.5742234970470244,5.397,0.05,2.86,0.0,1.588619702556405,0.09201199024427241,-0.025009302616186262,0.03783224549373276,-2.128669374121916,-297.37090707117255,0.0,-0.04509071567086141,2.890277611396853,0.0,96.328,0.12365243739715276,0.9602830857113437,-5.275973331906369,1.5867834787160342,0.10748477084909305,0.922636369538538,-5.265257267298381,-0.10466037263616004,-0.27493017471067205,-0.0,1.5919378171115255,-2.000017358700803,-296.48643931900637,0.0,-1.9157610408044433e-05,2.649995701836209,0.0,1.5708035560935685,72.0,0.03951532297809815,0.05744092494571958,0.05425631978594515,0.2294572286076898,0.35254717117626416,0.046452678388642865,0.13435134153896602,0.20495293081290425,-34.91310026763671,0.1502310058164127
96.5,-2.1267925353989128,2.8738098830376706,5.393,0.06,2.99,0.0,1.59095076384512,0.09353967954175171,-0.016820413337122836,0.006013821341659399,-2.1240820215576455,-297.07436923910893,0.0,-0.05401469180157627,3.022474925473615,0.0,96.427,0.11949773495809753,0.9153078192281453,-5.235144727594023,1.5906256643608987,0.10276150031059786,0.8809109721799973,-5.262408634886057,-0.11313243071535777,-0.32595744822679107,-0.0,1.590737970538659,-2.0000197974518024,-296.1612622791592,0.0,-2.075524168210843e-05,2.7499954103223008,0.0,1.5708038741681045,73.0,0.039820492049924334,0.057563605472242665,0.05433152317632261,0.2295165664737143,0.3525558840200256,0.04650959928981835,0.13435500653485027,0.20503907092282514,-34.897105731196,0.15025702921287398
96.6,-2.1267926059105218,3.1733962667670164,5.39,0.06,3.11,0.0,1.591364258029733,0.10251543327341371,-0.013506070037483728,0.0010307012901886931,-2.117754450568654,-296.70180795847796,0.0,-0.05760290044801156,3.1684473588723083,0.0,96.526,0.11701537245472865,0.893623533317846,-5.26521997854978,1.5854404819941643,0.09868776236915294,0.8438116632375288,-5.257640991513837,-0.105442555849717,-0.3485121807058875,-0.0,1.5872506650467424,-2.00002153830875,-295.9360846030537,0.0,-2.241632642161646e-05,2.8499884409418086,0.0,1.5708041922044889,74.0,0.03979151594368044,0.05692742883999215,0.05419070890437981,0.22858424348610992,0.35216660641417635,0.046109691089333764,0.13407497951325337,0.20413500861421546,-34.945864422618634,0.1496430071919848
96.7,-2.1177038225987226,3.495174236901489,5.391,0.06,3.22,0.0,1.5908365352686977,0.09372679605956183,-0.005552236859341801,-0.012961225075603022,-2.1131772152816946,-296.44410582981556,0.0,-0.057173601177286634,3.2578854255306857,0.0,96.625,0.10849651701515697,0.8472558388191181,-5.220021519335896,1.5898879229041085,0.09283618920137957,0.8026595919059349,-5.251648059237489,-0.10997022552092384,-0.36661860331556717,-0.0,1.5883071713049324,-2.000023863389263,-295.64590738402916,0.0,-2.4141239489899495e-05,2.949986264447823,0.0,1.5708045103040134,75.0,0.04014656302033295,0.05750627322860296,0.054311157385919205,0.22947782344521947,0.35255970516861246,0.04645215037037183,0.13431741642516673,0.20502580759048394,-34.90163195334309,0.15024854770659668
96.8,-2.1177038979865315,3.8169522047184863,5.39,0.06,3.32,0.0,1.5899585774776082,0.08646251042222727,-0.007247256329785499,-0.008051945554720238,-2.1071610809545795,-296.1123719986206,0.0,-0.055480963305492195,3.361034871997361,0.0,96.724,0.10519494682415491,0.809986392446297,-5.276255308257155,1.5887988973538467,0.08803110761396737,0.7617151411011831,-5.252188793139631,-0.10968116251834026,-0.3686956544478699,-0.0,1.5876283660443384,-2.0000263333728983,-295.3457189860099,0.0,-2.5267479728558463e-05,3.049999306530938,0.0,1.5708046112163632,76.0,0.040415648596030106,0.057515646674461136,0.05435511619635191,0.22944219205091357,0.35253627458385306,0.046448324465165496,0.13429933563424873,0.2050152557085502,-34.895183075217645,0.15021781551064176
96.9,-2.108615120660701,4.160921757952108,5.39,0.06,3.41,0.0,1.5894566039231162,0.07496947900073743,-0.008461519935074506,-0.010151894122165718,-2.1009048199213276,-295.7708234194884,0.0,-0.05500742201209485,3.4553470349118,0.0,96.823,0.0972417948845403,0.7714001271160031,-5.215521344823385,1.5905606523183682,0.08038828294522643,0.7293984157855466,-5.24688162206499,-0.11939203312563815,-0.3466134236325522,-0.0,1.5901816024812372,-2.0000289810835117,-295.03554163112636,0.0,-2.709792873860564e-05,3.1499957076425456,0.0,1.5708049293236785,77.0,0.04069925474767003,0.057472189471980344,0.05437022561638815,0.22938991544986545,0.35251858876545583,0.04641063808391971,0.13427386171238306,0.20498810933509365,-34.89402295505409,0.15018508797505475
97.002,-2.1086152017121624,4.504891309268308,5.39,0.06,3.49,0.0,1.5896526435997822,0.051638678685880214,-0.01259091352711614,0.005088899971247489,-2.093231802946781,-295.3491376046125,0.0,-0.05727170397688769,3.558832444048536,0.0,96.922,0.09393828554363691,0.7385244695311268,-5.251976986202826,1.5883755420947014,0.07548491574795449,0.7009252033281321,-5.247725444653588,-0.11653619240455393,-0.3072309629691339,-0.0,1.5885576681155713,-2.000032395147904,-294.6503645908981,0.0,-2.8992167892386977e-05,3.2499954120479697,0.0,1.5708052474745333,80.0,0.04095765971386648,0.05710155042927148,0.05437161305162994,0.22876207385758482,0.35220698316090354,0.04618713554908724,0.1341003824701569,0.2043923987482999,-34.91203456010737,0.1497234032729067
97.101,-2.0995264236489954,4.859956645516069,5.387,0.06,3.58,0.01,1.5897961604085307,0.025405134287596068,-0.008470450311783114,-0.000806637418002862,-2.0868437951017444,-294.98857643680924,0.0,-0.058579567942716876,3.639815595897096,0.0,97.021,0.0855563898713358,0.6981143508426907,-5.233338481238922,1.58754134458222,0.06916182422312228,0.6607495388136866,-5.2435788900604905,-0.11288288488897424,-0.31591395929697086,-0.01,1.5869963466297121,-2.0000354243242993,-294.3182871162951,0.0,-3.0949863942663054e-05,3.3499905735202518,0.0,1.5708055655862492,80.0,0.041100641590847774,0.05677666737450658,0.05412973179556082,0.22850715955407752,0.3521580452540063,0.04592522857744498,0.13398025920880288,0.20413352784373798,-34.94330805055856,0.14960767172829786
97.2,-2.0995265064123703,5.215021988848765,5.384,0.06,3.65,0.01,1.5892439606275897,0.039449945708866174,-0.0074578756217547814,-0.00546107923924501,-2.081818557414998,-294.6944252851817,0.0,-0.05806864312589286,3.7021131183735445,0.0,97.12,0.07874271436213184,0.6816190043317041,-5.263171424731877,1.588962150580897,0.062202412968127785,0.6464730919981532,-5.250922276666406,-0.1164711565537341,-0.24679367726253654,-0.01,1.5873883194755478,-2.000037994474076,-294.04510969672083,0.0,-3.297140479160091e-05,3.4499862768598124,0.0,1.5708058837618364,80.0,0.041368033079087076,0.05677887162080817,0.053991535714146686,0.2285923552507992,0.3522110198422497,0.04589232912926931,0.13398708801703088,0.20421595335775455,-34.94930618902887,0.14968009838811075
97.3,-2.0904377313567974,5.5922789078403525,5.379,0.06,3.73,0.01,1.588645949089203,0.0,0.0,0.0,-2.0757194573786744,-294.3198602972135,0.0,-0.05698455708252883,3.7776302093878504,0.0,97.219,0.07341421217850136,0.6352428199109018,-5.20901248367447,1.5931470777235588,0.0524681508814409,0.6045261509723054,-5.245680067444264,-0.13188413486544787,-0.2609356723160787,-0.01,1.5915148382433446,-2.0000413566587083,-293.6949212979322,0.0,-3.4285534054312554e-05,3.549999311078096,0.0,1.5708059846936873,81.0,0.04824892879488336,0.06749027679011683,0.05620928617088887,0.24465525948222797,0.3591498783374534,0.05237910075552008,0.13852505150342054,0.22081997163500727,-34.042761379043334,0.16089666195800417
97.402,-2.0813489575918007,5.969535834123288,5.373,0.05,3.8,0.01,1.589107652255569,0.0,0.0,0.0,-2.068809103216644,-293.86058184154865,0.0,-0.06090465480216392,3.8656547873472,0.0,97.318,0.07001305930601587,0.6196057978031039,-5.23278738223435,1.5969547725394277,0.049315994161361565,0.595071294502074,-5.247510822025788,-0.11938778821487585,-0.1888614660504251,-0.01,1.5900088964079349,-2.0000456508989592,-293.26174401668186,0.0,-3.6412665877183955e-05,3.649996490603968,0.0,1.5708063028773311,84.0,0.043562857528052924,0.05825383961068004,0.055365247759492225,0.2297479783448164,0.3525659002250597,0.04701819099045451,0.13445823649669494,0.2057331182457192,-34.721072652185775,0.1503260537311909
97.5,-2.081349044081972,6.35788854127648,5.367,0.05,3.87,0.01,1.5899628895011286,-0.009125336698928973,-0.0033964296743278946,0.0035345427913151405,-2.06456172827289,-293.5485936310438,0.0,-0.0647936362975134,3.9230995983252863,0.0,97.417,0.06079758950367464,0.6030784185919656,-5.278867386817821,1.5842487601722435,0.04410116297643765,0.5743850636395091,-5.25011320435541,-0.11039488995101182,-0.15982411100232374,-0.01,1.587073063571628,-2.000048702090895,-292.9646667929651,0.0,-3.8603605546582525e-05,3.749994254405514,0.0,1.5708066211054812,83.0,0.04258039642913862,0.05683542209088168,0.0546958925061061,0.22857771247416434,0.352258169036442,0.0459511240298234,0.13394575088891233,0.20442155429497788,-34.88456057110144,0.14971073311140745
97.6,-2.0722602762662663,6.757337051481933,5.36,0.04,3.95,0.01,1.5894815037634713,-0.009240810044209926,-0.000638623469543159,-0.008885414335199114,-2.059758369986359,-293.1521790591645,0.0,-0.0647922753342415,3.9945270372782633,0.0,97.516,0.057194139547878026,0.5911917051177726,-5.262921183874877,1.5926761342664797,0.03929144178488635,0.5616442510807553,-5.247916338428077,-0.11400720065484601,-0.12289096365363239,-0.01,1.5901315422742062,-2.0000526651774533,-292.5844892216576,0.0,-4.085800494353047e-05,3.8499883918665057,0.0,1.5708069392957105,84.0,0.042594718100227254,0.056604232438870763,0.054289905924823745,0.22856686330380913,0.3522768418847422,0.04570730501780228,0.13388392609262548,0.2043215907521536,-34.92833557183403,0.14972466920589123
97.7,-2.0722603650763065,7.156785547257282,5.355,0.04,4.02,0.01,1.5893287743118145,-0.013053780261510627,-0.00336658860213266,0.0017151470102205089,-2.055555643573932,-292.7485807703818,0.0,-0.06546620740208896,4.066936779494461,0.0,97.615,0.05320175958498397,0.5725160411844988,-5.2179091630005265,1.5869833710383165,0.035146908351209954,0.5508765833925393,-5.24450996230965,-0.11117636566341124,-0.0802699696832061,-0.01,1.5888606669521248,-2.0000568566705805,-292.19431200561974,0.0,-4.317632597391813e-05,3.9499862464785815,0.0,1.5708072575483925,85.0,0.0430018946848008,0.05674141815712939,0.05405769628389963,0.2287631665854191,0.3523278213817731,0.04575251214890332,0.1339378417988522,0.20449110394797196,-34.926593807906336,0.1498307463325967
97.8,-2.072260456853804,7.556234054072906,5.35,0.03,4.09,0.01,1.5894756084915738,-0.016847321757028452,-0.0035264171399148666,-0.0005960160483824226,-2.0519906277092503,-292.3376765599017,0.0,-0.06786298296035177,4.140667471203553,0.0,97.714,0.04943491847314087,0.5453775212407512,-5.222305332005329,1.5901486833904308,0.03091070176678197,0.5346100832273671,-5.235960485111194,-0.10918838427057329,-0.06312654239660187,-0.01,1.5904587720611267,-2.0000612485343368,-291.79412360869196,0.0,-4.467839760601025e-05,4.04999929995795,0.0,1.5708073584999156,86.0,0.043310988943255156,0.056668321321570105,0.05388646609470721,0.2285298030189827,0.3521853637360947,0.0456943578852881,0.13387969646569503,0.2042630403989393,-34.93580595626675,0.1496419764822699
97.9,-2.0631716897434282,7.977874132821761,5.345,0.02,4.17,0.01,1.5896168621864657,-0.007490253018288059,-0.0010963540262281897,0.004300353809278786,-2.049109085736273,-291.91932396053215,0.0,-0.0702072878341836,4.215822474395661,0.0,97.813,0.04561354390586812,0.5438826267230717,-5.289794886414392,1.5822753960640739,0.031156349568260563,0.5346467333155834,-5.247102747316999,-0.07549890926483571,-0.019009301914415744,-0.01,1.584165569633218,-2.000065870463308,-291.383946254238,0.0,-4.710230705429959e-05,4.149995705228858,0.0,1.570807676760149,87.0,0.04370255762672771,0.0567268932102016,0.05380759952219681,0.22850635902145042,0.3521498928259901,0.04572221544307719,0.13387655191807854,0.2042612669918336,-34.9304288639774,0.14960670543925914
98.0,-2.0631717860912007,8.399514222997704,5.342,0.02,4.24,0.01,1.5888252659377198,0.0,0.0,0.0,-2.04693263783979,-291.49339369304363,0.0,-0.06921937753076848,4.292364787038821,0.0,97.912,0.04242421656329,0.541060683394581,-5.266055972002999,1.5891642667214945,0.02945857412789636,0.5391253811435731,-5.255876711706861,-0.07414200906601465,0.034736588053205786,-0.01,1.583461227457751,-2.000070738331572,-290.96376911755897,0.0,-4.959007751222632e-05,4.249994389751665,0.0,1.5708079950638312,88.0,0.044187474577563786,0.056745891721890325,0.05377051171980516,0.2284582467713372,0.3521179144428982,0.045751437536350074,0.1338769676135843,0.20426032975096567,-34.92171594607089,0.14956626899634973
98.1,-2.063171885427929,8.832250103484652,5.341,0.01,4.32,0.01,1.5870744018491842,0.0,0.0,0.0,-2.0451735601203467,-290.972040159843,0.0,-0.06240204117545743,4.387156846316756,0.0,98.011,0.042483529610715894,0.5437762808227528,-5.2671961861294205,1.5831089786788302,0.03073509631905664,0.5421853566592676,-5.261405482318359,-0.04658288991960336,0.06516886284780554,-0.01,1.5791385463140732,-2.000076854352877,-290.446591737138,0.0,-5.214131201928204e-05,4.3499905461362065,0.0,1.5708083133294566,89.0,0.05281869167367071,0.06769488908960057,0.05606150041916306,0.24485883257110527,0.35920834643560623,0.05233956664647062,0.13848100750545836,0.22141820774177365,-33.984556213823986,0.1610253579852886
98.2,-2.0631719847157513,9.264985983930227,5.34,0.01,4.41,0.01,1.5850592181694247,-0.03686421923757678,0.0159369927645064,-0.026848754027110074,-2.0444369791394186,-290.6180462353925,0.0,-0.056554114611759895,4.452932994164789,0.0,98.11,0.04399803195944194,0.5205079234956522,-5.160191415358641,1.5963345612262334,0.028871380173759606,0.5297863810271899,-5.250897777283301,-0.07169140082348792,0.043957970350218645,-0.01,1.5846463578383936,-2.000081142195074,-290.0934143190301,0.0,-5.475647247800634e-05,4.449986264606656,0.0,1.5708086316581522,90.0,0.046370772726460625,0.05805762603766851,0.055220764308831126,0.22930618555882581,0.35234042956346806,0.04662805594483225,0.13415815635532005,0.20546796087359104,-34.71337977585025,0.1500072065642017
98.3,-2.0631720889981406,9.719913447325357,5.34,0.0,4.49,0.01,1.5842100754987933,-0.006538780070126324,-0.006497145550927938,0.0052293313285887415,-2.0439163879342788,-290.1680523452508,0.0,-0.053567149985049634,4.537354231909718,0.0,98.209,0.03856243757056371,0.5380522030450172,-5.230380933942894,1.588513110516555,0.026263875432320595,0.5396451947145717,-5.247640592457053,-0.06953995916180078,0.08602530632447536,-0.01,1.5859917424996977,-2.0000867012628296,-289.64322592101405,0.0,-5.64465366644871e-05,4.54999930659537,0.0,1.5708087326290205,91.0,0.045342862441630355,0.056656814568566354,0.054660451232437825,0.22816857225857645,0.35204975321527093,0.04566801163206562,0.1337199947240923,0.2042202651212794,-34.863124320076096,0.14941200119407627
98.41,-2.063172190280562,10.174840895473586,5.338,0.0,4.58,0.02,1.5846458841722944,-0.021496985454625892,-0.00482825668776948,0.005018256271618539,-2.043835969152566,-289.6167925170116,0.0,-0.058333425543887346,4.64067445341967,0.0,98.308,0.039988622832932155,0.5264035206551012,-5.188844310940003,1.593547146193401,0.0231881340925466,0.5348008421034599,-5.241295375205722,-0.08479449993878821,0.08462228471317434,-0.02,1.5889725384092923,-2.0000936998105363,-289.0900486400864,0.0,-5.916734886250035e-05,4.649996489261834,0.0,1.5708090509655483,102.0,0.047126444877536276,0.05870298748827177,0.05475452803267947,0.23175208867105518,0.35366412108622586,0.046867922746933674,0.13469832422750694,0.2077925827663255,-34.68662692773536,0.15186015974774975
98.5,-2.0631722972459823,10.640864149971325,5.338,0.0,4.67,0.02,1.5856369427081685,0.0,0.0,0.0,-2.044141198267671,-289.2423317772741,0.0,-0.06338345128489382,4.710756800188721,0.0,98.407,0.038863661525963406,0.5443510241635987,-5.21790457450242,1.5895488121001795,0.019417595799583305,0.545635889747204,-5.2407905897148,-0.08474540556131716,0.10179679843648248,-0.02,1.5885541025596341,-2.0000986075242757,-288.7128714293374,0.0,-6.195204268304338e-05,4.749994390630035,0.0,1.5708093693455998,93.0,0.04563312760033732,0.05652868774251173,0.05404315302375075,0.22843184269803718,0.35217643978372404,0.045475973201406325,0.1337320638518677,0.20436021779908242,-34.90763585123866,0.14959633480082962
98.6,-2.063172403827955,11.106887403962997,5.338,0.0,4.76,0.02,1.5866697999325134,-0.017445111468443623,-0.007506116311385558,0.008426892175153966,-2.044991589623374,-288.7662838474463,0.0,-0.07064369732222002,4.799849413375854,0.0,98.506,0.039082263299454474,0.5440857799864338,-5.2635858319211435,1.579429887312944,0.025939865471092408,0.5521272985846266,-5.2502607558304035,-0.05053589546169176,0.11539219883801177,-0.02,1.5811614591979462,-2.000104927820856,-288.2326938498047,0.0,-6.480017509414443e-05,4.849988441717749,0.0,1.570809687687581,94.0,0.04962550218854353,0.06013191801711832,0.05573196106788113,0.23235669123953728,0.35357420358512387,0.04775052785849175,0.13494237771816978,0.2086784971359925,-34.50513299943038,0.15199511904626797
98.7,-2.063172515624836,11.595102240514887,5.339,0.0,4.85,0.02,1.5860333359476664,-0.01851308828479189,0.015420510459064701,-0.02112118075454747,-2.046418940547159,-288.2812352823554,0.0,-0.07070191389550609,4.890668034636039,0.0,98.605,0.04269982070347088,0.5422918502088199,-5.211668925169078,1.5839002715481814,0.02789230039975766,0.5495172231547318,-5.2401348696539,-0.05893819953637232,0.10509513059325215,-0.02,1.5826902296822387,-2.0001115357891748,-287.7425166307683,0.0,-6.771233612850085e-05,4.949986264722598,0.0,1.570810006092677,95.0,0.04707370873304597,0.056972817578902164,0.054954209155133424,0.22846033503337573,0.3521173825375602,0.04579298103010649,0.13377994951235592,0.20465664887244564,-34.80065216512402,0.1495506791008367
98.8,-2.063172631099106,12.083317096094007,5.341,-0.01,4.94,0.02,1.5846359441664555,-0.006440141883963174,0.004338339453135916,-0.009556941211247923,-2.0483786475727883,-287.78702969535163,0.0,-0.06531871646585535,4.983055087990148,0.0,98.704,0.041828339667831525,0.5468135107255726,-5.210878066616721,1.590705370682011,0.028499960563915683,0.5545541274137995,-5.239009341540076,-0.06082023209809851,0.11103498660982059,-0.02,1.5848163429031419,-2.0001183996351424,-287.2423282327576,0.0,-6.959044558066789e-05,5.049999306640692,0.0,1.5708101070830414,96.0,0.04691293017047227,0.05667526803737623,0.054473789238594916,0.22859953852542508,0.35227857303051757,0.045534569123963003,0.1337527532843914,0.20470144076521413,-34.85520253526855,0.1497308029341405
98.9,-2.0631727453995206,12.582627725499417,5.34,-0.01,5.03,0.03,1.584421007023428,-0.0052174363776994245,0.0028986137251841293,-0.0017222936737899828,-2.050783586821678,-287.2835538152742,0.0,-0.06614130119416478,5.076152482479711,0.0,98.836,0.04464958278134324,0.5726665315973706,-5.207637740471207,1.5852862100762837,0.029826631115203832,0.574232037548559,-5.230741656243701,-0.06749747381294328,0.15706547236176593,-0.03,1.5857357388167506,-2.0001255449742543,-286.7322008804393,0.0,-7.260824733881721e-05,5.1499957349399,0.0,1.5708104254953754,64.0,0.04721731726681777,0.056701481008958034,0.054157152843426225,0.22873905922338886,0.3523278850583857,0.04550202236872529,0.1337672617927358,0.20479814037387709,-34.868791557520225,0.14981843504484904
99.0,-2.063172859313533,13.093034124725065,5.337,-0.02,5.13,0.03,1.5847426280987007,-0.03246307516761535,-0.0015894629759125348,0.006735324413123482,-2.053597063419837,-286.7707060878771,0.0,-0.06960170662256371,5.170623829453596,0.0,98.935,0.050480712055798675,0.5811022618561856,-5.19179901495823,1.5921071567046143,0.03201762948816185,0.5898531160097154,-5.228853424213426,-0.06519174836677431,0.1752644633734297,-0.03,1.5868529112730614,-2.0001329965751924,-286.2120237419851,0.0,-7.568999174320266e-05,5.24999440062624,0.0,1.5708107439515566,65.0,0.04772107650383676,0.05681933036633786,0.053989885028221385,0.22881082715116915,0.3523198753148484,0.04554849284681256,0.1337815096514834,0.20487649182004325,-34.86430052636326,0.14983698237062396
99.1,-2.063172979130888,13.614536336366356,5.332,-0.02,5.23,0.03,1.58532791870204,-0.0380846883128549,0.001327667698079215,0.006965668321153534,-2.0568161789871158,-286.2482562084186,0.0,-0.07498067674497745,5.268055382383077,0.0,99.034,0.05424584256424842,0.5957763351879644,-5.227586853060886,1.5829492631058004,0.03762775984446787,0.603798259609162,-5.226153953399654,-0.050433140721092826,0.18483292380709937,-0.03,1.5838030381442436,-2.0001406996785174,-285.6818961513676,0.0,-7.883515330090473e-05,5.349988332857702,0.0,1.5708110623697036,66.0,0.04807829901943902,0.05672397052574458,0.05387458526836479,0.22851670622200734,0.3521599126720678,0.04547413773923717,0.13369579286749525,0.2046105539559954,-34.870626862951646,0.149614937325023
99.2,-2.063173097672413,14.147134316148643,5.329,-0.02,5.33,0.03,1.5852876818415262,-0.03757345133107507,0.009940920868614655,-0.00956208814861927,-2.06042823382645,-285.71584940109346,0.0,-0.07797134965800973,5.369401983564588,0.0,99.133,0.059347330604012476,0.5775876545615048,-5.152118151045289,1.5929617881961178,0.04114453135019207,0.6015788987575887,-5.221160130211537,-0.06035128573699809,0.1494741656057368,-0.03,1.5854593263131267,-2.000148720081301,-285.1417689282848,0.0,-8.204440203293649e-05,5.449986112375187,0.0,1.5708113808519777,67.0,0.048390994755574124,0.056582280653228574,0.053800319102335646,0.2281917044061514,0.35199775592608884,0.045369047824716936,0.13359329418422555,0.20431711008116912,-34.879679639983394,0.1493807723938476
99.301,-2.072262088032039,14.679732314120367,5.326,-0.03,5.43,0.03,1.5851755617794134,-0.004869385303291023,0.008725181161231768,0.003098005930301813,-2.0651999204461164,-285.06333830748986,0.0,-0.08032696268466902,5.494648133985939,0.0,99.232,0.056831808540239254,0.5924740952317573,-5.185553030192539,1.58793131275911,0.04337838062027512,0.6033801910931962,-5.224045672435061,-0.05033000343517886,0.13061324320654588,-0.03,1.5852415709593026,-2.0001587084206216,-284.4805805524414,0.0,-8.411061957509142e-05,5.549999387287314,0.0,1.5708114818631587,69.0,0.048790241931364976,0.0567597667051535,0.05380039941380189,0.2284284682587465,0.352102273847311,0.04546507702461428,0.13365065705634427,0.2045817895211598,-34.85943104016937,0.14953985794244318
99.4,-2.0722622160493644,15.234521897581214,5.322,-0.03,5.54,0.03,1.5852715848621466,0.005975003417515646,0.007602693596608274,2.0205731598519532e-05,-2.068588528120994,-284.619932887125,0.0,-0.08257181260425332,5.578810347283934,0.0,99.331,0.06460765443751644,0.6055005429814392,-5.192909790195088,1.5988997929426787,0.04593274405616152,0.6094255115327571,-5.220224184684788,-0.07256433161842768,0.11988892960416386,-0.03,1.5889156058847669,-2.0001656412347715,-284.0314031880698,0.0,-8.742553635227908e-05,5.649995687264841,0.0,1.5708118003529636,69.0,0.049026975058284995,0.05660993879624824,0.05370884439995598,0.22823544842081547,0.35203578097897165,0.04539098995872601,0.1336030876564802,0.20442370742676286,-34.86980557786305,0.1494287789881648
99.5,-2.081351209582822,15.78931145425241,5.316,-0.03,5.65,0.03,1.5860337112706642,0.0,0.0,0.0,-2.0730131749231338,-284.0562257332344,0.0,-0.0889481486076224,5.683493900233317,0.0,99.43,0.07078197073465477,0.6203889247331499,-5.188993392394898,1.5871881850182374,0.04894083795545169,0.6246610119811338,-5.221906864412638,-0.07499925465858813,0.13155455690885542,-0.03,1.5889554070433896,-2.000174591168388,-283.4612260525213,0.0,-9.0804435778846e-05,5.749994383170615,0.0,1.5708121188861093,70.0,0.049383222977269485,0.056592806947728634,0.053664875528044324,0.2282002130482896,0.3520196075732764,0.045337467421173186,0.1335584753564061,0.20440786101830805,-34.8699634697906,0.14940529306535077
99.639,-2.0813513769464764,16.510537911143825,5.31,-0.03,5.78,0.03,1.5872491440412144,-0.009418089702428382,0.00014933120555470623,0.009141350107708567,-2.0795495375505375,-283.24946591670346,0.0,-0.10112740128216934,5.829688279835829,0.0,99.529,0.07426834923143917,0.6034517778653309,-5.1262273953959046,1.594694464417623,0.04957071211356244,0.6063412785217266,-5.215060792380628,-0.07192530503059008,0.10232288084674579,-0.03,1.5881219833934945,-2.0001876051920524,-282.6462043028454,0.0,-9.535046132340679e-05,5.899995252024563,0.0,1.5708124879030403,110.0,0.07059647744215304,0.07616287011639518,0.057635355651853,0.2571416241806656,0.3644360613259966,0.05690110362616313,0.14162764403105466,0.2363380624614616,-33.036464856329175,0.1696374891470655
99.71,-2.090440345811052,16.94327375529192,5.308,-0.03,5.86,0.02,1.5878541311856846,-0.0008978213512668337,0.004008577002010293,0.008044762016398215,-2.0834754383635423,-282.7792379171169,0.0,-0.10679078565010428,5.913471434733901,0.0,99.628,0.07516812311232865,0.6217150889974805,-5.187170248601343,1.5864458803656152,0.047699655123463414,0.6177248077108053,-5.220959319157998,-0.057505132272138076,0.10975693482993698,-0.02,1.58545335001105,-2.00019534912532,-282.1718714912084,0.0,-9.775322296910001e-05,5.949988765009644,0.0,1.5708127559390213,82.0,0.06712112623504879,0.07300434834658596,0.058088935317973864,0.25153690331815887,0.3618917312426084,0.05500645059330616,0.14012588156770925,0.2301066160356094,-33.2804532861506,0.16532441926471825
99.8,-2.09044048498479,17.542446501613234,5.305,-0.03,5.96,0.02,1.5878475672241787,0.002541445146253115,0.009719846751520234,-0.00590386408666457,-2.0875355649241887,-282.3023008175439,0.0,-0.10930163335417001,5.997299441013809,0.0,99.727,0.08138547446416239,0.6329600578691503,-5.186118395623412,1.591667094405926,0.06730582533049034,0.6370844411431182,-5.215213386511948,-0.03900365623015038,0.13262247430115437,-0.02,1.582121615093997,-2.000203280303583,-281.6906828566868,0.0,-0.00010000753845415299,6.049999306274513,0.0,1.5708128569684359,73.0,0.05657674566590341,0.06108811386456197,0.05831755066874083,0.23255427656421396,0.3524831946206664,0.047837857611517515,0.13475387799847832,0.20910658481645927,-34.14093979208532,0.150609219994503
99.9,-2.099529496599671,18.141619245495765,5.304,-0.03,6.07,0.02,1.5863951128583886,-0.018943881122522516,0.022338908973290134,-0.019775222396914954,-2.09377840868852,-281.57435307091026,0.0,-0.10266934979931766,6.122964727298934,0.0,99.826,0.08999432636486099,0.6467503821612175,-5.1883757335487894,1.5843583568803863,0.07296094763565,0.6520304638807459,-5.211654907835529,-0.044302343157537324,0.14292495039376352,-0.02,1.5827550743547978,-2.0002155737153737,-280.9575055758396,0.0,-0.00010361968819141588,6.1499964891573855,0.0,1.5708131755343007,74.0,0.05122250740686433,0.05641353593630796,0.05645118530704003,0.22934246582764387,0.35204983287680086,0.045124305942492456,0.13418705464390285,0.20557238870573802,-34.6705059226741,0.14926105881666835
100.0,-2.0995296389788125,18.751887782206015,5.302,-0.03,6.17,0.02,1.5851557450976708,-0.02837396004596997,0.013024452180248782,-0.012041297612839064,-2.09791061280824,-281.08063470532886,0.0,-0.09900008536978315,6.207988049684983,0.0,99.925,0.09219149967454476,0.6364489209161772,-5.20106997524412,1.5839384689025966,0.07936292394527139,0.6412910687259081,-5.203758526524226,-0.03497595766690792,0.1017816126385167,-0.02,1.581156004027547,-2.0002240874153645,-280.4603283651369,0.0,-0.00010729583389245443,6.249994390593212,0.0,1.5708134941437255,75.0,0.051333650892681985,0.05675420049435737,0.05547872010246726,0.23040290128393492,0.35309188041255124,0.04527658586498426,0.13457121958984355,0.2068528266747466,-34.72188584308791,0.15053885232944764
100.1,-2.0995297867973717,19.384347902512616,5.302,-0.03,6.28,0.02,1.5840699235585074,0.0,0.0,0.0,-2.1028625341037377,-280.45384714364377,0.0,-0.09522346897706593,6.315712236533748,0.0,100.024,0.09658357841471875,0.646441960718182,-5.195186491337953,1.5838422134381032,0.0863685688855399,0.6488322804833326,-5.204287098069999,-0.024622461083304417,0.10280510554814537,-0.02,1.579353869569786,-2.0002349756672695,-279.8301507856908,0.0,-0.00011103539012016032,6.349988441695959,0.0,1.5708138127149307,76.0,0.051924566369019,0.05698489895703826,0.054862619321317516,0.2302288298510985,0.3533806992626654,0.045445196275515756,0.13453570428999534,0.207001700599852,-34.7368849625115,0.15081399696493036
100.2,-2.108618807367164,20.01680801911563,5.3,-0.02,6.39,0.02,1.5829966441404562,0.0,0.0,0.0,-2.1074202457345494,-279.8162601336237,0.0,-0.0910316143989928,6.423790439162953,0.0,100.123,0.1023647718439451,0.6557767244990157,-5.191665024770705,1.5883057302450936,0.0885442104182303,0.6562402037374386,-5.198945729170539,-0.05049201665867191,0.10158116780592863,-0.02,1.581654890260579,-2.000246240570018,-279.1899735667098,0.0,-0.00011483913199246827,6.44998626472607,0.0,1.5708141313493975,77.0,0.052314573686080994,0.05688412595128954,0.05441868972051831,0.22950288778746925,0.3532873836024802,0.04539145210391429,0.13424296975742642,0.20649912196496556,-34.76262908101731,0.1505889933030348
100.302,-2.1086189579668355,20.66036392794353,5.3,-0.02,6.5,0.02,1.5823627273228504,-0.002912006889186109,0.0035148986146863823,0.001814031317058605,-2.1121563206819323,-279.0369105249253,0.0,-0.08949075046045772,6.553148830084632,0.0,100.222,0.1085046229547825,0.6446530399242175,-5.175078635613371,1.5844984465071572,0.09420174372702475,0.655881031958246,-5.200984328966172,-0.041617568600488736,0.08524690353183129,-0.02,1.5801529646484083,-2.000260190155778,-278.40878518070696,0.0,-0.0001172816918251427,6.549999432895146,0.0,1.5708142323982504,80.0,0.05315250114617742,0.057204701328978,0.0541950725303777,0.22962956769988666,0.3534563313759606,0.0455305694726214,0.13412342402787733,0.20675791430005758,-34.74085805913968,0.1508312322417366
100.4,-2.117707989641616,21.326111419127628,5.3,-0.01,6.61,0.02,1.5819856394690017,0.0,0.0,0.0,-2.1147989938331966,-278.50871646891744,0.0,-0.08946703817573719,6.639364228368808,0.0,100.321,0.11149867887331354,0.6477739576218376,-5.134621296815352,1.5860149838476318,0.0963278917979088,0.6503856139583106,-5.192382911283545,-0.05393493909485663,0.05531047988285476,-0.02,1.5803882248029888,-2.0002698045407907,-277.8797078010977,0.0,-0.00012119116242050848,6.649995570850264,0.0,1.570814551041983,79.0,0.05293600055755656,0.05669673137610581,0.05391821109842779,0.22866065051208484,0.3530572966636074,0.045225950219203205,0.13374825782448613,0.20579304385615788,-34.795423535256994,0.15025255159676526
100.5,-2.1177081466437633,21.99185891043925,5.3,0.0,6.71,0.02,1.5816170555215818,0.018784427334454505,0.0012075606876124974,-0.00284848908072332,-2.117478661952285,-277.8388022699699,0.0,-0.08960085203640106,6.746381172961442,0.0,100.42,0.11622130153079155,0.65818767633764,-5.153697880720704,1.5863817625300323,0.10003978997320073,0.6559601712827621,-5.186472291824721,-0.06454008775866767,0.0699266667847791,-0.02,1.5803153292211338,-2.000282164230225,-277.20953067264634,0.0,-0.0001251646998791075,6.7499943405695735,0.0,1.5708148697289421,80.0,0.05318025258299098,0.056615324151036595,0.05378805092698562,0.22845550133350534,0.3529257479199732,0.04513161852450629,0.13357580187803555,0.2055544460884592,-34.80739908458093,0.15011896750299228
100.6,-2.1177083058026724,22.668702192515493,5.3,0.0,6.82,0.02,1.5813297462326028,0.0,0.0,0.0,-2.1197479526082725,-277.02086256542543,0.0,-0.09030150407498462,6.873230354213809,0.0,100.519,0.11593725465133813,0.6434127102434601,-5.182718588557451,1.6021831755267502,0.0952573389181251,0.6459962363583915,-5.186067299809418,-0.11739178573264684,0.03213856268564452,-0.02,1.5879267892707478,-2.0002974345666735,-276.39235329561035,0.0,-0.00012920165970467342,6.849990531422601,0.0,1.5708151883771275,81.0,0.05348832603598693,0.0565334005677837,0.053713756525941715,0.2282536176397264,0.3527492981667958,0.04505056752405011,0.1334386159466974,0.2053093932248163,-34.81300890586143,0.1499402043585994
100.7,-2.1177084640653066,23.35664123041539,5.299,0.0,6.92,0.03,1.5824560821664073,0.0,0.0,0.0,-2.120728887249187,-276.4671601704884,0.0,-0.09898647268300068,6.956583510122783,0.0,100.618,0.12152260752901889,0.6456402547188689,-5.1650386561518955,1.591173211705371,0.09550623401742989,0.6408613033998676,-5.187673551865066,-0.12321188890975279,0.026484456296235415,-0.03,1.5885317684871822,-2.000307943238129,-275.8391758783569,0.0,-0.00013330277504299974,6.949986258031109,0.0,1.5708155070882206,82.0,0.05414075060231573,0.05669211208731341,0.053713535081726695,0.22850660756054392,0.3527734562809774,0.045200200304445264,0.13350671457049884,0.20556184239790426,-34.788810419934336,0.15006234414184866
100.8,-2.117708628635289,24.055676093686564,5.299,0.0,7.03,0.03,1.5846330384400227,0.020328160154771693,-0.01365821259303127,0.019912522095543148,-2.1215067223316915,-275.7656945882631,0.0,-0.11759049573475945,7.059030094588564,0.0,100.717,0.12122119100234069,0.6390625498760185,-5.084768947074414,1.5910030683685403,0.09967540635112995,0.6356754833170806,-5.174462386721238,-0.09742611236709631,0.011447916708438477,-0.03,1.5846315347283606,-2.0003214029199428,-275.13898748082363,0.0,-0.00013593358731080047,7.049999304174084,0.0,1.5708156081566995,83.0,0.054566102905774475,0.056831194434781726,0.05370435765929808,0.22867638360309422,0.35274020657764743,0.045183693875100114,0.1334592170462869,0.20566287283984291,-34.778038892098955,0.15010492954051413
100.9,-2.117708793380875,24.754710955674096,5.299,0.01,7.13,0.03,1.5853187656637766,0.018445047249572348,0.008305291363546604,-0.0018267448132792473,-2.1219551280188975,-275.0540263066773,0.0,-0.12664258591253436,7.15987305408601,0.0,100.816,0.12172401468488196,0.6477483605699063,-5.138115609812206,1.5835455531769886,0.10513150837881888,0.6405820678418912,-5.1734626650576985,-0.07367033016179324,0.03791419787752748,-0.03,1.5796787790549265,-2.0003352498974705,-274.4288101262062,0.0,-0.00014014049216215524,7.149995706773348,0.0,1.5708159268754969,84.0,0.055012502831634634,0.056863394330120116,0.05372928161271787,0.22865695140497155,0.35262574228435195,0.045172707620338634,0.13342423262973097,0.20561817169915295,-34.77013928344354,0.1500165113080294
101.001,-2.1177089630151604,25.475937401089162,5.296,0.01,7.23,0.03,1.5842492851105072,-0.00170711156828589,0.020089277904147038,-0.02037399270068993,-2.122090754221108,-274.1868051657559,0.0,-0.12139035002737543,7.279435522045971,0.0,100.915,0.12310768270718224,0.6447838934470258,-5.118384759826815,1.5857452893703956,0.10711915580378956,0.6420545970148566,-5.170441126684084,-0.06823746196119193,0.0505654568466527,-0.03,1.5787951862593308,-2.000352409174505,-273.5636330861905,0.0,-0.0001444115208930864,7.249995411802036,0.0,1.5708162456379677,86.0,0.05576517854634132,0.05694739708680541,0.05378677922072705,0.22878470618226013,0.3526004129933645,0.04527806584163859,0.13348866423831707,0.20578459854469108,-34.745501561762666,0.15004259305187512
101.101,-2.1177091350918484,26.208259636173235,5.293,0.02,7.33,0.03,1.5826893905785422,0.0,0.0,0.0,-2.1217292298961503,-273.45318507636796,0.0,-0.11320611967917814,7.379221312882138,0.0,100.981,0.12245189328783637,0.6428118080074539,-5.093397557251898,1.5872005571688548,0.1018586114092194,0.6412746385632644,-5.165521438670519,-0.08488481783713299,0.050883172232537355,-0.03,1.5795870290670269,-2.0003671181668983,-272.8314556092175,0.0,-0.00014874593641346168,7.3499905462911865,0.0,1.570816564363293,69.0,0.05616997863533727,0.05700764149524886,0.05378083997141995,0.22887342261468893,0.3525685434091661,0.04522680324013008,0.13344834453312407,0.20583886220775244,-34.738572340478804,0.15005074431520277
101.2,-2.126798188078631,26.940581825100704,5.289,0.02,7.43,0.03,1.5817633774739246,-0.00835230576716685,-0.0029446335582116795,-0.004953755705763958,-2.1210382011747964,-272.8590960418432,0.0,-0.10943615351277917,7.459478092666805,0.0,101.113,0.12161767692026373,0.6274965007999813,-5.177190046350068,1.596593758908478,0.09927107053184694,0.6252284211165513,-5.170330886043182,-0.12591892483979691,0.017869030700554234,-0.03,1.5850167413401317,-2.0003792015910635,-272.2382781911975,0.0,-0.00015314456922676313,7.4499862646836705,0.0,1.5708168831508098,87.0,0.06096897923053846,0.06030974069581905,0.05552136586594341,0.23236944746902397,0.3537537203965571,0.04696367828746628,0.13429089052226598,0.20981398848584754,-34.362507324644874,0.1521463637900312
101.3,-2.126798363548552,27.683999849015613,5.287,0.03,7.53,0.03,1.582376241744731,0.017689566354527436,-0.02527529837692733,0.019183687852932257,-2.119672454171386,-272.10745468676,0.0,-0.11577449949338486,7.5594795645999975,0.0,101.212,0.12024279588680056,0.6258941163212918,-5.125422741792687,1.5831679323618866,0.10187914338962209,0.619666962312337,-5.164392444784916,-0.10354926120062126,0.01476154782775918,-0.03,1.580544405782643,-2.0003946546563416,-271.4880897933515,0.0,-0.0001559636836694959,7.5499993036459205,0.0,1.5708169842383446,88.0,0.05706699369435331,0.05697556988018917,0.054872797520672464,0.2283730705041005,0.352239669989738,0.04523271618225597,0.13335514840272464,0.205570519904916,-34.661685780763946,0.14960910381979364
101.4,-2.1267985443478565,28.449609454819907,5.284,0.03,7.62,0.02,1.5825016387414674,0.018506729477656466,0.001227340121808812,-0.006930086299881105,-2.1174502327707505,-271.1923393156464,0.0,-0.12101210109464917,7.677867680313608,0.0,101.311,0.12165154743916813,0.628119455693981,-5.16198464356473,1.5787801614022936,0.10601234677831156,0.6225069114837678,-5.165310742774588,-0.06970230248691757,0.038694850726776586,-0.02,1.5759802318363962,-2.0004137304253846,-270.57491251257693,0.0,-0.00016046815333138774,7.649996489268594,0.0,1.5708173030337136,89.0,0.05471481411914638,0.05486659622600113,0.054297757525130226,0.2255256168705668,0.3509131205907638,0.04381836351581661,0.13239916619047218,0.20240371099451177,-34.88498320120536,0.14763647319343418
101.5,-2.126798722078002,29.215219013893755,5.279,0.03,7.72,0.02,1.581130176843379,-0.0012013347194191498,0.019970751587444272,-0.021800313937849043,-2.1156541427289186,-270.5744124325835,0.0,-0.1142796588937829,7.756093222447919,0.0,101.41,0.12084909917370214,0.6263084493394458,-5.139710092730542,1.5813370427101359,0.10685733068175127,0.623700273524473,-5.163245940616585,-0.06164984624030138,0.046358370994349585,-0.02,1.574871553499645,-2.0004268390020767,-269.9578353070087,0.0,-0.00016503672359252034,7.749994445458733,0.0,1.5708176218712646,90.0,0.05697407650009741,0.05645428610649168,0.05410098649792341,0.22856083523576862,0.35233814328451935,0.04485116974311365,0.13332545497122394,0.20552957554034518,-34.753100844396194,0.1497528782096368
101.6,-2.117710019390433,29.99192441003659,5.276,0.04,7.82,0.02,1.579247189746473,-0.007094671440975172,0.015573660557162394,-0.017567618729374363,-2.112965032094319,-269.7932492830902,0.0,-0.1025065996310423,7.853708595114647,0.0,101.509,0.1174128667655611,0.6222852777636108,-5.124374518022296,1.5845472540710033,0.10241756955452366,0.6232407664953623,-5.159615870970951,-0.08702697586730018,0.045922584982025505,-0.02,1.576774826465002,-2.0004435348977805,-269.1776577242702,0.0,-0.0001696686911452291,7.849988461780623,0.0,1.570817940672668,91.0,0.057533114093764944,0.05658724539691067,0.05395249881409098,0.22852037622358978,0.3522394051934092,0.04483255266218891,0.1332583951375491,0.20548496626044166,-34.74580511043584,0.1496641380005679
101.7,-2.117710205229862,30.77972559473044,5.274,0.05,7.92,0.02,1.578359664012913,-0.006195905721465747,-0.009512245197307253,-0.002682799767081844,-2.109667366476774,-269.00233210102965,0.0,-0.09710873337978249,7.951583303605161,0.0,101.608,0.11618304014721516,0.621525997316632,-5.128650920563809,1.584941452783674,0.09658629000997851,0.6185589830320639,-5.152544328867814,-0.11442005534408578,0.038320036487073494,-0.02,1.5788908301684024,-2.000460696574115,-268.3874805041594,0.0,-0.00017436499386939386,7.949986272084503,0.0,1.5708182595363975,92.0,0.05792047925028564,0.05661533351119347,0.05384214276133725,0.22839611749220337,0.35215595118577214,0.044834627524800386,0.13322844345259074,0.2053976166534547,-34.74359126993362,0.14956218578513655
101.8,-2.1177103904085364,31.567526778307986,5.273,0.05,8.02,0.02,1.5785000390049557,0.0,0.0,0.0,-2.105760214383117,-268.2016137451066,0.0,-0.10048353249200544,8.049620654688677,0.0,101.674,0.11256403950866294,0.6211376011335554,-5.128413246271431,1.5816143563606584,0.08906462225892567,0.6183658147697282,-5.152070960777968,-0.10890196206441924,0.0399799233491791,-0.02,1.5781041506457862,-2.00047824425508,-267.5886366678982,0.0,-0.0001758664510840994,7.999996608986688,0.0,1.5708183101105968,76.0,0.05834228962159455,0.056620928818547765,0.05374538723549907,0.22833687323240745,0.3521291356367726,0.044836496670464056,0.13321269737797697,0.20538690900590892,-34.741572676122274,0.14952684679761413
101.9,-2.1086216942690577,32.37751954461882,5.27,0.05,8.11,0.02,1.5787654715266566,0.0008025828302331981,-0.013337547602863355,-0.0006923109462745089,-2.1013771225844136,-267.3910759834584,0.0,-0.1059838846825303,8.147590675829028,0.0,101.806,0.10601485274508994,0.6163274562499176,-5.11629882291256,1.581383705353025,0.08881174992801272,0.6167695230155339,-5.146130225844262,-0.10112761818134525,0.04508180423796304,-0.02,1.577065662842913,-2.00049583090094,-266.788636871425,0.0,-0.00017586649821215442,7.999998758776376,0.0,1.5708183101105804,94.0,0.06382112376038185,0.060139664033714305,0.05550708824298272,0.2321382049330017,0.3534994417663634,0.046655758642026326,0.13410253863118382,0.20978120407377832,-34.339543899620196,0.15186374347471515
102.0,-2.1086218831670145,33.19860804851665,5.265,0.06,8.21,0.02,1.5785084423285463,0.0,0.0,0.0,-2.0966640870180244,-266.57072612508586,0.0,-0.10660701887894847,8.245644869197784,0.0,101.905,0.10470798998441579,0.6020722539412812,-5.133298371506131,1.5762303378491958,0.08885235185654455,0.6048426111397378,-5.145356264189479,-0.08326076170256762,0.016539346956641054,-0.02,1.5736238462089074,-2.00051341755136,-265.98863694604495,0.0,-0.0001758665152300472,7.999999545671192,0.0,1.5708183101105453,95.0,0.059714522320960944,0.0569007076506121,0.05480287765693417,0.22823216427235254,0.35206462148407014,0.044961987021659364,0.13317644691415248,0.2056038349054195,-34.643346527143635,0.14943840505972844
102.1,-2.099533188735828,34.019696604267466,5.262,0.06,8.31,0.02,1.5775507041860857,0.015969892086782747,0.008299204896044535,-0.01382454136357958,-2.091695473351166,-265.74057345952696,0.0,-0.10285006808947192,8.343623633518687,0.0,102.004,0.09674888326857532,0.5980108516585297,-5.127878440662744,1.5751787904622236,0.08392322832732749,0.5982322160469766,-5.141592485013206,-0.08227515463665812,0.005332602456048718,-0.02,1.5734751253973922,-2.0005310042031135,-265.18863697348047,0.0,-0.0001758665218249557,7.999999833708164,0.0,1.5708183101105782,96.0,0.059567014971107946,0.056687969898787986,0.05436401547997591,0.2285744861162524,0.3523147874636607,0.0448333845651988,0.13322809942043679,0.2058489653985472,-34.68759255017818,0.14975553366441707
102.2,-2.0995333822046085,34.8629766850583,5.258,0.06,8.41,0.02,1.5764099108662941,0.021536170158006917,-0.0004891162105364927,-0.006551244680948849,-2.086460710709291,-264.90070568902337,0.0,-0.09554927579486398,8.44020877594312,0.0,102.136,0.08989659243206281,0.546744472840384,-5.1062450212037795,1.5769927207291423,0.07874803923556695,0.5524208923067682,-5.137499041318279,-0.08371074226749652,-0.09571360316835609,-0.02,1.5736481263189745,-2.0005485908553537,-264.38863698364577,0.0,-0.0001758665236202276,7.999999939129968,0.0,1.5708183101105129,64.0,0.05981924832744852,0.05683469953689562,0.05413616623581627,0.2288811024889328,0.3524181117745261,0.04486466086144102,0.13325631821197695,0.20609441875751763,-34.69033200673006,0.1499396330377908
102.3,-2.090444689223048,35.706256819033804,5.253,0.06,8.5,0.02,1.5756347529266512,0.07784489640259472,-0.005313868605376138,-0.003701818609963989,-2.0798019364472142,-263.88040680669724,0.0,-0.09088721912027448,8.551044778601362,0.0,102.235,0.08850627999397681,0.49347136706314587,-5.085949046256913,1.578981216660458,0.07444687117160415,0.4928980661225051,-5.130705351646755,-0.08567719570119292,-0.2093170460171141,-0.02,1.5738934315502722,-2.000569694838272,-263.4286369879111,0.0,-0.00017586652524868545,7.999999981773901,0.0,1.5708183101105992,65.0,0.059865298918214266,0.05702540692528058,0.054077585847887986,0.22901643024855997,0.35241208237792354,0.044936544197462576,0.133262875235095,0.20618122439076958,-34.68511469816839,0.1499784671284642
102.4,-2.090444884273694,36.56063268298903,5.248,0.07,8.58,0.01,1.5750334887441735,0.13580037453725058,-0.007159292506527358,-0.003626968316516817,-2.075154852279544,-263.1931498323897,0.0,-0.08918283303814487,8.617998996629655,0.0,102.334,0.08109761207305614,0.4289610578337468,-5.074368948048642,1.5827771085713853,0.06479994396759217,0.4229784369115227,-5.125762474602764,-0.1106744382705544,-0.321030340393893,-0.01,1.575721167435604,-2.0005837641602877,-262.78863698901824,0.0,-0.00017586652511116673,7.999999991840871,0.0,1.5708183101105544,66.0,0.07655802855292164,0.06812474544072002,0.05638554194249782,0.24556694666589524,0.3595418177080554,0.05161821253731512,0.13795176668740616,0.22495001579076918,-33.66915348331014,0.16155960432919364
102.5,-2.081356189597761,37.415008606459956,5.245,0.07,8.65,0.0,1.5750915096749105,0.17669808155483677,-0.021885416636132426,0.004105371426256534,-2.069183863556933,-262.3271425647779,0.0,-0.09197395339241696,8.689404806516647,0.0,102.433,0.07321391201591214,0.3677473477796374,-5.13167531778508,1.5803804254742577,0.05664256014445204,0.338561496293586,-5.122628337887159,-0.12385008014963819,-0.43528939166454705,-0.0,1.577351555747419,-2.0006013508128055,-261.9886369897003,0.0,-0.00017586652543804377,7.999999997013622,0.0,1.570818310110581,67.0,0.062335823152924366,0.05931574133525334,0.055912571943760134,0.23091407033608094,0.3529871296663953,0.04603947676578099,0.1336953619904461,0.20844563254758985,-34.41882750125532,0.1510460758641563
102.6,-2.0722675003737425,38.29157610982925,5.245,0.07,8.7,0.0,1.5756516913559775,0.21595822270551013,-0.025093358344339532,0.009975951119642454,-2.0620068879450293,-261.2799142685064,0.0,-0.10148610287192135,8.751203333989519,0.0,102.532,0.0664134329320803,0.28459311797223014,-5.123484452411702,1.5811706747303365,0.05159190844500543,0.24821808126904665,-5.119578185756026,-0.11815573237222582,-0.5318317632661351,-0.0,1.5766917947953527,-2.0006224547958795,-261.0286369901303,0.0,-0.00017586652576812148,7.999999999099777,0.0,1.5708183101106166,68.0,0.059567115330082104,0.056977281735141196,0.055306018707619836,0.22840040689562321,0.3521245664437771,0.04492248420774602,0.13315627948409173,0.20576048808470557,-34.62911226111184,0.14953879059184255
102.7,-2.0722676999289753,39.15704781835889,5.247,0.06,8.73,-0.01,1.5761156199176352,0.23824269796317335,-0.017132793248849205,0.0014285597934078323,-2.0573947233860883,-260.57850084402793,0.0,-0.10625007836954814,8.775212986564602,0.0,102.631,0.06277495194575511,0.18654368791562845,-5.10843930070139,1.5766179879985598,0.04979055056425692,0.15587475805967815,-5.119918959568217,-0.09215736917122938,-0.6062247856714826,0.01,1.574754732876422,-2.0006365241179487,-260.3886369903319,0.0,-0.00017586652615012667,7.99999999958863,0.0,1.570818310110663,69.0,0.06037474017299333,0.05825875239095713,0.05541183766779215,0.23072018294740668,0.35317209383506926,0.045617484821621875,0.1337032449603162,0.20802950655233005,-34.551005842241395,0.1511376421696652
102.811,-2.063179011265591,40.03361538223949,5.25,0.06,8.74,-0.01,1.5760165705021958,0.24121641375106492,0.002860453137149751,-0.00207574101988496,-2.050954220173271,-259.524368658022,0.0,-0.10812244312315214,8.783534646316685,0.0,102.73,0.059391346305040185,0.11548007342641661,-5.1196370759319665,1.5805499999245614,0.040892367673524874,0.05503010363820934,-5.120879549559206,-0.10454733471847757,-0.6511270116266807,0.01,1.5763035073900582,-2.0006576281010946,-259.42863699059063,0.0,-0.00017586652636230715,7.999999999867163,0.0,1.5708183101106887,81.0,0.06371922595527436,0.061049997405406946,0.056039763133458154,0.2348269528492727,0.3549025791570654,0.047243309470574646,0.13481712717004415,0.21243482353652154,-34.28348313979476,0.1538826493827385
102.9,-2.063179212288489,40.91018288181337,5.254,0.05,8.72,-0.02,1.575828517382268,0.0,0.0,0.0,-2.0460895262799688,-258.6466186054898,0.0,-0.10852189949436092,8.76587225025211,0.0,102.829,0.051152739607909364,0.00851766257084266,-5.087217402811091,1.5794022099441136,0.03528309683575294,-0.03763355034697108,-5.114642976528657,-0.11055077541352018,-0.6912344185982118,0.02,1.57833791296315,-2.000671697423211,-258.7886369907519,0.0,-0.00017586652646658544,7.999999999924007,0.0,1.5708183101107016,71.0,0.06028184079049263,0.05869176544922564,0.05556783613005697,0.2311912717218093,0.3533110460714313,0.045830437378830566,0.1338141353851221,0.20845115928845329,-34.52309253330271,0.15139580714273798
103.0,-2.054090514601114,41.775654590169324,5.257,0.04,8.69,-0.02,1.576426701680992,0.0,0.0,0.0,-2.0417489481597433,-257.7718452542671,0.0,-0.11652513693611398,8.726119408122262,0.0,102.928,0.04506772658033564,-0.025663853473610485,-5.148582555695204,1.579121004669317,0.030389967361217712,-0.09481076068219019,-5.1167839778843955,-0.08942479781305597,-0.6104902024471173,0.02,1.5769135520413073,-2.0006928014063985,-257.8286369909869,0.0,-0.00017586652710554714,7.99999999998085,0.0,1.5708183101107813,72.0,0.07292065575558507,0.06659720562283415,0.05726541813768453,0.24303637978715836,0.3583641255363982,0.05070732176124016,0.1372372100855988,0.2219287506308704,-33.758823514905515,0.15962559242573465
103.1,-2.054090715411064,42.64112636375597,5.261,0.04,8.63,-0.02,1.5768227032993474,0.1250294199708043,0.00013886992288123553,0.0007641198969641448,-2.038714876343432,-257.0755423677957,0.0,-0.1203799700084111,8.681105366421495,0.0,103.027,0.042096120829676585,-0.14453085324510967,-5.057083023698293,1.5809892846630826,0.028196524527585892,-0.18871792529282927,-5.111676868122139,-0.08678037552303472,-0.6179432759267112,0.02,1.5766350078662879,-2.00070687072856,-257.188636991143,0.0,-0.00017586652743062045,7.99999999998085,0.0,1.570818310110822,73.0,0.06111960353295729,0.058894962953410575,0.056251798320327485,0.2309751793128087,0.3531353386003089,0.0459141508782144,0.1337863745911403,0.2084294915156276,-34.44394174365092,0.1511739391048743
103.201,-2.054090913000975,43.506598071215095,5.262,0.03,8.56,-0.01,1.576858320799891,0.12014257419413062,-0.0003075547815880326,0.0011746590915403332,-2.0349520712337106,-256.03884531639056,0.0,-0.12234172317381133,8.597110787153902,0.0,103.126,0.03976066352718391,-0.22429081528104483,-5.133546035315111,1.5774331521056228,0.02866824383147778,-0.2694273248668584,-5.1151038576765515,-0.061296729944331586,-0.5892039886831748,0.01,1.5747227312681094,-2.0007279747118303,-256.2286369913772,0.0,-0.0001758665273293681,7.99999999998085,0.0,1.5708183101108093,75.0,0.05928818452620295,0.057350601274110846,0.055507302226902325,0.2294546181209384,0.3526502269857032,0.04520942489699177,0.133482393102802,0.20675828662948517,-34.59715297741104,0.15029261220562248
103.3,-2.05409111044834,44.37206977541876,5.264,0.02,8.48,-0.01,1.576401325934801,0.0,0.0,0.0,-2.032961794265445,-255.35378158862935,0.0,-0.11967684719055632,8.53237050800319,0.0,103.225,0.031229504502186076,-0.2891449969649543,-5.182910144939583,1.5773199088029068,0.02436048138637436,-0.33878606841092884,-5.12837615828815,-0.05392927262121411,-0.538440854183567,0.01,1.5750686699912295,-2.000742044034005,-255.588636991532,0.0,-0.0001758665273068378,8.000000000006429,0.0,1.5708183101108064,75.0,0.0585074516199596,0.056964925780328426,0.054952820285012575,0.22920011643184268,0.3525704744637622,0.04498790316645266,0.13338230407465776,0.20634132042904832,-34.664904498687065,0.15015384471772228
103.4,-2.0450024041931147,45.21534989825568,5.265,0.01,8.39,0.0,1.575912334085677,0.0,0.0,0.0,-2.0309919808843833,-254.50522373673837,0.0,-0.11620135656599709,8.442634958238918,0.0,103.324,0.031506900835771325,-0.33669784159965,-5.117620545844939,1.578157930473114,0.02604931230427389,-0.3835797368934737,-5.132197809601934,-0.027806088115029784,-0.43473001690118185,-0.0,1.5730345988356322,-2.0007596306867446,-254.78863699172453,0.0,-0.00017586652727486337,8.000000000006429,0.0,1.5708183101108024,76.0,0.057965893454212346,0.0565102130311558,0.054412730320454024,0.22857189654356824,0.3522686296741928,0.044717401582814655,0.13319918573579476,0.2055941626287529,-34.726241426601156,0.14971171553210677
103.5,-2.0450025932287748,46.0475342285579,5.264,0.01,8.3,0.0,1.5753544746574502,0.0,0.0,0.0,-2.02949054035691,-253.66602346777844,0.0,-0.11266661995805852,8.346737826603539,0.0,103.423,0.03251001664822154,-0.39235753429214965,-5.069653651074048,1.581397597413254,0.02393608224461445,-0.4216940346773318,-5.127669785511797,-0.04534592963264793,-0.3413705807184684,-0.0,1.5752375057192698,-2.000777217339515,-253.98863699191796,0.0,-0.00017586652850042463,8.000000000000744,0.0,1.5708183101109556,77.0,0.05819350488597508,0.05662766600744412,0.05408884378170959,0.22866964107789586,0.35228199444480185,0.044795654814743784,0.13324163406785294,0.20567117169006127,-34.729774647937546,0.14975810593022493
103.6,-2.045002782301383,46.87971855803082,5.26,0.01,8.2,0.02,1.5750364564035575,0.0,0.0,0.0,-2.0283245850417697,-252.83654279268168,0.0,-0.10946528586256325,8.249371314619088,0.0,103.522,0.027997181632807233,-0.4229743298252378,-5.111680265981213,1.5817903174313577,0.01819076138029812,-0.44158407100355335,-5.125090528805686,-0.06653481774211636,-0.22041998878170155,-0.02,1.5778811447608077,-2.0007948039924344,-253.18863699211104,0.0,-0.00017586653032480558,8.000000000003586,0.0,1.5708183101111837,78.0,0.05828432503240028,0.05663398621824659,0.053883293034592494,0.22851033020858236,0.3521757814985537,0.04480110624763062,0.13320821774006986,0.20550420068835254,-34.737064729912504,0.1496240500125286
103.702,-2.045002963265256,47.689711228075595,5.257,0.0,8.11,0.03,1.575763600007866,-0.060616006924216176,-0.010360765907370832,0.010469093272402924,-2.027275393702952,-251.85386085571866,0.0,-0.11694515516083206,8.135728264587295,0.0,103.621,0.026876564726367902,-0.43463477455640465,-5.073765720308295,1.5796672010476716,0.019105135608055164,-0.4457695763846532,-5.12326571110863,-0.04375482701708054,-0.09989313039168302,-0.03,1.576258724806058,-2.0008159079762016,-252.22863699234193,0.0,-0.00017586653302499296,8.00000000000927,0.0,1.5708183101115212,81.0,0.05919302353128623,0.057334415481544915,0.05394054655505974,0.22942572107101938,0.35255125583242153,0.04522317954568881,0.13347099510415053,0.2064888237763329,-34.672703220523616,0.1502194004677414
103.8,-2.045003147057935,48.49970397189132,5.253,0.0,8.02,0.04,1.5762894065727033,0.0,0.0,0.0,-2.0267990905247237,-251.20607512266716,0.0,-0.12035509895962436,8.064742187526274,0.0,103.72,0.023911615836706958,-0.4496065853603301,-5.0622270687494595,1.581758046807454,0.014000440036555505,-0.43910349178041885,-5.117446444290698,-0.06956590001654962,0.020040173653397275,-0.04,1.5794485427770057,-2.00082997729889,-251.58863699249576,0.0,-0.00017586653471786103,8.00000000000927,0.0,1.5708183101117328,80.0,0.05924337343208847,0.05736433172447643,0.05400277990721299,0.22925407514591567,0.35244494947770455,0.04519657686535576,0.13339608444121548,0.2063288633754613,-34.67689154473867,0.15008276804693643
103.901,-2.0450033254371327,49.298600844828655,5.249,0.0,7.95,0.05,1.5768979285520057,-0.10526119772567791,-0.006774458307425902,0.012437610844544107,-2.02645319387357,-250.24442489891138,0.0,-0.12684373259647316,7.968974486408185,0.0,103.819,0.02390099603242064,-0.4499410147296372,-5.065615718919319,1.5797892081867126,0.012989654946171707,-0.43818773933306165,-5.114240194484239,-0.06355185799976365,0.0829332142320558,-0.05,1.5787075754560298,-2.000851081283163,-250.62863699272657,0.0,-0.00017586653682284388,8.00000000000927,0.0,1.570818310111996,82.0,0.059208871769076354,0.05735278617521115,0.054036768824702285,0.22921513010511924,0.352436495597623,0.04519209769754061,0.13339006150036362,0.20630129846285566,-34.6733812707018,0.15006158822683432
104.0,-2.045003507212245,50.0974977943757,5.244,0.0,7.88,0.05,1.5778590432044606,-0.08969470958170846,-0.003568921243124098,0.007469621662096692,-2.026499974922619,-249.60930961587584,0.0,-0.13317313616547308,7.912595649716515,0.0,103.918,0.020250697589511722,-0.41942696305041005,-5.135632021375543,1.575117827132059,0.01231102991275769,-0.40048023435873104,-5.120419598182517,-0.04504557712207269,0.2196692983879478,-0.05,1.5763576788775855,-2.00086515060616,-249.9886369928804,0.0,-0.00017586653850327745,8.00000000000927,0.0,1.570818310112206,82.0,0.059588740511462526,0.05761289827097388,0.05419895268307389,0.22950672686889353,0.35255674272439197,0.04532075428851414,0.13345300141748032,0.20664085938998597,-34.64934077391381,0.1502554615875189
104.1,-2.0450036864432555,50.88529895160039,5.24,-0.01,7.82,0.06,1.57778364332882,-0.12574596953844785,0.003981433310461864,-0.00258679481921073,-2.0270633396787368,-248.66434687070588,0.0,-0.13280908583860462,7.840977246306815,0.0,104.017,0.02387078319766813,-0.4221505164283006,-5.090242038538047,1.5748715453195268,0.01820974817799522,-0.3821128255124845,-5.126586683319637,-0.004010346530272702,0.2707343457394398,-0.06,1.5725279783270916,-2.0008862545909194,-249.02863699311115,0.0,-0.00017586654145025345,8.00000000000927,0.0,1.5708183101125743,83.0,0.05913307013546264,0.056874543530794595,0.05409055590739066,0.22843237561622845,0.35210751749985264,0.04491107508582254,0.13317730106666803,0.2055714742182014,-34.70033438687986,0.1495472794015612
104.2,-2.0450038595630797,51.66200423500155,5.233,-0.01,7.78,0.06,1.5766462833296995,-0.11173455952705472,0.027327778496771017,-0.016162927967907924,-2.027757125652735,-248.03867274370293,0.0,-0.1255363196783451,7.8028257438279125,0.0,104.116,0.021970158305005625,-0.390099177113808,-5.064611146539691,1.5766579675178811,0.018602911852417664,-0.35413535897928206,-5.12149486208879,-0.012112598942813252,0.31674512142403355,-0.06,1.573527367927467,-2.0009003239143,-248.38863699326498,0.0,-0.00017586654370089756,8.00000000000927,0.0,1.5708183101128557,84.0,0.05990081335742468,0.0577593850057908,0.054343963037793534,0.2297764459744333,0.3526932955809,0.04540714157552842,0.13351829678227425,0.2069562402698386,-34.62719227337098,0.15045372775739904
104.3,-2.0450040327443073,52.43870951550557,5.225,-0.01,7.74,0.06,1.5757020577464738,0.0,0.0,0.0,-2.028888738715573,-247.26038519986298,0.0,-0.11777813778728197,7.7650023506052905,0.0,104.215,0.022319999097139345,-0.3716667748361479,-5.070770817702725,1.5802347243263755,0.01791356779048254,-0.33062844588050777,-5.1146065818107385,-0.029397113528560698,0.34053786188749413,-0.06,1.5756718439988502,-2.000917910568746,-247.58863699345727,0.0,-0.00017586654579522228,8.00000000000927,0.0,1.5708183101131175,85.0,0.05925534027974931,0.05700410031572671,0.05422790149004803,0.22864717462228074,0.352205995045898,0.04498074023876154,0.13322405305864266,0.20580183681931052,-34.68273838162033,0.1496957342672544
104.406,-2.0450042064642986,53.215414793788796,5.219,-0.01,7.72,0.06,1.5755916615624468,-0.08036141955680426,0.0006132523690128732,0.00017162334925210953,-2.0304916076885133,-246.3306558852293,0.0,-0.117225014733802,7.732097861700338,0.0,104.314,0.025850736492810507,-0.33641189096598184,-5.111533822442733,1.573217536203012,0.021736387978558792,-0.29503268270690086,-5.115275617667857,-0.012154851363477359,0.36642171408000745,-0.06,1.573536079520336,-2.000939014554397,-246.62863699368802,0.0,-0.00017586654892871574,8.00000000000927,0.0,1.5708183101135091,92.0,0.06052824577445831,0.057880881617783764,0.0542488432855792,0.23024370067746952,0.3529463947075469,0.04556092873010591,0.1337024107342196,0.2074922540928119,-34.590091272622765,0.15079801186487757
104.5,-2.0450043826377122,53.99212015199112,5.215,-0.01,7.7,0.06,1.5755007262949388,-0.07664640744518415,0.008428356795007454,-0.0069747785662204855,-2.0319835842679312,-245.55835729799566,0.0,-0.11584076288238777,7.713797099713349,0.0,104.413,0.02623502941338496,-0.30992687405881025,-5.067107816548154,1.5749263967501206,0.022765838560901558,-0.26768112657560383,-5.110956286627641,-0.010143555437144935,0.3741205374084311,-0.06,1.5732911512840326,-2.00095660120939,-245.8286369938803,0.0,-0.00017586655149732773,8.00000000000927,0.0,1.5708183101138302,87.0,0.05884807116953734,0.05678201681424254,0.05393720314354384,0.22853723959430533,0.3521802369864633,0.04486293877549574,0.1331967135431016,0.2056107517762991,-34.71805160024249,0.1496395567659032
104.6,-2.0450045566913087,54.75772971935899,5.212,-0.01,7.69,0.05,1.5750312829066553,0.0,0.0,0.0,-2.0332525672999875,-244.9415807665108,0.0,-0.1138993444887224,7.704480469346247,0.0,104.512,0.029164129814207594,-0.2720598547660593,-4.9999666327265135,1.5793557329482377,0.02379208307344484,-0.22501749991709935,-5.100348208559197,-0.01677111992427023,0.3997381215926312,-0.05,1.574105583756826,-2.000974187864672,-245.0286369940726,0.0,-0.0001758665548528658,8.00000000000927,0.0,1.5708183101142497,88.0,0.07358318557425848,0.06665265877237561,0.056072006696130224,0.24329965518896943,0.35852219110542527,0.050836645381331785,0.1373812125922776,0.22219197787267173,-33.7936121684297,0.15987645781287774
104.7,-2.0450047312183752,55.523339285971815,5.21,-0.01,7.69,0.05,1.5748994392950573,0.0,0.0,0.0,-2.034884757542689,-244.17134492583642,0.0,-0.11273761257728493,7.699030108710328,0.0,104.611,0.03161533347995462,-0.2358013227901486,-5.048300640596596,1.5719659116008133,0.029720074703649887,-0.19709838231597365,-5.095793224812132,0.007120079379558709,0.38108957345081773,-0.05,1.5711531460907313,-2.000988257189147,-244.38863699422643,0.0,-0.00017586655786734336,8.00000000000927,0.0,1.5708183101146265,89.0,0.0603469626336632,0.0576660801132596,0.05513065864915409,0.22891948277399912,0.35220786171311325,0.045280314328522656,0.1332848941522897,0.20627619953874285,-34.56692027864967,0.14977348322729345
104.8,-2.0540938144715,56.30004455169194,5.206,-0.01,7.69,0.05,1.574296808396701,0.0,0.0,0.0,-2.036525360985182,-243.40129525960506,0.0,-0.10980090030712043,7.700136989928393,0.0,104.71,0.03382789855383818,-0.20606403503891235,-4.994455863712595,1.5740705365256875,0.031775211346458866,-0.16378384868020196,-5.082285490000141,0.003893991812399378,0.37628532177705853,-0.05,1.5715533055996054,-2.0010058438450966,-243.58863699441872,0.0,-0.00017586656185526446,8.00000000000927,0.0,1.570818310115125,90.0,0.05925986132177196,0.057060182945926456,0.054685907466607106,0.22889935549554,0.3523875238004775,0.04505991491459913,0.13334015598508306,0.20614001912388746,-34.652397353481305,0.14991831992510868
104.903,-2.054093989211122,57.0656541158121,5.204,-0.01,7.7,0.04,1.5734537798587718,-0.04554087035072906,0.007172519974543849,-0.008237339665183878,-2.03838815366759,-242.47664411839523,0.0,-0.10255812912208008,7.708670886766882,0.0,104.809,0.030340411333102193,-0.18158799044725638,-5.10223579857945,1.5732048275430657,0.029035222808056767,-0.13915136619290752,-5.08927569114468,-0.009559829230715298,0.3394050830386197,-0.04,1.5732293166037519,-2.00102694783276,-242.62863699464947,0.0,-0.00017586656625174764,8.00000000000927,0.0,1.5708183101156745,94.0,0.05954370049140484,0.05728022409417913,0.05439970246681923,0.22956701211400568,0.35270873610863995,0.04520599139417703,0.13350582756558574,0.20675765719917652,-34.642461932741085,0.15038960117119005
105.0,-2.0540941666707297,57.84235946868664,5.2,-0.01,7.71,0.04,1.5733902620293687,-0.02233323176172502,-0.00384446687997063,0.001712832990493171,-2.0395004062504225,-241.8594785267367,0.0,-0.10325818803450375,7.717406524915347,0.0,104.908,0.03457351065369032,-0.13934012253696731,-5.023656876543623,1.5772077503127153,0.030899916947340955,-0.10491655029510222,-5.076430380571992,-0.013380703237334356,0.33749968419314325,-0.04,1.5737016561977908,-2.001044534489515,-241.82863699484176,0.0,-0.00017586656942965003,8.00000000000927,0.0,1.5708183101160718,92.0,0.05867429993364677,0.05673925207956381,0.05407031839762093,0.22870186039162663,0.35229022999701515,0.04484534375622206,0.13323418641341211,0.20576101591467044,-34.71611099315007,0.14978008813245713
105.1,-2.0540943381864167,58.607968937907046,5.197,-0.01,7.72,0.03,1.5737005763829244,-0.028948718121298303,-0.00268911968991964,-0.0008510312550823047,-2.0407292602404454,-241.08689251998177,0.0,-0.10723299810370782,7.730924581860926,0.0,105.007,0.033404094681628665,-0.10821128245243034,-5.066000955269411,1.5765125473612358,0.02927753901570679,-0.07190594985460574,-5.067155992940622,-0.03345971515310875,0.33187977670464885,-0.03,1.576193736385484,-2.001058603815109,-241.1886369949956,0.0,-0.00017586657131081192,8.00000000000927,0.0,1.570818310116307,93.0,0.05847391276189107,0.05653652144078549,0.05388756447158299,0.22830980359713157,0.3520826795062732,0.044720434086568776,0.13313086863624715,0.20533077137059935,-34.74087260819729,0.14948698327479729
105.2,-2.0540945156137838,59.384674287708236,5.194,0.0,7.74,0.03,1.5745464368399722,0.0,0.0,0.0,-2.0418154683861043,-240.31277888051977,0.0,-0.11428681905622647,7.74740227778235,0.0,105.106,0.03709273878994496,-0.08888401472530437,-5.061358438798123,1.5816863627205022,0.027526679953363713,-0.04731498732318476,-5.064743189733569,-0.055135308353021856,0.298675858827842,-0.03,1.577654974260937,-2.0010761904723475,-240.38863699518788,0.0,-0.00017586657416719372,8.000000000009269,0.0,1.570818310116664,94.0,0.05869057336171774,0.05666967145890006,0.053803559948044685,0.22842682110977985,0.3521197388767021,0.044804380277839444,0.13317484021908757,0.20546095179624665,-34.73236873979361,0.1495561443380896
105.3,-2.0540946896660657,60.16137954334441,5.189,0.0,7.76,0.03,1.5757026100207607,-0.02141116475170402,-0.017456379982092915,0.015100729605612333,-2.0428474376923145,-239.5368240277569,0.0,-0.12402492090696587,7.766866797868435,0.0,105.205,0.03892610513101103,-0.04549647666322279,-5.008564295272616,1.5758100489973839,0.030454240775495606,-0.01743704023206894,-5.056774912562162,-0.03652832568978146,0.28649346335475556,-0.03,1.575335953270455,-2.0010937771298867,-239.58863699538017,0.0,-0.0001758665769702848,8.000000000009269,0.0,1.5708183101170143,95.0,0.05855527640684167,0.05660522370805207,0.053701653420708595,0.22827728421010937,0.3520485094346539,0.04477295679297856,0.133141484997768,0.2052966834951396,-34.741976674200416,0.14945220881876942
105.4,-2.0540948670611954,60.93808489007226,5.186,0.0,7.79,0.02,1.5760604963314275,-0.023995969201187038,0.002587061835011978,0.0001867567568074849,-2.0441793242439372,-238.60284760576852,0.0,-0.1298545408646711,7.793845500964919,0.0,105.337,0.03750515729982645,-0.02215521257417996,-5.068122175487934,1.5699366409438582,0.03586074888689908,0.0012082954961145339,-5.062158598134316,0.003823021729955585,0.24228578098529407,-0.02,1.570320369944566,-2.0011148811193045,-238.62863699561092,0.0,-0.00017586658042174615,8.000000000009269,0.0,1.5708183101174458,63.0,0.0587458621202209,0.056847396425485794,0.0537409248406795,0.22856199252316367,0.3521605027177637,0.04491105668084096,0.13321627860036528,0.20559197379624258,-34.72287610661302,0.14963430301166303
105.5,-2.0540950440403627,61.71479023702395,5.185,0.0,7.81,0.02,1.5750165768575413,-0.0055797261389242524,0.020234144831915588,-0.01875795691404164,-2.045391822809506,-237.821920278744,0.0,-0.12126807667137803,7.81869306543514,0.0,105.436,0.04367516065423305,0.00036100352380614986,-5.01528561977923,1.5681066532543169,0.04283398567841795,0.01848257064660836,-5.057420016267706,0.02416191528202688,0.21345806802930145,-0.02,1.5677849267178436,-2.0011324677774542,-237.8286369958032,0.0,-0.00017586658311825583,8.000000000009269,0.0,1.5708183101177828,64.0,0.0583805474884693,0.056550386410978565,0.053692256759638506,0.2280491962799337,0.35192668395529936,0.04473685425030844,0.1330777102780827,0.20505898286899493,-34.7493117156956,0.14928140575991122
105.6,-2.0540952218030917,62.49149558157606,5.184,0.0,7.84,0.01,1.5730622695435326,0.0,0.0,0.0,-2.046333988850845,-237.19538176109913,0.0,-0.11017212927429954,7.839142749861276,0.0,105.535,0.044739965970520074,0.017594002000387257,-4.983688100114253,1.5752917628702316,0.043103202995335904,0.035773514095541845,-5.050760729301757,0.007687571132098966,0.18293795218304254,-0.01,1.5698381280869982,-2.0011465371041726,-237.18863699595704,0.0,-0.000175866585473705,8.000000000009269,0.0,1.5708183101180773,38.0,0.05005638598059575,0.05010594501423848,0.05323691854567207,0.21627615009132992,0.34639904877186006,0.0402655320308362,0.12940658946522923,0.1929854695545724,-35.35616438477194,0.14126140549341173
105.7,-2.0540954013066255,63.27929671749638,5.184,0.0,7.86,0.01,1.5718844172686826,0.002328848435286525,0.004787525962910241,-0.008023924369676829,-2.0472981801574677,-236.40994447627298,0.0,-0.10157911089165961,7.864458754357656,0.0,105.634,0.045646073874293334,0.03097575561288475,-4.999601931845889,1.5731810751953512,0.03956040105374266,0.04557176843959451,-5.050618343577796,-0.016912776418183215,0.15193103120597318,-0.01,1.5729072724870992,-2.001164123762801,-236.38863699614933,0.0,-0.00017586658723940367,8.000000000009269,0.0,1.570818310118298,66.0,0.07972453441491903,0.07109071238702189,0.05770509131272844,0.24841520070142534,0.36047225945917033,0.05315283016445323,0.1386700478955461,0.22844473565575332,-33.37856323420578,0.16336767700359342
105.8,-2.054095581348925,64.06709785195537,5.184,0.0,7.89,0.01,1.5720753350204344,0.008362100568593621,-0.009955342105489281,0.00863614741409494,-2.0479917787627446,-235.46413374691002,0.0,-0.10519426016027285,7.893928004583158,0.0,105.733,0.046380461378649734,0.03352881200149528,-4.991810059438996,1.5784259881326081,0.03973886146603045,0.047988510610190244,-5.044075923640769,-0.025861106230451538,0.09966123531419768,-0.01,1.5740331368615115,-2.001185227753382,-235.42863699638008,0.0,-0.00017586658917030355,8.000000000009269,0.0,1.5708183101185393,67.0,0.08119521743995509,0.07184292898088411,0.05899769912907855,0.2488031327117881,0.3604933741814113,0.05347115884985442,0.1387492877144408,0.22920379962810894,-33.25810544978384,0.16351400740841168
105.912,-2.0540957612078294,64.8548989848352,5.18,0.0,7.91,0.01,1.5728176693108422,0.02453371631031852,-0.01027761620958088,0.00964163704749325,-2.0482025969583377,-234.6733145722218,0.0,-0.11254683799702762,7.91694810522179,0.0,105.832,0.045951874400605316,0.06099256966465326,-5.010729544472007,1.5745815880903176,0.04056403683172283,0.06474922862545518,-5.034877327868614,-0.02649724889084238,0.09884632639809254,-0.01,1.574104812328341,-2.001202814412347,-234.62863699657237,0.0,-0.00017586659040487156,8.000000000009269,0.0,1.5708183101186937,80.0,0.06406456628112031,0.06043311126844487,0.05747462095855142,0.23326264926119614,0.3542352208792879,0.04704085920413513,0.13464582360567567,0.21129615714556513,-34.188029632586606,0.15275377770904072
106.001,-2.0540959374346386,65.64270001375046,5.177,0.01,7.93,0.01,1.5733827527754496,0.0039383146803798315,-0.004680545674339411,0.0033708164293326176,-2.0481544400181915,-233.88025818201712,0.0,-0.11844768121670159,7.938384471522946,0.0,105.931,0.04767844805120564,0.06697854012339878,-5.019069591911055,1.5757485623975451,0.042145496664446946,0.07790001439400501,-5.032061893958549,-0.028525321897272207,0.09191295818265033,-0.01,1.5731056623688169,-2.00122040107141,-233.82863699676466,0.0,-0.00017586659121133756,8.000000000009269,0.0,1.5708183101187945,70.0,0.058922667442302804,0.05695007267715499,0.05577211509924865,0.22965366582328123,0.3529478431752451,0.045048222587945504,0.13357872103162477,0.20701132363799968,-34.603890154366745,0.15055932273543998
106.1,-2.0540961175713974,66.43050114495028,5.174,0.01,7.95,0.01,1.5737419848472367,-0.005287220103183008,-0.00284881481768804,-0.0010382246647633697,-2.0479641231618326,-233.24428528412903,0.0,-0.12147899190258203,7.9551186361682475,0.0,106.03,0.04494424596606541,0.06653597788810363,-5.034470982433791,1.5711954300199962,0.040174116975647683,0.08021471658226045,-5.029744836812155,-0.03004723945426991,0.05896894958889565,-0.01,1.5732994202282626,-2.0012344703987006,-233.1886369969185,0.0,-0.00017586659097863482,8.000000000009269,0.0,1.5708183101187654,70.0,0.05755732386240416,0.055989544142690015,0.054832972307475115,0.22849493008415617,0.3523753704470992,0.04438936406400823,0.13315273791393348,0.2055327314634578,-34.745762302027664,0.14973113863247445
106.2,-2.054096300146668,67.22939806438771,5.173,0.01,7.97,0.0,1.5738040407330283,0.0,0.0,0.0,-2.04756958289963,-232.44742618766853,0.0,-0.12293372602339636,7.976087929861339,0.0,106.129,0.048109235290823796,0.06276252604482911,-4.98448367378794,1.5778526026257524,0.039912753772906095,0.0707540370646958,-5.023921749266279,-0.034121555538321156,0.006781110619895614,-0.0,1.5738202886760724,-2.001252057057767,-232.38863699711078,0.0,-0.0001758665904688204,8.000000000009269,0.0,1.5708183101187017,71.0,0.0735162653370157,0.06720411612224465,0.05681472987115054,0.24527524707666373,0.35960233787480717,0.051161874276033366,0.13791283214130237,0.22426022290542358,-33.73311314861163,0.16144895898306413
106.301,-2.0540964825385473,68.02829498300545,5.174,0.01,7.99,0.0,1.573899806770731,0.029450095418320495,-0.001970169559144132,0.005187524823037801,-2.0469216294234855,-231.48849181086095,0.0,-0.1260215709475116,7.999739597812699,0.0,106.228,0.046248554473362714,0.07683315697555272,-4.987308637232003,1.5785553533757406,0.03598934108393399,0.07080000261946573,-5.018096167288283,-0.057769347265455746,-0.011151238716831102,-0.0,1.5767832527232533,-2.0012731610486014,-231.42863699734153,0.0,-0.00017586659033204093,8.000000000009269,0.0,1.5708183101186846,73.0,0.060291333552414374,0.05803300068348651,0.05563580451168727,0.22995866470493836,0.35275064249905047,0.04549421993116412,0.1335743170979141,0.20732404230521118,-34.522053275296756,0.15051545867378202
106.4,-2.054096664902083,68.82719190074073,5.176,0.01,8.01,0.0,1.57462238922273,0.0,0.0,0.0,-2.046426845357611,-230.84772039281825,0.0,-0.13172650075802464,8.01330190544982,0.0,106.327,0.04223107512662983,0.06578517778935322,-4.985710915080801,1.575522869528387,0.03649539166734199,0.06825161263559648,-5.012580116058487,-0.046959381254685885,-0.03385276881448718,-0.0,1.5754300322245967,-2.0012872303758225,-230.78863699749536,0.0,-0.0001758665901810506,8.000000000009269,0.0,1.5708183101186657,73.0,0.05851904797137512,0.05675323924111804,0.054943590825542614,0.2286192535376974,0.35231076630289293,0.04486723434931415,0.13326990726852883,0.20582778335522448,-34.67378516443661,0.14974193655527168
106.5,-2.0540968470822243,69.62608881765631,5.176,0.01,8.02,0.0,1.5752781239014606,0.0,0.0,0.0,-2.045802646222826,-230.04533300300335,0.0,-0.13915214207419888,8.027812218941463,0.0,106.426,0.04132454173697633,0.06938888204538352,-5.031322372841663,1.575048014616261,0.034996653267885675,0.06414967630895067,-5.014835522065864,-0.038948555143477524,-0.04433796588662098,-0.0,1.574425922419327,-2.0013048170348737,-229.9886369976877,0.0,-0.0001758665907530375,8.000000000009269,0.0,1.5708183101187372,74.0,0.0737453749224925,0.06732438863990381,0.05688590202682694,0.24469972082404073,0.3592963673873214,0.051285143389248375,0.13782868177755803,0.22380570391968518,-33.71625485140025,0.16100877486614917
106.6,-2.0540970321660126,70.43608152414004,5.175,0.01,8.03,0.0,1.575317888115768,0.0,0.0,0.0,-2.045226802218567,-229.2416081997565,0.0,-0.1412777364716626,8.039991392149311,0.0,106.492,0.042895621942603865,0.05978020911093132,-4.993292336019318,1.5738838250424456,0.035061469231978004,0.052979065480491735,-5.012309340860787,-0.02851948514367885,-0.0687557812711761,-0.0,1.573122527477929,-2.001322403693981,-229.18863699788002,0.0,-0.00017586659132324804,8.000000000009269,0.0,1.5708183101188085,108.0,0.06010168602027013,0.05776431959423506,0.05563474867418756,0.22933749502207965,0.35250424987662915,0.04536448614996469,0.13341597085025442,0.20675684522635776,-34.54143845976579,0.1501338568208585
106.7,-2.054097214689307,71.2349784394288,5.175,0.01,8.04,0.0,1.5749596204285063,0.028178503456739827,0.006182826817248468,-0.001988424819004648,-2.0446073577868082,-228.2757163713702,0.0,-0.13939840023378672,8.051557321114649,0.0,106.624,0.03916819376676322,0.05818403835192541,-5.045408724624683,1.5716964146353005,0.0370904019712935,0.04992267060234806,-5.013387813829851,-0.019543070847392645,-0.0690338345463859,-0.0,1.5719935550969328,-2.0013435076849975,-228.22863699811086,0.0,-0.00017586659269098033,8.000000000006427,0.0,1.5708183101189794,76.0,0.0637221099061725,0.06034793238791431,0.05692864682930228,0.23241910950653683,0.35370352995442805,0.04675040583899788,0.13419070513119183,0.21026082641995805,-34.25572442975657,0.15210854789308464
106.8,-2.0540973969516862,72.03387535411915,5.176,0.01,8.05,0.0,1.5742292579405497,0.0,0.0,0.0,-2.044208993703338,-227.6311235350432,0.0,-0.1359659368676019,8.057393708092862,0.0,106.723,0.038839760332408005,0.05584165316181837,-5.019310254143528,1.57572032348382,0.03452879435727721,0.04584037071416386,-5.014142037110409,-0.027847017976288767,-0.07058283190118697,-0.0,1.573032954839323,-2.0013575770123944,-227.5886369982647,0.0,-0.00017586659251518348,8.000000000009269,0.0,1.5708183101189575,77.0,0.07612706673693495,0.06879628646594323,0.058469634622707344,0.24587776137516984,0.35968384648359225,0.05203738989929674,0.1381145155266675,0.22555880980118162,-33.522587477531204,0.16176968248367068
106.904,-2.0540975816281204,72.843868057596,5.178,0.01,8.05,0.0,1.573887678622503,0.0121087328685442,0.0009152604803270114,0.000229757870443598,-2.043563217789294,-226.66351290687072,0.0,-0.13386510411951397,8.063819528373749,0.0,106.822,0.04475723507821358,0.058547893917332186,-5.014403194160665,1.5667546477455199,0.04051919679014743,0.049151684940204804,-5.010045866739858,0.0015006233239820057,-0.0458589114598702,-0.0,1.5693594936253588,-2.0013786810034992,-226.6286369984955,0.0,-0.00017586659288999478,8.000000000009269,0.0,1.5708183101190043,82.0,0.06140810853441228,0.058640528700031544,0.05677880732589836,0.23090312780483083,0.35328253629674694,0.045940487387218384,0.13387029793997574,0.20859009029557427,-34.400620521605084,0.15126210326445796
107.001,-2.0540977639113294,73.6427649703001,5.177,0.01,8.06,0.01,1.5730781197224297,0.0,0.0,0.0,-2.042918687012908,-225.85664362771482,0.0,-0.12746371186336705,8.06856873779492,0.0,106.921,0.03753564747743671,0.030034212080308237,-5.023318077000175,1.573759223064687,0.03633053101884737,0.026768504183729717,-5.009085737682069,-0.020250498897318565,-0.09628159425602156,-0.01,1.5720834759272764,74.18899999948007,1.9614813644786523e-10,0.0,7.999999999997698,2.56930659672128e-11,0.0,3.211633245902524e-12,80.0,0.05879054605974907,0.056954282401645864,0.055528714830384136,0.22950556973911346,0.3528315246413621,0.04502152495784365,0.13346737006137777,0.2067869246632577,-34.62433254457726,0.1504578258563984
107.1,-2.054097946333467,74.44166188140474,5.175,0.02,8.06,0.01,1.5724978962123881,0.0,0.0,0.0,-2.042288183549572,-225.21084834678035,0.0,-0.12477337098894124,8.071663922677,0.0,107.02,0.04341881722945222,0.026483408831909055,-4.993856692079949,1.5752519817848598,0.03420864183284286,0.013821716815855846,-5.00673431965528,-0.04441918475824323,-0.10573925043859056,-0.01,1.5738662673982877,-2.0014103369902925,-225.18863699884162,0.0,-0.00017586659391139996,8.000000000009269,0.0,1.570818310119132,80.0,0.05792521797212024,0.05648137344239447,0.054732328610745326,0.22897386067310416,0.352541298450366,0.044703020089073967,0.13327597527049542,0.20601634579221353,-34.71369302694095,0.15005751857398947
107.202,-2.054098131157435,75.25165458157036,5.173,0.02,8.06,0.01,1.5729679354142883,0.0,0.0,0.0,-2.0411293356265223,-224.24184001005432,0.0,-0.1305398734734912,8.073262165606836,0.0,107.119,0.04308235182648023,0.01863578824146976,-4.968011403907584,1.577774705984831,0.033449218135162745,0.007140768589469902,-5.000545717014475,-0.05278622358785477,-0.09787151774280645,-0.01,1.5749140747506887,-2.001431440981559,-224.22863699907236,0.0,-0.00017586659387409647,8.000000000009269,0.0,1.5708183101191273,83.0,0.058940806966243264,0.057273250231614344,0.054457768120961085,0.22994563916011163,0.3528755657170549,0.045178643997747285,0.13356681027618691,0.20699725695635535,-34.65731681668332,0.15064125187360958
107.301,-2.0540983139227222,76.05055149104818,5.17,0.02,8.06,0.01,1.5737273642469682,0.0,0.0,0.0,-2.0400596552076,-223.43435220740773,0.0,-0.13753757648990336,8.071412268319284,0.0,107.218,0.03950014125866879,0.01015549115926348,-4.985228991754765,1.5726647328084742,0.03272468554414883,-8.408475821424091e-05,-4.997581061502913,-0.03980541970546777,-0.09315345070743053,-0.01,1.5732823014880557,-2.001449027640949,-223.42863699926465,0.0,-0.00017586659465569347,8.000000000009269,0.0,1.570818310119225,83.0,0.05877135263483146,0.05709581741463311,0.054172921956327155,0.229350525275834,0.3525445402231797,0.04507142109821769,0.13342471785496762,0.20637161435002388,-34.686120810975794,0.15018627956689268
107.401,-2.045009564374652,76.86054407118989,5.166,0.02,8.06,0.01,1.573982370146785,0.0,0.0,0.0,-2.039002057328518,-222.62714546088463,0.0,-0.1401447434516331,8.06765955649322,0.0,107.317,0.03797226359963793,0.0018223809188530338,-4.978717233899939,1.5765078848096434,0.03169688461683234,-0.008760125291003656,-4.999211769977725,-0.0364096760963374,-0.09227073234604521,-0.01,1.5728558411614122,-2.0014666143003783,-222.62863699945694,0.0,-0.0001758665941067992,8.000000000009269,0.0,1.5708183101191564,84.0,0.05853259559548418,0.05689131545026474,0.05397668765500064,0.22883524815847897,0.3522879622332735,0.04494509825928513,0.13329710074549345,0.20583672738992756,-34.711784444545145,0.1498151668768522
107.5,-2.0450097462060484,77.65944097770851,5.161,0.02,8.05,0.01,1.5737936075918864,0.0,0.0,0.0,-2.0380077339031506,-221.82038193740263,0.0,-0.13960199446829236,8.062702500290854,0.0,107.416,0.036409086509205824,-0.009577821412070073,-4.947066352402932,1.5774478760949786,0.02955733182770702,-0.018619874305381007,-4.991517927974909,-0.04427131078244967,-0.08704950413960333,-0.01,1.573844347202834,-2.0014842009597595,-221.82863699964923,0.0,-0.00017586659356501037,8.000000000009269,0.0,1.5708183101190887,84.0,0.058199151396231975,0.056627704836802094,0.05379654791719808,0.2283395866635056,0.3520713047719342,0.044796290008451534,0.13317559066774073,0.20532352277582858,-34.743962977060065,0.14948610144849656
107.6,-2.0450099273537177,78.46943354945992,5.156,0.02,8.04,0.0,1.5739531382594742,0.0,0.0,0.0,-2.037269582035008,-221.17536991511116,0.0,-0.14126177682417249,8.057842236230641,0.0,107.515,0.037368894161537,-0.0035945359747243943,-5.0011130680558615,1.5812514656183572,0.025896758520764736,-0.014498543886330026,-4.993686449224365,-0.059834429316783094,-0.047348153380377234,-0.0,1.5757801669857792,-2.001498270287214,-221.18863699980307,0.0,-0.0001758665925063017,8.000000000009269,0.0,1.5708183101189563,85.0,0.0577423909805465,0.05616982391223548,0.05366137077934891,0.22752137895557606,0.3516901612074867,0.04451339527075743,0.1329387630436958,0.204474879998514,-34.786603568726946,0.14891801255385054
107.7,-2.045010108728583,79.26833045217676,5.153,0.01,8.04,0.0,1.5745360169701765,0.0,0.0,0.0,-2.0364517157975177,-220.36967426221386,0.0,-0.14656175865449475,8.051244547829116,0.0,107.614,0.03701024808666211,-0.010508336884011885,-4.982512141719351,1.5763778689944554,0.02798302161822963,-0.01544927740708638,-4.988171074667173,-0.04346853490757335,-0.03676098662231375,-0.0,1.5749781761378532,-2.0015158569463853,-220.38863699999536,0.0,-0.00017586659170871748,8.000000000009269,0.0,1.5708183101188566,86.0,0.05839026259610927,0.056542529550971714,0.05364046439066859,0.22815541529545783,0.3520054325788906,0.044800418789394635,0.13316321444384283,0.20518601713252843,-34.74934099013321,0.14937812359943273
107.8,-2.0450102903974177,80.06722735437052,5.151,0.01,8.03,0.0,1.5751030911367871,0.0,0.0,0.0,-2.0358101138856046,-219.5645904633034,0.0,-0.15218112705006925,8.045402460470244,0.0,107.713,0.03474987618893812,-0.02046759346058845,-4.950786157986466,1.5729692065854506,0.02995401040506976,-0.02263164789351354,-4.982387274089875,-0.020909344308673108,-0.03567561444604728,-0.0,1.5721609621299957,-2.0015334436054784,-219.58863700018765,0.0,-0.0001758665904155297,8.000000000009269,0.0,1.570818310118695,87.0,0.05821257562446304,0.05645318400403215,0.05358817955315781,0.22795699529532054,0.35190867352599525,0.04470039125751329,0.1330684839016794,0.204956811526211,-34.76191938297419,0.1492377238112063
107.922,-2.045010516533619,81.0769441444906,5.147,0.01,8.03,0.0,1.5746705630470552,0.0,0.0,0.0,-2.0352389326990465,-218.43829120812686,0.0,-0.15003444920507245,8.039468222723912,0.0,107.878,0.03572907160331204,-0.016371990603697484,-4.962480552698516,1.5735641717249156,0.03216415280606085,-0.022949775390633982,-4.978574657184225,-0.010691893430187477,-0.02173526349462307,-0.0,1.5708827242169638,-2.0015580649281732,-218.46863700045688,0.0,-0.00017586659067132508,8.000000000009269,0.0,1.570818310118727,44.0,0.06477853836238862,0.061281898412489946,0.05460680370147136,0.23534996347058335,0.3551505654919976,0.04767309228833554,0.13519972505791691,0.2130068519748563,-34.27073179915522,0.15425293951123872
108.0,-2.045010652904928,81.6761168181648,5.143,0.01,8.02,0.0,1.5740169322260207,0.0,0.0,0.0,-2.035074438232787,-217.95582780184677,0.0,-0.14646175873660816,8.037469783757931,0.0,107.911,0.034481189222091174,-0.019844748996096867,-4.9642641229354245,1.5744667656892148,0.0299423779114341,-0.027420796236345496,-4.978785546120184,-0.013334650847460144,-0.01695674012382753,-0.0,1.5712129996212445,-2.001568616923599,-217.98863700057225,0.0,-0.00017586659032138279,8.000000000009269,0.0,1.5708183101186832,89.0,0.060835242600936264,0.058272528872019905,0.055270203668443346,0.22888558706586484,0.35189862888464507,0.045396565287446,0.13307492620008854,0.20614245087744146,-34.51050927684597,0.14947580104136013
108.1,-2.045010834333681,82.47501371625498,5.142,0.01,8.02,0.0,1.573189456775088,-0.0027468963449437007,0.00428381151379777,-0.006255031000790148,-2.0347772022809285,-216.99126298641448,0.0,-0.1393277821872786,8.033893898340217,0.0,108.01,0.03050399266554923,-0.029023464063667806,-5.020362260339427,1.5733878132286663,0.02826794686528812,-0.02952671025442969,-4.9832670131506,-0.02202620797293503,-0.016611315900439294,-0.0,1.572298965164243,-2.001589720914425,-217.02863700080303,0.0,-0.00017586659098574024,8.000000000009269,0.0,1.5708183101187663,90.0,0.06394761954183276,0.06034381911307742,0.056655357116266285,0.23175018169430875,0.3532040084130135,0.046677307435745274,0.134008289404052,0.20953871497300694,-34.25719349953952,0.15145869254308325
108.2,-2.0450110161339268,83.27391061246163,5.141,0.01,8.02,0.0,1.5730213514205558,0.001460351395420837,-0.000311516704955043,0.0028800284927399246,-2.034556729315315,-216.3484630842258,0.0,-0.13915537277937004,8.031539230660671,0.0,108.109,0.02890872592208132,-0.0369885798558038,-5.023604718479877,1.5699889406751935,0.02704551911203107,-0.03767996462963073,-4.991599815482992,-0.012943175210944348,-0.03060436209026829,-0.0,1.5711647119908734,-2.001603790241707,-216.3886370009569,0.0,-0.00017586659122021935,8.000000000009269,0.0,1.5708183101187956,91.0,0.05899153903142519,0.05688075925327534,0.055502571524507195,0.22852014497202514,0.35226061278234116,0.0449709338745358,0.13330204499912748,0.20589677396668143,-34.61602255293307,0.14966004370492347
108.3,-2.045011200078985,84.08390329932169,5.141,0.01,8.02,0.0,1.5726594142059351,0.0,0.0,0.0,-2.0342398996693225,-215.5452411180111,0.0,-0.13774077689501152,8.028296503479165,0.0,108.208,0.030173352044242846,-0.04442067669831014,-5.001343298778616,1.5724413037105742,0.026341104588894222,-0.04680317702998456,-4.992655749337558,-0.022710498403847604,-0.044904664059689736,-0.0,1.5723900992962159,-2.0016213769008098,-215.5886370011492,0.0,-0.00017586659064823244,8.000000000009269,0.0,1.570818310118724,92.0,0.05832895489364579,0.05662356682979032,0.054778053948399935,0.22896232717949255,0.3525693794879182,0.04483167419882556,0.13336415056996168,0.20613392078254827,-34.68852229915235,0.15006157946218518
108.4,-2.0450113817450166,84.88280019398465,5.142,0.01,8.01,0.0,1.5725874284424373,0.0,0.0,0.0,-2.0338753879238283,-214.74240064585516,0.0,-0.1374374663178393,8.0239316158725,0.0,108.307,0.030072832612188148,-0.049799344065360795,-4.9677359970243895,1.5724928735968544,0.024918361880247923,-0.05427492272152905,-4.988979067342399,-0.02785274077099583,-0.04577408578162068,-0.0,1.5730379396096206,-2.0016389635598646,-214.78863700134153,0.0,-0.00017586659050790025,8.000000000009269,0.0,1.5708183101187065,93.0,0.05761308383354064,0.05616766997427457,0.05428141021979705,0.22818453032554079,0.3521397246837328,0.04449495522447222,0.13307704334859322,0.2051804121616534,-34.75934898380859,0.14946971332984546
108.5,-2.045011563305181,85.68169708798638,5.141,0.01,8.0,0.0,1.5728251473654546,0.0,0.0,0.0,-2.0334787865275437,-213.94008713737185,0.0,-0.1405243064441987,8.017775815101134,0.0,108.406,0.033131657197076544,-0.04018759156492264,-4.989800874421147,1.57891045934654,0.024393423373200912,-0.050315386839338075,-4.988029650874241,-0.039766945475843994,-0.015926724880023002,-0.0,1.5745246001372863,-2.0016565502189128,-213.98863700153385,0.0,-0.00017586659027697387,8.000000000009269,0.0,1.5708183101186777,94.0,0.058126802070429404,0.0565932249530482,0.05400558871364231,0.228737819231804,0.3523574439036258,0.04476661154763834,0.1332609126860005,0.2057374004224095,-34.736278691307525,0.14983064811956293
108.6,-2.0450117446044374,86.48059398138969,5.14,0.01,8.0,0.0,1.57345308462647,0.0,0.0,0.0,-2.033089900968294,-213.1384564312769,0.0,-0.14508872874352455,8.010273693002947,0.0,108.505,0.03173588430965131,-0.04342529785392644,-4.9749572684965,1.5753319967243338,0.02417129529431971,-0.045349789031541674,-4.982140549028102,-0.03842059357080948,0.0006896861849732261,-0.0,1.574348579806036,-2.0016741368779076,-213.18863700172614,0.0,-0.00017586658953268035,8.000000000009269,0.0,1.5708183101185846,95.0,0.05834176594901279,0.05664236964380363,0.05383034148350893,0.22857418208877844,0.35224017235152977,0.044797679355960664,0.13322733881453866,0.20558547697621865,-34.737684648602404,0.14968887816983192
108.7,-2.045011923254929,87.27949073584378,5.137,0.01,7.99,0.0,1.5740253285646923,-0.014253272164804695,-0.00637987887752399,0.004031842182107368,-2.032712878324526,-212.17747239175634,0.0,-0.1513957720612765,8.001503092453174,0.0,108.637,0.030769143494231044,-0.05047118770728323,-4.963192507489807,1.5707860433260776,0.027603279452007974,-0.047676876310192115,-4.978137557367575,-0.010763598000532932,0.0023464239468511394,-0.0,1.5708918679486086,-2.0016952408686577,-212.22863700195694,0.0,-0.00017586658917918534,8.000000000009269,0.0,1.5708183101185405,63.0,0.05846669741787775,0.05670736334521092,0.05374625581017272,0.228501112788027,0.3521827872908859,0.04484013369735288,0.13321516615241202,0.20552513207048723,-34.73501802472049,0.1496232842546525
108.8,-2.045012104897328,88.07838762610133,5.134,0.01,7.98,0.0,1.5735518264726291,-0.008787426597064994,0.01276000623560771,-0.008169382195336718,-2.0325411512791796,-211.53734491521618,0.0,-0.14824655285177793,7.996745440264278,0.0,108.736,0.029564929594619357,-0.05641592785078538,-4.953845081619848,1.5698386123266395,0.02940054552178973,-0.05313498412274981,-4.9729495064526645,0.002957110368611515,-0.0038141111492429047,-0.0,1.5691718537508117,-2.0017128275275593,-211.4286370021493,0.0,-0.00017586658885055932,8.000000000009269,0.0,1.5708183101184994,64.0,0.058220864943985956,0.056523986205665996,0.05368176099537831,0.22808995471371193,0.35198229581133417,0.04472882814730367,0.13310047837108133,0.20509933101093153,-34.753589824724514,0.14933243812019154
108.9,-2.045012286433863,88.87728451569768,5.13,0.01,7.98,0.0,1.5725167852968462,0.0,0.0,0.0,-2.032339292099408,-210.5778315866896,0.0,-0.13951940148922734,7.990515578150878,0.0,108.835,0.030792926320934,-0.03937696130660126,-4.9348496855877695,1.575440473012737,0.02805788561144161,-0.048977501084031205,-4.969654837708234,-0.00612256616443191,0.009017171010783365,-0.0,1.5703109812951797,-2.001730414186399,-210.6286370023416,0.0,-0.00017586658837976228,8.000000000006427,0.0,1.5708183101184405,65.0,0.058313779991435104,0.05656007188958831,0.05368204047205007,0.22810882118216438,0.35199037728588184,0.04479604399047102,0.13313597604973856,0.20514403381717455,-34.74604358108454,0.14934738219291474
109.0,-2.045012462295727,89.66508547154682,5.129,0.01,7.97,0.0,1.5716904932658673,-0.005855040784975491,0.0020275678780848866,-0.006952121168784296,-2.032165242731921,-209.9385770361328,0.0,-0.1340676408935141,7.986584633986022,0.0,108.934,0.02981192356127246,-0.04266062197980704,-4.961602196630634,1.5669060858368975,0.028617106123453778,-0.04046362712182054,-4.965535915835531,-0.00021917897697182331,0.03549723104714797,-0.0,1.569574564314176,-2.001744483513448,-209.9886370024956,0.0,-0.00017586658817554372,8.000000000009269,0.0,1.570818310118415,66.0,0.05835998818780262,0.05657006316855289,0.05362411559722604,0.22815247904321134,0.35202341438817414,0.044779571204088105,0.13313252531838593,0.205185123307703,-34.749842531294505,0.1493907164179719
109.1,-2.045012643543007,90.46398235738386,5.127,0.01,7.97,0.0,1.5713488709323593,0.0,0.0,0.0,-2.031837321754992,-209.1399373025473,0.0,-0.13268736903949763,7.982264959189158,0.0,109.033,0.0299342381037844,-0.046728145877463545,-5.01028847063307,1.5713874953783507,0.025949520915430693,-0.04244252830419598,-4.970826044508552,-0.015266371601564901,0.023825282430995465,-0.0,1.5714551316415861,-2.0017620701723358,-209.18863700268793,0.0,-0.00017586658930708303,8.000000000009269,0.0,1.5708183101185564,67.0,0.058066201927382884,0.056349308548386365,0.0535786882251216,0.22776031964393664,0.3518300341042447,0.04462250909452956,0.1330011670372218,0.20475721906533415,-34.772124453547804,0.14910984219470827
109.2,-2.04501282548409,91.2628792432157,5.127,0.01,7.97,0.0,1.5714591806198028,-0.008379548903050557,-0.003480303551207812,0.006498299198260431,-2.0312501417484117,-208.1820331190064,0.0,-0.13296433094253998,7.978806681289054,0.0,109.132,0.028181923149864133,-0.04238854579275662,-4.965807192094197,1.5715222444504768,0.028551418097764368,-0.04069836833735217,-4.976044929599299,0.0026532166320110562,0.023441846048091186,-0.0,1.569213378384536,-2.001783174163098,-208.2286370029187,0.0,-0.0001758665908596189,8.000000000009269,0.0,1.5708183101187505,68.0,0.058212116724653096,0.05650745746351254,0.05357658631138286,0.22803274630639833,0.35195682537094647,0.04472409059184033,0.13308242700135398,0.20503591085240733,-34.75958632196547,0.1493005397617257
109.3,-2.0450130068419448,92.06177612770998,5.126,0.01,7.97,0.0,1.571259319115432,-0.003919760574572963,0.004201519236453135,-0.007443061587665667,-2.0307416628266695,-207.54361440048618,0.0,-0.13254234739138226,7.977282782219043,0.0,109.231,0.028028786649805352,-0.04281872165414707,-4.945931030448853,1.5723297918819097,0.02778870545337269,-0.04044959491246347,-4.9738938707578875,-0.002001196411268927,0.019294765037065176,-0.0,1.5697951369337941,-2.0017972434904077,-207.58863700307253,0.0,-0.00017586659221497918,8.000000000009269,0.0,1.57081831011892,69.0,0.058337115161958115,0.05659129057536561,0.053571828799173674,0.2281672489115533,0.35201992528419107,0.04478214621790806,0.13312651070497428,0.20518216376061088,-34.75147545749442,0.14939603019086667
109.4,-2.04501318864882,92.86067301009948,5.127,0.01,7.96,0.0,1.5708891748825573,0.0,0.0,0.0,-2.02979483448415,-206.58618612928103,0.0,-0.12910898862981518,7.9755175733096,0.0,109.33,0.025642002879340303,-0.047127548038542286,-4.996705922524685,1.5690837654429626,0.02691468761666109,-0.04243075201368782,-4.974655358486032,0.002502834142967394,0.017544875453769926,-0.0,1.569229074701509,-2.001818347481441,-206.62863700330334,0.0,-0.00017586659113850693,8.000000000009269,0.0,1.5708183101187854,70.0,0.05818222006348795,0.05647498000543027,0.05355390810204468,0.22795996643842836,0.35191563132038334,0.044704998234865984,0.13305972695876855,0.2049564008428869,-34.76216541760459,0.14924575131943835
109.5,-2.0450133698724606,93.65956989229058,5.129,0.02,7.96,0.0,1.5705841721526832,0.0,0.0,0.0,-2.029023046553557,-205.94802122288277,0.0,-0.12748606183904973,7.97433130522457,0.0,109.429,0.027197474809695,-0.04380358553009354,-5.005768272874719,1.5712215853973677,0.026082142332029608,-0.04321855361532739,-4.982309392415912,-0.004366349281026437,0.011342117198087642,-0.0,1.5688350973752352,-2.0018324168087474,-205.9886370034572,0.0,-0.00017586659165720313,8.000000000009269,0.0,1.5708183101188502,71.0,0.058230339208594314,0.05655793891560082,0.05354225072013686,0.2281243292796895,0.35199575583942505,0.04476797942510343,0.13311503177858391,0.205121850876403,-34.75593502020705,0.14936400467904964
109.6,-2.0450135522085553,94.44737113190253,5.13,0.02,7.96,0.01,1.5702790519015422,0.0,0.0,0.0,-2.0278884609376155,-205.15046342133266,0.0,-0.1255536791291078,7.972579621408199,0.0,109.528,0.025394085858577123,-0.04174010519498224,-4.991929117116043,1.575198346566875,0.024219930022391693,-0.041742429139599635,-4.987987802084886,-0.014972140807571354,0.011817688572601348,-0.01,1.5701656226415688,-2.0018500034678843,-205.1886370036495,0.0,-0.00017586659138009146,8.000000000009269,0.0,1.5708183101188156,72.0,0.0583011606051032,0.056611593964672226,0.05354960061808314,0.22819947568467477,0.3520233082594851,0.04480741228819143,0.13313913633869034,0.20520060170716845,-34.750724861741375,0.14941061923855847
109.7,-2.0450137338650904,95.24626801349004,5.13,0.02,7.96,0.01,1.570261954507094,0.0,0.0,0.0,-2.0265764438700136,-204.3531054922311,0.0,-0.12575955691840246,7.970383854073557,0.0,109.627,0.02525654412081929,-0.03982587971542309,-4.985843316119204,1.5768200375487589,0.019568256683259476,-0.039583816480884396,-4.9891873042752675,-0.04301696256867038,0.013906149537211476,-0.01,1.5736828542020298,-2.0018675901269947,-204.38863700384178,0.0,-0.00017586659097330575,8.000000000009269,0.0,1.5708183101187647,73.0,0.058265009867544064,0.05658086473084906,0.0535394967152406,0.22814592672988354,0.351994992883567,0.04478414471023098,0.13312034131191336,0.20514036712404388,-34.75391168923183,0.14937082744827287
109.8,-2.0359249629291725,96.0451648952687,5.13,0.02,7.96,0.01,1.5712086458250434,0.0,0.0,0.0,-2.025148317338214,-203.5559809361704,0.0,-0.13262457216730061,7.967734418857914,0.0,109.726,0.023548977016428527,-0.03645751356070611,-4.974130211103539,1.5723443746197556,0.018458037425522135,-0.03644267377852688,-4.98890753447062,-0.033259961519178406,0.01825666768980483,-0.01,1.572458337665471,-2.001885176786086,-203.58863700403407,0.0,-0.00017586659130548448,8.000000000009269,0.0,1.5708183101188062,74.0,0.0582665347160513,0.05657574450787959,0.05353303626092885,0.22813859495479438,0.3519888793863931,0.044780611180727126,0.13311824153636995,0.20513074899284295,-34.75456386268543,0.14936365637571006
109.9,-2.0359251413725232,96.83296598474368,5.13,0.02,7.95,0.01,1.5720588657448555,0.0,0.0,0.0,-2.023456612294679,-202.5997466953766,0.0,-0.1415367167360856,7.964644899523742,0.0,109.825,0.022733080749373875,-0.032652821286209124,-4.966503543902704,1.568031040459671,0.01996030068837642,-0.032473721783360616,-4.9862144466321325,-0.007508330117540469,0.031769747556172234,-0.01,1.5692313029870288,-2.0019062807770216,-202.62863700426487,0.0,-0.00017586659077968285,8.000000000009269,0.0,1.5708183101187405,75.0,0.05826819065428922,0.05657503034103642,0.05352890507521514,0.2281367519617493,0.3519855140073472,0.04477965306150658,0.133117633087674,0.20512696101261177,-34.75477905764556,0.14936040239971043
110.0,-2.035925322234096,97.63186286367119,5.13,0.02,7.95,0.01,1.5718594717935213,0.0,0.0,0.0,-2.0224180750398997,-201.96242390697012,0.0,-0.14112166490218633,7.963227029453507,0.0,109.924,0.019644480004145055,-0.02770128915814475,-4.971487747951356,1.5691854756375283,0.020119862495003193,-0.025955588179460504,-4.983238164997887,-0.004439186358189672,0.04070096528980294,-0.01,1.5688489639741154,-2.001920350104285,-201.9886370044188,0.0,-0.000175866590362239,8.000000000009269,0.0,1.5708183101186883,76.0,0.058305950041776064,0.05657484764816534,0.05352626321083563,0.22813492517636133,0.35198268384766646,0.04477908089509699,0.13311710553233197,0.2051280417349488,-34.754402322790106,0.14935755878958665
110.1,-2.0359254971109095,98.4196637968256,5.129,0.02,7.95,0.01,1.5709538734252586,0.0,0.0,0.0,-2.021225008343535,-201.165888443594,0.0,-0.13417301950302013,7.962606636825051,0.0,109.99,0.020365170416682437,-0.02759628942705434,-5.0006616850419086,1.5684531098778938,0.020095422467909768,-0.02220075081141261,-4.986133469692007,-0.000267553628040932,0.041570728408626856,-0.01,1.5683271743664795,-2.001937936763252,-201.18863700461117,0.0,-0.000175866589555773,8.000000000009269,0.0,1.5708183101185875,110.0,0.05845810626381462,0.056687580118429455,0.05355922074033015,0.2282938090667015,0.3520483229291399,0.04484187535853278,0.1331578951516859,0.20529732581624727,-34.74363988447633,0.14946119076365483
110.2,-2.035925678083064,99.21856067213196,5.127,0.02,7.95,0.01,1.5705361349417386,0.0,0.0,0.0,-2.020099318024004,-200.36936972810835,0.0,-0.13041664656907634,7.963167865407686,0.0,110.122,0.02019182688855341,-0.019944158689794364,-4.949698047803902,1.5683557845722427,0.02053502415807943,-0.01890693817086158,-4.985641217339618,0.011927310905906503,0.04118833201739136,-0.01,1.5668010335167608,-2.0019555234222435,-200.38863700480346,0.0,-0.00017586659021124866,8.000000000009269,0.0,1.5708183101186695,78.0,0.06337529426794525,0.06011060791428523,0.05534013464592339,0.23200935204337228,0.3533900597797794,0.046622548981577625,0.13404250865256803,0.2095461735961574,-34.353674729784395,0.1517426261480302
110.301,-2.035925856115167,100.0063617564092,5.127,0.02,7.95,0.01,1.5696108730651925,0.0,0.0,0.0,-2.018756086964192,-199.41338880863563,0.0,-0.12317129659225823,7.9655108861804305,0.0,110.221,0.0195174895582594,-0.014821754265518391,-4.938862321738533,1.5720373405394137,0.018156178983647152,-0.011210536317524503,-4.978473582651054,-0.007729624157907433,0.05091068865274817,-0.01,1.5692627055985566,-2.0019766274130544,-199.4286370050342,0.0,-0.0001758665900407184,8.000000000009269,0.0,1.5708183101186481,80.0,0.05892081207819404,0.056838098652183956,0.054699818097672326,0.22804961749934258,0.35192015699323026,0.044909345341870445,0.13310863513695922,0.20528348464106355,-34.662145435822,0.14926685164401382
110.4,-2.0359260371979033,100.80525862961333,5.125,0.02,7.96,0.01,1.569331457200695,0.0,0.0,0.0,-2.017590173568802,-198.6164736653042,0.0,-0.12209842127638999,7.968530959741529,0.0,110.32,0.016182589691560254,-0.011287346022543526,-4.977211666570313,1.568704380611797,0.01671090432549957,-0.006935859651347055,-4.978193753206542,-0.0046203839941696585,0.04202621373965787,-0.01,1.5688743639497504,-2.0019942140720435,-198.6286370052266,0.0,-0.00017586658979202845,8.000000000009269,0.0,1.570818310118617,80.0,0.05835514560567201,0.05653265897009311,0.05424156008329221,0.22833582433867985,0.352174676808596,0.04477801856488953,0.13318611665837662,0.20545127566795723,-34.72008971663885,0.14957097317296497
110.5,-2.0359262177749287,101.60415550239783,5.12,0.02,7.96,0.01,1.5694287003160008,0.0,0.0,0.0,-2.0166251044627463,-197.97868539009426,0.0,-0.122975683974626,7.971733247803804,0.0,110.419,0.0156869230331515,-0.001077252599990322,-4.952209769005211,1.569673118933029,0.014990094455029131,0.0016168021952622587,-4.973807322813274,-0.008893018631017706,0.05473743581950341,-0.01,1.5694105079396157,-2.0020082833992334,-197.9886370053805,0.0,-0.00017586659015973431,8.000000000009269,0.0,1.570818310118663,81.0,0.058406600731839294,0.05663785548262531,0.05399882315590056,0.2286141848631241,0.35227574157069047,0.04480713580909756,0.13322272221073364,0.20565366733740523,-34.7279651938602,0.14974286429606398
110.6,-2.0359263930118345,102.39195642405232,5.118,0.02,7.96,0.01,1.5696630116461332,0.0,0.0,0.0,-2.0154101566193323,-197.18102891501678,0.0,-0.12568556567658842,7.976794116625984,0.0,110.518,0.009738800706607991,0.0011172212238982904,-4.983836855412942,1.5670214407969143,0.01353758146469499,0.0072297045947866696,-4.976538010877681,0.0029229638095236987,0.05748855280293075,-0.01,1.5679372143437742,-2.002025870058294,-197.18863700557282,0.0,-0.0001758665912504174,8.000000000009269,0.0,1.5708183101187994,82.0,0.05844593801887999,0.056628092419783796,0.05382603642338564,0.22850963367592161,0.3521875770503683,0.04479075882006731,0.1331900639090518,0.20551845803014973,-34.736587607843184,0.14963901813291203
110.7,-2.0268376166595665,103.19085329488962,5.117,0.02,7.97,0.01,1.5694540718712395,0.0,0.0,0.0,-2.01421565097276,-196.38278537386336,0.0,-0.12457011108166711,7.98331721426245,0.0,110.617,0.011483521524186364,0.010490028047997743,-4.937930052895051,1.572199552222455,0.009860021341632583,0.012777960913590625,-4.97410358810064,-0.015907235858834346,0.052600283233826595,-0.01,1.5702861725255057,-2.002043456717383,-196.3886370057652,0.0,-0.000175866591014037,8.000000000003585,0.0,1.5708183101187698,83.0,0.058528423141251784,0.05671877905586158,0.053747670227524226,0.22852732228411296,0.3521622473793921,0.04483848092552539,0.1331981308607764,0.20552662521403997,-34.73377218616542,0.149624718891892
110.8,-2.0268377968414697,103.98975016325359,5.115,0.02,7.98,0.01,1.5696962242389585,0.0,0.0,0.0,-2.013065877537608,-195.58382537692063,0.0,-0.12584783079116055,7.99097143604721,0.0,110.716,0.0099479552426779,-0.0019660138430704632,-4.9263609609752885,1.574349884956241,0.006952252143646694,0.003048981531489009,-4.968764877631081,-0.029416330423081626,0.010974482654320994,-0.01,1.5719746969780517,-2.0020610433765054,-195.5886370059575,0.0,-0.00017586659162345235,8.000000000009269,0.0,1.570818310118846,84.0,0.05840219675112502,0.05661476709774312,0.053666004262114285,0.22828310484907396,0.3520402702437398,0.0447838361077308,0.1331433243702849,0.2052743530860637,-34.74502182035006,0.14944862651670404
110.9,-2.026837976917502,104.78864703095635,5.116,0.02,7.99,0.01,1.570406684654534,0.017525157068199747,-0.01056240520239231,0.006386566486417128,-2.012013625048765,-194.78406912871426,0.0,-0.1319657203136647,7.9987710649235915,0.0,110.815,0.00812966434242324,-0.0025470910167383204,-4.952024582685744,1.5790864900046955,-0.0002100859502901744,-0.0032611151761686493,-4.967604765663436,-0.06687027401406032,-0.014330710355660692,-0.01,1.5766729163031368,-2.002078630035669,-194.7886370061498,0.0,-0.00017586659165720313,8.000000000009269,0.0,1.5708183101188502,85.0,0.058286055254749135,0.05658909998979276,0.05361387596549265,0.22820598279406124,0.35200416980001353,0.04477718904828454,0.13313223816954955,0.2051881338095573,-34.75065502734906,0.14939547276147747
111.0,-2.026838154155456,105.57644810761929,5.118,0.01,7.99,0.0,1.5722241578067209,0.0,0.0,0.0,-2.011177779326916,-193.9835810857276,0.0,-0.14530863869637253,8.00487161688669,0.0,110.914,0.010131893882870056,0.006575708050721829,-4.914772761411458,1.5693769726860398,0.0045886461939699495,0.001350401439020436,-4.960465172643049,-0.015281901144950753,0.0005693730732101443,-0.0,1.5714573435671748,-2.002096216694838,-193.9886370063421,0.0,-0.00017586659216701754,8.000000000009269,0.0,1.570818310118914,86.0,0.058188927006979446,0.056505153432398036,0.05360492544548799,0.22800924766321026,0.3519053373925911,0.044727142097159577,0.13307743607632908,0.20498797636082425,-34.75800282870834,0.14925249909055072
111.1,-2.02683833434207,106.37534497359957,5.117,0.01,8.0,0.0,1.5728601928011068,0.0,0.0,0.0,-2.0107189703782447,-193.18255722807595,0.0,-0.1534348166037817,8.009107600691499,0.0,111.013,0.007069192785267235,0.006325170556540874,-4.958341094681985,1.572214643661931,0.00408465676703439,0.004942747529802829,-4.957272150490203,-0.016954399983513623,0.00197105998588043,-0.0,1.5716654124464782,-2.002113803354083,-193.1886370065344,0.0,-0.00017586659417962984,8.000000000009269,0.0,1.5708183101191655,87.0,0.058337016682185404,0.05656260293986505,0.053574859359256856,0.22812852334087091,0.35197407631093897,0.0447705223421931,0.13311971406144887,0.20512643262129426,-34.7528508439375,0.1493471948085258
111.2,-2.0268385140229768,107.17424183840075,5.115,0.01,8.0,0.0,1.5726313739458584,0.0,0.0,0.0,-2.0106988211081687,-192.3811570870952,0.0,-0.15199854196801194,8.012620687696787,0.0,111.112,0.005873920083466949,0.009747301405645892,-4.941374274340018,1.5722717880785175,0.002276474801248155,0.007708723140702303,-4.955994431441626,-0.018494225965404665,0.01003995495790555,-0.0,1.5718567737875602,-2.002131390013593,-192.38863700672675,0.0,-0.00017586659606789716,8.000000000009269,0.0,1.5708183101194015,88.0,0.05843605056575541,0.056616577763554964,0.05357313204585045,0.2282072344798062,0.3520113026790085,0.04480778196513406,0.13314386453367602,0.20521581443087294,-34.74783832361644,0.14940243336520762
111.3,-2.0268386939978527,107.97313870191938,5.115,0.0,8.0,0.0,1.5725373154880964,0.0,0.0,0.0,-2.0110873625723746,-191.57942663602606,0.0,-0.1511357527541724,8.016108309604503,0.0,111.211,0.01095337412003685,-0.010265605429340768,-4.945381369176833,1.5738260204401342,0.005240926149930984,-0.009839283967836704,-4.95497593820423,-0.013466649650635992,-0.033437771533376015,-0.0,1.5724867217780452,-2.0021489766732143,-191.58863700691904,0.0,-0.00017586659629349448,8.000000000009269,0.0,1.5708183101194297,89.0,0.05782659369107188,0.0562063805953545,0.05352636577046069,0.22750520041168218,0.35167606883722996,0.04453290442572324,0.1329216122873312,0.20445415218695728,-34.787505755397646,0.14890651547709127
111.4,-2.026838874189181,108.77203556437675,5.113,0.0,8.01,0.0,1.5726324414743595,0.022652123160869418,0.0055045014156762245,-0.00037814571112066336,-2.011861223055109,-190.7773585375975,0.0,-0.15235668469861063,8.019368474246377,0.0,111.31,0.012425578334042512,-0.011480439938624798,-4.938473910938613,1.5730797818695457,0.00629437438672264,-0.017635837357846816,-4.953784589019108,-0.015936947769018838,-0.05407676477619372,-0.0,1.5727994791609416,-2.0021665633328203,-190.78863700711133,0.0,-0.00017586659521702224,8.000000000009269,0.0,1.5708183101192952,90.0,0.05809323482104551,0.056511481498429314,0.05352463928635446,0.22806882853009322,0.35195741750474147,0.0447425678688611,0.13310584975742762,0.2050417373866973,-34.76268670511687,0.1493148712497756
111.5,-2.0268390565172574,109.58202821614961,5.111,0.0,8.01,0.0,1.5728685630627461,0.0,0.0,0.0,-2.0129918901320107,-189.97504800062,0.0,-0.15455474046093992,8.02085699283012,0.0,111.409,0.01066473354839655,-0.011811472460771369,-4.949983197892298,1.5696277564797474,0.009634051357798008,-0.019113362323862418,-4.9532274573938135,0.008704376393471156,-0.04606845088104272,-0.0,1.5697033524425026,-2.0021841499923525,-189.98863700730362,0.0,-0.00017586659580854906,8.000000000009269,0.0,1.5708183101193691,91.0,0.05793768378069586,0.056376329164093644,0.053542893008857284,0.22777443218270324,0.3518046175407735,0.04464903013763393,0.13301063554301695,0.20473495302259953,-34.773883437847175,0.14909672004456875
111.6,-2.0268392330278466,110.38092490320514,5.109,0.0,8.01,0.0,1.5724335008442891,0.0,0.0,0.0,-2.0144294588515166,-189.1727298712273,0.0,-0.1523112195477168,8.019916464196367,0.0,111.508,0.012716071885698791,-0.014835786020651276,-4.910875546787444,1.574626839786777,0.010097407570178182,-0.021151272934311502,-4.94832796216034,-0.0025079911283438497,-0.04029877977398755,-0.0,1.5711110175187082,-2.0022017366519256,-189.18863700749594,0.0,-0.00017586659523300945,8.000000000009269,0.0,1.5708183101192972,43.0,0.0496986296728069,0.0498790989743851,0.053044385434298374,0.21592006211900514,0.34624229731710227,0.04013088875194093,0.1293027929771154,0.1926064873125568,-35.41091632645808,0.14107741591265996
111.7,-2.0268394131341374,111.17982176187587,5.108,0.0,8.0,0.0,1.5721557088571154,0.0,0.0,0.0,-2.016088431362614,-188.37062427604772,0.0,-0.14957645117615168,8.017223354741478,0.0,111.607,0.013451738089219224,-0.02007692071425947,-4.8974671376735515,1.5736097118572059,0.011494261085670268,-0.023729554353329303,-4.941684695450805,-0.0027391853660166184,-0.030350961829273437,-0.0,1.571140028913401,-2.002219323311447,-188.38863700768826,0.0,-0.00017586659522590402,8.000000000009269,0.0,1.5708183101192963,93.0,0.07952523026482579,0.07099886876226064,0.05756480544657941,0.24825049838547528,0.3603938518502015,0.053134819299945686,0.1386333735854497,0.2282333681340794,-33.40091438544029,0.16328165147823073
111.8,-2.0268395934568737,111.97871862024479,5.108,0.0,8.0,0.0,1.5720940750932808,0.0,0.0,0.0,-2.0178963616896324,-187.56885069265155,0.0,-0.14894893546810126,8.013685893621957,0.0,111.706,0.012034782251524736,-0.028579976628050625,-4.966554832389103,1.5742240552661597,0.010084248839886002,-0.030386022916561187,-4.941483550227964,-0.017241572178829087,-0.03976678435157943,-0.0,1.5729622866040465,-2.002236909970946,-187.58863700788055,0.0,-0.00017586659605901538,8.000000000009269,0.0,1.5708183101194004,94.0,0.06034259380790201,0.05785512018033211,0.05605170755785177,0.22885244053826712,0.3522209399644691,0.04543081798879712,0.13333101280531984,0.20640438576729586,-34.50074278171186,0.1497579519762423
111.9,-2.026839773273906,112.77761547667514,5.108,0.0,7.99,0.0,1.5724346493978538,0.008238809656897635,-0.005545769294517026,0.006835393190865652,-2.0202352086677102,-186.60722981857612,0.0,-0.15226689275104519,8.008743823242387,0.0,111.805,0.01563914956949223,-0.006678704168193897,-4.955509985058583,1.569755372506593,0.013466636220907928,-0.0119838629153649,-4.943848013513204,-0.00028732390954739993,0.020864252719686505,-0.0,1.5708321935753538,-2.002258013962554,-186.62863700811133,0.0,-0.00017586659691521937,8.000000000009269,0.0,1.5708183101195075,95.0,0.058531138766062904,0.05663311553312459,0.05511802765473985,0.22862604055084532,0.35239853849593195,0.044866218827058324,0.13327789949417512,0.20590177339023155,-34.66383382684901,0.1498376318612339
112.0,-2.026839953384904,113.57651233182294,5.106,0.0,7.99,0.0,1.5725730710572117,0.0,0.0,0.0,-2.021907002648418,-185.9664742639702,0.0,-0.15334677677163508,8.005698055389853,0.0,111.937,0.017363154233035208,-0.01057783055088167,-4.920712418746359,1.5731527166102424,0.01445318746695418,-0.0066741989558222765,-4.940969666200354,-0.005809311114779971,0.031000794605132498,-0.0,1.571520589296269,-2.0022720832903045,-185.98863700826516,0.0,-0.0001758665969596283,8.000000000009269,0.0,1.570818310119513,63.0,0.05848074693288113,0.05665991830529004,0.05455206398019035,0.22906363214391845,0.3525748131289935,0.044832371206127826,0.13331963528866234,0.2061694848740637,-34.69871035483608,0.15012319151967884
112.1,-2.026840133390042,114.375409187069,5.106,0.0,7.99,0.0,1.5723830406230432,0.0,0.0,0.0,-2.024581660316705,-185.00567909305815,0.0,-0.15191661982610144,8.003557839877878,0.0,112.069,0.022020276812986198,-0.01411824893171812,-4.942126361638813,1.5687382724460346,0.021314012771383187,-0.010017325148401646,-4.941951863894994,0.0213786745307536,0.016988681446230558,-0.0,1.5681263312973015,-2.002293187281936,-185.0286370084959,0.0,-0.0001758665971816729,8.000000000009269,0.0,1.5708183101195408,31.0,0.058157143157763776,0.056541380024932135,0.05422461435982673,0.22866178811817217,0.3522770168049975,0.04468992950178072,0.13315927902101685,0.2056333830605679,-34.73424451345858,0.14975181848812413
112.2,-2.026840310504028,115.1632102509476,5.105,0.0,7.99,0.0,1.5717860388711582,0.0,0.0,0.0,-2.0264352047157437,-184.36518237227,0.0,-0.14761595479788367,8.004320566150197,0.0,112.102,0.023813057439344216,-0.011614592475407526,-4.923844683168842,1.5694970585650825,0.02440684821017488,-0.00960035200285203,-4.939856002466449,0.024036378309155733,0.016010383490900892,-0.0,1.5677940441423825,-2.0023072566097184,-184.38863700864974,0.0,-0.00017586659734154502,8.000000000009269,0.0,1.5708183101195607,98.0,0.06282154340087265,0.05970836991195772,0.0558388277379822,0.23174384718017868,0.3532709545391517,0.04631141826672658,0.13389185535779688,0.20920696485586524,-34.369770172356404,0.15154519281502996
112.302,-2.0359294627379505,115.9732028913413,5.106,0.0,7.99,0.0,1.570698049555011,0.0,0.0,0.0,-2.0291866265086895,-183.40424050021076,0.0,-0.13787198643192605,8.007111360166656,0.0,112.267,0.024060048639117294,-0.013641954603127948,-4.940924006718578,1.5693325150532287,0.025830049206599794,-0.011902049650924049,-4.938337974050954,0.02170582985567639,0.007852033666217118,-0.0,1.5680823760400384,-2.0023283606013913,-183.4286370088805,0.0,-0.00017586659740904658,8.000000000009269,0.0,1.5708183101195692,35.0,0.05947046555572062,0.057292323027227976,0.05507625155291904,0.22907514888343006,0.3523932887366004,0.045176767100885716,0.13339134768744118,0.20634318574251298,-34.607117364970065,0.14996930943573694
112.401,-2.0359296435474796,116.77209974447996,5.107,0.0,7.99,0.0,1.5700257289016173,0.0,0.0,0.0,-2.0313107487726967,-182.60319866394786,0.0,-0.13306905131747937,8.009653563701642,0.0,112.333,0.02256002080639341,-0.0169456028407773,-4.94998162504535,1.5757119213541009,0.023017204889214028,-0.014645540687397408,-4.939720932545399,-0.005017379025335158,0.00038141789806100945,-0.0,1.5714242540618801,-2.002345947261121,-182.6286370090728,0.0,-0.0001758665972598326,8.000000000009269,0.0,1.5708183101195505,68.0,0.0638217866512256,0.06036862167291984,0.056485782130364114,0.23267897442974494,0.3537640411709603,0.04679051093321487,0.13425727589357023,0.21041110452796197,-34.2756435715533,0.15225329014142983
112.5,-2.0359298243286617,117.57099659597665,5.108,0.0,8.0,0.0,1.570202276520666,0.0,0.0,0.0,-2.0332057103504986,-181.8019263198275,0.0,-0.13544576659327995,8.01166801669788,0.0,112.432,0.031547638473415976,-0.013393788420534056,-4.910184112902531,1.5745132776971928,0.027092747868732406,-0.015001031568233975,-4.933675736527929,-0.009153288827555794,-0.007373878488474261,-0.0,1.5719415429837718,-2.002363533920866,-181.82863700926512,0.0,-0.00017586659828123778,8.000000000009269,0.0,1.5708183101196782,68.0,0.05864007155855934,0.056692195487458436,0.05533446687883297,0.22831109048651613,0.3521269505706341,0.044825202527325636,0.1331707209755068,0.20557764931041383,-34.650311475807065,0.1495110068423329
112.6,-2.0359300050039693,118.3698934452932,5.106,0.0,8.0,0.0,1.5709542737338944,0.0,0.0,0.0,-2.034565598018141,-181.16077450279218,0.0,-0.1402865375395897,8.012749175513285,0.0,112.531,0.03141913701545225,-0.014305605086094936,-4.943270401288674,1.5685795909788285,0.03037825994191199,-0.01540996490614114,-4.932379349846961,0.002415263081649881,-0.005864007747198308,-0.0,1.57049419745778,-2.002377603248741,-181.188637009419,0.0,-0.00017586659855302038,8.000000000009269,0.0,1.5708183101197122,69.0,0.058279192758074666,0.0565472986445917,0.054662174550151835,0.22873065097975637,0.3523950355681054,0.04477374673012829,0.13326871774265042,0.20584722593477806,-34.70309977393364,0.14986835691538497
112.7,-2.0359301857284606,119.16879029388573,5.104,0.0,8.0,0.0,1.5713217085602247,0.0,0.0,0.0,-2.0361056206362447,-180.35922601748325,0.0,-0.1441277700631156,8.0135308745121,0.0,112.63,0.03383658302749063,-0.01564477300554476,-4.936153626358308,1.566786710739327,0.035504294556995,-0.016790081741546215,-4.935508118907766,0.02817047648500889,-0.006986144275599848,-0.0,1.5672719540918931,-2.002395189908549,-180.38863700961141,0.0,-0.0001758665975227334,8.000000000009269,0.0,1.5708183101195834,70.0,0.05833246871507056,0.05664612951995082,0.05424666532572335,0.2288679564758761,0.35240594444210643,0.04480505802173056,0.13327738465084327,0.20589500725822274,-34.718383799575655,0.14992437033171646
112.8,-2.0359303665918738,119.967687142018,5.101,0.0,8.0,0.0,1.5707021926453473,0.0,0.0,0.0,-2.0374476759025417,-179.55761210879203,0.0,-0.14063882836687822,8.01406090069794,0.0,112.729,0.03568412351724994,-0.02022620153811234,-4.934015081913471,1.5658022397977491,0.03937517566246726,-0.020371115392285165,-4.935331876888309,0.03800418264024254,-0.013227128648758857,-0.0,1.5660379723978786,-2.002412776568329,-179.5886370098037,0.0,-0.00017586659882480298,8.000000000009269,0.0,1.5708183101197462,22.0,0.049786378263456235,0.04995930425034707,0.05348693933788737,0.21639502386151377,0.34647137369964165,0.04015064546617241,0.12939538963138983,0.19305992855605686,-35.38516323843593,0.1413880198656891
112.9,-2.03593054727191,120.76658398933057,5.1,0.0,8.0,0.0,1.569493236663055,0.0,0.0,0.0,-2.0384834525940105,-178.7559731810762,0.0,-0.13111461742323638,8.01436596139033,0.0,112.828,0.03180921220586917,-0.025444931632536284,-4.945630814153886,1.5782083956685662,0.032611588891777864,-0.025226088028918785,-4.932614392002641,-0.016272318138534202,-0.021874784742362152,-0.0,1.5728359407562056,-2.0024303632282217,-178.788637009996,0.0,-0.00017586659876795956,8.000000000009269,0.0,1.570818310119739,72.0,0.05994172099837406,0.05764470623586972,0.055301819382184154,0.22893902896453716,0.35218797024818066,0.045267308900901915,0.1332781125612834,0.2062358432140327,-34.56779182784494,0.1497612625792678
113.0,-2.035930727923585,121.5654808350012,5.1,0.01,8.0,0.0,1.569845236200143,0.0,0.0,0.0,-2.0390836766290468,-177.95436350320455,0.0,-0.13101730923790297,8.013666710426634,0.0,112.927,0.036923343597620305,-0.023873702355103263,-4.9418890457902265,1.569101610918769,0.0333758744487959,-0.02808645914548511,-4.938290617164334,-0.01005600578710445,-0.023473026154256615,-0.0,1.5708033481197523,-2.0024479498880745,-177.98863701018828,0.0,-0.00017586659860098201,8.000000000009269,0.0,1.5708183101197182,73.0,0.058429098805877995,0.0566417000426916,0.05464942513071952,0.22836346512758982,0.3521462166901257,0.04483004393382102,0.1332045933403412,0.2055188280984343,-34.69129502396612,0.14955044300401008
113.1,-2.0359309091915563,122.36437768240683,5.1,0.01,7.99,0.0,1.5707496774837804,0.0,0.0,0.0,-2.039254430638655,-177.15286819341657,0.0,-0.14014727444736147,8.01172093987725,0.0,113.026,0.03675914934083751,-0.025626451869373575,-4.910278782751682,1.5738531215966658,0.03308585470436076,-0.02740301468578006,-4.935422350812896,-0.014848676638210212,-0.008873192839489619,-0.0,1.571403844525018,-2.002465536547942,-177.18863701038057,0.0,-0.0001758665989313844,8.000000000009269,0.0,1.5708183101197595,74.0,0.05829633391397047,0.05660316091905815,0.05423860912365083,0.22860309070202844,0.3522783428285731,0.04480511689329201,0.13324176518472272,0.20566447748743397,-34.719439683802435,0.1497373929781356
113.203,-2.035931086537886,123.16327433209761,5.099,0.01,7.99,0.0,1.5711687408064046,0.0,0.0,0.0,-2.03901936945144,-176.19135086843687,0.0,-0.14400335300522304,8.008588488719338,0.0,113.158,0.03694464735745668,-0.03198335439357912,-4.914821945606961,1.5705438776059022,0.03394599800851218,-0.03167909586491624,-4.926650617550491,-0.01260095679501438,-0.01751252469678466,-0.0,1.5711225683488401,-2.002486640539808,-176.22863701061132,0.0,-0.00017586659908237472,8.000000000009269,0.0,1.5708183101197783,45.0,0.05914482392619069,0.057257718204869607,0.05411719419181019,0.22956351733572775,0.35266297955410003,0.04519214963995127,0.1335027335085572,0.2066411230813456,-34.664975166801916,0.15035252960047696
113.3,-2.035931267271799,123.96217117402409,5.099,0.02,7.99,0.0,1.571333485774465,0.0,0.0,0.0,-2.038536788508235,-175.3903828729117,0.0,-0.14539956726277475,8.005610889507963,0.0,113.257,0.036349784804692475,-0.035369103956413565,-4.895311226083189,1.5689318565060246,0.03477090402983701,-0.03557689524284424,-4.9227350346772205,-0.010697601685848868,-0.023487599745368293,-0.0,1.569628639654168,-2.0025042271997093,-175.4286370108036,0.0,-0.00017586659902197859,8.000000000009269,0.0,1.5708183101197708,43.0,0.06332057426281587,0.060162217030194594,0.05568310671769435,0.23234751843500548,0.3535596092668085,0.046642162844740424,0.13412081577284815,0.20988324706290823,-34.33860798412792,0.15198602389774787
113.401,-2.035931448399907,124.74997242253137,5.1,0.02,7.98,0.0,1.5711883260835913,0.0,0.0,0.0,-2.0378266439540242,-174.5897275732504,0.0,-0.14368167436260076,8.00223321810222,0.0,113.323,0.03543206347879686,-0.03754713832103162,-4.917136418023367,1.5657013202215948,0.0358626138448086,-0.039161515169245834,-4.92205961509651,0.004877119559645739,-0.0183871692848383,-0.0,1.567671703791006,-2.0025218138595453,-174.62863701099593,0.0,-0.00017586659839314826,8.000000000009269,0.0,1.5708183101196922,78.0,0.06458850151856119,0.06094991737929285,0.056998465613239964,0.23251030505150383,0.3535202795186389,0.04697354769931017,0.13416381230259497,0.21037946474032476,-34.19708133990714,0.151993058718041
113.501,-2.035931626305832,125.54886906573674,5.099,0.02,7.98,0.0,1.5706343127847668,0.0,0.0,0.0,-2.0368883286906385,-173.78944679900428,0.0,-0.1388656828758258,7.998341475689045,0.0,113.455,0.03383152509595256,-0.04121523261747958,-4.918313776108253,1.5640327592578191,0.036282996600557324,-0.04222993882334708,-4.920968808145416,0.018078058926788338,-0.023160265672333757,-0.0,1.5660107876213514,-2.0025394005193897,-173.82863701118822,0.0,-0.00017586659817998544,8.000000000009269,0.0,1.5708183101196656,46.0,0.05914674032199792,0.05709897561218728,0.05572196288226274,0.2287925469827257,0.3523797279446705,0.045113941497129294,0.13335807688181475,0.20620071366235643,-34.58937654096878,0.14986636365468103
113.6,-2.0359318069669428,126.3477659058805,5.097,0.02,7.97,0.0,1.5695821733123179,0.0,0.0,0.0,-2.035943848897156,-173.14953702419703,0.0,-0.13222638813918916,7.994830632971908,0.0,113.521,0.03487403149528783,-0.04072587393947234,-4.893905841874818,1.5701977930499613,0.035745126094973614,-0.043617705032828386,-4.917698002942627,0.007357611311787603,-0.012959991764504686,-0.0,1.5673581759892747,-2.0025534698472502,-173.18863701134205,0.0,-0.00017586659826347422,8.000000000009269,0.0,1.570818310119676,36.0,0.04675910031231216,0.047525110923137326,0.05396463284352064,0.21338393439233327,0.3454372718755951,0.038796475135424204,0.12865963338538505,0.19027531123161,-35.603774084994015,0.1397255360371571
113.702,-2.035931987599703,127.14666274362281,5.094,0.03,7.97,0.0,1.5688592056420188,0.0,0.0,0.0,-2.034120322788063,-172.19025956988077,0.0,-0.12541878408108686,7.988944795692125,0.0,113.62,0.03198293094211098,-0.025070373133247913,-4.888737048918803,1.5717268911656417,0.029117805520009345,-0.0322513704059882,-4.914642121713582,-0.030769171934687402,0.01804895981459964,-0.0,1.5708926171326474,-2.0025745738390253,-172.2286370115728,0.0,-0.00017586659801656061,8.000000000009269,0.0,1.5708183101196451,82.0,0.07613296802197009,0.06886656362693423,0.05849941536405317,0.2463617705596135,0.3598984701285269,0.0520936329457818,0.13821469264467426,0.22599909265402632,-33.51556475532967,0.1621250205054724
113.8,-2.035932168526436,127.94555958046234,5.094,0.03,7.96,0.0,1.569297818294961,0.0,0.0,0.0,-2.0326230112425887,-171.5511334986383,0.0,-0.1281458340630552,7.98514905353456,0.0,113.719,0.030805261028228347,-0.02570109928765784,-4.880199851701993,1.5754891897699728,0.02384689892836573,-0.02357570257461558,-4.906624642256915,-0.054590441673824236,0.044317168187773426,-0.0,1.5738684644670184,-2.0025886431668587,-171.58863701172663,0.0,-0.00017586659803432418,8.000000000009269,0.0,1.5708183101196473,81.0,0.06022517499925656,0.05781031269893062,0.05656864471455864,0.22975480261703837,0.35272700115846584,0.04541208926988099,0.13351468523003898,0.20726115121865182,-34.49114825361937,0.15044775359659757
113.901,-2.035932346765968,128.73336062857112,5.093,0.03,7.96,0.0,1.5704895677652697,0.0,0.0,0.0,-2.0300913939219885,-170.59288437876026,0.0,-0.1395275994892074,7.981328818983139,0.0,113.818,0.03180441894033132,-0.025723390351644365,-4.903104599511255,1.5740768204557007,0.02426514605773815,-0.020464684514133073,-4.904791947373811,-0.04005309936408083,0.04317107142410226,-0.0,1.5720524656412136,-2.002609747158596,-170.62863701195744,0.0,-0.00017586659703068257,8.000000000009269,0.0,1.5708183101195219,83.0,0.0587396978588437,0.05683718027733,0.055468098743569144,0.22935505174151335,0.3527076234148886,0.044943044777926995,0.13342430081530526,0.20658585584094727,-34.63583945194962,0.15030898404198473
114.0,-2.0359325274809734,129.53225746294902,5.092,0.03,7.96,0.0,1.571614826333478,0.0,0.0,0.0,-2.028345345116523,-169.95417928566016,0.0,-0.14669954131499327,7.980705888130642,0.0,113.917,0.025832922502325398,-0.023057788064902468,-4.897519596359866,1.5718301456728456,0.02227343952589597,-0.01915593441226364,-4.905641011482684,-0.03126712128069078,0.03804507945205682,-0.0,1.5709547556681402,-2.0026238164863486,-169.98863701211127,0.0,-0.0001758665967660054,8.000000000009269,0.0,1.5708183101194888,83.0,0.05835985473631698,0.056679666042561104,0.054725418360087284,0.22924770418133164,0.35262182769795575,0.04481890047246294,0.1333579260782593,0.20630306213114002,-34.694356460940256,0.15021256145566833
114.1,-2.0359327084124104,130.33115429854405,5.091,0.03,7.96,0.0,1.571611758091256,0.0,0.0,0.0,-2.026225445954683,-169.15573897903425,0.0,-0.14786885418479065,7.981996582101935,0.0,114.016,0.026694558566476678,-0.022896507410713064,-4.908481418796919,1.570437310707488,0.02364771923259957,-0.019063780600452912,-4.907605840278713,-0.015195208046465632,0.03050708921198897,-0.0,1.5689435313656006,-2.0026414031459883,-169.1886370123036,0.0,-0.00017586659640895767,8.000000000009269,0.0,1.5708183101194442,84.0,0.05828718743548657,0.05664700180678313,0.05427895943205938,0.22894283286694905,0.3524025702556993,0.04478066429768707,0.13327743237277379,0.20592305858865267,-34.719744699428134,0.14994025024543295
114.2,-2.0268439044908177,131.13005113435236,5.091,0.03,7.97,0.0,1.571193645216061,0.0,0.0,0.0,-2.0242200366576752,-168.35709985396375,0.0,-0.14535997732086384,7.984493681463446,0.0,114.115,0.023478491520549163,-0.018659008297998707,-4.943617986820808,1.5700924005489407,0.021546146903767847,-0.017880327632803943,-4.911830596551445,-0.01770798367419666,0.021668097133413333,-0.0,1.5692582240505033,-2.0026589898056213,-168.38863701249588,0.0,-0.00017586659593644676,8.000000000009269,0.0,1.570818310119385,46.0,0.04977609844101312,0.05000458104775172,0.05352810014657775,0.21647150467828635,0.3464826634098594,0.040184304479892304,0.12943112508937388,0.19312071845677778,-35.378273460253205,0.14140657337697005
114.3,-2.0268440818417446,131.9178521773465,5.091,0.03,7.97,0.0,1.570725423068159,0.0,0.0,0.0,-2.0223149350897582,-167.5582040977249,0.0,-0.14148905921084834,7.987276306266662,0.0,114.214,0.022882718765583943,-0.01652949430308441,-4.920542242701037,1.5702442039698974,0.019787183624754533,-0.014428290703539855,-4.916068958031863,-0.020160810208142216,0.0257465381466897,-0.0,1.5695657744282658,-2.0026765764652215,-167.5886370126882,0.0,-0.00017586659599506653,8.000000000009269,0.0,1.5708183101193924,86.0,0.0582326747775172,0.05630679249246668,0.05523347145774779,0.22665533017902892,0.35107445758052497,0.04439035326040611,0.13258640208601172,0.20378780660652931,-34.68757038051413,0.14811615052142044
114.4,-2.026844261900699,132.71674900898387,5.091,0.03,7.97,0.0,1.5705314303948565,0.0,0.0,0.0,-2.02049206132332,-166.75905332400222,0.0,-0.13952829945498935,7.989841976697381,0.0,114.313,0.015338696930401565,-0.015967109316850678,-4.938520042079569,1.57645108062909,0.010608464229490713,-0.013295777925190978,-4.920883348576099,-0.049846421619453005,0.023465166941035065,-0.0,1.5732791525061955,-2.002694163124798,-166.78863701288049,0.0,-0.00017586659552433197,8.000000000009269,0.0,1.5708183101193336,87.0,0.05819724964099223,0.05642232607465186,0.054606522589075966,0.2281398734535987,0.3520477611299123,0.04470469881407807,0.1331663441049509,0.20526948432906503,-34.71199387874708,0.14938577919803064
114.5,-2.02684444200883,133.51564583875802,5.092,0.02,7.98,0.0,1.5711703500153986,0.0,0.0,0.0,-2.0187782029419608,-165.9596606433799,0.0,-0.14348606146314435,7.99212644055109,0.0,114.412,0.016484264992911505,-0.03047233034893542,-4.940535645906163,1.5679980100072333,0.012783919842859169,-0.02417222808739202,-4.923226860773077,-0.015122897269153753,-0.017233780146660216,-0.0,1.570183838372366,-2.0027117497843525,-165.98863701307278,0.0,-0.00017586659602348824,8.000000000009269,0.0,1.570818310119396,38.0,0.04971679949301402,0.04990990569663257,0.05371196617878511,0.21641031758321014,0.3465488754558367,0.040151270420539995,0.12944790954309612,0.1931461685868981,-35.37611737815516,0.1414446018637966
114.6,-2.0268446217785296,134.31454267005364,5.093,0.02,7.98,0.0,1.571471442936689,0.0,0.0,0.0,-2.017259385522888,-165.160046878357,0.0,-0.1468968229239571,7.993947417782263,0.0,114.577,0.01121754884826562,-0.033778420505333084,-4.904458950665324,1.5719137327009356,0.010265074170377166,-0.03392670406271964,-4.921541275307677,-0.026306180251410488,-0.03817300720714023,-0.0,1.571590373168831,-2.002729336443933,-165.18863701326507,0.0,-0.00017586659583697077,8.000000000009269,0.0,1.5708183101193727,23.0,0.059969901157857324,0.057765192084451265,0.05548182973228494,0.229284072986128,0.35241627416110355,0.045366038990836056,0.13340324063856507,0.20663435841717012,-34.54953599644649,0.1500495477324839
114.7,-2.0268448015198786,135.11343949818843,5.095,0.02,7.98,0.0,1.5714535283066817,0.0,0.0,0.0,-2.0159834543978783,-164.36033123831655,0.0,-0.14717184268801958,7.994045737152051,0.0,114.61,0.015774622441737576,-0.030730876608389496,-4.897899734576934,1.5722137072399922,0.010296291634130195,-0.036284316313462794,-4.918703772808264,-0.02309812361925605,-0.03676855379731592,-0.0,1.571186359929791,-2.002746923103535,-164.38863701345736,0.0,-0.00017586659551545018,8.000000000009269,0.0,1.5708183101193325,90.0,0.0635994746058052,0.0603429050754997,0.056814066833875077,0.23235385104389086,0.3536214967371442,0.04675181013628405,0.13417977131905934,0.2101404153850882,-34.262113129864225,0.15202308990186297
114.8,-2.026844981955044,135.91233632593827,5.096,0.01,7.97,0.0,1.5716943458563202,0.0,0.0,0.0,-2.0149535532705567,-163.56074439231392,0.0,-0.14909022859245333,7.991612019165079,0.0,114.709,0.013735631012699714,-0.030455911850388914,-4.900144751413995,1.5711272321564924,0.009655857163774505,-0.03713754104022922,-4.919752937237547,-0.01149745297633323,-0.0226885600065172,-0.0,1.570984749379052,-2.0027645097630784,-163.58863701364965,0.0,-0.00017586659541775056,8.000000000009269,0.0,1.5708183101193203,91.0,0.05876652704949998,0.05692322302489019,0.055590442146308164,0.22871997878129743,0.35237152972509717,0.04499494503398691,0.1333088843398948,0.2060583826561042,-34.61788039603137,0.14983518021917847
114.9,-2.0268451614846583,136.7112331527506,5.097,0.01,7.97,0.0,1.571682797805641,0.0,0.0,0.0,-2.014171019745924,-162.7615064633676,0.0,-0.148799327010364,7.987470098163994,0.0,114.808,0.013807057546847676,-0.03290244269020638,-4.921400504470414,1.5690535280051323,0.011997569773163071,-0.03552498884173455,-4.915480564551817,-0.0019955710240025827,-0.014898490458000957,-0.0,1.569790126400714,-2.002782096422618,-162.78863701384194,0.0,-0.0001758665955598591,8.000000000009269,0.0,1.570818310119338,92.0,0.05821938342655095,0.05663670379564833,0.054830242487570596,0.2289678933589858,0.35254691651832293,0.044839147285169585,0.13333158956848243,0.20610705475659816,-34.68991839625652,0.1500628321398061
115.0,-2.026845338996168,137.49903418986293,5.095,0.01,7.97,0.0,1.5714479013721014,0.0,0.0,0.0,-2.0136126099021383,-161.96272622460452,0.0,-0.14784127010764214,7.98280281548777,0.0,114.907,0.011716369331678071,-0.014581051825545033,-4.9190600300440845,1.568354326539339,0.01256260244309021,-0.019584693591456967,-4.918317051473357,0.009798903851005672,0.02763149873403492,-0.0,1.5683207359392874,-2.002799683082163,-161.98863701403423,0.0,-0.00017586659533248543,8.000000000009269,0.0,1.5708183101193096,93.0,0.0578105178518438,0.056294137162502,0.05432394193817082,0.22835466133659776,0.3521822885581411,0.04457827810805961,0.13310951698236104,0.2053457586394297,-34.747432495861524,0.14957279963158304
115.1,-2.0268455190362005,138.29793101471117,5.093,0.01,7.96,0.0,1.57075447955396,0.0,0.0,0.0,-2.0132161972318983,-161.16438224828454,0.0,-0.14232527563404015,7.979215292923815,0.0,115.006,0.01270593817968004,-0.013661327799094056,-4.897635327008742,1.5726145568855892,0.01227482158828232,-0.00966523070854905,-4.914630343984191,0.0011023740251711218,0.053916958639883994,-0.0,1.5694109409742594,-2.002817269741665,-161.18863701422652,0.0,-0.0001758665948031311,8.000000000009269,0.0,1.5708183101192434,94.0,0.05830013220032029,0.05660536445645761,0.05403256602201628,0.22870846020629895,0.35229848328175106,0.04476945024469011,0.1332348248738544,0.20570019421768368,-34.733518478362264,0.14978379118591223
115.2,-2.0268457014374945,139.1079236283921,5.09,0.01,7.96,0.0,1.5703932381027865,0.0,0.0,0.0,-2.012906532367659,-160.3662922492968,0.0,-0.1387007562391535,7.978099317226605,0.0,115.138,0.009092705528675665,-0.014021307350750856,-4.94943583695774,1.576627275507882,0.005822632992604106,-0.006030522430852373,-4.916710053443197,-0.03417960113585008,0.05236782892603831,-0.0,1.573814102345284,-2.002834856401159,-160.3886370144188,0.0,-0.00017586659539465792,8.000000000009269,0.0,1.5708183101193174,62.0,0.05817000114131554,0.05651197101295204,0.05389673664876411,0.22825046115219458,0.35201985191913704,0.04468037348474664,0.13309410457656892,0.20520883573107138,-34.75090379173087,0.14941235912623158
115.3,-2.0268458759131676,139.89572444182986,5.087,0.01,7.96,0.0,1.571102115328193,0.0,0.0,0.0,-2.012623453768874,-159.40849852497323,0.0,-0.1453574501136311,7.980419128160301,0.0,115.237,0.008430028153587281,-0.004642898667405471,-4.935445494600247,1.5713404062969312,0.005355137370932907,-0.00023921355723994524,-4.917730738134022,-0.025379049860175185,0.05687251349050104,-0.0,1.5727146597818957,-2.002855960392602,-159.42863701464967,0.0,-0.00017586659508379547,8.000000000009269,0.0,1.5708183101192785,63.0,0.05821037550530011,0.056462805013699616,0.053751610039929856,0.22809236379572229,0.35195605344528147,0.04468256507967571,0.13309143937342396,0.205074784583655,-34.756563737553506,0.14931353190749233
115.4,-2.026846055635602,140.6946212627958,5.085,0.01,7.97,0.0,1.5721471083259697,0.0,0.0,0.0,-2.0125555753051017,-158.60994738026497,0.0,-0.15350278076591622,7.984802841991897,0.0,115.369,0.011810123471556197,-0.01813620542950778,-4.947654060640151,1.5650943593240794,0.01059224018339074,-0.008809015678298365,-4.9204316212135115,0.009906939173709712,0.013766814323480148,-0.0,1.5683029050327335,-2.0028735470520784,-158.62863701484198,0.0,-0.00017586659455799385,8.000000000009269,0.0,1.5708183101192128,31.0,0.058080385667221436,0.05632358037938967,0.053649691519982064,0.22779576796242298,0.3518199862484181,0.044601703869250074,0.13301210357254997,0.20477371261645816,-34.77135215561664,0.1491108742809334
115.501,-2.026846235729529,141.49351808339713,5.086,0.0,7.97,0.0,1.5716031861982793,0.0,0.0,0.0,-2.012713194545256,-157.8108754408682,0.0,-0.1481353038181926,7.990464817378275,0.0,115.435,0.011900188896257016,-0.018258495137248663,-4.957663957976938,1.5629173956434825,0.01584664768706741,-0.013737741799987067,-4.924675594040643,0.043197141961414894,-0.001524122826859653,-0.0,1.5653753756009958,-2.002891133711544,-157.82863701503427,0.0,-0.00017586659474628767,8.000000000009269,0.0,1.5708183101192363,66.0,0.06357900610848873,0.060255492822312726,0.05547983424897545,0.23230964215254968,0.3535328557869569,0.04670803905289757,0.1341369752965481,0.20987864545309753,-34.334986650544835,0.151951309820139
115.6,-2.0268464156400654,142.29241490203958,5.085,0.0,7.98,0.0,1.5700249457757474,0.0,0.0,0.0,-2.0129539476046645,-157.17125109236358,0.0,-0.13817248120938005,7.994506415882614,0.0,115.534,0.010308662071312756,-0.012998135916230155,-4.925952753279609,1.5739930999113496,0.01252063225988069,-0.016773715214754282,-4.9237092640026585,0.01196369642757343,-0.014120955948587977,-0.0,1.5692944602254577,-2.0029052030391146,-157.1886370151881,0.0,-0.00017586659461128455,8.000000000009269,0.0,1.5708183101192195,66.0,0.05848721569679606,0.05662826306815675,0.05471337928432253,0.22775616184751019,0.3518031398104303,0.044778027323660576,0.1330313787313747,0.2049618063489454,-34.685299798520646,0.14907868586187428
115.7,-2.026846592989834,143.0802159317714,5.084,0.0,7.98,0.0,1.5694189264348264,0.0,0.0,0.0,-2.013254336748383,-156.37139021014713,0.0,-0.13131201129669262,7.997669867006391,0.0,115.633,0.012224036811390055,-0.013255944166136957,-4.909326881723335,1.5755329988147475,0.009811654658463006,-0.015212526024623887,-4.921652873727517,-0.013054191054046616,-0.00761442486046171,-0.0,1.572433751285248,-2.0029227896985478,-156.3886370153804,0.0,-0.00017586659416364263,8.000000000009269,0.0,1.5708183101191635,67.0,0.058015033683834066,0.05636123495785385,0.05426179200087642,0.22806181162769756,0.3520571968642963,0.04467349347992383,0.13311335000388574,0.20515801976626827,-34.73639900583327,0.14938618781340854
115.809,-2.0268467730884723,143.8791127484701,5.085,0.0,7.98,0.0,1.5702499344504925,0.007750698884903261,-0.013354138334604054,0.013170908801366234,-2.0135207447846826,-155.411308992551,0.0,-0.13903016909968327,7.998788944879332,0.0,115.732,0.005975241890295788,-0.014585164494605049,-4.941181074842253,1.5751559898341025,0.005831974686074269,-0.015635191150536944,-4.921557932314167,-0.031962796606577894,-0.006836407109955367,-0.0,1.5748051026110392,-2.0029438936898383,-155.42863701561114,0.0,-0.00017586659350283789,8.000000000009269,0.0,1.570818310119081,77.0,0.060810584157315294,0.05846900469976296,0.05440826477144187,0.2314491400300636,0.3535358671985347,0.04595992797487475,0.13405823316195026,0.2087170496060096,-34.5340448396706,0.15166090558325385
115.9,-2.026846953403556,144.67800956448724,5.086,0.0,7.98,0.0,1.5716986897194312,0.0,0.0,0.0,-2.013739733326415,-154.6111750077764,0.0,-0.15084917676601584,7.998621770289867,0.0,115.831,0.011278197138792787,-0.009725631507650684,-4.946794143023041,1.5693350500045455,0.008840417595577167,-0.012352391575850108,-4.924563072874625,-0.007665130759911981,0.0034409518486375745,-0.0,1.5717564551970211,-2.002961480349222,-154.62863701580343,0.0,-0.00017586659425601319,8.000000000009269,0.0,1.570818310119175,20.0,0.04832030747817511,0.04870379163482453,0.05325983455782411,0.21395847362869155,0.3452719949667555,0.03926265651522972,0.12861486781153225,0.19061784077617414,-35.523317356905615,0.13974421621387997
116.0,-2.026847133135419,145.47690637954656,5.086,0.0,7.98,-0.01,1.5722981487077217,0.0,0.0,0.0,-2.013995152035566,-153.97105558932617,0.0,-0.15491587051701938,7.998624048805327,0.0,115.93,0.013417676173800559,-0.00904110341734772,-4.877771540049789,1.575918103849194,0.007777203650829342,-0.009485320261802387,-4.917792761173857,-0.021441681956437263,0.010256091549413426,0.01,1.5734797990445206,-2.002975549676742,-153.98863701595727,0.0,-0.00017586659413522092,8.000000000009269,0.0,1.57081831011916,70.0,0.059249231951857835,0.0571105551328013,0.05512995462526249,0.22810512956762197,0.35182567046512053,0.04495276032118118,0.13305606802225303,0.20534931932277448,-34.62031342910378,0.14919539944720922
116.1,-2.0268473128389246,146.27580319334368,5.086,0.0,7.98,0.0,1.5726384653851877,0.0,0.0,0.0,-2.014467154003742,-153.17087465013657,0.0,-0.1565794892651836,7.999140806677776,0.0,116.029,0.013077786273084554,-0.009200695861787803,-4.921147204644452,1.570358028616184,0.009524182030879135,-0.008230541576996925,-4.91393147633903,-0.013066680943154127,0.011987982651157303,-0.0,1.5724312978845099,-2.0029931363361717,-153.18863701614956,0.0,-0.000175866594494045,8.000000000009269,0.0,1.5708183101192048,71.0,0.058388938211305946,0.056565071578228605,0.054541483301680585,0.2283130552639073,0.3521527987634711,0.04479311784555228,0.13320345307524123,0.2054716770272206,-34.70151504591693,0.14953638735345792
116.2,-2.0268474929139373,147.07470000639648,5.087,0.0,7.98,0.0,1.5729379628927003,0.0,0.0,0.0,-2.0151247875404,-152.37060003629676,0.0,-0.1604387602600032,8.00030382997089,0.0,116.128,0.009473505923200405,-0.01410607275932077,-4.955940614049792,1.5720769965605665,0.008099495204206025,-0.010803567192802697,-4.917929600054759,-0.017890938302391562,0.003554872095214101,-0.0,1.5730372969691981,-2.0030107229956013,-152.38863701634185,0.0,-0.0001758665938847546,8.000000000009269,0.0,1.5708183101191286,72.0,0.05832415047939311,0.05659827288065494,0.054170357676956035,0.2286250438839772,0.3523096622421618,0.04480086120198028,0.1332502175516047,0.20569374511519103,-34.722599002953885,0.14976763569801257
116.3,-2.0268476727280316,147.87359681999004,5.088,0.0,7.99,0.0,1.5729697540544463,0.0,0.0,0.0,-2.0159808851373255,-151.57016968148184,0.0,-0.16049653299586608,8.002054561371233,0.0,116.227,0.013284890934303208,-0.00961111429813545,-4.911497492324293,1.57002181960114,0.011984527608223966,-0.010971882472498591,-4.917872268433477,0.003198269643123916,-0.004207522814815512,-0.0,1.5703958318557576,-2.0030283096549817,-151.58863701653414,0.0,-0.0001758665937035662,8.000000000009269,0.0,1.570818310119106,73.0,0.05814728160437174,0.0565049900871095,0.05392561548364123,0.22838885020067534,0.3521546136952467,0.044717673688790226,0.13315847833821648,0.2053870818043333,-34.745264590910764,0.14956846702273324
116.4,-2.026847855978609,148.67249386535292,5.091,0.0,7.99,-0.01,1.5727409072595204,0.0,0.0,0.0,-2.0172782701169747,-150.60942895373898,0.0,-0.15804098440746087,8.0041235075253,0.0,116.326,0.014637180075096566,-0.009836456955572517,-4.927312859555459,1.5681741651559786,0.01550770685629934,-0.011040189604960293,-4.917071955212984,0.02030651247798416,-0.0024643403816986265,0.01,1.5682540572395043,-2.0030494136462065,-150.62863701676488,0.0,-0.00017586659336428205,8.000000000009269,0.0,1.5708183101190636,74.0,0.058132228908610056,0.05648119734080889,0.05376999898276891,0.22822466277263018,0.3520460768816316,0.044700082515569124,0.13311797851685694,0.2052021250082829,-34.75432337237852,0.14942998268469826
116.513,-2.026848033782926,149.46029488716084,5.095,0.0,7.99,0.0,1.5716483299646082,0.003000996094351036,0.014671542201811024,-0.014673056793259136,-2.0185222549501973,-149.80865551977334,0.0,-0.14928863900053485,8.00569311593322,0.0,116.458,0.010823419825159875,-0.01102061936798314,-4.9640535615167245,1.5678830462280648,0.014409404874122372,-0.011022774089808434,-4.9243628849729415,0.0114050627458798,-0.0007974559639913892,-0.0,1.5693687681699318,-2.0030670003055335,-149.82863701695717,0.0,-0.00017586659299302347,8.000000000009269,0.0,1.5708183101190172,55.0,0.06207544031020747,0.05932729166367075,0.05428230971454183,0.23250726435507704,0.35391193627518547,0.04647048959323387,0.13437157959496693,0.20984817139561185,-34.458085881292696,0.152304307105566
116.602,-2.026848213601731,150.25919169761124,5.098,0.0,7.99,0.0,1.5708104853154674,0.0,0.0,0.0,-2.019799617743063,-149.00777359562485,0.0,-0.14312497277846545,8.00689816134237,0.0,116.557,0.019563032099713218,-0.0076329540731230605,-4.90941846973418,1.5742230123658305,0.016371437775420855,-0.00921248646950125,-4.922617585440465,0.0031142401328704454,0.005172316092196816,-0.0,1.5704068117410306,-2.00308458696484,-149.0286370171495,0.0,-0.000175866592490252,8.000000000006427,0.0,1.5708183101189543,45.0,0.045769585609386564,0.04652883383681854,0.05276024160048688,0.21074460759240898,0.3439143298510914,0.038021149841960304,0.12781955645928522,0.1875172331937679,-35.76971133944649,0.13779450158225282
116.7,-2.0268483965469315,151.05808874527284,5.1,0.0,7.99,0.0,1.5707891663894937,0.0,0.0,0.0,-2.0207946750787347,-148.36699737587236,0.0,-0.14294992849110413,8.007719151070106,0.0,116.623,0.01994348759509976,-0.007949707908506506,-4.9433253238385255,1.5645336416245343,0.021842460408620326,-0.00816435275716717,-4.925137466949149,0.030902451898827257,0.008209880003219538,-0.0,1.5669326749785897,-2.003098656292258,-148.38863701730335,0.0,-0.0001758665931403986,8.000000000006427,0.0,1.5708183101190356,29.0,0.04931737687498149,0.04938961649931921,0.054151096208513286,0.21496069551789973,0.34584771376579315,0.03979079146306221,0.12908270219083498,0.19186827192507233,-35.39800359779898,0.14047336963434792
116.802,-2.0268485765538387,151.8569855552984,5.101,0.0,7.99,0.0,1.5701687898861731,0.0,0.0,0.0,-2.0221919979963117,-147.40569446751974,0.0,-0.1375310914274345,8.00941982797658,0.0,116.722,0.020572984766736066,-0.008786326301936029,-4.92341063556167,1.5687907978250033,0.022829785713143577,-0.008291399752476588,-4.927852130185222,0.026200998048881468,0.007521940800546467,-0.0,1.5675201989512717,-2.0031197602834476,-147.4286370175341,0.0,-0.00017586659363073558,8.000000000009269,0.0,1.570818310119097,80.0,0.060096511540924935,0.05762827183384682,0.0558829795220821,0.22900978720986867,0.35234573917058937,0.04532479500782036,0.1333875859319856,0.20649510348705183,-34.53066159098389,0.14989631448376425
116.901,-2.0268487568547187,152.65588236518062,5.102,0.0,7.99,0.0,1.5694181548340733,0.0,0.0,0.0,-2.0231788450472803,-146.60444380295706,0.0,-0.13196494128173383,8.011256125081673,0.0,116.854,0.021158705139728663,-0.009693834402689921,-4.951328918619673,1.5700353194102805,0.022400693866341595,-0.00888198608393951,-4.929456514567029,0.013488353827889476,0.005470898923734424,-0.0,1.5691093290929945,-2.0031373469428218,-146.6286370177264,0.0,-0.00017586659421693334,8.000000000009269,0.0,1.5708183101191702,47.0,0.05855852724875912,0.0566766094163198,0.05499280033629242,0.2287743917419574,0.3524639983732374,0.04487206477298736,0.13332325606752765,0.20602273252889186,-34.6691182841861,0.14993022878567938
117.001,-2.026848936572371,153.45477917296583,5.102,0.0,8.0,0.0,1.5692772387436147,0.0,0.0,0.0,-2.023914831810225,-145.8030094015801,0.0,-0.13133324866121432,8.013181975960276,0.0,116.92,0.019714614870111766,-0.010357574273682321,-4.953163987735606,1.5694942333583226,0.02217862851097472,-0.010112745840797192,-4.932264759473425,0.010055826161412698,-0.006218258740257276,-0.0,1.5695383714012408,-2.0031549336022363,-145.82863701791868,0.0,-0.0001758665942222624,8.000000000009269,0.0,1.5708183101191708,81.0,0.06369358275859051,0.060330081527326065,0.05645719558552248,0.23302697707762654,0.35402398063654605,0.04677817237894,0.13432395019296456,0.21074967807333922,-34.28341660594079,0.1525790300417229
117.112,-2.026849116583996,154.25367597984823,5.102,0.0,8.0,0.0,1.5695417940758654,0.004793795520470748,-0.004439162256663949,0.0002969511718519419,-2.0243801753114306,-145.0013784355038,0.0,-0.13342404599053445,8.014990030593017,0.0,116.986,0.021897553508528247,-0.010918235972088658,-4.9579596643710815,1.5671237830260503,0.024956619909479553,-0.012246577066627462,-4.935234968064151,0.0192837146737919,-0.007874227854002491,-0.0,1.5683834922372628,-2.003172520261669,-145.02863701811097,0.0,-0.00017586659454023028,8.000000000009269,0.0,1.5708183101192106,64.0,0.06235937005973953,0.05943336806720418,0.05587400751876717,0.23266523801079014,0.35407323546384345,0.04650752634584103,0.13439741257323093,0.21026950455390686,-34.36946664908064,0.15247604941790482
117.2,-2.026849296412223,155.05257278629068,5.102,0.01,8.0,0.0,1.569558564052221,0.0,0.0,0.0,-2.0245604830115176,-144.35994632714505,0.0,-0.13328578592959806,8.016225377459312,0.0,117.118,0.0213583861953756,-0.010331421064904076,-4.947964245303004,1.5692442442941144,0.022328334531474023,-0.012113519568731666,-4.938246447987176,0.0015392498955858428,-0.005160880690989522,-0.0,1.56935299044873,-2.003186589589225,-144.3886370182648,0.0,-0.0001758665947658276,8.000000000009269,0.0,1.5708183101192388,82.0,0.06339547966419568,0.06018007438782566,0.05670357892589689,0.23264244055777927,0.3538171187387346,0.04666783413230864,0.1342161900800987,0.21035685514166066,-34.28464205551911,0.1522733271393007
117.3,-2.0268494766894705,155.8514695917675,5.102,0.01,8.0,0.0,1.5695311363695674,0.0,0.0,0.0,-2.0245464942668985,-143.55803480152122,0.0,-0.13308556435436888,8.017386797446187,0.0,117.217,0.021057983041972705,-0.015329701594168424,-4.930205430117953,1.5683621620976802,0.021474752174842168,-0.0156857546852948,-4.936597922563493,0.0019015073136014887,-0.01150943553464856,-0.0,1.5693064960925822,-2.0032041762487154,-143.5886370184571,0.0,-0.00017586659518682417,8.000000000009269,0.0,1.5708183101192914,83.0,0.058051533466512026,0.056283455384350006,0.055426448311088936,0.22793780627736804,0.3519775305927428,0.044570765873638146,0.13304938247270726,0.20514241597983307,-34.682861238600566,0.14925385347535058
117.403,-2.02684965630597,156.65036639612805,5.102,0.01,8.0,0.0,1.5696698737472783,0.0,0.0,0.0,-2.024207667324265,-142.5956192238404,0.0,-0.13449828782018103,8.018147700998803,0.0,117.382,0.02240637147418135,-0.02058869509182905,-4.930175559500231,1.5693548407545568,0.02279372006066549,-0.02069702806245028,-4.9368009954067595,0.007858585132118739,-0.020535604918150874,-0.0,1.5685582623797418,-2.003225280240113,-142.62863701868787,0.0,-0.00017586659521702224,8.000000000009269,0.0,1.5708183101192952,21.0,0.05906826231750532,0.05719671793289447,0.0548644445279421,0.22992729814166782,0.35293401376682704,0.045172564415437336,0.13361423869804975,0.20709293729188083,-34.63420953200146,0.15066977639597923
117.5,-2.026849839099789,157.46035898771072,5.101,0.01,8.0,0.0,1.5694822875692063,0.0,0.0,0.0,-2.0238119383484596,-141.9539773957718,0.0,-0.13313425371072232,8.018188379854356,0.0,117.415,0.020768374190548722,-0.021819272924570893,-4.950501028361986,1.5661566440082166,0.023532965252458453,-0.02379338847033686,-4.938418626792416,0.014443002407940815,-0.023130599009597574,-0.0,1.56773210138555,-2.0032393495677385,-141.98863701884176,0.0,-0.00017586659562380795,8.000000000009269,0.0,1.570818310119346,85.0,0.06312591679910384,0.060036782527054716,0.05623757928454045,0.2325698429187998,0.353736693440326,0.04656093055218158,0.13417017374706616,0.2101398978502866,-34.325732703662084,0.1521862812377221
117.6,-2.026850019059438,158.25925579158366,5.1,0.02,8.0,0.0,1.5692428016944344,0.0,0.0,0.0,-2.0231313522852625,-141.15196501810067,0.0,-0.13080773652852237,8.017408207105447,0.0,117.514,0.021829699379256443,-0.022529672842806762,-4.948790809388135,1.570701676236095,0.019297500198553273,-0.025343463174828933,-4.937809075686413,-0.015807000715668568,-0.021455159185495454,-0.0,1.570270792504876,-2.003256936227268,-141.18863701903405,0.0,-0.00017586659501807027,8.000000000009269,0.0,1.5708183101192703,86.0,0.05849888855892503,0.05666320219976401,0.055200177457844044,0.22827829053838808,0.3520870985287274,0.04478504284129911,0.13315606317747164,0.20549243814226464,-34.66287876443722,0.14946010008970198
117.7,-2.026850195991045,159.05815234312692,5.097,0.02,8.0,0.0,1.56940410944191,0.0,0.0,0.0,-2.0222352885440262,-140.3500899570452,0.0,-0.13185892264381366,8.015547086609262,0.0,117.613,0.019540978664814402,-0.02702596094950703,-4.921471578263207,1.5714040042900788,0.016387788223434188,-0.029087788741528807,-4.93483163493458,-0.024425718830497368,-0.025456142932354986,-0.0,1.5713513075505916,-2.0032745228867346,-140.38863701922634,0.0,-0.00017586659484931637,8.000000000009269,0.0,1.5708183101192492,87.0,0.05824915514955447,0.056591667818104645,0.0545856120833161,0.22871047610712109,0.3523735058904452,0.04479877914581923,0.13328394031906415,0.2058222788831832,-34.705193391535516,0.14983856958037728
117.8,-2.0268503753391087,159.85704914212164,5.097,0.02,7.99,0.0,1.5700975968528095,0.0,0.0,0.0,-2.021181196355057,-139.54844057930342,0.0,-0.136594926207984,8.012760432546926,0.0,117.712,0.018149397305869484,-0.032093163534762006,-4.917189771143129,1.5677196068481698,0.0176252878346689,-0.034657510414321635,-4.931107107615112,-0.00747188138015123,-0.023590914683002673,-0.0,1.569223710054052,-2.003292109546276,-139.58863701941863,0.0,-0.00017586659568420408,8.000000000009269,0.0,1.5708183101193536,88.0,0.07381712253668032,0.0674498332123134,0.05662226069303187,0.24503989922811528,0.3594190257856345,0.0513556621453732,0.1378968819348462,0.22408407037811598,-33.72200392000319,0.16125025359295855
117.9,-2.026850555536029,160.6559459399092,5.095,0.02,7.99,0.0,1.570219955118608,0.0,0.0,0.0,-2.0200698106458903,-138.7470928685046,0.0,-0.13928498771013414,8.009288651688982,0.0,117.811,0.020175797341981327,-0.035194343341030235,-4.930098382597821,1.5720918879267325,0.018342490209884994,-0.03958323474017032,-4.934580231535845,-0.003002746350730442,-0.03012155901556479,-0.0,1.5686609640577975,-2.003309696205845,-138.78863701961092,0.0,-0.00017586659544794862,8.000000000009269,0.0,1.570818310119324,89.0,0.06000577003445616,0.05778405083028381,0.05547196419347101,0.22928826592908666,0.35240358466370747,0.04536787882521675,0.13338788073676555,0.20662879431241016,-34.54953594363067,0.1500443339267209
118.0,-2.0268507359494095,161.45484273625576,5.092,0.02,7.99,0.0,1.569919867909283,0.0,0.0,0.0,-2.018950374091165,-137.94612441422584,0.0,-0.13710181759518514,8.005198644704528,0.0,117.91,0.018179055997870265,-0.03873623375084111,-4.963372876860493,1.567220688630282,0.018565895523674027,-0.04228045299320733,-4.940188624163605,0.004722259860276072,-0.030435331863328585,-0.0,1.567690355376615,-2.003327282865365,-137.9886370198032,0.0,-0.00017586659499497763,8.000000000009269,0.0,1.5708183101192674,90.0,0.058399703981173764,0.05667532507937941,0.05475608723776439,0.22849523611346603,0.3522399081791116,0.044851283971290304,0.1332375965115477,0.20566776762615663,-34.68523176222401,0.14966503537547032
118.1,-2.026850915379711,162.25373953302523,5.09,0.02,7.98,-0.01,1.5694305380482712,0.0,0.0,0.0,-2.0178105074204233,-137.1456189672351,0.0,-0.1332869355390879,8.000304462558582,0.0,118.009,0.016053158112432218,-0.04238592868323708,-4.946870180421325,1.5699910973791977,0.016137156728008483,-0.045835908743738135,-4.939797706581491,-0.0057811789874176196,-0.023227358577291746,0.01,1.569009320112925,-2.0033448695248497,-137.1886370199955,0.0,-0.0001758665952632075,8.000000000009269,0.0,1.570818310119301,91.0,0.07389653489803849,0.06750557596254085,0.056771519724823374,0.24496255350623272,0.35937708995113765,0.05139998884862314,0.13788721213606303,0.22405409363417364,-33.70848360230388,0.16119047652477458
118.2,-2.026851095426302,163.0526363300108,5.09,0.02,7.98,-0.01,1.5692531181874243,0.0,0.0,0.0,-2.016620780350467,-136.34565771884516,0.0,-0.13001664432500384,7.994651443406552,0.0,118.108,0.014551171411385525,-0.048430364995251336,-4.952197313629892,1.5709964191384758,0.014226846819684492,-0.049754606183289724,-4.9427800175480385,-0.01014001803745646,-0.028441419225611497,0.01,1.5695563212275896,-2.0033624561844303,-136.38863702018784,0.0,-0.00017586659692943023,8.000000000009269,0.0,1.5708183101195092,92.0,0.06000533974078924,0.057776455008085814,0.055564183012600646,0.22931076664868189,0.35242798461901087,0.04537472677201775,0.1333960330736769,0.20666841749761944,-34.54485762034372,0.1500731680866071
118.3,-2.026851275122233,163.85153312423557,5.092,0.02,7.97,-0.01,1.569576985496331,0.0,0.0,0.0,-2.0153785741300423,-135.5463025190289,0.0,-0.13260778309127508,7.988271924725214,0.0,118.207,0.012015336115090565,-0.035344112180322566,-4.972440550691419,1.570986789334325,0.012630696196303172,-0.03737732057783624,-4.946346848044838,-0.014047133347268627,0.01362276529393025,0.01,1.5700506921720532,-2.0033800428441353,-135.58863702038016,0.0,-0.0001758665969756155,8.000000000009269,0.0,1.570818310119515,93.0,0.05845654359385521,0.05667998497716117,0.05481381524015971,0.2285667936859104,0.3522787071274281,0.04485626244599757,0.1332498419552902,0.20574501386009772,-34.68108069837044,0.1497204075681004
118.4,-2.026851455034617,164.65042991701932,5.093,0.02,7.96,-0.01,1.569839357342806,0.0,0.0,0.0,-2.0141164605532076,-134.7475829735003,0.0,-0.13470966521340663,7.981952573076115,0.0,118.306,0.013714559767964558,-0.03140693190582101,-4.903230903885899,1.5771258959213974,0.009372970034235418,-0.03143499986896916,-4.942120852855565,-0.031157913693706123,0.0345397712491744,0.01,1.5721920176999318,-2.003397629503787,-134.78863702057245,0.0,-0.0001758665963130344,8.000000000009269,0.0,1.5708183101194322,94.0,0.07396530854656055,0.06743984619387146,0.05679630257137056,0.24493269575405233,0.35936837055457765,0.051368324434368604,0.13787496856601847,0.22403068262549414,-33.70981411185632,0.1611726088282583
118.5,-2.026851632936939,165.43823092106123,5.094,0.02,7.96,-0.01,1.570524929705078,0.0,0.0,0.0,-2.0126598780826535,-133.7898290476208,0.0,-0.14106039516784744,7.976425134113218,0.0,118.471,0.011200121566848163,-0.030339512990937983,-4.9364094426258545,1.5674258235868581,0.009346933714888095,-0.028524942490535707,-4.9421331104257735,-0.012173319644481217,0.03510081002573173,0.01,1.569817392564878,-2.003418733495389,-133.8286370208032,0.0,-0.00017586659714614576,8.000000000009269,0.0,1.5708183101195363,29.0,0.060299725012084394,0.05794650574784616,0.05563320835750506,0.22958393129118948,0.3525348342165558,0.04545804907715984,0.1334542872137102,0.20695498008190075,-34.52858464543103,0.150247880349033
118.601,-2.0268518129599045,166.23712771288194,5.097,0.02,7.96,0.0,1.5708165763488233,0.0,0.0,0.0,-2.011583826287866,-132.9920386657933,0.0,-0.14242458769132743,7.974501959297852,0.0,118.57,0.01151074326910913,-0.028750460103935914,-4.893627657634044,1.5730303692465049,0.008693049511119523,-0.026500975443410103,-4.936462945265815,-0.02001555578216525,0.03339368189474623,-0.0,1.57079827287472,-2.003436320155091,-133.0286370209955,0.0,-0.00017586659660613328,8.000000000009269,0.0,1.5708183101194688,31.0,0.06418306845180306,0.06060384513597451,0.05697139170702918,0.23276239166604382,0.3537780258882514,0.04688848069227594,0.13426916112719472,0.21060199162110538,-34.23023610657826,0.15228775190582133
118.7,-2.02685199597866,167.0360247668699,5.1,0.01,7.96,0.0,1.570891053403846,0.0,0.0,0.0,-2.010851281860647,-132.35387717681843,0.0,-0.14288367909928756,7.974277442008291,0.0,118.636,0.008834855678179883,-0.026711140784660088,-4.916275864081182,1.57128263712025,0.008188166002724876,-0.02364417296651023,-4.933939909667155,-0.012997435465579337,0.03417727082810895,-0.0,1.5711712791162629,-2.0034503894827767,-132.38863702114946,0.0,-0.00017586659530749148,8.000000000003585,0.0,1.5708183101193065,64.0,0.06467277311221435,0.06090915549012917,0.057893786738091736,0.23274230875946025,0.35373985344863224,0.0469791654514133,0.13425306939936354,0.21077597818162566,-34.157312650332806,0.15224282714546178
118.809,-2.0268521730982485,167.82382576911658,5.103,0.01,7.96,0.0,1.571019253579669,0.0,0.0,0.0,-2.00998273741046,-131.3965873084884,0.0,-0.14435566886458412,7.975241286039656,0.0,118.768,0.00742396039723891,-0.026847856674973906,-4.987400705227263,1.565379539142337,0.00931153947940527,-0.025579938601603035,-4.94482066326912,0.019081998034103133,0.02218240200823196,-0.0,1.5671529786613505,-2.003471493474185,-131.4286370213802,0.0,-0.00017586659547459398,8.000000000009269,0.0,1.5708183101193274,41.0,0.05242634382049115,0.051910310498259296,0.056121761678003854,0.21961657935062864,0.3481307045586826,0.04145027456972004,0.13043008827652483,0.19674941656817566,-35.03557730937457,0.14360015917548472
118.9,-2.0268523535257614,168.62272255831198,5.105,0.01,7.96,0.0,1.5704948290393244,0.0,0.0,0.0,-2.009461058550823,-130.59871325846257,0.0,-0.13982922381517804,7.976846095841479,0.0,118.834,0.008964946131674017,-0.02294504822055754,-4.92617697754738,1.5698863211940666,0.009903876405232197,-0.02228990054871753,-4.942536043742635,0.012547031511379493,0.026316006767121536,-0.0,1.567973126261781,-2.0034890801337326,-130.6286370215725,0.0,-0.00017586659591157776,8.000000000009269,0.0,1.570818310119382,66.0,0.06008790547198538,0.05778304587217838,0.056992041831740864,0.22994653374427515,0.3528965937897224,0.04541760327083845,0.13356991917221683,0.20751262589036262,-34.47321410688591,0.15064008441695992
119.002,-2.0268525333700396,169.42161934730908,5.105,0.01,7.96,0.0,1.569705837583404,0.0,0.0,0.0,-2.0090510783889375,-129.80068850025225,0.0,-0.13375828053445654,7.978615138951292,0.0,118.933,0.007630364741000199,-0.01937631051294672,-4.915337010991384,1.5710032076981342,0.008020230045766751,-0.017599210052904782,-4.936871197356545,-0.0016952795756378265,0.032308156316905645,-0.0,1.569757238051939,170.18899999955687,3.105734006006366e-10,0.0,8.000000000006935,3.1867368457397436e-12,0.0,3.983421057171226e-13,69.0,0.05842174253161315,0.056681795332236856,0.055718000100843615,0.2294535090081774,0.35279763473095566,0.04485267897243699,0.13342432643625413,0.20665931902164847,-34.63939981998567,0.1504012864675544
119.1,-2.0268527106616148,170.20942034721452,5.104,0.01,7.96,0.0,1.5696648620676734,0.0,0.0,0.0,-2.008757993504163,-129.1621516799471,0.0,-0.1333117437516232,7.980042456917255,0.0,119.032,0.006970959989124716,-0.015199555264137216,-4.905843146642489,1.5737588888035914,0.005173615558825905,-0.013060337140704627,-4.933052890583445,-0.018810462621349958,0.03751780418334061,-0.0,1.5718979759906664,-2.003520736120993,-129.18863702191862,0.0,-0.0001758665959595394,8.000000000009269,0.0,1.570818310119388,19.0,0.04941968724763133,0.04968546271231576,0.05432491768882332,0.2166381313574779,0.34667606575908566,0.03996361374087571,0.12940942969591765,0.19332241282019832,-35.37618221827142,0.14160465256127672
119.201,-2.026852890938798,171.00831713522822,5.102,0.01,7.97,0.0,1.5703583912716732,0.0,0.0,0.0,-2.0083918389788775,-128.20409844306653,0.0,-0.1399216921792302,7.982647263714498,0.0,119.164,0.005347837757470785,-0.009185619609544199,-4.9213425691403065,1.5705673476969941,0.004256649905582579,-0.008029819941126434,-4.929980522819491,-0.01618277341164093,0.03355490152496454,-0.0,1.5715688300459936,-2.003541840112516,-128.22863702214943,0.0,-0.00017586659613895144,8.000000000009269,0.0,1.5708183101194104,37.0,0.0601872191923825,0.05785918677011401,0.05599579429325886,0.22986937999648024,0.35267054638736983,0.04538530918913298,0.1334996043313782,0.20720413262230375,-34.520644652593845,0.15043456082272563
119.301,-2.0268530708653145,171.80721392086085,5.1,0.01,7.97,0.0,1.5710283148826587,0.0,0.0,0.0,-2.0082296096469694,-127.40541389065028,0.0,-0.14489853695068572,7.985694160964532,0.0,119.23,0.007045870940593549,-0.008184569850158169,-4.9277277482978645,1.5686308745700535,0.005348002896810481,-0.0050662596583956766,-4.929706219056975,-0.004995039961795922,0.03489371900126326,-0.0,1.5701710893386964,-2.0035594267721257,-127.42863702234187,0.0,-0.00017586659617800006,8.000000000007848,0.0,1.5708183101194153,71.0,0.06409471365606216,0.06056796858458243,0.057209148731144896,0.23298752870637898,0.3538802103284625,0.04685450588324625,0.1343186565230813,0.2108007358422091,-34.22682874952291,0.15243595608414262
119.401,-2.0268532483288695,172.5950149180453,5.1,0.0,7.97,0.0,1.5710793444621396,0.0,0.0,0.0,-2.0082540787150536,-126.6063729857934,0.0,-0.14523263925759303,7.989596367334299,0.0,119.329,0.006899860113294966,-0.023112926777185364,-4.972432431745494,1.5572672454335135,0.013466932900820225,-0.01257105373654355,-4.937788810709618,0.05713903528980833,0.008659446997539177,-0.0,1.563634966058477,-2.0035770134316966,-126.62863702253426,0.0,-0.00017586659545860677,8.000000000009269,0.0,1.5708183101193254,72.0,0.05921999107557651,0.05710880623393762,0.05584364070448209,0.2291425952322875,0.3525291735662953,0.04508431174145627,0.13341188693000602,0.20650140920413673,-34.589485469705224,0.15009220355162378
119.5,-2.026853383216931,173.19418750579257,5.1,0.0,7.98,0.0,1.570247413360283,0.013366118678318765,0.02685100595118,-0.02264294920054645,-2.0083804979544135,-125.96685371639268,0.0,-0.13683755068328357,7.993068812818008,0.0,119.428,0.006165380283651964,-0.020751583117865596,-4.940138182181082,1.5695577338966342,0.01157832476093263,-0.021332284196277855,-4.9391732740196606,0.02751510595564884,-0.022332611551210135,-0.0,1.5673386557261966,-2.003591082759337,-125.98863702268814,0.0,-0.00017586659529156675,8.000000000006427,0.0,1.5708183101193045,72.0,0.058048995857703595,0.05647393435130717,0.05494291259277409,0.22875594945664454,0.35242142416540234,0.04471810498785397,0.13326061326076044,0.20586595940830069,-34.70018967438322,0.1498901456838147
119.6,-2.0268535631195377,173.99308428930414,5.102,0.0,7.98,0.0,1.5684247157212834,0.0313412039064815,0.0001075954493458546,-0.008682186113914555,-2.0085294455920426,-125.1671365293248,0.0,-0.12413885013175768,7.996483613964765,0.0,119.527,0.007163236919149331,-0.02236986301687511,-4.967862724711753,1.576078028750136,0.00655204530665765,-0.025058368738146534,-4.939364964599227,-0.014624773355324323,-0.027435292859840033,-0.0,1.572635325584256,-2.0036086694188424,-125.1886370228806,0.0,-0.0001758665952383073,8.000000000007848,0.0,1.5708183101192978,73.0,0.058214898838540155,0.056666552347157007,0.05446937965393807,0.2289978354493115,0.35247510650724234,0.044818114502183606,0.13331229723439067,0.20602652725078252,-34.708796409372844,0.15001592032962915
119.7,-2.0268537434711646,174.7919810718501,5.104,0.01,7.98,0.0,1.568777785930086,0.02609819014137968,-0.01631327978172592,0.013648378635317345,-2.0085469805353044,-124.36722948763574,0.0,-0.12852748146880041,7.997237559745977,0.0,119.626,0.007333672153177769,-0.019742269048479227,-4.997794731013485,1.5645461326503243,0.00699582866145409,-0.02589175801546406,-4.949656100093627,0.0005132532104121876,-0.02378594724786698,-0.0,1.5694749386294,-2.0036262560783915,-124.38863702307306,0.0,-0.0001758665957499293,8.000000000009269,0.0,1.5708183101193618,74.0,0.05825916627948099,0.056752083031932916,0.054178600928156115,0.22886885648378766,0.3523515761274299,0.04485470882441242,0.13328206439758275,0.20585889044406086,-34.71778168313973,0.14987789397671952
119.8,-2.0268539230845164,175.5908778542605,5.106,0.01,7.98,-0.01,1.570098112398062,0.013525204597075631,-0.0028116857460281862,0.005191605191473675,-2.0084718019823273,-123.56735120390061,0.0,-0.13716814227790614,7.9957739037275,0.0,119.725,0.0053276818882934,-0.02067397760449901,-4.961392146227113,1.5728747697591463,0.00427906651835174,-0.025004563985369814,-4.950041999943222,-0.014752830841019096,-0.016319340837878116,0.01,1.5713931400625474,-2.003643842737931,-123.58863702326546,0.0,-0.00017586659516373153,8.000000000009269,0.0,1.5708183101192885,26.0,0.04979166644777812,0.050009244710600836,0.053495637508093385,0.21630302602031382,0.34640764521511463,0.040186811605544145,0.12939174901931796,0.1929843781068918,-35.3807165338619,0.14130890751772693
119.9,-2.026854103224416,176.3897746343448,5.108,0.01,7.98,-0.01,1.5701884953912837,0.0040288683898354475,-0.007641704506116053,0.006398515455021504,-2.0083939386100482,-122.7676650992981,0.0,-0.13841937554040598,7.993319171160279,0.0,119.824,0.0012897704278387557,-0.02321257544443673,-4.962848890783808,1.5657238078574607,0.0036328666315805155,-0.025759581485990647,-4.950633111270697,-8.544304320219284e-06,-0.014281584520341895,0.01,1.569542020537163,-2.0036614293974715,-122.78863702345788,0.0,-0.00017586659521695976,8.000000000006427,0.0,1.5708183101192952,76.0,0.07964869359805521,0.07116184087649685,0.05798088678519263,0.24863949254068893,0.3605527099655205,0.05319417984784076,0.13871634624036988,0.22866140461954074,-33.37586314731262,0.16355177542462987
120.0,-2.026854325520226,177.37729982113393,5.107,0.0,7.97,0.0,1.5705273289666533,0.0,0.0,0.0,-2.008390646318394,-121.96824910809973,0.0,-0.1407120972018019,7.990411506872453,0.0,119.923,0.00588269091086526,-0.020459341167318262,-4.936062768554287,1.5713297467428444,0.005254417288618002,-0.02228450571196159,-4.9498285932813655,0.010929707674186674,0.0032559165807795054,-0.0,1.5694255316087635,-2.0036790160569935,-121.98863702365026,0.0,-0.00017586659544972498,8.000000000009269,0.0,1.5708183101193243,77.0,0.06039546664564145,0.05790788463739409,0.05632408859637218,0.22900139498829108,0.3522816428165685,0.04545586937108529,0.13337594429383934,0.20657271179941267,-34.48556053107164,0.14984866970710836
120.1,-2.0268544604541106,177.97647240443555,5.106,0.0,7.97,0.0,1.5703569897185101,-0.009256580108402083,0.003700972747263505,-0.001936428176621505,-2.0085043625509966,-121.16911486049807,0.0,-0.13849177121733192,7.987804066669355,0.0,120.022,0.0070480773820204455,-0.020319657338132804,-4.931998205699017,1.5724436306317473,0.005973359116903283,-0.020960914627082487,-4.9475996152115975,0.0023855717513313343,0.006493596090357379,-0.0,1.570497251561968,-2.0036966027165293,-121.18863702384272,0.0,-0.0001758665954230484,8.000000000007848,0.0,1.570818310119321,28.0,0.04990063272529881,0.0499564832258414,0.054774094959348804,0.21655723262306104,0.3467355486871536,0.04021497343603834,0.12951197664504369,0.19349909674900231,-35.31136334208665,0.14163675122072913
120.201,-2.026854685429882,178.97509337708078,5.105,0.0,7.97,0.0,1.57035010471265,0.0,0.0,0.0,-2.0087799208962025,-120.21046202498107,0.0,-0.13906130404108594,7.985449354473763,0.0,120.154,0.007706035910331983,-0.020545521938489734,-4.922647248630975,1.5701126318321668,0.007365012520726463,-0.021565729226978768,-4.9454630424248975,0.011894898443145325,0.0048611120305066535,-0.0,1.5693047786092766,-2.0037177067079868,-120.2286370240737,0.0,-0.00017586659549235755,8.000000000009269,0.0,1.5708183101193296,47.0,0.0603558416688977,0.057973747106368614,0.056327063918342794,0.23001402581221522,0.35286135664698287,0.04552897603267632,0.1335907121984412,0.20751347623613772,-34.4874878390191,0.1506442444693355
120.301,-2.0268548655869836,179.7739901552605,5.107,0.0,7.97,0.0,1.570407927795548,0.0,0.0,0.0,-2.009102345002885,-119.41174818163242,0.0,-0.13920787704763346,7.984342675123611,0.0,120.22,0.006390015824774125,-0.01799794505126911,-4.9018125242091255,1.5722908829808182,0.006737158124134076,-0.019208032858713545,-4.940102322035143,0.001021278741329899,0.010365837245901233,-0.0,1.5706683528703194,-2.00373529336742,-119.4286370242661,0.0,-0.0001758665930498669,8.000000000009269,0.0,1.5708183101190243,81.0,0.0638332905815766,0.06043568847247794,0.057446302474327776,0.23293191128340224,0.35394247869055734,0.046802362419464706,0.1342871609294191,0.2107832953298674,-34.22489705226112,0.15247215422399535
120.401,-2.0268550005825503,180.37316273679824,5.107,0.0,7.97,0.0,1.5704585149677024,-0.00703679809547367,0.0009013711766020059,0.0034506091988800113,-2.0094919443782775,-118.6131094943148,0.0,-0.14012645117288777,7.983833612465106,0.0,120.319,0.007442801211812833,-0.01690215069269682,-4.9351238528475525,1.5699401532011916,0.008133461270589074,-0.016169181424942336,-4.9379809857273855,0.0052797985683896796,0.016078980040677315,-0.0,1.5701352016279226,-2.003752880026629,-118.6286370244585,0.0,-0.0001758665911278488,8.000000000009269,0.0,1.570818310118784,82.0,0.05912406310028664,0.0571135961609935,0.055989161261985894,0.2293954882426263,0.3526914676833863,0.045091001962524295,0.13344563404795945,0.20674690098992868,-34.583161132966964,0.15030726448561527
120.5,-2.026855223250948,181.36068791636387,5.107,0.0,7.97,0.0,1.5706450059540822,0.0,0.0,0.0,-2.009846267711673,-117.97421292611259,0.0,-0.1414282780016678,7.983854882251076,0.0,120.484,0.0026423834477736175,-0.017105580956419078,-4.96654163272293,1.567530959427941,0.005393841325536207,-0.015384141073032053,-4.940449791536619,0.0023208182571010814,0.014891854815574312,-0.0,1.5705056756209113,-2.003766949353897,-117.98863702461242,0.0,-0.00017586659081689262,8.000000000005006,0.0,1.5708183101187452,16.0,0.05831130699676298,0.05664670332597008,0.05505707705614398,0.2292167358675333,0.35264403893569507,0.04481640656827397,0.13335895143079093,0.20633158967839682,-34.68030252268213,0.15021985991595768
120.601,-2.026855405906474,182.1595849766099,5.11,0.0,7.97,-0.01,1.5706060987602706,0.0,0.0,0.0,-2.0104501541978013,-117.01581026478016,0.0,-0.14053761776793613,7.984814821500043,0.0,120.517,0.004253548446308841,-0.01700548173980522,-4.961365718946543,1.5695390921382026,0.005395591785819307,-0.01524142205643431,-4.942419937193677,0.0033989101383849014,0.012917943213383687,0.01,1.5703705539187158,-2.003788053344803,-117.02863702484329,0.0,-0.00017586659154173993,8.000000000009269,0.0,1.5708183101188358,84.0,0.06349705955044933,0.060287547278614566,0.05652944573955459,0.2330773936500508,0.35395850110585625,0.046701849140972085,0.13427651130633222,0.2106849793016366,-34.2902087965905,0.15253944052934398
120.701,-2.026855540963723,182.75875755752298,5.112,0.0,7.97,0.0,1.5705915454189545,-0.001769000664890105,-0.0006202545410802147,-0.0033016863225065083,-2.011025712808318,-116.2170235587911,0.0,-0.14214109486863283,7.986053014389472,0.0,120.616,0.00797531360593353,-0.012857566579553226,-4.9377713967006915,1.5725446267008203,0.00563904570967344,-0.012365791079632933,-4.940810036607795,-0.013511936146852395,0.017790654137084694,-0.0,1.5724878988257804,-2.0038056400039683,-116.22863702503568,0.0,-0.00017586659198040634,8.000000000005006,0.0,1.5708183101188906,85.0,0.059180449427061986,0.05717862873745819,0.055432266579108845,0.22918079021185309,0.35247391539975975,0.04509729864987137,0.13338807560969695,0.20643229805652283,-34.606790225540614,0.15006582695081058
120.8,-2.0268557663123516,183.75737852445772,5.117,0.0,7.97,0.0,1.571072027730059,0.0,0.0,0.0,-2.0116859144832473,-115.41809004726338,0.0,-0.14504966158348606,7.987561837947163,0.0,120.781,0.009735474795254646,-0.007512664192047491,-4.928412684603047,1.573127501733336,0.007341936783694119,-0.007767958173922448,-4.93907751428473,-0.012374123516832395,0.026636400116081482,-0.0,1.5723437416104644,-2.0038232266631923,-115.42863702522814,0.0,-0.00017586659247962512,8.000000000007848,0.0,1.570818310118953,19.0,0.05831301143907394,0.0566070913438358,0.054698706684818514,0.22876599180225907,0.3523593681149369,0.04479343661874794,0.13327487129727436,0.20585636519354644,-34.69908186036975,0.149848020868583
120.9,-2.026855949217385,184.55627558669804,5.12,0.0,7.97,0.0,1.5717732166547815,0.0,0.0,0.0,-2.0123006490972153,-114.77881127545493,0.0,-0.1495540009810216,7.98908176763652,0.0,120.814,0.01101611308370796,-0.0059917306078508675,-4.925998519485494,1.573257654430669,0.007581352136326882,-0.004294237163128243,-4.937542090232457,-0.013118711672213592,0.03086185199422342,-0.0,1.5724359876412395,-2.0038372959906083,-114.788637025382,0.0,-0.00017586659266084474,8.000000000009269,0.0,1.5708183101189757,86.0,0.06322535776093015,0.06002323765418138,0.05621586741068117,0.23238580557010804,0.35361592045454937,0.04655381994462951,0.13412104497181773,0.20996355335637884,-34.32558810179139,0.15203632941035472
121.0,-2.026856126802585,185.34407657128133,5.123,0.0,7.98,0.0,1.5721350692354628,0.0,0.0,0.0,-2.0132089343178596,-113.97949257675701,0.0,-0.15207311787032501,7.991786639856585,0.0,120.913,0.010649393468879977,-0.0022274306810616956,-4.930334873110794,1.572523827851524,0.008120399170099855,-0.0010221801133554343,-4.93664373271308,-0.010623188353570472,0.02628380267936592,-0.0,1.572123182347508,-2.0038548826498603,-113.98863702557438,0.0,-0.00017586659236419315,8.000000000009269,0.0,1.5708183101189386,39.0,0.05019950101263211,0.050152015780946524,0.05470775710062129,0.21634047024650166,0.346482504989766,0.04024855722723121,0.1294355522788886,0.1932549871588655,-35.29782539186753,0.1413710162145974
121.1,-2.0268563062024967,186.14297334291615,5.125,0.0,7.98,0.0,1.5723146526750664,0.0,0.0,0.0,-2.0145310953313396,-113.01988059291524,0.0,-0.1544232828987459,7.996105544908604,0.0,121.012,0.009974489384628436,-0.00011523369830879204,-4.931568884721257,1.5711851705271223,0.009485250476488492,0.0020967467134801543,-4.936351357405311,-0.001498432462531267,0.02982225039276365,-0.0,1.570983401164116,-2.003875986640912,-113.02863702580522,0.0,-0.0001758665924635754,8.000000000005006,0.0,1.570818310118951,88.0,0.05991958044956802,0.05751042006028388,0.05621257242666627,0.22887176506583387,0.3522559076860288,0.04521283217934413,0.13329269350773157,0.2063353095158677,-34.531636147155155,0.14978545583320652
121.2,-2.026856443682952,186.75324170937319,5.127,0.0,7.98,0.0,1.572258318835173,-0.0060741368273128085,0.0016584188067733157,-0.0022425074151136972,-2.015558110334352,-112.3798198364847,0.0,-0.15390837392898046,7.999594391758406,0.0,121.111,0.008378454608885018,-0.0018614940836524374,-4.964733482154611,1.5667227798704628,0.011586099777968189,0.001245799394749446,-4.943509122418355,0.019583525530981805,0.022939178615805744,-0.0,1.568349290024375,-2.0038900559683146,-112.38863702595908,0.0,-0.00017586659261110675,8.000000000009269,0.0,1.5708183101189694,89.0,0.05825636609145992,0.05642991939100539,0.05521292826471735,0.2284265565302265,0.35226474281479675,0.04469934354421733,0.13319030244650137,0.20563343617792854,-34.683116558911756,0.1496587811990962
121.3,-2.026856623952277,187.55213847895965,5.127,0.0,7.99,0.0,1.571817621649478,0.0006770424425495434,0.01835403878839598,-0.00477085366741816,-2.0172786680997152,-111.4191784395914,0.0,-0.1476421101841362,8.005551120810185,0.0,121.276,0.0149600175501741,0.003125443935691863,-4.9827662201450345,1.5778803254757023,0.013246944508368202,0.0034860122788206473,-4.951440228243147,-0.005263979341421433,0.01730267812075681,-0.0,1.571453724022741,-2.003911159959362,-111.42863702619007,0.0,-0.00017586659166430856,8.000000000009269,0.0,1.570818310118851,24.0,0.058428507298929434,0.056689836035083645,0.05461867677790748,0.22910257594146116,0.352560193366592,0.04483028402004693,0.13333506285606628,0.2061855014296862,-34.696490868871706,0.15012008356736997
121.4,-2.0268568486292864,188.5507594408459,5.126,0.0,7.99,0.0,1.5711791511883515,0.0,0.0,0.0,-2.018498705829801,-110.77836448821594,0.0,-0.1448761353121686,8.009527082315511,0.0,121.375,0.016066800162982387,-0.014232001319666773,-4.985488020458314,1.5713842217906822,0.014578214506757937,-0.007404734008959923,-4.955764695767689,-0.001529246072238258,-0.014054675958921514,-0.0,1.5709880590587688,-2.003925229286689,-110.78863702634403,0.0,-0.0001758665916092415,8.000000000009269,0.0,1.5708183101188442,25.0,0.06377509749433619,0.060271857560669544,0.056212224123784425,0.23285883536790578,0.35384266639402817,0.046764447422751536,0.13427807470081035,0.21050515867301295,-34.2983402712721,0.15237966066685182
121.503,-2.026857028882766,189.34965620851005,5.125,0.0,8.0,0.0,1.5713969665837961,0.0,0.0,0.0,-2.020383239427855,-109.81659504692881,0.0,-0.14723700993086838,8.014568466185066,0.0,121.441,0.016418677572884142,-0.01598040924561281,-5.031728433968006,1.562746743248074,0.01911641216838636,-0.016327814238737335,-4.965065020970497,0.028036582810120385,-0.03891534555563059,-0.0,1.5672746374622282,-2.0039463332776886,-109.82863702657501,0.0,-0.0001758665914404876,8.000000000009269,0.0,1.5708183101188231,62.0,0.04803713845999724,0.048472579214570016,0.054447752962057894,0.21418858144133382,0.34568124093391384,0.039353147824825824,0.12894496211061462,0.1911694576606469,-35.47038563691433,0.14013024518186565
121.6,-2.026857164047513,189.94882878245414,5.125,0.0,8.0,0.0,1.570988777198016,0.0334773824301513,0.013108311209498591,-0.013862782542645542,-2.021643600897849,-109.17514264639377,0.0,-0.14269991300675874,8.016640326517415,0.0,121.507,0.01788418144734408,-0.01390118542814224,-4.972293055949723,1.564693934076023,0.022487401800081075,-0.018860017199096524,-4.965969529139635,0.03949290575549629,-0.03686389730389994,-0.0,1.5658369010789785,-2.0039604026050077,-109.18863702672891,0.0,-0.0001758665915914467,8.000000000007848,0.0,1.570818310118842,93.0,0.07604222462182168,0.06869080800259919,0.05872497176930159,0.24549449795164177,0.359424926328979,0.05195866826753162,0.13801970626487536,0.2251524380554893,-33.513469131472014,0.1614133130410237
121.7,-2.0268573441381648,190.74772554921697,5.125,0.0,8.0,0.0,1.5696628859175856,0.021391064519657613,0.015039034514106965,-0.015544155634102056,-2.0231343337178957,-108.37322263639558,0.0,-0.13204451238514658,8.017161893287078,0.0,121.606,0.020647938518947546,-0.01859857067328881,-4.968806162839298,1.5654239798892644,0.0241992488312697,-0.02219019691414898,-4.9637121649096265,0.03561129999888217,-0.03728211940270487,-0.0,1.5663241022210155,-2.00397798926422,-108.3886370269214,0.0,-0.0001758665926891415,8.000000000003585,0.0,1.5708183101189792,94.0,0.06028788006256103,0.05796564768630187,0.05688775897126104,0.22983245515348882,0.3527702123393613,0.04550789667001236,0.13356228144302063,0.20741049375433418,-34.46394474908266,0.15050597776410618
121.8,-2.0268575686081505,191.74634650663756,5.125,0.0,8.0,0.0,1.5683834793188165,0.0,0.0,0.0,-2.0243924700618665,-107.57139630630756,0.0,-0.12383066410754562,8.015612366880125,0.0,121.705,0.021308809647752357,-0.01816287847068536,-4.9726915773473,1.5712251895963527,0.02296066057069157,-0.022841224096920312,-4.963504686903871,0.012092320188087265,-0.030672478625431765,-0.0,1.5692789702958296,-2.003995575923483,-107.58863702711379,0.0,-0.00017586659275845064,8.000000000005006,0.0,1.5708183101189879,95.0,0.05874134151177943,0.05694616793647957,0.05573766769416454,0.2295246210920877,0.35281754624668815,0.04501866696588629,0.13347284136156387,0.20680355122875332,-34.61631865364281,0.15045468706977785
121.901,-2.026857748915525,192.54524327043455,5.125,0.0,7.99,0.0,1.5685566787750014,0.0,0.0,0.0,-2.025309669910854,-106.76981425641574,0.0,-0.12290750007031767,8.012705565449279,0.0,121.87,0.026075987760071223,-0.0055493510141111785,-4.9253425489197555,1.5728330376940656,0.024586716899712,-0.013648227808647238,-4.961731538376471,0.005206581395070384,0.011702320496315366,-0.0,1.5701456426714784,-2.0040131625827233,-106.78863702730622,0.0,-0.0001758665922345191,8.000000000009269,0.0,1.5708183101189224,31.0,0.0587115404209999,0.05703252959076743,0.05499834096834298,0.22985927398109435,0.3529181107328045,0.045036567919943926,0.133516556480264,0.20696601394208167,-34.650534111277906,0.15064725865691692
122.007,-2.0268579286396573,193.34414003327367,5.126,0.0,7.99,0.0,1.5691700112682319,-0.025008469714511407,-0.004785184787599923,0.004994599575519329,-2.0259469286105336,-105.80830818149639,0.0,-0.1290466028452494,8.009134913095249,0.0,121.936,0.02136441882291509,-0.007464305463939586,-4.956649676581016,1.5698300630941786,0.023442292440763922,-0.008751735163002039,-4.961129478703912,0.0010823607441239583,0.02346510196078988,-0.0,1.5706612590403397,-2.0040342665738,-105.82863702753721,0.0,-0.00017586659215096785,8.000000000006427,0.0,1.570818310118912,14.0,0.04860232770681397,0.04897593046509467,0.05384649740993561,0.2156098440690223,0.3462938850827708,0.03969399476629824,0.12928478519374803,0.1923575019150484,-35.452333495949006,0.14100665206287327
122.1,-2.0268581062067597,194.1319410072528,5.127,0.01,7.99,0.0,1.569827795322288,0.0,0.0,0.0,-2.026129298506995,-105.1674653557909,0.0,-0.13381848201202495,8.008044013863353,0.0,122.068,0.021010736826876618,-0.005563872626163993,-4.970585600527186,1.5718824622324086,0.02087502216766019,-0.005924931909255176,-4.966260114376885,-0.014120704245017247,0.02857820156790325,-0.0,1.571310221375543,-2.004048335901168,-105.1886370276911,0.0,-0.00017586659219543925,8.000000000009269,0.0,1.5708183101189175,32.0,0.059053730807381875,0.05708443138425042,0.055388473634561355,0.22895578317114526,0.3523542524238152,0.045019143715790334,0.13331563977363003,0.20618791139811385,-34.62059606959641,0.14989480013151535
122.2,-2.0268582413398164,194.73111357811172,5.127,0.01,7.99,0.0,1.57034142079903,-0.02098756206412227,-0.01179260292120933,0.007761959734455143,-2.0261403681922903,-104.36641128996824,0.0,-0.13822486877987236,8.008669413208606,0.0,122.134,0.023682579308009672,-0.007225760330041908,-4.978365083245048,1.57022215285633,0.02132264632100568,-0.004108349931516728,-4.967679176775928,-0.009611643552452358,0.029367360634218187,-0.0,1.5707478994776558,-2.0040659225604482,-104.38863702788358,0.0,-0.00017586659395222494,8.000000000007848,0.0,1.570818310119137,66.0,0.06368412972370255,0.06023937698184381,0.05674407425610161,0.23259964106216136,0.35372268735340306,0.04668904546035785,0.13421146776592888,0.21031925849765198,-34.27741103279378,0.1521864026172463
122.3,-2.026858466170168,195.72973452820355,5.126,0.01,7.99,0.0,1.570681068554057,0.0,0.0,0.0,-2.025981120298602,-103.56517257536319,0.0,-0.14034120147711338,8.011161809586726,0.0,122.233,0.0259636550906581,-0.010941228276153334,-4.9667934428394105,1.573434116908333,0.020743062087410204,-0.006433663431938137,-4.964046243441116,-0.021811123698436293,0.019287468289100218,-0.0,1.572271004184542,-2.004083509219806,-103.58863702807602,0.0,-0.00017586659331096012,8.000000000007848,0.0,1.570818310119057,67.0,0.05913469366863897,0.05701227337243137,0.0555946499458263,0.22886195465171671,0.352364167135249,0.04500924267107207,0.13332213297369436,0.2061770000473766,-34.610349074649946,0.14987273285432895
122.407,-2.026858646115464,196.528631287218,5.123,0.01,8.0,0.0,1.571187388038032,0.0,0.0,0.0,-2.025663390284621,-102.60325198126954,0.0,-0.14495343630626037,8.015386648620503,0.0,122.365,0.019092177553817605,-0.01487122093782589,-4.989473567467963,1.5656556146366207,0.02123396829495676,-0.012765530697463515,-4.96948842699827,0.0022714717877550163,-0.0057177802298644664,-0.0,1.5692612969057949,-2.004104613210989,-102.6286370283069,0.0,-0.00017586659315111923,8.000000000009269,0.0,1.570818310119037,42.0,0.06040158361172769,0.05807793109115331,0.05516714418331451,0.23107051433060963,0.3533989476045994,0.045702932551934555,0.13393336329006647,0.20837611378706236,-34.534554113626015,0.15141617188568507
122.5,-2.0268587809103593,197.12780385579515,5.121,0.01,8.0,0.0,1.5713796407242793,0.018122526611717822,0.00574676820369121,-0.00488522346917562,-2.0254133859281516,-101.96167846942168,0.0,-0.14558006640525203,8.018121566905377,0.0,122.431,0.02290558767543022,-0.012449552053258983,-4.965465877329618,1.5676940241591655,0.023073874201151187,-0.013436646303288665,-4.969016459029909,0.010739953429121879,-0.005036913701456314,-0.0,1.5682022051357611,-2.0041186825384516,-101.9886370284608,0.0,-0.000175866593637841,8.000000000009269,0.0,1.5708183101190978,69.0,0.06337188825804278,0.06016841076733323,0.05633899756340444,0.23272224017114385,0.35380367825838477,0.04664454775784606,0.1342159247806915,0.2103366286418141,-34.308243567713504,0.15229524649053353
122.6,-2.0268589636865,197.93779640259498,5.12,0.01,8.0,0.0,1.5706592134982367,0.013205653377011921,0.011160625162506734,-0.004703328814459028,-2.0250499216290767,-101.15944532962916,0.0,-0.13968248107572018,8.020815394665235,0.0,122.53,0.022236086140070565,-0.01187321618601675,-4.946663898203837,1.5667265422484957,0.024469259986507792,-0.01321557541337471,-4.966264805867695,0.017325601721199076,-0.0020150853762057608,-0.0,1.5673797792906512,-2.0041362691978226,-101.18863702865323,0.0,-0.00017586659386166197,8.000000000009269,0.0,1.5708183101191258,70.0,0.07464416139688473,0.06774424049938285,0.05793293093995704,0.24433239531689144,0.3588683556422893,0.05134904722504974,0.1376160081951748,0.2235769638839614,-33.6278674925437,0.160517195018676
122.708,-2.026859188065032,198.93641734840003,5.121,0.01,8.01,-0.01,1.5695809150955193,0.0,0.0,0.0,-2.0247793706381003,-100.67801108957224,0.0,-0.13497298216812087,8.021880242141462,0.0,122.662,0.022917414291429444,-0.03540933087120182,-4.964936552471405,1.5713573551638846,0.02279121055188016,-0.028700384545671094,-4.96406145542263,-0.0021505146760822675,-0.04993743854926436,0.01,1.5698102186181058,-2.0041468211934466,-100.70863702876869,0.0,-0.00017586659378347104,8.000000000007848,0.0,1.570818310119116,46.0,0.06272080509934072,0.05957503786493989,0.05670309157898211,0.2321635136343257,0.3537270632900798,0.046492395844746084,0.13424899329650009,0.20990539256290108,-34.319134570186264,0.15202667812232024
122.8,-2.0268593233989662,199.53558991437075,5.122,0.01,8.01,-0.01,1.5693756848948563,0.035920196583795465,-0.0017556795876909862,-0.000710954380190058,-2.0237355450589147,-99.39404830024068,0.0,-0.1306251145022445,8.022299168722139,0.0,122.728,0.01948093807814554,-0.021616681559626254,-5.00217737933527,1.5698554885920293,0.02071528093515445,-0.029309798445835554,-4.967739038944208,-0.006646999626439901,-0.04130879442970414,0.01,1.5703755550408933,-2.004174959848369,-99.4286370290766,0.0,-0.00017586659218119717,8.000000000007848,0.0,1.5708183101189157,72.0,0.06366443536228923,0.06036657231004821,0.057462878975518224,0.2326795633095724,0.3538291653123148,0.046765611379372365,0.13426284594411528,0.21054765745886084,-34.23080128071475,0.15229028924376375
122.901,-2.02685954811259,200.534210857211,5.125,0.02,8.0,-0.01,1.569825337329183,0.0,0.0,0.0,-2.0228255268317294,-98.59170926403134,0.0,-0.13359317295429177,8.019711627767977,0.0,122.827,0.020755660326613412,-0.022756670159468348,-4.966725620715422,1.5715108624808933,0.018184580591065952,-0.02798039600192123,-4.966598420755524,-0.021847803181622213,-0.02144088837845981,0.01,1.5710279228917274,-2.0041925465075714,-98.62863702926892,0.0,-0.00017586659221675553,8.000000000009269,0.0,1.5708183101189201,74.0,0.07479184320469026,0.0679631301015838,0.05885728073227453,0.24477949488120107,0.3591587739299981,0.05150633965823941,0.1377625191551772,0.2242204270725235,-33.56955885134208,0.16090829037636878
123.0,-2.026859683410123,201.13338342361948,5.129,0.02,8.0,-0.01,1.5701644461394773,0.009039995221371111,-0.003140452153595003,0.0043214566701837796,-2.0219831090037714,-97.95008176582833,0.0,-0.13633819133781475,8.016361033424268,0.0,122.893,0.019697779097778326,-0.027431969823335574,-4.9549221768152325,1.5687367913916053,0.017514071474585058,-0.03113790224675045,-4.96411737879639,-0.015092997529068626,-0.023610951551836123,0.01,1.5701811359081317,-2.00420661583493,-97.98863702942292,0.0,-0.0001758665922060974,8.000000000009269,0.0,1.5708183101189188,81.0,0.05997091383550432,0.05781202709769329,0.05684877851299273,0.22993623791286763,0.352864300238863,0.04542870493762102,0.13358871208515696,0.20746412371929496,-34.46236423208461,0.15056635498273854
123.1,-2.0268598665482003,201.93228049316318,5.133,0.02,8.0,-0.01,1.5703764357338683,4.8655983175032857e-05,-0.00978123764091679,0.0005338183538397129,-2.0208413092774364,-97.14844461560456,0.0,-0.13767531106073067,8.011725620135364,0.0,123.025,0.019026201888478537,-0.030689038554483496,-4.944435320407511,1.5743614539231046,0.01590741545727725,-0.03396397515171064,-4.960279495040803,-0.02237089880797109,-0.02483087803029793,0.01,1.5710936118683372,-2.004224202494147,-97.18863702961531,0.0,-0.00017586659233041115,8.000000000007848,0.0,1.5708183101189344,75.0,0.07410470772054481,0.06761773781624349,0.058363989284044834,0.24536582210578345,0.3596316113129981,0.05149341673143803,0.1380116997663014,0.2247081051711733,-33.61415239679334,0.16148466893645555
123.2,-2.026860046572665,202.73117724660452,5.137,0.02,7.99,0.0,1.5705451525598786,0.0006861661148076595,-0.006408586597691904,0.0024423395556843674,-2.0196619509430462,-96.34727289509897,0.0,-0.13865778292324143,8.00704343392231,0.0,123.124,0.016047775905002254,-0.035815879846113875,-5.006673385076643,1.5669965460137794,0.016197669837809136,-0.03717633889433379,-4.968026610228341,-0.005868582665414963,-0.019374577223469025,-0.0,1.5690233915760647,-2.004245306485193,-96.22863702984617,0.0,-0.00017586659187569502,8.000000000009269,0.0,1.5708183101188775,76.0,0.060124568239562984,0.05783848577878384,0.05655967401295282,0.23017391707529866,0.3528388591946437,0.045428191767227545,0.13361319997080007,0.207550751340869,-34.49054743475166,0.15062053829784444
123.3,-2.0268602296662834,203.53007431866564,5.142,0.02,7.99,0.0,1.570679432780542,-7.130559009005247e-05,0.0030835560592970697,-0.0014778772717139773,-2.018509637240969,-95.5465625654958,0.0,-0.13886662024355376,8.00244186265883,0.0,123.223,0.015449997316531221,-0.0388283384873587,-4.98955416943654,1.570947559217055,0.01564921439817626,-0.04114628555510842,-4.975755389322019,-0.003929985185380465,-0.02481419720170308,-0.0,1.5687787978371857,-2.0042593758125324,-95.58863703000003,0.0,-0.00017586659174602097,8.000000000009269,0.0,1.5708183101188613,77.0,0.058457637967103696,0.05678054230416091,0.055446016068385236,0.22932032543320918,0.3526193185168767,0.04488759316290625,0.13345436823558926,0.20646874598812157,-34.64655190759008,0.1501811574292709
123.4,-2.026860454740266,204.52869525911368,5.146,0.02,7.98,0.0,1.5701201626241692,0.0,0.0,0.0,-2.0171906826364707,-94.58632373202333,0.0,-0.13479535717135796,7.996912395517793,0.0,123.322,0.015123566773668079,-0.04232677950399765,-4.993235265277977,1.5699381910843944,0.013291902033228241,-0.04349248377381301,-4.9789041923441815,-0.01416045400247343,-0.018777447012483073,-0.0,1.5700628282761206,-2.004280479803511,-94.62863703023083,0.0,-0.00017586659168917755,8.000000000009269,0.0,1.5708183101188542,78.0,0.057787412532739356,0.05633271646437313,0.05471645631127153,0.22858058076185256,0.3522800978115469,0.04459587124530242,0.13323506682565722,0.20559737456245153,-34.726285481891225,0.14968151551950704
123.501,-2.0268606345654874,205.32759201095223,5.149,0.02,7.98,0.0,1.5700096626558828,0.0,0.0,0.0,-2.016345973273437,-93.94655210674856,0.0,-0.1335310681800698,7.992978824958219,0.0,123.421,0.013549142116209518,-0.04535398927242692,-4.98659051317708,1.571617541257466,0.010884598450373838,-0.04737702012097372,-4.980687660715413,-0.0226903166091209,-0.024668231129432172,-0.0,1.5711345045836709,-2.0042945491308326,-93.98863703038467,0.0,-0.000175866591646545,8.000000000009269,0.0,1.5708183101188489,80.0,0.05829926910140597,0.056745747945452576,0.054326662460393506,0.22902721336979467,0.3524727049688561,0.04485778100169109,0.13338346468796922,0.20606411232229066,-34.70773025507081,0.14999172843588177
123.604,-2.0268608154453887,206.1153932965654,5.15,0.01,7.97,0.0,1.5703902933772207,0.0,0.0,0.0,-2.01515836875832,-92.98751193011452,0.0,-0.1366863703415595,7.98652107478927,0.0,123.586,0.01389137224388049,-0.030681578675411006,-4.9435141245248575,1.5742790102192883,0.0086899262150184,-0.03438802356538467,-4.977058413660579,-0.023125150526297537,0.01973448194727112,-0.0,1.5724390770952121,-2.0043156531218065,-93.02863703061544,0.0,-0.0001758665913783151,8.000000000009269,0.0,1.5708183101188153,18.0,0.059421524998085395,0.05749078628002123,0.05420175969221314,0.22993536569086023,0.3528627239133782,0.045346049417559056,0.133670995122724,0.20708051235176317,-34.64010364227683,0.15060526668765062
123.7,-2.026860994981348,206.91429004692304,5.151,0.01,7.97,0.0,1.571015680822546,0.0,0.0,0.0,-2.0144621681056565,-92.34857349014788,0.0,-0.14043145702552784,7.9823322024739225,0.0,123.685,0.010929469049740414,-0.02780477357782693,-4.945732319371623,1.5697685675792796,0.009303783889236927,-0.02890496989033755,-4.97314660433196,-0.01085410846301894,0.031156525944960656,-0.0,1.5709030749202464,-2.004329722449094,-92.38863703076935,0.0,-0.00017586659106034723,8.000000000009269,0.0,1.5708183101187756,15.0,0.06339844674161331,0.060170886684459704,0.05571218382083981,0.23232449187166712,0.35360952813271934,0.046654172909794796,0.13416135746873697,0.20993399567715432,-34.33542981533654,0.1519977525872944
123.8,-2.0268611302107757,207.5134626103043,5.151,0.01,7.96,0.0,1.5712965052833336,-0.02776111126654222,0.0022333000145694014,0.0019326219302812433,-2.0137499386919764,-91.55029999729402,0.0,-0.14361458464611532,7.978517054293015,0.0,123.718,0.01151649953111773,-0.029173770387151417,-4.958896932290493,1.5709300987839085,0.009413002686446646,-0.02458827332083821,-4.97146664326643,-0.008766865520022264,0.04252234154927148,-0.0,1.5706422335705872,-2.0043473091082067,-91.58863703096166,0.0,-0.00017586659169450662,8.000000000009269,0.0,1.5708183101188549,82.0,0.06465949060890151,0.0608951416715377,0.056986635027717274,0.23241537728858014,0.35356432846842817,0.04694825045591356,0.13417033884164029,0.21036700458805688,-34.20133684598861,0.15198498498422403
123.901,-2.026861351902987,208.51208321826593,5.149,0.01,7.96,0.0,1.5710953430123649,0.0,0.0,0.0,-2.0131418564961305,-90.59268502105704,0.0,-0.14171847958367123,7.977075691631428,0.0,123.883,0.00972781760860874,-0.026626255365650033,-4.956769196559698,1.5714972959105364,0.008263112596723375,-0.025207503644420745,-4.971029069789189,-0.008716855606344718,0.033449910318148035,-0.0,1.5706358023158506,-2.0043684130992054,-90.6286370311925,0.0,-0.00017586659135341488,8.000000000007848,0.0,1.5708183101188122,18.0,0.05939853950069873,0.05719565845825815,0.05579703509263173,0.22886462393611048,0.3524843452928628,0.04516196585689047,0.1333884693978921,0.20636915566074493,-34.5759898375969,0.1499632457833193
124.0,-2.026861484449114,209.100159989791,5.148,0.01,7.96,0.0,1.5711327283959857,-0.008524467028047268,-0.0006625019929690229,-0.0025193835884787,-2.0128763966567518,-89.9542952843318,0.0,-0.14198564879241124,7.977582849265037,0.0,123.916,0.008743090421177907,-0.026691563825630593,-4.952098646352819,1.5705607660450778,0.007695221884869164,-0.023148570614148704,-4.968753566886562,-0.007994278628111116,0.032003726051448744,-0.0,1.5705453607795479,-2.0043824824265024,-89.98863703134643,0.0,-0.00017586659130726083,8.000000000009269,0.0,1.5708183101188065,84.0,0.06357365935118615,0.06017259035985738,0.0570166017784993,0.23263634847173437,0.35393460834011575,0.04670343868919035,0.1342510976070966,0.21050718967752233,-34.265307905540105,0.15236814735846843
124.1,-2.026861664165395,209.8990567349624,5.147,0.01,7.96,0.0,1.5710461263977944,-0.0031183698415103217,-0.00048080665902250607,-0.0010408819594283924,-2.012690488746173,-89.15620411502654,0.0,-0.1410230311008974,7.97911828752879,0.0,124.015,0.009293897079116185,-0.025687594806578423,-4.972467083044626,1.5688176610611948,0.009492652812957827,-0.022225555929348995,-4.967027981527021,0.0035858827288617785,0.02765019191008289,-0.0,1.5690954674305682,-2.004400069085645,-89.1886370315388,0.0,-0.00017586659171937562,8.000000000009269,0.0,1.570818310118858,85.0,0.05893870735935242,0.0569654396741613,0.055735902968979976,0.22908394283524186,0.35261442490486,0.04499078071892218,0.13335220378998144,0.20644868954349785,-34.608864620147955,0.1501450283437228
124.2,-2.026861846732807,210.70904926822317,5.146,0.01,7.96,0.0,1.5709834469187791,-0.0007697271155621628,0.0067969170043821,-0.002921093010473966,-2.01265740609898,-88.35794465411284,0.0,-0.14013793176585063,7.98096630039685,0.0,124.114,0.0064968067805519294,-0.02571808622609755,-4.990914475102341,1.5671969129058423,0.009209225576151645,-0.02318723377109643,-4.97271870557419,0.013182450702465294,0.01942913465926832,-0.0,1.567891058123828,-2.0044176557447977,-88.3886370317311,0.0,-0.00017586659168207213,8.000000000009269,0.0,1.5708183101188533,86.0,0.05839900941875764,0.056729316407156526,0.054928231329481866,0.22924927816325782,0.35270510514381315,0.04484541445175503,0.1333564089233932,0.2063969359692765,-34.67806889055574,0.15027871013775784
124.3,-2.0268620244023623,211.49685022357744,5.143,0.0,7.97,0.0,1.5704289220473748,0.005985883725297927,0.007854044775450403,-0.007000681634706134,-2.0127691325877035,-87.39979332598753,0.0,-0.13416714364279397,7.983317035524901,0.0,124.213,0.009970150755530663,-0.01825699544895546,-4.947373129022577,1.571904335529838,0.009767497834587243,-0.01828203112229318,-4.968219264719339,0.009133833400127972,0.019591109895940484,-0.0,1.5696531106658909,-2.0044387597357867,-87.4286370319619,0.0,-0.00017586659161457057,8.000000000009269,0.0,1.5708183101188449,87.0,0.05841879140729511,0.056749912247829964,0.05443955468318019,0.22917729871580655,0.3525856240729847,0.04485413273862721,0.1333361504440608,0.20622625163231412,-34.70142764835336,0.15016280282915126
124.4,-2.026862249242342,212.49547115295172,5.14,0.0,7.97,0.0,1.569971449850362,0.0,0.0,0.0,-2.012886559589462,-86.76089298539222,0.0,-0.13229153998290336,7.984631326428532,0.0,124.312,0.005093735061939538,-0.020429223115099975,-4.979261763073683,1.5696335873429692,0.005864144689628561,-0.016582564731790414,-4.965022453820849,-0.016580945965064483,0.019527121336526676,-0.0,1.5728716589026064,-2.0044528290631076,-86.78863703211573,0.0,-0.00017586659163943956,8.000000000009269,0.0,1.570818310118848,88.0,0.058491414587952775,0.05678502202730963,0.05413842838803151,0.2289596686766789,0.3524072887564026,0.04485403137757979,0.13328264372802573,0.2059663280345937,-34.712983377458265,0.1499513897963018
124.5,-2.026862384215839,213.0946437095476,5.14,0.0,7.97,0.0,1.570004169482507,0.0008227927035341942,-0.0008831769196997961,0.0002453892175136381,-2.0130663925681387,-85.80236720183835,0.0,-0.13393419534363632,7.986296887970278,0.0,124.411,0.00958994839213135,-0.012455595392891025,-4.9662204128303635,1.5733592014025348,0.005415094203113624,-0.012895203370986277,-4.96539020771883,-0.018180535566398284,0.025216081797298173,-0.0,1.5730702496063467,-2.004470415722259,-85.98863703230802,0.0,-0.00017586659154884536,8.000000000009269,0.0,1.5708183101188367,89.0,0.05834582266218201,0.05668222513799612,0.05391913988326677,0.22859565278718766,0.3522051475365702,0.0448056327329394,0.13321183725817437,0.20558176004922757,-34.73219253613351,0.14967295226744
124.6,-2.026862558380543,213.88244432644393,5.139,0.0,7.97,0.0,1.570978144040799,-0.004055391806923064,-0.01257649491957009,0.008117256079537742,-2.013204194682858,-85.16323192570154,0.0,-0.14099104198236795,7.987281428824435,0.0,124.51,0.010392727599428305,-0.009210235534284725,-4.963675191007543,1.5741947350954018,0.006326422678791551,-0.007441941532122045,-4.965326531827992,-0.018366679641367314,0.03388876152235998,-0.0,1.5730910422701698,-2.004488002381437,-85.18863703250038,0.0,-0.00017586659174779733,8.000000000009269,0.0,1.5708183101188615,90.0,0.05784985540717146,0.05618940565948287,0.05376127805126694,0.2276118302283148,0.35171801904425537,0.044505841097070384,0.13293929249208225,0.20456046565705366,-34.7794580747863,0.14896529189700297
124.7,-2.0268627385836027,214.6813410641066,5.138,0.0,7.97,0.0,1.5719469390485925,-0.010042998323919214,-0.007040117677478213,0.008367938065047618,-2.0134741871184247,-84.36415838435214,0.0,-0.1483233795487538,7.988945451167638,0.0,124.609,0.009360870447312103,-0.025701888987215073,-4.945770419471013,1.5703729848878187,0.010550588301116832,-0.02127667819724996,-4.963857474721898,0.011292229426431363,-0.006562406375036467,-0.0,1.569378318337486,-2.004505589040614,-84.38863703269277,0.0,-0.00017586659182950974,8.000000000009269,0.0,1.5708183101188717,91.0,0.05819267600147519,0.056477603185860745,0.05370892271446687,0.22806336759029983,0.3519440185589934,0.04471962445533356,0.1331055308655521,0.20505517457548858,-34.75447129552696,0.14929495700284806
124.8,-2.026862918280969,215.48023780210914,5.138,0.0,7.97,0.0,1.5721091313196833,0.02079009681594879,0.014946032109896042,-0.007785839479488992,-2.0139101256912615,-83.56487627102841,0.0,-0.14842642291256544,7.991072909633777,0.0,124.708,0.010843179241118384,-0.025371945858530018,-4.91545044055714,1.5783715107216583,0.008098307941242847,-0.026708647798452285,-4.957946922606505,-0.015871703923199972,-0.01923764220199775,-0.0,1.5727925734598105,-2.0045231756997874,-83.58863703288513,0.0,-0.00017586659162342112,8.000000000007848,0.0,1.570818310118846,92.0,0.05828706130460118,0.05667477116493951,0.05368152161244284,0.22832269236260566,0.3520687956596732,0.04482901023319813,0.1331756565795608,0.20532020135359882,-34.74182704275018,0.14948134235792587
124.9,-2.026863098272301,216.27913453920885,5.138,0.0,7.98,-0.01,1.5716209877890088,0.023936420331863325,-0.0033958516561807196,0.0033703067030858994,-2.0144919121295524,-82.7654316941868,0.0,-0.14522823613934085,7.9922275384405514,0.0,124.807,0.011011077433787743,-0.023526816169460445,-4.953516844844456,1.5707835324216792,0.010191211951321968,-0.02738441950778999,-4.956210572911305,-0.0026475530154759994,-0.026574184216882735,0.01,1.5711292088735136,-2.004540762358951,-82.78863703307753,0.0,-0.00017586659165365042,8.000000000009269,0.0,1.5708183101188498,93.0,0.058452406853078356,0.056781781935134105,0.05371174989125486,0.2284245224397184,0.35211096845100265,0.04491472309280722,0.13321605257659166,0.20544955227293682,-34.72967132887864,0.14954939128745198
125.0,-2.026863278557613,217.07803127502606,5.139,0.0,7.97,-0.01,1.5719507728379705,0.01784444650309206,0.0034768875279381686,-0.004744316629942592,-2.0151914161616844,-81.96598876083307,0.0,-0.14736724790637606,7.991326212755021,0.0,124.906,0.0084397568017753,-0.029892124997049935,-4.973102252056452,1.5727449356925107,0.007898549045559651,-0.030679982822549648,-4.95568621154557,-0.016401855976369954,-0.021167164771416225,0.01,1.5728597533429367,-2.004558349018112,-81.98863703326992,0.0,-0.00017586659168384848,8.000000000009269,0.0,1.5708183101188535,94.0,0.058428290185415135,0.056805218276711505,0.053724795242690186,0.2284316756319345,0.35211413284951903,0.0449101386190758,0.1332023869593145,0.20545224096815057,-34.729669221060334,0.14955509766266747
125.1,-2.0268634591712598,217.86583256471937,5.142,0.0,7.97,-0.01,1.5720232967895011,0.009423989852790693,-0.0037292197180730288,0.005093864184012958,-2.016007057267381,-81.16671901003066,0.0,-0.14813878884628023,7.988962343632533,0.0,125.005,0.012693936451771966,-0.024654159091075947,-4.945124611983952,1.574811772837901,0.009418468017073675,-0.02875019044922998,-4.957113770904565,-0.015314245778881762,-0.012572606209464432,0.01,1.5727208466320464,-2.0045759356772774,-81.18863703346231,0.0,-0.00017586659215810453,8.000000000007848,0.0,1.5708183101189128,95.0,0.058359565251570246,0.05674340246098941,0.053708728489494026,0.22834865149853062,0.35208218430581034,0.044874641870484545,0.13317884910045819,0.20536559057263515,-34.734856696202186,0.1495034352378074
125.2,-2.0268636390897896,218.6647292996567,5.145,0.0,7.97,-0.01,1.5724953127235657,0.0002604683663712278,-0.0033890357378357615,0.0006468860762259919,-2.0169527835976386,-80.36773190939017,0.0,-0.15166790898388338,7.985772731900634,0.0,125.137,0.012602525231183208,-0.023601389128447385,-4.9635051945443776,1.569300615417718,0.0117103235840143,-0.025985698355150605,-4.955002071066069,-0.0011221123564707552,-0.00338448211653386,0.01,1.5709371786216895,-2.004593522336485,-80.38863703365475,0.0,-0.00017586659225758052,8.000000000007848,0.0,1.5708183101189253,63.0,0.05833665187238124,0.05667526048110349,0.053673760483479584,0.2282773736848586,0.35205604995128215,0.04483808673895886,0.13316020822191327,0.2052922393865882,-34.740895170527764,0.14946004961518272
125.3,-2.0268638189024415,219.46362603431248,5.146,0.0,7.97,-0.01,1.5725171843685697,-0.007686947459202272,0.002569387949866642,-0.005739803356388768,-2.0180463907039226,-79.56905731548022,0.0,-0.15128852998991374,7.982728778769065,0.0,125.203,0.01374281006329829,-0.02421937303094139,-4.957605839635562,1.5711501274076287,0.01355232543419178,-0.02499511529680562,-4.954432783370402,0.004493936341606405,-0.00012823028717967588,0.01,1.570232461277962,-2.0046111089957126,-79.58863703384708,0.0,-0.0001758665923606092,8.000000000007848,0.0,1.5708183101189381,97.0,0.0579963050625007,0.05635044942693246,0.05361417776570201,0.22776741517600016,0.35181661501443184,0.04464773507042438,0.13301421051851456,0.2047525510719641,-34.76989864670077,0.14910331629252355
125.4,-2.0268639990090733,220.26252276844522,5.146,0.0,7.96,0.0,1.5720452630801611,-0.007917457820176983,0.00477706315089984,-0.005881181475367035,-2.0192629022809268,-78.77065847665749,0.0,-0.14749330016130544,7.980442503648415,0.0,125.368,0.011152404078247918,-0.0063801793249403105,-4.976461256328468,1.575184017769233,0.010241366278907208,-0.012306663154717734,-4.9561176875531725,-0.023342837926741532,0.04077657167318005,-0.0,1.5737138900445158,-2.0046286956549477,-78.78863703403941,0.0,-0.00017586659215455182,8.000000000007848,0.0,1.5708183101189124,32.0,0.058285990743077755,0.0566211108512375,0.053609350377763036,0.22823784134145073,0.3520394520556166,0.044801853308928836,0.13314487893780294,0.20523622222995702,-34.7486097507317,0.14943471968711095
125.5,-2.026864176089525,221.05032371272245,5.146,0.0,7.96,0.0,1.5719279464709126,-0.03194191249940285,-0.00689363181146581,0.00751964940293366,-2.0205578727453646,-77.97245012760068,0.0,-0.1471340057895464,7.979177475679866,0.0,125.434,0.01667024113290913,-0.0036682074462155573,-5.055737045014636,1.5624540704853322,0.016031857445671864,-0.003173387168346287,-4.967145785706968,0.018619014004971277,0.056453739889804844,-0.0,1.5684737311523211,-2.0046462823141504,-77.98863703423183,0.0,-0.00017586659244945828,8.000000000009269,0.0,1.5708183101189492,66.0,0.06337903068444418,0.060075876676850604,0.05541672740265721,0.2319352937585386,0.3533540899322159,0.046587957701433765,0.13401349383010802,0.20948017385903941,-34.3529565890003,0.15168686400904338
125.6,-2.0268643563842517,221.84922044377223,5.149,0.0,7.96,0.0,1.5722143276969456,-0.034257579381846925,0.013725862123682233,-0.010651959402747027,-2.0219276961631123,-77.17425618129056,0.0,-0.14740420696638737,7.980147352580551,0.0,125.467,0.013950128676819482,-0.0005989825903109508,-5.007737864998134,1.5748772911106084,0.013875932941676244,0.005577405194510861,-4.971606488417638,-6.027885501495646e-06,0.06781521099098686,-0.0,1.570797077669866,-2.004663868973341,-77.1886370344242,0.0,-0.00017586659167141398,8.000000000009269,0.0,1.570818310118852,83.0,0.059346363042319536,0.0571637725382315,0.05484222229534568,0.2285216882326231,0.35213818734008956,0.045091591745196176,0.1332377469178094,0.20580637086914746,-34.63143841291932,0.14959597711719677
125.7,-2.0268645394747296,222.64811752540106,5.151,0.0,7.97,0.0,1.5712356023166816,-0.030746523534356175,-0.0025407384428513665,-0.00022748232457458383,-2.023336275051709,-76.37580976772021,0.0,-0.14041086725142818,7.984163698046125,0.0,125.665,0.0211411553546385,-0.012374551326593666,-4.940532323882032,1.5737274892974198,0.020922563002638873,-0.008298508070027574,-4.9755429032179705,0.015916253386522174,0.013462382919596116,-0.0,1.5688026764792848,-2.0046814556324923,-76.38863703461651,0.0,-0.00017586659158078856,8.000000000007848,0.0,1.5708183101188407,35.0,0.06401048924411815,0.06051135018212249,0.05640968769453906,0.23263315853938188,0.3537399090303875,0.04684394388663559,0.1342240791902876,0.2104015873061011,-34.26732203682274,0.1522249892114969
125.8,-2.026864719402681,223.447014255571,5.152,0.0,7.97,0.0,1.5710317780347562,0.017138156888335417,0.014460200760327332,-0.004135273206980646,-2.0247232730268827,-75.57686198984004,0.0,-0.138361770948357,7.98995664385028,0.0,125.731,0.01785095816420707,-0.013317240173589026,-5.008292888896175,1.5623454885073587,0.02375186978649088,-0.010525945737781976,-4.979508280772235,0.0362644741039857,0.005628917660320809,-0.0,1.5662494472238842,-2.004699042291644,-75.58863703480891,0.0,-0.0001758665915008525,8.000000000007848,0.0,1.5708183101188307,69.0,0.0649361593308647,0.06127539151867544,0.05759330097423771,0.23310069152927848,0.35386463849708044,0.0471434759599571,0.1343108549287037,0.2111063945588831,-34.14806150131422,0.1524700767512463
125.9,-2.026864896794038,224.23481519818588,5.155,0.0,7.98,0.0,1.570316238476897,0.019498266055688305,0.021126978656160807,-0.00845985741813815,-2.0260212267133904,-74.77733404274865,0.0,-0.13238917480222123,7.995620977602313,0.0,125.863,0.02358833287268719,-0.0060352253198698025,-4.950240896084964,1.5747738177311126,0.023303989519924753,-0.008030663017876992,-4.974777780006276,0.006234318593877445,0.0045317549542982505,-0.0,1.5700155274295367,-2.0047166289507836,-74.78863703500129,0.0,-0.00017586659139779255,8.000000000006427,0.0,1.5708183101188178,37.0,0.05927403972940977,0.05715332251894592,0.05616687728064796,0.22907916058928937,0.3525622038612381,0.0451435493847545,0.1334038255582823,0.2065465222966827,-34.564790231834166,0.15010537523616987
126.0,-2.0268650768325713,225.03371192739274,5.156,0.0,7.98,0.0,1.5694997944545488,0.014736888439094747,-0.0007474104827693138,0.0008980130669255444,-2.027130343951997,-73.97734264420153,0.0,-0.1272458589259556,7.999664481754699,0.0,125.929,0.02137429517653272,-0.0042742843452748674,-4.988267363210965,1.5665101476726118,0.024373859382112208,-0.005592397253754022,-4.976410849824376,0.015205661968931224,0.010662877790021064,-0.0,1.568893400360933,-2.0047342156098957,-73.98863703519366,0.0,-0.00017586659121133756,8.000000000009269,0.0,1.5708183101187945,71.0,0.06396242016228222,0.060456197873830796,0.057405313731775445,0.2332701874186224,0.35416112797890686,0.046897038987404834,0.13440557613168205,0.2111507891697061,-34.22383133115146,0.15276833972609746
126.1,-2.0268652566877137,225.83260865540018,5.156,0.0,7.98,0.0,1.569771082434107,0.003583948752391044,0.0014394202393552573,0.00010151475817441042,-2.0279890812683377,-73.177033069478,0.0,-0.1286249780228365,8.002286503379093,0.0,126.028,0.02051239160856274,-0.005439186171029481,-5.037495697988439,1.5674381059692426,0.024924799552720957,-0.0034553625862769784,-4.986607955324631,0.018872586996116963,0.014205197315981799,-0.0,1.5684355477718965,-2.004751802269005,-73.18863703538602,0.0,-0.0001758665910159383,8.000000000009269,0.0,1.57081831011877,72.0,0.059135888596165094,0.05713943432052898,0.05601210232984338,0.22947782435387765,0.35272210847751645,0.04508333347981212,0.1334295186961139,0.2068082249780795,-34.58372350710702,0.15036166619601338
126.201,-2.026865436991862,226.6315053820623,5.156,0.0,7.99,0.0,1.5695504777275515,-0.0021391683586647046,0.0030076712736469085,-0.0018999306509597975,-2.0286667370791047,-72.21634140886735,0.0,-0.12644232959455798,8.00510021539726,0.0,126.127,0.022883720519967832,-0.003282488611914741,-5.05466414205825,1.566815022828432,0.02486623204021702,-0.0035062728057680577,-4.995840817313729,0.017219775638571265,0.004631058312805081,-0.0,1.5686424126388259,-2.004772906259933,-72.22863703561677,0.0,-0.00017586659096797668,8.000000000009269,0.0,1.570818310118764,74.0,0.05875509754201522,0.056959546838837895,0.05515167819462452,0.22969476436438738,0.3528366343009814,0.04499570648289816,0.1334764889230504,0.20683222104931714,-34.6461413947608,0.1505278947325683
126.3,-2.02686561671279,227.43040210814627,5.155,0.01,7.99,0.0,1.5694080705896507,0.001003920272369299,0.0010325381006745344,-0.003925937028872199,-2.0288879769383805,-71.57569407790265,0.0,-0.12557741302979547,8.006951209984653,0.0,126.226,0.027055047455332607,2.1903620545798974e-05,-4.990321578306732,1.567187175592754,0.027313927403070898,-0.000915897143569279,-5.00180605729213,0.023320008302690154,0.01151148100052879,-0.0,1.5666321365932572,-2.0047869755872334,-71.58863703577072,0.0,-0.00017586659218116592,8.000000000006427,0.0,1.5708183101189157,74.0,0.05841467514980593,0.056749234411326475,0.0545386631819122,0.22924077253130767,0.35255826325145156,0.04483723684820633,0.13333921544977764,0.20624560062337405,-34.69903128707285,0.15016152619430986
126.4,-2.0268657966501706,228.2292988327893,5.154,0.01,7.99,0.0,1.5692498685701306,-0.0034897892534530997,0.007998062221764461,-0.005208973287317447,-2.028886446493645,-70.77467132840931,0.0,-0.12405383713066352,8.009372927833315,0.0,126.325,0.023605630984107583,-0.00347517711398615,-5.0378770237024035,1.5592417450439808,0.030991483458853608,-0.0009041172604038305,-5.004686178219629,0.045852834308177236,0.010149057325193667,-0.0,1.5638149660110112,-2.004804562246499,-70.7886370359632,0.0,-0.00017586659290059044,8.000000000006427,0.0,1.5708183101190056,75.0,0.05836151183463372,0.056667570636146435,0.054168369837339844,0.22882907968145838,0.3523054817689943,0.044786499781148424,0.13325129573686073,0.2057951304868071,-34.72251992357061,0.14982705692441856
126.5,-2.026865976481673,229.0281955571508,5.152,0.01,7.99,0.0,1.5681755236026387,-0.004470995911267864,0.018414704653166553,-0.015775401434375613,-2.0284214846833653,-69.81310969584067,0.0,-0.11210263343861054,8.012845293778959,0.0,126.424,0.021522212668016363,-0.0033821635374659126,-5.013889799617842,1.5656280850122628,0.029989288147601142,-0.001327673760234039,-5.005562140047971,0.03418672525951899,0.008039272349773086,-0.0,1.5652716882924251,-2.0048256662376365,-69.82863703619412,0.0,-0.0001758665923872858,8.000000000009269,0.0,1.5708183101189415,76.0,0.058504591706563906,0.056731104196376635,0.05396721764995773,0.2286815225808351,0.3522054802534019,0.04483991840373272,0.13324182587303426,0.20566160754982166,-34.723598416689164,0.1497015800427231
126.6,-2.026866156684676,229.8270922811477,5.151,0.02,8.0,0.0,1.5669134888474385,-0.0023088695789120523,0.005969101731677698,-0.01085844776373089,-2.027764843377396,-69.1718389974967,0.0,-0.10520781709519632,8.015421350546312,0.0,126.523,0.020737942658890753,-0.016101213149357432,-4.989411392757723,1.5673346836127555,0.023749734507475327,-0.009280839555339596,-5.000543420865101,-0.0031822882749355692,-0.02102509002687203,-0.0,1.5686885764873748,-2.0048397355650005,-69.18863703634796,0.0,-0.00017586659152575272,8.000000000009269,0.0,1.5708183101188338,77.0,0.05864110607108776,0.05676746127330073,0.05386966537556607,0.22855507130230104,0.35213587842689886,0.04488140895003823,0.13323203447068727,0.2055654782003543,-34.72114483504384,0.14960692615125484
126.7,-2.026866336304451,230.62598900342735,5.15,0.02,8.0,0.0,1.5669017525531839,0.01807500987347718,-0.015134348463648114,0.00799318837497341,-2.026507948904477,-68.36997973545782,0.0,-0.10593787741704325,8.018242642658624,0.0,126.622,0.02507092939388001,-0.019708135232151307,-4.977768443413301,1.5721922644460096,0.02168325461035115,-0.021316759194809957,-4.994939081553497,-0.020289673543609284,-0.04550602239410573,-0.0,1.57083274313317,-2.0048573222242103,-68.3886370365404,0.0,-0.00017586659263937226,8.000000000002164,0.0,1.570818310118973,78.0,0.058360239236602815,0.056690444559885506,0.0537645777376202,0.22835274978423833,0.3520527155632312,0.04482326159464274,0.13317434830613878,0.20534097854367042,-34.73557384986684,0.14947692862323264
126.802,-2.0268665130595593,231.4248853603467,5.149,0.03,8.0,0.0,1.5679481626164655,0.03292677370923442,-0.01819390240708938,0.013537547135149004,-2.0244707373001734,-67.40746635630435,0.0,-0.11607934291672013,8.01945669723041,0.0,126.721,0.022452516960060242,-0.025933491567385822,-5.044687798896006,1.5632672812918342,0.021749671717626262,-0.029568333997940066,-4.997876320205188,-0.011908852864071444,-0.05638647406161468,-0.0,1.568518885199983,-2.004878426215342,-67.4286370367713,0.0,-0.00017586659285269128,8.000000000009269,0.0,1.5708183101189996,81.0,0.059005389798267284,0.05718015039429691,0.05385216865421356,0.22905832975227833,0.35236969277892377,0.04516528381507514,0.13340340881802276,0.20611975285750317,-34.68443903597792,0.14995642663243888
126.9,-2.026866693267273,232.22378207930177,5.149,0.03,8.0,-0.01,1.56890554778767,0.027231226151849728,-0.004508709703411864,0.00382968335866773,-2.0229093407783107,-66.76578334935142,0.0,-0.1216028940369028,8.018322863782997,0.0,126.82,0.020627949335176053,-0.02626077874128767,-4.976640909675737,1.5705837091144643,0.016979246512486196,-0.032653117839893726,-4.990272342805756,-0.03310145874856771,-0.05264777548445121,0.01,1.5711865773467162,-2.004892495542765,-66.78863703692524,0.0,-0.00017586659255426333,8.000000000009269,0.0,1.5708183101189623,80.0,0.0585293052081721,0.05688884036502954,0.05379775862664775,0.22855747841049326,0.35215129517982907,0.044969113315359244,0.13324598723332018,0.20558198845982617,-34.71878869581535,0.1496241777838555
127.0,-2.026866873446636,233.02267879737437,5.149,0.03,8.0,-0.01,1.5691695188314208,0.021712352009347086,-0.012792323590078284,0.007179143706580798,-2.020425719531936,-65.80356714731174,0.0,-0.1254057024530902,8.013984811635959,0.0,126.919,0.01701108635346037,-0.009929768747445875,-4.9876132231296015,1.568270236661921,0.01626180422838603,-0.01876731290398681,-4.985369207346551,-0.01824389321876938,-0.007138758296634684,0.01,1.5693255020241046,234.18899999960868,3.699584411155919e-10,0.0,8.000000000006935,1.3941973771059617e-11,0.0,1.7427467213809414e-12,81.0,0.05838890401222673,0.056748031334011705,0.05378090309968922,0.2283400049614648,0.3520618964480771,0.04487419025879622,0.13317803483216087,0.20535880741981039,-34.73271116311769,0.14948247133011244
127.1,-2.026867056201418,233.82157588312364,5.15,0.03,7.99,-0.01,1.5697441608088578,-0.01681907169791018,-0.00465339065770869,-0.0021167808250393324,-2.0187478252860145,-65.16242700772617,0.0,-0.12764584292666295,8.010264303409373,0.0,127.018,0.016455686852218848,-0.017381171563179657,-5.054425232672029,1.5643372289222055,0.018589627202235004,-0.01576739548557417,-4.995459419343112,0.01044451491540245,0.009729454944323201,0.01,1.5657406345299258,-2.004927668861291,-65.18863703731007,0.0,-0.00017586659315819343,8.000000000007848,0.0,1.5708183101190378,82.0,0.05863488325158219,0.05677834448015689,0.053770266952359265,0.22841524545181738,0.3521085530239208,0.04490437382840881,0.13320473447819928,0.20546693308770428,-34.72494460860864,0.14954551895281448
127.2,-2.026867238730361,234.6315683876334,5.151,0.03,7.99,-0.01,1.5693630751364418,-0.02488255563478838,0.008753618880694413,-0.012879985610052009,-2.0166853315715123,-64.36137985516649,0.0,-0.12294484605178387,8.00677486484448,0.0,127.084,0.0098131603792954,-0.020592058621264682,-5.001018930344742,1.579494687903163,0.007716442806497609,-0.018124081594514382,-4.994991262452999,-0.04136326769204049,0.004286498195661181,0.01,1.5722177494624057,-2.0049452555206178,-64.38863703750242,0.0,-0.00017586659387764918,8.000000000009269,0.0,1.5708183101191278,66.0,0.05855177510669198,0.056757050807348323,0.05374553736623722,0.22839832528590248,0.3521048759320164,0.04488055949139836,0.13318832173390338,0.20543528828633842,-34.729405532265645,0.14953785027199523
127.3,-2.0268674190694895,235.43046510439868,5.152,0.03,7.99,-0.01,1.5687229359198849,-0.01139784967576167,-0.020960743737892584,0.008095820931166887,-2.014656151635619,-63.56060231211829,0.0,-0.11976749285318651,8.004974064284934,0.0,127.216,0.010995394579368944,-0.01767455644687925,-4.966463432086396,1.5713282841533291,0.005602769220135308,-0.016472902435161713,-4.989625331847705,-0.041019195344942735,0.008352882005892681,0.01,1.572174008992218,-2.0049628421799994,-63.58863703769513,0.0,-0.00017586659355773313,8.000000000001453,0.0,1.5708183101190878,84.0,0.06378605338407943,0.060401103579917854,0.055561668203619796,0.23242425687583929,0.3535747229002089,0.0467668027332693,0.13414165120432736,0.2100212891775193,-34.320707106195655,0.15202790057865545
127.4,-2.0268675988253833,236.2293618198264,5.155,0.02,7.99,0.0,1.5700153805108297,-0.008622658618969607,-0.014935212424958152,0.008530656482280905,-2.0127242060861867,-62.75994247086087,0.0,-0.1296456086890674,8.004006047962582,0.0,127.315,0.009501135094622299,-0.021442034542922185,-4.993649968022352,1.5682505658180979,0.005651640142739315,-0.0199066312045501,-4.989723663788062,-0.024657950330956677,-0.0003508665179348114,-0.0,1.571379324837165,-2.004980428839304,-62.78863703788812,0.0,-0.00017586659234981048,8.000000000001453,0.0,1.5708183101189368,85.0,0.05930061125261274,0.05708363984570037,0.05489866820308365,0.22843355165330384,0.352108240105316,0.045073800172457344,0.1332298434643247,0.20573290712595999,-34.62999234491964,0.14954300796293873
127.5,-2.026867778875257,237.0282585351108,5.157,0.02,7.99,0.0,1.5708563256910733,0.0014526865556990002,-0.0012886691764848871,0.0030286017448990766,-2.010708366715837,-61.79918599441467,0.0,-0.13675496411681443,8.003717641932566,0.0,127.414,0.005256495293595134,-0.02496693852959063,-5.064661065410018,1.5615994220772955,0.007620693890576043,-0.02523070614451172,-5.003120569831802,0.012002079930307528,-0.012219920403233608,-0.0,1.5667849466915942,-2.0050015328304007,-61.82863703811976,0.0,-0.00017586659276371723,8.000000000002164,0.0,1.5708183101189885,86.0,0.058577372577248155,0.056703539850642,0.05445361603290176,0.22857410481605045,0.35228149990958063,0.044892094983665705,0.13325626085033354,0.20573270412754308,-34.693190924168135,0.14973194805817225
127.6,-2.0268679588192526,237.82715524859475,5.159,0.02,7.99,0.0,1.5706750672205256,0.011715233072918196,0.013937050524394833,-0.014117794407074473,-2.0095867255960473,-61.15868895763187,0.0,-0.13318523115309594,8.003680640689396,0.0,127.513,0.006280336558135778,-0.02539495141079265,-5.059065147697398,1.563914875529906,0.00965848653942595,-0.02598045602950006,-5.009194034200386,0.02194924438635702,-0.011260740197762686,-0.0,1.5655387470573776,-2.005015602157809,-61.18863703827417,0.0,-0.00017586659236403695,8.000000000002164,0.0,1.5708183101189386,87.0,0.07406511975994323,0.0674757005803039,0.05653126724036321,0.24488803128134481,0.359333536357014,0.051392732683426735,0.13785982306792882,0.22397167831434014,-33.71733966062196,0.16113398462746156
127.7,-2.0268681392791663,238.6149565489585,5.161,0.02,7.99,0.0,1.5692470675010721,0.008099692515794326,0.014986610438819627,-0.01485774470548977,-2.0083688798888564,-60.358121690059384,0.0,-0.1216119701061675,8.003189997241485,0.0,127.612,0.00453196969812969,-0.025622711385676226,-4.995161518411275,1.5692310595250405,0.007043675096168113,-0.02694314572503905,-5.007420733760929,0.0053482783278850365,-0.010682965798594957,-0.0,1.5676195896192147,-2.0050331888170594,-60.38863703846718,0.0,-0.00017586659242088036,8.000000000002164,0.0,1.5708183101189457,88.0,0.06036437632025276,0.057951747421156524,0.05548781873763177,0.22946444044095987,0.3524624247389033,0.045463992827654384,0.13342547789130324,0.20683418406002446,-34.53025964725939,0.150154325804708
127.8,-2.0177792238226644,239.41385326452567,5.161,0.02,7.98,0.0,1.5681607342001536,0.005812433296498951,-0.0018286823818406592,-0.006700692865150358,-2.007027385250423,-59.397620360027716,0.0,-0.11383925354536126,8.001429028818855,0.0,127.777,0.0032799710054872066,-0.025987637692367713,-5.005109039175864,1.5656484856641004,0.004275546686713028,-0.026365772174872973,-5.000553472911527,-0.0030501596131614975,0.0028848296850210176,-0.0,1.5686730574158496,-2.0050542928081483,-59.4286370386988,0.0,-0.00017586659247772378,8.000000000002164,0.0,1.5708183101189528,23.0,0.07482133041404193,0.06790430009008462,0.057336157139194495,0.24497415827445806,0.35928210296209434,0.051580619850602534,0.13788111632673844,0.22426439068596604,-33.64184469077976,0.16111685310267504
127.9,-2.0177794024168065,240.21274997641348,5.16,0.02,7.98,0.0,1.5682924760647605,-0.00345100465435439,-0.003131497241427731,0.00025573160772474204,-2.0061700519872794,-58.757434733697345,0.0,-0.11461632807756642,7.999855323575529,0.0,127.81,0.003597358251169138,-0.026566182678268074,-5.013853879611115,1.56575801167879,0.004927731772041756,-0.026596181672463547,-5.002225445539002,0.00693411523234249,0.0024710136697772,-0.0,1.567422182000322,-2.0050683621355434,-58.78863703885321,0.0,-0.00017586659262871411,8.000000000002164,0.0,1.5708183101189717,90.0,0.06705892641011413,0.06274132391180653,0.05821566100104939,0.23447390907331853,0.35426037130005783,0.04774108941311083,0.13455314029849813,0.2126846204155881,-33.99478007203736,0.1532449833933119
128.0,-2.0177795822596565,241.01164668685254,5.16,0.01,7.98,0.0,1.5683439197626452,-0.0009779403735823877,0.000983659700469125,-0.0043946231387369025,-2.005160945837585,-57.95737554603915,0.0,-0.11442668781464485,7.998018208129111,0.0,127.909,0.0008608620008004371,-0.028214016540072634,-4.990110631235924,1.5701467895946968,0.0006640272789419405,-0.0279060360653407,-4.999587380552597,-0.004015559825571866,-0.0007430510344192953,-0.0,1.570046327253508,-2.0050859487947688,-57.98863703904622,0.0,-0.00017586659218640126,8.000000000002164,0.0,1.5708183101189164,91.0,0.059298449021519276,0.05710868794066134,0.05647570057309423,0.2288446460706097,0.35244776023636315,0.04510607540250847,0.1333621313403361,0.20637652489454872,-34.54816725198594,0.14993216112635221
128.1,-2.0177797610419077,241.81054339755607,5.16,0.01,7.98,0.0,1.5684302680336426,0.002408692858046556,-0.0044667279272723025,0.007599322365703287,-2.0042411588987483,-57.157488996504114,0.0,-0.11578488235839725,7.996303879947702,0.0,128.008,-0.0011197454221828058,-0.030187283938648002,-4.99724850253405,1.5673695740217848,0.0007269079095799415,-0.030223751865060502,-4.999210963544586,0.004773232558902954,-0.005941301257472276,-0.0,1.5689436672880208,-2.0051035354539595,-57.18863703923924,0.0,-0.0001758665919785519,8.000000000001453,0.0,1.5708183101188904,92.0,0.058402369741687714,0.05668997855974715,0.05539276368286137,0.22940701326017035,0.35281915316569623,0.04487861478021018,0.13342054285069346,0.20661701262164994,-34.654238619790036,0.15042178881282664
128.2,-2.017779936857522,242.60943972430312,5.158,0.01,7.98,0.0,1.5689749512264992,0.006853510447196027,0.0007829876387360167,-0.002749193078780467,-2.00329187256764,-56.19785312811563,0.0,-0.11947032349744117,7.994013201182286,0.0,128.173,0.0002685453002049337,-0.031140298311293196,-5.003704694196808,1.5708242314983984,0.00029168016447174276,-0.031737244190351135,-4.999544623677053,-0.0010261649945234892,-0.008069562761391147,-0.0,1.5696706482298715,-2.005124639444958,-56.22863703947086,0.0,-0.00017586659205850357,8.000000000002164,0.0,1.5708183101189004,27.0,0.05838332311846912,0.056794327665837745,0.054731975564462625,0.22957593918151759,0.352792619053586,0.044875815961744975,0.13340791829759882,0.20660905265505478,-34.68533575389792,0.15045819090260465
128.3,-2.0177801163052393,243.4083364310811,5.156,0.01,7.97,0.0,1.569120347793449,0.0056446796625870726,-0.0023773368392193215,0.00030760028354323495,-2.002771673379676,-55.55826062475633,0.0,-0.12095504763983093,7.992149222919539,0.0,128.206,0.0008646380112224729,-0.031556511645899545,-5.022248424130109,1.5665797508338366,0.0018000874294506397,-0.03184691186254064,-5.002200865385197,0.009218011287147965,0.0013447890863451661,-0.0,1.568385444495653,-2.0051387087722863,-55.58863703962525,0.0,-0.00017586659131421005,8.000000000002164,0.0,1.5708183101188073,94.0,0.06345446505717234,0.06035993909497217,0.05626873802852298,0.23316265633399838,0.35396428563937876,0.046719774468956116,0.1342721855602031,0.2107032592210289,-34.300494369166,0.15257675848295887
128.4,-2.0177802928001256,244.19613735015415,5.155,0.01,7.97,0.0,1.5693682883309685,-0.0007080589616149644,0.005854673909724095,-0.0006804896625516998,-2.0022547958363806,-54.75899186741786,0.0,-0.12235920819828962,7.989574382185648,0.0,128.305,-0.0013042414944337952,-0.03230387020728777,-5.034464707115163,1.5696542068000734,-0.0005608110549096564,-0.03222386731919784,-5.0090855389367075,-0.000854859865676634,-5.8647429677094465e-05,-0.0,1.569648873417749,-2.0051562954314206,-54.788637039818276,0.0,-0.00017586659149895116,8.000000000002164,0.0,1.5708183101188304,95.0,0.058932879014665984,0.05703856589191052,0.055272203071051226,0.2288384150615223,0.3522835196038591,0.04500196644732295,0.13328777532533576,0.2060430050879459,-34.62828824297907,0.14980420832310415
128.5,-2.017780471958588,244.99503405545124,5.155,0.01,7.97,0.0,1.5693733626420168,-0.0018476604698856305,-0.0027586970605436908,0.001199158267820983,-2.001886576578627,-53.959982421315786,0.0,-0.12191318072568798,7.986992085852377,0.0,128.404,-0.0021491270119496915,-0.032715371086693104,-5.020714001271638,1.570880777642468,-0.002213929361938425,-0.03308551106189648,-5.012539088443361,-0.008006348467257712,-0.0022714922575559626,-0.0,1.5705461110038843,-2.005173882090593,-53.988637040011305,0.0,-0.00017586659179205004,8.000000000002164,0.0,1.570818310118867,96.0,0.05838075697576343,0.056664262284373816,0.05465323854693648,0.22876594467919525,0.35233806444461796,0.04485503613337241,0.13329610554851942,0.20586192301143635,-34.693432876262,0.14983103348282156
128.6,-2.0177806510111793,245.7939307589479,5.156,0.01,7.97,0.0,1.56962461798941,-0.0007286255902305659,-0.006224416598628068,0.00011239996421468138,-2.001675347556316,-53.161219794006364,0.0,-0.1240708416701889,7.984593484576299,0.0,128.536,-0.001573556513403956,-0.011773510739114396,-4.986858942412079,1.576339251495151,-0.004983006958641241,-0.021670962715428038,-5.010858393831102,-0.0278064414042856,0.028007135621692214,-0.0,1.5730226828961311,-2.005191468749748,-53.18863704020431,0.0,-0.00017586659088253973,8.000000000001453,0.0,1.5708183101187534,64.0,0.05829464088740861,0.056669283494536676,0.054254049940726586,0.22878443571492285,0.35232536923089963,0.044831838517288204,0.13327722063187344,0.20580136989622966,-34.71625864494715,0.14983005203755045
128.7,-2.017780830435271,246.59282746207998,5.158,0.0,7.97,0.0,1.5704084649067394,-0.020677461948229107,-0.009506722693616269,0.01210455481426003,-2.0016677383473507,-52.36267417023092,0.0,-0.1307765170952671,7.982544609122101,0.0,128.602,-0.001142951425095907,-0.011110116801969244,-4.99901239470834,1.5779922242180624,-0.00664378101824276,-0.008966493564970795,-5.0083436612239485,-0.03882048945182502,0.05437194201575668,-0.0,1.5756341118425197,-2.005209055408831,-52.38863704039732,0.0,-0.0001758665906782587,8.000000000001453,0.0,1.5708183101187279,98.0,0.05850038266346459,0.056674688777957456,0.0540100328148353,0.22864338883780272,0.3522262616226989,0.04483171067480099,0.1332433838602447,0.20565621902500383,-34.72491055436796,0.14970693598956297
128.8,-2.0177810098692675,247.38062876686743,5.16,0.0,7.96,0.0,1.5717267762545983,-0.034738737571813665,-0.011885205239212507,0.01878695706783135,-2.001957002498872,-51.564237816166575,0.0,-0.14166248942571733,7.98200293109251,0.0,128.734,-0.004582262880054233,-0.013188766189997106,-5.035421282153193,1.5700581110035834,-0.006950472875982453,-0.005739758620893954,-5.009715054909982,-0.01905899823238501,0.06020554084681162,-0.0,1.573172695113528,-2.005226642067891,-51.588637040590335,0.0,-0.00017586659026971223,8.000000000002164,0.0,1.5708183101186768,66.0,0.05839906458353555,0.056569816144956826,0.053895950788043726,0.22825028391399954,0.3520048486152874,0.044738793001395834,0.13312070277764038,0.2052436550169808,-34.73960589055431,0.14940244553372836
128.9,-2.0177811893264135,248.17952546925775,5.161,0.0,7.97,0.0,1.5731399660606427,-0.025943555906860153,0.0038329170027007736,0.009966353465819592,-2.002653077480783,-50.765691018721995,0.0,-0.15173491736030792,7.983998862445807,0.0,128.833,-0.0017597208160400647,-0.025350792574351397,-4.973885534250779,1.575726361711632,-0.006527255409002093,-0.012054769840763528,-5.0050468034970095,-0.0231351468009534,0.024666516167657804,-0.0,1.5736901413367503,-2.005244228726847,-50.788637040783364,0.0,-0.00017586658946324623,8.000000000002164,0.0,1.570818310118576,67.0,0.05877364938100046,0.05688831700319298,0.05388422255334845,0.22865278981428822,0.3521886656078956,0.044933768744524115,0.13324930855118336,0.20568750818867734,-34.7132428223248,0.14968218305313305
129.0,-2.0177813686001826,248.97842217158785,5.161,0.0,7.97,0.0,1.5732235983621814,0.005797330410945219,-0.00026517503084941046,0.002038189906499146,-2.0041093820076106,-49.80697275282958,0.0,-0.15234489214560487,7.989097851403172,0.0,128.932,-0.0010530222267605205,-0.021877141169335368,-4.985859766852458,1.576299344052834,-0.00605141771759036,-0.02142770014720107,-5.0064375370620535,-0.020746090244965112,-0.0026771787990602647,-0.0,1.5734002181926248,-2.005265332717586,-49.82863704101499,0.0,-0.00017586658960357842,8.000000000002164,0.0,1.5708183101185935,68.0,0.05852445648762285,0.05683890229995852,0.05383919539780282,0.2285182526734943,0.35213517170942227,0.04490780487341696,0.1332166535067682,0.2055375904527812,-34.72158974327421,0.1495974330710934
129.1,-2.0177815477680525,249.7773188713581,5.162,0.0,7.98,0.0,1.5733853122827153,0.027475608199408502,0.0018252915180070942,-0.0003422886884017792,-2.0058433634043342,-49.00758627103163,0.0,-0.15349034445639081,7.992850343509922,0.0,129.031,0.0009027549557747152,-0.02029863982120983,-4.988011099399495,1.574845026270208,-0.00493747982162464,-0.02282174742398574,-5.00266560050801,-0.024382726154674135,-0.01300712075275623,-0.0,1.5738567851633198,-2.0052829193765374,-49.02863704120801,0.0,-0.00017586658952897143,8.000000000002164,0.0,1.5708183101185842,69.0,0.058346549313343946,0.056671788425520044,0.05374992879019623,0.2282861771585429,0.35204835180790855,0.044833555433256914,0.1331674425795567,0.2053013024133656,-34.73760492628485,0.149454584150861
129.2,-2.0177817247175085,250.56511978250725,5.162,-0.01,7.98,0.0,1.5734485474557172,0.025267228704108028,0.001765136669999971,-0.00032034507381799044,-2.007565439368489,-48.36787398900692,0.0,-0.15395810929699688,7.994451162177967,0.0,129.13,0.003796082819893396,-0.0216836063710548,-4.992025261458036,1.5731376626472364,-0.00014431079871805625,-0.023929506003322984,-5.002010688671929,-0.0023286378896486166,-0.013126405715730094,-0.0,1.5723438131334906,-2.0052969887036807,-48.3886370413624,0.0,-0.00017586658929804504,8.000000000002164,0.0,1.5708183101185553,70.0,0.058435343394949456,0.056812755010693675,0.05376046581150116,0.22848434264780307,0.35213501320719764,0.04491025832404551,0.13321230819418206,0.20549917889264652,-34.72880073498983,0.14958870936285057
129.3,-2.0177819035186104,251.36401648253678,5.161,-0.01,7.98,0.0,1.5735844269536923,0.01611815752984061,0.013956702617677773,-0.0019990170108644483,-2.0101143364098104,-47.56815445149945,0.0,-0.15456284909552087,7.994675780467733,0.0,129.229,0.00748323285014473,-0.0179160101760813,-5.011930175072566,1.5728544558707687,0.004534252369008665,-0.021029508545148644,-5.001060323478383,0.007874707487071048,-0.003153861276765646,-0.0,1.571062759470879,-2.005314575362609,-47.58863704155541,0.0,-0.00017586658916659463,8.000000000002164,0.0,1.570818310118539,71.0,0.058466693802592215,0.05680613256495859,0.05375713915924943,0.22845546011367607,0.35212107936038284,0.04490611829909962,0.13320264229500872,0.20547577615251789,-34.72852714855169,0.14956867620117226
129.4,-2.017782083013529,252.16291317990294,5.161,-0.01,7.98,0.0,1.5731681069035568,0.0022942365668266996,0.014045498154452466,-0.006888870169962157,-2.01365396147539,-46.60858014334572,0.0,-0.1494960460896518,7.993549555283873,0.0,129.328,0.0034705828082819117,-0.02363411825239599,-5.058894967773216,1.5678569374641496,0.00668986020104155,-0.023685224354976567,-5.011015648347993,0.020834954490281957,-0.008772808537038657,-0.0,1.5694370696118785,-2.005335679353266,-46.62863704178701,0.0,-0.00017586658903869694,8.000000000002164,0.0,1.570818310118523,72.0,0.058502094189389495,0.056717985736288244,0.053739135781634834,0.22833588332450072,0.35207288066219916,0.044884797892669095,0.13318813248888597,0.20537363227418493,-34.731189810365166,0.1494920342692071
129.5,-2.017782262080246,252.96180987700797,5.162,-0.02,7.98,0.0,1.5724128721656767,0.002921092233970486,0.014312775968405881,-0.009590042221891191,-2.016210456431061,-45.96897591543784,0.0,-0.1443704140447715,7.992504286417595,0.0,129.427,0.006750826941691954,-0.023271510043999154,-5.048337293620539,1.569451395093251,0.012419350382148777,-0.02475542459256818,-5.020368753596733,0.0459811432427333,-0.00936242075735727,-0.0,1.567536731691222,-2.005349748680367,-45.98863704194143,0.0,-0.00017586658821445176,8.000000000001453,0.0,1.5708183101184199,73.0,0.05845993092993142,0.056667499437076975,0.0537081816818308,0.22828435109159215,0.35205416747047297,0.044859659042048854,0.13317458704016727,0.2053170792256771,-34.7353237296694,0.14946098668869462
129.6,-2.02687155148908,253.76070657041242,5.165,-0.02,7.97,0.0,1.5713610716655404,0.0033598508249133557,0.028734151252634735,-0.014118720508674193,-2.019497367386968,-45.169616814757234,0.0,-0.13558702421185972,7.991098151896291,0.0,129.526,0.011250343174692357,-0.0246542767881335,-5.034332757499885,1.5774638881738345,0.010380850805102045,-0.0241636672560952,-5.023427398630446,0.0026188622278841625,-9.070934064148162e-05,-0.0,1.572977168456065,-2.0053673353392036,-45.18863704213444,0.0,-0.00017586658835835227,8.000000000002164,0.0,1.5708183101184379,74.0,0.05845309951468872,0.056678340319540645,0.053688139233903295,0.22830297371330563,0.35206039266835193,0.04485702571358457,0.13317410881594496,0.20532787930557359,-34.73594432033982,0.1494722911106244
129.7,-2.0268717310662367,254.55960326555336,5.167,-0.02,7.97,0.0,1.5707938036235358,-0.003658020505392118,0.00043365305132248255,0.006894835348295787,-2.0227506232401824,-44.37043409466942,0.0,-0.13220223708009338,7.989393771425943,0.0,129.625,0.016558033980830056,-0.0204623154648651,-5.035102098530508,1.567295512827985,0.02002823770371659,-0.02069849137045867,-5.029742947426051,0.04494918978881497,0.008237144733344692,-0.0,1.5676691812852066,-2.005384921998076,-44.388637042327446,0.0,-0.00017586658902626244,8.000000000002164,0.0,1.5708183101185214,75.0,0.05863457725558166,0.05671967360490872,0.053721582140141916,0.22835034025005022,0.3520764941066483,0.04492250440393335,0.1332133958777906,0.20540671924938503,-34.726400040548064,0.1495005691814827
129.8,-2.0268719116447045,255.34740457427105,5.171,-0.01,7.97,0.0,1.5711447197562103,-0.007861989680557489,0.014851606797923814,-0.012067957982829681,-2.0258849204217984,-43.57141538650957,0.0,-0.1336673780356172,7.987884708054624,0.0,129.724,0.01880403472979213,-0.018998453172037424,-5.023797970533885,1.5682852011337096,0.02247488225349327,-0.01897861231633021,-5.029677227590952,0.036914334054673585,0.011067258336414199,-0.0,1.5674240670257542,-2.005402508656883,-43.58863704252048,0.0,-0.0001758665875660659,8.000000000000743,0.0,1.5708183101183388,76.0,0.058411090728207896,0.05668280415429502,0.053662552487653184,0.22829249270908622,0.3520504914367878,0.04481825529164874,0.1331462288131606,0.20529807034910913,-34.73933978758002,0.1494612692740298
129.9,-2.0268720917322725,256.14630126820737,5.173,-0.01,7.97,0.0,1.5700779595088699,-0.008445621459500008,0.008791733653638693,-0.008101503200485806,-2.0288109755425214,-42.77250461425066,0.0,-0.1254052884422566,7.987305335230207,0.0,129.823,0.0246992000731865,-0.017022881295706394,-5.056043269496293,1.565852991830673,0.028005936073102297,-0.016739749662015718,-5.029344945674305,0.04438698577925617,0.01469064405964371,-0.0,1.56648973875993,-2.00542009531562,-42.78863704271351,0.0,-0.0001758665869656885,8.000000000002164,0.0,1.5708183101182638,77.0,0.05854442098627978,0.05673106234309543,0.053673235453300834,0.22835622852914042,0.35207598724397293,0.04487522852512559,0.1331855157891207,0.20538291452028798,-34.732203096101365,0.14950229382587982
130.0,-2.0359613839163586,256.9451979593127,5.175,-0.01,7.97,0.0,1.5691754051393385,-0.009526524231380663,0.012981049804078474,-0.015383303379548128,-2.0314129042233056,-41.97362766441361,0.0,-0.11808893254627664,7.987469471685204,0.0,129.922,0.025351989755529034,-0.015940488198463776,-5.002698698156077,1.5691949310794013,0.02905952857683762,-0.014681441546713178,-5.026931972245906,0.03212855200286316,0.017147453384388278,-0.0,1.5680258138534118,-2.0054376819743602,-41.98863704290651,0.0,-0.0001758665880812406,8.000000000002164,0.0,1.5708183101184032,78.0,0.05848201468431165,0.05669373448116284,0.053658257648793055,0.22829802635446841,0.35205045095661625,0.044845702323350986,0.1331632317072988,0.20531662633656966,-34.7371353480595,0.14946315505235697
130.101,-2.0359615646693925,257.74409465198164,5.178,0.0,7.97,0.0,1.5684658692360414,-0.007010256200453692,0.005230777429834108,-0.005293442965153301,-2.0339729707477487,-41.01490973453353,0.0,-0.11264744637644565,7.988552379428152,0.0,130.021,0.0287941059263304,-0.01611360854892653,-5.000509878488165,1.5677673486910473,0.02784462713200255,-0.013797711282039635,-5.016190554768329,0.0035483030067697875,0.016087022641741555,-0.0,1.570352016237897,-2.0054587859648993,-41.0286370431381,0.0,-0.00017586658901381233,8.000000000001453,0.0,1.5708183101185198,80.0,0.05882539199071968,0.056939738254590554,0.05370755363713349,0.22867152027828663,0.3522133328259713,0.04499038600158295,0.13326594269617603,0.20571590417508187,-34.711253624200516,0.14971214964962598
130.2,-2.0359617484465815,258.54299174896124,5.182,0.0,7.97,0.0,1.568795059635539,-0.0037528542215932484,-0.008163079720768693,0.010288877655194876,-2.0352983663751387,-40.37567020419761,0.0,-0.11558557116973492,7.989562153136409,0.0,130.12,0.031257928422657524,-0.011955923844809813,-4.963191054549451,1.5813196780182242,0.02432620825455932,-0.011167494704849668,-5.006279237213443,-0.04037908067712654,0.019672619981340844,-0.0,1.5758501930564417,-2.005472855291985,-40.38863704329252,0.0,-0.00017586658817540316,8.000000000002874,0.0,1.570818310118415,80.0,0.05842852278550398,0.05665973383375971,0.0536385529680397,0.22825380612128962,0.35203249501098544,0.044824808099317714,0.13314983680522155,0.2052661320924264,-34.74160105841564,0.14943468936384885
130.301,-2.035961926512144,259.3307926540445,5.184,0.0,7.97,0.0,1.570061641165756,-0.0048945455043732785,-0.022714965000174284,0.023163040349988104,-2.0367956836234575,-39.416607106560114,0.0,-0.13062416528856416,7.991280990570816,0.0,130.219,0.030417790614319096,-0.015614106467088246,-5.032141920665158,1.5770456474051961,0.025533676998074843,-0.012374028478252721,-5.008581426341053,-0.03656551794389561,0.01283966735577824,-0.0,1.5753768098989414,-2.005493959282527,-39.42863704352413,0.0,-0.0001758665873778033,8.000000000002164,0.0,1.5708183101183153,82.0,0.05866972619055746,0.056817729731342005,0.05366556121598915,0.22850884210682904,0.35214492212229015,0.0449252423359352,0.13322493050203407,0.20553988024745773,-34.72381003995777,0.14960474117522216
130.4,-2.035962107592212,260.12968934430944,5.184,0.0,7.98,0.01,1.5721166538449491,0.0009666227708414058,-0.010875960116710081,0.012805149059732514,-2.037590083530986,-38.77707032567151,0.0,-0.14247374706349197,7.992577178506311,0.0,130.318,0.032218603611615625,-0.008869620227602001,-5.029759867883074,1.5659574682163564,0.02977548261025883,-0.00997110466519395,-5.015784414114513,0.003113879674007214,0.007899168926953415,-0.01,1.5704065022051736,-2.0055080286095075,-38.78863704367851,0.0,-0.0001758665871308897,8.000000000002164,0.0,1.5708183101182844,82.0,0.05861539927792665,0.056783220675257616,0.05366151075980762,0.22843103484836974,0.352107184812139,0.04489321261003401,0.13319555241567224,0.20545631991978341,-34.728177459288936,0.14955166934130198
130.5,-2.0359622880890385,260.9285860351355,5.183,0.0,7.98,0.01,1.5732327784087996,0.0018220744359381293,0.02084884098639444,0.0036801508270463443,-2.038497863097858,-37.977453043455604,0.0,-0.15019576035992974,7.9944498067801195,0.0,130.417,0.034136727375219944,-0.006160020822737075,-5.039632108471511,1.571101991727756,0.03367300182435763,-0.006264417011281104,-5.0226481771204305,0.01355896030468684,0.01621770804505296,-0.01,1.5691006566913055,-2.005525615268212,-37.98863704387151,0.0,-0.0001758665867596155,8.000000000001453,0.0,1.570818310118238,83.0,0.05846059413346327,0.05666558564855936,0.05363819063527369,0.22824843293527403,0.35202686174727643,0.0448099610635435,0.13313727920079885,0.2052594114105098,-34.74025344518663,0.1494282047205135
130.602,-2.035962468957379,261.7274827236982,5.183,0.0,7.98,0.01,1.5723788298808523,-0.002611920295242984,0.019461185509759157,-0.010273618905632087,-2.0394719269459096,-37.017633172517954,0.0,-0.14115922254301033,7.997239776236638,0.0,130.516,0.03481162159636129,-0.005135744997763661,-5.054176555614356,1.5654301935770687,0.03785091040711408,-0.005017462500103242,-5.033605467793992,0.03486385431437674,0.017138783449546224,-0.01,1.5664368134249917,-2.0055467192586356,-37.02863704410313,0.0,-0.0001758665868591071,8.000000000002164,0.0,1.5708183101182505,86.0,0.05917457232220096,0.057097415983095506,0.053757614481069534,0.2289368441598488,0.3523355499401687,0.04513848694169505,0.13337122231287524,0.2060294103462853,-34.68876322535667,0.14989431164170666
130.7,-2.0359626496423147,262.52637941182104,5.183,0.0,7.98,0.0,1.5710696273334344,-0.0046536201604815905,0.019669178512106374,-0.020792282465967975,-2.0400450847472795,-36.2175423779711,0.0,-0.12928077166817523,7.999928653242291,0.0,130.615,0.031375143793013385,-0.006692834319387483,-5.046721383090378,1.5711654527761483,0.03399651199279123,-0.005187394539155123,-5.035780254389117,0.00715347780587176,0.014231969974294323,-0.0,1.5699014971322813,-2.005564305917312,-36.22863704429614,0.0,-0.00017586658592829614,8.000000000002164,0.0,1.570818310118134,85.0,0.05859705917177561,0.05670620584914513,0.053674496673976,0.22832871342834837,0.3520662735127272,0.04487298519365068,0.13317820583830353,0.20536484235007327,-34.73260823716693,0.1494861283153312
130.801,-2.0359628307762705,263.32527609821875,5.184,0.01,7.98,0.0,1.569925988037374,-0.0016614188607044496,-0.0036392664117743823,-0.003193455287185254,-2.040254442875909,-35.41719891693246,0.0,-0.1235213365337755,8.002707600444788,0.0,130.78,0.03735415869669199,0.00023881171714890126,-5.009284205609173,1.5743261117977765,0.03346090716482113,0.00021294772077982472,-5.027568611010267,-0.022628999093222628,0.025706627342007238,-0.0,1.572373825097711,-2.0055818925759166,-35.42863704448914,0.0,-0.0001758665855925647,8.000000000002164,0.0,1.5708183101180921,21.0,0.05882392564895001,0.056893824903661995,0.05371597526635302,0.22859988810887336,0.3521787471013962,0.04494817547672337,0.1332352341799955,0.20564231239872036,-34.71386810535925,0.14966083155537166
130.9,-2.035963011649315,264.124172784018,5.186,0.01,7.99,0.0,1.5701216252662729,-0.006120946521327505,-0.015745627414100342,0.0030801315789761984,-2.040051126103955,-34.61657302227198,0.0,-0.12710113129628411,8.005529460360309,0.0,130.813,0.03767818659064071,0.0009534077651185136,-5.008990123819889,1.5742969597540397,0.03255745250808713,0.0019436763812246257,-5.0254765868704965,-0.026146618276345512,0.018533296505225394,-0.0,1.572812500768344,-2.0055994792344602,-34.62863704468213,0.0,-0.00017586658504722315,8.000000000002164,0.0,1.570818310118024,87.0,0.0635670576048312,0.06017302180957724,0.05545937683248114,0.2320956960971427,0.35342881135780035,0.04665095068179218,0.13406807311562668,0.20966820211793583,-34.34127487824226,0.15180178266899041
131.0,-2.035963192494009,264.9230694693146,5.188,0.01,7.99,0.01,1.5710476545235164,-0.005488646959283984,-0.011541408420571766,0.00709695181510738,-2.0396362097027754,-33.975841832641095,0.0,-0.13276034364210063,8.008046160402351,0.0,130.912,0.037577482615420585,0.0023849273367290147,-5.009946375924848,1.5722625847019929,0.03294461387370679,0.0039686035698769575,-5.021101586957078,-0.025949340488206997,0.021141772230993894,-0.01,1.572787218963469,-2.0056135485612643,-33.988637044836516,0.0,-0.00017586658474348177,8.000000000002874,0.0,1.570818310117986,88.0,0.0590238901989232,0.05681595877176102,0.054798770895174195,0.22803408931667912,0.3519247265939455,0.044925279383484486,0.13312565143077196,0.20530605695225282,-34.656867006177286,0.14926772208876776
131.1,-2.035963372755475,265.72196615403305,5.189,0.02,7.99,0.01,1.5718132720238085,-0.005450658331035469,-0.009392302726831102,0.00459400399747852,-2.0387133352123783,-33.01429571235993,0.0,-0.138988412107426,8.012520100611706,0.0,131.011,0.036233427296332096,0.0031274823450073153,-4.960758527064948,1.57871549992053,0.032204278096143055,0.005047113060895118,-5.01480878891592,-0.03546310302101093,0.020880143559901754,-0.01,1.5727265870833063,-2.0056346525513415,-33.02863704506815,0.0,-0.00017586658314474498,8.000000000002164,0.0,1.5708183101177862,89.0,0.05859493203625551,0.05663693262732285,0.0543757828352102,0.22848849226612136,0.35224428005869524,0.0448524341934696,0.13323394692668866,0.20564388335556436,-34.70153025298645,0.14967572759291248
131.2,-2.035963553710758,266.5208628372274,5.189,0.02,8.0,0.0,1.5722695794564228,-0.004627615094111133,-0.00790784593528378,0.004666795504436494,-2.0379599371179187,-32.372931092743315,0.0,-0.14203598493618877,8.01591048941427,0.0,131.11,0.03651026831510276,-0.017785569512370557,-4.953706852918394,1.5739598168541302,0.0302529055667793,-0.014608512393085332,-5.002162835913223,-0.03929457228777498,-0.03819854766596631,-0.0,1.573219714847482,-2.0056487218780013,-32.38863704522258,0.0,-0.0001758665832122153,8.000000000000743,0.0,1.5708183101177946,90.0,0.05840591799830309,0.056658654191962685,0.05409645047278966,0.22865315651057755,0.3522974819151258,0.044836983584031584,0.1332424289543612,0.20570756202238566,-34.7204474868887,0.1497729684699095
131.3,-2.0359637345601698,267.3197595190011,5.189,0.02,8.0,0.0,1.5725172133559848,0.03856189920504015,-0.0090002116882834,-0.0012011297414271256,-2.0369225637082056,-31.570842176957658,0.0,-0.14401442057012429,8.019775418761593,0.0,131.209,0.03056736280786598,-0.02339014031799337,-5.058203000191017,1.5656794316972067,0.03271787756067697,-0.02598278522555305,-5.007358363655001,0.0019174861029086325,-0.05856501671553538,-0.0,1.5680364439146797,-2.00566630853633,-31.588637045415446,0.0,-0.00017586658373631867,8.000000000004295,0.0,1.57081831011786,91.0,0.05814793159513853,0.056545541192329206,0.05391046286228907,0.2283712895463627,0.35211864964328016,0.04476247067724499,0.13316225555569516,0.20536177258503976,-34.74137054610121,0.14953807009529146
131.4,-2.0359639154587654,268.11865619967097,5.188,0.02,8.0,0.0,1.5722926296901445,0.04542133217277039,0.015386783987633093,-0.016304203573524193,-2.0358271425541488,-30.768469649798746,0.0,-0.14074096465129116,8.021497427563059,0.0,131.308,0.02703708735476959,-0.027115302928721413,-5.011440822225596,1.5753248945792342,0.027086479593337015,-0.03195805685205383,-5.009858640603669,-0.0275013901283307,-0.06197640118838876,-0.0,1.5717413212008724,-2.0056838951946636,-30.788637045608137,0.0,-0.00017586658347342566,8.00000000000465,0.0,1.5708183101178272,92.0,0.05844669072745436,0.05693182872500481,0.053907802132411524,0.22881829170684231,0.35228116880622345,0.044972072899841335,0.13328450493952296,0.20581037902271004,-34.715437319344424,0.14981316944849585
131.5,-2.035964095696599,268.9175528796043,5.187,0.02,8.0,0.0,1.571408133607127,0.03266004624222185,0.00020796440819083965,9.62868753930456e-05,-2.034655601410746,-29.966127348808033,0.0,-0.13465140940522727,8.019842020575409,0.0,131.374,0.030700330577046773,-0.023432827259183116,-4.999390846229387,1.5699080274587232,0.026489550100883566,-0.03542390977938671,-5.008771156727654,-0.019826083516778566,-0.05780548337558056,-0.0,1.5707744290079777,-2.0057014818530168,-29.988637045800825,0.0,-0.00017586658386956888,8.000000000005361,0.0,1.5708183101178768,76.0,0.05862539795917241,0.057021542200234865,0.05392673311674601,0.22881042482867114,0.3522546082226092,0.04502793855760415,0.13329463000782646,0.20582897926942084,-34.70447898772995,0.1497892093666134
131.6,-2.0359642769505513,269.7164495598919,5.186,0.02,8.0,0.0,1.571474549246721,0.01940579742887156,0.00042252166380447046,-0.0038343862852888468,-2.03339230101704,-29.164138673480384,0.0,-0.1346252518443406,8.015130932656621,0.0,131.473,0.030390833917761498,-0.02710263639209351,-4.9673261869422545,1.5730263328455785,0.025060339515394922,-0.03764316123045085,-5.0040170055920346,-0.023549934341566516,-0.0513923490477346,-0.0,1.5712429376054222,-2.005719068511377,-29.188637045993563,0.0,-0.00017586658337394187,8.000000000004295,0.0,1.5708183101178148,77.0,0.0635692972120584,0.06048732039116573,0.055706219000645284,0.23252755991964777,0.3535926438885192,0.0468150452506641,0.13417347223931286,0.21009394736032033,-34.3146121328509,0.15207502606766476
131.7,-2.035964457376494,270.5153462390207,5.185,0.02,7.99,0.0,1.571389110528633,0.008231597180250735,0.0003186898078582182,-0.0017164971675758226,-2.0320598527486786,-28.362723896422757,0.0,-0.13397610932806214,8.008712844286702,0.0,131.638,0.028955186895027085,-0.013349097628630902,-4.969404106132373,1.572585725611232,0.023775167917683054,-0.01642408984206094,-4.999171060171982,-0.030206792792838694,0.01363958646451735,-0.0,1.5720715950212378,-2.005736655169709,-28.388637046186265,0.0,-0.00017586658374876878,8.000000000005006,0.0,1.5708183101178617,62.0,0.06480443654315116,0.06109345374998251,0.05701923989989025,0.23256213837387754,0.35353738794200357,0.04705408330665077,0.13418719918069127,0.21047734286321082,-34.186335356007675,0.15202858147724538
131.8,-2.0359646380964023,271.31424291610745,5.185,0.02,7.99,0.0,1.5715944766441845,-0.04178635193314329,-0.00300797719849272,0.0027475299996416796,-2.0306870102893377,-27.561969476103766,0.0,-0.13534289407705022,8.0022797778001,0.0,131.737,0.026225323849624747,-0.014435374032887749,-4.982053989375086,1.5682855680973797,0.024200854422641513,-0.013939956222119021,-4.997066693520187,-0.013361361625217283,0.019230684480202598,-0.0,1.5699674535714883,-2.005754241828073,-27.588637046378988,0.0,-0.0001758665834592226,8.000000000005006,0.0,1.5708183101178255,63.0,0.07642568206123823,0.06874379050614504,0.058488433218508815,0.2452968032347623,0.3593293971435002,0.052006975453902565,0.1379922259214419,0.22502220767135622,-33.513940137562315,0.16126795717654951
131.9,-2.035964819187811,272.11313959131064,5.184,0.02,7.98,0.0,1.5716770216848257,-0.03294003575537505,0.006843782173782514,-0.005711639076249229,-2.0293076281439726,-26.761741339564324,0.0,-0.1352109873013773,7.998220931325096,0.0,131.803,0.025219053099386497,-0.0192577563258998,-5.020093898874146,1.567167841624745,0.025397958005506295,-0.01568119326374905,-4.9985351403134075,-0.0009673277955587617,0.020718227950494494,-0.0,1.5684174608280947,-2.005771828486393,-26.788637046571704,0.0,-0.0001758665828285769,8.00000000000323,0.0,1.5708183101177466,97.0,0.060282157758128105,0.05791854390342448,0.0567788496765354,0.229619261130019,0.3526758952131906,0.04545484457323116,0.13347875500856382,0.2072003471225934,-34.47457223840457,0.15036431317325238
132.0,-2.035965000095814,272.9120362672131,5.181,0.02,7.98,0.0,1.5709228410440284,-0.018084257157415667,0.007993240530117829,-0.016060256539701223,-2.0279185143636207,-25.961756474358985,0.0,-0.1284870095235153,7.997212131543415,0.0,131.935,0.024899090376335982,-0.020057938550627173,-5.001798731743625,1.5650089413713444,0.026344262000128967,-0.01676595762505647,-4.998513245536076,0.013747734959568682,0.014672934523503933,-0.0,1.566575074120057,-2.0057894151446902,-25.988637046764413,0.0,-0.00017586658289613313,8.000000000005716,0.0,1.570818310117755,65.0,0.05884859952097889,0.056994915007977404,0.0557024856239173,0.22956785530569104,0.35284653396423105,0.045032859880719686,0.13346575234520686,0.20685748714536442,-34.61558958696832,0.15049499327825822
132.1,-2.03596517757623,273.71093251064815,5.178,0.02,7.98,0.0,1.569945281490453,-0.007741095047381993,0.013242700602794514,-0.013964861569490217,-2.02646289752284,-25.161784570881185,0.0,-0.12097229130784298,7.998050627579646,0.0,132.034,0.024968336413239527,-0.019451803522134534,-4.985271515459325,1.5715309981762564,0.024345854417875908,-0.018433990668669242,-4.996435065745905,-0.001962915277650811,0.008479375441760695,-0.0,1.5685384435078036,-2.0058070018029834,-25.188637046957123,0.0,-0.0001758665827309163,8.000000000005006,0.0,1.5708183101177344,66.0,0.058429729671625484,0.05677178572590874,0.054965385507071474,0.2294159744337218,0.35271727778805595,0.04485668163220085,0.13336787116923804,0.20649854089080655,-34.67648636019758,0.15034467741133162
132.2,-2.035965358272506,274.50982918332954,5.175,0.02,7.98,0.0,1.5692380526477954,0.003591696619844646,-0.0002843455747366401,-0.00018093896590722986,-2.024861929064521,-24.361707258237246,0.0,-0.11556334163200778,7.99947947538827,0.0,132.133,0.024387833876155052,-0.018712182744259183,-4.982633270884688,1.5764943922523489,0.019878520355144265,-0.018549533758905536,-4.992837869712703,-0.032070829633723805,0.007095531002185851,-0.0,1.5723076171503143,-2.0058245884612345,-24.3886370471498,0.0,-0.0001758665819901599,8.000000000004295,0.0,1.5708183101176418,67.0,0.0583669252334561,0.05673833510011424,0.05447627898386759,0.2291405270258657,0.3524984880564412,0.04479805010597455,0.1332861929334455,0.20612624133082647,-34.70348599454163,0.15008130076978457
132.3,-2.026876408369887,275.30872585798926,5.172,0.02,7.98,0.0,1.5695499810997882,0.0037019750208716826,-0.010516419143849634,0.010441605291428038,-2.023089002843254,-23.561498339305007,0.0,-0.11852693426649488,8.000613991547306,0.0,132.199,0.021522860248398334,-0.019602408211688224,-4.983816047794217,1.5740973496878454,0.015468739788158478,-0.018887654293220674,-4.991863874640719,-0.0413812512785237,0.005787829315088366,-0.0,1.573473733288151,-2.0058421751194464,-23.588637047342495,0.0,-0.00017586658213583677,8.000000000005006,0.0,1.57081831011766,101.0,0.0583577869125525,0.05671650233143698,0.054142716665268,0.22886122942847478,0.35232063958377063,0.044817693199664395,0.1332622432373239,0.20582857320655137,-34.72007161839133,0.14985089828014428
132.4,-2.0268765848880577,276.1076220930258,5.169,0.02,7.98,0.0,1.57082068061465,0.0037781896009391374,-0.013133023221038487,0.013415399946827488,-2.0212264585899877,-22.76118152329131,0.0,-0.12827762170305887,8.001216087811764,0.0,132.331,0.017025631148400968,-0.02026645282646749,-5.006561352435203,1.5687759985458416,0.015101733119754053,-0.01959236134900804,-4.993409261035502,-0.02145042916324247,0.003159009661637846,-0.0,1.5709780129100708,-2.005859761777653,-22.788637047535207,0.0,-0.00017586658261012404,8.000000000005006,0.0,1.5708183101177193,69.0,0.06359363390110198,0.060334585542881056,0.055840377368871194,0.2326349365037011,0.3536481608885322,0.04670627518931139,0.13417694662983976,0.2101735247609653,-34.317097995031915,0.1521490836358914
132.5,-2.026876764789364,276.90651876228776,5.167,0.02,7.99,0.0,1.5714515409225156,0.005100883842337423,-0.0008075642310440405,-0.006499127801858939,-2.019400505364337,-21.960790948588116,0.0,-0.13270424768339836,8.001639523258444,0.0,132.43,0.01437165965094717,-0.023234104983166345,-5.030339738929306,1.5758735231019274,0.011589090669003231,-0.02370467401954357,-5.004021654414364,-0.026952572139117018,-0.015814344649528245,-0.0,1.5716682114835494,-2.0058773484358894,-21.988637047727888,0.0,-0.00017586658218556695,8.00000000000465,0.0,1.5708183101176663,70.0,0.05910219858010457,0.057061649998347695,0.05503656463409565,0.2285405790354991,0.35212587747100416,0.045029805625525526,0.13324565682087083,0.20578364353116277,-34.631419122664944,0.1495855437486213
132.6,-2.0268769448173742,277.705415428326,5.165,0.02,7.99,0.0,1.5714167258145775,0.015008366776221997,-0.0042801329729429734,0.00037139755907556696,-2.017685916278009,-21.16037134237593,0.0,-0.13266593210745445,8.001632221831523,0.0,132.529,0.01323661177509581,-0.02605878978444732,-4.991505154567988,1.5867938596247044,0.0015486708090482462,-0.028344586606392906,-5.002471343615888,-0.08371734108981144,-0.023513447943448007,-0.0,1.5787943296839968,-2.0058949350940543,-21.18863704792059,0.0,-0.00017586658126544536,8.000000000006072,0.0,1.5708183101175512,71.0,0.058385722837934355,0.05666734073667682,0.054504022546131306,0.22857590505114003,0.3522578514765569,0.044848912829769716,0.13325419773057598,0.20569141310284347,-34.69911815062687,0.14970899538366372
132.7,-2.0268771250618443,278.5043120948219,5.163,0.02,7.98,-0.01,1.5722283871753626,0.016971788572629164,-0.03470605915890665,0.02219385699257333,-2.016151109495251,-20.36000653389798,0.0,-0.14010208668047613,8.000328015923554,0.0,132.628,0.011935214553419667,-0.02478795264682477,-4.989085496260973,1.5675586010027136,0.0049889956039619755,-0.027376085015867233,-4.996164252202556,-0.04646557640095106,-0.007085484364380612,0.01,1.5741157502183754,-2.0059125217521907,-20.38863704811328,0.0,-0.00017586658143239946,8.000000000005006,0.0,1.5708183101175721,72.0,0.0583841609267238,0.05674599993423736,0.05420095006413886,0.2287912213427019,0.35234052989199555,0.04487784178694705,0.13328274822522534,0.2058341453694898,-34.71246510971695,0.14984738253536584
132.8,-2.026877305122909,279.3032087593589,5.161,0.01,7.98,-0.01,1.5740750395369272,0.0028911860701537366,-0.0044584114216308125,0.002131440205881125,-2.0149600619477845,-19.55981352970232,0.0,-0.15331984351174607,7.997730631967764,0.0,132.727,0.011402995226119358,-0.022751729385824218,-4.958380381660921,1.5799869197591967,0.003058366891812417,-0.024757012530648353,-4.986456369953546,-0.05128017091616893,0.00111547098939635,0.01,1.5759685114304254,-2.005930108410341,-19.588637048305994,0.0,-0.00017586658161358786,8.000000000005006,0.0,1.5708183101175948,73.0,0.058765670218823465,0.056906661213744505,0.05408402176427378,0.22890433839479282,0.35234645617777666,0.04498754416613517,0.13332364864413915,0.2059611492318434,-34.698413136508215,0.14988973794409188
132.9,-2.026877485078117,280.10210542551306,5.16,0.01,7.98,-0.01,1.5743626773499437,-0.0047277942208629525,-0.005441719801432343,0.006204655874109344,-2.0142530636533755,-18.759866500309023,0.0,-0.1556970665810467,7.995166880973308,0.0,132.826,0.013556118024768153,-0.025019924545348106,-4.995764079718649,1.5775173110803324,0.004155507933751695,-0.02508711924910194,-4.988462618977223,-0.047140578118762905,0.0005533637167376426,0.01,1.5754501782625017,-2.0059476950684987,-18.788637048498693,0.0,-0.0001758665819386768,8.000000000005716,0.0,1.5708183101176354,74.0,0.05842632388229802,0.05667195062196759,0.05389845179465147,0.22845374643896874,0.35212977037637916,0.044836596734864904,0.1332004123419506,0.20546954811771098,-34.72906294013736,0.14957163267229567
133.001,-2.0268776650049745,280.9010020881267,5.162,0.0,7.98,-0.01,1.5749875954960029,-0.0030488710574217855,-0.0022910141247876486,0.0028183753903648925,-2.0141048468566507,-17.800248373272844,0.0,-0.1606337973729455,7.992417173384486,0.0,132.925,0.01023287420953217,-0.026099835610665464,-4.965812325448243,1.5733558615531196,0.004806816022162994,-0.025796664658303527,-4.983581258267831,-0.027828252765973116,-0.0008795487433754801,0.01,1.5742839467783638,282.1889999996886,4.470473983358999e-10,0.0,8.000000000006935,1.1153579012643345e-11,0.0,1.3941973765792095e-12,76.0,0.05869568683737345,0.05689017544730187,0.05383608680773903,0.22872790053329228,0.3522419346117899,0.044962010967335354,0.13328093465310487,0.2057562229121623,-34.712064416329454,0.14974927186742465
133.1,-2.02687784434859,281.6998987501621,5.165,0.0,7.98,-0.01,1.5750928787190954,-0.0028461652041321898,0.004619114465397046,-0.002884825404018503,-2.0144342236027475,-17.160665568740697,0.0,-0.16047184083777957,7.991013510766228,0.0,133.024,0.00552799054524643,-0.03142786500376188,-5.016508422887535,1.5710065558748796,0.006171326821899786,-0.029730918330601007,-4.984854533979076,-0.008793728578504318,-0.010289014403731755,0.01,1.5718997200077343,-2.005982868384697,-17.188637048884058,0.0,-0.0001758665802617803,8.000000000005006,0.0,1.5708183101174258,76.0,0.058352128299309365,0.056639992317959194,0.0537115249869945,0.22829724472990656,0.35204981131474805,0.04481728021849081,0.13316784786334027,0.2052989534320191,-34.74155435157968,0.1494594831605503
133.201,-2.026878022061169,282.4876996248207,5.168,0.0,7.98,-0.01,1.574618205721725,0.006510121824574055,0.01571055165043045,-0.011455654702378727,-2.0155005859404174,-16.20150712006343,0.0,-0.15471528528249073,7.98918661496623,0.0,133.123,0.011376072754800855,-0.027525691787860074,-4.957552735658684,1.5782330634318504,0.006434321143947456,-0.02923489409341129,-4.979444755793075,-0.020312538170344778,-0.0067264704467060454,0.01,1.5733438995266469,-2.0060039723742777,-16.228637049115285,0.0,-0.00017586657964895283,8.000000000005716,0.0,1.5708183101173492,78.0,0.0585530889468474,0.05677217233548017,0.053701760531715215,0.2284778189230902,0.35212939512437647,0.04491461841622968,0.133231425109578,0.20550058309582883,-34.72716337886012,0.14958003982004595
133.3,-2.026878205493972,283.286596730675,5.171,0.0,7.97,-0.01,1.5739145398282,0.00460060157505409,0.0033619358156366046,-0.005586283522553226,-2.0165271799974596,-15.562221891568258,0.0,-0.1510386456791225,7.9877046595121755,0.0,133.222,0.014333005882754905,-0.02904751364660367,-4.993891161794249,1.5669269854642829,0.011484886026165486,-0.02880233579780147,-4.980340784918756,0.0064114342331577515,0.0024585638718255254,0.01,1.5699921290935692,-2.006018041700645,-15.588637049269497,0.0,-0.00017586657968267626,8.000000000004473,0.0,1.5708183101173534,78.0,0.05845691776409433,0.056700533818413036,0.05366223160667358,0.22833333611709894,0.35206573029977234,0.04486031451178488,0.13318230490519095,0.20534816186261098,-34.73679869347999,0.1494854706318306
133.402,-2.026878385164622,284.0854933925849,5.174,0.0,7.97,-0.01,1.573520534732614,-0.002551694284293385,0.01771676107335848,-0.008014105572310564,-2.0184356754419452,-14.60356158117829,0.0,-0.14484653287071403,7.9852624995826025,0.0,133.387,0.014865033469958454,-0.028934448767854837,-4.981433907540801,1.5697751617347175,0.015201243167791312,-0.02910829254790742,-4.980652616370168,0.0189971104975515,0.0013064837912857286,0.01,1.5684131447442364,-2.0060391456902096,-14.62863704950084,0.0,-0.0001758665797714902,8.000000000004295,0.0,1.5708183101173645,15.0,0.05886019926108785,0.057021396153453474,0.05371873194460734,0.2288157123491235,0.3522787577374793,0.045051505078760525,0.13331798170153314,0.205861940563811,-34.703601413393066,0.1498080629588005
133.5,-2.026878565206786,284.8843900518517,5.176,0.0,7.97,-0.01,1.5722005013984184,-0.0018010857808695461,0.017475529622603687,-0.015348407513285851,-2.01987249748451,-13.964634542372611,0.0,-0.1361768064261119,7.983831816002159,0.0,133.42,0.010938922176833702,-0.032851428548746835,-5.01339350872412,1.5712320621763096,0.013822625277355092,-0.031715728314560244,-4.983363550926896,0.00995651728185946,-0.0052583237658492266,0.01,1.5695462533461528,-2.00605321501658,-13.988637049655075,0.0,-0.0001758665798372076,8.00000000000394,0.0,1.5708183101173727,80.0,0.06358418240498881,0.06019974951249245,0.055459325690145604,0.23214147524662532,0.3534503447398604,0.04673308545479406,0.13412393550612445,0.20973271697766527,-34.33656354001995,0.15183371030870493
133.601,-2.026878745143051,285.68328671083714,5.178,0.0,7.97,0.0,1.5711259019761368,0.003467110565542045,0.005185539030258681,-0.010510324111548858,-2.022086134023263,-13.006493382483235,0.0,-0.1274913935477526,7.981669532587577,0.0,133.519,0.01888962105644354,-0.028902961341914384,-4.996785367795763,1.5689686149112008,0.01590988537598683,-0.029878087088021914,-4.9817878758855905,0.0035056658630462896,2.96957925920438e-05,-0.0,1.5703564707628905,-2.0060743190061587,-13.028637049886445,0.0,-0.00017586657992958986,8.000000000004473,0.0,1.5708183101173843,82.0,0.05927181547221303,0.057140367657868237,0.0548422910424296,0.2285285939437371,0.35214604132465466,0.04511299032275456,0.1332635722792537,0.20581236087524665,-34.62762451889959,0.14960184449828273
133.704,-2.026878967874495,286.67081174623434,5.179,0.0,7.97,0.0,1.5707465962576117,0.0,0.0,0.0,-2.023882798480187,-12.208267286062839,0.0,-0.12501685593720196,7.979678811985248,0.0,133.618,0.01779624785612627,-0.007776303316341271,-4.998978565970046,1.569867215966523,0.01896851451590409,-0.009737090819961665,-4.986108119672863,0.01735848519692497,0.049120119600066126,-0.0,1.5686316930412978,-2.00609190566415,-12.228637050079264,0.0,-0.00017586658006102856,8.00000000000394,0.0,1.5708183101174007,86.0,0.05963469033558725,0.05748747846197326,0.054534314508779776,0.22978065904756584,0.3528116503278422,0.04535759097790985,0.13359869428089435,0.2070162319825482,-34.61615150975423,0.15054094236977267
133.8,-2.0359682455060124,287.26998423749916,5.179,0.0,7.96,0.0,1.570539969051259,-0.035922555237434026,0.006603554788789309,-0.0062715825865763365,-2.0252551829879457,-11.56980647688319,0.0,-0.12263292849481208,7.978818139240195,0.0,133.717,0.01882625243060741,-0.005483927700578511,-4.988202394203891,1.5711842454093978,0.01822115698075285,0.0010262877981527304,-4.983476400429831,-3.5451112803812816e-05,0.07381998740167983,-0.0,1.5708007395291699,-2.00610597499056,-11.588637050233523,0.0,-0.00017586658007166719,8.000000000003052,0.0,1.570818310117402,83.0,0.05841704487685742,0.056587408351952716,0.05404602847908162,0.22855353754960953,0.352258715404009,0.04477355072049964,0.13320606613728048,0.2056071081149112,-34.72936139025567,0.14970817809484002
133.9,-2.035968426324203,288.0688808918775,5.178,0.0,7.97,0.0,1.570276962421138,-0.04451933709555983,-0.0005345681559384967,0.0009121629045376306,-2.026855413928549,-10.771725879228804,0.0,-0.12102078650337464,7.980048949281814,0.0,133.816,0.021452017883068622,-0.02114870646783159,-4.985035105076098,1.5696614097462527,0.021717444116284547,-0.013180715675509588,-4.988164526794833,0.013741940956450056,0.018266845225374695,-0.0,1.5690760628544005,-2.00612356164861,-10.788637050426358,0.0,-0.0001758665803345719,8.00000000000323,0.0,1.570818310117435,84.0,0.05841029959265603,0.056713161503663054,0.0539538591351435,0.2286222484715847,0.35222999142081096,0.04482334979368299,0.13321016707056887,0.2056273453520226,-34.728773447080684,0.14970608943659822
134.0,-2.0359686068814966,288.8677775483155,5.176,0.0,7.97,0.0,1.5703776544276644,0.008888216550559328,0.00529097482235123,-0.004899500105482825,-2.0283061598891448,-9.973363798981431,0.0,-0.12142232458973148,7.9839261429306125,0.0,133.915,0.023448916937579462,-0.015834478134973642,-4.9889134340079835,1.5734099603935143,0.02132613954236682,-0.016839696425357858,-4.991645344770026,-0.00014312969016850178,0.006293058815842301,-0.0,1.570814271181982,-2.0061411483066767,-9.988637050619202,0.0,-0.0001758665812156683,8.000000000004295,0.0,1.570818310117545,85.0,0.058571339242350626,0.05698042754639049,0.05394588753394732,0.2288749121708169,0.35231038599163134,0.04497952454668523,0.13328902721556382,0.20588298558912585,-34.71059585889302,0.1498534526679399
134.1,-2.035968787810262,289.66667420211047,5.175,0.0,7.97,0.0,1.5702948635469676,0.019710399443725057,0.00035564040448688187,0.0044463241787395065,-2.029587062647444,-9.174576265822612,0.0,-0.12106047598035982,7.988041479662408,0.0,134.014,0.025375206829779166,-0.013648376616823638,-4.970332475053613,1.5759046901320064,0.02163135827515566,-0.014266571854232787,-4.988566327354908,-0.01295471527235706,0.011240464439286946,-0.0,1.572419470960676,-2.0061587349647967,-9.188637050812048,0.0,-0.00017586658109842096,8.00000000000394,0.0,1.5708183101175304,86.0,0.05846714698294286,0.056761034768453025,0.05383652607591197,0.22847898809944808,0.352130965559225,0.0448709482184948,0.1332013435742087,0.205493458716854,-34.72730188520817,0.14958271842115622
134.2,-2.035968965855403,290.4544750681662,5.176,0.0,7.98,0.0,1.5707323065387921,0.010230163208997453,-0.003184579116650548,0.0069940963784585735,-2.030693572534609,-8.375448452089406,0.0,-0.124870228765821,7.990669557510071,0.0,134.113,0.023183902721880294,-0.015035477267879932,-5.068913400898038,1.568925346310858,0.02307751570287528,-0.013657507145236475,-5.001527770522756,-0.002883242919647029,0.0014091793699941846,-0.0,1.5711575716239026,-2.006176321622903,-8.388637051004869,0.0,-0.00017586658111085155,8.000000000003762,0.0,1.570818310117532,87.0,0.058488426699959885,0.0567869228777451,0.05379515421702172,0.2284871859385678,0.3521325802432358,0.044888300529615816,0.1332056662659116,0.20550202654165978,-34.72785955680832,0.1495874870216998
134.3,-2.0359691468172514,291.2533717208397,5.177,0.0,7.98,0.0,1.571319796729602,0.009127761870020987,0.00023395180426440283,0.0005429511002976933,-2.031834300958484,-7.416221200094626,0.0,-0.12973498692620533,7.992433782228654,0.0,134.212,0.024159911085674016,-0.014967005688174606,-5.016267711640664,1.581590869516129,0.015957851262899284,-0.015633955184723547,-5.005078952160581,-0.054796418425082975,-0.0033513874683297473,-0.0,1.5776658228874099,-2.006197425612589,-7.428637051236246,0.0,-0.00017586658050158064,8.000000000004649,0.0,1.5708183101174558,88.0,0.05842234520007851,0.05670971393902456,0.053730275739879284,0.22835800693349922,0.35207730397521964,0.04483974218595715,0.13316969448428154,0.20536668191824586,-34.7352432719697,0.14950221315199805
134.4,-2.035969327350884,292.0522683713534,5.179,0.0,7.98,0.0,1.572029811274495,0.007422225262922923,-0.023579566572193796,0.020112387516437496,-2.032520192812594,-6.776639386705305,0.0,-0.13546847897960326,7.992923118425034,0.0,134.311,0.026804822431275476,-0.009363738520212966,-5.018329769779717,1.5751757792161958,0.01932307738164462,-0.010817097661007101,-5.007705327988738,-0.03560809400163279,0.009543512863643855,-0.0,1.5752531343936298,-2.006211494939031,-6.788637051390481,0.0,-0.0001758665805442132,8.000000000004649,0.0,1.570818310117461,89.0,0.05840463551011189,0.05667656744179328,0.053685608877382544,0.22830773588191358,0.3520572721062044,0.04482893572183321,0.13316138506899783,0.20531581240442226,-34.73966292998959,0.14947056553349597
134.5,-2.03596950802347,292.8511650233055,5.179,0.0,7.98,0.0,1.5738190150030447,-0.005470430296664902,-0.0067108275771456906,0.0086204493776064,-2.0333952936333426,-5.977103667306306,0.0,-0.14915246833120646,7.993017000288621,0.0,134.41,0.02745890402744736,-0.007580183526239959,-5.001987621521534,1.5703426234353164,0.02622122488942767,-0.007666325390556589,-5.007376398531667,0.005354668693187875,0.016174237089741972,-0.0,1.5701266730662495,-2.006229081597112,-5.988637051583339,0.0,-0.00017586658020311166,8.000000000002782,0.0,1.5708183101174185,90.0,0.05867743075717517,0.056786721745275714,0.05370949121346317,0.228447296683096,0.35211370292976374,0.044905489628475244,0.1332060737043867,0.20548507031648355,-34.72447388054863,0.1495609845297284
134.6,-2.045058841282497,293.65006167070624,5.179,0.0,7.98,0.0,1.573855268131245,-0.010342808858758747,0.01639300395779109,-0.013197082698192683,-2.0343731682264123,-5.177500886869288,0.0,-0.14813281074653126,7.993925890659978,0.0,134.509,0.02816919413519097,-0.006520448276939053,-5.006301665589933,1.570969268672197,0.02785982940049659,-0.005236141194706704,-5.0068132421505,0.008189968817314082,0.019712451085646343,-0.0,1.5697725442519608,-2.006246668255177,-5.188637051776154,0.0,-0.00017586658119788517,8.000000000003405,0.0,1.5708183101175428,91.0,0.05849346296593477,0.056667918831990585,0.053669433057044774,0.2282666922265498,0.35203688882666956,0.04482867676674158,0.13315222056707637,0.20528792425657252,-34.73823084318242,0.14944153985358083
134.7,-2.045059023097906,294.44895831864966,5.178,0.0,7.98,0.0,1.5725673530858495,-0.009172021704795889,0.014395994881990245,-0.014538179847899586,-2.035391420881487,-4.377770002908821,0.0,-0.13805924758570295,7.995904995088679,0.0,134.608,0.030891926989066374,-0.00524023648945289,-5.009869348916043,1.5704567338310815,0.028082115284163975,-0.004828224946462983,-5.00972109325709,-0.0027921081872195404,0.017898863710782642,-0.0,1.5711454319938207,-2.0062642549133183,-4.388637051968965,0.0,-0.00017586658165975945,8.000000000004382,0.0,1.5708183101176005,92.0,0.058618883637892645,0.05675577284989611,0.05368213955437503,0.22839576990433627,0.3520928116624446,0.044878010702740063,0.1331851744709394,0.20542546565592723,-34.72932127957893,0.14952814401948006
134.8,-2.045059204807444,295.2478549663116,5.177,0.0,7.98,0.0,1.5718431905286872,-0.0048792043564321085,0.005518432443186942,-0.0010821458235580684,-2.03632099549849,-3.5778310595628313,0.0,-0.13251377298623085,7.998468556636124,0.0,134.707,0.029010421613631168,-0.005250706347906642,-5.084281364558693,1.5666886859855262,0.031010115463293672,-0.002550631521357998,-5.02134247354892,0.014273948209082383,0.020340380698719684,-0.0,1.569012161073938,-2.006281841571491,-3.5886370521617934,0.0,-0.00017586658165086888,8.000000000003983,0.0,1.5708183101175994,93.0,0.05861671671947816,0.056740985522936514,0.053678873620480794,0.22836317483090393,0.35207732144173176,0.04486465092012229,0.1331739124075773,0.2053931881308092,-34.73065174109625,0.1495052920395833
134.9,-2.0450593834129904,296.0356558258641,5.175,0.0,7.99,0.0,1.571521937093001,-0.0061120654878518725,0.009719275793002372,-0.011594865652678064,-2.037073168249258,-2.77761511279646,0.0,-0.12927184952428086,8.001568646146525,0.0,134.806,0.03187505273304407,-0.0001638809100765054,-5.0377218191938535,1.5695778283096677,0.03372705533308701,-8.246148325092011e-06,-5.024637821089113,0.020377255265771138,0.01730384707683008,-0.0,1.5682514987646137,-2.0062994282296716,-2.7886370523545887,0.0,-0.00017586658191910755,8.000000000004382,0.0,1.570818310117633,94.0,0.05849280036345838,0.05664053553673164,0.05364686694630198,0.22823161176460574,0.35202441586954114,0.044819403791446145,0.13314608710622255,0.20525506173828126,-34.74098772336188,0.1494208228461325
135.0,-2.0450595652331174,296.8345524721833,5.175,0.0,7.99,0.0,1.5707250757794264,-0.004171587222406231,0.009206908077988105,-0.010581031616065295,-2.0375721001782865,-1.9770673522555995,0.0,-0.12255477648307041,8.005257380406563,0.0,134.938,0.03505314494062963,0.0024873760128769767,-4.961376045361598,1.5786722474781478,0.031213847226057446,0.0034804380311627466,-5.016459592973121,-0.01173747461246812,0.023744355058067157,-0.0,1.5722609937095318,-2.0063170148878697,-1.9886370525473918,0.0,-0.00017586658224418424,8.000000000004537,0.0,1.5708183101176736,62.0,0.058554312192730246,0.05667220351721178,0.05363998706629031,0.22828337403426616,0.3520466246861345,0.0448334092269767,0.13315676285746955,0.20530847723129445,-34.73851539720849,0.1494554545310142
135.1,-2.0450597469473593,297.6334491155629,5.175,0.01,7.99,0.0,1.570432112991346,-0.007757054558140748,-0.008203232813927284,0.008571613346959325,-2.037744498916221,-1.1761412754736298,0.0,-0.12126452495295388,8.009252796358632,0.0,135.004,0.03193396943668864,0.0029313265057477333,-5.00279400294927,1.567451904853131,0.029791280558158426,0.0054845553859519825,-5.009626234129948,-0.01922965600227157,0.0251431884386637,-0.0,1.5719478535618836,-2.0063346015460963,-1.1886370527401917,0.0,-0.0001758665826118667,8.000000000003473,0.0,1.5708183101177196,96.0,0.05840719048274489,0.05653630806880604,0.05362161935157603,0.22805046730584205,0.35193433235315347,0.04474591110789689,0.13308618616987838,0.20506195152941603,-34.750962107670006,0.1492898273108633
135.2,-2.0450599280783734,298.4323457598833,5.175,0.01,8.0,0.0,1.5711526234252402,-0.005004608339711777,-0.009938506151748377,0.0021948559737671254,-2.0375936614476484,-0.3747893373768673,0.0,-0.12658238966306407,8.013528564057621,0.0,135.103,0.03383708755112586,0.004025041231924695,-4.945153427577902,1.578058558967106,0.028265643293115927,0.004766003344242445,-5.0005965979594365,-0.031921009895438834,0.013668938230123828,-0.0,1.5735317723677722,-2.0063521882043625,-0.38863705293297807,0.0,-0.00017586658268116084,8.00000000000421,0.0,1.5708183101177282,97.0,0.05837957957022865,0.05653792276870277,0.05361066136476331,0.22805589537380996,0.35193738355126136,0.04473336275395601,0.13307955733735766,0.2050594707138057,-34.75226089595572,0.149294033390015
135.3,-2.045060109903204,299.23124240229987,5.174,0.01,8.0,0.0,1.571699108989213,0.002330924866411552,-0.013184463667873214,0.003096751034015998,-2.037196292676751,0.4270362874458284,0.0,-0.13133017947792858,8.018228033903808,0.0,135.235,0.031087462973752963,-0.017587899577511834,-5.021410025189653,1.5693720043948243,0.028512316852494342,-0.014336633419816423,-5.002247586041442,-0.017284431118836416,-0.03468705971710406,-0.0,1.5717108456772912,-2.0063697748625997,0.41136294687422026,0.0,-0.00017586658196171788,8.000000000003372,0.0,1.5708183101176383,65.0,0.05844010301010566,0.056646589765970916,0.0536172291361052,0.2282495522503655,0.3520333838295023,0.044821582460366154,0.13315032853740844,0.20526223470899274,-34.742490769300574,0.14943428339368706
135.4,-2.045060294208213,300.04123483088017,5.173,0.01,8.01,0.0,1.5721807827383765,0.03858124548169365,-0.00333848234620065,-0.003688176562753228,-2.0366450275875314,1.2293271650855906,0.0,-0.13443947035141918,8.02232772289413,0.0,135.334,0.02974373400753802,-0.022769968957894682,-5.080498223187112,1.5648008222013825,0.03157828991195075,-0.026692274047562067,-5.013359231079264,0.012312831531515097,-0.06440397125055153,-0.0,1.567988133073732,-2.006387361520776,1.211362946681427,0.0,-0.00017586658193508405,8.000000000003896,0.0,1.570818310117635,66.0,0.05836407920186396,0.05662390900662957,0.05362751343503696,0.22821239484148234,0.35201707320593884,0.044847079743721034,0.13316374853919397,0.20522930448380686,-34.74287701639251,0.14940955965126185
135.5,-2.045060475421465,300.8401314718361,5.174,0.01,8.01,0.0,1.571610547895778,0.04927175577428648,0.01269082921003871,-0.01477233639332716,-2.0358246366912383,2.1924328244013633,0.0,-0.12723996010865343,8.023958978890894,0.0,135.433,0.03178876414402033,-0.0238304379000977,-5.043512468165734,1.5738072511639771,0.029612286704484223,-0.030786636155344937,-5.020025339142919,-0.01018582422554064,-0.061401896754590624,-0.0,1.5708197050338129,-2.006408465510655,2.171362946450034,0.0,-0.00017586658277352052,8.000000000003716,0.0,1.5708183101177398,67.0,0.05847579660780314,0.056909600715583396,0.05372191747640625,0.2285864903995729,0.3521681526607427,0.04496940312363706,0.1332351295057851,0.2055922041532598,-34.723737875212,0.1496508026794442
135.601,-2.045060657161258,301.6390281108458,5.176,0.02,8.01,0.0,1.5708124142482285,0.031238042275619757,0.0016230868715082303,-0.00041872755408008946,-2.034944727001899,2.994917841051031,0.0,-0.1231087326118299,8.021318827376048,0.0,135.532,0.028662547552668744,-0.02838311922569379,-5.036325130497372,1.5693586996846727,0.030149804118135573,-0.03476977499428355,-5.022307408880252,-0.007149894646407041,-0.05834849673936482,-0.0,1.5691802984563683,-2.0064260521689556,2.9713629462572024,0.0,-0.00017586658306306278,8.000000000003539,0.0,1.570818310117776,69.0,0.0589486420201046,0.057237637099549314,0.05386154958870958,0.22903018554337398,0.35235407175949274,0.04516104335030335,0.1333602328922588,0.2060848453499427,-34.68622749839687,0.1499407077955302
135.7,-2.0450608384850995,302.4379247515982,5.178,0.02,8.0,-0.01,1.5706910743127245,0.018433393066235315,-0.0005636749008026461,-0.003458704726183363,-2.034078906684643,3.6366101018215518,0.0,-0.12179240388235714,8.017213974091288,0.0,135.598,0.029581902182102437,-0.030670068771912848,-5.041426893998932,1.5701275375635975,0.02859944099379448,-0.039133480385782904,-5.023330251360479,-0.008468143339165592,-0.049667336470054835,0.01,1.569345840499348,-2.006440121495601,3.611362946102947,0.0,-0.00017586658290318286,8.000000000003183,0.0,1.570818310117756,102.0,0.058463493966981105,0.0568588830993521,0.05380816081265084,0.2284789125599621,0.3521218677203469,0.04493762912007488,0.1332094318080795,0.2055027973291862,-34.722881400597174,0.14957817001514562
135.8,-2.04506102275424,303.2479171760476,5.178,0.02,8.0,-0.01,1.570310292971788,0.006667210747826802,-0.0009582837427210053,6.153658005418259e-05,-2.0328047969645535,4.438188255953788,0.0,-0.11887422397460715,8.010821605871485,0.0,135.73,0.029919228547213586,-0.016950271914152784,-5.017187891116825,1.564899313104833,0.029890866948038816,-0.0300747885871918,-5.030427899979832,0.013588301463841445,-0.016430575051605167,0.01,1.56658917313928,-2.0064577081538855,4.411362945910142,0.0,-0.0001758665829564765,8.000000000003316,0.0,1.5708183101177626,70.0,0.06347505617000132,0.06032516093883214,0.05558157202786268,0.2322880802297163,0.3535107047194353,0.046736226607481265,0.13411646715097247,0.20985659115377192,-34.32878801054358,0.15193141751785444
135.9,-2.0450612040989142,304.04681381291516,5.177,0.02,7.99,0.0,1.5698554724247682,-0.016971141575554075,0.009891824053827466,-0.01208669688452057,-2.031324351438539,5.239082989202209,0.0,-0.11407982892539861,8.004053773215688,0.0,135.829,0.026481546021220922,-0.020959635832927523,-5.051073168440074,1.5656903607462525,0.029740210144257144,-0.023771974538149665,-5.032943867367891,0.01670201454968091,0.010348372889644963,-0.0,1.5662088069307722,-2.006475294812179,5.211362945717325,0.0,-0.00017586658290140553,8.000000000003139,0.0,1.5708183101177557,27.0,0.05022671773323122,0.05020764479312838,0.054348335939176866,0.21610241028778532,0.3463626523785118,0.040289926320201355,0.12938235571075374,0.19302768321630365,-35.30727966388456,0.1412127476842658
136.0,-2.035972222261776,304.8457104506642,5.178,0.03,7.99,0.0,1.5687508043509464,-0.029528767534883555,0.006740325045564673,-0.010864775556929203,-2.029599167300884,6.039341798789831,0.0,-0.10486010482564963,7.998595680664141,0.0,135.928,0.024729219713712492,-0.02492717609835067,-5.0277261833403895,1.5716549010608876,0.02399293087687184,-0.023070044098038575,-5.032940598035623,-0.022986203541502367,0.011430398646719908,-0.0,1.5699197591922733,-2.0064928814704603,6.011362945524508,0.0,-0.00017586658330816783,8.000000000002073,0.0,1.5708183101178066,72.0,0.059420516607720526,0.05712644086060637,0.05594712388237249,0.2279760861221509,0.35182331425196467,0.044948748261240026,0.13301754120006806,0.20539110524201346,-34.5745489624661,0.14915032093740635
136.1,-2.035972403394709,305.6446070850701,5.179,0.03,7.98,0.0,1.568265901240755,-0.020004945454093478,-0.02016655018663962,0.002847953070521581,-2.027583529152608,6.839147664565065,0.0,-0.10194689078125861,7.995111018078387,0.0,136.027,0.0252660543428778,-0.024139676182397853,-5.04380008359162,1.5680812369453774,0.023195563045340012,-0.02190849849051333,-5.034762391885366,-0.01454394915878984,0.019789490474329874,-0.0,1.5688642720042079,-2.006510468128824,6.811362945331684,0.0,-0.00017586658385177988,8.000000000004205,0.0,1.5708183101178745,73.0,0.058664098579809115,0.0568114616243466,0.05516980877628945,0.22894294109734248,0.3525105384734564,0.04493475020906117,0.1333436106746389,0.2061909267317363,-34.652701481769626,0.1500255396285997
136.2,-2.0359725868499225,306.4435042010588,5.18,0.03,7.98,0.0,1.5688119824652114,-0.013618110048472996,-0.010717825882833126,7.750443568490883e-05,-2.025324236152789,7.638707593810459,0.0,-0.1058731447780704,7.993307094202367,0.0,136.126,0.022388835186535998,-0.0278678743057676,-5.007483285524124,1.5745797067030478,0.016768624886433672,-0.024401541768499395,-5.028761630550582,-0.042801138063042546,0.01031167576201586,-0.0,1.5723984078688802,-2.006528054787217,7.6113629451388825,0.0,-0.00017586658380915513,8.00000000000456,0.0,1.5708183101178692,74.0,0.05869346016050792,0.056828021927392294,0.054668849271938165,0.22925235995080903,0.35263080827357157,0.04495905689031742,0.13340069666112211,0.20638522357533845,-34.67733596270043,0.1502264042661911
136.3,-2.035972764465768,307.24240035222294,5.178,0.03,7.98,0.0,1.5692327576132978,-0.001131344368995356,-0.016909120744601134,0.009522805013921566,-2.0229323157851127,8.438167745501701,0.0,-0.10986124614968706,7.992589855673638,0.0,136.225,0.01789144788830959,-0.02799658905174552,-5.020588748186799,1.5713532937672345,0.014537204578392537,-0.027199295775216806,-5.0268023362955265,-0.036417626842730325,0.0019633280073820814,-0.0,1.5716003426987706,-2.0065456414455873,8.411362944946083,0.0,-0.00017586658373631867,8.000000000004295,0.0,1.57081831011786,75.0,0.05852403357730468,0.05679761330430017,0.05430853395323863,0.22906693775293477,0.3524741271271509,0.04489693938294439,0.13332338679717629,0.20610098114195147,-34.70204708360153,0.1500421052096399
136.4,-2.0268837818053242,308.0412969856701,5.176,0.03,7.98,0.0,1.5702781034077076,0.00770980232382429,-0.00927558486993968,0.0038177073923172256,-2.0200775056590268,9.397471911274064,0.0,-0.11892615011859799,7.991901960405955,0.0,136.324,0.011754262409413407,-0.031717203852664674,-5.063968622470719,1.5707146655987494,0.009498059483086484,-0.030675184927964713,-5.0311566892550985,-0.03908543084785346,-0.006550576294172217,-0.0,1.5719357868244241,-2.0065667454356104,9.371362944714681,0.0,-0.0001758665837185551,8.000000000004295,0.0,1.5708183101178579,76.0,0.07422066826502408,0.06761896777827293,0.0564459047432713,0.2451886497732254,0.3594077431879426,0.05145096578141278,0.13791693271182137,0.224226854612937,-33.71419516496799,0.16130293108603289
136.5,-2.0268839614825396,308.84019361857804,5.174,0.03,7.98,0.0,1.5707561163752126,0.010886532459198144,-0.010388273762969668,0.0005417598902425284,-2.0182852621584324,10.036963235905638,0.0,-0.12128496422794605,7.991146104921394,0.0,136.423,0.011483069789552984,-0.03190522111107895,-5.057715366546534,1.5730419578569148,0.005556442381466279,-0.033531769061630495,-5.036728031300457,-0.04707754963836385,-0.011921044831910699,-0.0,1.5729395690476327,-2.0065808147622914,10.01136294456039,0.0,-0.0001758665832247279,8.000000000004295,0.0,1.5708183101177962,77.0,0.06019611187080981,0.05786311712491695,0.055404011201361215,0.2292608509453858,0.3523290468055692,0.04541497993237563,0.13338246163616332,0.20659101313847952,-34.543452469022036,0.1499783810695961
136.6,-2.0268841416087753,309.63909024824204,5.174,0.02,7.98,0.0,1.571349692591701,0.010433538396988755,-0.011613380450129395,0.003224690989287239,-2.016264561487683,10.836215118685345,0.0,-0.12583341128770878,7.989470444485367,0.0,136.522,0.012036908873617337,-0.027487653669031026,-4.9991118700251755,1.5739387306240475,0.005098446443235403,-0.030004221005630292,-5.030640020516886,-0.03726633587587419,-0.0008367596983438474,-0.0,1.5729602515581322,-2.0065984014205847,10.811362944367595,0.0,-0.00017586658264207505,8.00000000000394,0.0,1.5708183101177233,78.0,0.058614999100682026,0.05676455135142486,0.0547644180375704,0.22851747175169707,0.35220730622497387,0.04491338932259534,0.13325514185179144,0.20570144071711954,-34.67428588341396,0.14964790778126336
136.7,-2.026884321706646,310.4379868770235,5.174,0.02,7.98,0.0,1.5719721555386224,0.0043003746435337584,-0.0029946511610029086,0.005616549478282359,-2.014581373985144,11.635266361704405,0.0,-0.130497404192653,7.987083640830745,0.0,136.621,0.009941524322285216,-0.028880684603039844,-5.034636927131547,1.570765208556082,0.006389883058495702,-0.029293388982082086,-5.029892612799708,-0.02042638399563302,0.00148445772586836,-0.0,1.570849748435631,-2.006615988078777,11.61136294417474,0.0,-0.00017586658128671478,8.00000000000394,0.0,1.570818310117554,79.0,0.058486075559155366,0.05671028198164455,0.05436521783687171,0.22874404519974328,0.35233644247443624,0.04488458761943989,0.13329171615320154,0.2058383687379161,-34.70249213916518,0.1498283145427206
136.801,-2.02688450154362,311.2368835055863,5.174,0.02,7.97,0.0,1.5721741699988507,-0.003682694022406564,0.009154695698655395,-0.006162187870052239,-2.013084492942649,12.593804116236422,0.0,-0.1303742057788393,7.984169764775369,0.0,136.72,0.009037512287209665,-0.026534114008936446,-4.967268116288579,1.5788877012345668,0.003558345429553857,-0.02612452727111758,-5.022732512654102,-0.04041882991621648,0.016342947600056057,-0.0,1.573353039618154,-2.006637092068533,12.571362943943322,0.0,-0.00017586658129379286,8.000000000002697,0.0,1.5708183101175548,81.0,0.05866724698774671,0.056900698087433005,0.05411768422604897,0.22900666730316252,0.35241846808287985,0.04495568195874955,0.13333352609987956,0.2060499318957375,-34.69972906050361,0.1499786666803394
136.9,-2.0268846788028725,312.02468434675745,5.174,0.01,7.97,0.0,1.5720361425217728,-0.010716432732986478,-0.006533907136952753,0.004953854957979588,-2.012397550557663,13.232646149822232,0.0,-0.1305739534654894,7.982584963386501,0.0,136.819,0.007974181724167188,-0.028426209528455856,-5.044386882235502,1.5737278484186659,0.0037843429983444848,-0.02637544734765286,-5.02674204410912,-0.028926196204757136,0.012523504669466057,-0.0,1.573167276373655,-2.0066511613950366,13.211362943789087,0.0,-0.00017586658117836092,8.000000000004118,0.0,1.5708183101175404,81.0,0.058435258017400966,0.056699128172481406,0.0539057389450742,0.22857506890074103,0.35219440186566253,0.04484171663041752,0.1332248978181961,0.20558241098381594,-34.72806107211525,0.14966257324294174
137.0,-2.0268848588279553,312.82358097375624,5.175,0.01,7.97,0.0,1.5725164273197318,-0.007139712791519912,0.0025276080872794595,0.002939925153104316,-2.0118820088640668,14.031052497109238,0.0,-0.13435520066885906,7.981223163493745,0.0,136.918,0.006584577157702454,-0.0061242771505914395,-5.023506557961417,1.5773402102934848,0.0004629842683257204,-0.011010976703809797,-5.026366094659627,-0.04218054658061176,0.04918962787447878,-0.0,1.5748092477175282,-2.0066687480531438,14.011362943596238,0.0,-0.00017586658111796478,8.000000000004118,0.0,1.5708183101175328,82.0,0.07390700814700989,0.06741310117771342,0.05611914359696122,0.24458339698921985,0.35910010549438187,0.051318739914904425,0.13776953622630014,0.22354411236902108,-33.74428079797633,0.16082948056763657
137.1,-2.0268850390694695,313.62247759855455,5.176,0.0,7.97,0.0,1.5729969910488018,-0.030091236559862525,-0.007837161751525134,0.005778718609328419,-2.011785141165173,14.989050239589723,0.0,-0.13982711365401967,7.981038686211406,0.0,137.017,0.004121782843870406,-0.026164522110831215,-5.068718680952258,1.5741873946046059,-0.0012799187053984646,-0.020132198301203184,-5.0358727081645185,-0.03478746055698884,0.01873078428362973,-0.0,1.5751508659095554,-2.006689852042835,14.971362943364863,0.0,-0.0001758665802582276,8.000000000005006,0.0,1.5708183101174253,83.0,0.060237531849911104,0.05780722292738326,0.05518676317018818,0.2290332261301335,0.3522276299187047,0.04537633692210698,0.13332734349371028,0.20637152852043095,-34.55651938051069,0.1498264642655801
137.2,-2.0268852188052904,314.42137422369274,5.177,0.0,7.97,0.0,1.5736992080372314,0.0015586766604937055,-0.004889162391060559,0.0007679199935550716,-2.012060701406172,15.627772910749995,0.0,-0.14343158296723724,7.982057423072412,0.0,137.116,0.0020886698945546673,-0.003930436931809708,-5.027517803824969,1.5736003034784354,-0.0017698926320056547,-0.0015933825536711649,-5.03225829955835,-0.035360938282103745,0.05967328915144865,-0.0,1.5752000812719387,-2.00670392136923,15.611362943210645,0.0,-0.0001758665795494534,8.00000000000465,0.0,1.5708183101173367,84.0,0.058903129889506994,0.056899771026208405,0.054690232754727466,0.2285990093434114,0.35224205320310936,0.044979402698783366,0.13327184165454745,0.20581468577504666,-34.66596462531198,0.14970454765851438
137.3,-2.0268853989901316,315.2202708463463,5.177,0.0,7.97,0.0,1.5742959834777306,-0.026885896160297133,-0.002726747697801349,0.0029741272684217965,-2.012822848851114,16.426350881443913,0.0,-0.14807203540429043,7.984339252434561,0.0,137.215,0.004076741628052135,-0.02087999102059078,-5.033012633250299,1.575251921022479,-0.0009352831413334384,-0.01301685980981462,-5.032683144140101,-0.02815362874101413,0.020685101313878462,-0.0,1.5743196182133623,-2.006721508027152,16.411362943017874,0.0,-0.00017586657884247902,8.000000000005361,0.0,1.5708183101172484,85.0,0.058521622465560884,0.05667030425276485,0.05428226432580181,0.22863058770442551,0.3522958868626365,0.04483562915781471,0.13324178451339436,0.2057308122171323,-34.7087024169455,0.14976126202776707
137.4,-2.026885578914033,316.01916746916095,5.176,0.0,7.98,0.0,1.5745377492301653,0.005658992279751496,0.002203460484465217,-0.0005180372791160793,-2.014380487857663,17.38503707102946,0.0,-0.14906614843163615,7.988468249239768,0.0,137.314,0.009371052391229123,-0.011867179650454418,-4.998407794235257,1.578021296062769,-0.00016926722938662023,-0.012619767789569261,-5.031052859716622,-0.03716661785402637,0.010047149382358178,-0.0,1.5754479075801178,-2.0067426120166205,17.37136294278657,0.0,-0.0001758665794926178,8.000000000005006,0.0,1.5708183101173296,86.0,0.058553016746031375,0.056862901172864425,0.05410297836759772,0.22889669687855363,0.3523728837817759,0.044923060224128716,0.13329081594482214,0.2059338475898353,-34.708318199726776,0.14990994199852686
137.5,-2.026885756594794,316.8069683046689,5.175,0.0,7.98,0.0,1.5747171464052538,0.01199510377151053,0.0001405662362544295,0.004465317132273272,-2.0158114234603217,18.024439807127774,0.0,-0.15084478757458808,7.991157424304146,0.0,137.413,0.011823777854536106,-0.009848123881915527,-5.004048783648711,1.5843788156341023,-0.00040688930313822173,-0.009970676948171667,-5.025827095574101,-0.05622158121207291,0.0148026207731764,-0.0,1.5778284771975248,-2.006756681342947,18.011362942632346,0.0,-0.0001758665783895002,8.000000000005006,0.0,1.5708183101171918,87.0,0.058460385560337405,0.056730183469174994,0.053921474777765176,0.2285979058425039,0.3522081224022695,0.0448477626488278,0.1332183189197216,0.2056094621906313,-34.72582591927193,0.14968187186447218
137.6,-2.026885936229448,317.60586492562294,5.174,-0.01,7.98,0.0,1.5753677581113321,0.004420222247898423,-0.008582442265451021,0.00985685216164411,-2.018050260435562,18.823957215824915,0.0,-0.1562715800653105,7.993710578889089,0.0,137.512,0.008386278993102212,-0.012255865812638017,-5.052862973103494,1.5776501615659733,0.0009671997826286131,-0.009254362605902351,-5.024790339698603,-0.049255982056850334,0.013509169096975526,-0.0,1.5782092033441963,-2.006774268000767,18.811362942439647,0.0,-0.0001758665781425866,8.000000000005006,0.0,1.5708183101171609,88.0,0.058494614891402,0.05673111132600068,0.05381676195729896,0.22850713117100868,0.35214755220478183,0.0448447220759532,0.13319866767036873,0.20551262451820002,-34.72994755273661,0.1496047344845261
137.7,-2.0268861161580816,318.4047615449147,5.173,-0.01,7.99,0.0,1.5764277945880334,0.00032004513362646225,-0.0033457441284257157,0.013355254798547971,-2.020835474200897,19.623712077262315,0.0,-0.1642648548172691,7.995772901704621,0.0,137.578,0.00965081599706126,-0.010330615142189734,-5.080018817909076,1.5763148728574194,0.00016427569089105397,-0.010582358039009504,-5.03064649839132,-0.03999655238952761,0.0028434231134699672,-0.0,1.577051409959309,-2.0067918546585912,19.61136294224694,0.0,-0.0001758665784197139,8.000000000005716,0.0,1.5708183101171955,72.0,0.058500464739403145,0.05670596805036807,0.053743947798680115,0.22840305592649446,0.3520929432456656,0.04483738775997117,0.13318086426988401,0.2054112137010109,-34.73314502426581,0.14952815054093554
137.8,-2.02688629582579,319.20365816474725,5.172,-0.02,7.99,0.0,1.5770375254240374,0.005951863778413258,0.002241896626334411,0.0009264001067088932,-2.0249615809040122,20.58369985330518,0.0,-0.16797914129325583,7.998230882305581,0.0,137.71,0.013371204307263206,-0.008608337214580986,-5.081066381872085,1.5763524698709601,0.00616367135720261,-0.009179148914536837,-5.036821237052797,-0.024096311870485037,0.006210621756805423,-0.0,1.576310922014388,-2.006812958648016,20.571362942015693,0.0,-0.00017586657891887017,8.000000000005716,0.0,1.570818310117258,90.0,0.06353553237472828,0.06022164667090484,0.05551050989506458,0.23220825558787256,0.353469079368452,0.04665220668033532,0.1340793547943787,0.2097595931136709,-34.337346238001075,0.15186917072009548
137.9,-2.035975651788874,320.00255477944637,5.171,-0.03,7.99,0.0,1.577009423696671,0.0016932664459008992,0.009264664451718531,-0.004357039410382897,-2.029040008347596,21.383897637236913,0.0,-0.1680653602601898,8.00011706103547,0.0,137.809,0.01645468954020929,-0.008287036366265488,-5.0927513568718545,1.5712522279118,0.015422017575727864,-0.006691756033321554,-5.044522860843847,0.018268878617118768,0.011418818778306417,-0.0,1.5722624558956337,-2.006830545305896,21.371362941822944,0.0,-0.00017586657880694405,8.000000000005006,0.0,1.570818310117244,91.0,0.0590571453608838,0.05696326840511363,0.05480605637384007,0.22829079386048687,0.35203787021205285,0.04498214241318689,0.13318231942874434,0.2055445361502119,-34.64893157054263,0.14943994223900978
138.0,-2.035975829502192,320.80145089159123,5.169,-0.03,7.99,0.0,1.576474638716553,-0.00470314924619083,0.028754667567813936,-0.015175063844410355,-2.033587452120744,22.184268832187442,0.0,-0.1603618296345713,8.00224560709809,0.0,137.908,0.019141448980053672,-0.007278052663554843,-5.0713686371305045,1.5697273209134583,0.023095244606749277,-0.006407754109312819,-5.050736069911025,0.04714841599261867,0.010694703964645669,-0.0,1.5686529642036264,-2.0068446146321377,22.011362941668768,0.0,-0.0001758665779702878,8.000000000005361,0.0,1.5708183101171393,92.0,0.05854399976800958,0.05661273813113442,0.05437186001401114,0.22845248509188543,0.3522211743916793,0.04485312292809335,0.1332356303516299,0.20560253065503506,-34.70372512351269,0.14964398388186453
138.1,-2.045065193208913,321.61144329163926,5.166,-0.03,7.99,0.0,1.5746203200567999,-0.002545848477106741,0.029004558441229532,-0.023610777996084277,-2.0374051641478435,22.82470347115785,0.0,-0.14820707556245513,8.004305208026645,0.0,138.007,0.025183845801839588,-0.0064495793153410835,-5.094555011638589,1.5663988563944695,0.02986787045167811,-0.0059189738799155876,-5.057004624116585,0.057240300311156914,0.010588814095244814,-0.0,1.5673915530109765,-2.006862201289945,22.81136294147606,0.0,-0.00017586657798982774,8.000000000005361,0.0,1.5708183101171418,93.0,0.05874749601877226,0.05676584360706259,0.05416396908297663,0.22879540443349086,0.3523507897030073,0.044940336039946405,0.13330637522130248,0.20589600440796232,-34.7016468406852,0.14986005215841786
138.2,-2.0450653748399645,322.41033990499375,5.165,-0.03,8.0,0.0,1.5724771147968735,-0.0022779831457369858,0.027509503618391256,-0.021122461479951987,-2.0421352122927274,23.625446087397048,0.0,-0.1312177484746983,8.007095281419012,0.0,138.106,0.03136302924524176,-0.004773373123474228,-5.106922204542253,1.5652782168465047,0.03366916407079469,-0.005671155606938774,-5.060958135351754,0.04176787633518459,0.0025928596053894637,-0.0,1.5693258199155156,-2.006879787947744,23.61136294128334,0.0,-0.00017586657798271448,8.000000000005006,0.0,1.570818310117141,94.0,0.058808087818406234,0.05686417374246526,0.05402943980755528,0.22882884967374106,0.352317669485972,0.04494560249673657,0.13328586092140077,0.20588671639457667,-34.70261022637473,0.14984450553794032
138.3,-2.0450655563651594,323.20923651768703,5.165,-0.02,8.0,0.0,1.5711048948895208,0.0024777556155001434,0.011296054544426731,-0.003835888657921002,-2.046553259534442,24.426432509793816,0.0,-0.1203572423711957,8.009824048061535,0.0,138.205,0.03547028627851957,-0.0030044850408869617,-5.076902930025578,1.5848623006656126,0.029732946718336192,-0.00449146615190223,-5.062043444655139,-0.027513477601161688,0.00637694326383631,-0.0,1.5767307113707285,-2.006897374605559,24.411362941090605,0.0,-0.0001758665781479313,8.000000000005716,0.0,1.5708183101171616,95.0,0.05877812039632651,0.0568222452740361,0.05393647302247473,0.22864743307412982,0.35220896048909783,0.04492943722043184,0.13325413045530451,0.2056988962299555,-34.7098157529667,0.14969900536195296
138.4,-2.0541549160834904,323.9970373418176,5.167,-0.02,8.0,0.0,1.5714435310827126,-0.0005001575424775642,-0.019238949688990755,0.01862021207893956,-2.0504989396708244,25.22766983183467,0.0,-0.1243375809717224,8.012144285730226,0.0,138.337,0.04438468084862008,-0.002325210375073633,-5.049254145939652,1.5732358970433744,0.03772701865894791,-0.002649958305882746,-5.060580217438909,0.0036820881574023447,0.011373253504643799,-0.0,1.5728331672665734,-2.006914961263356,25.211362940897892,0.0,-0.00017586657806086637,8.00000000000465,0.0,1.5708183101171507,21.0,0.050153095211907056,0.04997878799576855,0.053378671849375364,0.21614682708423363,0.3463334955696756,0.04029878781141305,0.129437968663873,0.19290701586025502,-35.37138529122475,0.14120644908481206
138.5,-2.0541550986739736,324.79593395224236,5.168,-0.02,8.0,0.0,1.5731526651096086,-0.0029188095941596187,0.0023367106641203478,0.0037133521519662808,-2.0540110580082276,26.029157660901248,0.0,-0.1369542716247493,8.014272515820227,0.0,138.436,0.04663104770556908,-0.020831067935811333,-5.069025017213371,1.5681869962744406,0.044714117313225915,-0.013196522439636774,-5.06214996565798,0.024205901742277443,-0.016141862423082465,-0.0,1.5702695261828705,-2.0069325479212234,26.011362940705126,0.0,-0.00017586657997401833,8.000000000005361,0.0,1.5708183101173898,64.0,0.05917168310508238,0.05685279508508301,0.05519259671751484,0.22737957607219228,0.35142844694030984,0.044768810633679226,0.1328248347837424,0.20462985919742768,-34.63333717343584,0.1486429920466159
138.6,-2.0632444637246863,325.5948305592687,5.168,-0.01,8.0,0.0,1.572882964569379,0.018373938504443063,0.018710919731878804,-0.010759478745034946,-2.0571464948382228,26.83089969060265,0.0,-0.1340896815515852,8.016708591209504,0.0,138.535,0.04957895625899181,-0.004183284278870603,-5.003715033619187,1.5751305795711639,0.048018428642581684,-0.013604372534706512,-5.054758998012062,0.011268217685300291,-0.011865985144964952,-0.0,1.5706375641010952,-2.0069501345791645,26.81136294051241,0.0,-0.000175866579425085,8.000000000003585,0.0,1.5708183101173212,65.0,0.058139371808532445,0.0564113579397797,0.05458681428248963,0.22797496273454845,0.35197887938650396,0.04469164544674868,0.13310864415293014,0.20511911764137886,-34.71302196343836,0.14928690871980027
138.7,-2.0632446466705687,326.3937271685517,5.166,-0.01,8.0,0.0,1.5722160211906324,0.011706711311415981,0.010286619369019772,-0.00506715394086015,-2.059840705950161,27.632845316457338,0.0,-0.128594639896173,8.018416674989819,0.0,138.634,0.05454160993728256,-0.02539708602566184,-4.973992329958288,1.576987358677624,0.05057496051994732,-0.022550450225748093,-5.041550077333511,-0.002825120936715988,-0.031574625929411404,-0.0,1.5724058179126925,-2.006967721237089,27.61136294031972,0.0,-0.00017586657872168676,8.000000000005361,0.0,1.5708183101172333,66.0,0.05837103476432361,0.056608006763846495,0.054283293669761576,0.2285792217601643,0.3522742984110416,0.04482945305217231,0.13325831034469754,0.20567141917922574,-34.715068700608,0.14972275522875314
138.8,-2.063244827487466,327.18152799062256,5.166,0.0,8.0,0.0,1.5719749456646406,0.02118596401672461,0.00039004239205939575,0.0014624136368641052,-2.0620001223648776,28.434879897106516,0.0,-0.12724336466324143,8.018659520258533,0.0,138.733,0.056662085845687,-0.007404024696815684,-5.058009288112645,1.5711178164269637,0.05223617238302962,-0.019491922868442237,-5.039787461986977,-0.008207087064426159,-0.01584156985965368,-0.0,1.5718242478019309,-2.006985307894934,28.411362940126978,0.0,-0.0001758665782367179,8.000000000004295,0.0,1.5708183101171727,67.0,0.058081659772327224,0.05650914755380023,0.054040357932037604,0.22834700915807518,0.35212549727843534,0.044711982762821276,0.1331446195819666,0.20534849679582118,-34.740288103952224,0.1495298560668335
138.9,-2.0632450106214435,327.9804245979618,5.166,0.0,8.0,0.0,1.5722053034140284,0.005166222441731522,-0.0006785644807661332,-0.0005203318557389498,-2.063583914889223,29.236866482274056,0.0,-0.12861239539375532,8.017448339326501,0.0,138.832,0.05613581028421632,-0.012017156492824102,-5.043714782787537,1.5696729926233641,0.056638586436499466,-0.01391896634922844,-5.044360814118768,0.013699761020381743,0.0017591955260414238,-0.0,1.5690842348286462,-2.0070028945527336,29.211362939934247,0.0,-0.0001758665777517881,8.000000000005006,0.0,1.570818310117112,68.0,0.05846892857077679,0.05677885045680639,0.05392765410830805,0.2286767677412228,0.35225297020259794,0.04487758592487611,0.13324969792177405,0.20569534418085045,-34.72425064104199,0.14974141838827748
139.0,-2.063245193727056,328.7793212032793,5.168,0.0,7.99,0.0,1.5718754564321156,-0.011576831603372115,0.011146942732970464,-0.00996736450315285,-2.0645829028187253,30.038710578179714,0.0,-0.12502290971766167,8.015930789515885,0.0,138.931,0.05918713664098529,-0.013506225936730828,-5.035451420795766,1.5646954522944634,0.06250860668564856,-0.011896442915945493,-5.043724458401789,0.0413628762075969,0.013815139440877644,-0.0,1.5656284778047758,-2.0070204812103976,30.011362939741502,0.0,-0.00017586657610154478,8.00000000000465,0.0,1.5708183101169058,69.0,0.05828323071834035,0.05653166165472779,0.05378414556093815,0.22818282774146526,0.3520107319098967,0.044730209990326585,0.13311551665386043,0.20518498878176736,-34.74801667740969,0.14938892752124994
139.1,-2.063245374638427,329.56712202209104,5.169,0.01,7.99,0.0,1.5707177559405123,-0.015438769312781061,0.023222959741879295,-0.018645329797695592,-2.0649437962433304,30.840434006580946,0.0,-0.11513875023150684,8.015308707824737,0.0,139.03,0.0586589163370981,-0.015732431241328323,-5.001054421318284,1.5721573215752158,0.0601670864880471,-0.014050877891872579,-5.037902020910584,0.008179232247797092,0.006608471103490388,-0.0,1.5685229629062418,-2.0070380678680264,30.811362939548815,0.0,-0.0001758665761442008,8.000000000005716,0.0,1.570818310116911,70.0,0.05853227977259104,0.05670317097756238,0.053745826626763846,0.22840368297434924,0.3521074619160037,0.04485014930671613,0.13319259493553276,0.20542960162575435,-34.732873926986585,0.1495395578723534
139.2,-2.063245561053847,330.3660191464424,5.171,0.02,7.99,0.0,1.5693960434899221,-0.005617583134724912,0.0027995096584509794,-0.006541541398261796,-2.0645448716772363,31.64213831097666,0.0,-0.1050760498149812,8.015753945270626,0.0,139.129,0.05555053895963063,-0.02181944803702933,-5.042004668381968,1.5753658998776658,0.05342488241418955,-0.019156584870644734,-5.0364277449512045,-0.03337504387019984,-0.007063252511304796,-0.0,1.572471779297911,-2.007055654525625,31.611362939356123,0.0,-0.00017586657627389045,8.000000000006427,0.0,1.5708183101169273,71.0,0.058696911863551034,0.05679032958782285,0.0537599289906599,0.22846749181305498,0.3521267450833609,0.044921278441515125,0.13322282738009408,0.20551748137240883,-34.72168963569718,0.14957646010172462
139.3,-2.063245743931617,331.16491575155896,5.173,0.02,7.99,0.0,1.5696720999574774,0.0068425947671794,-0.017770234955913036,0.008824597307946063,-2.063332825703366,32.44390416871434,0.0,-0.10789082656402875,8.016334009782605,0.0,139.228,0.059607879225148215,-0.02172356449472363,-5.0512178169991,1.57205216703175,0.05361175341363397,-0.0234752876039832,-5.042495391696507,-0.027923784929704674,-0.01584016084375861,-0.0,1.571790009199255,-2.00707324118323,32.41136293916323,0.0,-0.00017586657601976208,8.000000000001453,0.0,1.5708183101168955,72.0,0.05837514167288229,0.056653208413296983,0.053690256536564715,0.22825217784576002,0.35203577213380716,0.04481507787348863,0.1331476090824527,0.20526480539817038,-34.74046118770482,0.14943501990932143
139.4,-2.063245927258407,331.96381235457073,5.173,0.03,7.99,0.0,1.570760802124658,0.01306824885534626,-0.009963477438324807,0.008850228221459054,-2.0614112861802143,33.24573093668967,0.0,-0.11608613677578773,8.016356557244213,0.0,139.327,0.05470607071076773,-0.024589497661726537,-5.0412169022344555,1.5700861613317225,0.050759680712832295,-0.025826948415140785,-5.040027484378731,-0.034076648405379634,-0.018538408129333384,-0.0,1.5713077321379445,-2.007090827840823,33.211362938970225,0.0,-0.00017586657607839747,8.000000000002164,0.0,1.5708183101169029,73.0,0.058512867451504205,0.056703643820124515,0.053694008187818054,0.22833014927962023,0.3520710807118286,0.04487713023708084,0.13318858823963295,0.2053639651943813,-34.732909432097856,0.1494890556128667
139.5,-2.063246107680996,332.7516131714438,5.172,0.04,7.99,0.0,1.5711719655399232,0.011981168429323922,-0.009658320062576196,0.002226506221388269,-2.058368825758454,34.20789771342297,0.0,-0.11915161803428075,8.015375724040483,0.0,139.426,0.056693192414454606,-0.024914612579540155,-4.97665399891098,1.5829279332756168,0.044444629667830346,-0.027894636466746614,-5.033835850430862,-0.07650281079437425,-0.01973572141616664,-0.0,1.575376169357599,-2.007111931829938,34.1713629387386,0.0,-0.0001758665758705481,8.000000000001453,0.0,1.570818310116877,74.0,0.058443727942852394,0.056708259536275646,0.05368656883827243,0.22832426875931472,0.3520660818512055,0.04486709901827906,0.1331776259332298,0.20534557802718117,-34.73532536872452,0.14948346090795472
139.6,-2.063246291118375,333.5505097723534,5.171,0.04,7.99,0.0,1.5716512616516578,0.009307312158873603,-0.028204669185333247,0.01150625913722467,-2.055996944616662,34.84924703441296,0.0,-0.12310374690298134,8.013864736471318,0.0,139.525,0.05145374994562205,-0.02867894603579383,-5.038123235300847,1.5689532262070642,0.04384579882116728,-0.03048890676723469,-5.031632950610842,-0.05088653868089553,-0.022060620433486555,-0.0,1.572162618804428,-2.0071260011560152,34.8113629385842,0.0,-0.00017586657575510052,8.000000000002164,0.0,1.5708183101168625,75.0,0.05843699165454594,0.0566905992031953,0.05368015853544962,0.22829785594526392,0.3520545584072751,0.0448652478021997,0.13317572545902326,0.20532125288847766,-34.73670158869976,0.14946600117380035
139.7,-2.063246474372349,334.3494063732028,5.171,0.04,7.98,0.0,1.5727593929648886,0.008699597414382147,-0.008303345968960277,0.0038502084448286326,-2.0527992896052245,35.65074619615335,0.0,-0.13108930940864633,8.01117779382831,0.0,139.624,0.04963806625990061,-0.03474833953601409,-5.054418508848822,1.5736466236293318,0.04057298054341485,-0.03641114394011444,-5.0387706770862,-0.05091170279186054,-0.024358725654185065,-0.0,1.5721678939097556,-2.0071435878135717,35.61136293839118,0.0,-0.00017586657554371406,8.000000000002164,0.0,1.570818310116836,76.0,0.058588554187576414,0.05672410906448328,0.05372224937450384,0.22834471649588864,0.35207355596159373,0.04493256125870635,0.13321689142177046,0.20539909688918276,-34.7265746315289,0.14949647779335046
139.8,-2.054157461693876,335.14830244806757,5.169,0.04,7.98,0.0,1.5725339844964932,0.01171667989388824,-0.003933771208481389,-0.0017013435752055307,-2.049470444259302,36.451967170192916,0.0,-0.12880440051963113,8.008126605103358,0.0,139.723,0.04419214133530678,-0.03686361480412154,-5.0120176238307685,1.5734655926342294,0.03799778425267687,-0.03959245323370268,-5.032749823275568,-0.049488883327395164,-0.027770412581006987,-0.0,1.5719895618140354,-2.0071611744710904,36.411362938198145,0.0,-0.0001758665749486189,8.000000000001453,0.0,1.5708183101167617,77.0,0.05834918543566891,0.056656604120606205,0.053686230145526065,0.2282494247740586,0.3520328830678883,0.04484832252312538,0.13316221347556287,0.20526530734035142,-34.73939169335407,0.14943338691526237
139.902,-2.0541576413829006,335.9361032593836,5.167,0.04,7.97,0.0,1.5723732642971464,0.009465163524480813,-0.0021339186971201375,-0.0030381245663750707,-2.0453922897750827,37.41295888897852,0.0,-0.1268329736672401,8.003460270054228,0.0,139.789,0.04272264222686024,-0.039591906073209074,-4.980786327904051,1.5705814190873388,0.035005565901098795,-0.042567586519020165,-5.027268318271426,-0.041508212979022185,-0.022850078788422934,-0.0,1.5709861071533733,-2.0071822784600113,37.37136293796656,0.0,-0.00017586657458803408,8.000000000002164,0.0,1.5708183101167166,113.0,0.058843087849469095,0.05708641011192276,0.053756534064504556,0.2289169456741573,0.3523260059758901,0.045099410018994195,0.13334790952976072,0.20596333642548184,-34.698099307772566,0.1498798673040757
140.0,-2.0541578239194394,336.7349998550732,5.164,0.04,7.97,0.0,1.5721522044066827,0.005287299527906247,0.0012276223193936964,-0.006559165211731056,-2.0426563606015207,38.0532739095149,0.0,-0.12531208432073115,7.999812147254669,0.0,139.921,0.03875803343807554,-0.04380656998461705,-5.043973408178732,1.571022543251468,0.03433857119592364,-0.0463142423353648,-5.03138152137287,-0.02896100569468964,-0.02844665211294295,-0.0,1.5694062980798629,-2.0071963477859494,38.01136293781214,0.0,-0.00017586657441572747,8.000000000002164,0.0,1.570818310116695,79.0,0.06330815279346597,0.06021344055784042,0.055466500605243406,0.23215702584335998,0.35345455921873825,0.046687921637909975,0.13409107462108127,0.20969730172417597,-34.343161618058716,0.15184279779334453
140.1,-2.045068812213117,337.5338964532202,5.161,0.04,7.96,0.0,1.5715306745285655,0.00880243632190746,0.0035874726911380526,-0.009180928220131534,-2.03855818391102,39.01314458587012,0.0,-0.1190532597641555,7.99367618041828,0.0,140.02,0.03381921388044732,-0.03553555440749381,-5.015619895821486,1.5759104369703043,0.029192848058807994,-0.042379919753884346,-5.03275747486245,-0.04983168549678535,-0.006313056350730761,-0.0,1.5720324428953782,-2.0072174517748897,38.97136293758052,0.0,-0.000175866574937992,8.000000000002874,0.0,1.5708183101167603,80.0,0.058689297879360024,0.05686765405030368,0.05476105140790328,0.22813164198180755,0.35197238881944637,0.04492962447666147,0.1331421010822686,0.20535123531485433,-34.66245984658567,0.14933721346658174
140.2,-2.0450689911194218,338.32169726274094,5.16,0.04,7.96,0.0,1.5711686584425644,-0.007543145829259632,-0.0060112377235654515,0.00434465285398244,-2.035158423438885,39.812427326918105,0.0,-0.11775037555906726,7.9880654459919676,0.0,140.119,0.028465912982487282,-0.03473506334804319,-5.026649281778803,1.5713852463476197,0.02181807760301077,-0.035797885057313614,-5.031221473722894,-0.05903828272828347,0.010312523874578261,-0.0,1.5731849717147552,-2.0072350384323974,39.77136293738751,0.0,-0.0001758665753198931,8.000000000002164,0.0,1.570818310116808,81.0,0.058393968625874405,0.056695013947963835,0.054348379172554404,0.22856428843031815,0.35227387746084665,0.044864735629475676,0.13324625503066484,0.20568385416688015,-34.70387035620057,0.14972337251164144
140.303,-2.0450691692497003,339.1205933226194,5.159,0.04,7.95,0.0,1.571645400955111,-0.019297555528496636,-0.013542207475409275,0.005770793110707873,-2.0318311913317335,40.61117132263096,0.0,-0.12223975451631808,7.9829372632480755,0.0,140.218,0.02848267774868314,-0.0319244234401457,-5.053698622942014,1.5697286325789566,0.021598100609881404,-0.03044646870542452,-5.033496304159797,-0.039455841218795626,0.029867418585739713,-0.0,1.5707281353385958,-2.0072526250899445,40.571362937194486,0.0,-0.00017586657528969503,8.000000000002164,0.0,1.5708183101168043,85.0,0.05925704545088163,0.05732505365123722,0.0542228348331537,0.2296633075858671,0.3527374966368124,0.045250523917798116,0.13353804135700595,0.20678666981821503,-34.65223311204973,0.1504468401825899
140.4,-2.0359801526327033,339.9083946647754,5.16,0.04,7.95,0.0,1.5720219188977518,-0.02566258281476749,-0.00046360353676860904,-0.0020625286104184373,-2.029286066070846,41.24986132031862,0.0,-0.12312389701397082,7.9801476389084485,0.0,140.317,0.02463478951189447,-0.030067392560598247,-5.0354967101501265,1.570278638748522,0.02094044803610675,-0.026852754417131364,-5.0352378488950205,-0.02860392566221135,0.0325104730786272,-0.0,1.5693686974001078,-2.007266694415963,41.21136293704007,0.0,-0.0001758665753571966,8.000000000002164,0.0,1.5708183101168127,83.0,0.05851892020097438,0.0567928117120129,0.05396135495375846,0.22874511055957972,0.3522875366132213,0.044908212984279286,0.13326619744844445,0.20576917634582492,-34.71850407861157,0.14979384835208479
140.5,-2.0359803334526134,340.7072912560904,5.162,0.04,7.95,0.0,1.571443720315818,-0.01950103020382118,0.002670970403188352,-0.008053829084461972,-2.0262900857198076,42.04799698016867,0.0,-0.11824368442629249,7.978554311702962,0.0,140.416,0.015947997445372678,-0.03497431871719748,-5.020295507894016,1.57797914785543,0.010215972439640068,-0.029333082853382403,-5.032348414218511,-0.07160589083701746,0.01918282804504834,-0.0,1.5747623200225653,-2.0072842810734612,42.01136293684707,0.0,-0.00017586657496284537,8.000000000002164,0.0,1.5708183101167634,84.0,0.05830115210911237,0.05667995014424588,0.05386464315218546,0.22844760376802375,0.3521194263907525,0.04481490123116165,0.13317750231182302,0.20543406147099527,-34.735889924062846,0.14956202187476153
140.6,-2.0359805142441587,341.5061878472823,5.163,0.03,7.95,0.0,1.5713602206113306,-0.001889069967091659,-0.015544880008593153,0.011797431951732976,-2.023507802408662,42.84604223590872,0.0,-0.11837100641286845,7.978248099504145,0.0,140.515,0.019689484115768128,-0.027188353798636176,-5.006656545869621,1.5791067336683016,0.007634491625737426,-0.025275074935886474,-5.027684341150474,-0.07604045042547539,0.024513384694102136,-0.0,1.5765697121619506,-2.0073018677309693,42.81136293665408,0.0,-0.00017586657495218723,8.000000000002164,0.0,1.570818310116762,85.0,0.058442904175462655,0.05676846243427945,0.053803428280307125,0.22851172582904966,0.35214205470146565,0.04487182806084352,0.13320929892265712,0.20551287407405716,-34.728988940115556,0.14960228553025498
140.7,-2.0359806924783044,342.2939886517663,5.162,0.03,7.95,0.0,1.572839084607784,-0.0038296321407011646,-0.01574287405938198,0.014372156082991033,-2.0210391552867284,43.64409230949019,0.0,-0.1299447259657401,7.9781684496407195,0.0,140.614,0.01823616392719772,-0.025261938733045247,-4.964454771998754,1.578674407946326,0.005015235521467874,-0.02302505710518707,-5.014029439138724,-0.08090298889911951,0.02458598129949241,-0.0,1.5771793914072034,-2.0073194543884294,43.61136293646107,0.0,-0.00017586657432511766,8.000000000001453,0.0,1.5708183101166837,86.0,0.05852082921821854,0.056735593385870774,0.05375778243780936,0.22841531281126282,0.35209773857671856,0.044876807680675625,0.13320116524295447,0.20543636510906113,-34.72883153232835,0.14953658400700415
140.8,-2.0359808733804385,343.09288524009656,5.162,0.02,7.95,0.0,1.5742684379827718,-0.00285871228658182,-0.012257554685703238,0.012699518740693685,-2.019053064877237,44.44218230932171,0.0,-0.14105597715408782,7.978365210099747,0.0,140.713,0.013223946382997922,-0.023388856446944148,-5.008426142609726,1.5785831979372904,0.0034806632849938898,-0.021649940921951757,-5.01594674167842,-0.06392915633944946,0.022668670934480772,-0.0,1.5763062399245102,-2.00733704104587,44.41136293626806,0.0,-0.00017586657484560582,8.000000000002164,0.0,1.5708183101167488,87.0,0.05848225927550582,0.05672659563060239,0.05372089710860343,0.22837474261005974,0.3520800109482537,0.04486000683857754,0.13318226069567973,0.20538930803706124,-34.73177386281251,0.14950994024868464
140.9,-2.026891851602784,343.88068604476916,5.161,0.02,7.95,0.0,1.5751697621915974,-0.0004184152692847528,-0.0012017191755377401,0.0007870232830311414,-2.017687861350018,45.2403379838163,0.0,-0.14780375973983015,7.978977063152637,0.0,140.812,0.01110794424854157,-0.020751855441449002,-5.01272182376399,1.577009031470467,0.0038436491391919906,-0.01939148660011368,-5.016613423298226,-0.049555612079275724,0.023292637322078313,-0.0,1.5745031362717998,-2.0073546277033696,45.21136293607506,0.0,-0.00017586657485269564,8.000000000001453,0.0,1.5708183101167497,88.0,0.058437896388708055,0.056704657500169266,0.05368716666044111,0.22833081144248182,0.352062569753143,0.04484466053302507,0.1331693274038299,0.20534084359525442,-34.73562092171315,0.14948231167407167
141.0,-2.026892031660779,344.6795826319229,5.16,0.01,7.95,0.0,1.5753788175669055,-0.0012103353130548708,0.005191689991170513,-0.006447964082954263,-2.017003635825943,46.038575959271505,0.0,-0.14891398105166564,7.979928345626093,0.0,140.911,0.013240436377355912,-0.018840449753747948,-5.04681904530793,1.5745367011012332,0.006800741433483961,-0.01695741397376442,-5.0227808978552755,-0.026215292113159858,0.024139263325741567,-0.0,1.5728298089335124,-2.0073722143608594,46.01136293588204,0.0,-0.00017586657505521593,8.000000000002164,0.0,1.570818310116775,89.0,0.0583237981511629,0.05663180036652751,0.05363355243019739,0.22823309276715306,0.3520246126101514,0.04480059782041467,0.13314088791115503,0.2052306463060389,-34.74539696922821,0.14942098499893192
141.1,-2.026892211767958,345.4784792175932,5.162,0.0,7.95,0.0,1.5748780202728252,-0.005020256336894354,0.016361689848621224,-0.010857174041955771,-2.016979559174999,46.836915777497424,0.0,-0.14480594182150672,7.981351306736085,0.0,141.01,0.011676704810834106,-0.014835204354786025,-5.026723859639372,1.5763518665184553,0.005594085747993702,-0.014365263244011349,-5.026310682300862,-0.02264352924284349,0.02555263115883477,-0.0,1.5736354364403686,-2.007389801018348,46.81136293568901,0.0,-0.00017586657496282976,8.000000000001453,0.0,1.5708183101167634,90.0,0.0583292686181175,0.05664117188000175,0.05361055612599035,0.22824559982912204,0.3520300937784659,0.044809049794517226,0.13314524688242824,0.20524136613550387,-34.745706681032644,0.14942974938700615
141.2,-2.035981591141379,346.266280015566,5.164,0.0,7.95,0.01,1.5743270505361744,-0.006993605668001752,0.00989344894501786,-0.004117374717688659,-2.0175282787157522,47.6353923842161,0.0,-0.14072387633478484,7.98316416676416,0.0,141.109,0.014272039414450401,-0.010005384373354187,-5.01935405282862,1.5782208540670928,0.0073995785449793815,-0.008581566154173702,-5.02649420069956,-0.02309298087297939,0.0343526905345799,-0.01,1.5736885983885078,-2.0074073876758596,47.61136293549601,0.0,-0.00017586657560055748,8.000000000002164,0.0,1.5708183101168431,91.0,0.058505611527508675,0.05668358964185259,0.05363629415732087,0.22829375564802912,0.3520482552271307,0.044867504649731375,0.13317831940793223,0.20531835857598818,-34.736938911233516,0.14945994522676273
141.3,-2.0359817720813,347.0651765988721,5.165,0.0,7.96,0.01,1.5741488699011992,-0.011368519636667213,0.007819838123251734,-0.005001838036222604,-2.018546742540984,48.434061877594765,0.0,-0.13916512979893317,7.985537714965498,0.0,141.208,0.01123149194409354,-0.007459821550502357,-5.034160173165227,1.5764427497886497,0.006554403877092397,-0.004639964064202884,-5.026268578034996,-0.027654032702663964,0.028146510283263204,-0.01,1.5742581964781004,-2.0074249743334254,48.41136293530299,0.0,-0.00017586657567871718,8.000000000002164,0.0,1.570818310116853,92.0,0.05848472027021758,0.056652539213981314,0.053638034278112194,0.2282424260351083,0.3520259404595964,0.04485041099569779,0.13316304758950348,0.2052678358343598,-34.73963449385376,0.14942569568071845
141.4,-2.03598195291535,347.8640731826562,5.165,0.0,7.96,0.01,1.574145742985655,-0.007746047636620715,-0.0006610368376981438,0.0008973715692219961,-2.020279832393545,49.39283254815553,0.0,-0.13955718617156931,7.989451836347275,0.0,141.307,0.012138521520101649,-0.005733270734698606,-5.023140851229353,1.5700595664382735,0.010670697712366669,-0.002835675109329053,-5.02420186133179,-0.0046224800426511075,0.02721087392489885,-0.01,1.5713750619252869,-2.007446078322466,49.37136293507136,0.0,-0.00017586657513159927,8.000000000002164,0.0,1.5708183101167845,93.0,0.05846603048500034,0.056683408393386134,0.053641870140384115,0.2282840333346732,0.352043487277273,0.044847722720928525,0.13316083724790673,0.20530007935962868,-34.73931090880795,0.14945323990143428
141.5,-2.035982130971618,348.6518739789825,5.166,0.0,7.96,0.01,1.573993286178682,-0.005156298118041092,0.011234964821336008,-0.009289539532988297,-2.0220851640664135,50.192209405467494,0.0,-0.13543703841763993,7.99363941425691,0.0,141.406,0.010688175276249183,-0.025222153973516917,-5.059208023678751,1.570735611486904,0.011250633049616432,-0.021448315174457555,-5.0336065876037,0.007420811135136077,-0.02371568804426527,-0.01,1.569861278517802,-2.007463664979964,50.17136293487833,0.0,-0.00017586657483848478,8.000000000001453,0.0,1.5708183101167479,94.0,0.058277543666287644,0.056651409289995104,0.053624005395272074,0.22823893532568357,0.35202485402834516,0.04481942263293087,0.13314401793949845,0.20523180783545283,-34.7455441309954,0.14942390382151044
141.6,-2.0359823119162286,349.4507705606644,5.166,-0.01,7.97,0.01,1.572914954568494,0.03441795079638036,0.013069542116200884,-0.013818334659233027,-2.0237092265269703,50.831994250144824,0.0,-0.12894926823771874,7.996768150883757,0.0,141.505,0.017735897999165928,-0.019237205984497713,-5.011808849872595,1.577311033080031,0.01513858354597098,-0.025432908703569568,-5.034663065452143,0.013978250700440818,-0.03698774583597775,-0.01,1.5702948463686102,-2.007477734305931,50.81136293472393,0.0,-0.0001758665743357914,8.000000000002164,0.0,1.570818310116685,95.0,0.05824097553667481,0.05667046241655994,0.053625060251393714,0.22826773118336943,0.3520372027110938,0.04484149276793832,0.1331605747454305,0.20525804696138109,-34.743419678245836,0.14944313057913444
141.7,-2.0359824927549965,350.2496671405459,5.166,-0.01,7.97,0.01,1.5720391520906727,0.03477854237962133,0.012631812203348936,-0.004663809469973057,-2.025862659798891,51.63197431488383,0.0,-0.12183430966347256,7.998876765307851,0.0,141.637,0.02087855680258575,-0.020854210543562436,-4.997509822197361,1.5712163165582798,0.015658736380940227,-0.027668557998714392,-5.031609498512951,-0.003895071567451957,-0.03512979560046148,-0.01,1.5725474653776965,-2.0074953209633444,51.611362934530916,0.0,-0.0001758665743855138,8.000000000001453,0.0,1.5708183101166913,63.0,0.05842400509267695,0.056896031084981,0.05371221425613984,0.22856525150398102,0.35215838049816117,0.044963941033697365,0.13323535281675905,0.20556653906824357,-34.72455629298836,0.14963564909784247
141.8,-2.0359826730880286,351.04856371962796,5.164,-0.01,7.97,0.0,1.5717485048251716,0.022571200464376592,0.0037365031505040337,0.0018972200836960952,-2.028048473514357,52.431990637794065,0.0,-0.12017014166357641,7.998105131104196,0.0,141.736,0.01618068429060596,-0.024430077345631324,-5.066528838160437,1.5675672588556027,0.019760466359360088,-0.02744404218369946,-5.036111612879097,0.02245522013017483,-0.02806478844305893,-0.0,1.5692280427952006,-2.0075129076207663,52.41136293433791,0.0,-0.0001758665745294143,8.000000000002164,0.0,1.5708183101167092,64.0,0.058186065962451954,0.05665148956932213,0.053747448477552154,0.22812169736642418,0.35194373127218864,0.044811929636959125,0.13310505615473128,0.20511276156332786,-34.743430452261585,0.14931867389755202
141.9,-2.035982854037357,351.8474602985464,5.162,-0.01,7.97,0.0,1.5717545553951078,0.009578853111654722,0.012365183702939542,-0.00925301670246302,-2.030193177174791,53.23180857652574,0.0,-0.11944183770738599,7.995359556242203,0.0,141.835,0.025085562612020548,-0.01976301749613977,-4.954005615309564,1.5769821093728056,0.021313798771882164,-0.02429376491336154,-5.02483963865266,0.0024005737874020694,-0.014404817638086875,-0.0,1.571751556884789,-2.0075304942781966,53.21136293414491,0.0,-0.0001758665744103984,8.000000000002164,0.0,1.5708183101166944,65.0,0.058159804930032845,0.05661822853809052,0.053729536818001834,0.22814244356666094,0.3519741451616074,0.044797530562809086,0.13311772213965334,0.20513696994995506,-34.74676035424124,0.14935051462241153
142.0,-2.0359830318775067,352.6463563220309,5.159,0.0,7.97,0.0,1.57132035569777,-0.004230297765333621,0.003947263826005997,0.00013519054978957423,-2.0322234030879707,54.031296667696715,0.0,-0.11604967131847604,7.9918619066318906,0.0,141.934,0.026371326762405098,-0.019517769127191963,-4.991378785928286,1.5767189122719565,0.02213617190272992,-0.02229962447365988,-5.018712947708032,-0.014158280684363839,-0.005837645347463116,-0.0,1.5725740737993743,-2.007548080935617,54.0113629339519,0.0,-0.00017586657436421312,8.000000000002164,0.0,1.5708183101166886,66.0,0.05822999477609702,0.05654601357174221,0.053698242429979136,0.22807586187778717,0.35195434609887505,0.0447791992831509,0.13311425305199245,0.20508672674576095,-34.74858963709017,0.14931378885715424
142.1,-2.045072425120267,353.4452528946782,5.157,0.0,7.96,0.0,1.5716582384801023,-0.009320383414744412,-0.001963313225599533,0.0032546724114413473,-2.034443189268387,54.99022078964893,0.0,-0.12006406149094268,7.987773327210539,0.0,142.033,0.02683279223048054,-0.020349074504989864,-4.985065631989009,1.5744945442835683,0.021752313215632556,-0.019987021816282938,-5.011698322191984,-0.023498486673763214,0.008373273695768901,-0.0,1.5737452873605529,-2.007569184924523,54.97136293372028,0.0,-0.00017586657467152285,8.000000000002164,0.0,1.570818310116727,67.0,0.058297654683630344,0.056614720766250626,0.05365662039195615,0.22823114046551157,0.3520350225175119,0.0448133436198697,0.13315198692214072,0.20523867400573845,-34.745543704457404,0.14942966330931212
142.2,-2.0450726067842453,354.24414946856734,5.156,0.0,7.96,0.0,1.5722122941541041,-0.014670867425780625,-0.0029823808483085894,0.005674200022549975,-2.0358080713604734,55.629273008553184,0.0,-0.1232898548460968,7.985730495981928,0.0,142.132,0.02697229126657982,-0.021729490570319213,-5.012290342499137,1.5759260851636543,0.023144932978904062,-0.020826861336064102,-5.009967087193033,-0.018909870761464505,0.005149017373465625,-0.0,1.573170398540886,-2.007583254250502,55.61136293356584,0.0,-0.00017586657482251318,8.000000000002164,0.0,1.5708183101167459,68.0,0.05832888018442968,0.056666742059284965,0.05364080833595768,0.22829552399120637,0.3520575053130274,0.04483206241536836,0.13316089208151272,0.2052957845601296,-34.7432980644219,0.14946864924263334
142.3,-2.045072788187312,355.04304604223785,5.157,0.0,7.96,0.0,1.5728240868218728,-0.006191591013375199,-0.00129606139754378,0.0021620259885171632,-2.037442386868905,56.42791772461352,0.0,-0.12765804997917124,7.984088404618277,0.0,142.231,0.030098323860295043,-0.017842765012804518,-5.033213988772323,1.5760861863062703,0.023817031113903223,-0.019538126800296353,-5.010442139214462,-0.025413024834808853,0.00810865916264003,-0.0,1.5739856581351306,-2.007600840907964,56.41136293337285,0.0,-0.00017586657434112048,8.000000000002164,0.0,1.5708183101166857,69.0,0.058371744452915125,0.05672480890121407,0.05364935799495561,0.2283547371661367,0.35207583923189634,0.044859415703637204,0.1331730937031606,0.2053539407294286,-34.738787670503605,0.1495023067145026
142.4,-2.0450729673919597,355.8308468287364,5.159,0.0,7.96,0.0,1.5730657349948325,-0.005477978075386107,-0.004807549323046073,0.00460387625041959,-2.039040174983856,57.22645755087213,0.0,-0.12951830395438266,7.983298789458129,0.0,142.33,0.034564978572921304,-0.018043036288118673,-5.037831712734191,1.5750603797356826,0.02605893281056057,-0.019409165574326884,-5.0153252466995735,-0.022248349607912953,0.007734940237888566,-0.0,1.573588624976478,-2.0076184275654123,57.21136293317985,0.0,-0.00017586657453119066,8.000000000002164,0.0,1.5708183101167095,70.0,0.05829084426336461,0.05664207219729325,0.053622973962263724,0.22822959160832448,0.35202106910055014,0.044816718840396584,0.13314345278293277,0.2052248670872739,-34.74612434552152,0.1494181442047246
142.5,-2.0450731519986505,356.62974396179663,5.161,0.0,7.96,0.0,1.5733280890297632,-0.0036473074377958753,-0.00013010370124887829,0.002630122391762694,-2.040950697482795,58.18465494839968,0.0,-0.13157714807223092,7.9830655914995265,0.0,142.429,0.03451641999418661,-0.01577891049856031,-4.969294398367465,1.5784169967218504,0.026834325002827168,-0.016241467738139254,-5.010333280937692,-0.035219498599605936,0.014596272623690787,-0.0,1.575212759729086,-2.0076395315543607,58.171362932948234,0.0,-0.00017586657439085847,8.000000000002164,0.0,1.570818310116692,71.0,0.05833340013758368,0.056644217480551075,0.05361323862482733,0.22823918514603225,0.3520256750423086,0.04482356322695185,0.13314916464630602,0.20523878569292558,-34.74541088757149,0.1494249885703366
142.6,-2.045073333806272,357.42864053284177,5.164,0.0,7.96,0.0,1.573701646705393,-0.0065283029152308925,-0.004686201970342989,0.0059975905664442514,-2.042232662178394,58.82346403301104,0.0,-0.1344984380382822,7.983285709283482,0.0,142.528,0.03495276546416165,-0.014717301169562283,-4.978704758441087,1.5761543093600126,0.027853882432514812,-0.014059200091118856,-5.0066917333786165,-0.028319340823918158,0.01814753183174389,-0.0,1.5743459254671315,-2.0076536008802814,58.81136293279384,0.0,-0.00017586657353465447,8.000000000002164,0.0,1.570818310116585,72.0,0.07393975635352788,0.06743622306924311,0.05588585214998704,0.2444636390520019,0.3590493720590397,0.051352828132727,0.1377549949590835,0.22343043420993872,-33.75110189512363,0.16075080525062924
142.7,-2.0450735155855426,358.22753710376395,5.165,0.0,7.96,0.01,1.5742373336714248,-0.006629689513916659,0.00039896181675419697,0.0034601381053988665,-2.043856157981005,59.62203855789701,0.0,-0.13834883718479807,7.984103874841712,0.0,142.627,0.03569460388222743,-0.014073741177228205,-5.020822548290643,1.5758709156101265,0.02979983780780039,-0.012376979344613029,-5.006739407698774,-0.027109265865689465,0.019272104051099248,-0.01,1.5741937747334833,-2.007671187537635,59.61136293260082,0.0,-0.00017586657349022994,8.000000000001453,0.0,1.5708183101165794,73.0,0.060210790534363234,0.05781845467321664,0.05505019956175692,0.22896530934458453,0.35219853662573836,0.04539707189168393,0.13331299515300857,0.2063010083669387,-34.56032909729695,0.14978504430512904
142.8,-2.0541629128077687,359.02643367214284,5.167,0.0,7.97,0.01,1.5744132379211973,-0.005669113059148834,0.0038208937959935295,0.0012880505088369901,-2.04551189334765,60.420740955981266,0.0,-0.1397376726318711,7.985621789214039,0.0,142.726,0.03543673690407921,-0.015367706302451462,-5.065769970118279,1.5719499474933387,0.032415741817068196,-0.014105961371863894,-5.018660690362594,-0.013440907546242203,0.0050046316730911755,-0.01,1.5724817044768817,-2.007688774194965,60.41136293240781,0.0,-0.00017586657322201567,8.000000000002164,0.0,1.5708183101165458,74.0,0.058537178447759214,0.05669330043452137,0.05451476785832102,0.22829294007849565,0.3521184999876299,0.044868721139676375,0.1331887112332976,0.20547013094934924,-34.69077122630268,0.14951009143311925
142.9,-2.0541630929396035,359.8142344549168,5.169,0.0,7.97,0.01,1.5742454953168072,0.0038952508064268856,0.010695904332842008,-0.009587419786417792,-2.0471814380655324,61.21962389934311,0.0,-0.1378025724728517,7.987616071245251,0.0,142.825,0.04180144242388983,-0.006977632917645277,-5.028027095261127,1.566831368561447,0.0393513608208888,-0.009792664806432507,-5.0276328073396925,0.02190812933996422,0.016098845891528768,-0.01,1.5680530506589898,-2.007706360852269,61.21136293221481,0.0,-0.00017586657288273151,8.000000000002164,0.0,1.5708183101165034,75.0,0.058348329397659895,0.056646458623449775,0.05417624227198827,0.2285991352407312,0.3522836124666198,0.04483409306531606,0.13323678516935364,0.2056718591133848,-34.71757240642285,0.14974365906243048
143.0,-2.0541632783062482,360.6131315895261,5.172,0.0,7.97,0.01,1.5731898728434481,-0.002831620895975414,0.02464638383680376,-0.02134628064261371,-2.0487935141507307,62.018705876841054,0.0,-0.12886002874043131,7.989879477430792,0.0,142.924,0.040575940748290885,-0.004623175476856423,-4.995671187588584,1.5738691952592951,0.040156243517973256,-0.004141217658772472,-5.024911046770271,0.007423126571242022,0.02814395203022002,-0.01,1.5698682209137842,-2.007723947509553,62.01136293202178,0.0,-0.00017586657304438,8.000000000002164,0.0,1.5708183101165236,76.0,0.05848960791109256,0.05670987341937159,0.05397948757327172,0.22868205633446392,0.3522796760398514,0.044857851635818645,0.13324523900946725,0.20571380266768025,-34.72173983616234,0.1497677033781907
143.1,-2.0541634611063557,361.4120281576594,5.172,0.0,7.97,0.01,1.571653699388497,-0.010776484443366176,0.011238497383890269,-0.012490897211091355,-2.0501990192158726,62.81799586113015,0.0,-0.11727600830971077,7.992394862399333,0.0,143.023,0.044884997311992476,-0.0011922694178220505,-4.986836526307115,1.579195005085911,0.03938522757141,0.0006747011342901283,-5.01920352105067,-0.021454074140997363,0.03589932790363104,-0.01,1.573476103532888,-2.0077415341668368,62.81136293182878,0.0,-0.00017586657279569003,8.000000000002164,0.0,1.5708183101164925,77.0,0.058725261580501995,0.05682491540054725,0.0538978549506193,0.2287207679756058,0.35225255405400335,0.04491646071513014,0.13325718233672237,0.20575272275467152,-34.71348009561327,0.14975840302400534
143.2,-2.0541636396630594,362.2109241570864,5.169,0.0,7.98,0.01,1.5715580959829987,-0.015039661334859808,-0.00537016992297559,0.0056918317700502315,-2.0512664357440467,63.61754998932278,0.0,-0.11681205550712125,7.9954408151687355,0.0,143.122,0.04443414174972034,-0.0004632571662209206,-4.99705732071477,1.5716471789712643,0.039600601468796376,0.0031260257664779056,-5.01661143441209,-0.020688476996432954,0.02729952913643885,-0.01,1.5733800231941524,-2.007759120824108,63.61136293163577,0.0,-0.00017586657279924274,8.000000000002164,0.0,1.570818310116493,78.0,0.05862415542885472,0.05675066521347416,0.05381599272766275,0.2285032602181264,0.35213599155966,0.04487179049060684,0.13320712888257333,0.20552470392417133,-34.724642957123955,0.14959495358591018
143.3,-2.0541638222514393,363.00982072199855,5.168,0.0,7.98,0.01,1.572295591063101,-0.00757274858472293,-0.003453545654475347,0.0023683893055507946,-2.0520837590728718,64.57750531410846,0.0,-0.12379224632590452,8.000217249839539,0.0,143.221,0.04540290701023863,0.0005743546093462254,-5.020706831901514,1.5717937772739452,0.04386116593354769,0.0037442175919807346,-5.016666521833232,0.0028482571468586527,0.025011941790705094,-0.01,1.570440517578449,-2.007780224812878,64.57136293140462,0.0,-0.0001758665735792196,8.000000000009269,0.0,1.5708183101165905,79.0,0.058574775758927694,0.056741703095817386,0.053761928027589945,0.22843345124607614,0.35209962485003443,0.04485918369791979,0.1331886512036614,0.205448520769889,-34.729493439272886,0.1495438066802477
143.4,-2.054164004334112,363.80871728535186,5.166,0.01,7.99,0.01,1.5724548621245216,-0.0026847443750059735,0.00783454524399778,-0.007782823437467227,-2.052370181045476,65.21784487202115,0.0,-0.12290795513472962,8.004137773648294,0.0,143.32,0.04591290822283121,0.002642310433669706,-5.045410773900777,1.5739483539900563,0.04383952069669471,0.0038907976672399036,-5.022102654189032,-0.013697099598220934,0.014705390917363559,-0.01,1.5712581925544444,-2.0077942941387654,65.21136293125075,0.0,-0.00017586657317065753,8.000000000009269,0.0,1.5708183101165394,80.0,0.058483493484962325,0.05666482822649207,0.05370031123216155,0.22829747995733474,0.35204283318714513,0.04481903633384859,0.13315743140820877,0.2053084885050029,-34.73842896908941,0.1494551330874736
143.5,-2.0541641870330665,364.60761384854146,5.164,0.01,7.99,0.01,1.5720030634573219,0.0020418312953735425,-0.0012276107112281645,0.0016711074897324855,-2.052386539841579,66.17896051201294,0.0,-0.11975591990372092,8.01026189595976,0.0,143.419,0.04795815315073911,0.00497923000520957,-5.037406408241719,1.5682289757316286,0.04669760765896418,0.00585215055687884,-5.024882254791933,0.0058074040534318045,0.018726315177531205,-0.01,1.5688225568214935,-2.007815398127538,66.1713629310198,0.0,-0.00017586657296628276,8.000000000005006,0.0,1.5708183101165138,55.0,0.049628756283985095,0.049893011832376294,0.05315735749801728,0.21598254333483236,0.34626497710473325,0.04011835513204476,0.12931157694217105,0.1926568904806689,-35.384742548254394,0.14106865481661968
143.6,-2.054164369303834,365.40651041071044,5.161,0.01,8.0,0.01,1.571556190555219,0.0013441763468123936,0.010771298703084827,-0.008382036500108398,-2.052093664353247,66.82010957028552,0.0,-0.11565559883130341,8.014329809629338,0.0,143.518,0.04613227619212234,0.0068601905005112734,-4.998370609684563,1.5720423881469527,0.04690733519261295,0.0076451094615400655,-5.0249997161613535,0.005001223062742732,0.012385064771635257,-0.01,1.568924074598653,-2.0078294674533494,66.81136293086588,0.0,-0.00017586657271410257,8.000000000007848,0.0,1.5708183101164823,82.0,0.05589350026800794,0.05447913931316305,0.05483039451743183,0.22341566966124277,0.34950610576830204,0.04317519993160479,0.13157833187123624,0.2003444668821064,-34.86089153413147,0.14581205791154106
143.7,-2.0541645485960203,366.2054063955273,5.157,0.02,8.0,0.01,1.5705738707063739,0.001832976894151727,0.005189298591890737,-0.013357256586736128,-2.051141468917893,67.7824273225029,0.0,-0.10685680826825049,8.020388526534813,0.0,143.617,0.04218129617848453,-0.015544713966264584,-5.031641345553792,1.5753463239106509,0.04100981899508584,-0.011073764163907512,-5.025806908959504,-0.030173309738609835,-0.03393741293119579,-0.01,1.5720734074224647,-2.0078505714420722,67.77136293063495,0.0,-0.0001758665729058554,8.000000000003585,0.0,1.5708183101165063,83.0,0.05784727423268647,0.05619168360216784,0.0543882285093381,0.22795176884299437,0.35191904372518934,0.04455441217770704,0.13311487873901637,0.20497558068388746,-34.73784589478006,0.14918158289355532
143.8,-2.0541647310548967,367.0043029546133,5.153,0.02,8.01,0.0,1.5704536334113237,0.03605691765160514,-0.01264872262111814,0.005270068198657972,-2.0501388422922604,68.42433641955013,0.0,-0.1073478135480797,8.023546749651416,0.0,143.716,0.04376822721257034,-0.0129440221693701,-4.9747416674330855,1.5761785432222624,0.037813060726813175,-0.018378456495903785,-5.017334491712587,-0.04341453035259743,-0.05150354538193014,-0.0,1.5737383979422606,-2.007864640767902,68.41136293048105,0.0,-0.0001758665728935146,8.000000000007848,0.0,1.5708183101165047,84.0,0.058209121681950506,0.05664956027883093,0.05409277912408079,0.22884478975729655,0.3523720372281716,0.04480679430923582,0.13335084675187756,0.20584959084524174,-34.721969101418566,0.14984501227234182
143.9,-2.0541649129305313,367.8031995142605,5.152,0.03,8.01,0.0,1.5712644564944807,0.03793751762333583,-0.017117933701622144,0.009281777165306742,-2.0485231824065764,69.22698524370772,0.0,-0.11383215485809396,8.025200379191778,0.0,143.815,0.043784935670720726,-0.014001689898248959,-5.013122601403659,1.5725956465454451,0.03657947543199479,-0.021140174619565216,-5.013442961961324,-0.041381651032803404,-0.04652389842945137,-0.0,1.5722255573391801,-2.0078822274251586,69.21136293028864,0.0,-0.00017586657219721398,8.00000000000927,0.0,1.5708183101164177,85.0,0.058529851546676205,0.056953280842603794,0.05401644884800188,0.22907878411175908,0.35246284912784553,0.04498615569346701,0.1334120802015068,0.2061168831601717,-34.704728136394266,0.1500043531481631
144.0,-2.054165095655037,368.6020960708018,5.152,0.03,8.01,0.0,1.5719948484937216,0.022583609200813187,-0.009195512182417672,0.0029366148781251817,-2.0462242736602465,70.1901719875393,0.0,-0.11925993024317222,8.023465719152275,0.0,143.914,0.044539086313182444,-0.016958826362966084,-4.989176820614068,1.5755310735046282,0.03427641736736331,-0.023176325259909793,-5.004515508649007,-0.053851205090551066,-0.04060799877094645,-0.0,1.573789169144005,370.18899999968255,5.451184284948814e-10,0.0,7.999999999969987,9.560210579218468e-12,0.0,1.1950263224067917e-12,86.0,0.058665245529650356,0.056988396181655326,0.053975803117054806,0.2289158305706666,0.35238677223760106,0.04501115782313654,0.13336549898605518,0.2059939310368144,-34.70199971444093,0.1498999043362252
144.1,-2.054165280639637,369.41208841237136,5.152,0.03,8.0,0.0,1.5722947535712761,0.009815479582899574,-0.007783096820518395,0.007712770790621747,-2.044567494636999,70.8321030967866,0.0,-0.12163352044943045,8.020753587045707,0.0,144.013,0.038629980612102294,-0.023864553354368274,-4.978157626294485,1.5747243339963652,0.030034023413280375,-0.02826584641166608,-5.003637643680591,-0.054185920257712905,-0.03666555738259358,-0.0,1.5738334773837632,-2.007917400739496,70.81136292990382,0.0,-0.00017586657087024417,8.00000000000785,0.0,1.5708183101162518,87.0,0.058486169478142454,0.05682289357120439,0.053891157650323714,0.22858095316949378,0.3522531298008389,0.04492253415293688,0.13327203859526843,0.20566472007934397,-34.71905085364054,0.14969269382873912
144.2,-2.0541654631524153,370.2109849672105,5.151,0.03,8.0,0.0,1.5729455603894333,0.006485927919212204,-0.009068401962742898,0.006872300633715814,-2.042450124948453,71.63416816143554,0.0,-0.12654167349619144,8.016351155560406,0.0,144.112,0.03562710312468121,-0.026936747900466393,-4.977099396158498,1.5727635905696222,0.03210185431137776,-0.03153375055581958,-5.000628763831143,-0.027483527035576823,-0.03608180200403677,-0.0,1.5704803425245781,-2.0079349873965584,71.61136292971132,0.0,-0.00017586657013664005,8.00000000000927,0.0,1.5708183101161601,88.0,0.05825168293955884,0.056593060491659214,0.05379033176264387,0.2281978047721521,0.35208777176143685,0.04478286417644053,0.1331531484900361,0.20526473585565677,-34.74139629834906,0.1494425379969037
144.3,-2.045076417317574,371.0098815241553,5.151,0.03,7.99,0.0,1.5729913330313305,0.006029440631080684,0.004162735031434717,-0.008296296874241613,-2.040358324151822,72.43577861107137,0.0,-0.12623699318141698,8.011605529763903,0.0,144.178,0.031402833967301785,-0.01869941133277999,-5.009453269274237,1.576419035034592,0.025108561168694782,-0.027704670381241137,-5.001562118004594,-0.046742947893150845,-0.01044783778788716,-0.0,1.5728945552395712,-2.0079525740535757,72.4113629295189,0.0,-0.00017586657017917888,8.000000000005008,0.0,1.5708183101161655,72.0,0.05842439959706759,0.0566596426227197,0.053733762015528735,0.228327926260485,0.35215605781330467,0.04484379787383603,0.13319706183531635,0.20541099720508527,-34.73594967343196,0.14954498590099435
144.4,-2.0450765988189232,371.8087780762565,5.152,0.03,7.99,0.0,1.5724039727963994,-0.012588393050015925,-0.01258137516150284,0.0006835123060868173,-2.038317434420927,73.23689664205529,0.0,-0.12147830193445978,8.006837805930363,0.0,144.277,0.03551706763362958,-0.014688906426128953,-4.964084751430043,1.5757332572471325,0.024095152382406067,-0.018998021604672996,-4.997218687775836,-0.04579155709470158,0.013474842370456486,-0.0,1.5727694118502251,-2.0079701607105993,73.21136292932653,0.0,-0.00017586657087024417,8.00000000000785,0.0,1.5708183101162518,73.0,0.0636356504866828,0.060279125223888765,0.05551275485081913,0.23230586861303057,0.35359869355673995,0.046685630506266895,0.13411080749785897,0.209928044362331,-34.33175228293793,0.15199934343851645
144.5,-2.0450767806142522,372.60767462859405,5.153,0.03,7.99,0.0,1.5726103897348531,-0.025081199084604856,-0.009630447180699754,0.0015151016522921236,-2.036349573646699,74.03755397585846,0.0,-0.12302051532022396,8.00268502313272,0.0,144.409,0.03153017508876671,-0.01772485037711219,-4.98403708924533,1.5707577972832936,0.0269625356894128,-0.016001656963090388,-4.994417070132286,-0.024362960684036247,0.019421485618959622,-0.0,1.5700925258530505,-2.0079877473677303,74.01136292913414,0.0,-0.00017586657164118304,8.00000000000785,0.0,1.5708183101163482,91.0,0.06489506560249413,0.06100868503179684,0.05687526694000265,0.23248736090802788,0.35358305763894005,0.04702224663508438,0.13417535439726008,0.21045369421588023,-34.19347717727031,0.15203632809602102
144.6,-2.0450769618263394,373.4065711807333,5.153,0.03,7.98,0.0,1.5723414911797755,-0.021552249969391597,0.0009846541467828918,-0.010269294601909819,-2.0341423994661394,74.99794511344614,0.0,-0.1190304454646429,8.000335095155876,0.0,144.508,0.027319688877396386,-0.0187113630732681,-5.000678407466611,1.568893569792355,0.023182825279911473,-0.015159355169249569,-4.9902818996198235,-0.037655260469545884,0.0280428496257894,-0.0,1.5717522729956623,-2.0080088513563146,74.97136292890329,0.0,-0.00017586657169628135,8.00000000000927,0.0,1.570818310116355,92.0,0.059194823877429456,0.05700894401054387,0.05572623845858646,0.2285153479838447,0.352300967935584,0.045038221581249455,0.1332623196464953,0.20598198403711387,-34.59652242816445,0.1497125487955906
144.7,-2.045077143732243,374.2054677317281,5.154,0.02,7.98,0.0,1.571865326320056,-0.01643171701463301,-0.007959446920846568,0.00015014097526687512,-2.0327664134704233,75.63811993230028,0.0,-0.11650560983320353,8.000282460759728,0.0,144.607,0.02713041749762327,-0.021570451081831907,-5.015451301098931,1.5704496151162157,0.022880990673634055,-0.017758218002859656,-4.9920534103253775,-0.020279397254545337,0.01713242634909573,-0.0,1.5708312639748176,-2.0080229206820377,75.61136292874943,0.0,-0.0001758665712948247,8.00000000000927,0.0,1.570818310116305,93.0,0.0586474661457998,0.056810700840177794,0.05499419193455458,0.22919015251244865,0.35270160836368186,0.044927347556506625,0.1333740854967757,0.2064250059533814,-34.662606892850135,0.1502605797849372
144.8,-2.0450773251324392,375.0043642811641,5.153,0.02,7.99,0.0,1.571768098862611,-0.0024637124523709253,0.001749656559313277,-0.0024362217756024687,-2.031139837661342,76.43838402500478,0.0,-0.11554226203752527,8.001253916051423,0.0,144.706,0.026218673525256024,-0.020112866263752083,-5.005066759450521,1.5719151741986455,0.022882290865209542,-0.021719734070015942,-4.997202378642854,-0.012590218426603694,-0.00017845157020257574,-0.0,1.5698689244237474,-2.008040507339151,76.41136292855714,0.0,-0.00017586657093777698,8.00000000000927,0.0,1.5708183101162603,94.0,0.05851526413683822,0.05681285758646846,0.054517344149763024,0.2292702008646628,0.352661816323031,0.044900429870049566,0.13335810896193054,0.20635949326248748,-34.69143221803321,0.15025728349738954
144.9,-2.0359882716325615,375.8032608309379,5.153,0.02,7.99,0.0,1.5713598547761818,0.010270768444244651,0.006569312249876992,-0.00702486267538372,-2.029602837726358,77.23876860828449,0.0,-0.11234700223799182,8.002602931977654,0.0,144.805,0.02406415918674375,-0.02058108490987849,-5.01409238563897,1.5713816589012122,0.022321023791213333,-0.020946476659924752,-5.000309344533017,-0.012206026336186735,0.002715858218187428,-0.0,1.569821192518679,-2.008058093996267,77.2113629283647,0.0,-0.00017586657140670394,8.00000000000785,0.0,1.570818310116319,95.0,0.05841017314868001,0.056724504037724194,0.054164701063624476,0.22894368899929962,0.35242997575594015,0.04482816944425977,0.13327102156337126,0.20595606303510477,-34.71635924225695,0.1499668297451872
145.0,-2.0359884519438225,376.602157378237,5.154,0.02,7.99,0.0,1.5708892394057496,0.005351143362201321,0.001234867779710984,-0.00600343450587682,-2.0281082952544143,78.0392548845759,0.0,-0.1085889147923824,8.00348261625974,0.0,144.937,0.01943866130674102,-0.02646914444973826,-5.016023498291066,1.5659772678562491,0.02070838997964642,-0.024206478845018642,-5.002368360315785,-0.005729245116545791,-0.005300927120464927,-0.0,1.5690090659904297,-2.008075680653437,78.0113629281723,0.0,-0.00017586657185260075,8.00000000000927,0.0,1.5708183101163746,63.0,0.058467922586927304,0.05677487150234653,0.05397605612300938,0.22879260116622413,0.3523015311603789,0.04485641221644379,0.13325067256288273,0.2057855613020796,-34.72185420341152,0.14981577865211415
145.1,-2.0359886331039263,377.40105392470866,5.155,0.02,7.99,0.0,1.5705607150619638,0.011783365842268122,0.0015403976934931717,-0.007649489645125098,-2.0266137035412544,78.83978031731205,0.0,-0.10566881451212248,8.003659390259125,0.0,145.003,0.021009563199284004,-0.023652669179832837,-5.007918086525548,1.570176372821815,0.018543990394387463,-0.025693841334350508,-5.005447128763876,-0.011000322869732246,-0.006906658080309214,-0.0,1.5696689851827863,-2.0080932673106338,78.81136292798001,0.0,-0.00017586657189523332,8.00000000000927,0.0,1.57081831011638,97.0,0.057915755049508064,0.05633514843407106,0.053803212044496576,0.22788467212917626,0.35184568713950687,0.04457916234470828,0.13300110242456786,0.20482607556994867,-34.76717956208075,0.14915692697302743
145.2,-2.0359888139255986,378.19995047118283,5.156,0.02,7.99,0.0,1.5700440155949928,0.008678243713270173,-0.004049147744054083,-0.003153015730462947,-2.02509845354826,79.640279260938,0.0,-0.10150945814598515,8.003193164090629,0.0,145.135,0.018887945356435756,-0.025599145474158834,-4.996455665303002,1.5707917943211496,0.017732210180948234,-0.026715146353802066,-5.006231984747622,-0.010504783630191014,-0.007290905672399539,-0.0,1.5696068544266162,-2.008110853967831,79.61136292778771,0.0,-0.0001758665719023075,8.00000000000785,0.0,1.5708183101163808,65.0,0.05834204903478594,0.05667115931501305,0.053738305166035345,0.2283892042791816,0.35208944455083985,0.04480320803546778,0.13317459560363565,0.20537462638566087,-34.740311265012565,0.14951812865407757
145.3,-2.035988994319098,378.9988470162566,5.156,0.02,7.99,0.0,1.5699094311592656,0.007278615247962787,-0.0022557622987778663,-0.004245506720735582,-2.023564558590933,80.44067852630178,0.0,-0.10041395117882702,8.001903381400627,0.0,145.234,0.02146098864606134,-0.025892578803333663,-4.953736890194076,1.574916947670774,0.01698034097469745,-0.02714158105262792,-4.997196363032884,-0.018464353011022467,-0.0061074823318305604,-0.0,1.570603983653172,-2.0081284406250264,80.4113629275953,0.0,-0.00017586657204263968,8.00000000000785,0.0,1.5708183101163984,66.0,0.0582485970994553,0.056560000696448356,0.05368328471322763,0.2281304870887855,0.3519675487540533,0.044749574717548334,0.13311064688378046,0.20511947106696174,-34.75064941291344,0.14933817745824482
145.4,-2.035989175084083,379.7977435602064,5.157,0.02,7.99,0.0,1.5699861126511845,0.004321172052207839,-0.0013337057310255948,0.0009488207652419304,-2.0220320163147503,81.24091220021306,0.0,-0.10109330744017049,7.999990775054629,0.0,145.333,0.016488298219255747,-0.026848763111332885,-5.011798636713706,1.5717195442974712,0.013823474002124584,-0.027374914540973364,-4.995189655217443,-0.028467653741070194,-0.004775448446002528,-0.0,1.5718567416288816,-2.0081460272822578,81.21136292740283,0.0,-0.00017586657303200797,8.000000000005006,0.0,1.570818310116522,67.0,0.058351180317559335,0.05663590475998288,0.05365023857910774,0.22824876406844186,0.352033729318633,0.044807749900535064,0.13315287979807053,0.20525350277845353,-34.74545932659728,0.14943122875052484
145.5,-2.0359893557431974,380.5966401027355,5.156,0.02,7.98,0.0,1.5703937645619757,0.0016312367992618781,-0.007769130376531775,0.0010032168534505688,-2.0205266953154046,82.04093011502648,0.0,-0.10427804034762846,7.997601433679678,0.0,145.432,0.014401803646305892,-0.026878533090508985,-5.002629078119555,1.5755552824788077,0.01013276036575789,-0.026861488438015224,-4.997581259990085,-0.03966845195134011,0.0058312289638804415,-0.0,1.573259240374982,-2.0081636139395544,82.01136292721048,0.0,-0.00017586657328786583,8.000000000007848,0.0,1.570818310116554,68.0,0.058050538150257264,0.0563815448428679,0.05360076369439062,0.2278039235133148,0.3518237563544906,0.04464251647525816,0.133013593500359,0.20478193888359128,-34.76916576304132,0.14911959815510853
145.6,-2.0359895366962917,381.39553664398204,5.155,0.02,7.98,0.0,1.5711001144107453,-0.004766744312885264,-0.013474014651250775,0.007479321499626254,-2.0190993489113627,82.84070916493522,0.0,-0.10976394864259054,7.995067443487493,0.0,145.531,0.016347375712742248,-0.02776153344587487,-4.971098716629701,1.5790394441371907,0.006291117228662121,-0.027210311039750107,-4.994865373131345,-0.060594728535003736,0.0040779510027277865,-0.0,1.5758807434269473,-2.008181200596883,82.81136292701808,0.0,-0.00017586657314223582,8.000000000009269,0.0,1.5708183101165358,69.0,0.05835932916231952,0.056589707955024486,0.05360009414568293,0.228180624143993,0.3520119847932503,0.04479861674280237,0.13314170243905465,0.20519364010240096,-34.748838313571355,0.14939367069160822
145.7,-2.035989717543501,382.19443318456734,5.154,0.02,7.98,0.0,1.572158601428617,-0.003470072975614448,-0.018040765046341344,0.014346700269243236,-2.0178468617594074,83.64025999705736,0.0,-0.11831451060392027,7.992680756435142,0.0,145.63,0.01151795664995759,-0.029182665778244007,-4.972208284580672,1.5736839741050248,0.004224710976842896,-0.02905687966895288,-4.991098071925144,-0.05260950499931456,-0.0009088619437509493,-0.0,1.5748831736404165,-2.0081987872542104,83.61136292682565,0.0,-0.00017586657331276608,8.000000000009269,0.0,1.5708183101165571,70.0,0.05830847787394285,0.056535414484466896,0.05360920852160869,0.22805083793574124,0.35194290469285994,0.04476622010902227,0.13310095600548338,0.20506095072048414,-34.75205898232616,0.14929647404031235
145.8,-2.0269006586272837,382.99332972643765,5.153,0.01,7.98,0.0,1.5734506352480988,0.00098849135139329,-0.0095961264489855,0.009133847930847233,-2.0169076740864362,84.43961185086246,0.0,-0.12807162489461982,7.990539804755606,0.0,145.729,0.012495733847733706,-0.030747397675761783,-4.960345862859705,1.579770411310053,0.004386101147341415,-0.03115069434387449,-4.987832828828264,-0.04345836023521643,-0.005665658856847777,-0.0,1.574992058058246,-2.0082163739115715,84.41136292663329,0.0,-0.00017586657388475298,8.000000000009269,0.0,1.5708183101166286,71.0,0.058503540100746695,0.056704196953752097,0.05363748160172507,0.22831260769246473,0.35206349530414477,0.044861467644856386,0.1331723289776468,0.20533778163075092,-34.73595772568187,0.14947832058558114
145.9,-2.0269008361460266,383.7811304805356,5.152,0.01,7.98,0.0,1.5738142170619707,0.0031699791134579543,-0.00023200511222945636,0.0005516258592205641,-2.016396167757288,85.23877881267249,0.0,-0.1309901073074898,7.988637953439921,0.0,145.828,0.010778470154609813,-0.03005058226938763,-4.936865861908087,1.581925967243652,0.0002459138049780852,-0.03138488165599478,-4.97849468319829,-0.06864670613106107,-0.0050332195407474245,-0.0,1.5781500438187668,-2.008233960568916,85.21136292644091,0.0,-0.00017586657349392322,8.000000000007848,0.0,1.5708183101165798,72.0,0.058409443519826895,0.056656814789978846,0.053625548015570304,0.22823781483505892,0.3520309552649851,0.04483096994168635,0.13315085173884736,0.20525461592456554,-34.74153932831711,0.14942851621488004
146.0,-2.0359902573001705,384.5800270163706,5.153,0.0,7.97,0.0,1.5746741218634435,0.0031609680550800765,-0.01237203139521761,0.01622443139406801,-2.0164286300416734,86.19751316976279,0.0,-0.14014481609069163,7.985868907983447,0.0,145.927,0.011270504685893593,-0.030078624122221273,-4.93456788450744,1.5821310121619,-0.0018773696819733097,-0.029696121427766536,-4.969955307368963,-0.0717503023360617,0.006329088868514354,-0.0,1.5797914881467616,386.18899999962207,5.763129972993236e-10,0.0,7.999999999972829,2.947731599639597e-11,0.0,3.68466449956201e-12,73.0,0.058316788475432924,0.05661511437367861,0.05359994823437319,0.22819134477000297,0.3520124307288091,0.044802779589107146,0.1331347203516638,0.20519525748193343,-34.74811390468933,0.14939900297216746
146.1,-2.035990438046227,385.3789235531516,5.152,0.0,7.97,0.0,1.576035662149314,-0.005594111384520157,-0.010286838094203008,0.015340537909252909,-2.0170846932595667,86.996216213706,0.0,-0.15158869867887956,7.98334659395935,0.0,146.026,0.00770348165018105,-0.023185416027003414,-5.000623303605736,1.572130462641426,0.0019347013369598693,-0.025961446805583398,-4.9716858431356545,-0.03212684564421101,0.01478436242441905,-0.0,1.5748198133193414,-2.008272651214928,86.97136292601756,0.0,-0.00017586657172641694,8.000000000006429,0.0,1.5708183101163589,74.0,0.05845584300677775,0.05670493678180368,0.05361479966732691,0.22831537256539042,0.3520615069544009,0.04484642279538079,0.13316290902055072,0.20532585818546323,-34.7385763379051,0.14947819259025213
146.2,-2.035990619008757,386.177820089251,5.151,0.0,7.97,0.0,1.5768357776713111,-0.009494499905373625,0.007927786087942484,-0.005983008737352873,-2.018074488486189,87.63503242441249,0.0,-0.15406892034114314,7.981930594059774,0.0,146.125,0.012168809453510395,-0.009197103775962917,-4.944908741006912,1.581285805690229,0.00161580650577417,-0.009230397886039878,-4.968848950772829,-0.046998893962872115,0.05296517623712749,-0.0,1.576654305151523,-2.0082867205406782,87.61136292586366,0.0,-0.0001758665728136098,8.000000000009269,0.0,1.5708183101164948,75.0,0.058555263467903566,0.05671498330528372,0.05361259886345823,0.2283185379221163,0.35205937721465064,0.04482965219843869,0.1331495583080589,0.20533328140553297,-34.737438890257835,0.14947736732948713
146.3,-2.0359907994655515,386.97671662455093,5.151,-0.01,7.97,0.0,1.5762712816384177,-0.03473331025459502,-0.000352509686006324,-0.0036999136575410403,-2.019879256668123,88.43343370745657,0.0,-0.15001231592073788,7.981369659622452,0.0,146.224,0.01565397961812388,-0.028679482435243812,-4.95660972984953,1.5826289203307604,0.005619810643842543,-0.014151453733250958,-4.967958011335899,-0.02922441743909026,0.029565515290433275,-0.0,1.575699605981399,-2.008304307197991,88.41136292567137,0.0,-0.0001758665735632324,8.000000000009269,0.0,1.5708183101165885,76.0,0.058644743431474605,0.05668718499963021,0.053623603612624554,0.22828317598236025,0.35204466161983894,0.04484206249615169,0.13315711164721974,0.20531841290248876,-34.73660195249012,0.14945417755292623
146.4,-2.0359909779114815,387.76451737340534,5.151,-0.01,7.97,0.0,1.5765157514859476,-0.010323102597424296,0.011197430855389125,-0.0010623225105107848,-2.0222624457360214,89.23186317824997,0.0,-0.1513460844061983,7.982601262922919,0.0,146.323,0.015648707699619135,-0.023413690851575485,-4.940884350682587,1.5815643894239035,0.0057277879822888785,-0.020650705717208638,-4.963460177808685,-0.045512582082527044,0.007900827474601968,-0.0,1.5777545088249245,-2.0083218938553324,89.21136292547901,0.0,-0.00017586657323638273,8.000000000009269,0.0,1.5708183101165476,77.0,0.058583608175509644,0.056878075969348775,0.05370472253025105,0.2285403127412271,0.35214968318495865,0.044936274375657094,0.1332121894210542,0.2055561819751277,-34.72494101017987,0.14962087451131473
146.5,-2.0359911588787156,388.563413907121,5.152,-0.02,7.97,0.0,1.5765221506033578,0.012401338218490788,0.001141317361065858,0.005712043315063394,-2.0251701226111383,90.0304892492477,0.0,-0.15159682490714074,7.985006527035264,0.0,146.422,0.018231840748994668,-0.026294341141027508,-5.050771711014182,1.5651146163529979,0.01500072635250908,-0.025144267730996796,-4.9744920469178915,0.013691031340864333,-0.005176470792764398,-0.0,1.5715884306395738,-2.0083394805126424,90.01136292528659,0.0,-0.0001758665729751958,8.000000000006427,0.0,1.570818310116515,78.0,0.058459202834409175,0.05668409110470243,0.053688451087582384,0.2282666088190455,0.3520355319145311,0.044864398148537384,0.13316654764356603,0.20529381842521513,-34.735917092091285,0.14944116929774504
146.601,-2.035991339740079,389.3623104397958,5.151,-0.02,7.97,0.0,1.576366387834076,0.0198718329053935,0.031040874524118196,-0.016618394674743017,-2.02925295902303,90.98911104867778,0.0,-0.14678354580751263,7.9871756894130215,0.0,146.521,0.021459998442901484,-0.022322093322052067,-4.984108574105317,1.5726534337919786,0.022983896644589323,-0.024778473965588937,-4.982365319327009,0.04110288371106882,-0.003694371340181135,-0.0,1.5681473154045174,-2.008360584501435,90.97136292505567,0.0,-0.0001758665736342554,8.000000000007848,0.0,1.5708183101165973,80.0,0.05864055520850106,0.056912774763861834,0.053720533001064344,0.22864431943344782,0.3522049513829256,0.0449817252945194,0.13325836654716064,0.20567137476552433,-34.716638293069664,0.14969682837821902
146.7,-2.0450807700593856,390.1612069684962,5.15,-0.02,7.97,0.0,1.5744097924933325,0.01324930615788426,0.03535414690259505,-0.027967077761920683,-2.0329402186411616,91.78805093400449,0.0,-0.12941264178595685,7.987795084935576,0.0,146.62,0.022217592685500345,-0.018799119024828836,-4.976688581215408,1.5764992141676841,0.021178779918254752,-0.021888690722690188,-4.981086596493473,0.006494813409527974,0.004056107726183811,-0.0,1.5724899659535883,-2.008378171158804,91.77136292486328,0.0,-0.00017586657401620338,8.000000000009269,0.0,1.570818310116645,80.0,0.058679206468764664,0.05681921927608594,0.05374532952266244,0.22847870011928684,0.35212640598353995,0.04497022836449062,0.13324094056931984,0.20553122527848267,-34.719383294037215,0.14958226360986848
146.801,-2.0450809455722805,390.949007099484,5.149,-0.02,7.97,0.0,1.57283266244014,0.0015640590504717897,0.010199147539528303,-0.0026833180279223702,-2.036612365541482,92.5869410802602,0.0,-0.12177656925541842,7.987144411485892,0.0,146.719,0.028827754323834373,-0.015640850406668544,-4.991681052727978,1.5760485173132512,0.0257709679246748,-0.017145469276115592,-4.983489669027998,0.008643138199905477,0.01492464316815667,-0.0,1.5722186137480838,-2.008395757816161,92.57136292467088,0.0,-0.00017586657332872204,8.000000000007848,0.0,1.5708183101165591,82.0,0.05900678523728913,0.05698990645517957,0.053825942701226745,0.2287239322287836,0.35223022477875987,0.04507418004474229,0.1333116251711004,0.20581132178384415,-34.696110176335154,0.14974204998789326
146.9,-2.0450811273930896,391.7479036269507,5.148,-0.02,7.97,0.0,1.5727595545493551,-0.009061379848573678,0.008958502651927908,-0.00403432248854487,-2.039431534488995,93.22598515055574,0.0,-0.12092703590838,7.986432716827317,0.0,146.818,0.032003741442775575,-0.016508000547322668,-5.003944129326055,1.569326954485698,0.03136679487799828,-0.015624329356479925,-4.988843451409792,0.02320864281042595,0.01589099754082479,-0.0,1.5703945378600423,-2.0084098271420214,93.211362924517,0.0,-0.00017586657320973738,8.000000000009269,0.0,1.5708183101165443,82.0,0.05845276618688416,0.05661710287942906,0.05371602527491467,0.22820199363098834,0.3520137570263124,0.04483546312158345,0.13315647398991912,0.20523833393638588,-34.738414859948094,0.14940294251479858
147.0,-2.0541705585167875,392.54680015202473,5.147,-0.02,7.97,0.0,1.5725308553690578,-0.007813169548508308,0.012197491134172896,-0.007482460985811099,-2.042754702875637,94.0247312531417,0.0,-0.11870024933451213,7.986043484392223,0.0,146.917,0.03650903451058363,-0.01413210332130517,-4.936817733542677,1.5823129875049764,0.03261061470917592,-0.013196766132780278,-4.9846001640412965,-0.002692896397303114,0.018863417147283457,-0.0,1.5736368854798715,-2.008427413799345,94.01136292432463,0.0,-0.00017586657331800142,8.000000000005006,0.0,1.5708183101165578,83.0,0.058391165795522566,0.05661204029340575,0.05368165633990272,0.22821130214740845,0.3520179693713145,0.04481345758873831,0.13314763570494195,0.20522975963953088,-34.74301061722864,0.14940928042567717
147.1,-2.0541707413253647,393.345696677824,5.145,-0.01,7.97,0.0,1.5722300329387673,-0.008884261957364189,0.001084765132779748,0.005612698733067718,-2.045781480181317,94.82348085524703,0.0,-0.11679131170391342,7.986436441398303,0.0,147.016,0.037838889754413296,-0.012875781000910413,-4.943201596185767,1.5778342921453994,0.035777624866615856,-0.011554083731534971,-4.982390789020343,-0.004969210835363072,0.01977100562396661,-0.0,1.5726698715197702,-2.008445000456676,94.81136292413224,0.0,-0.00017586657359159162,8.000000000006427,0.0,1.570818310116592,84.0,0.07410478830460629,0.06745268324179717,0.055954751807723,0.24450805376530588,0.359073194070722,0.05138091288389982,0.13778039881209966,0.2235135019379049,-33.74422504636844,0.1607864269095291
147.2,-2.0541709236282486,394.14459320244407,5.143,-0.01,7.97,0.0,1.5727344385257476,-0.006559445269431533,0.001052601729239538,0.0003060671175345359,-2.048469985547886,95.62230960379644,0.0,-0.12043102311268504,7.98742266198859,0.0,147.115,0.04178250068561276,-0.013710380192761287,-5.020832000465962,1.577788809277047,0.034730500737444964,-0.011513148742531294,-4.986057134560738,-0.029467957377051185,0.01602650245506787,-0.0,1.57573841358107,-2.0084625871140407,95.6113629239399,0.0,-0.00017586657315467032,8.000000000009269,0.0,1.5708183101165374,85.0,0.06023620203716896,0.057834623398247846,0.05509056270672007,0.22899625291475728,0.3522141920297329,0.04538959778132065,0.1333131269815435,0.20633494012732714,-34.55809679423239,0.14980749896597143
147.3,-2.054171103067489,394.93239394267266,5.142,-0.01,7.97,0.0,1.5731173260745146,-0.0030961590058999483,-0.008354794180070473,0.009317047875256496,-2.0508328529240467,96.4212837845318,0.0,-0.12387709546024922,7.988970553820042,0.0,147.214,0.03938022287881748,-0.015115409372593147,-4.995286942768676,1.584006123676729,0.03004154499576326,-0.012211099092244052,-4.987745420403606,-0.06820668179487392,0.010664626472591365,-0.0,1.5805955330249675,-2.008483691102714,96.57136292370905,0.0,-0.00017586657021299214,8.00000000000785,0.0,1.5708183101161697,86.0,0.05856796027849306,0.056697654550467186,0.054541345356782185,0.2283054893796577,0.3521258667956966,0.044868824580415495,0.13319304903311666,0.205489210633507,-34.689190589003005,0.14951998756981522
147.4,-2.0632605391206766,395.7312904641769,5.141,0.0,7.98,0.0,1.5746054507934042,0.0016290932431209542,-0.021267421525119578,0.020410354226522303,-2.0529463269410044,97.22044451147046,0.0,-0.13616554738872483,7.9905423040993355,0.0,147.313,0.04523387648471084,-0.006553662503384711,-4.978841132706831,1.577460597849935,0.03473041017303691,-0.0075961915524704274,-4.9859374231440725,-0.051061352673433515,0.012336257210495916,-0.0,1.5771850292130347,-2.008497760428298,97.21136292355519,0.0,-0.0001758665695646219,8.00000000000785,0.0,1.5708183101160886,87.0,0.0584756750145758,0.05668524176603342,0.05420526562323933,0.22865500169245973,0.3523077921555466,0.044854585527224385,0.1332525304600892,0.20574289295310053,-34.71099721425833,0.14978099252481075
147.5,-2.0632607226277884,396.530186986448,5.142,0.0,7.98,0.0,1.5764502012778558,-0.0013738026238036324,-0.0008113530903046377,0.002753018963081038,-2.054966804727887,98.01980239959555,0.0,-0.14976603508221326,7.992063208013378,0.0,147.412,0.04489843727974595,-0.003750864522878164,-4.965889219884841,1.5752853798450723,0.038703094207042876,-0.003398706549238526,-4.981624380855562,-0.027194049523922428,0.020957895788658476,-0.0,1.5741951629295232,-2.00851534708525,98.01136292336282,0.0,-0.00017586656965699245,8.00000000000785,0.0,1.5708183101161002,88.0,0.0586890191152681,0.056830622272908735,0.054034373556081323,0.22884394334683672,0.3523467117463546,0.044913300164065396,0.13328068773094665,0.20589253605689695,-34.70736346856154,0.14987353370347167
147.6,-2.063260905551658,397.32908350776125,5.144,0.0,7.98,0.0,1.5763642890986542,-0.0078373019112579,0.005632582137850276,-0.010529849730179836,-2.0570072323302986,98.81936597700194,0.0,-0.14868833482420513,7.994271907886494,0.0,147.511,0.048159725180699844,-0.0012308490278929024,-4.967661829938318,1.5754579841461938,0.04208613043961462,0.0003672599279663806,-4.97860815349981,-0.019113314397738952,0.026877489442654223,-0.0,1.5731834343931546,-2.008532933742233,98.8113629231705,0.0,-0.0001758665702130234,8.00000000000927,0.0,1.5708183101161697,89.0,0.058496887458788026,0.05669707668853299,0.05386241675356266,0.22854529198178444,0.35218095509936365,0.04482588237099232,0.13320118088826235,0.20555389422803066,-34.72883912715018,0.14964435129273057
147.7,-2.0632610887694938,398.12798002855146,5.147,0.0,7.98,0.0,1.5755265891228356,-0.011387880258618185,0.009062531741318538,-0.008824547942169197,-2.0590447543364774,99.61917998107072,0.0,-0.14161538961186643,7.997334841931819,0.0,147.61,0.05410639456139297,0.0017510125495646262,-4.98439586317272,1.5766499253000783,0.04647861038878576,0.0037477467447680638,-4.979146428277538,-0.014754786163364843,0.03078334639847391,-0.0,1.5726381902981683,-2.0085505203992646,99.61136292297815,0.0,-0.00017586656959126725,8.00000000000785,0.0,1.570818310116092,90.0,0.058543475548846584,0.05672815896665512,0.05377382109293963,0.22849663059396516,0.3521376376086322,0.044836701463483945,0.13319136037236165,0.2054989406733692,-34.7306175259439,0.14959430113318067
147.8,-2.063261271958993,398.92687654807946,5.149,0.0,7.99,0.0,1.5746951446079205,-0.011336464938184639,0.011313260161416214,-0.009607019913879028,-2.0609899935906277,100.41932986293774,0.0,-0.13523140737645722,8.001317634848597,0.0,147.709,0.053006344244856535,0.0032661790219515874,-4.948609491248748,1.577915039334889,0.045337850806415766,0.005969366039729048,-4.973290176504854,-0.03384705102196705,0.022090373952842413,-0.0,1.5750207985738363,-2.0085681070562362,100.41136292278583,0.0,-0.0001758665700726912,8.00000000000927,0.0,1.5708183101161521,91.0,0.058615205596021056,0.05674507223673076,0.05373449419545937,0.22844682287152498,0.3521053653281486,0.04485854614155899,0.13319057846423224,0.20546129994319157,-34.729498330314414,0.14955279085285755
147.9,-2.0632614585436073,399.7257736952285,5.151,0.0,7.99,0.0,1.5743307243709006,-0.003172576657494904,-0.0030337610131035263,-0.0006796176863526866,-2.0627507582919264,101.21991104182375,0.0,-0.13257768794349334,8.006040593477774,0.0,147.808,0.05584361212308571,0.004253012256669048,-4.986925385034917,1.5725952509322383,0.05123252007625821,0.005184555357578606,-4.978190962078063,-0.00017775806180653458,0.017283710556787568,-0.0,1.5708185263407355,-2.0085856937131754,101.21136292259342,0.0,-0.0001758665688292414,8.00000000000927,0.0,1.5708183101159967,92.0,0.05860108266507337,0.056710209649074896,0.05371340497906451,0.2283530162236001,0.3520633302501883,0.044862628502382415,0.13318272550984533,0.2053792469780483,-34.73165211454299,0.14948935813031505
148.001,-2.0723508964914856,400.51357442691767,5.153,0.0,8.0,0.0,1.574187911642019,0.002297177662148945,0.017697132360201054,-0.01191322203061964,-2.064537090721646,102.18126690292013,0.0,-0.12934899574700195,8.012240589740522,0.0,147.907,0.05799532136095386,0.005185400729463954,-4.998623124383037,1.5781416244460897,0.051566230176172026,0.006044774112185635,-4.981883444269332,-0.022705828304440737,0.008175367709801762,-0.0,1.5736316502509067,-2.00860679770142,102.17136292236249,0.0,-0.00017586656836735738,8.00000000000785,0.0,1.570818310115939,94.0,0.0587599544866002,0.056835560664761704,0.05370637159279852,0.22855036316569424,0.35215689580075504,0.04493717724734756,0.1332372849891597,0.20558865933044557,-34.719867587243236,0.149626606433975
148.1,-2.0723510807301864,401.31247094491897,5.155,0.0,8.0,0.0,1.5733430171993115,0.0063331015341617876,0.0034411540242717292,-0.0012899347504399697,-2.0654738165237405,102.82257799008525,0.0,-0.1245650312338915,8.016328355382178,0.0,148.006,0.061658028342958825,-0.013778977105738124,-4.977008953736423,1.5795332102536355,0.052255026277391564,-0.012985025705202626,-4.9837222175598015,-0.029906540447988746,-0.038644441706970234,-0.0,1.574552772485538,-2.0086208670268846,102.81136292220862,0.0,-0.00017586656788244322,8.00000000000927,0.0,1.5708183101158784,94.0,0.0585163511931783,0.056706948156836974,0.053670147443772055,0.22833613030812508,0.3520630319806826,0.04486430613784575,0.13317929154939112,0.2053556226072101,-34.734257477575085,0.14948477564707136
148.2,-2.0723512671189326,402.12246324700106,5.157,0.0,8.0,0.0,1.5736369405083845,0.03921923229881982,-0.002327236181511788,0.0018464045622240367,-2.066298788103914,103.62462768668162,0.0,-0.127094139586171,8.020253764277975,0.0,148.105,0.058018594309964484,-0.014026667904149429,-4.989103688585353,1.5784078256420444,0.048234277006560924,-0.020576741025474105,-4.985949756252788,-0.054289128131753586,-0.049065544627475255,-0.0,1.5776242392589925,-2.0086384536836643,103.6113629220162,0.0,-0.0001758665670439403,8.000000000006429,0.0,1.5708183101157736,95.0,0.05820770545717609,0.05659723754118903,0.05363334555624018,0.22816611837561304,0.3519902305837691,0.04479145309897787,0.13312934462276624,0.20515451669885265,-34.749228253638485,0.1493717480448501
148.302,-2.072351451300932,402.9213597632373,5.159,0.0,8.01,0.0,1.5743894393697868,0.03602903425421354,-0.012290246228931788,0.011514274647816757,-2.0667960332551414,104.58743501240401,0.0,-0.1353834331619152,8.021485273348228,0.0,148.27,0.05628748700042979,-0.02085305815340556,-4.986900979842078,1.573183180923004,0.05136773510943009,-0.023887187872945893,-4.982740779862089,-0.030735132603809463,-0.05476346098896112,-0.0,1.57465981715495,-2.0086595576717627,104.57136292178527,0.0,-0.0001758665678149104,8.00000000000785,0.0,1.57081831011587,32.0,0.059054454101924385,0.0573257229323941,0.05381974578784612,0.22923357979870462,0.35245248046801414,0.0452252757416847,0.1334258780893048,0.20628880770086472,-34.67962306453683,0.15008339171454266
148.4,-2.072351638245607,403.72025691369606,5.162,0.01,8.0,0.0,1.5753022935849168,0.02582653807174281,0.006436141643381175,-0.003434691947309672,-2.0668780763723804,105.2292859063752,0.0,-0.1397197101960512,8.019991159993731,0.0,148.303,0.05943338924336722,-0.018663384177036522,-5.00528989996371,1.5645340929454752,0.05618495824458758,-0.02527469385319802,-4.985274767923592,0.0043752809073045965,-0.03912764030402993,-0.0,1.5689905868416218,-2.0086736269972114,105.21136292163135,0.0,-0.00017586656858410417,8.00000000000927,0.0,1.570818310115966,97.0,0.06371825914602748,0.06056415687519253,0.0555829739987154,0.23260370353539722,0.3536330373656294,0.046867464909456334,0.13419721945639518,0.21018376163683575,-34.313117225956255,0.15213539431995682
148.5,-2.0723518221383443,404.51915342769195,5.166,0.01,8.0,0.0,1.5745310062218945,0.008639125800630454,0.01988428149150365,-0.021392919969124458,-2.0667153974721586,106.03135063023777,0.0,-0.13280589338477453,8.016687864861042,0.0,148.435,0.060179060957672746,-0.025043219241623234,-4.975844066655622,1.5692323623934898,0.05953173002282405,-0.028984841136869936,-4.984083364764745,0.013118961247104747,-0.039866308705551745,-0.0,1.5678919916242091,-2.008691213654072,106.011362921439,0.0,-0.0001758665689695736,8.00000000000927,0.0,1.5708183101160142,65.0,0.058797315877863444,0.05691125723865152,0.05489733512787735,0.2281044109083956,0.35194521404497087,0.044946936356958,0.13312803691517777,0.2053500902248596,-34.653821823412216,0.1493049752027069
148.6,-2.0723520067248984,405.3180499432017,5.169,0.02,8.0,0.0,1.5725754604816924,0.005089509828027352,0.017538130880377117,-0.019452532299312934,-2.0661513406763055,106.83300395738057,0.0,-0.11698903241324005,8.012622220999594,0.0,148.534,0.05731099418795144,-0.01120079674348691,-5.006416216877093,1.5788341140332625,0.052946117660729874,-0.022395908803483897,-4.9844240845916445,-0.03905707602546231,-0.013727001026569319,-0.0,1.573182551239909,-2.008708800310943,106.81136292124658,0.0,-0.00017586656805820882,8.000000000005008,0.0,1.5708183101159003,66.0,0.05837598687059589,0.05662232738213668,0.05446234728260227,0.2284244659250085,0.3522106447697532,0.04482787565871926,0.13320946611741152,0.20556436629442668,-34.7025174957896,0.14962601076454257
148.7,-2.072352193596771,406.11694709491553,5.172,0.02,7.99,0.0,1.5715257146537789,-0.014852579030435804,-0.014862300024777363,0.002270310270581008,-2.0647559446595922,107.79437239592517,0.0,-0.11074511594135061,8.00713617432429,0.0,148.633,0.05828415528391216,-0.012786040009106825,-4.996246642970645,1.5712255408909932,0.05598828462194411,-0.013289064204393328,-4.9886908666770555,-0.011645338001369085,0.020479029131227122,-0.0,1.5697533605829002,-2.0087299042990994,107.77136292101575,0.0,-0.0001758665680245205,8.00000000000785,0.0,1.5708183101158961,67.0,0.05831362609595444,0.05652301279915928,0.05416451358981765,0.2284029229655309,0.35217594675084246,0.044726829514651296,0.13315348660286674,0.20545525745875723,-34.727934362126234,0.14959192733558238
148.8,-2.0723523774942123,406.91584360880614,5.173,0.03,7.99,0.0,1.5720170305019734,-0.03247970890154924,0.004075232159329824,-0.003013156642737383,-2.0633782849859004,108.43495491854621,0.0,-0.1127308457351171,8.004303216568307,0.0,148.732,0.05794360912970972,-0.01302139558987804,-5.012201401074715,1.5744511990895942,0.055356614107797714,-0.010673649121721123,-4.992739603026806,-0.022252378246770673,0.024529208952875692,-0.0,1.5698296300448014,-2.0087439736245885,108.41136292086185,0.0,-0.0001758665689784554,8.00000000000927,0.0,1.5708183101160154,68.0,0.05863405469479401,0.05674760368273189,0.0540059845498437,0.2287248494951498,0.35229247360376753,0.04488207962761382,0.1332613034438863,0.20577290906258566,-34.71612903885553,0.14979128370653888
148.9,-2.0723525616081133,407.7147401220152,5.173,0.03,7.99,0.01,1.5713804187278748,-0.022709955660268528,-0.004481408549228264,-0.0058166591042789,-2.061195294412362,109.23547302809652,0.0,-0.1074215182605765,8.002901243238192,0.0,148.831,0.05399981179800505,-0.016513236673618134,-4.986607981324922,1.5777426929322627,0.04906632351182666,-0.012389761126360609,-4.9916808617080815,-0.048566140631224365,0.016810613130241236,-0.01,1.573115116167208,-2.0087615602815005,109.21136292066946,0.0,-0.00017586656921826356,8.00000000000927,0.0,1.5708183101160453,69.0,0.058706410393415,0.05689876508758555,0.053938079048803655,0.22879751871304316,0.3522826728385044,0.04493535711856073,0.13326416735792457,0.20582313923370688,-34.711826594767246,0.14980726781451226
149.0,-2.0632634775946883,408.50254085000154,5.17,0.04,7.99,0.01,1.5713963677433807,-0.009333441598909677,-0.012604981319928677,0.0064690294599289615,-2.058534114754255,110.03595874592583,0.0,-0.10787465186501602,8.00333626522103,0.0,148.93,0.05431894097222379,-0.01545689835830924,-4.962570471852126,1.5784320294015417,0.040280061675098705,-0.014875146351018931,-4.990021844482245,-0.09333848402535584,0.006777995582285534,-0.01,1.577466224732106,-2.0087791469383998,110.0113629204771,0.0,-0.0001758665689020408,8.00000000000785,0.0,1.5708183101160058,70.0,0.0586221148281455,0.05685584233259612,0.05386950507020847,0.2286282141042986,0.35218964426559307,0.044908927690888695,0.13322646193726892,0.20564557048989654,-34.71812406193966,0.14967828820747672
149.1,-2.0632636572615013,409.3014367178138,5.168,0.04,7.99,0.01,1.57262153347512,0.001753753457523963,-0.027779962690021295,0.01943773927908798,-2.0555159024973264,110.83655525210258,0.0,-0.11805198166258012,8.004431400679191,0.0,149.029,0.05107839572749381,-0.016502758319621474,-4.994556393996456,1.5732232841745286,0.039323188688707336,-0.015437828257933172,-4.989830902688581,-0.07096269799481772,0.00493601594946913,-0.01,1.5746690961499623,-2.0087967335952452,110.81136292028465,0.0,-0.0001758665682057089,8.00000000000785,0.0,1.5708183101159188,71.0,0.05857710388807737,0.05671278961687898,0.05379664066298688,0.22838386799845584,0.35208288751694,0.04486664057717703,0.1331914968198312,0.20541623725865657,-34.728077247593696,0.14951456386642792
149.2,-2.063263840657953,410.1003332270024,5.167,0.04,7.99,0.01,1.574127401053209,0.0043009765779579105,-0.007387923890078311,0.00428064957490489,-2.0517395497409248,111.79747139621624,0.0,-0.1296696520743724,8.00579189302908,0.0,149.128,0.04750924547195681,-0.015812610055143977,-4.934993310711738,1.5824318282492043,0.03345022808395973,-0.01561670906920248,-4.984475109499407,-0.08849793261586258,0.0046290190992897,-0.01,1.576862566717027,-2.0088178375834,111.77136292005383,0.0,-0.00017586656787711415,8.00000000000927,0.0,1.5708183101158777,72.0,0.0744143122642919,0.06757500726019848,0.056074447211998946,0.2446934500560719,0.35914149820549734,0.051464007071054155,0.13783860038923343,0.22375373912081958,-33.72658295910966,0.16090908828139824
149.3,-2.054174754739506,410.8992297363028,5.167,0.04,7.99,0.0,1.5744913090628125,0.0040138249386683185,-0.01458127511028276,0.006459402752632726,-2.049288230833618,112.43818674201101,0.0,-0.13262387555756822,8.006614380293348,0.0,149.227,0.04346985721611419,-0.016719266354708467,-4.99866394810867,1.572379781494732,0.03603848913553448,-0.01645846067006318,-4.986769666275064,-0.04988346487839189,0.0025361929723333176,-0.0,1.572032912980059,-2.008831906908837,112.4113629199,0.0,-0.000175866567941063,8.00000000000927,0.0,1.5708183101158857,73.0,0.06030237956164272,0.057786840853424275,0.0551708128450205,0.2289499670242108,0.3521933875828836,0.045403941372552964,0.1333267611871588,0.20631532734491007,-34.55408144391422,0.14977418218355576
149.4,-2.0541749372020774,411.6981262425322,5.168,0.04,7.99,0.0,1.5748830671098568,0.0027257402697752594,0.0034828853655592554,-0.01058243330473689,-2.046410728000638,113.23917018685789,0.0,-0.1345777749256749,8.007473919498615,0.0,149.326,0.04159532092398173,-0.018524518405026662,-4.962568031358054,1.5719654157625982,0.03375055526860167,-0.01818818718444725,-4.983604260374735,-0.048071463816201934,-0.0015033362127603311,-0.0,1.5718067122790802,-2.0088494935656347,113.2113629197076,0.0,-0.00017586656819146683,8.000000000006429,0.0,1.570818310115917,74.0,0.05873000980284164,0.05672926492662039,0.054621204905890466,0.22837490060834467,0.35215597495008716,0.04491174150507818,0.13322512439829948,0.20558582379280688,-34.678479047893,0.14956524022134432
149.5,-2.05417511988108,412.49702274808004,5.168,0.03,7.99,0.0,1.5739202383582034,0.0049552402699724165,0.00343404021568377,-0.00914993322784556,-2.043762484954932,114.04022946733329,0.0,-0.1267255046499307,8.008436293093293,0.0,149.425,0.03854171481868894,-0.02061903139719929,-4.967347492095651,1.5719268574010559,0.03415769204435187,-0.020531590597937514,-4.97963891636093,-0.029743335179961194,-0.006426953278934278,-0.0,1.5707641776783985,-2.0088670802224358,114.01136291951518,0.0,-0.00017586656852012407,8.00000000000785,0.0,1.570818310115958,75.0,0.05846064849259182,0.056714527638170455,0.05423888810851157,0.22870644608960428,0.35232908943531804,0.04483773436685477,0.133246420499645,0.20578349879502106,-34.70879350201854,0.1498136691558445
149.6,-2.0541753016545528,413.2959192526905,5.165,0.03,7.99,0.0,1.5731291981090343,0.006992017415863033,0.010402916164925953,-0.007857855726667409,-2.040814710663305,115.00155938148794,0.0,-0.11845310067753777,8.00909114455837,0.0,149.524,0.035093806046603275,-0.02313268654118497,-4.97619949378444,1.5700110214713017,0.03241808103679126,-0.023567332822412662,-4.976740282911036,-0.025113924015479887,-0.012191524645597696,-0.0,1.5701838684501415,-2.008888184210643,114.97136291928422,0.0,-0.00017586656793747903,8.00000000000785,0.0,1.5708183101158852,76.0,0.05840677015350837,0.05673605431088778,0.05399830341032678,0.2287228443686988,0.3522973781285718,0.044830226390846724,0.13323492530938658,0.2057350241225528,-34.72189969362946,0.14979419645381242
149.7,-2.045086212681028,414.0948157591809,5.163,0.03,7.99,0.0,1.5722704114767279,0.009192808363484507,0.005452474671717949,-0.010388252834512576,-2.0389313446164103,115.64244853453752,0.0,-0.11381715352895656,8.009054497122424,0.0,149.623,0.03381396024017645,-0.024090659020894856,-4.9496298092036195,1.574406063006898,0.028866347113672072,-0.025616274916898565,-4.973589336190676,-0.03473864823769731,-0.014080402783625878,-0.0,1.5713904460838881,-2.008902253536081,115.61136291913036,0.0,-0.00017586656809024572,8.00000000000785,0.0,1.5708183101159043,77.0,0.07407557480968766,0.06756434778688851,0.05619908179176094,0.24492330338955945,0.3592812714122011,0.05140274183847536,0.13785183306769352,0.22392629494894836,-33.72967254408982,0.16110603093654768
149.801,-2.045086394087704,414.89371226329104,5.161,0.03,7.99,0.0,1.5717380632439182,0.008684009792608837,0.0019887225360922345,-0.0007560295973809635,-2.036140057642879,116.60370918805455,0.0,-0.10944142371559339,8.008112199181237,0.0,149.722,0.03141729023132701,-0.024686062841182813,-4.951418756973958,1.5741898380146937,0.0252203977682742,-0.026740460937525544,-4.968631683958936,-0.04425964619082934,-0.013618821126986091,-0.0,1.5725840586848154,-2.0089233575242402,116.57136291889951,0.0,-0.00017586656771546568,8.00000000000927,0.0,1.5708183101158575,79.0,0.060545840449679436,0.058122953266561576,0.055297365054395684,0.22955961785376142,0.3524593001838031,0.04554736864418274,0.1334552906415509,0.20691192889999516,-34.52429732514238,0.1501814258082403
149.9,-2.045086575943401,415.69260876491677,5.161,0.03,7.99,0.0,1.5718416345214956,0.006707775022281823,-0.004310954134181912,0.0037666375649351314,-2.0342908260671604,117.24444712123486,0.0,-0.1101717932937084,8.006809785984222,0.0,149.821,0.029338863046847078,-0.026644989426482496,-4.9661556226914145,1.5738315042319475,0.022343358715104317,-0.028255198946480473,-4.966303618370825,-0.044805080407760045,-0.014205168818431702,-0.0,1.5726525760737076,-2.0089374268496116,117.21136291874558,0.0,-0.00017586656688590703,8.00000000000927,0.0,1.5708183101157538,79.0,0.058556446380099526,0.05674030022517695,0.054651268228504385,0.22843529975765914,0.3521755086353149,0.04488731256407321,0.13322332043725377,0.205608679196759,-34.68247192546913,0.14959851058229548
150.001,-2.045086757215884,416.49150526482515,5.161,0.03,7.99,0.0,1.5721503566626946,0.005975725887891378,-0.00317413952686651,0.0027009050211104927,-2.031593940945178,118.205318170449,0.0,-0.11300019941158294,8.004098154954452,0.0,149.92,0.024972544020725535,-0.029202109198809667,-4.98630748180823,1.5731635215898783,0.01993456380679856,-0.030543267067363537,-4.968432609492346,-0.041356755935434204,-0.016499827496600616,-0.0,1.5722206383281074,418.1889999995004,6.705790637862682e-10,0.0,7.999999999972829,1.83237369627785e-11,0.0,2.290467120355092e-12,81.0,0.05859360467751113,0.056825726389228774,0.05430566175945578,0.2289193938305559,0.35241866756110724,0.04494438026524739,0.13333125506071397,0.2060117055986881,-34.6945891058781,0.1499506883795534
150.103,-2.0359976616662436,417.29040176742075,5.163,0.03,7.98,0.0,1.572412503478352,0.006255830560054083,-0.0003628049343825823,0.0012615862344444557,-2.02948153281798,119.0057695361737,0.0,-0.11451126212329135,8.00132325292726,0.0,150.019,0.024087529451733238,-0.030788829938458266,-5.003174747268944,1.5724215443189447,0.01874129631089739,-0.03197251337893332,-4.972954284553559,-0.035482401657397356,-0.008557067614844094,-0.0,1.5714840819277496,-2.0089761174944845,118.97136291832231,0.0,-0.00017586656764618776,8.00000000000927,0.0,1.5708183101158488,84.0,0.059174327000376316,0.05730421494830136,0.05415366639211843,0.22963715198912021,0.3526997054302672,0.04522255509069309,0.1335217482093015,0.20672143412856786,-34.65986956910308,0.15040655184937182
150.2,-2.035997842726971,418.08929826562695,5.164,0.03,7.98,0.0,1.5722411148624982,0.00013797433323542286,-0.00431291975502941,-0.0010255972828343853,-2.027915150556254,119.64592017619522,0.0,-0.11262341428685253,7.9989565339523265,0.0,150.118,0.022720069657411454,-0.03617976855143967,-4.992709196137063,1.5808026533259172,0.009990499853755979,-0.03806085012528587,-4.9792875776706325,-0.07880706433506254,-0.021704517010276092,-0.0,1.5769291039133653,-2.0089901868199056,119.6113629181684,0.0,-0.00017586656799613006,8.00000000000927,0.0,1.5708183101158926,82.0,0.05820434999375405,0.05662394318285828,0.05385121034551246,0.2284698965522838,0.35214930697125335,0.04479544692447147,0.1331913327797104,0.20544816137919156,-34.74024863448461,0.14959305022209174
150.303,-2.0359980232044848,418.8881947636348,5.166,0.02,7.98,0.0,1.5726146988479908,0.011159294941292587,-0.018853107701511038,0.013302821386540488,-2.0258483566719074,120.60574430457635,0.0,-0.11907048816494326,7.99452534236184,0.0,150.217,0.021382817805235713,-0.0385474211134222,-4.9896391461291865,1.583420704440448,0.004570978740432004,-0.04278271419449728,-4.981185952235826,-0.09490749093793276,-0.028799381243356237,-0.0,1.5802169512450792,-2.0090112908080924,120.57136291793749,0.0,-0.00017586656839574787,8.000000000006429,0.0,1.5708183101159425,86.0,0.058878516836942535,0.05710426551935044,0.05386585898337956,0.22912044871820303,0.35241503477036745,0.04511138820392143,0.13340259375772276,0.20615293376944285,-34.690278346850235,0.1500102906230814
150.4,-2.03599820397595,419.6870912622587,5.168,0.02,7.97,0.0,1.574373788726751,0.013675974039487532,-0.024628275471255404,0.018518921652902403,-2.0247676138094044,121.24531081195771,0.0,-0.13022222588322713,7.99069098256051,0.0,150.283,0.014942714009387107,-0.043031930918388285,-5.012712563153393,1.5769494664140948,-0.0005153386915072848,-0.046426501048201785,-4.984499871409337,-0.08634252521160507,-0.024185328385912364,-0.0,1.5791455000887518,-2.009025360133507,121.21136291778356,0.0,-0.00017586656749161346,8.00000000000785,0.0,1.5708183101158295,67.0,0.05836901958968028,0.05675003378280469,0.05372232279175352,0.2284786125343348,0.3521263072905384,0.044877315566105365,0.13321457332171596,0.2054691054177433,-34.73362341099785,0.14957889507397562
150.5,-2.0359983845640386,420.4859877589238,5.169,0.01,7.97,0.0,1.576303995740835,0.008421149291144249,-0.01463498159802143,0.014507696583590553,-2.0238495727351418,122.20406307564649,0.0,-0.1463058841299479,7.983828024660564,0.0,150.415,0.019437515659818674,-0.019521879227782382,-4.945465712653304,1.5809314381254862,0.005461621947391986,-0.029764379376485052,-4.975832479869666,-0.059335465351340363,0.02097208529283101,-0.0,1.5769701487027155,-2.0090464641215617,122.17136291755273,0.0,-0.00017586656721098033,8.00000000000927,0.0,1.5708183101157944,85.0,0.0636682909438566,0.06040141634711218,0.05554108067676005,0.23244123409870557,0.3535644694074535,0.04678478945100523,0.13416601210940107,0.21001289067720938,-34.32152149038272,0.1520237481972861
150.601,-2.0359985656011332,421.2848842531044,5.169,0.0,7.96,0.0,1.5769708068717758,-0.027817664045595065,0.003865399527284386,-8.569287985542005e-05,-2.0238767556631947,123.00242271724564,0.0,-0.14985584873785515,7.978575384680215,0.0,150.514,0.016285251208660225,-0.01890139341793466,-4.9533917002510215,1.5788293117935213,0.0079940673310613,-0.016291506245846778,-4.970265296571739,-0.03942354202529022,0.057431875392285114,-0.0,1.5757135153535602,-2.009064050778293,122.97136291736035,0.0,-0.00017586656783448158,8.00000000000927,0.0,1.5708183101158724,87.0,0.059555616918565556,0.057239750219484034,0.054907648241937446,0.22865855172230512,0.3521956247048343,0.04517989697590399,0.13331069396962017,0.20597756590158578,-34.61396877286041,0.14968270000007644
150.7,-2.0359987467654292,422.0726856257909,5.17,0.0,7.96,0.0,1.5768541535970308,-0.04762759799369717,0.014120327511682384,-0.005470933482717799,-2.0244245769588876,123.6407983634155,0.0,-0.1486160300754007,7.976151010864904,0.0,150.613,0.013688526856402915,-0.023710592836861714,-5.002626468377469,1.5736728340716124,0.009641328242541259,-0.015029383823996725,-4.9719050801158335,-0.023898308751596122,0.049506019141627,-0.0,1.5737800610944717,-2.0090781201037107,123.61136291720639,0.0,-0.0001758665682927504,8.00000000000785,0.0,1.5708183101159297,87.0,0.05874016002879848,0.056831718148983704,0.054479052298443305,0.2287193892171079,0.35233400158973194,0.044946890292663896,0.133288360243726,0.20588603533083305,-34.68551594845928,0.14982023603157468
150.8,-2.0359989277580723,422.8715821217294,5.171,0.0,7.96,0.0,1.5761693958800773,-0.02835198614487718,0.012707995987506411,-0.011033878296795923,-2.0259893953255133,124.59820001038598,0.0,-0.14155793596172594,7.976498716961794,0.0,150.712,0.017019906696862885,-0.01593309895743747,-4.952020425981389,1.5779287848074512,0.009193220254109465,-0.010621362353586402,-4.967100283666236,-0.03882017680851007,0.0506827590710488,-0.0,1.5756423398119237,-2.0090992240919756,124.5713629169754,0.0,-0.00017586656922708287,8.000000000006429,0.0,1.5708183101160464,88.0,0.05880829753982114,0.05696709047980686,0.05429640194381642,0.22902765791011948,0.35244671914807774,0.04500293684871772,0.13333821258758544,0.20612846570841162,-34.688115214078756,0.15001117510833029
150.9,-2.035999108799871,423.6704786150451,5.17,0.0,7.96,0.0,1.575625362866793,-0.017384881249606854,0.0023823250904408534,0.0020829873000438874,-2.0274324467100127,125.23658483335183,0.0,-0.13867070565054246,7.9787749159700825,0.0,150.811,0.020243184868327612,-0.011914303467546197,-4.985878808216984,1.5730251598912708,0.015474888901984247,-0.007028416504955743,-4.970839381373571,-0.007900228600139718,0.04968597764355298,-0.0,1.5717826608484744,-2.009113293417502,125.2113629168215,0.0,-0.000175866569395868,8.00000000000785,0.0,1.5708183101160675,89.0,0.058764327933111433,0.05690689023192154,0.05411812824746552,0.2288769147371475,0.3523458788128337,0.04494695245091988,0.13328614049520604,0.20593809639702396,-34.70043136975399,0.14988214324695473
151.0,-2.045088570176816,424.469374438421,5.167,-0.01,7.97,0.0,1.5753415744428079,-0.011049584347171208,0.018892424773827764,-0.01023113622033492,-2.0295968145493752,126.03488239151815,0.0,-0.13599777367013013,7.983030873660859,0.0,150.91,0.018153017410397543,-0.013970691180100733,-4.972355876112612,1.5756553742754742,0.014948957932222,-0.007903738689576731,-4.965451932077782,-0.021049765487581543,0.029963265153464036,-0.0,1.5746775458140998,-2.009130880074444,126.01136291662911,0.0,-0.00017586656978489014,8.00000000000785,0.0,1.5708183101161162,90.0,0.058581346652700504,0.05677359542057306,0.05395738310293176,0.228609373038309,0.35220618106278817,0.044870095654008874,0.13322165022489602,0.20563918749638602,-34.719664907791056,0.14968434533999325
151.1,-2.045088749624,425.2571751439221,5.166,-0.01,7.97,0.0,1.574512798865561,0.003734400806930971,0.006498470213154258,0.002055124510421444,-2.03207057910417,126.83364229999115,0.0,-0.129543854772497,7.988154737169963,0.0,151.009,0.02262002014062587,-0.020867637210392947,-4.971872950604865,1.5808989373345,0.01465734765675578,-0.017323048525897514,-4.96443929447859,-0.03861091777173943,0.0008723695442007795,-0.0,1.5768948205201623,-2.009148466731442,126.81136291643674,0.0,-0.00017586656970320898,8.00000000000927,0.0,1.570818310116106,91.0,0.058567921139530923,0.05675974027852541,0.053868667317674306,0.22852950580605977,0.35215744248417574,0.044884426604590286,0.13321951785719222,0.20555635383235732,-34.72201096472937,0.14962022970699784
151.2,-2.045088931070353,426.05607163309367,5.164,-0.01,7.98,0.0,1.5749298385952155,0.02433908932410282,-0.0017322268486875442,0.006843038716095694,-2.034770338640976,127.63288582856687,0.0,-0.13322220622961803,7.992638397605487,0.0,151.108,0.02462451643852376,-0.02065075621416728,-4.973231174108806,1.5772254925347913,0.0189772546089004,-0.021368808584458047,-4.966907147298892,-0.016711011752631934,-0.017073636675590365,-0.0,1.5741507357582836,-2.0091660533883715,127.61136291624429,0.0,-0.00017586656886292972,8.000000000006429,0.0,1.570818310116001,92.0,0.0740378290206543,0.06750912166274538,0.056090975929946545,0.24465501586620597,0.3591319091654353,0.051392373083474954,0.13780368149767308,0.223648114829308,-33.73665311738719,0.1608855030965558
151.3,-2.045089112733166,426.85496812120397,5.162,-0.01,7.98,0.0,1.5754841762271263,0.029609441214015982,0.008623251288609406,-0.0040915719088307845,-2.037678150237642,128.43249781347276,0.0,-0.1373636828543513,7.995350631316192,0.0,151.207,0.02800261719823701,-0.023574481234428603,-5.037293476487178,1.5661021512708122,0.030654842080679014,-0.024725830638237987,-4.977282921945111,0.04065985820238713,-0.02244772778330617,-0.0,1.566943420092014,-2.009183640045216,128.41136291605193,0.0,-0.00017586656787711415,8.00000000000927,0.0,1.5708183101158777,93.0,0.06027364821813922,0.05799984156318139,0.05523856001742082,0.22924721634937906,0.35231232111728755,0.0454818153556191,0.1333803857797496,0.20658537345746356,-34.54203353746392,0.14996482673235012
151.4,-2.0450892942901078,427.6538646094125,5.16,-0.01,7.98,0.0,1.5739512607131643,0.022184327151914016,0.025563805591244694,-0.029877163465916727,-2.040721976211531,129.23226484690173,0.0,-0.12445263543538915,7.996243220673129,0.0,151.306,0.031110746519601138,-0.018747380821424256,-4.971892586705871,1.5744977536892697,0.030079657921049475,-0.022685721551816827,-4.972794962035946,0.007242522571867224,-0.01316749793924643,-0.0,1.5711424464500174,-2.009201226701968,129.2113629158596,0.0,-0.0001758665670315683,8.00000000000927,0.0,1.570818310115772,94.0,0.058805390646158404,0.05692217651015397,0.054737969027101145,0.2286050680254643,0.35224408036857924,0.04502739994221259,0.13329553494799085,0.20582578906517257,-34.660954760160564,0.14970870003224274
151.5,-2.0450894725014166,428.45276042256273,5.157,-0.01,7.98,0.0,1.5718988568431254,0.0056942222197833015,0.001013794757788894,-0.008359686537823182,-2.0436895512404414,130.03197160736286,0.0,-0.10852893820570493,7.995267307113638,0.0,151.405,0.03316371605730786,-0.023911804114160384,-5.02924442862532,1.5615181445570678,0.03773003435530711,-0.025446380334019067,-4.977816156255839,0.04677031838543102,-0.01695951855036526,-0.0,1.5661787366758824,-2.0092188133586526,130.0113629156673,0.0,-0.0001758665672624322,8.000000000006429,0.0,1.5708183101158009,95.0,0.07438351966620566,0.0677301783588368,0.05679577067806162,0.24509612354542085,0.3594034657089543,0.05153049848172036,0.13792704921007076,0.2242682687435392,-33.68571402942523,0.16126723960412165
151.6,-2.0450896542464676,429.25165690768836,5.155,-0.01,7.98,-0.01,1.571196751205951,0.005701952744682144,0.020092618893134285,-0.019535536934207304,-2.0463794403425375,130.83148653024824,0.0,-0.10230716983351103,7.9931229188154616,0.0,151.504,0.03273443595306367,-0.0240357404337857,-4.978972634744788,1.5731086426048797,0.03517317114574213,-0.02503937019265235,-4.972001076816641,0.01288356446501465,-0.012919322945429634,0.01,1.5704343919211345,-2.0092364000153937,130.811362915475,0.0,-0.00017586656759289705,8.00000000000927,0.0,1.5708183101158422,96.0,0.0601336796675668,0.057834381774045415,0.05559860663763015,0.22934149178058574,0.35243503449129704,0.04540031087234606,0.13339905049732698,0.20671654849551377,-34.53643128168147,0.15009121463531297
151.7,-2.0541791235403792,430.0505533889486,5.155,0.0,7.97,-0.01,1.5700832876635271,-0.0009676521196112267,0.003079401100467723,-0.0008571029501624099,-2.048646569026191,131.630759880342,0.0,-0.09411746847113994,7.990711355429353,0.0,151.603,0.03664666169065338,-0.023905555367328794,-4.996554176537294,1.570095799518502,0.036405189432221444,-0.02351862705230151,-4.9712411597441655,-0.0025744748562244,0.0008945958210881955,0.01,1.5711193112147448,-2.009253986672123,131.61136291528263,0.0,-0.000175866566979929,8.000000000003586,0.0,1.5708183101157656,97.0,0.05874100653785976,0.05684434256380663,0.054912580307676415,0.228793464166579,0.35237096548075897,0.04495815004931956,0.13331091350493812,0.20600195808120342,-34.658743279212096,0.14986896435831312
151.8,-2.054179305950896,430.8494498709081,5.154,0.0,7.97,-0.01,1.570492142755773,-0.007837397737846455,-0.00417914073492006,0.002860281910418778,-2.0504182315388038,132.42978360111553,0.0,-0.09726408080048134,7.988221067997876,0.0,151.735,0.041192075734322105,-0.020903046489774382,-4.967230308915179,1.5749193923558733,0.03694267561152119,-0.02154803021908059,-4.968619227381646,-0.014178933643604856,0.005580308651549792,0.01,1.5725741182730306,-2.009271573328771,132.4113629150903,0.0,-0.0001758665656691026,8.00000000000927,0.0,1.5708183101156017,65.0,0.05835131610940389,0.05667494554971935,0.0544177379617143,0.22882876037051791,0.3523952458218991,0.0448421530690054,0.13328475648362734,0.20589887160298156,-34.70564336416732,0.14990302777998496
151.9,-2.0541794859301348,431.63725056712485,5.154,0.0,7.97,-0.01,1.5709480179819533,-0.007939823214123964,-0.005064013622336644,0.006933333437956647,-2.051725983446181,133.22860217792368,0.0,-0.10094984135217197,7.986330078466105,0.0,151.834,0.04508972346381976,-0.020562279006080326,-5.004492620013394,1.5702834847176037,0.04298319036386998,-0.02099560186392454,-4.977149772922699,0.01138251630114547,0.00611357335187801,0.01,1.569369252259225,-2.0092891599852933,133.21136291489802,0.0,-0.00017586656516994632,8.00000000000927,0.0,1.5708183101155393,66.0,0.05820344774293318,0.05659314571984595,0.05411287008717017,0.22859792991220776,0.35223328827362027,0.044766725406862135,0.1332030985996376,0.20559105628909513,-34.73034337339287,0.14969893541833576
152.0,-2.0541796679738695,432.4361470493437,5.155,0.0,7.97,-0.01,1.5712709777315632,-0.005611498436817416,0.011830926679663675,-0.008065469259590492,-2.0526236339303536,134.0272821791067,0.0,-0.10301867085878794,7.985143624728931,0.0,151.933,0.04524079666687163,-0.01689789950583445,-4.998595769668201,1.5735910206293147,0.04532061782618878,-0.017167124442837002,-4.981076516593568,0.011207577266441766,0.014586372705968742,0.01,1.5693926761381474,-2.0093067466418084,134.01136291470573,0.0,-0.00017586656514152461,8.00000000000927,0.0,1.5708183101155357,67.0,0.058375304339491244,0.05670671580803556,0.05392862132698606,0.22863302029780824,0.3522151326885607,0.04483051007292545,0.133226113404481,0.20561915356427168,-34.72864817185597,0.14969735759148917
152.1,-2.0541798504666247,433.2350435279387,5.155,0.01,7.97,-0.01,1.570647998584553,-0.009495895527393546,0.007506987059091021,-0.005702725537065469,-2.053137961393184,134.98560531776914,0.0,-0.09791974432818545,7.984722778714273,0.0,152.032,0.044951351203426165,-0.015314941966634896,-4.971632493870903,1.5762081626595632,0.04272577458003533,-0.01440581657838367,-4.979519088143981,-0.019040267107455367,0.018931622348717703,0.01,1.5719279253209664,-2.0093278506295977,134.97136291447498,0.0,-0.00017586656409880315,8.00000000000927,0.0,1.5708183101154054,68.0,0.05848224927379996,0.05670232312389612,0.05382473591683211,0.22848672229066821,0.35212855203763627,0.04485361613316175,0.13321267539301496,0.20549059231312736,-34.72998338829125,0.14958188925094124
152.2,-2.0541800327759887,434.03394000685324,5.156,0.01,7.97,-0.01,1.570580080998132,-0.010417778365159901,-0.010051967934975998,0.0038942492083317193,-2.0531002770809845,135.6244862379171,0.0,-0.09751945020257104,7.984985193220593,0.0,152.131,0.04476044679917261,-0.01456526640337566,-4.953023939783683,1.5768718692828863,0.03761643227605542,-0.012569871119614082,-4.971015604436628,-0.05128918579383305,0.020014136495586143,0.01,1.5759638793879875,-2.0093419199546925,135.6113629143211,0.0,-0.00017586656393360196,8.00000000000927,0.0,1.5708183101153848,69.0,0.05848149083644981,0.056708423394606494,0.05375515362986772,0.228405371451313,0.3520853498544384,0.04484604925029895,0.13318791049055734,0.2054088415202619,-34.73325672877238,0.14952208500208047
152.3,-2.0541802125887756,434.8217407003517,5.155,0.01,7.97,-0.01,1.571581261176851,-0.006183170396894274,-0.02051120335394452,0.017448548250898463,-2.052654566625151,136.4231573425951,0.0,-0.1058000005854675,7.9857942883644,0.0,152.23,0.045666914781083284,-0.013670317023025,-4.976014451145053,1.5751843627410436,0.03731545674226812,-0.011851910101141526,-4.96949178187146,-0.0450810391799338,0.018246437662253534,0.01,1.5751878805522932,-2.009359506611133,136.41136291412866,0.0,-0.00017586656459618307,8.00000000000927,0.0,1.5708183101154676,70.0,0.058489679974088174,0.0566913360029712,0.05371821596066203,0.22833092305250502,0.3520538085777828,0.04485220030568036,0.13318040996126362,0.20534623299311158,-34.73501510961786,0.14947376484374508
152.4,-2.0541803950087143,435.62063717678427,5.154,0.02,7.97,-0.01,1.5730555551734309,-0.0033272525387060495,-0.011445184251191592,0.012131756894081386,-2.0519032349915665,137.22197265335151,0.0,-0.11736148601953054,7.987149375249738,0.0,152.329,0.04143342522445761,-0.015499920595802241,-4.986622271294397,1.5863588334681145,0.03100987095064605,-0.012939621135159094,-4.976446846556465,-0.084796799079268,0.011958839927610043,0.01,1.5789140554197068,-2.0093770932675863,137.21136291393637,0.0,-0.00017586656417696285,8.00000000000927,0.0,1.5708183101154152,71.0,0.058611629023420604,0.056751023340467006,0.05371846182957364,0.22838740276094413,0.3520800433808158,0.044889462561773535,0.1331972490315537,0.20541940853389012,-34.727547860988594,0.14951366501287103
152.5,-2.054180577722633,436.4195336526939,5.153,0.02,7.97,0.0,1.5741175220489987,0.0012899481255862941,-0.028803299030134025,0.015804047559943656,-2.0510088062671916,138.0209778530165,0.0,-0.1260076909392623,7.988851009344814,0.0,152.395,0.044447331127636464,-0.007727443048703084,-4.962181725856885,1.5745840115242113,0.029304297406798747,-0.008572948842045541,-4.9744137244870075,-0.06789895669704925,0.02073181581188077,-0.0,1.5767905691390118,-2.0093946799239832,138.01136291374408,0.0,-0.0001758665643847966,8.00000000000927,0.0,1.5708183101154412,105.0,0.058474452259486207,0.05667878527570132,0.053680823344232076,0.22827339416550096,0.3520358161000203,0.044835628195549405,0.13315883246900023,0.20529284358353297,-34.73693898351292,0.1494421184724605
152.6,-2.05418075993083,437.2184301274243,5.152,0.02,7.97,-0.01,1.575589791001056,-0.0037046135431550485,-0.013255156780261707,0.005191194734037704,-2.0501439626960165,138.82018676930633,0.0,-0.1371847623787299,7.990573484826196,0.0,152.527,0.03939377008428233,-0.006439754184469737,-5.040058323954671,1.5746126728212078,0.032609898560978165,-0.0042179791281705525,-4.982067222704275,-0.04348077141638568,0.027221453906205895,0.01,1.5737324345515589,-2.0094122665804175,138.81136291355176,0.0,-0.0001758665645038125,8.00000000000927,0.0,1.570818310115456,73.0,0.06389450217109996,0.06033565799188174,0.05554617593117604,0.232313679059938,0.35351622817318923,0.046784553853055195,0.13414922452558634,0.20993645467379105,-34.31886040331807,0.15194365656563505
152.7,-2.054180942433007,438.0173266008722,5.153,0.01,7.98,-0.01,1.5757614575002832,-0.008822072687654574,0.006875257204701981,-0.004608346673552906,-2.049453781600558,139.61961706350442,0.0,-0.13806432784500636,7.992948241692612,0.0,152.626,0.044134247004418765,-0.002031702779385927,-4.969830808194049,1.5783244437307982,0.034881425061414326,0.00021640540091866212,-4.980395076810087,-0.038642841081815385,0.025160833505742275,0.01,1.5743743584479661,-2.0094298532368495,139.61136291335947,0.0,-0.00017586656472940983,8.00000000000927,0.0,1.5708183101154842,74.0,0.059205044334480164,0.05696157992070546,0.05485305696745856,0.22825958970686316,0.35203016708681334,0.04502644912205889,0.133199397583493,0.20555585618984795,-34.6409205197782,0.14942458389139096
152.8,-2.0541811246742725,438.81622307410146,5.155,0.01,7.98,-0.01,1.5752180494044463,-0.010019439995405418,0.01221735522452284,0.0006128821332662916,-2.0489611959823617,140.41932146045664,0.0,-0.13386540288534376,7.996217079563297,0.0,152.725,0.042347433652587925,0.0017538288023710297,-4.95484846669877,1.5801757240295449,0.033440151646860664,0.003726817991566247,-4.975371821923602,-0.056225558290781553,0.029728994891687677,0.01,1.5765674390418944,-2.009447439893328,140.41136291316718,0.0,-0.00017586656470276448,8.00000000000927,0.0,1.570818310115481,75.0,0.058611945864133395,0.05668054534533662,0.05441272216165692,0.22854101664758814,0.3522643263205826,0.04487360889723564,0.13324629181091874,0.20569815569689617,-34.6972428979373,0.14970772475858546
152.9,-2.0541813069647077,439.6151195462269,5.156,0.01,7.98,0.0,1.575202400391225,-0.01003672260347356,-0.004788829615669602,0.00552205123554933,-2.0486037283414844,141.21938087972995,0.0,-0.13403310227598156,8.000170980689276,0.0,152.824,0.04014075936591362,0.002331888114677813,-4.977322243964525,1.5714392278687224,0.03399437988478371,0.005508041540025033,-4.973992147157514,-0.03836355843693457,0.029137387231985556,-0.0,1.5743377119019946,-2.009465026549825,141.21136291297486,0.0,-0.00017586656524277695,8.00000000000927,0.0,1.5708183101155484,76.0,0.05859037815101901,0.05669934948285078,0.05414257690796282,0.22870481842568882,0.35231745717720936,0.04487329443771694,0.13326597066309695,0.20578598337130602,-34.71218250707394,0.14980454495941303
153.0,-2.0541814870155974,440.4029202332424,5.157,0.01,7.99,0.0,1.5754870288681726,-0.007219834731917816,0.003639168959319111,-0.003421891934329881,-2.048338137668739,142.0198794551234,0.0,-0.1361590244856869,8.004861120540722,0.0,152.923,0.03925558447731545,0.00342936922532823,-5.004805060421398,1.575072304576891,0.030952192004283403,0.004520254730084735,-4.9795511247282676,-0.04642457967137677,0.014323879255240257,-0.0,1.5753469083051255,-2.0094826132063535,142.01136291278257,0.0,-0.00017586656493013815,8.00000000000927,0.0,1.5708183101155093,77.0,0.058523932363167816,0.05671370294991649,0.05395425462795187,0.22864193982931322,0.3522449764564865,0.044847228114559434,0.13322968521444087,0.2056676393336382,-34.72329108041156,0.14972644539267185
153.1,-2.0541816693391013,441.2018167038667,5.158,0.01,7.99,0.0,1.5752612860549728,0.0033924747952828118,-0.0003356146491104889,0.0002729382319054089,-2.048149377656328,142.8208861340689,0.0,-0.1341132657964371,8.010185687044153,0.0,153.022,0.041763911644949546,0.004592125452810791,-5.052074444295667,1.569520454328741,0.03646384148606889,0.0056611988446898555,-4.993028395340097,-0.011303802300068035,0.0153600583611464,-0.0,1.5709591929594457,-2.0095001998628597,142.81136291259025,0.0,-0.00017586656532448937,8.00000000000927,0.0,1.5708183101155586,78.0,0.05849666878800717,0.05670353973187558,0.05382354921011185,0.22851438059110926,0.35215742217350227,0.04482651955514582,0.13319534640536218,0.20551821541528847,-34.73100042681532,0.1496154625378412
153.2,-2.0541818548209676,442.000713867424,5.16,0.01,8.0,0.0,1.5749086891908686,0.0037664351004981617,0.018214192929565453,-0.01597055379470868,-2.0480202403206986,143.62241631066107,0.0,-0.13100544601803726,8.015466747581986,0.0,153.121,0.03628139136869113,-0.01759038063795141,-5.010217681661005,1.5815033576825464,0.031583061572045094,-0.014320020741496579,-4.99987302990143,-0.038919010819081515,-0.04374353991296953,-0.0,1.5744310617498951,-2.009517786519404,143.61136291239796,0.0,-0.00017586656613628444,8.00000000000927,0.0,1.57081831011566,79.0,0.05834713591119817,0.056656423426748884,0.053729761568498555,0.22836329804340155,0.3520770598624844,0.044807650287911664,0.13316759096992636,0.20535061064648688,-34.740360708231464,0.14950295004233716
153.3,-2.054182039543761,442.8107061214711,5.162,0.01,8.0,0.0,1.574094672980953,0.04106874085328701,0.0009257647084213323,0.000154518778533715,-2.0478979046468853,144.42441795122718,0.0,-0.12495543127896258,8.019761522710763,0.0,153.22,0.03968948874388191,-0.014659577384177225,-5.024089121542481,1.5702533952171351,0.037560514150511676,-0.01947195113815986,-5.008872082401341,-0.0008467029307170047,-0.04754228430774976,-0.0,1.5696453250097366,-2.009535373176021,144.41136291220565,0.0,-0.0001758665662126678,8.00000000000927,0.0,1.5708183101156696,80.0,0.05843255698131673,0.056733662986135934,0.053715008119575,0.22841003008559377,0.35208906151699637,0.044872802915450725,0.13319766802665892,0.20541141062133533,-34.73223637145199,0.14952810590469617
153.402,-2.0541822220270234,443.6096025896489,5.164,0.01,8.0,0.0,1.573776401640151,0.03612734162213949,0.01694543228755407,-0.015234154364455169,-2.0476900848513386,145.38715916142283,0.0,-0.11944089485209376,8.02129075877496,0.0,153.319,0.036882596071885404,-0.01898382519759141,-5.050921175539431,1.5694177932590097,0.038603977293936345,-0.02400956701515202,-5.013825126336755,0.006375398797857862,-0.04884741165037809,-0.0,1.5687368297014053,-2.009556477163951,145.3713629119749,0.0,-0.0001758665660350321,8.00000000000927,0.0,1.5708183101156474,83.0,0.059072805231188054,0.05737074231208226,0.05388066846294199,0.2293020738589591,0.35247108510964864,0.04524586291480671,0.13344177372583124,0.20635332682572882,-34.67434838724259,0.15011907334787883
153.501,-2.0541824043268804,444.40849905776645,5.165,0.01,8.0,0.0,1.5723197612122188,0.02540287335701375,0.014436065059435241,-0.015662334215975366,-2.0473704248248086,146.18937573869349,0.0,-0.10784094070888353,8.019506566490495,0.0,153.418,0.04055801779136981,-0.017791168500228438,-4.99138626471806,1.5753148672097592,0.035024593042059654,-0.024472818059487776,-5.004656745345004,-0.02990508379464933,-0.03974562853472907,-0.0,1.573296880342368,-2.009574063820557,146.1713629117826,0.0,-0.0001758665656975243,8.00000000000927,0.0,1.5708183101156052,83.0,0.05890387921860305,0.05714772012794502,0.053868222954768584,0.2289235707354381,0.3523070446002852,0.04511668242017834,0.13334146070133288,0.2059790294349452,-34.6912785851282,0.14986675478092637
153.6,-2.054182586675921,445.207395523641,5.165,0.01,8.0,0.0,1.5717804439507912,0.009907499596357864,-0.0034000011341779692,0.0038719172312583917,-2.046946853928423,146.83092628160387,0.0,-0.10636442973010299,8.016463704803558,0.0,153.484,0.03707169337251981,-0.026634213956242186,-5.028372733740925,1.5755258238191532,0.031127585538244074,-0.03177918065370493,-5.007145030834444,-0.03634608975648996,-0.048358495777574007,-0.0,1.5741096041018532,-2.009588133145813,146.81136291162875,0.0,-0.00017586656557140297,8.00000000000927,0.0,1.5708183101155895,66.0,0.05837494353284036,0.05672754867382751,0.05379190523682032,0.22831104340742317,0.35204841507679363,0.04486629254908083,0.13317142491439576,0.2053308496007097,-34.731481970898194,0.14946338087198438
153.7,-2.054182769163887,446.0062919890554,5.168,0.02,8.0,0.0,1.5725509749634679,0.011111978345494536,-0.008496514962633808,0.006486604072209625,-2.0462121856982503,147.63245915188315,0.0,-0.11244208032017805,8.011344174811795,0.0,153.616,0.03713829908262263,-0.02522036357844718,-4.980681975844369,1.5734151659442752,0.031813458663872585,-0.03086213076294774,-4.9999985771353295,-0.03633508297649869,-0.03622049505949043,-0.0,1.5728474960993102,-2.0096057198023733,147.61136291143646,0.0,-0.000175866565800553,8.00000000000927,0.0,1.5708183101156181,84.0,0.0634829754946847,0.06025432667385271,0.055571416851496615,0.23221368098242567,0.35348365364322515,0.04671779419138384,0.13411480213498225,0.20979207390564616,-34.33189726775463,0.151883792867329
153.8,-2.0541829548224513,446.80518915700134,5.17,0.02,7.99,0.0,1.5729606508419405,0.00023638208585205107,-0.004521279129520267,-0.0037800614561022275,-2.045329818939666,148.43345542898848,0.0,-0.11536977440031126,8.005552772698698,0.0,153.715,0.03772221264748857,-0.013235481979109898,-5.033201216421848,1.5698894420391887,0.03205467124314406,-0.018179003056813622,-5.006773608593642,-0.022492755829945518,0.010413603273731198,-0.0,1.5711079051548278,-2.009623306458865,148.41136291124417,0.0,-0.0001758665629317367,8.00000000000927,0.0,1.5708183101152595,85.0,0.05910384298796987,0.05702369661803297,0.05487110144712109,0.22837688317840293,0.3520887580462099,0.045032401615825966,0.1332129496070278,0.20565190545705034,-34.63998308193781,0.14950943258684424
153.9,-2.0541831370986756,447.6040856218526,5.172,0.02,7.98,0.0,1.5727749709647636,-0.031305917954011074,0.002359450833299815,-0.008507706621125268,-2.0443672817500715,149.23388635160168,0.0,-0.11337993914224788,8.000243818143005,0.0,153.814,0.037771428716412654,-0.01609036078144524,-5.030313499463142,1.5708487380094445,0.03499936804095109,-0.013594468529132268,-5.012215539431102,-0.004348676242069145,0.02806507602182151,-0.0,1.568841884157281,-2.009640893115128,149.21136291105188,0.0,-0.00017586656292463128,8.00000000000927,0.0,1.5708183101152586,86.0,0.058498839155157564,0.05661549456211508,0.05438991222914879,0.22847448076462235,0.35224213975057433,0.04482826686084347,0.1332216465124518,0.20561838494527096,-34.70485061980405,0.14966869753499146
154.0,-2.054183319668894,448.40298208542146,5.173,0.02,7.98,0.0,1.5719595375147202,-0.03160001961979406,0.010305876741307321,-0.016384088687441564,-2.0433228633263796,150.03388284584204,0.0,-0.10663759185883136,7.997135221786673,0.0,153.913,0.037027685242224224,-0.014597260368898857,-5.023420322440186,1.5729435052841967,0.03270353849316548,-0.012337348692063946,-5.01721768013909,-0.016824445736174618,0.02705713294001555,-0.0,1.570399732385164,-2.0096584797714927,150.01136291085956,0.0,-0.00017586656399932717,8.00000000000927,0.0,1.570818310115393,87.0,0.05868065023880508,0.05690044267077346,0.05419455943087535,0.2289952022710142,0.35243991413204073,0.04495738597127104,0.13332015646113718,0.20606625576922052,-34.69903238573083,0.14999656873578884
154.1,-2.0541835021332133,449.2018785487088,5.173,0.02,7.98,0.0,1.571059424607318,-0.021498516221242166,-0.0011849108376751274,-0.005907865932258102,-2.042135689898346,150.83370439048414,0.0,-0.09965650932290793,7.996766408062571,0.0,154.012,0.032655972819537395,-0.020226756606493673,-5.04908754762427,1.5639370169144138,0.03376429686725689,-0.01588177580363365,-5.020275142407179,0.004154095081015299,0.013819277652160622,-0.0,1.567774739649485,-2.0096760664279083,150.8113629106672,0.0,-0.00017586656440788924,8.00000000000927,0.0,1.570818310115444,88.0,0.05874624625421331,0.05695681705088035,0.05406528301362103,0.2289529526125883,0.3523696827589628,0.04496207454321594,0.13329524030319667,0.2059913123572619,-34.7009514733704,0.14992637991396046
154.2,-2.0541836840143333,450.0007750110383,5.173,0.02,7.98,0.0,1.570653605830392,-0.002955020561463186,0.0055020362912700125,-0.010473894320393544,-2.0407537598495655,151.63358356359737,0.0,-0.09604630424296688,7.998143098214121,0.0,154.111,0.032954366055649456,-0.015726666890798102,-4.997116665389447,1.571801978412359,0.030840614626981303,-0.014290932103474978,-5.017100070142652,-0.01625540646638672,0.01561920766996927,-0.0,1.5703279961800207,-2.0096936530843648,151.6113629104749,0.0,-0.00017586656485730752,8.00000000000927,0.0,1.5708183101155002,89.0,0.05858275785928854,0.05682978789318412,0.053939374485347254,0.22866316687560556,0.3522169258148836,0.04489602560860827,0.13323229437625075,0.20568112452653187,-34.71716055571798,0.14971042928039008
154.3,-2.054183866744296,450.7996714710214,5.173,0.02,7.98,0.0,1.5700637223806717,5.86356545475734e-05,-0.005416929562661846,0.004064242237336026,-2.0391425561362055,152.4336402535382,0.0,-0.0915864625337485,8.000211930111401,0.0,154.21,0.03497589719069163,-0.015202018658845337,-4.937462642188787,1.5801751462455205,0.026035661370015298,-0.0138488223177233,-5.002013629550762,-0.05454421009030298,0.014218383222743824,-0.0,1.5751174490647415,-2.0097112397408465,152.4113629102826,0.0,-0.00017586656495145443,8.00000000000927,0.0,1.570818310115512,90.0,0.05849655901682798,0.056728244834732384,0.05381026614119149,0.2284650890076588,0.35212303853988225,0.04482820074219533,0.13318091842179397,0.20546914170031638,-34.729561013355855,0.14957197459089555
154.4,-2.045094739359328,451.59856793524057,5.173,0.03,7.99,0.0,1.5706689049428115,0.0015917366872169527,-0.025579482333794895,0.012495999413148386,-2.0373096742253805,153.23390163869234,0.0,-0.09690359417806411,8.002123899665676,0.0,154.309,0.032320235606956044,-0.015297760941736308,-4.948656575125471,1.576955909306722,0.022220396356574114,-0.014995000681795417,-4.9913057296383165,-0.06973958291133006,0.0015656755626425323,-0.0,1.5757689763324203,-2.0097288263973327,153.21136291009032,0.0,-0.00017586656512376105,8.00000000000927,0.0,1.5708183101155335,91.0,0.05842937190277718,0.05666242487321529,0.05372216751036051,0.22834091585185162,0.3520675797870453,0.04480840074987785,0.13316201431620248,0.20534176259915707,-34.73822689827668,0.14948833169971454
154.5,-2.0450949209228213,452.39746439330804,5.172,0.02,7.99,0.0,1.5723474004215119,0.0071172307118392685,-0.022825650308893955,0.01437778097467193,-2.0353773844707024,154.0343576295204,0.0,-0.11013145943376071,8.003570125497257,0.0,154.408,0.02868968287303094,-0.013741674079728303,-4.959970803003357,1.5768824648093167,0.020104109076072206,-0.01432855323211146,-4.986505009882897,-0.05527397860388629,0.0039038814278979928,-0.0,1.5752089079552931,-2.009746413053833,154.01136290989803,0.0,-0.00017586656456065593,8.00000000000927,0.0,1.5708183101154631,92.0,0.058687454387765674,0.05674148993864449,0.053740274400122925,0.22841985100524284,0.352097832844587,0.04491484953396796,0.133220964332896,0.20546551234913168,-34.72443176278382,0.1495385552234609
154.6,-2.0450951023029376,453.1963608524544,5.171,0.02,7.99,0.0,1.5736665691391118,0.004673326210925044,-0.006704154697749236,0.013317622415725426,-2.033539416899224,154.8349718386697,0.0,-0.12039143690955466,8.004629362993624,0.0,154.507,0.026887603200406302,-0.014955593604544279,-5.008489267356194,1.5686671698113313,0.02056898297591618,-0.014492170297748533,-4.9851258130570475,-0.03909769126422977,0.0036179951251078535,-0.0,1.5731854395771454,-2.0097639997102625,154.8113629097057,0.0,-0.00017586656430486054,8.00000000000927,0.0,1.5708183101154312,93.0,0.05868906595295857,0.05674835331522779,0.053740688813373884,0.22839268818244465,0.35208368537810497,0.044906631359630036,0.13320462864957,0.20543906385892788,-34.724252663284446,0.14951881759686014
154.7,-2.045095284531911,453.9952573092545,5.171,0.02,7.99,0.0,1.5739426795069615,0.0030036889468639293,0.0018982440867017062,-0.0035396668080235542,-2.031637432313601,155.79585328507733,0.0,-0.12190585650284913,8.005717669800445,0.0,154.606,0.025793562789225923,-0.013540267888391147,-5.011778682173899,1.5767831178999352,0.01809677447066082,-0.01359396858378549,-4.9907992287732466,-0.046962019116304876,0.005994658937451547,-0.0,1.5741682546264093,-2.009785103697973,155.77136290947487,0.0,-0.00017586656405261787,8.00000000000927,0.0,1.5708183101153996,94.0,0.05852160743388308,0.05667543247368471,0.05369497948928385,0.2282758826906263,0.3520362478558757,0.044841718645235625,0.13316266178394442,0.2053025066521511,-34.73540210426582,0.1494436058198032
154.8,-2.045095466177642,454.79415376509667,5.17,0.02,7.99,0.0,1.5737581693709382,0.0004519025732687213,-0.005451240255916071,-0.00016809385828597424,-2.030576312218252,156.43650257242234,0.0,-0.12070152977411243,8.00633269725387,0.0,154.705,0.02548543784103568,-0.014639508266018703,-5.018233253674447,1.5767114902469639,0.016409752960666386,-0.014139525899205897,-4.996236326124793,-0.05214157926027736,0.004327850077170403,-0.0,1.5748168531827624,-2.009799173023135,156.41136290932104,0.0,-0.0001758665665377411,8.00000000000927,0.0,1.5708183101157103,95.0,0.05843172666718319,0.056652720226038865,0.05364395654020126,0.22825628405112222,0.35203306312671234,0.044802782934618805,0.13314080894472757,0.20526344457195073,-34.74215725690079,0.14943525429819715
154.9,-2.0450956441840447,455.59304950386763,5.169,0.01,7.99,0.0,1.5739419470217566,0.0011285960904431835,-0.008016297220457519,0.001167128035024602,-2.029489126481106,157.237369220269,0.0,-0.12207084100294972,8.006917298922568,0.0,154.804,0.022793050234995057,-0.015377753223139959,-4.988840104074034,1.5797059694336293,0.013257724025308538,-0.014265237107825027,-4.995210917897415,-0.05995824843048279,0.0037063964719967757,-0.0,1.5770459431221455,-2.009816759679807,157.21136290912875,0.0,-0.0001758665676159897,8.00000000000927,0.0,1.570818310115845,96.0,0.058441320342142486,0.05659697048735552,0.0536222559185969,0.22818274335169694,0.35200378842860386,0.0448137695970462,0.1331479580441278,0.2052046354298927,-34.744990910203455,0.14938855281965907
155.0,-2.045095825540514,456.3919459574695,5.169,0.01,7.99,0.0,1.5744165066306033,0.0005455969712705076,-0.010316819232677172,0.007367792417999211,-2.028707794925334,158.03829208463702,0.0,-0.12610235191329452,8.00737607579342,0.0,154.903,0.022594309823963182,-0.016989359742653448,-4.977972841208021,1.5776413382319856,0.01269235454668996,-0.016380155796457102,-4.9905941745060645,-0.05919521384658665,-0.0015777310407942835,-0.0,1.5769545630895823,-2.0098343463365853,158.01136290893646,0.0,-0.00017586656815600217,8.00000000000927,0.0,1.5708183101159126,97.0,0.05843885548436113,0.0565954357685708,0.053613110012003536,0.22818168468496505,0.3520032364693581,0.04481945891995238,0.13314829209264442,0.20520292004095278,-34.745217596683865,0.14938807541031712
155.1,-2.045096010402119,457.1908431284975,5.17,0.01,7.99,0.0,1.5753150587577858,0.004606013935960082,-0.005193089468359775,0.00414917361474111,-2.0282920526279193,158.8392631646562,0.0,-0.13328799032509064,8.007637851209035,0.0,155.002,0.017838204544336926,-0.02216005802768957,-5.005098574041318,1.5688216579642982,0.014422607131382843,-0.020521192344023935,-4.990601240299718,-0.02572532458981127,-0.011156055092684802,-0.0,1.5727672018160785,-2.009851932993358,158.81136290874412,0.0,-0.00017586656727137647,8.00000000000927,0.0,1.570818310115802,98.0,0.05845641521211426,0.05664353260842265,0.053613607333316264,0.22823909716912374,0.3520250249253927,0.044829534063695296,0.1331523275470991,0.20525399426298163,-34.74227757602974,0.14942411692075575
155.2,-2.0450961919466977,457.9897395812948,5.17,0.0,7.99,0.0,1.5755318939362208,0.009650552283804403,0.012361339962942851,-0.005776011949538343,-2.028283286374532,159.64026036123136,0.0,-0.13419224826887705,8.00773748395424,0.0,155.134,0.017071232891667266,-0.02448674380106689,-5.032063725480665,1.5746712126966762,0.013533901747242203,-0.025544523072068434,-4.998234439328911,-0.019784327260161008,-0.020944952552718554,-0.0,1.573278965764696,-2.0098695196500107,159.6113629085518,0.0,-0.00017586656672070585,8.00000000000927,0.0,1.5708183101157331,66.0,0.058337549382089376,0.05663153405949697,0.05360334952757859,0.22821363536115577,0.35201320840165956,0.0448139895904177,0.13314226492392164,0.20521363802448198,-34.74678269643311,0.14940642507298668
