timestamp,quad_x,quad_y,quad_z,quad_vx,quad_vy,quad_vz,quad_yaw,quad_omgx,quad_omgy,quad_omgz,quad_true_x,quad_true_y,quad_true_z,quad_true_vx,quad_true_vy,quad_true_vz,landing_pad_raw_stamp,landing_pad_x_raw,landing_pad_y_raw,landing_pad_z_raw,landing_pad_yaw_raw,landing_pad_x,landing_pad_y,landing_pad_z,landing_pad_vx,landing_pad_vy,landing_pad_vz,landing_pad_yaw,landing_pad_true_x,landing_pad_true_y,landing_pad_true_z,landing_pad_true_vx,landing_pad_true_vy,landing_pad_true_vz,landing_pad_true_yaw,measure_lag,sigma_px,sigma_py,sigma_pz,sigma_v,sigma_a,sigma_yaw,sigma_yaw_rate,covar_trace,covar_det_log,covar_max_eig
52.9,-4.684186372116983e-10,0.011095786632731176,0.016,0.0,0.0,0.0,1.5378840538349487,0.00025231657131328074,0.0003081049663120597,-0.002661117788876043,0.000205704807532127,-499.99929346653835,0.0,-0.0,0.0,0.0,0.0,0.0,0.0,0.0,0.0,0.0,0.0,0.0,0.0,0.0,-0.0,0.0,-2.0,-500.00000000000006,0.0,-0.0,0.0,0.0,1.5708000000000009,0.0,0.3872983346207417,0.3872983346207417,0.3872983346207417,0.7071067811865476,1.224744871391589,0.3872983346207417,0.7071067811865476,3.1,-8.56930919255525,1.5
53.0,-4.684186372116983e-10,0.011095786632731176,0.015,0.0,0.0,0.0,1.5379675413158276,0.0002807709982589862,0.00036829430158819503,-0.0026736334168380002,0.000205704807532127,-499.99929346653835,0.0,-0.0,0.0,0.0,0.0,0.0,0.0,0.0,0.0,0.0,0.0,0.0,0.0,0.0,-0.0,0.0,-2.0,-500.00000000000006,0.0,-0.0,0.0,0.0,1.5708000000000009,0.0,0.3872983346207417,0.3872983346207417,0.3872983346207417,0.7071067811865476,1.224744871391589,0.3872983346207417,0.7071067811865476,3.1,-8.56930919255525,1.5
53.1,-4.684186372116983e-10,0.011095786632731176,0.015,0.0,0.0,0.0,1.5380546870317795,0.0003941484049544787,0.00034666483992312275,-0.002675918801735667,0.000205704807532127,-499.99929346653835,0.0,-0.0,0.0,0.0,0.0,0.0,0.0,0.0,0.0,0.0,0.0,0.0,0.0,0.0,-0.0,0.0,-2.0,-500.00000000000006,0.0,-0.0,0.0,0.0,1.5708000000000009,0.0,0.3872983346207417,0.3872983346207417,0.3872983346207417,0.7071067811865476,1.224744871391589,0.3872983346207417,0.7071067811865476,3.1,-8.56930919255525,1.5
53.2,-4.684186372116983e-10,0.011095786632731176,0.015,0.0,0.0,0.0,1.5381377051260812,0.00030433732472019465,0.0003775239612939616,-0.002547121771093244,0.000205704807532127,-499.99929346653835,0.0,-0.0,0.0,0.0,0.0,0.0,0.0,0.0,0.0,0.0,0.0,0.0,0.0,0.0,-0.0,0.0,-2.0,-500.00000000000006,0.0,-0.0,0.0,0.0,1.5708000000000009,0.0,0.3872983346207417,0.3872983346207417,0.3872983346207417,0.7071067811865476,1.224744871391589,0.3872983346207417,0.7071067811865476,3.1,-8.56930919255525,1.5
53.3,-4.684186372116983e-10,0.011095786632731176,0.015,0.0,-0.01,0.0,1.5382365519788601,0.0003515218701521387,0.0003814542866647996,-0.0026994561480673247,0.000205704807532127,-499.99929346653835,0.0,-0.0,0.0,0.0,0.0,0.0,0.0,0.0,0.0,0.0,0.0,0.0,0.0,0.01,-0.0,0.0,-2.0,-500.00000000000006,0.0,-0.0,0.0,0.0,1.5708000000000009,0.0,0.3872983346207417,0.3872983346207417,0.3872983346207417,0.7071067811865476,1.224744871391589,0.3872983346207417,0.7071067811865476,3.1,-8.56930919255525,1.5
53.4,-4.684186372116983e-10,0.011095786632731176,0.016,0.0,-0.01,0.0,1.5383039834585526,0.00037627628321988546,0.00042136423973804417,-0.0028175340207264835,0.000205704807532127,-499.99929346653835,0.0,-0.0,0.0,0.0,0.0,0.0,0.0,0.0,0.0,0.0,0.0,0.0,0.0,0.01,-0.0,0.0,-2.0,-500.00000000000006,0.0,-0.0,0.0,0.0,1.5708000000000009,0.0,0.3872983346207417,0.3872983346207417,0.3872983346207417,0.7071067811865476,1.224744871391589,0.3872983346207417,0.7071067811865476,3.1,-8.56930919255525,1.5
53.5,-4.684186372116983e-10,0.011095786632731176,0.016,0.0,-0.01,0.0,1.5384003120150902,0.0003216388039610534,0.0003168492187551969,-0.002623198020228337,0.000205704807532127,-499.99929346653835,0.0,-0.0,0.0,0.0,0.0,0.0,0.0,0.0,0.0,0.0,0.0,0.0,0.0,0.01,-0.0,0.0,-2.0,-500.00000000000006,0.0,-0.0,0.0,0.0,1.5708000000000009,0.0,0.3872983346207417,0.3872983346207417,0.3872983346207417,0.7071067811865476,1.224744871391589,0.3872983346207417,0.7071067811865476,3.1,-8.56930919255525,1.5
53.6,-4.684186372116983e-10,0.011095786632731176,0.015,0.0,-0.01,0.0,1.538511683293853,0.0003559861935701583,0.00034357209049307803,-0.0025310217963011197,0.000205704807532127,-499.99929346653835,0.0,-0.0,0.0,0.0,0.0,0.0,0.0,0.0,0.0,0.0,0.0,0.0,0.0,0.01,-0.0,0.0,-2.0,-500.00000000000006,0.0,-0.0,0.0,0.0,1.5708000000000009,0.0,0.3872983346207417,0.3872983346207417,0.3872983346207417,0.7071067811865476,1.224744871391589,0.3872983346207417,0.7071067811865476,3.1,-8.56930919255525,1.5
53.702,-4.684186372116983e-10,0.011095786632731176,0.014,0.0,-0.01,0.0,1.5386276404049735,0.0,0.0,0.0,0.00020808673377519033,-499.999293307747,0.0,-1.89427916376608e-08,2.6326034542953498e-05,0.0,0.0,0.0,0.0,0.0,0.0,0.0,0.0,0.0,0.0,0.01,-0.0,0.0,-2.0,-500.00000000000006,0.0,-0.0,0.0,0.0,1.5708000000000009,0.0,0.3872983346207417,0.3872983346207417,0.3872983346207417,0.7071067811865476,1.224744871391589,0.3872983346207417,0.7071067811865476,3.1,-8.56930919255525,1.5
53.8,-4.684186372116983e-10,0.011095786632731176,0.015,0.01,-0.01,-0.04,1.5386180217054228,-0.016660452396077316,-0.000412855757536925,-0.0023703546325457544,0.0002339079722112891,-499.9992704812203,0.0,-3.821509863606256e-07,0.0005644551295787441,0.0,0.0,0.0,0.0,0.0,0.0,0.0,0.0,0.0,-0.01,0.01,0.04,0.0,-2.0,-500.00000000000006,0.0,-0.0,0.0,0.0,1.5708000000000009,0.0,0.3872983346207417,0.3872983346207417,0.3872983346207417,0.7071067811865476,1.224744871391589,0.3872983346207417,0.7071067811865476,3.1,-8.56930919255525,1.5
53.9,-5.02785124298355e-10,0.011095786351688177,0.023,0.01,-0.01,-0.11,1.5386703247812132,-0.017573405591257245,-0.0026390679390227633,-0.0017654616079318956,0.00029638563960461567,-499.99912918786856,0.0,-1.4380626470094016e-06,0.002427376618715902,0.0,0.0,0.0,0.0,0.0,0.0,0.0,0.0,0.0,-0.01,0.01,0.11,0.0,-2.0,-500.00000000000006,0.0,-0.0,0.0,0.0,1.5708000000000009,0.0,0.3872983346207417,0.3872983346207417,0.3872983346207417,0.7071067811865476,1.224744871391589,0.3872983346207417,0.7071067811865476,3.1,-8.56930919255525,1.5
54.001,-9.415575263904685e-11,0.01109578701192482,0.04,0.01,0.0,-0.2,1.5386800924923756,-0.005358598218066969,-0.0029561826583235484,-0.0007299359008595665,0.00040053178210254086,-499.99857558882115,0.0,-3.0470912496096303e-06,0.006691390695608013,0.0,0.0,0.0,0.0,0.0,0.0,0.0,0.0,0.0,-0.01,0.0,0.2,0.0,-2.0,-500.00000000000006,0.0,-0.0,0.0,0.0,1.5708000000000009,0.0,0.3872983346207417,0.3872983346207417,0.3872983346207417,0.7071067811865476,1.224744871391589,0.3872983346207417,0.7071067811865476,3.1,-8.56930919255525,1.5
54.1,-8.536600940023398e-11,0.011095786671139814,0.067,0.01,0.0,-0.29,1.5386081683125836,0.0033062924088434,-0.0033108726824996513,-0.0032663750008104127,0.00045998502389573147,-499.9978953936979,0.0,-2.9643915271915635e-06,0.009922522268015752,0.0,0.0,0.0,0.0,0.0,0.0,0.0,0.0,0.0,-0.01,0.0,0.29,0.0,-2.0,-500.00000000000006,0.0,-0.0,0.0,0.0,1.5708000000000009,0.0,0.3872983346207417,0.3872983346207417,0.3872983346207417,0.7071067811865476,1.224744871391589,0.3872983346207417,0.7071067811865476,3.1,-8.56930919255525,1.5
54.203,-1.0215301521343534e-10,0.011095787227427663,0.112,0.01,0.0,-0.41,1.5386145236578326,0.0,0.0,0.0,0.000484599625620219,-499.99641399180905,0.0,-3.46420775714494e-06,0.014283040130514487,0.0,0.0,0.0,0.0,0.0,0.0,0.0,0.0,0.0,-0.01,0.0,0.38,0.0,-2.0,-500.00000000000006,0.0,-0.0,0.0,0.0,1.5708000000000009,0.0,0.3872983346207417,0.3872983346207417,0.3872983346207417,0.7071067811865476,1.224744871391589,0.3872983346207417,0.7071067811865476,3.1,-8.56930919255525,1.5
54.301,-1.2772976426544957e-10,0.01109578698532486,0.146,0.01,0.0,-0.48,1.5386556918409209,0.007904194215942316,-0.003401124679323023,0.0005689448590908477,0.0004054592280116113,-499.99482247939824,0.0,-2.3524398387639873e-06,0.01713494947690296,0.0,0.0,0.0,0.0,0.0,0.0,0.0,0.0,0.0,-0.01,0.0,0.48,0.0,-2.0,-500.00000000000006,0.0,-0.0,0.0,0.0,1.5708000000000009,0.0,0.3872983346207417,0.3872983346207417,0.3872983346207417,0.7071067811865476,1.224744871391589,0.3872983346207417,0.7071067811865476,3.1,-8.56930919255525,1.5
54.4,-2.564059797816043e-10,0.0110957866595435,0.2,0.01,0.0,-0.58,1.5385757769134383,0.00823987137693243,-0.0021634983259638686,-0.0041806265488457525,0.0002511839110712386,-499.9933704702044,0.0,-5.186451214925783e-07,0.018859472262910966,0.0,0.0,0.0,0.0,0.0,0.0,0.0,0.0,0.0,-0.01,0.0,0.58,0.0,-2.0,-500.00000000000006,0.0,-0.0,0.0,0.0,1.5708000000000009,0.0,0.3872983346207417,0.3872983346207417,0.3872983346207417,0.7071067811865476,1.224744871391589,0.3872983346207417,0.7071067811865476,3.1,-8.56930919255525,1.5
54.5,-2.3003676741240042e-10,0.01109578715608936,0.264,0.01,0.0,-0.68,1.5385804670539238,0.006273689994506765,-0.002078994545955472,-0.00679960380622931,-8.058047590033247e-05,-499.99140039414084,0.0,-8.162984675830612e-07,0.02026986468363057,0.0,0.0,0.0,0.0,0.0,0.0,0.0,0.0,0.0,-0.01,0.0,0.68,0.0,-2.0,-500.00000000000006,0.0,-0.0,0.0,0.0,1.5708000000000009,0.0,0.3872983346207417,0.3872983346207417,0.3872983346207417,0.7071067811865476,1.224744871391589,0.3872983346207417,0.7071067811865476,3.1,-8.56930919255525,1.5
54.6,8.428290010353834e-11,0.011095787391862427,0.337,0.01,0.0,-0.78,1.538657848784004,0.005772605827860288,-0.0007057156938040566,5.6243965414095776e-05,-0.0005876512970328143,-499.98932855440563,0.0,6.204006493310012e-09,0.02097862864660387,0.0,0.0,0.0,0.0,0.0,0.0,0.0,0.0,0.0,-0.01,0.0,0.78,0.0,-2.0,-500.00000000000006,0.0,-0.0,0.0,0.0,1.5708000000000009,0.0,0.3872983346207417,0.3872983346207417,0.3872983346207417,0.7071067811865476,1.224744871391589,0.3872983346207417,0.7071067811865476,3.1,-8.56930919255525,1.5
54.7,-3.9228698067717005e-10,0.011095787563158488,0.421,0.0,0.0,-0.88,1.5386543656375749,0.0042778724920973,-0.0006227263167896111,0.0007931744004061848,-0.0012836045484029921,-499.9872181759514,0.0,3.490154332162993e-06,0.02112856322902221,0.0,0.0,0.0,0.0,0.0,0.0,0.0,0.0,0.0,0.0,0.0,0.88,0.0,-2.0,-500.00000000000006,0.0,-0.0,0.0,0.0,1.5708000000000009,0.0,0.3872983346207417,0.3872983346207417,0.3872983346207417,0.7071067811865476,1.224744871391589,0.3872983346207417,0.7071067811865476,3.1,-8.56930919255525,1.5
54.8,-4.69017213955425e-10,0.01109578759630056,0.514,0.0,0.0,-0.98,1.5385650704291205,0.004953686299550286,0.002084613580728804,-0.005988304030213273,-0.0021724136512033497,-499.98512374084993,0.0,6.141215726301303e-06,0.020734693001098967,0.0,0.0,0.0,0.0,0.0,0.0,0.0,0.0,0.0,0.0,0.0,0.98,0.0,-2.0,-500.00000000000006,0.0,-0.0,0.0,0.0,1.5708000000000009,0.0,0.3872983346207417,0.3872983346207417,0.3872983346207417,0.7071067811865476,1.224744871391589,0.3872983346207417,0.7071067811865476,3.1,-8.56930919255525,1.5
54.9,-5.801139568717417e-10,0.011095787728124806,0.619,0.0,0.0,-1.08,1.5385730611768105,0.003038765321474732,0.0017405168227625693,-0.00720299596829524,-0.0032502028200322637,-499.9830934526028,0.0,6.384309866394886e-06,0.019887377249347016,0.0,0.0,0.0,0.0,0.0,0.0,0.0,0.0,0.0,0.0,0.0,1.08,0.0,-2.0,-500.00000000000006,0.0,-0.0,0.0,0.0,1.5708000000000009,0.0,0.3872983346207417,0.3872983346207417,0.3872983346207417,0.7071067811865476,1.224744871391589,0.3872983346207417,0.7071067811865476,3.1,-8.56930919255525,1.5
55.0,-2.0505858122632503e-10,0.011095788361761505,0.738,0.0,0.0,-1.19,1.5385787385192253,0.003357838756951824,0.004295271875231662,-0.007667210873791209,-0.004775442074479684,-499.98079478743557,0.0,6.681345626881833e-06,0.01846695040642516,0.0,0.0,0.0,0.0,0.0,0.0,0.0,0.0,0.0,0.0,0.0,1.19,0.0,-2.3808310323697213e-17,3.222616202710157e-34,0.0,-1.4757133494763576e-19,2.3231101339687987e-36,0.0,-1.5742285822603228e-17,0.0,0.3872983346207417,0.3872983346207417,0.3872983346207417,0.7071067811865476,1.224744871391589,0.3872983346207417,0.7071067811865476,3.1,-8.56930919255525,1.5
55.1,-3.4173208707244385e-10,0.011095788251482941,0.869,0.0,0.0,-1.29,1.5386284785952906,0.0010615009265255266,0.0019223074759784481,-0.001957020376534839,-0.005915664496279122,-499.9793661948221,0.0,9.400223034588722e-06,0.017367494486661937,0.0,0.0,0.0,0.0,0.0,0.0,0.0,0.0,0.0,0.0,0.0,1.29,0.0,-2.0,-500.00000000000006,0.0,-0.0,0.0,0.0,1.5708000000000009,0.0,0.3872983346207417,0.3872983346207417,0.3872983346207417,0.7071067811865476,1.224744871391589,0.3872983346207417,0.7071067811865476,3.1,-8.56930919255525,1.5
55.2,7.746525643170799e-12,0.011095788643016913,1.012,0.0,0.0,-1.39,1.538586360463176,0.0014604377125119446,0.0019845761080333076,-0.0013353764554006678,-0.007456852272615076,-499.9777114198254,0.0,8.868877099890298e-06,0.0158532310923951,0.0,0.0,0.0,0.0,0.0,0.0,0.0,0.0,0.0,0.0,0.0,1.39,0.0,-2.0,-500.00000000000006,0.0,-0.0,0.0,0.0,1.5708000000000009,0.0,0.3872983346207417,0.3872983346207417,0.3872983346207417,0.7071067811865476,1.224744871391589,0.3872983346207417,0.7071067811865476,3.1,-8.56930919255525,1.5
55.3,-1.9765994396792053e-10,0.011095788730102751,1.166,0.0,0.0,-1.49,1.5385851497438292,-5.603032636065776e-05,0.0024671365194494426,-0.007247591746345766,-0.009103443212151275,-499.97620882388003,0.0,1.0723113248274872e-05,0.014322177657401049,0.0,0.0,0.0,0.0,0.0,0.0,0.0,0.0,0.0,0.0,0.0,1.49,0.0,-2.0,-500.00000000000006,0.0,-0.0,0.0,0.0,1.5708000000000009,0.0,0.3872983346207417,0.3872983346207417,0.3872983346207417,0.7071067811865476,1.224744871391589,0.3872983346207417,0.7071067811865476,3.1,-8.56930919255525,1.5
55.4,-2.823873912483066e-10,0.011095789358472885,1.328,0.0,0.0,-1.59,1.5386808785286286,0.002254239126580679,0.0024027195454626163,0.0029110939203473595,-0.010836699102534127,-499.97486347029303,0.0,8.547224025693141e-06,0.012714718479706053,0.0,0.0,0.0,0.0,0.0,0.0,0.0,0.0,0.0,0.0,0.0,1.59,0.0,-2.0,-500.00000000000006,0.0,-0.0,0.0,0.0,1.5708000000000009,0.0,0.3872983346207417,0.3872983346207417,0.3872983346207417,0.7071067811865476,1.224744871391589,0.3872983346207417,0.7071067811865476,3.1,-8.56930919255525,1.5
55.5,-0.009088646828244173,0.022191578094067244,1.498,0.0,0.0,-1.68,1.5386689128961903,0.0014273475788508115,-6.138526895728214e-06,-0.0001664148061119219,-0.012638651987069299,-499.9736804007963,0.0,8.204959514454102e-06,0.011043031218707866,0.0,0.0,0.0,0.0,0.0,0.0,0.0,0.0,0.0,0.0,0.0,1.68,0.0,-2.0,-500.00000000000006,0.0,-0.0,0.0,0.0,1.5708000000000009,0.0,0.3872983346207417,0.3872983346207417,0.3872983346207417,0.7071067811865476,1.224744871391589,0.3872983346207417,0.7071067811865476,3.1,-8.56930919255525,1.5
55.6,-0.009088647459067012,0.02219157845692954,1.676,0.0,-0.01,-1.76,1.538671505698238,0.0012583194410757,0.0026307469123768783,-0.0030853104014404763,-0.014488879880850928,-499.9726677502441,0.0,8.078896091040735e-06,0.009330366456650061,0.0,0.0,0.0,0.0,0.0,0.0,0.0,0.0,0.0,0.0,0.01,1.76,0.0,-2.0,-500.00000000000006,0.0,-0.0,0.0,0.0,1.5708000000000009,0.0,0.3872983346207417,0.3872983346207417,0.3872983346207417,0.7071067811865476,1.224744871391589,0.3872983346207417,0.7071067811865476,3.1,-8.56930919255525,1.5
55.7,-0.009088647569371222,0.022191579222922142,1.861,0.0,-0.01,-1.79,1.5386204394188265,-0.0007168381792318085,0.0009523690527540484,-0.004060669560949755,-0.016366376698211865,-499.97182787133806,0.0,7.265099055676944e-06,0.007535223650307723,0.0,55.606,-2.0953228890531954,0.059029464703972356,-1.5338085956707412,1.5530785104337688,1.8431436932253575e-18,0.00020000000000000882,0.03580000000000008,2.42861286636753e-17,0.01,1.79,-1.3120704153617147e-17,-2.0,-500.00000000000006,0.0,-0.0,0.0,0.0,1.5708000000000009,74.0,0.38768551688191805,0.3874274125562103,0.3874274125562103,0.7078841713161836,1.225153051663342,0.3876854394996026,0.7074602462329598,3.10340006,-8.563974508013926,1.5018995473000176
55.8,-0.009088647722831689,0.022191579668931594,2.046,0.0,-0.01,-1.8,1.5386128770795207,0.00016249182516336126,0.002579817341555042,-0.0034620302854674427,-0.018250423857726943,-499.9711522747103,0.0,6.329401024417746e-06,0.006025086827508919,0.0,55.705,-2.000954541825872,0.08937359127144753,-1.6486277680669108,1.5397169217985793,-1.9778565679298403,0.07617079804619399,-1.2705762962189429,-0.0051712792074671225,-0.12192743056647028,1.8,1.5316184764505307,-2.0,-500.00000000000006,0.0,-0.0,0.0,0.0,1.5708000000000009,76.0,0.04785622514936131,0.08571243356447816,0.13471615379339827,0.7238506433421067,1.2271916754461205,0.08547965411105941,0.7087612699661829,2.567393752868039,-23.21943603257872,1.5382933440680908
55.9,-0.009088648276131872,0.022191580632820118,2.228,0.0,-0.01,-1.78,1.5386388088252883,-0.0014902084569600315,0.001300916141794838,-0.0034086210091401033,-0.02012337034595134,-499.97063127024825,0.0,5.091970117374092e-06,0.004513168643244417,0.0,55.771,-2.010164777683732,0.09234468628028503,-1.7783556890750087,1.5397362741811345,-1.995228388990564,0.07894120234352126,-1.298208209308263,-0.0009384005695123994,-0.06879660068428095,1.78,1.5588877393513296,-2.0,-500.00000000000006,0.0,-0.0,0.0,0.0,1.5708000000000009,69.0,0.04087380521608154,0.10834390531940023,0.10080638160425535,0.6363814951752276,1.2277184299613138,0.10561677128398111,0.5847242801056819,2.288902333134536,-25.466452771281503,1.587680437225631
56.0,-0.009088647952229967,0.022191581161976393,2.408,0.0,-0.01,-1.75,1.5386540638890605,-0.0010081728133856163,0.003248575463684459,-0.003412298484729592,-0.02232882384442098,-499.97019526546137,0.0,3.434849089828656e-06,0.0028700561981861855,0.0,55.936,-2.0163099539615836,0.08963629805526434,-2.0810475758614464,1.5405075890245687,-2.007150334492534,0.08590354006308146,-1.4775735964911398,-0.0006022232039880625,-0.017762205878814448,1.75,1.5491075325292525,-2.4310908155508127e-17,3.3048224945547095e-34,0.0,5.120212963063517e-19,-8.730578743545347e-36,0.0,-1.7051202374835757e-17,44.0,0.032930682177780723,0.058089857937822925,0.07456032411835427,0.37163664895478027,1.195125559484841,0.05441446402352283,0.2766824147570838,1.6559710976676352,-30.378401258343725,1.4934213975085595
56.1,-0.01817729752968622,0.022191581625181644,2.584,0.0,-0.01,-1.71,1.5386042865600922,-0.0014398783670160834,0.0011884164839019835,-0.0025215536947963985,-0.02410766148330432,-499.969972349013,0.0,2.31162070289511e-06,0.0016704498183946637,0.0,56.002,-2.01109406882461,0.09063181277885785,-2.192693915253474,1.5398420577358027,-2.0106137774043806,0.0899295574585707,-1.5366786016561553,-0.00010402494138845768,0.005442117750936222,1.71,1.5479772017312063,-2.0,-500.00000000000006,0.0,-0.0,0.0,0.0,1.5708000000000009,79.0,0.03243635485865511,0.058717961453996756,0.06423021111289524,0.3700808304390492,1.1482437487420398,0.049666992818094474,0.2140877759245665,1.5123493496929858,-31.83772880798037,1.4133443949599847
56.2,-0.018177297571257522,0.02219158295326018,2.756,0.0,-0.01,-1.66,1.5764838397179286,-0.0014155821947642567,0.0042720363073619596,-0.001950633097200002,-0.025475149934650936,-499.96987684047576,0.0,1.1350962829173951e-06,0.0008035261002903618,0.0,56.134,-2.0236889771322426,0.09636118055501298,-2.4362410474534393,1.5414101488334753,-2.0166391604240888,0.09773589019656011,-1.6107504487219217,0.0006708868794663826,0.03733929219935417,1.66,1.546261958493612,-2.0,-500.00000000000006,0.0,-0.0,0.0,0.0,1.5708000000000009,46.0,0.03138273602760709,0.053628615851274014,0.0586103298341361,0.34476781758258007,1.0055728215540198,0.04310146924108075,0.17262361789256572,1.1689942729157943,-33.330341020796986,1.1033256670897595
56.3,-0.01817729816771374,0.022191583217440414,2.923,0.0,-0.02,-1.6,1.5763217164811234,-0.002043903281870245,0.0012263232763482003,-0.004523706823976531,-0.027098193783906512,-499.96984743827795,0.0,-1.919683257505826e-07,-0.0001359771228275786,0.0,56.233,-2.0186566261979775,0.0235503114468038,-2.591191597548316,1.5786307245819118,-2.0177769561104766,0.014708847587866843,-1.681453491191256,0.002095602974152016,-0.2827288761414804,1.6,1.577718591788444,-2.0,-500.00000000000006,0.0,-0.0,0.0,0.0,1.5708000000000009,67.0,0.03529521552622168,0.07170409540319059,0.059026939658192785,0.386989093608232,0.9443939407267256,0.05052550186486748,0.1663778284866007,1.0817462911457327,-32.81232684679239,1.0192708464600035
56.4,-0.01817729872980367,0.02219158338293825,3.083,0.0,-0.02,-1.53,1.5763061764326436,-0.0003931696625489002,0.0030758068158308885,-0.003697217073399486,-0.02860831415419255,-499.9699034042762,0.0,-1.3105162111943104e-06,-0.0009263274357046676,0.0,56.332,-2.027145395496477,0.017807104324631343,-2.763744633268905,1.5777903701997635,-2.0227134516047123,-0.013975626312674037,-1.7555439622249525,0.00590294401740251,-0.3248210953627767,1.53,1.5879135147174048,-2.0,-500.00000000000006,0.0,-0.0,0.0,0.0,1.5708000000000009,68.0,0.035280671531456,0.06980730357892685,0.05667604233410763,0.36044990655383474,0.7973232226322609,0.048052161324310845,0.15216802330399629,0.8004425331988736,-33.57673363724068,0.7475061455114826
56.5,-0.01817729925752709,0.022191583829479056,3.235,0.0,-0.02,-1.47,1.576264497419123,-0.001431551157740183,-0.0023531230218209547,-0.0012324157284298437,-0.02999327455778826,-499.9700313819704,0.0,-2.193822066477904e-06,-0.001583565851324409,0.0,56.431,-2.037875603783485,0.020663542860503828,-2.9358269536916266,1.5776204199917512,-2.027904781938776,-0.009937755350446872,-1.8522622410548346,0.004719124311227401,-0.22974919652420112,1.47,1.5896895319037032,-2.0,-500.00000000000006,0.0,-0.0,0.0,0.0,1.5708000000000009,69.0,0.035653286402893655,0.06884551994293554,0.055413246949286184,0.3342832796146186,0.6713979243474507,0.047386821522435084,0.14476340839858656,0.5948039294981481,-34.08036484327742,0.5463978074240216
56.6,-0.01817729978525051,0.022191584655745444,3.38,0.0,-0.02,-1.4,1.576095548519168,-0.0010824705657670615,-0.0009881339680629555,0.0007834179907534485,-0.031245982473835254,-499.9702189228292,0.0,-2.7819361992218237e-06,-0.0021214691373908842,0.0,56.53,-2.024520905682211,0.026194312203838426,-3.054375423418361,1.586545565706469,-2.0249849263433983,0.003057650777809983,-1.9543821751249715,0.0032875812559028023,-0.126592129886131,1.4,1.593219292154708,-2.0,-500.00000000000006,0.0,-0.0,0.0,0.0,1.5708000000000009,57.0,0.031261561868267236,0.04857170944665908,0.051725769843645145,0.25986377223392193,0.5108594393614941,0.03812002793406676,0.13232968895197733,0.35348288148713675,-35.9514132079124,0.31347710787217686
56.7,-0.018177299844401196,0.022191585526218027,3.519,0.0,-0.02,-1.34,1.575941807651196,-0.0006368026212069507,0.0004891926087682779,-2.7224249736247817e-05,-0.03236380490413106,-499.97045428652376,0.0,-3.3094202719127165e-06,-0.0025514703501338136,0.0,56.629,-1.9437680012552565,0.04074007686592247,-3.0831926197935315,1.6152226115025556,-1.9992285250906847,0.022805627214088145,-2.054454924320763,0.0016583192826976406,-0.026822169669206506,1.34,1.606198923935004,-2.0,-500.00000000000006,0.0,-0.0,0.0,0.0,1.5708000000000009,71.0,0.03523890514610364,0.061246329706184106,0.053869876040539,0.2756259106868622,0.48063435364000495,0.04511471637185844,0.1361027471549043,0.33543317684033025,-35.085714563077154,0.29220877846857574
56.8,-0.018177300337758107,0.02219158587407688,3.653,0.01,-0.02,-1.28,1.5758579560231905,-0.0005666220618732788,0.0034355690743167865,0.0028142968142735023,-0.033340608201493545,-499.97072965583897,0.0,-3.325258471157211e-06,-0.002935770726185484,0.0,56.728,-2.0266772315022985,0.03426404866466217,-3.339748691540695,1.5783618828974015,-2.0163297032746303,0.030895051071829792,-2.1801684035134867,-0.009872373615668678,0.01452143592675216,1.28,1.5940877044597277,-2.0,-500.00000000000006,0.0,-0.0,0.0,0.0,1.5708000000000009,52.0,0.03120852782006116,0.0458525967542764,0.0509145247219615,0.22698490047232558,0.3939880629307893,0.03753883662660275,0.12849134445805846,0.2303366502957744,-36.59986485566897,0.19236731034680965
56.9,-0.01817730044006516,0.02219158604484117,3.779,0.01,-0.02,-1.21,1.5758737461317818,-0.00321188625321454,-0.00032800296402947645,0.00290833006550876,-0.03417070234744288,-499.9710387926833,0.0,-3.0443821917184537e-06,-0.003227500975014747,0.0,56.827,-2.0363642373419255,0.023368076366900088,-3.485106591725718,1.5853045557452214,-2.0264981715166384,0.029669381163880442,-2.305077946224799,-0.00993212178157281,0.01672611041122353,1.21,1.5915265600301884,-2.0,-500.00000000000006,0.0,-0.0,0.0,0.0,1.5708000000000009,54.0,0.031564095389992435,0.04578947494550632,0.05087531541911581,0.21687632636232312,0.35867938852766823,0.03802075716265553,0.12802623614912376,0.19920380566129992,-36.71859241291472,0.16135256708487727
57.0,-0.02726595124340947,0.02219158604623761,3.897,0.01,-0.02,-1.15,1.57589807926235,-0.000279227920393356,0.00025389717522563267,0.004209666440321791,-0.03497300492838801,-499.97144191807934,0.0,-2.4523045812840845e-06,-0.0034481042018907654,0.0,56.926,-2.023980704366437,0.0240726423890372,-3.5877900669440925,1.576407639717361,-2.032099036382619,0.026563358528968024,-2.4379206861941096,-0.009908196367952937,0.013665682683866951,1.15,1.585288370772114,-2.4904477804912147e-17,3.4093426293153053e-34,0.0,-1.3138500167675345e-18,2.381209672235717e-35,0.0,-1.8123907918304158e-17,74.0,0.03610153369234078,0.05880581961594359,0.053419211128643625,0.23416489726640397,0.3526248390982961,0.046145536070136835,0.13385128042163807,0.20683810930384572,-35.587172118281,0.16452825348104555
57.1,-0.02726595131134979,0.022191586877770453,4.007,0.01,-0.02,-1.09,1.5758371498112123,-0.0013467327292953054,0.0019586565943683016,-0.0007551662019135522,-0.03539541187400337,-499.9717199876149,0.0,-2.4302013391477233e-06,-0.0034863243752080923,0.0,57.025,-1.991324900433743,0.032812197912644295,-3.6850325208242194,1.5604533922234607,-2.017077316963675,0.03229389297816901,-2.56654500328097,-0.010067547782954631,0.03327243677993874,1.09,1.5758856107668442,-2.0,-500.00000000000006,0.0,-0.0,0.0,0.0,1.5708000000000009,75.0,0.03613377510294647,0.057451710440926756,0.05339829855250741,0.2235823473218755,0.32807480904052577,0.046103125476214944,0.13339758540073263,0.18500028735443974,-35.73403251267035,0.14288026474350898
57.2,-0.02726595177913005,0.022191587467731644,4.112,0.01,-0.02,-1.03,1.5759377745587866,-0.0007595659538592191,-0.0008028332368713023,0.001996300524164298,-0.035800083025228475,-499.9720670351194,0.0,-1.425922286873469e-06,-0.0034465095983331087,0.0,57.124,-2.0112999830433185,0.037743309220599576,-3.7847602389057733,1.5572321252355135,-2.025924275873175,0.03891381258938917,-2.7034724390297704,-0.009784517961468682,0.051800418442371765,1.03,1.5640203549300709,-2.0,-500.00000000000006,0.0,-0.0,0.0,0.0,1.5708000000000009,76.0,0.0360989481817182,0.056215233796592746,0.053379537230438284,0.21503873019170724,0.3097450302069654,0.045988405762678826,0.13305472368841428,0.16931479374633654,-35.86266241917304,0.12734928864505757
57.3,-0.02726595229006623,0.022191587737709906,4.212,0.01,-0.02,-0.98,1.575759227914039,-0.001378889813316581,-0.0007040970297183027,-0.000380203072656688,-0.03607087444562433,-499.9724023011205,0.0,-1.2023363423456746e-06,-0.003275617603943943,0.0,57.223,-2.0402811160398713,0.03776406036764046,-3.947357343284546,1.5767060793942742,-2.0364245719178795,0.04298680474244065,-2.8446703311822183,-0.010085851036872791,0.05922149151447277,0.98,1.572985200711946,-2.0,-500.00000000000006,0.0,-0.0,0.0,0.0,1.5708000000000009,77.0,0.036062887272586386,0.05520931734591909,0.05335602884233637,0.20832716615058178,0.2961299612368316,0.045868964263262126,0.13281449899495623,0.15803228149838705,-35.96743652681113,0.116175731904826
57.4,-0.02726595268911347,0.022191588130306972,4.304,0.01,-0.02,-0.92,1.5756977345470826,-0.00047496198490839094,0.0034744751608195776,0.0025318917519652133,-0.03621208042069036,-499.9727200020222,0.0,-7.413083689282052e-07,-0.0030900091683090285,0.0,57.289,-2.069935732750414,0.03278030249348487,-4.05989502048767,1.577064154384763,-2.0486801959807286,0.043700881702205034,-2.8821860111186393,-0.010167788957056903,0.05668368303840089,0.92,1.5753702346763894,-2.0,-500.00000000000006,0.0,-0.0,0.0,0.0,1.5708000000000009,71.0,0.03464404425375192,0.05019817596258163,0.052979312530376806,0.1958447282155835,0.28174887877281835,0.04308988313083021,0.1304340475096894,0.14313424126598218,-36.42321212954395,0.10291620425492475
57.5,-0.027265952843366525,0.02219158794214815,4.393,0.01,-0.01,-0.87,1.5758169396456818,0.0006752994934895414,0.000532338865597281,0.0009389100129030902,-0.03622020186872077,-499.97301941937576,0.0,1.1487996591657148e-07,-0.0029125640450004928,0.0,57.421,-2.0879977758021564,0.04394821068937172,-4.22041601452935,1.5715483931671128,-2.072246069655171,0.04674916524635605,-3.071780170516142,-0.010510505469303873,0.05091313851163871,0.87,1.5832734672914008,-2.0,-500.00000000000006,0.0,-0.0,0.0,0.0,1.5708000000000009,79.0,0.03742616870436762,0.05737132161591761,0.05502678762988702,0.203605842559486,0.2807750164453181,0.04826322299533618,0.13412418220810812,0.1483287179358277,-35.728193507835485,0.10514016972029903
57.603,-0.02726595328556991,0.02219158839448676,4.477,0.01,-0.01,-0.82,1.5758131435748675,0.0031394760573006343,0.0036057977904270194,-0.00201939012957799,-0.036038857116956376,-499.9733663567792,0.0,1.1008048876789748e-06,-0.002912207077426086,0.0,57.487,-2.1024653562543363,0.05478280529856317,-4.325305557138207,1.5810537187364924,-2.0838274613949834,0.05838939627884824,-3.128840300730223,-0.010836040457020264,0.07420555572683728,0.82,1.5838169011187797,-2.0,-500.00000000000006,0.0,-0.0,0.0,0.0,1.5708000000000009,73.0,0.03513078946158749,0.05027521631948823,0.05416512457477458,0.19029746941775041,0.26975674414944273,0.043789678985243934,0.13069827650874574,0.1346770338132614,-36.37218920210725,0.0940403655889295
57.701,-0.027265953727773296,0.0221915892265514,4.555,0.01,-0.01,-0.76,1.5759308515724282,0.002983558484222286,-0.00030326473813061466,-0.0009948999623240144,-0.035718975443341176,-499.97366569456085,0.0,1.4973138272143812e-06,-0.0030886500160735796,0.0,57.619,-2.1035470352500405,0.04365534038869443,-4.429947803047168,1.5732949237742337,-2.0990245129300322,0.05309463050955852,-3.3404470373134547,-0.010199556107318214,0.05596301699191958,0.76,1.5751379663675384,-2.0,-500.00000000000006,0.0,-0.0,0.0,0.0,1.5708000000000009,82.0,0.035988675423021685,0.05177507585197896,0.05545846253987267,0.1900065454518875,0.2666937496638325,0.04518386464482335,0.13142171062913563,0.13359277537871336,-36.16872445417649,0.0921810178972251
57.8,-0.027265953890816208,0.022191588619727032,4.625,0.01,-0.01,-0.71,1.575780414105628,-0.013033985339418627,-0.016235590609464334,-0.003418841013935383,-0.03537126926350342,-499.97391320997116,0.0,1.5688938354512052e-06,-0.003079375112506382,0.0,57.718,-2.0954955367495502,0.029461199563045885,-4.4875480414419435,1.574395371625645,-2.0987122896885824,0.043773154145635804,-3.4058908296068555,-0.010076324926626806,0.029739923266523284,0.71,1.5746628335308428,-2.0,-500.00000000000006,0.0,-0.0,0.0,0.0,1.5708000000000009,82.0,0.039263833050303586,0.061221239738624894,0.057231255941716276,0.20263646754199044,0.27066876894067327,0.05177287697794645,0.1365170682360619,0.14420556660570139,-35.33518348945886,0.09887805929013466
57.9,-0.027265954264286574,0.02219158925442688,4.689,0.01,-0.01,-0.63,1.5755688716333844,-0.010952721355602766,-0.010912626976466866,0.0002441438406925389,-0.03491331016605126,-499.97418869110044,0.0,1.073154780057826e-06,-0.0023497567050935566,0.0,57.817,-2.006317272303343,0.03938249226390524,-4.4045342774834575,1.5971137309338002,-2.0661556048866787,0.03883974878263969,-3.5701552715675944,-0.010082593137345401,0.01731314999417486,0.63,1.5820896307893624,-2.0,-500.00000000000006,0.0,-0.0,0.0,0.0,1.5708000000000009,83.0,0.03565194317326758,0.05051981889503056,0.0556265923067395,0.18608919074635827,0.26120625838074546,0.04460512090552915,0.1311148275343863,0.12895624206514877,-36.281511983805785,0.08780189812607839
58.002,-0.02726595482716876,0.022191589165481584,4.757,0.01,-0.01,-0.52,1.5767429359864928,0.0,0.0,0.0,-0.034554122457278236,-499.9743438803946,0.0,1.1608734183167487e-06,-0.0008010018470145041,0.0,57.916,-2.0155022043356294,0.044420856304999715,-4.496002075008567,1.5751738914232372,-2.0452897603563507,0.04451481466698003,-3.711545103584156,-0.010175912498914584,0.029255793151300072,0.54,1.5799316350099217,-2.0,-500.00000000000006,0.0,-0.0,0.0,0.0,1.5708000000000009,86.0,0.03507937633878504,0.04941178418740248,0.05470536523507081,0.1845462996443908,0.2594613184172136,0.04373114681516272,0.13083509966611434,0.1270725130200504,-36.44466764541281,0.08634076767269151
58.1,-0.027265954809589266,0.022191589623087093,4.791,0.01,0.0,-0.45,1.5780207841333491,-0.0021155826737842827,-0.005588298072025358,0.008945209859535723,-0.03438404718828978,-499.974310427668,0.0,-4.433749181796852e-06,0.001319636244722693,0.0,58.015,-2.1146193675719447,0.03433170690986119,-4.731134384491602,1.5779941117211465,-2.076474413762064,0.04218061905777736,-3.8678710153181854,-0.010123332782244934,0.012657129245091409,0.45,1.5805401539038386,-2.0,-500.00000000000006,0.0,-0.0,0.0,0.0,1.5708000000000009,85.0,0.03479882069431862,0.04887426308473611,0.05394123343709619,0.18346039760326377,0.2581463500282802,0.043252569640336504,0.130638331119969,0.12574372203848044,-36.54442306576598,0.08526969359850145
58.2,-0.02726595483516614,0.02219158976070945,4.828,0.0,0.0,-0.35,1.5787730636682846,0.0003445249830174618,-0.00014306735989733915,0.006331593910240222,-0.03445170451309281,-499.9740515571968,0.0,-1.5388267156946328e-05,0.0036571461535666486,0.0,58.015,-2.1146193675719447,0.03433170690986119,-4.731134384491602,1.5779941117211465,-2.0772889845137055,0.04363523546829545,-3.8290410153182375,-0.00016903605677203918,0.016463955267322333,0.35,1.581063004207633,-2.0,-500.00000000000006,0.0,-0.0,0.0,0.0,1.5708000000000009,85.0,0.03881305932304675,0.059764555241501115,0.056123953949482726,0.19786137267661924,0.26383796701039286,0.051118027647547415,0.13646162270751186,0.13822257670034835,-35.51145718608423,0.09321931217266631
58.3,-0.02726595526058251,0.022191589656761046,4.857,0.0,0.0,-0.26,1.579480767310832,0.00025433641459539775,0.0006412088805616228,0.005011983874850994,-0.03477937450124538,-499.9735569254434,0.0,-3.0607271099518756e-05,0.00603347083429552,0.0,58.18,-2.0841762648223803,0.040852247204355055,-4.719126928220007,1.586348071684119,-2.0802858546256537,0.04369050005265863,-3.9127115579846663,-0.00024121412349617445,0.016698964410443537,0.26,1.5852401774982414,-2.0,-500.00000000000006,0.0,-0.0,0.0,0.0,1.5708000000000009,60.0,0.03811232856987642,0.05612704320496005,0.05717192759736963,0.19012810413760378,0.25949420522521266,0.049053774459012434,0.13396824916357383,0.1317111269742019,-35.71207220096356,0.08810309278950804
58.4,-0.027265955329315306,0.022191589854125393,4.877,0.0,0.0,-0.16,1.580692667574856,0.0007202295870984662,-0.0021526057703830093,0.02263015603128609,-0.03537383118947207,-499.9728254545366,0.0,-5.516872294617564e-05,0.00841454640984681,0.0,58.279,-2.111928663424782,0.038033482712854116,-4.830927816491441,1.5719138176285758,-2.0849939579682424,0.04074323752922829,-4.0795894110649265,-0.00014774698519071002,0.011175153055464111,0.16,1.5840165822004844,-2.0,-500.00000000000006,0.0,-0.0,0.0,0.0,1.5708000000000009,81.0,0.03620613619641251,0.05164048348251971,0.0557122855933968,0.1853199396945987,0.25746510300837694,0.04564233449222784,0.13207468125713734,0.12724018604122045,-36.18458083123989,0.08544074455935573
58.5,-0.02726595528615916,0.022191589794383404,4.886,0.0,0.0,-0.06,1.582225545370255,0.0013565078899242175,0.00043098993143534536,0.00912466263592606,-0.036240201209589436,-499.9718575797166,0.0,-8.783835709570662e-05,0.0108370972186123,0.0,58.411,-2.0655447324156917,0.04345604360576893,-4.735687260419868,1.585097794413805,-2.078077320802155,0.04572992944481526,-4.226971725686759,3.7179628740025814e-05,0.021536259821993847,0.06,1.56906995498702,-2.0,-500.00000000000006,0.0,-0.0,0.0,0.0,1.5708000000000009,89.0,0.037292159747628895,0.054137426448900114,0.05688759066198488,0.18796433628983195,0.25825745106097825,0.04752235817476502,0.13324085531688673,0.1295967668899351,-35.90518169303712,0.08670902779295073
58.6,-0.03635460718671535,0.022191589659751987,4.886,0.0,0.0,0.0,1.5815534368765098,0.0005111582917252616,2.3016647117118156e-05,-0.040670958766113305,-0.03765469966690299,-499.97037511260424,0.0,-8.592022004350462e-05,0.013824048816264955,0.0,58.477,-2.0412421138113293,0.04741983783420328,-4.682293570027296,1.5727379907267278,-2.0658205614006357,0.04955569341617972,-4.279104448576868,4.431528065707961e-05,0.028016689358646533,-0.0,1.5692145823163792,-2.0,-500.00000000000006,0.0,-0.0,0.0,0.0,1.5708000000000009,85.0,0.03604123976900835,0.05141939655152848,0.05553859579182265,0.1851888405627361,0.25709529107727763,0.04543799862493175,0.13214852056142182,0.12694819949703037,-36.22171390052926,0.08519116292961848
58.7,-0.03635460718671535,0.022191589659751987,4.881,0.0,0.0,0.02,1.5772134415481727,4.576152379845295e-05,0.00043288171433531847,-0.038192742186127705,-0.038837183929947214,-499.9691849978685,0.0,-4.9299003020734125e-05,0.015824028665853165,0.0,58.576,-2.0986829281781105,0.04536199215876491,-4.831577199891002,1.5629239539224116,-2.0791888102707654,0.050560078295940315,-4.396614488094647,0.0002966828220205284,0.02752125299039812,-0.02,1.5600166093782455,-2.0,-500.00000000000006,0.0,-0.0,0.0,0.0,1.5708000000000009,86.0,0.03584699490438001,0.05120774323922975,0.0546827391687306,0.1851273934544865,0.256965626027203,0.04497066683931933,0.13200238452029012,0.12664791713614515,-36.29893757541269,0.08510085201776932
58.8,-0.03635460715234906,0.022191589940795176,4.876,-0.01,0.01,0.0,1.5735038845476248,0.00032472631612565393,0.0026740812462857006,-0.05462096957613382,-0.04059783665738214,-499.9674591661161,0.0,1.0347011418838171e-05,0.018500987605516096,0.0,58.708,-2.084087315385267,0.05373834429361565,-4.803011699831602,1.5598637184078654,-2.0811985662804027,0.0547231957556037,-4.488719966539987,0.010434418652175856,0.025211383154460185,-0.0,1.5584595034743114,-2.0,-500.00000000000006,0.0,-0.0,0.0,0.0,1.5708000000000009,92.0,0.03712410415936497,0.05393773609727858,0.05609734582221426,0.18756720259354454,0.2576674136478678,0.047189053910716004,0.13317610863140553,0.12897102495717372,-35.973205020165175,0.08624767703505117
58.905,-0.03635460715234906,0.022191589940795176,4.875,-0.01,0.01,-0.06,1.5675862781379857,-0.0007948444923543864,0.0013824875842901295,-0.048622591247019994,-0.043129046618545316,-499.96501955866046,0.0,0.00012970296878666088,0.021736296924682406,0.0,58.774,-2.1046954880912487,0.04480543460873581,-4.852518363657635,1.553151857242883,-2.0875435633461223,0.05213835308903061,-4.526932299342771,0.010489087852276311,0.017733322681257366,0.06,1.5531627686333493,-2.0,-500.00000000000006,0.0,-0.0,0.0,0.0,1.5708000000000009,66.0,0.03654700609064645,0.05268906855346482,0.055285000370972365,0.1864070585281853,0.2572511493102742,0.04606813998849001,0.1326129688441334,0.1278024711834814,-36.123724376748164,0.08562753016561113
59.0,-0.03635460719878747,0.03328738479612792,4.879,-0.01,0.01,-0.09,1.5646802154977362,-0.0006892159539317226,-0.001079684923779759,-0.04797001571834593,-0.04506046140912001,-499.96316701518595,0.0,0.00021660714503011764,0.023961473914906235,0.0,58.939,-2.0565345349882445,0.023550255746466575,-4.765026392117348,1.5655477888782672,-2.0776709970811345,0.028207775603056096,-4.5821209523835975,0.010008017023977498,-0.03345964577359314,0.09,1.5711380635688779,-2.0,-500.00000000000006,0.0,-0.0,0.0,0.0,1.5708000000000009,61.0,0.03737020284605938,0.05434664152878072,0.056405242933427704,0.1877401079079077,0.2576144338381967,0.04747095283073573,0.13329710833900418,0.12916479602983805,-35.914145811918566,0.08624821871389443
59.1,-0.04544326081059147,0.033287384711768286,4.888,-0.01,0.02,-0.12,1.5627551535752155,-0.0006209884444962007,0.0006641319616480343,0.02227654910200982,-0.047735616090368624,-499.960593154191,0.0,0.0002716200348977234,0.026723315288525583,0.0,59.038,-2.040133975620954,0.03550800498434147,-4.7657438974471,1.5529905697326798,-2.065102928175907,0.03069871427667448,-4.617536638999129,0.010001665359700524,-0.03169027919621181,0.12,1.5709387835883835,-2.0,-500.00000000000006,0.0,-0.0,0.0,0.0,1.5708000000000009,62.0,0.03585761289869226,0.050826960310221096,0.055086632133560735,0.1839492546676924,0.25613991178459145,0.04476219774484237,0.13173630132731312,0.12570677547315437,-36.301643588689885,0.0842422056813483
59.2,-0.04544326120164133,0.033287384888862626,4.9,-0.02,0.02,-0.14,1.5658061686579623,0.001127291846751455,0.0005768479891086983,0.01972089933927408,-0.050688259532199784,-499.95772936064014,0.0,0.0002081126643694337,0.029762765874217258,0.0,59.071,-2.0675236443105702,0.03829178487250171,-4.814964456274667,1.5579744498457586,-2.063734957102753,0.03114023812397391,-4.625692885600792,0.01997475571960676,-0.024310475551787655,0.14,1.5649398983145784,-2.0,-500.00000000000006,0.0,-0.0,0.0,0.0,1.5708000000000009,94.0,0.035358999623530854,0.04994823419648883,0.05423504323527582,0.18326852879650501,0.25591965364547137,0.04412001716335666,0.13148526975703453,0.12500369971528483,-36.43087572674252,0.08391869266376542
59.3,-0.04544326096012963,0.04438317986314777,4.912,-0.02,0.02,-0.15,1.5669352557186522,0.0004454801518875827,-0.0033821849476537258,-0.006853004622714349,-0.053908478579854674,-499.9545656582881,0.0,0.00019609534511547686,0.03279221046056443,0.0,59.236,-2.029891226649379,0.03988583382651809,-4.756245636747698,1.5708457174377544,-2.04716571416262,0.03765608539572921,-4.645691646412347,0.019904680181448926,-0.005732361077678643,0.15,1.5774770678026797,-2.0,-500.00000000000006,0.0,-0.0,0.0,0.0,1.5708000000000009,64.0,0.03849647039943553,0.05826099062979506,0.05617447368693825,0.19404553095415525,0.260409554341117,0.050250436482165164,0.13586049906669329,0.13448187840510248,-35.61998732050529,0.08990708624609045
59.4,-0.054531913217369166,0.0443831798069283,4.924,-0.02,0.02,-0.16,1.567467221818168,-0.0006834923270031084,-0.0003736263303634705,0.030399708430966503,-0.05739227375707216,-499.9511066071489,0.0,0.00017606523367387053,0.035687085959514434,0.0,59.302,-2.0757942146309367,0.03352370205373369,-4.877377071275976,1.5542418082046086,-2.050245749080009,0.03558939458690277,-4.667186902536322,0.020046334261303336,-0.007550550395803622,0.16,1.567074552030424,-2.0,-500.00000000000006,0.0,-0.0,0.0,0.0,1.5708000000000009,98.0,0.03589256850514306,0.05098810539836212,0.05493111374247326,0.1839013776841435,0.25606037922200814,0.04517528080954053,0.1319140455067668,0.12573424654262622,-36.287505547192715,0.08419306021153611
59.5,-0.05453191365157539,0.04438318004376507,4.939,-0.03,0.03,-0.17,1.570105035326213,0.0011432011676484487,0.00014968595332565856,-0.0037728397679936284,-0.061139175217293215,-499.94735496800706,0.0,9.779303777481847e-05,0.03877259020059265,0.0,59.434,-2.0376014326229814,0.03762683104183132,-4.826894639808056,1.5918054479839856,-2.0555774148048602,0.036775295302051494,-4.696501132463506,0.029571923736913364,-0.010260320836922809,0.17,1.5924790082801796,-2.0,-500.00000000000006,0.0,-0.0,0.0,0.0,1.5708000000000009,66.0,0.03585140907755965,0.051179948548313786,0.054321916739218885,0.18461165410270325,0.2564639371640588,0.045067427195210466,0.13203707550181998,0.12617565750177256,-36.31377891882668,0.08464596776415631
59.6,-0.06362056518994086,0.05547897504497756,4.956,-0.03,0.03,-0.18,1.5706605767216555,0.00028810277882207675,0.0003940339946604924,0.04354717091387888,-0.06515250906152699,-499.9433134314404,0.0,5.0394110054886834e-05,0.04156162772851381,0.0,59.533,-2.0667568139694965,0.02535150575539368,-4.906582761690578,1.5750471968513606,-2.056856199323605,0.026926619964446386,-4.720319523314727,0.0299826015240988,-0.027681426981200786,0.18,1.5783001445333433,-2.0,-500.00000000000006,0.0,-0.0,0.0,0.0,1.5708000000000009,67.0,0.03535979324064276,0.05006600941303158,0.053781556645451443,0.1832120587158698,0.255883951496415,0.04435127189262284,0.13154582981861362,0.1249639718652627,-36.44082537403275,0.08390145346921804
59.7,-0.06362056558099072,0.0554789752220719,4.973,-0.03,0.03,-0.19,1.5768433074143269,0.001434702963465469,0.002618684194076571,0.02433964352265782,-0.06943657094363932,-499.9389960879421,0.0,-0.00020755528115975073,0.044665159494971594,0.0,59.632,-2.015663066951738,0.029336490888865745,-4.827066239022264,1.5933658055319309,-2.038830243680959,0.025936892268755136,-4.715089965644383,0.029899148575189726,-0.02365940813963284,0.19,1.5867006656167497,-2.0,-500.00000000000006,0.0,-0.0,0.0,0.0,1.5708000000000009,68.0,0.03854113811868593,0.05841928476567821,0.05582453965858344,0.1939551875634817,0.26034793412245544,0.050338096123758336,0.13578703428664385,0.13438631557445246,-35.626853535915465,0.0898622906225208
59.8,-0.07270921795011964,0.05547897504323318,4.99,-0.03,0.04,-0.19,1.5782099958185591,-0.00035895675411844213,0.0023126987933212904,0.03386531118264237,-0.07399853343241021,-499.93439632589457,0.0,-0.00030064232795884015,0.047511018436242294,0.0,59.665,-2.0858423610944463,0.02035881101233446,-4.995141451565813,1.5529518082599139,-2.0508613516518217,0.019645002050173662,-4.727391028634205,0.030000513789862387,-0.04042342672571609,0.19,1.572009735347124,-2.0,-500.00000000000006,0.0,-0.0,0.0,0.0,1.5708000000000009,95.0,0.03594083685168098,0.05106143734079035,0.05471938868891812,0.18370595964686173,0.25595515543144304,0.04517388330557675,0.1317902973195491,0.12556350903758512,-36.293214623213956,0.08408971290073816
59.9,-0.07270921810844744,0.06657476901649728,5.007,-0.04,0.04,-0.2,1.5799967656519749,0.0009221539016433478,-0.0008262361222659544,-0.013794101693350543,-0.07883969013004577,-499.9295187657006,0.0,-0.00039480468395703663,0.05046378076160041,0.0,59.83,-1.999584757882158,0.01787577824007827,-4.84541334274062,1.6049348054325818,-2.0283501011215366,0.013538488870878627,-4.744004550211908,0.04003930936602069,-0.04436322062035719,0.2,1.5798053377883559,-2.0,-500.00000000000006,0.0,-0.0,0.0,0.0,1.5708000000000009,50.0,0.03218609524067367,0.042132617779644874,0.05309863258722489,0.17137250445410446,0.25061113988953837,0.03848863129407838,0.12661944547133347,0.1153189044204058,-37.276857547348804,0.07763568336577631
60.0,-0.08179787207693479,0.0665747690105496,5.025,-0.04,0.04,-0.21,1.5778917531159262,0.0003876386937526414,-0.0001091068150777614,-0.004477949050278602,-0.08501713405456648,-499.92329725166917,0.0,-0.0003406778460293707,0.05365974788624556,0.0,59.863,-2.0376748278001386,0.01368824824442951,-4.953437963692764,1.5622592507285378,-2.026739019628186,0.008193760572954473,-4.747101192687984,0.04001077799558939,-0.046387168683466234,0.21,1.572483770151027,-2.0,-500.00000000000006,0.0,-0.0,0.0,0.0,1.5708000000000009,77.0,0.03574143767015677,0.050575238815691904,0.054922785710960174,0.18341013683878485,0.25595160457525545,0.04473965261817762,0.13156757448846365,0.12531398289128837,-36.331896322208564,0.08400285082865935
60.1,-0.08179787219210644,0.07767056520242255,5.045,-0.04,0.04,-0.21,1.577906665918652,-0.0012109277077811769,-0.0019292384710003763,-0.019843039511023234,-0.08936195239781722,-499.91892913878877,0.0,-0.00033777120186498735,0.05592620060168879,0.0,60.028,-2.045075910739971,-0.0005101100878008194,-5.023452069980596,1.5465257580537686,-2.0421490592608214,-0.0051639660510496115,-4.798010726674066,0.04015555899461848,-0.06455697967260984,0.21,1.577130856367329,-2.0,-500.00000000000006,0.0,-0.0,0.0,0.0,1.5708000000000009,72.0,0.03710223837104007,0.053698552228850005,0.05629821481156449,0.18695779730745246,0.25731025817319286,0.047243339536178416,0.13313568879104365,0.12854843129019095,-35.97385669218002,0.08585396470660675
60.2,-0.09088652536091435,0.077670564920167,5.066,-0.05,0.05,-0.22,1.576523011145417,0.000503360576484463,-0.00022086355967732398,-0.007539684178713092,-0.09505028372532998,-499.913217672439,0.0,-0.000295211210485993,0.05864077111417033,0.0,60.127,-2.007405837886149,-0.006803880002919943,-4.9779838443415025,1.5552911300722339,-2.027942613087956,-0.011984306007862718,-4.82185627069277,0.049640809605557286,-0.07571021907869524,0.22,1.5568265108623724,-2.0,-500.00000000000006,0.0,-0.0,0.0,0.0,1.5708000000000009,73.0,0.03567086951300938,0.050458457935801386,0.055019688813491556,0.1834629464945238,0.25599521283590415,0.044729344145853556,0.13162775011350292,0.12536441362521997,-36.33651286775811,0.08404394255393177
60.301,-0.09997517737664219,0.08876635983823311,5.087,-0.05,0.05,-0.22,1.5748898927730062,0.00041546294106223374,-0.001261825617990417,-0.060323364669565366,-0.10226614835473323,-499.90599087227343,0.0,-9.852688072205503e-05,0.06191953744320748,0.0,60.226,-2.0229399742767895,-0.011662110260049617,-5.03338616199732,1.56501742663529,-2.0214572612946258,-0.018575521314920983,-4.82630785947101,0.04969976087970741,-0.07478564055568056,0.22,1.5586834892954322,-2.0,-500.00000000000006,0.0,-0.0,0.0,0.0,1.5708000000000009,75.0,0.038655539727512275,0.0584812960237815,0.05680917734044776,0.1940785169709637,0.2604412231464607,0.050584737962501194,0.13589760866470238,0.13466467258553755,-35.56702745929995,0.08995973764322186
60.4,-0.09997517781413068,0.09986215600983606,5.107,-0.05,0.05,-0.23,1.5689012858227382,0.0004427799814645423,1.695355530060547e-05,-0.04629491858613264,-0.1086201610754178,-499.8996560716298,0.0,0.00022910459702140583,0.06440514056822437,0.0,60.292,-2.0043715216519598,-0.012637218184964862,-5.013596840468839,1.583014412755163,-2.0102548925522825,-0.023216760643254765,-4.826249197049963,0.049966307002191256,-0.07010812467874673,0.23,1.5691207371108824,-2.0,-500.00000000000006,0.0,-0.0,0.0,0.0,1.5708000000000009,68.0,0.03530877451428394,0.04922862996600452,0.05508484220782597,0.18109321736927303,0.25479544843675345,0.043550627342946874,0.13049439936692447,0.1233454267364311,-36.455532966164284,0.08265780914070735
60.5,-0.10906383098293904,0.09986215610730564,5.128,-0.05,0.05,-0.23,1.5664146459337809,-0.0002508574757047211,0.0008236191658778062,0.002701380235791539,-0.11393612057443446,-499.8943862448513,0.0,0.00030690977875209163,0.06653679695495136,0.0,60.424,-1.978259252110414,-0.02633596895157458,-5.006591101006089,1.5704040663588428,-1.9935646984111113,-0.03195429397388255,-4.851082735405418,0.050100712086567904,-0.07451323401382809,0.23,1.574904781838289,-2.0,-500.00000000000006,0.0,-0.0,0.0,0.0,1.5708000000000009,76.0,0.03774638166061623,0.05557422912588804,0.05661983220109591,0.1897537573877728,0.2585235818872228,0.04838750901201179,0.1341379262027059,0.1308943547788133,-35.81039685442802,0.08743294482518554
60.618,-0.11815248295551029,0.11095795134535491,5.153,-0.06,0.06,-0.24,1.5689877054563277,-0.0017031498631647675,0.00196186959951111,0.027268215532591258,-0.12230198399601874,-499.8861369389934,0.0,0.00013021397338263503,0.07021870761542617,0.0,60.523,-1.9620697006184415,-0.029876044461196467,-5.019507378293948,1.581573010663993,-1.9753479412313846,-0.03943740166987835,-4.845624359749005,0.060175214432811396,-0.08092914722535527,0.24,1.5791679215706576,-2.0,-500.00000000000006,0.0,-0.0,0.0,0.0,1.5708000000000009,95.0,0.04054302364856008,0.06343969920037802,0.05874407821195378,0.1996993404850079,0.26258491128036054,0.05422077506087522,0.13816931207444275,0.13998051239576298,-35.087511643652334,0.0931274803936438
60.7,-0.1272411378443561,0.11095795107443118,5.169,-0.06,0.06,-0.24,1.570927716648674,-0.00017412157850375402,0.002111499757330552,0.02655494218247871,-0.12813693935621917,-499.88039862108286,0.0,-2.9009560255665685e-05,0.0728150384443838,0.0,60.589,-1.9884060023436751,-0.04220805186069653,-5.105862040153493,1.5566595217047667,-1.9742677104147226,-0.04975111995021268,-4.857490747082558,0.05992671869015226,-0.08917842243483244,0.24,1.5682848422917142,-2.0,-500.00000000000006,0.0,-0.0,0.0,0.0,1.5708000000000009,71.0,0.03539015267921811,0.049222163340534114,0.055840222725158345,0.181049448954014,0.2548069941429941,0.043835398985914535,0.1306305659008184,0.12348480892713823,-36.40174454063046,0.08263816159661305
60.801,-0.1272411383162111,0.12205374772444122,5.194,-0.06,0.06,-0.25,1.5727608847108225,-6.925525727966281e-05,-0.0014229188160328778,-0.012447521411246814,-0.13725918674373758,-499.8714197517719,0.0,-0.0001356221812084103,0.07672158510663335,0.0,60.655,-1.9934473731841413,-0.048171738999714345,-5.189704827121602,1.5340235311171169,-1.9737212464809393,-0.06128775362584259,-4.8716920584485415,0.05923101319341192,-0.09546077441403919,0.25,1.5491141635841217,-2.0,-500.00000000000006,0.0,-0.0,0.0,0.0,1.5708000000000009,105.0,0.03779107115895043,0.055581194602081614,0.05722831534367014,0.18994167781565505,0.25863962944449964,0.048598415684619214,0.13431419521782678,0.1311669222644916,-35.77073109158704,0.08754353771362176
60.901,-0.13632979113161836,0.13314954291881476,5.218,-0.06,0.07,-0.26,1.5689111207055413,0.0006203632484401654,-0.002029293958739504,-0.08208311035553545,-0.14519467901434593,-499.86358432588383,0.0,0.00030563745964237244,0.07952748086928015,0.0,60.82,-1.9433410796685502,-0.04517852645599187,-5.1036528994732135,1.6038009238814601,-1.9642357039532115,-0.055225086435020214,-4.917441348472199,0.05999943931975698,-0.0739480306992241,0.26,1.5706543116278524,-2.0,-500.00000000000006,0.0,-0.0,0.0,0.0,1.5708000000000009,81.0,0.03706113869529073,0.05276526156843625,0.05780842501862196,0.18473090570199863,0.2561360016366832,0.046728875401389425,0.13230163333840542,0.12691798366910684,-35.96502750955765,0.08447228539069249
61.001,-0.14541844518091063,0.1442453378668831,5.243,-0.07,0.07,-0.26,1.5638414747689404,-0.0004578864587777514,-0.0010738897787849954,0.0007449457540718854,-0.15344299024682462,-499.8554342940518,0.0,0.0004733925189084549,0.08241093177083127,0.0,60.886,-1.9652104650230058,-0.05123043196634809,-5.179705165084411,1.5770094728733308,-1.9571355360721736,-0.061151706679378616,-4.923560501920351,0.07000077905514986,-0.07021867041732652,0.26,1.5743590028224899,-2.6570390135500724e-17,3.741732191112219e-34,0.0,3.323228474397572e-19,-7.752834515333118e-36,0.0,-2.332922510462822e-17,74.0,0.03514878345625703,0.04875371692122037,0.055754709354506195,0.1809935236787942,0.25490483934281905,0.043200495197235816,0.13043535821083133,0.1233357476982237,-36.46496954488027,0.08267657215555085
61.1,-0.15450709707267718,0.14424533853064192,5.267,-0.07,0.07,-0.26,1.5667695264008383,0.000705331294536191,-0.0017130139396549164,0.03264655682577902,-0.1602765119326603,-499.84868664932657,0.0,0.0002738030768191207,0.08519782678171302,0.0,61.018,-1.9225684170458746,-0.07576516569888343,-5.166129838164401,1.5579462737729821,-1.9236428598384525,-0.07589605794676298,-4.942284864915326,0.06997914078902881,-0.08599878637819214,0.26,1.5694925279529945,-2.0,-500.00000000000006,0.0,-0.0,0.0,0.0,1.5708000000000009,82.0,0.036090831559989475,0.05085695049623503,0.05667306001183345,0.18330748107686134,0.2557685064289391,0.04494930442719609,0.13151058004540717,0.12543544739957527,-36.2138729327524,0.08384426400566107
61.2,-0.1635957506446073,0.15534113470103206,5.292,-0.07,0.07,-0.27,1.568943018503722,0.0015470228205215998,0.0013271270099182364,0.004763068192712115,-0.16911529085909158,-499.83995680469786,0.0,9.151862854345761e-05,0.08867747410086996,0.0,61.018,-1.9225684170458746,-0.07576516569888343,-5.166129838164401,1.5579462737729821,-1.9166448872956574,-0.08451007968362106,-4.915484864915369,0.06998029933378981,-0.08631435038689507,0.27,1.5695887606848737,-2.0,-500.00000000000006,0.0,-0.0,0.0,0.0,1.5708000000000009,82.0,0.03947134426620245,0.060501549579365585,0.05820174358756419,0.19674827992650398,0.2615504985503403,0.051883540987897846,0.13684868356772284,0.13714388044194922,-35.34665362051128,0.09149078937092672
61.3,-0.17268440597094137,0.16643693098143642,5.325,-0.08,0.08,-0.28,1.569143626783278,0.0,0.0,0.0,-0.18015885238123347,-499.8290524662266,0.0,6.239738333258888e-05,0.09256430082073927,0.0,61.216,-1.9420443926931612,-0.1009789160140297,-5.329852044432855,1.6069912626911271,-1.916718361361982,-0.1086916422420814,-4.967114290250333,0.08080115160555473,-0.12641802818129272,0.27,1.58805410571081,-2.0,-500.00000000000006,0.0,-0.0,0.0,0.0,1.5708000000000009,64.0,0.03475632042035149,0.047589334713149474,0.055914987527336445,0.1786494758485857,0.253686407960142,0.042810084765764325,0.12975658289511433,0.12154113538474712,-36.54999501349455,0.08131343032275307
61.4,-0.1817730592637108,0.1775327264723887,5.344,-0.08,0.08,-0.28,1.570869474172303,-0.0011060040933665658,0.0028146169748178604,0.0534710092380408,-0.18972423722720863,-499.8196162085289,0.0,-0.000288951336926708,0.09605507083986338,0.0,61.315,-1.9288505297194545,-0.08830261364381933,-5.320777604140639,1.5609604379775575,-1.9182196059877132,-0.10302482205217273,-5.022183525133727,0.0799911363038859,-0.09031063941188022,0.28,1.5699366619791153,-2.0,-500.00000000000006,0.0,-0.0,0.0,0.0,1.5708000000000009,68.0,0.03251856925301877,0.042941989056202744,0.05387428280801201,0.17345144103834592,0.2516878024521215,0.03886577566204313,0.127278423330369,0.11694640798317789,-37.15927807291901,0.07877881358807381
61.5,-0.1908617133905257,0.1886285230977811,5.37,-0.08,0.08,-0.28,1.5751173357155661,-0.0001417379289618761,0.0012610149584763274,-0.005927039610445641,-0.19761062737239557,-499.8118319663495,0.0,-0.0005415835088861215,0.09905115466130456,0.0,61.414,-1.9142239267432737,-0.1018906233624895,-5.330165297091671,1.5611891221480658,-1.9143405205086976,-0.10967475380283795,-5.0698911286507204,0.07996070928120491,-0.08506322181154244,0.28,1.5630364593395476,-2.0,-500.00000000000006,0.0,-0.0,0.0,0.0,1.5708000000000009,72.0,0.032420442654495535,0.04316684694186379,0.05279008975432807,0.1745449941348802,0.25226865337958465,0.03896120539209182,0.1277391918111256,0.11764196045874442,-37.19768959332516,0.07940390720316846
61.6,-0.1999503669591738,0.18862852333340463,5.398,-0.08,0.09,-0.29,1.5725997412253656,-0.0005142585282362342,-0.0027555340268178214,-0.03935406605877842,-0.2077558668428281,-499.80179430312364,0.0,-0.0002963463985200125,0.10222728600537953,0.0,61.48,-1.9804963738161603,-0.11704737693826234,-5.5786504347626575,1.5781678060430357,-1.9262008750252155,-0.12466745324902145,-5.0985666493129855,0.07996862482753693,-0.10778007929235954,0.29,1.5690317036241652,-2.0,-500.00000000000006,0.0,-0.0,0.0,0.0,1.5708000000000009,81.0,0.035814189794591465,0.05118726266649883,0.054690947302884284,0.18514594614499566,0.2567543774439779,0.045051334627201026,0.13219561315194212,0.1266010263656993,-36.29839946977796,0.08497671502735749
61.7,-0.20903902013126419,0.19972431936564128,5.428,-0.09,0.09,-0.29,1.5700369463327828,0.0017297111424862271,-0.0015921095977676546,-0.006479851444059605,-0.21822424567854712,-499.7914180529919,0.0,-7.810670264531887e-05,0.10534826329235189,0.0,61.612,-1.9049668266560722,-0.1328157324265178,-5.459512285616446,1.566481410623942,-1.899609687620388,-0.14064613081840893,-5.132150121587133,0.08982192639388056,-0.11920942457966942,0.29,1.5646999588383352,-2.0,-500.00000000000006,0.0,-0.0,0.0,0.0,1.5708000000000009,88.0,0.03801418258691369,0.05666830574404165,0.05632473197804317,0.19159998080319038,0.2592834773305794,0.04906770754755791,0.1348120269132585,0.13234924717090357,-35.74254868750749,0.08846024340860514
61.8,-0.2181276770913234,0.21082011553789348,5.46,-0.09,0.09,-0.29,1.5691834570050727,0.00011820026149764274,0.0010859708970467317,-0.016042532243199424,-0.22902246997628678,-499.7807037712379,0.0,3.4861820936981465e-06,0.10868434624452195,0.0,61.711,-1.8967685676552881,-0.13658766436514858,-5.4669951043869975,1.5458529109669243,-1.8873491776451108,-0.15345157096544693,-5.169530858296337,0.08957173551548811,-0.1214851514489888,0.29,1.5571950558589194,-2.0,-500.00000000000006,0.0,-0.0,0.0,0.0,1.5708000000000009,89.0,0.03620113045291228,0.05182458569782021,0.05519491044140111,0.18511701256098775,0.2565528696067543,0.04575125117378737,0.1323584921091417,0.12674241832779162,-36.20362530304308,0.084852693435494
61.9,-0.23630498351853446,0.2219159121668084,5.493,-0.11,0.09,-0.29,1.566734162220035,0.17597272554481305,-0.6849476700457704,-0.06528653259256918,-0.24327424336047318,-499.76759268000535,0.0,0.000403139291872522,0.10770158881182479,0.0,61.777,-1.8641439636803168,-0.14452689116698023,-5.416287363999643,1.5628917892819492,-1.8691032170218915,-0.1630931881914071,-5.166686567065472,0.1096531220752258,-0.11713367756261069,0.29,1.5580129866490675,-2.0,-500.00000000000006,0.0,-0.0,0.0,0.0,1.5708000000000009,84.0,0.035779016224950784,0.050993324084537675,0.054477181387754314,0.18434492866213828,0.256294772842801,0.045104649795097894,0.13202724350791228,0.12598390616659808,-36.3183712510331,0.08447715833064595
62.0,-0.24539363749030407,0.23301170961452833,5.525,-0.19,0.08,-0.27,1.5625486300003273,0.13044709333507665,-1.1124791194033732,-0.0499471476327976,-0.2571808179012813,-499.7592780013731,0.0,0.0006301458402781726,0.09825987097725315,0.0,61.876,-1.7234559261075486,-0.1407101080868984,-5.483763382062707,1.5695848695742394,-1.8031787164162691,-0.1589211401591521,-5.192557228159375,0.19004554048033637,-0.0749048184750201,0.27,1.5618586142768278,-2.0,-500.00000000000006,0.0,-0.0,0.0,0.0,1.5708000000000009,84.0,0.03628643832146807,0.05115871447327615,0.054975800174656114,0.18453170627000512,0.2563591780989737,0.046027781482733406,0.1325257354306223,0.12640986431160994,-36.226330544373184,0.08457318952235987
62.1,-0.27265959997151334,0.24410750552884908,5.552,-0.35,0.06,-0.2,1.5616496801984052,0.05944273936061778,-0.525196191044536,-0.016656721548420156,-0.28645533993778566,-499.75032456219077,0.0,0.0005593531537365242,0.07756041235197382,0.0,62.008,-1.6843593570978945,-0.1565822378427924,-5.522977203416535,1.588683883281925,-1.7500756191458378,-0.1674848779016373,-5.216802742327008,0.34998188003512465,-0.056785311059824164,0.2,1.576432882404827,-2.0,-500.00000000000006,0.0,-0.0,0.0,0.0,1.5708000000000009,92.0,0.03868515746979309,0.054546750241209294,0.05732896102961434,0.1878879223160272,0.2575560832151612,0.05044187621610524,0.13520997383466052,0.1302216263970136,-35.69436950735307,0.08628536340409854
62.2,-0.32719152122899287,0.25520330102246724,5.571,-0.55,0.04,-0.11,1.563908146289412,0.024080163195950056,-0.1418188395107542,0.043047330897968056,-0.3342493721646723,-499.7436322449011,0.0,0.00025019907075694874,0.052616366531080656,0.0,62.107,-1.7427066622610616,-0.17426961343319586,-5.476330023693729,1.5831281496594793,-1.7011213576033166,-0.17629622995937003,-5.2325668047170915,0.5500525942862653,-0.044819959401679474,0.11,1.5817076633066498,-2.0,-500.00000000000006,0.0,-0.0,0.0,0.0,1.5708000000000009,93.0,0.04160713495606926,0.06242479363940919,0.05961395311692064,0.19835444003522765,0.2619916950854164,0.056491547480281915,0.13942063274082653,0.13979537189238972,-34.96497073511432,0.09232831648894402
62.3,-0.3908120967827846,0.2552032989972597,5.581,-0.76,0.01,-0.04,1.569237977909159,0.0011293856097550955,0.10966159411132109,0.05719568490779299,-0.4030186831619894,-499.7396066545343,0.0,-1.2311520629545266e-05,0.02761248619103452,0.0,62.173,-1.808517242696392,-0.20010993464902524,-5.6711280999481515,1.5801845295205874,-1.666021641974746,-0.19554777737459267,-5.2826388985895605,0.7604792846575704,-0.04810633421168559,0.04,1.5833732223795107,-2.0,-500.00000000000006,0.0,-0.0,0.0,0.0,1.5708000000000009,87.0,0.03703803197499992,0.05245196173708041,0.057482987561672874,0.18518907584273525,0.2565273973444441,0.046939199634304866,0.13264023761200885,0.12732533845754462,-35.99191145897664,0.08486244525447205
62.4,-0.4816986308680524,0.2552032944516931,5.584,-0.97,-0.01,0.0,1.5728057379045077,0.0031472839202442843,0.2348167903495443,0.04658211730482531,-0.4930618041633554,-499.73851566533324,0.0,-8.709351053425876e-06,0.0017915444998579965,0.0,62.272,-1.7353117022393187,-0.19174152617457643,-5.708279164191393,1.638619581887137,-1.592765012485664,-0.1979165718030933,-5.338784750248209,0.97179287816052,-0.026934619596518834,-0.0,1.6193001957759787,-2.0,-500.00000000000006,0.0,-0.0,0.0,0.0,1.5708000000000009,88.0,0.03756445779952101,0.05411544555119865,0.05819966331810857,0.1870461770914968,0.2572569713577504,0.047876135669852805,0.13331564495325013,0.12895937798000312,-35.83159720105967,0.08584649805809813
62.5,-0.59076247018652,0.2552032878685213,5.584,-1.16,-0.04,0.02,1.5781623549435775,-0.00874326724819098,0.2907481109860229,0.1322878226230583,-0.6271761124134374,-499.74135277809137,0.0,0.00036320602012715296,-0.023991765864502943,0.0,62.338,-1.6298542220721817,-0.1872538143019478,-5.469353801802463,1.6065931508589482,-1.4728515877685069,-0.1934053782719926,-5.35453181116371,1.1614769805106626,0.01120716435587291,-0.02,1.6220482104272034,-2.0,-500.00000000000006,0.0,-0.0,0.0,0.0,1.5708000000000009,102.0,0.03990948862715851,0.05976344423313624,0.059646676325796975,0.19487244311581067,0.2606253324584143,0.05261606500396048,0.13690017813834238,0.1361331046215976,-35.2699721490303,0.0903278229939835
62.6,-0.7089149640682335,0.2441074824418532,5.581,-1.32,-0.07,0.04,1.5909541985627749,-0.04158513993607156,0.3362529967923332,0.14159686419555376,-0.730221798029309,-499.74584047367387,0.0,0.0008635274442375223,-0.03271860754894302,0.0,62.503,-1.4267712071916725,-0.18812149505469303,-5.5331405078952525,1.5825662236633409,-1.3287820743706402,-0.19048384146139205,-5.399083668815598,1.3205989034334835,0.04010180043728178,-0.04,1.5908250695493766,-2.0,-500.00000000000006,0.0,-0.0,0.0,0.0,1.5708000000000009,77.0,0.03523009779053839,0.047780512053100674,0.05738265631947327,0.17853781985789954,0.2536346695302545,0.043395985050012374,0.12993772151227012,0.12179022806626054,-36.430717675684846,0.08125877983560004
62.7,-0.8452447635517486,0.2552032675016118,5.577,-1.44,-0.1,0.04,1.5980985491212947,-0.06176475300582565,0.4064048200478461,0.027927938262743198,-0.8711765384752329,-499.75426213772516,0.0,0.001615717974621676,-0.047722391127177584,0.0,62.569,-1.372600607978237,-0.19290974769543764,-5.523486386669516,1.5604089611495822,-1.1867429221432595,-0.1846686565310241,-5.414637857912076,1.440272707525649,0.06804001105801785,-0.04,1.5793288988171916,-2.0,-500.00000000000006,0.0,-0.0,0.0,0.0,1.5708000000000009,91.0,0.03816081995284872,0.05337594190402148,0.059234431083832105,0.18654634103785458,0.2571663964316296,0.04897940366493291,0.13418725882843077,0.12915325240294281,-35.74043045946176,0.0856352762557359
62.8,-0.9997518713964435,0.24410745469675188,5.573,-1.52,-0.13,0.04,1.5922169061985354,-0.05404528372184453,0.39446726918648023,-0.05492069870562477,-1.022012641181184,-499.7654285089598,0.0,0.0022491683691443724,-0.07696098403527543,0.0,62.602,-1.431927200286374,-0.19559155146384039,-5.570357246764146,1.560748798327883,-1.0663833204834194,-0.17850796186470663,-5.434006463436592,1.5199789738170217,0.09364885774239579,-0.04,1.5702179080898029,-2.0,-500.00000000000006,0.0,-0.0,0.0,0.0,1.5708000000000009,118.0,0.04116616913840404,0.061854373528835195,0.06098533717152857,0.19826237582820347,0.26215873931805367,0.05534474204115584,0.13888913834530672,0.13962823584788023,-34.988279161414646,0.09237940962440147
62.9,-1.1542589740863796,0.2330116405353566,5.568,-1.56,-0.15,0.03,1.5851043509927134,-0.047746073091096464,0.3546838427816566,-0.06271014403176509,-1.1787415468091127,-499.7788140466778,0.0,0.002440395935492391,-0.10502537819836204,0.0,62.8,-1.02380082756514,-0.1407002515999094,-5.561475606904553,1.5483781903597404,-0.8667057557300101,-0.12675846123688672,-5.470353481990216,1.561343726970479,0.1934174548166283,-0.03,1.5398571988099132,-2.0,-500.00000000000006,0.0,-0.0,0.0,0.0,1.5708000000000009,80.0,0.03612473267156274,0.049384023627486104,0.058399678493375025,0.1814405573276839,0.2549954176599402,0.045066673002017256,0.13129123658441513,0.12436603323864506,-36.20138922687118,0.08286305473710691
63.0,-1.3087660810294202,0.2219158221483699,5.563,-1.56,-0.16,0.03,1.5762483394381146,-0.11679999421472562,0.3482735335066955,-0.1256704053018462,-1.3375422144632734,-499.79383819543244,0.0,0.0019769071773969274,-0.13038697904566215,0.0,62.899,-0.9600031025462196,-0.14846885343666938,-5.539124780564708,1.569310868195282,-0.7284175462338974,-0.1198615869099986,-5.489106437644818,1.5607201075006534,0.18090565073511838,-0.03,1.536364349042371,-2.0,-500.00000000000006,0.0,-0.0,0.0,0.0,1.5708000000000009,101.0,0.03853666857066843,0.05402936344918666,0.06000818865928799,0.1876307978838103,0.25760956718001277,0.04970245347233849,0.13470430610062017,0.13018881902582685,-35.639665119497195,0.08622255012763869
63.1,-1.4632731802171803,0.19972420640374278,5.558,-1.53,-0.16,0.02,1.5621030200880506,-0.07474498817193338,0.30266146593050686,-0.11858221275272093,-1.4948156977449696,-499.8097326336031,0.0,0.00036414857053200024,-0.1560947139238515,0.0,63.031,-0.6324360815690512,-0.10127963458065178,-5.552425540187398,1.5686207821746576,-0.5509867480540522,-0.0912229432323639,-5.498510045560664,1.5310204745997618,0.2076727030055816,-0.02,1.5493937480804196,-2.0,-500.00000000000006,0.0,-0.0,0.0,0.0,1.5708000000000009,69.0,0.04186707484769856,0.06485683323641356,0.061678406506071794,0.2022587316582841,0.26377065649530995,0.056860698991818406,0.1400370071397545,0.14309054282136938,-34.78123287031279,0.09474471220465826
63.201,-1.6086916330931953,0.18862838703828588,5.554,-1.46,-0.16,0.01,1.5537264468756058,-0.08058525093736539,0.24387524819309284,-0.03020200056457251,-1.6770164512173968,-499.8288123313615,0.0,-0.000709327170447572,-0.16259471621781502,0.0,63.064,-0.6540539821705084,-0.11819036628943233,-5.53680052272316,1.5433235693393825,-0.4164147500639545,-0.08239128725364851,-5.505751046140649,1.4607318497630615,0.18655561699745266,-0.01,1.543244168389187,-2.0,-500.00000000000006,0.0,-0.0,0.0,0.0,1.5708000000000009,118.0,0.037067162047025336,0.05224253351236036,0.05893597789884817,0.18523736395309362,0.2565888952167642,0.04686324796462332,0.13278266062429875,0.127554847426016,-35.939491738676274,0.08489849316727799
63.3,-1.7541100826032219,0.17753256272773799,5.55,-1.38,-0.15,0.01,1.551180872195635,-0.04321126492518787,0.18398396640137868,-0.0314196257952399,-1.7924035340474123,-499.8409746953807,0.0,-0.0009045760625461948,-0.15624701520556988,0.0,63.163,-0.446730179373485,-0.10241919881835831,-5.504306523021855,1.5250611976807154,-0.26483827589722775,-0.07275175708141719,-5.506626632514886,1.3805075400667561,0.16208212214752474,-0.01,1.5288134834066271,-2.0,-500.00000000000006,0.0,-0.0,0.0,0.0,1.5708000000000009,97.0,0.03755118777903785,0.054018657538142646,0.05923968406979126,0.18739818542719797,0.25746137130353786,0.04781639548231771,0.13350300354957434,0.1293513444831121,-35.794814562337066,0.08606159818519832
63.4,-1.8904398734243617,0.15534094379144792,5.546,-1.27,-0.14,0.01,1.5459345086154082,-0.009889422196339094,0.12701117467064046,-0.07310818903137481,-1.927896138698911,-499.8550900327973,0.0,-0.0015140160664914187,-0.14793355670464897,0.0,63.328,-0.19302623471873193,-0.05369571582360301,-5.514118926323207,1.5503109920302665,-0.11292013872947022,-0.04571129789929018,-5.512912457074048,1.271509298246434,0.17900541277031362,-0.01,1.5321210369010592,-2.0,-500.00000000000006,0.0,-0.0,0.0,0.0,1.5708000000000009,72.0,0.039839279183133666,0.05981680028101627,0.060389870700456746,0.19538756299349486,0.2608734437903701,0.05249093563678304,0.13702497536109243,0.1365745498892257,-35.246698695380125,0.0906330630681022
63.5,-2.0085923642012737,0.14424512185997118,5.543,-1.16,-0.13,0.0,1.5398355490204434,-0.030863692224562995,0.08667752238288029,-0.03811537487995294,-2.0522586138653187,-499.8677875167881,0.0,-0.002111596119116583,-0.13818743304339018,0.0,63.361,-0.17357053646705012,-0.04468294140259668,-5.527552464538446,1.5205592831632988,0.012568060851239867,-0.021453065714222015,-5.515458558202921,1.1626843911452,0.1861648198989007,-0.0,1.5230377847677343,-2.0,-500.00000000000006,0.0,-0.0,0.0,0.0,1.5708000000000009,99.0,0.0374885333128589,0.05373080740406153,0.05832310103970053,0.1879322567683715,0.2578624899007355,0.04785304160595035,0.13389902515206867,0.12972443326860394,-35.844880099277525,0.08646375398270272
63.6,-2.117656199168982,0.13314930122384494,5.541,-1.03,-0.11,0.0,1.5352873812105994,-0.040477353294442214,0.05313576869228548,-0.05430651096386175,-2.164380960342493,-499.87889872613096,0.0,-0.0023423008224359933,-0.12320264554696973,0.0,63.526,0.07058468644276056,-0.04500214470172993,-5.5387563151948696,1.5783027751975893,0.13533411328032907,-0.02370493995155097,-5.504885691827223,1.0302759793568146,0.1292549998538453,-0.0,1.5564644408955424,-2.0,-500.00000000000006,0.0,-0.0,0.0,0.0,1.5708000000000009,74.0,0.037988451906098716,0.054945191320153186,0.059037681492256563,0.1885987997051306,0.25792630279655004,0.04872354437014798,0.1341473449114625,0.13041252321070962,-35.70972540216089,0.08670468564451961
63.7,-2.2176313859586516,0.13314927697949264,5.54,-0.9,-0.1,0.01,1.5322086969998219,-0.007008828868041326,0.022546261345228597,0.02455527350911545,-2.2635756952419666,-499.8881792767708,0.0,-0.0021294345273110945,-0.10343944064747972,0.0,63.559,0.08870401310562384,-0.04307368914304216,-5.468655989965473,1.5570366392941881,0.23424014466373025,-0.017253636813955996,-5.500766688689527,0.9001097658329704,0.10890115776504192,-0.01,1.5584653163383706,-2.0,-500.00000000000006,0.0,-0.0,0.0,0.0,1.5708000000000009,101.0,0.036711023942336114,0.05280165902779452,0.05711180917967842,0.18695327293183475,0.2574904195624577,0.04659342006043853,0.13316098625590125,0.12855311070270667,-36.02101589601912,0.08594780053972212
63.8,-2.3085179114278294,0.12205345870382711,5.538,-0.77,-0.08,0.01,1.539987419792686,0.013849620814900696,-0.002411761917389898,0.07802568723618818,-2.365090350858233,-499.8966629948091,0.0,-0.0007098129665459552,-0.06767537124968032,0.0,63.724,0.2785996743065235,-0.019904507715055645,-5.544779008920816,1.5211441807519357,0.3317058217198719,-0.015229125527846313,-5.509891860390265,0.7698543713375744,0.074948514870237,-0.01,1.541975428665685,-2.0,-500.00000000000006,0.0,-0.0,0.0,0.0,1.5708000000000009,76.0,0.03820153086016728,0.05671469815850663,0.05812507298998361,0.19153402493367339,0.2592626001287707,0.04949380808105299,0.13504840498738419,0.13264452531818627,-35.640703255950854,0.08842154375908975
63.9,-2.3812271326651246,0.11095764364281413,5.537,-0.63,-0.06,0.01,1.5446403185513355,0.040595972967266226,-0.02024280076661463,0.006956656608208456,-2.422119075470502,-499.9006899623645,0.0,-0.00036229433294490703,-0.04842502532330649,0.0,63.823,0.35700782790986507,-0.017024469293131485,-5.539156777805995,1.5528665895037692,0.4044710006984762,-0.010848814500700497,-5.5146418945597215,0.6297591137113443,0.04994568920798332,-0.01,1.5468424010494246,-2.0,-500.00000000000006,0.0,-0.0,0.0,0.0,1.5708000000000009,77.0,0.039830153688573726,0.06113973259944283,0.0591363555332418,0.1968699456078795,0.2613882321757862,0.05234885787576835,0.13693903404314023,0.1373959019601386,-35.256409533969865,0.09144294046309237
64.0,-2.444847706369015,0.11095762645193608,5.536,-0.5,-0.05,0.01,1.5436835652824976,0.03801938280630421,-0.035994533086672185,0.004708879592471556,-2.4816108052567336,-499.90406012942094,0.0,-0.00024486309025126697,-0.03055456409822545,0.0,63.922,0.4185644829954095,-0.014832334333348855,-5.518490023797042,1.559125159686906,0.46428519610659086,-0.0037575245099825266,-5.518942410120049,0.4999174217027103,0.04260198075964569,-0.01,1.5596345731894488,-2.0,-500.00000000000006,0.0,-0.0,0.0,0.0,1.5708000000000009,78.0,0.03700254224403951,0.05364439719596283,0.05714948169655442,0.18749766064707654,0.25761357917169625,0.047230489277740983,0.13340613040013513,0.12906101640875572,-35.945119526401534,0.08618704012468911
64.102,-2.490290972452895,0.1109576139927495,5.534,-0.38,-0.04,0.02,1.545845485353146,0.02186631922187586,-0.04150856231499589,0.04833550875987762,-2.528369582176751,-499.9058822519181,0.0,-7.780954562533995e-05,-0.014381709068944393,0.0,63.955,0.4440530259133574,0.0032362719062885865,-5.4645549659382935,1.5163429166333302,0.5096214142249438,0.004706239258105601,-5.5143571082292695,0.3800568905481982,0.042073558631561286,-0.02,1.5433670180242152,-2.0,-500.00000000000006,0.0,-0.0,0.0,0.0,1.5708000000000009,106.0,0.036560908560022594,0.052623460731438,0.05603997355967458,0.18692732959367345,0.2575116373182034,0.04658762527888246,0.1332258259286226,0.12842000471746953,-36.081256027599004,0.08595768537470048
64.201,-2.526645585448925,0.11095760439701641,5.533,-0.26,-0.03,0.02,1.5491231782969574,0.01153043732357696,-0.04824465639500146,-0.014928552977926944,-2.568430137820372,-499.9063497412611,0.0,6.262129786235258e-06,0.0018414052092654881,0.0,64.021,0.5044280810984914,0.0003008527111991125,-5.513120783214874,1.5462422318286622,0.549041571764427,0.0076503360834409406,-5.516350217281868,0.2600388957377096,0.03142436931590312,-0.02,1.5434957710094936,-2.0,-500.00000000000006,0.0,-0.0,0.0,0.0,1.5708000000000009,99.0,0.039224019926130414,0.059747848639069435,0.05773772676432889,0.19583762262097845,0.26111385533944076,0.05171354802350364,0.13673823320199324,0.13634642960051999,-35.41473241750594,0.09093526912155488
64.3,-2.5539115404350694,0.09986180061340866,5.531,-0.15,-0.02,0.02,1.5473025134440996,0.009894980752529123,-0.05315545952475861,-0.02051689051013645,-2.589139900678313,-499.905466289934,0.0,6.958756817798124e-05,0.01281623622033705,0.0,64.186,0.5424681136365352,-0.0075482462509093365,-5.459699286376412,1.513843992785699,0.5670810541557789,-0.007173159878363377,-5.512851789548481,0.14880257082798745,-0.012317592735871217,-0.02,1.5337613387323108,-2.0,-500.00000000000006,0.0,-0.0,0.0,0.0,1.5708000000000009,74.0,0.03535567886018536,0.049069201603004514,0.05581475595704925,0.1810084992849433,0.25474089282887313,0.04400408615867864,0.13080317470277036,0.12347592695978846,-36.40974215500818,0.08259692660332717
64.4,-2.5720888440223177,0.09986179554067043,5.529,-0.05,-0.01,0.02,1.5454740999874215,0.033153099754164736,-0.05541569552984018,-0.04887135901433416,-2.5978880944682423,-499.9040367057907,0.0,0.00016604787843856,0.020410573227417367,0.0,64.318,0.5627421905274863,-0.006100630601701118,-5.477819030526544,1.5396673317929415,0.5773198486087313,-0.007663844047705159,-5.509523452693273,0.04862990155961201,-0.0218236383514085,-0.02,1.5277700439117379,-2.0,-500.00000000000006,0.0,-0.0,0.0,0.0,1.5708000000000009,82.0,0.03925839741311456,0.059572661702259055,0.05770872317956718,0.19555245204632668,0.2610064982977259,0.05170843956121033,0.13667792835625217,0.13614019299733757,-35.42129123619452,0.09077904921829852
64.5,-2.5720888474225188,0.11095759067890798,5.526,0.04,-0.01,0.02,1.5411572354522087,0.02646621641712175,-0.059238777021986766,-0.0606507653996493,-2.5988326242215436,-499.90099065943565,0.0,0.0004147904814497352,0.029040371658676577,0.0,64.384,0.5850844194283004,-0.007157412321443116,-5.510188286005137,1.5601093642414678,0.5793354939518404,-0.00981084331725599,-5.51165822780365,-0.0409323507775999,-0.023579727406746007,-0.02,1.5430381710921017,-2.0,-500.00000000000006,0.0,-0.0,0.0,0.0,1.5708000000000009,76.0,0.03569965690360661,0.049978286412104556,0.055958772204057865,0.18206897437162572,0.2551663703839445,0.04461553697284087,0.1312099994296321,0.12436927689566225,-36.32101375532691,0.08314785233094887
64.6,-2.5720888474225188,0.11095759067890798,5.523,0.13,0.0,0.03,1.5388254868474343,0.011379561097263879,-0.0772282529914827,-0.007364577299837003,-2.591874595852444,-499.8985835339943,0.0,0.0005402703576025121,0.03311904242468393,0.0,64.516,0.5891295781893902,-0.028715977840569784,-5.473018927278739,1.5755404209363812,0.570300792416039,-0.026265550138925477,-5.508773596448524,-0.13114992798145875,-0.06318310485041209,-0.03,1.5525984075405852,-2.0,-500.00000000000006,0.0,-0.0,0.0,0.0,1.5708000000000009,84.0,0.037372164976560124,0.05371629616816562,0.057296006487310466,0.18686401282259757,0.2571929482516742,0.0476519002917063,0.13334516244999656,0.1286829594172342,-35.90168353514941,0.08575038390832282
64.7,-2.56300019433467,0.11095759354236323,5.52,0.21,0.0,0.03,1.5416285871204474,0.0270107776499262,-0.10689480372104278,0.02313158574210122,-2.5752910468339665,-499.89534014261363,0.0,0.0005097111095752389,0.036019477171304395,0.0,64.615,0.5674647290728015,-0.030106067105864623,-5.487620189320004,1.5801744685483223,0.5506872665284489,-0.03529614598287513,-5.509281963831363,-0.2101657061359446,-0.07297796510040629,-0.03,1.56852569824371,-2.0,-500.00000000000006,0.0,-0.0,0.0,0.0,1.5708000000000009,85.0,0.04017145657208954,0.06174440807404278,0.05886187054723558,0.19787261647500287,0.26190138235280724,0.053477629559748885,0.1377259837360399,0.1384650475442213,-35.18707583623971,0.09208833571237356
64.8,-2.544822881971965,0.11095759868005795,5.517,0.29,0.0,0.03,1.5486021666463952,0.03475479481612944,-0.0890846008467109,0.07927041747982244,-2.5506345537479778,-499.8920099634581,0.0,0.0002906254433284372,0.03542365264882211,0.0,64.714,0.5754927407875547,-0.023409420678954077,-5.529147895057196,1.595079129563905,0.5326012725707461,-0.03371761552813585,-5.51876110195904,-0.289133498537396,-0.05827987793781899,-0.03,1.5856631668334016,-2.0,-500.00000000000006,0.0,-0.0,0.0,0.0,1.5708000000000009,86.0,0.03622111693398403,0.050491388322010285,0.057000205053297344,0.18258621974144185,0.2553850687434407,0.04544404180994895,0.13167614044714274,0.12507340085838942,-36.18971819243541,0.08341205119005321
64.9,-2.517556922386101,0.11095760615151562,5.514,0.36,0.0,0.03,1.5585516300660112,0.01830721684856167,-0.08120594473281988,0.11245628588294648,-2.5187918239214953,-499.8888269790335,0.0,-3.3642437414298705e-05,0.03035033515091915,0.0,64.813,0.5203413367099943,-0.03351863922404126,-5.517494545193632,1.5576718190755003,0.4918829129551936,-0.037246683228788165,-5.520356508609506,-0.360313687362188,-0.05643674027191312,-0.03,1.565238172117405,-2.0,-500.00000000000006,0.0,-0.0,0.0,0.0,1.5708000000000009,87.0,0.03542822312374638,0.04930819551168209,0.055777857303808395,0.18184101802283256,0.25521811831195845,0.04406726603465816,0.1310860465883425,0.12412554579993561,-36.39230866732269,0.08310502720644072
65.002,-2.4721136521919362,0.11095761849095753,5.509,0.42,0.0,0.03,1.5680848444488387,0.0,0.0,0.0,-2.4724763237886047,-499.885452811968,0.0,-0.0001769037118742662,0.02250205125327587,0.0,64.879,0.5231586772736121,-0.02978733320437424,-5.593258164044228,1.5316435998943276,0.4561592335876784,-0.04020354964203753,-5.530976326743156,-0.4109636075310849,-0.053189732299639955,-0.03,1.5526818883493976,-2.0,-500.00000000000006,0.0,-0.0,0.0,0.0,1.5708000000000009,81.0,0.036294036381970776,0.051612609857870376,0.05542531096476152,0.185514733105308,0.2568763989642418,0.04587254326113484,0.13271818395851567,0.12717269079123816,-36.19079256151939,0.08515461386563172
65.1,-2.435759042472146,0.11095762859089531,5.507,0.46,-0.01,0.03,1.5664940770391862,0.011712236747671988,-0.10070692334190347,-0.0511221589158047,-2.4375386674486634,-499.88357966148095,0.0,-9.805870850307408e-05,0.01901167030872842,0.0,65.011,0.47174080722859435,-0.04192553206899808,-5.471305089776438,1.5784055114442916,0.4168427643780422,-0.046158303226143234,-5.526200684643001,-0.46010788907187605,-0.04761465028760796,-0.03,1.5689237311056237,-2.0,-500.00000000000006,0.0,-0.0,0.0,0.0,1.5708000000000009,89.0,0.03774886768448109,0.05423018761513687,0.05699481668966158,0.18784470160124048,0.25761266218108225,0.048538648839071184,0.13414568325175738,0.1296152797916085,-35.8397802282944,0.08629261262221172
65.2,-2.381227120978902,0.11095764324303703,5.503,0.5,-0.01,0.03,1.5650591939364116,0.0,0.0,0.0,-2.380527054697132,-499.8815118381985,0.0,-3.610332317714214e-05,0.012018468309059718,0.0,65.011,0.47174080722859435,-0.04192553206899808,-5.471305089776438,1.5784055114442916,0.3688379759038709,-0.05104310759399303,-5.529200684643072,-0.4899861340087909,-0.05021159857246041,-0.03,1.571026614501796,-2.0,-500.00000000000006,0.0,-0.0,0.0,0.0,1.5708000000000009,89.0,0.04034370408215681,0.062058705911652544,0.058663703126228435,0.1982143934065451,0.2619875948455284,0.05385905377219197,0.13798592566624848,0.13878768646465656,-35.165809015221086,0.09226345341424647
65.3,-2.3448725109367947,0.11095765298352056,5.5,0.51,-0.02,0.03,1.5671185115959982,0.00888167636874701,-0.08723754632855782,0.01729942609701988,-2.3300335711929527,-499.8805762429294,0.0,-1.6964884253388626e-05,0.0033288737738036305,0.0,65.176,0.3868321555075185,-0.04250853236397959,-5.5225696568377405,1.5239265787107097,0.3142988880806431,-0.05456240229007516,-5.527099110674772,-0.511138993369772,-0.039485519027500623,-0.03,1.5516512604792032,-2.0,-500.00000000000006,0.0,-0.0,0.0,0.0,1.5708000000000009,84.0,0.03725186800730077,0.052509944179545784,0.05725847601419889,0.18550417746916104,0.2566826530976476,0.0474858905472087,0.13323304886887666,0.1277272683549562,-35.963095700202025,0.08503874128599523
65.4,-2.2994292391432714,0.11095766401089557,5.497,0.53,-0.02,0.03,1.5680705130242298,0.004131371159924847,-0.09202344596572257,-0.04425107605636102,-2.288468054408639,-499.8803904277128,0.0,1.0906275110882218e-05,-0.00273191578740784,0.0,65.341,0.28093950880962987,-0.04707580987260285,-5.486028420923213,1.5301235091501133,0.252025347413721,-0.05190783047440211,-5.517906084928427,-0.5314049143768007,-0.027580079549930147,-0.03,1.5412775385782551,-2.0,-500.00000000000006,0.0,-0.0,0.0,0.0,1.5708000000000009,59.0,0.038140946548339015,0.05421767462218458,0.05843596456528349,0.1872836008214946,0.2573572769997022,0.049046070683208265,0.13410595055622107,0.12950688818513165,-35.740422851042226,0.08596988088560406
65.501,-2.235808668393303,0.11095768058707423,5.493,0.53,-0.03,0.03,1.5601829216491918,0.0,0.0,0.0,-2.2254677041127238,-499.88109968647416,0.0,-3.6825930869781214e-05,-0.008301870289207496,0.0,65.341,0.28093950880962987,-0.04707580987260285,-5.486028420923213,1.5301235091501133,0.1983460611409228,-0.05414124396999582,-5.520936084928437,-0.5315550642348194,-0.01881893528539933,-0.03,1.538953383222818,-2.0,-500.00000000000006,0.0,-0.0,0.0,0.0,1.5708000000000009,59.0,0.0391909255899178,0.05764060050004821,0.059422428113219496,0.19181996617842423,0.25929293988775476,0.051012976632002244,0.1355384954983477,0.13339012808461082,-35.44623916749562,0.08853143879613047
65.6,-2.190365405542353,0.12205348776216729,5.491,0.51,-0.04,0.03,1.553861345225249,0.0,0.0,0.0,-2.1735362459597787,-499.8825761190306,0.0,-0.00014137016172897335,-0.012513783337228256,0.0,65.473,0.21762796449630128,-0.04095670746967194,-5.3690196649130675,1.5523148916843708,0.14705554015478073,-0.04791377620628705,-5.501878698421043,-0.520956477365402,-0.003549342269000992,-0.03,1.542294475884596,-2.0,-500.00000000000006,0.0,-0.0,0.0,0.0,1.5708000000000009,87.0,0.037022930283204004,0.05247335231547415,0.05765235529761031,0.1858632192350983,0.25696542059047567,0.04686753632230552,0.1329706907168107,0.1279020783356434,-35.98430889066577,0.08531090870753266
65.701,-2.1358334879577567,0.12205350049413966,5.49,0.49,-0.04,0.03,1.5500463834640126,0.0,0.0,0.0,-2.1231859965079125,-499.88477204716895,0.0,-0.00026712228185616905,-0.017318694407210324,0.0,65.572,0.17448036067116887,-0.04163317590633889,-5.5341556283823135,1.5473357128547653,0.09814224760922381,-0.04279872126699627,-5.509022923288729,-0.5006711348798697,0.015603723774981895,-0.03,1.5432935370698213,-2.0,-500.00000000000006,0.0,-0.0,0.0,0.0,1.5708000000000009,89.0,0.038045481729902866,0.05482270730281783,0.058693169634067247,0.18836017519410317,0.2578723516315546,0.04876853671608698,0.13410963667184353,0.13023934623458777,-35.72259813980105,0.08660185518536334
65.827,-2.0813015637087924,0.12205351347949511,5.488,0.46,-0.05,0.03,1.5480058259007077,-0.0191284392874566,-0.06852396752061703,-0.021172155801219603,-2.0660124660532175,-499.88816200635097,0.0,-0.0004027508775219106,-0.022549909279623977,0.0,65.737,0.05565159576972347,-0.02495502522177535,-5.423153891710212,1.573112959701634,0.023010670386235013,-0.03462104018500888,-5.494510855180028,-0.4600487505040835,0.04094892737983395,-0.03,1.5654102212238945,-2.0,-500.00000000000006,0.0,-0.0,0.0,0.0,1.5708000000000009,90.0,0.04143249400364581,0.06495731596117277,0.060841337585198246,0.20169466598206512,0.2634326330293856,0.05588928829959215,0.13925967344611564,0.14223213244076327,-34.85113400874518,0.09431267305329949
65.9,-2.063124258965181,0.1220535178177875,5.487,0.44,-0.05,0.03,1.5475112377342324,-0.019999535129919564,-0.06122573469361517,-0.01046088749179617,-2.039092965545095,-499.89007718230454,0.0,-0.0004492059083173726,-0.02451266513381145,0.0,65.77,0.07606578347305928,-0.02889476582589374,-5.437091990122771,1.5557952000158655,-0.002370619616881513,-0.02656529843668958,-5.489860882168475,-0.43997751251805406,0.05277520018744848,-0.03,1.5626934915832478,-2.0,-500.00000000000006,0.0,-0.0,0.0,0.0,1.5708000000000009,90.0,0.036399371204068096,0.05135021076707478,0.057389923535644476,0.18448798276613979,0.2563943194836177,0.045851225144958,0.13231957838983086,0.1266400302144448,-36.105852347195125,0.084541026015408
66.0,-2.0176809902685537,0.11095773151230981,5.485,0.4,-0.05,0.03,1.5530754747476916,-0.029748843281951414,-0.04339717793803612,0.04659108454913335,-1.9971044986251472,-499.8934445079096,0.0,-0.0003722468770153821,-0.028831768876445705,0.0,65.935,-0.015805430671267245,-0.021274347166696937,-5.449516648850254,1.5778844016684006,-0.04810232552682229,-0.01584487280885369,-5.487390803956897,-0.400034127674101,0.06605518882331853,-0.03,1.5729219712252482,-2.0,-500.00000000000006,0.0,-0.0,0.0,0.0,1.5708000000000009,65.0,0.03758940194880402,0.0544022740770687,0.05832400018976282,0.1881160524797695,0.257767761457602,0.04798399367056807,0.13377079863786367,0.12980321782598428,-35.80209928391646,0.08643632114355157
66.1,-1.9813263775050916,0.11095773968468858,5.484,0.36,-0.05,0.03,1.5578528447684388,-0.030966625348140188,-0.030591754520055085,0.05978478132748929,-1.9591316246873773,-499.8968145019922,0.0,-0.0002491073859700615,-0.02990493669312169,0.0,66.034,-0.06478371932865355,-0.008456620824102456,-5.513283071338399,1.5682429970236171,-0.08906259583427684,-0.005254550602199348,-5.493685534345978,-0.3600537841421472,0.07784615184619106,-0.03,1.5727277992497697,-2.0,-500.00000000000006,0.0,-0.0,0.0,0.0,1.5708000000000009,66.0,0.03949154342792869,0.05995160806023079,0.059379612196974976,0.19554365890344966,0.26089321429938794,0.05188052042906598,0.13668623383958375,0.13635702238204578,-35.31610724570267,0.09067076265442002
66.2,-1.9449717643417896,0.11095774771891342,5.481,0.32,-0.04,0.03,1.5632899408836405,-0.031507189488695936,-0.022014255133796522,0.03972013166113858,-1.925550307545983,-499.89993188452064,0.0,-9.303246554142556e-05,-0.02820439784610475,0.0,66.133,-0.0902222963052245,-0.0017710544658405953,-5.55440884835941,1.6059749388512001,-0.1204416622441184,0.003131274336317068,-5.504753124177672,-0.3207897807483184,0.07496120332265073,-0.03,1.5933826901953783,-2.0,-500.00000000000006,0.0,-0.0,0.0,0.0,1.5708000000000009,67.0,0.040288006558320696,0.06207138706517489,0.060155913138823576,0.1977138698544369,0.26168313750587296,0.05332974479599564,0.13749787280364972,0.13841327994347322,-35.122019814176966,0.09187810596685272
66.3,-1.9177058042319708,0.11095775317072754,5.478,0.27,-0.03,0.03,1.5683179996584096,-0.020841103856342184,-0.013687340409559653,0.0858804241111049,-1.8914373134899638,-499.90299043016654,0.0,9.445386433025027e-05,-0.022804965412330423,0.0,66.166,-0.09894540380520138,-0.013015845721772671,-5.520545627229773,1.5330691842072268,-0.14597664626688686,0.0027192165985918575,-5.509902590394878,-0.2699580382607052,0.05326469509348028,-0.03,1.5689926627613533,-2.0,-500.00000000000006,0.0,-0.0,0.0,0.0,1.5708000000000009,94.0,0.03644447435358945,0.05179030837168377,0.057524012462428054,0.18483923960390963,0.2565063408697481,0.04581566542052514,0.1322980194941825,0.12688233632566862,-36.085177709849994,0.08471138409816972
66.4,-1.8995284966119594,0.11095775676324271,5.475,0.22,-0.03,0.04,1.5754093095336594,-0.00466758297821598,-0.0017535326259770253,0.012217897509596428,-1.8725862783680784,-499.90446264869706,0.0,0.00014537157927666474,-0.017426371270884696,0.0,66.331,-0.15439175878477543,-0.026001599423374645,-5.434173253211916,1.556630865927534,-0.17110378202541793,-0.015313295023725254,-5.488966703902133,-0.22019690573679748,0.006775527452845053,-0.04,1.5623181571160987,-2.0,-500.00000000000006,0.0,-0.0,0.0,0.0,1.5708000000000009,69.0,0.03732987316070251,0.053968932826113446,0.0582300227751992,0.18748751158240937,0.257576048530888,0.047560516177746565,0.1334442812924322,0.12926326737788182,-35.85442792373675,0.08613918196440025
66.5,-1.8722625380583422,0.1109577630876557,5.472,0.17,-0.02,0.04,1.572135788100075,0.029069339790522418,0.003357465532835462,-0.04979668178260386,-1.8534668159621233,-499.90559762401574,0.0,4.422555039475496e-05,-0.008900766177747804,0.0,66.364,-0.15399006547876767,-0.018479738820133002,-5.485640875077594,1.5531595209259783,-0.1874161299132618,-0.017282069548994014,-5.492754865323004,-0.17035223224787832,-0.007140762431134925,-0.04,1.5578190762287294,-2.0,-500.00000000000006,0.0,-0.0,0.0,0.0,1.5708000000000009,76.0,0.03576555233719669,0.0506177608682721,0.05620734477630275,0.18415095088855538,0.2563830052128167,0.04478752691072131,0.13187820000155534,0.12604219833364766,-36.268311186405114,0.08444743790819463
66.6,-1.8631738804603681,0.1109577649337603,5.468,0.12,-0.01,0.04,1.5680278053649255,0.03018267284792968,0.01290493573133442,-0.04631545569031465,-1.83927354914099,-499.906066361505,0.0,2.1788488410860304e-06,-0.0024408768003597947,0.0,66.496,-0.19292353754374145,-0.0038492112054269857,-5.434738177219662,1.5700477342085986,-0.20469045217513257,-0.009622280454793363,-5.492915861571209,-0.12011205266480318,0.0009418680886311599,-0.04,1.5584265632782448,-2.0,-500.00000000000006,0.0,-0.0,0.0,0.0,1.5708000000000009,85.0,0.034592872331685634,0.04800907654053478,0.05479871554190895,0.18075527600955,0.25489045752923495,0.04285115452745809,0.13051327102278643,0.12301598797362899,-36.58772032257785,0.08260386498654337
66.7,-1.8540852279274043,0.11095776673331637,5.464,0.08,-0.01,0.04,1.5643861289743821,0.010467849011583288,0.01809785943413966,-0.028645567937132316,-1.8299156205344163,-499.9060871226791,0.0,3.491199152784763e-06,0.0014237726439215856,0.0,66.562,-0.2000933132773142,-0.004604416429919174,-5.470471135373036,1.5470859088680484,-0.21424648382670525,-0.006113601965257268,-5.494353658128123,-0.08002782309259322,0.008545033676050638,-0.04,1.5516758142436797,-2.0,-500.00000000000006,0.0,-0.0,0.0,0.0,1.5708000000000009,118.0,0.03663026384213861,0.052858678188646466,0.056199385466104416,0.18664941603731527,0.2572620515647774,0.04658479081063934,0.13301409666598962,0.1281788473448926,-36.062208926714746,0.08571754715159824
66.801,-1.8449965724836734,0.11095776844786354,5.459,0.03,-0.01,0.04,1.5616292134535055,-0.0012853583230017466,0.02000254037365984,-0.0422304079977073,-1.824845857132058,-499.90572926488795,0.0,2.721708672078941e-05,0.0045062277458848355,0.0,66.727,-0.2114636592558333,-0.00635762004906432,-5.403272859027402,1.5624540852531361,-0.2165647735826829,-0.003747851860287031,-5.471636279123253,-0.029984374704038697,0.012364606196402355,-0.04,1.5641884321856268,-2.0,-500.00000000000006,0.0,-0.0,0.0,0.0,1.5708000000000009,74.0,0.037566946350077485,0.054746644347340966,0.05734717936820235,0.18817764272766904,0.25772263005040824,0.04811927131095332,0.1337109961062455,0.12972304352071598,-35.83072203270555,0.0864548447599916
66.9,-1.8449965724836734,0.11095776844786354,5.454,0.0,0.0,0.04,1.5595034771275262,-0.0043780614557046875,0.02307897443347013,0.012097732328693126,-1.8250325198322075,-499.90528414970737,0.0,4.328406110893487e-05,0.006381387557662693,0.0,66.76,-0.22538317021125637,0.00015239703928738777,-5.480731326703281,1.5786365513629639,-0.22035430590981903,-0.0007685850513745897,-5.476835843849809,-6.488018878826919e-06,0.008695342993611532,-0.04,1.5715424753573572,-2.0,-500.00000000000006,0.0,-0.0,0.0,0.0,1.5708000000000009,100.0,0.03589724165893527,0.050692925154503236,0.055782892785317985,0.1837397318115811,0.2560819565069891,0.04507413575418245,0.13186090747766838,0.12572734987639825,-36.26703256836846,0.08416424534044203
67.0,-1.8449965724836734,0.11095776844786354,5.45,-0.04,0.0,0.03,1.562016206854258,-0.0026625020549209764,0.022580563894656656,0.03747282819435177,-1.8290461772924582,-499.9044722860679,0.0,3.577721715246463e-05,0.009225275592340982,0.0,66.925,-0.21495876219936688,-0.006544168727448554,-5.397094413689868,1.56019774314367,-0.21526600943635554,-9.89685024052938e-05,-5.4654936020305644,0.04000235258543909,0.008341546583407834,-0.03,1.5705142945178854,-2.0,-500.00000000000006,0.0,-0.0,0.0,0.0,1.5708000000000009,75.0,0.03796436574043989,0.0560823989899658,0.05718597494815421,0.19063705148778728,0.25892993770603506,0.049041748764429904,0.13464986852607194,0.13177964252968494,-35.731595895123604,0.08794210901762889
67.1,-1.8540852221833937,0.11095776596227269,5.445,-0.08,0.0,0.03,1.5651787589911856,-0.002889133750840248,0.028328429617626476,0.02086994781330446,-1.8369911363549005,-499.903349514405,0.0,8.477082896175659e-06,0.012623517024939305,0.0,66.958,-0.21422779824834937,-0.02253717674635648,-5.440815015603037,1.5803321761137084,-0.2080039775400654,-0.011143203963914872,-5.465938621534971,0.08007599990508303,-0.014312493047011857,-0.03,1.576106316503504,-2.0,-500.00000000000006,0.0,-0.0,0.0,0.0,1.5708000000000009,102.0,0.03664775598861184,0.05280304619815963,0.05589662001556336,0.18675414091119982,0.2573868822795061,0.04655907818082885,0.13303827492323472,0.12824769850861342,-36.077281692491205,0.08583234046213435
67.201,-1.8631738751161973,0.11095776430087056,5.442,-0.11,0.0,0.03,1.567616896066118,0.015452956443669723,0.03326512888675005,0.03427955764310845,-1.851253644136129,-499.90159032369513,0.0,-4.653104513509224e-05,0.016546961653638857,0.0,67.123,-0.19718274634201513,-0.0320182624104969,-5.412559995944739,1.5640329565846653,-0.19252501617645176,-0.02912824283801907,-5.455641395030565,0.10965195615592671,-0.04955997755062857,-0.03,1.5637737626245451,-2.0,-500.00000000000006,0.0,-0.0,0.0,0.0,1.5708000000000009,78.0,0.03847800234458439,0.05723741539870765,0.05742485563553564,0.19193701462933477,0.25940844381185424,0.050054977145953354,0.13529117613158215,0.1329960538125743,-35.614744761424156,0.08864306580914078
67.3,-1.8722625264152757,0.11095776198817031,5.439,-0.14,0.0,0.03,1.5696619807884584,0.03878698958369571,0.051330020626312964,-0.003592444907533022,-1.8633352632899645,-499.90023379168196,0.0,-7.342235673865799e-05,0.01801545972241181,0.0,67.189,-0.1920922884890306,-0.025953001495653924,-5.340892574191699,1.5544116883076793,-0.17854470852478382,-0.032839115641180056,-5.44442820927496,0.1393958504759824,-0.049669177699093216,-0.03,1.5586334571842146,-2.0,-500.00000000000006,0.0,-0.0,0.0,0.0,1.5708000000000009,91.0,0.03516723399691472,0.048816694248695384,0.055548963990784364,0.18075436804845327,0.2547005211470644,0.043685090960617616,0.13061791440839224,0.12321941516263124,-36.45481791114389,0.08250133554058539
67.4,-1.8813511792705568,0.11095776054806938,5.436,-0.17,0.0,0.03,1.5667442703295986,0.029140732536022344,0.044661674312603386,-0.03709325755850892,-1.8809596063320315,-499.89851826753903,0.0,-2.2701720345473387e-05,0.016835307466911507,0.0,67.255,-0.18534416320148828,-0.02050193487753733,-5.4572951434652355,1.541918930169934,-0.1621208409996272,-0.03179553288214289,-5.4492213302398405,0.16910786686221782,-0.04007737355121539,-0.03,1.5485397329601631,-2.0,-500.00000000000006,0.0,-0.0,0.0,0.0,1.5708000000000009,105.0,0.037637038694526934,0.055291734703310516,0.05696595783904415,0.18960083910105185,0.25850047999750986,0.048432290439829835,0.1342079093382081,0.130847268993661,-35.81105808742035,0.08736584152672244
67.501,-1.9086171365471323,0.11095775478994607,5.432,-0.19,0.0,0.03,1.5624221498754363,0.013032071790519734,0.040306202708589305,-0.05845412609622285,-1.9052136049257429,-499.8967684528265,0.0,4.5878333897210706e-05,0.011787247960489973,0.0,67.42,-0.15249272954127047,-0.032413484002500735,-5.399542046745697,1.5348504606163311,-0.14154032598823596,-0.032604265328066234,-5.448160074695748,0.188896927236065,-0.03620988254656987,-0.03,1.5403424381249498,-2.0,-500.00000000000006,0.0,-0.0,0.0,0.0,1.5708000000000009,81.0,0.03960366365209585,0.06055808864716732,0.0584089802747729,0.1961687530971144,0.26116065111113945,0.052315821336460205,0.13686903260729819,0.1368044838814423,-35.31760320742269,0.09107663028130587
67.6,-1.9267944413338998,0.11095775013167009,5.428,-0.21,0.0,0.03,1.5563566536318996,0.004226766021301961,0.04029597874774032,-0.06956282137908974,-1.9228851736972927,-499.8959202382725,0.0,6.200883431445705e-05,0.0071188605626846145,0.0,67.486,-0.14457033654692425,-0.03326435297073809,-5.450328890040035,1.5806451055628943,-0.12119265765667533,-0.03716233868388805,-5.4514874573235375,0.20951129380669928,-0.03953693718680356,-0.03,1.5584362063391812,-2.0,-500.00000000000006,0.0,-0.0,0.0,0.0,1.5708000000000009,74.0,0.03540564455792174,0.04918804188679994,0.05615882434422677,0.1809927288244571,0.25477555154871384,0.043970702087421085,0.13071577327107087,0.12351582226113475,-36.38459941633725,0.08260416164578749
67.7,-1.9449717463223049,0.11095774675385917,5.425,-0.22,-0.01,0.03,1.5526308427241182,0.005283229297468155,0.041294335915012255,0.013641507688332765,-1.946216867663844,-499.89528578798274,0.0,1.512828526129772e-05,0.001328251836483492,0.0,67.585,-0.11469473792452944,-0.02670551017974981,-5.387857339947844,1.5789257183255698,-0.0944475151171885,-0.03422018568024557,-5.44645363208036,0.2199717879526311,-0.018401223484748708,-0.03,1.5698029879655007,-2.0,-500.00000000000006,0.0,-0.0,0.0,0.0,1.5708000000000009,76.0,0.03694010893028819,0.053092082956335426,0.05721627207706595,0.186298730722834,0.25705745377473554,0.04689588627653258,0.13290620363043185,0.1281060774340254,-35.9785126619871,0.08549174381038388
67.8,-1.9722377065528032,0.11095774038103601,5.422,-0.22,-0.01,0.04,1.5557737183433513,-0.007925143054588886,0.043536166760125186,0.05435622744079764,-1.9753694009699885,-499.8951889706603,0.0,-2.2825059861176186e-05,-0.0035494080272969923,0.0,67.717,-0.08501207211570404,-0.01251393583729898,-5.405353288164267,1.5668257942713482,-0.06996803157154044,-0.020816380465388536,-5.437727453820116,0.22000672593975446,0.013199464135179102,-0.04,1.5686941216872985,-1.9999941033418318,-499.99448798310965,0.0,1.1083483130750506e-05,0.27999712004557037,0.0,1.570756742519447,83.0,0.039945899721583945,0.06159811328446514,0.05875727974090969,0.1979613419281919,0.2620112393619654,0.05307632122379075,0.1375723952031418,0.13842426263390825,-35.22178804950662,0.09218307524596847
67.901,-1.9995036629953324,0.11095773424792243,5.418,-0.22,-0.02,0.03,1.5611690497633555,0.0,0.0,0.0,-2.0000314622790802,-499.89559410956997,0.0,-1.3139239738451553e-05,-0.006121114254009413,0.0,67.783,-0.0682156252782777,-0.012977608380802167,-5.304471275246087,1.5617682031572497,-0.045104793358528204,-0.013191855009858441,-5.4255615239200985,0.23007559596044727,0.036246950778120464,-0.04,1.5661434281715503,-2.0000576042468095,-499.9488527405374,0.0,-0.00019538636651897763,0.6005335200756484,0.0,1.5711216814222289,77.0,0.03615239193156084,0.05074166340217699,0.05680067226447882,0.1830219898121898,0.2555944454513746,0.04529321277983632,0.13166519504421662,0.1253207962272499,-36.19803314943865,0.0836627832637773
68.0,-2.0176809681387837,0.11095773042750912,5.415,-0.22,-0.02,0.03,1.5626240326699357,-0.03520389788587646,0.036059705183731784,0.012983966949376745,-2.0245157736447013,-499.896232231531,0.0,-7.19308014782711e-07,-0.006663093758294526,0.0,67.915,-0.04371505319434971,0.04777464124541562,-5.400923145638911,1.5769758426896407,-0.02098271961164227,0.037545662161491244,-5.414989328752359,0.21996936094770653,0.1372352919277403,-0.03,1.571057673451625,0.8839999999838739,5.57166363104531e-12,0.0,3.9999999999127844,1.1188745344720523e-10,0.0,2.7971863362411205e-11,85.0,0.03661874286589883,0.05147996796424026,0.0576743485313283,0.18350459520633122,0.2557256738205914,0.046115318403253246,0.1320162626053774,0.12594192280575156,-36.07222671018645,0.08387744871619188
68.1,-2.0358582732822343,0.11095772584764552,5.412,-0.21,-0.02,0.03,1.564184974474136,-0.10140353197359211,0.03146631616989944,0.025988443077447475,-2.043684687144466,-499.8966581697652,0.0,5.560971288925645e-06,-0.003507203845635394,0.0,68.014,-0.009203233525252149,0.19913434292643534,-5.354457800032571,1.563308966354824,0.009478458518474179,0.17132287575889418,-5.408823540152625,0.2139840366341714,0.40315834795404987,-0.03,1.560398815986745,-2.0002109948777718,-499.6314739637232,0.0,-0.0009907681750516188,2.604250809816898,0.0,1.5711767694632897,86.0,0.035236465941014164,0.04899431790533696,0.05601365929760762,0.18145504844422666,0.2551029833272259,0.04388529700987904,0.13092132927349817,0.12384936220766252,-36.41396932229706,0.08292982307163474
68.2,-2.063124230124603,0.11095771985268588,5.407,-0.2,0.0,0.04,1.5654526302267355,-0.2985670279078546,0.04064376703814049,-0.008595200626627098,-2.0667852524610764,-499.89641616990093,0.0,-3.0790886654198855e-05,0.010771580455602265,0.0,68.113,0.01696149184287113,0.495911924377669,-5.351395109868583,1.5554318841253159,0.03713028255057555,0.4267555323228779,-5.408916159384306,0.2200941798060957,0.8794978896876766,-0.04,1.5479529695278433,-2.000330577591476,-499.3171489336634,0.0,-0.0013635788717847378,3.5842501505623785,0.0,1.5711767630782811,87.0,0.035154585556306676,0.04963276397612898,0.055368715128451255,0.18264325175884552,0.2556245637550461,0.04423425074542734,0.13136462021361445,0.12468075815140056,-36.41174866783111,0.08357973994987952
68.3,-2.0813015351905317,0.11095771625357376,5.403,-0.19,0.03,0.03,1.5619013878193237,-0.6490411937548467,0.04734434669336896,-0.059925847467825116,-2.0885314715616565,-499.89343444706975,0.0,3.8106185519848714e-05,0.052050782030277125,0.0,68.212,0.04037260309205585,0.8482199455971842,-5.305403302262502,1.5656154915258653,0.06350420345442626,0.7964551525914707,-5.3918930607566065,0.2181131995237618,1.5159232098013518,-0.03,1.5526129520492629,-2.00048013617862,-498.9240268732937,0.0,-0.001521648218445018,3.999741448238871,0.0,1.5711767634217952,88.0,0.03636285456111237,0.05261156349889801,0.05555350625728511,0.18670457448663022,0.2573383449621688,0.04635711059222586,0.13299810990290054,0.1280955267254151,-36.15546206596134,0.08578957241286175
68.4,-2.0994788395774595,0.1109577110774187,5.399,-0.16,0.12,0.03,1.5575311510500054,-0.9384158625685028,0.057163120977772715,-0.029469022814559615,-2.112088921813649,-499.88010555984926,0.0,0.0008309962880273127,0.17675827119955623,0.0,68.278,0.06919774842932919,1.1838560091588903,-5.335218646979692,1.550050678750696,0.09035607887726696,1.1681468613539123,-5.390551521145349,0.20410448504949177,1.9952205781820407,-0.03,1.549948337946165,-2.0006627388084843,-498.44404675842475,0.0,-0.0015217121169510894,3.999909422254188,0.0,1.571176763420554,82.0,0.03810637909151532,0.05534808656236794,0.056454828147818756,0.18964561514718503,0.25842102637342285,0.04839339498079201,0.13422463047365552,0.13080771275478525,-35.904006007429835,0.08733490244572856
68.5,-2.117656149522114,0.133149297602162,5.395,-0.13,0.3,0.01,1.556439049602721,-1.2717725728383003,0.04844660166765756,-0.016678779025272747,-2.1257879879327337,-499.859279250914,0.0,0.0018445972119313678,0.3350793714560316,0.0,68.41,0.10361026328003146,1.7521138360179815,-5.406321364932362,1.58510091139372,0.11122250975975702,1.782092494373355,-5.389545176940521,0.13593339177867203,2.8208669743376995,-0.01,1.568895129249917,-2.000784476899476,-498.1240515022508,0.0,-0.0015217311042615364,3.999959332634683,0.0,1.5711767634204472,90.0,0.0422251021973174,0.061122317638911156,0.05892624733108458,0.19553799370891448,0.2605415838637016,0.052627597575659046,0.1366025472198093,0.13653814343308945,-35.34317024466763,0.09049935813799968
68.6,-2.1358334677890065,0.17753247631647184,5.395,-0.1,0.61,-0.02,1.5579473702844717,-1.5464877021612216,0.013427665529743114,0.07653810382534809,-2.140235349347277,-499.8097511636212,0.0,0.0021194156377648383,0.6499688359851306,0.0,68.509,0.1149589677226393,2.0622775060021286,-5.351217555736022,1.5628776627872667,0.12591317157477114,2.186548146576456,-5.386419632733929,0.11080306100367071,2.990247991967085,0.02,1.5677956922261502,-2.0009366507108926,-497.7240539554177,0.0,-0.0015217408551594094,3.9999849632867495,0.0,1.5711767634204619,91.0,0.05099742231352101,0.07077358076495598,0.061561909369552824,0.20741621987273925,0.2653537048077911,0.059340552509730866,0.1411379861760437,0.14827481473764847,-34.51944704835258,0.09762010349754474
68.7,-2.144922143959389,0.2662988386550911,5.4,-0.07,1.09,-0.07,1.5631359792922175,-1.3357169914403946,-0.0015778002883449493,0.05760922691876136,-2.151707774871947,-499.7198382379637,0.0,-0.0019799403723231926,1.1302640981432113,0.0,68.608,0.14665441086565814,2.5425248418036275,-5.199381409455516,1.5472348719559992,0.14948494541614582,2.7605765798192445,-5.350094828308043,0.10880455374832243,3.3128132636738634,0.07,1.5619829734450845,-2.0010888250517747,-497.32405487170723,0.0,-0.0015217444244620636,3.999994344929225,0.0,1.5711767634205074,92.0,0.04885293643317487,0.06394593092120425,0.06217533179606339,0.19728235268072591,0.2610652069495242,0.05400875828956114,0.13692674456383536,0.13908271167114408,-35.023406567222324,0.09138760350673328
68.8,-2.1540108352091014,0.41054418070925625,5.413,-0.04,1.73,-0.14,1.5658924128536618,-1.1080532493273711,0.008458501327355044,0.009879604643748477,-2.1604682898499656,-499.5723266954082,0.0,-0.00710068057198506,1.7815460223334338,0.0,68.608,0.14665441086565814,2.5425248418036275,-5.199381409455516,1.5472348719559992,0.15804020418994816,3.0643653227654184,-5.338494828308091,0.0804062327290991,2.943688369256679,0.14,1.5621510721540095,-2.001240999586442,-496.9240552254498,0.0,-0.001521745730722574,3.999997778908368,0.0,1.5711767634204696,92.0,0.060879018158674254,0.07220020404274279,0.06433945908691038,0.20817800305931713,0.2656417581894254,0.059699082877578656,0.1410933563001669,0.1504336306515782,-34.2668933951634,0.09806757027189347
68.9,-2.154010892349998,0.621364298112359,5.43,0.0,2.53,-0.21,1.5662482837822775,-0.5277030937993826,0.003071053307090189,-0.003892319560142991,-2.1665651466814175,-499.351252140709,0.0,-0.010173189910287737,2.5802761748784504,0.0,68.608,0.14665441086565814,2.5425248418036275,-5.199381409455516,1.5472348719559992,0.16354754498746882,3.3200274807674126,-5.319894828308131,0.0419168452294904,2.414564130076909,0.21,1.5623191708629531,-2.0013931741920747,-496.5240553732821,0.0,-0.0015217462100523696,3.9999990358641506,0.0,1.571176763420754,92.0,0.08826364064319572,0.09237371515129521,0.0681143596871914,0.23214810806016345,0.274891876369545,0.07299330361895708,0.14969079862184526,0.17815658484117752,-32.823185899032794,0.11401767588881741
69.0,-2.154010970592934,0.9209507832930681,5.453,0.02,3.4,-0.27,1.5671142137751468,-0.10629911126619801,-0.015624827955261336,-0.014821668370746484,-2.16987828477961,-499.0456755894094,0.0,-0.011893415032962335,3.449347107511128,0.0,68.608,0.14665441086565814,2.5425248418036275,-5.199381409455516,1.5472348719559992,0.16699674903527018,3.5172145304427356,-5.294494828308167,0.023336391075873122,1.8154405231723927,0.27,1.5624872695718894,-2.0015453488237562,-496.1240554457541,0.0,-0.0015217463851267855,3.9999994959547824,0.0,1.5711767634207638,92.0,0.12421681644772034,0.11482397187395278,0.0716907664598178,0.25680484743855814,0.28384070126387584,0.08680562627984029,0.15782057911453062,0.21271075330870415,-31.52469796077096,0.13270150707394462
69.1,-2.1540110739462195,1.3093036379003642,5.482,0.05,4.28,-0.3,1.566352006108735,0.15706816142955474,-0.011660882790933635,-0.02559260860542884,-2.170409634566671,-498.6527788902488,0.0,-0.0072629443397708065,4.314267611092506,0.0,68.608,0.14665441086565814,2.5425248418036275,-5.199381409455516,1.5472348719559992,0.16718742019835267,3.6559578150688226,-5.2653048283082065,-0.005335129900388619,1.2063175255809648,0.3,1.5626553682808266,-2.0016975234649617,-495.7240554906287,0.0,-0.001521746449402293,3.9999996643534113,0.0,1.5711767634208165,92.0,0.16981246730228775,0.1396621824826727,0.0750970438539109,0.28214535825323767,0.2925158862249514,0.10117087705116705,0.1655516088476516,0.2567957936958749,-30.32671089647915,0.15454884677797404
69.2,-2.154011195597073,1.7753270654440048,5.511,0.08,5.09,-0.3,1.5672708345253505,0.31663168207693965,-0.01620493480215828,-0.01584607307394579,-2.1682538724282048,-498.17602007417963,0.0,-0.00377788421882007,5.125970043605816,0.0,68.608,0.14665441086565814,2.5425248418036275,-5.199381409455516,1.5472348719559992,0.16468898482748026,3.737225652867337,-5.234704828308232,-0.034097717862681176,0.6671951143403438,0.3,1.5628234669897534,-2.0018496981096536,-495.3240555254051,0.0,-0.00152174647297308,3.9999997260000995,0.0,1.571176763420846,92.0,0.2260823248108969,0.16697963426414872,0.07835538268425588,0.3081632692642547,0.30094109671822616,0.1160992211498879,0.17293737361266315,0.31405149040774366,-29.20556634166069,0.1800389283513649
69.3,-2.144922676788846,2.319021066817883,5.537,0.1,5.82,-0.25,1.5669415067557733,0.40681588346473835,-0.022129520118352997,-0.0073731355007971245,-2.163565800551761,-497.6223435576696,0.0,0.004485764694323467,5.859939523896638,0.0,68.608,0.14665441086565814,2.5425248418036275,-5.199381409455516,1.5472348719559992,0.16030069737729524,3.7683808054241292,-5.207304828308242,-0.052951372969445895,0.20807326648825342,0.25,1.562991565698694,-2.002001872755626,-494.9240555564859,0.0,-0.0015217464816223967,3.9999997485555685,0.0,1.571176763420863,92.0,0.2940804575218044,0.1968571367983209,0.08148353205155072,0.33484997944945216,0.30913677182433164,0.13158897614830553,0.1800203743803624,0.3892886600673353,-28.147416749624856,0.20970271587561434
69.4,-2.1449228265926483,2.918194047207581,5.558,0.11,6.47,-0.18,1.5670336175852009,0.43146552080175354,-0.0221717113186585,-0.0067168768552188845,-2.15657237726459,-496.9993852800529,0.0,0.01472181150563565,6.521463979270942,0.0,68.608,0.14665441086565814,2.5425248418036275,-5.199381409455516,1.5472348719559992,0.1548116405253264,3.757697804751791,-5.186284828308246,-0.06189609537380634,-0.17104804093758652,0.18,1.563159664407641,-2.0021540474020783,-494.52405558621376,0.0,-0.0015217464846583601,3.9999997568206007,0.0,1.571176763420836,92.0,0.37490041431908516,0.22936976624612798,0.08449595253972719,0.362195669320938,0.31712070839661144,0.1476327279594509,0.1868350480826492,0.488754380445627,-27.143307933609904,0.24412605385463926
69.5,-2.1358343363537555,3.583941808064411,5.574,0.12,7.07,-0.11,1.5662631528128426,0.4828375710083416,-0.024881134701914037,-0.007837595680769426,-2.1475007133336317,-496.3136345504642,0.0,0.026685724251538766,7.12476348790021,0.0,68.608,0.14665441086565814,2.5425248418036275,-5.199381409455516,1.5472348719559992,0.14821074662284736,3.706732619587963,-5.1724848283082565,-0.07093188522370725,-0.5001688308995309,0.11,1.563327763116584,-2.0023062220486834,-494.1240556154462,0.0,-0.0015217464858208753,3.9999997598389863,0.0,1.5711767634208396,92.0,0.46967574440424414,0.26459778076757057,0.0874046108371628,0.39018960165061634,0.32490851588403863,0.16421994843678275,0.1934097598159044,0.6204358520512607,-26.18343167069437,0.2839460637002316
69.6,-2.1267458567674575,4.316264342021761,5.583,0.13,7.61,-0.06,1.5656059440833068,0.47721287789777944,-0.02238678261759168,-0.004874305346429979,-2.1365471358952166,-495.57016478746317,0.0,0.03774699344860707,7.682646430358291,0.0,68.608,0.14665441086565814,2.5425248418036275,-5.199381409455516,1.5472348719559992,0.14048674685750445,3.6248709887668515,-5.164884828308276,-0.08005874266194435,-0.7692891263599861,0.06,1.5634958618255133,-2.0024583966953453,-493.7240556444974,0.0,-0.0015217464861066777,3.999999760947433,0.0,1.5711767634208056,92.0,0.5795754394123416,0.30259202379545064,0.090219543312943,0.41882014764283976,0.33251397518595943,0.18133818149593092,0.1997682036562521,0.7943759198560674,-25.270698184709868,0.38651058120823395
69.7,-2.126746040339137,5.092970050407568,5.588,0.14,8.12,-0.03,1.565020761513386,0.4695968457325676,-0.023571125459550854,-0.002490875182638061,-2.1239040495697643,-494.7732988311164,0.0,0.0458568985577697,8.196509241028457,0.0,69.631,0.10965269369255344,1.9243848930368386,-5.485012749475656,1.5971034828066983,0.08704282228329496,1.7952935679431377,-5.2562600957878125,-0.25049568210006656,-3.1414385036170582,0.03,1.592986982596162,-2.0026105713420197,-493.32405567348223,0.0,-0.0015217464860755921,3.9999997613396525,0.0,1.5711767634207605,69.0,0.07106188308833503,0.07642584241686015,0.08360696600966568,0.21698769140736485,0.272125181914644,0.060858377510625325,0.14308901718013337,0.16319480718770651,-32.81286642161076,0.10457447371575897
69.8,-2.117657576551369,5.914058952330214,5.591,0.14,8.57,-0.01,1.5662005707297961,0.7766797618143401,-0.23619729021206007,0.03158688478573833,-2.1099447962364617,-493.92771539011284,0.0,0.03772030133856677,8.655998812695234,0.0,69.664,0.11116924462379622,2.0308556265120608,-5.453075317342422,1.5988209952977783,0.06466032772916312,1.523186617706555,-5.286248356213552,-0.28412267525762047,-3.3239723245124013,0.01,1.5982621431590198,-2.0027627459886954,-492.9240557024424,0.0,-0.0015217464862674777,3.9999997615101828,0.0,1.5711767634207923,104.0,0.05082903674792596,0.05714051314966475,0.07338628221284585,0.2098494468173247,0.270344992477357,0.04889286846102386,0.13496873815453866,0.14896445378924728,-34.768176581319715,0.10070350002472556
69.905,-2.1085691721233566,7.001446943523429,5.598,0.13,8.96,-0.07,1.5743283641666663,0.0,0.0,0.0,-2.0931215370871348,-492.86111101855454,0.0,-0.03688142614371915,9.040118569621498,0.0,69.829,0.09105125691895044,1.2614668527359876,-5.375172091625228,1.5552079289092002,0.08026724857265538,0.8905897031785193,-5.328551652111422,-0.1109165206942612,-4.008703947584993,0.05,1.566902788704425,-2.0029453555647216,-492.44405573718336,0.0,-0.0015217464863628218,3.999999761567026,0.0,1.5711767634208107,70.0,0.042500372112782014,0.05425094716436312,0.06797748749465805,0.205678584127663,0.26705154223366173,0.045019096704825394,0.13228226492599038,0.14251590856424753,-35.53982553152599,0.09725265370286501
70.0,-2.0994806751288544,7.6671947177920465,5.611,0.11,8.99,-0.18,1.5782082556423285,3.5363259274804255,0.016053292766406237,0.042874683449086765,-2.083095744623878,-492.1342389452229,0.0,-0.07463266386738485,9.083545099779855,0.0,69.928,0.05928194537541574,0.2967046087206716,-5.561657674862024,1.5642552130802845,0.05951405919412188,0.32287525908926235,-5.32826487017093,-0.11209659580848108,-4.389665820360943,0.18,1.57125207535173,-2.0030670952820837,-492.1240557603421,0.0,-0.001521746486438317,3.999999761567026,0.0,1.5711767634208296,72.0,0.06221056795533476,0.0732544708828788,0.07138584457780288,0.22871211017770868,0.2758016066113058,0.057429793226347434,0.14097374796021386,0.16587984539103087,-33.95688652456364,0.11181898720917843
70.1,-2.0903922274691444,8.543762630399991,5.643,0.09,8.71,-0.35,1.5757973557945828,3.2981125071918416,0.013863486939796443,-0.021181714728565247,-2.072489756845449,-491.2374181019209,0.0,-0.053381748869808385,8.811900982524895,0.0,69.961,0.061403807335377765,0.41561174378176136,-5.558623752045006,1.5774127472600574,0.04718837499575038,-0.13072430566263676,-5.311123428664619,-0.10220037140227654,-4.084901851293896,0.35,1.57343418283862,-2.003219269928796,-491.72405578929056,0.0,-0.001521746486682566,3.999999761567026,0.0,1.5711767634208906,104.0,0.052961392778064297,0.07289364809444643,0.07151028257052527,0.2209016252217439,0.27076250400071167,0.05540253509338541,0.1388985827288904,0.15770423234803715,-34.31318676133206,0.10558477239045216
70.2,-2.0813037731685524,9.37594739554814,5.69,0.06,8.06,-0.51,1.5753081069004278,2.0179356272197473,0.006233894496994099,-0.0012674898274651902,-2.0626800066295354,-490.2277171594871,0.0,-0.0511524761188813,8.003271586984214,0.0,70.027,0.05310727028246732,0.09783700654710473,-5.449963167413884,1.561391304085194,0.040369202151416934,-0.550690693357677,-5.272480874592993,-0.06237188017234147,-3.4440011338715424,0.51,1.5713101657347188,-2.0034018795048794,-491.2440558240287,0.0,-0.0015217464868948407,3.999999761567026,0.0,1.5711767634209437,93.0,0.06235726056240527,0.08125757545540675,0.07309360388397798,0.22751610715651605,0.27270060855225503,0.060950272899263414,0.14244469751962893,0.16596852498086548,-33.68869594485533,0.10976883051397379
70.3,-2.081303964172439,10.130461598741473,5.748,0.04,7.13,-0.61,1.5750185857203345,0.8453194950372032,0.014638194179692029,0.001095032346173981,-2.057947522855303,-489.62039122893293,0.0,-0.047196814552495456,7.253121883506567,0.0,70.027,0.05310727028246732,0.09783700654710473,-5.449963167413884,1.561391304085194,0.03552782861371333,-0.8377978601386299,-5.21528087459302,-0.042449011500038374,-2.431001922733061,0.61,1.5713175041263256,-2.0035236192222814,-490.92405584718745,0.0,-0.0015217464869241506,3.999999761567026,0.0,1.571176763420951,93.0,0.08981392308505652,0.10331299490371895,0.07643739221577339,0.251946791722735,0.28171904782028895,0.07436250791139587,0.1509652007962715,0.1957458728231327,-32.28927320302188,0.12762467426149937
70.4,-2.081304141062555,10.796209478008887,5.811,0.01,6.11,-0.64,1.5736427992258706,-0.08966153922516075,0.017709410361244012,0.007804479242322477,-2.053849271818708,-488.9509826045305,0.0,-0.03537905951829554,6.234878563611292,0.0,70.027,0.05310727028246732,0.09783700654710473,-5.449963167413884,1.561391304085194,0.03306896918224675,-1.0225565030972628,-5.152490874593052,-0.012527360989319173,-1.3280027124825011,0.64,1.5713248425179387,-2.00367579386903,-490.5240558761359,0.0,-0.0015217464868646426,3.999999761567026,0.0,1.5711767634209362,93.0,0.12418874717857,0.1277543947658249,0.07964091240529524,0.2770705400998061,0.2904576077584649,0.0882917253273449,0.15902984578832546,0.23230633194521932,-31.033655304763496,0.1485201775269616
70.5,-2.0722156238636247,11.350999393366823,5.873,0.0,5.19,-0.6,1.572304391945016,-0.8499418431416844,0.040353621483162065,0.025082892074241966,-2.051246187009621,-488.38045704865914,0.0,-0.024531343223563068,5.296624115815552,0.0,70.027,0.05310727028246732,0.09783700654710473,-5.449963167413884,1.561391304085194,0.03221256037634937,-1.0959879268689654,-5.090270874593081,-0.0026069286401635638,-0.3250035031332601,0.6,1.5713321809095553,-2.0038279685157763,-490.12405590508433,0.0,-0.0015217464867784893,3.999999761567026,0.0,1.5711767634209146,93.0,0.166010700713691,0.15466112479269145,0.08272046257576116,0.3028797255695949,0.29894083345165534,0.10277062506726055,0.1667048045242205,0.27777633449639655,-29.879629638610304,0.1729230497354092
70.6,-2.072215752854282,11.839214520791465,5.926,0.0,4.46,-0.5,1.5713416065580699,-1.7097251098314472,0.02947280339572569,0.009441744292105557,-2.049420871326143,-487.89273449704706,0.0,-0.016834788594348553,4.572394101148753,0.0,70.027,0.05310727028246732,0.09783700654710473,-5.449963167413884,1.561391304085194,0.03194861416154171,-1.0812820792699838,-5.035440874593121,-0.0026877144524578996,0.4879957053012287,0.5,1.5713395193011541,-2.0039801431625155,-489.7240559340328,0.0,-0.001521746486711876,3.999999761567026,0.0,1.571176763420898,93.0,0.2157666314349045,0.18410688434840983,0.0856894096650697,0.32936525221875285,0.30718987923558017,0.11780906683774679,0.17404163826929053,0.3348098183885251,-28.8048267312965,0.20135496668942615
70.7,-2.0631272000038354,12.271950654669666,5.966,0.0,3.98,-0.34,1.5711062466169263,-1.8657500208767943,0.013264338177424836,0.008139441096878008,-2.0478007312936675,-487.4642279666857,0.0,-0.013848741921917797,4.08443982775583,0.0,70.027,0.05310727028246732,0.09783700654710473,-5.449963167413884,1.561391304085194,0.031677022247933936,-0.9975666047161275,-4.996110874593176,-0.002769718426372909,1.05099491280756,0.34,1.5713468576927718,-2.004132317809248,-489.3240559629812,0.0,-0.0015217464867784893,3.999999761567026,0.0,1.5711767634209146,93.0,0.27393799424417803,0.21616227476868627,0.08855887831690397,0.3565163312040954,0.31522313034542737,0.13340482232166553,0.18108145087627991,0.40666768344257687,-27.79353165242241,0.23438589388531733
70.8,-2.0631272984582827,12.671399363746055,5.988,0.0,3.68,-0.14,1.5711692427019608,-1.791984320561689,0.00633186887792494,0.0067219656370644,-2.04611588548241,-487.074085547385,0.0,-0.013210862250548322,3.7767464506841373,0.0,70.027,0.05310727028246732,0.09783700654710473,-5.449963167413884,1.561391304085194,0.03139792311209469,-0.8739808339143383,-4.974110874593189,-0.002852940561735932,1.4339941193723322,0.14,1.5713541960843755,-2.0042844924559877,-488.92405599192966,0.0,-0.0015217464867909238,3.999999761567026,0.0,1.5711767634209177,93.0,0.3410151760028273,0.2508932507026918,0.09133824461170968,0.38432195285909543,0.323056685281036,0.14955063563956733,0.18785763719225948,0.4973063182670079,-26.838526892829748,0.2726518023240351
70.9,-2.0631273880134655,13.048656461957865,5.99,0.0,3.52,0.04,1.5713994092682861,-1.5941142740795635,0.0019165943789699641,0.00497207861150599,-2.044282784396198,-486.70695417453396,0.0,-0.01335238284936866,3.6048994819811977,0.0,70.027,0.05310727028246732,0.09783700654710473,-5.449963167413884,1.561391304085194,0.031111258821248954,-0.7216426828110546,-4.972310874593189,-0.0029373808586275287,1.6769933249821514,-0.04,1.5713615344759833,-2.0044366671027287,-488.5240560208781,0.0,-0.0015217464867891474,3.999999761567026,0.0,1.5711767634209173,93.0,0.4174985559055612,0.2883669546717647,0.09403549823735906,0.4127712985682579,0.33070473523185345,0.1662370249335311,0.19439776709483728,0.6114742267953511,-25.931269082475428,0.3168403570270931
71.0,-2.063127467836887,13.425913497669049,5.973,0.0,3.47,0.23,1.5714770196380583,-1.2728785639125515,-0.0021788822477530013,-0.0006514106468305074,-2.0422986713190134,-486.3507372230226,0.0,-0.013395014908526725,3.5431781280475754,0.0,70.885,0.0033330862554067477,-1.803644019441747,-5.871080429760605,1.5775730203430336,-0.0003205351667082973,-1.7116345398492607,-5.139295016788777,-0.03772103673712187,0.38684773289990604,-0.23,1.580576291340591,-2.004588841749472,-488.12405604982655,0.0,-0.0015217464867980292,3.999999761567026,0.0,1.5711767634209195,75.0,0.05628665643851924,0.07782086585767914,0.08871002968066488,0.20844903483376653,0.2681597144300446,0.058258154053422724,0.14061124577081063,0.15561991173907472,-32.92940487052752,0.09877886621643014
71.1,-2.0631275395607256,13.780978915956908,5.94,0.0,3.5,0.36,1.5725111640666165,-0.30907769542424635,-0.024288745967133766,0.027361743637185947,-2.040227044318642,-485.9958768377776,0.0,-0.01835242516669693,3.560412103842589,0.0,71.017,-0.005524812219315697,-1.9002980153266145,-5.878716999376715,1.5525457413627466,0.0037885111256673208,-1.8754497183716659,-5.401504736603464,0.01983576171281897,0.08745636445781146,-0.36,1.5652671837025647,-2.0047410163962027,-487.724056078775,0.0,-0.0015217464866257226,3.999999761567026,0.0,1.5711767634208764,83.0,0.0528892311926037,0.07033863405909385,0.08492792285114757,0.21589177014289884,0.27273047318220256,0.05848709724700879,0.14089796313928177,0.15922169027605612,-33.480805546986616,0.10443237803028255
71.2,-2.0631276096810023,14.158235878651375,5.897,0.0,3.53,0.41,1.573261933461998,1.310490457965464,0.008751995366451337,-0.026488792006884334,-2.0382251795321404,-485.6383931622173,0.0,-0.020452999485791244,3.579594691398269,0.0,71.083,0.0024348201923000343,-1.863668281705507,-5.790500116113442,1.5645043568652333,0.005964967466390668,-1.8597492972816936,-5.529299904819119,0.027360438805918832,0.0681283296227928,-0.41,1.5631923980372093,-2.004893191042911,-487.32405610772344,0.0,-0.0015217464863717036,3.999999761567026,0.0,1.571176763420813,77.0,0.04192717648179332,0.05217048370907964,0.07114914520181156,0.20500635063874167,0.26835610550287337,0.045190977706692954,0.13231459888841846,0.1431338290690971,-35.369656501653694,0.09775703384720981
71.301,-2.06312767869413,14.51330126502138,5.856,0.0,3.47,0.37,1.5695017281130446,0.9176936303467735,0.00884204328707165,-0.035233677918805564,-2.036059313173603,-485.213384644186,0.0,-0.0061436544479355265,3.4853586119727367,0.0,71.182,0.0017570222070837263,-1.86885277509779,-5.9735041497507835,1.5647529452074334,0.006794893184176381,-1.856513297226063,-5.6588027094997635,0.02896651429436282,0.10787546777103652,-0.37,1.5627004940286313,-2.005075800618937,-486.84405614246157,0.0,-0.0015217464862686749,3.999999761567026,0.0,1.5711767634207872,98.0,0.04255567348747521,0.05315210466323139,0.0676814001056922,0.20365849198406494,0.26615880968121725,0.04521479500038062,0.13239309485073286,0.14110650607559794,-35.4841303039597,0.09603164523639407
71.4,-2.063127750450752,14.868366671179496,5.824,0.0,3.31,0.28,1.5665309373897056,0.4901937088920744,0.009665023097287565,-0.02695899525109259,-2.0347343269937523,-484.9404760039822,0.0,0.0005717323444991969,3.347169018561683,0.0,71.248,-0.005442313833779903,-1.8415981690061962,-5.7810127519851795,1.561142079549809,0.00614051197177064,-1.8219686301996085,-5.715494203407275,0.03535132391674388,0.29082001187970574,-0.28,1.5609790662572787,-2.0051975403362863,-486.5240561656203,0.0,-0.0015217464862962084,3.999999761567026,0.0,1.571176763420794,112.0,0.046124794157727335,0.05850410087412604,0.06574698536019902,0.208124415792858,0.2670474793781292,0.04869091996026435,0.1351186187339614,0.14513086804561814,-35.159158085729004,0.09824664635086697
71.5,-2.063127818005947,15.19014471040061,5.802,0.0,3.1,0.19,1.564489871789936,0.17435704309918823,0.010367517601299541,-0.01851073203444629,-2.0331545747073387,-484.6173846600482,0.0,0.006002716031920011,3.1313463983309577,0.0,71.38,-0.009454074416372783,-1.6926500967588591,-5.714231926208117,1.58762338174931,-0.006577131033615468,-1.6725308523125,-5.7385194383057225,-0.018770392436911296,0.722288088134527,-0.19,1.5757070611820592,-2.0053497149829718,-486.12405619456877,0.0,-0.0015217464862171605,3.999999761567026,0.0,1.5711767634207743,82.0,0.04698862596686323,0.05929774621052842,0.06504926694446868,0.2035279657731124,0.2639330028005454,0.049338932449965046,0.13507203809021925,0.1417186093541165,-35.15315576934449,0.09481127795610864
71.6,-2.0631278824954835,15.500826951151172,5.785,0.0,2.87,0.13,1.564287267686103,-0.21973836820249312,-0.011469846720566897,0.031393916670877535,-2.0316091091955144,-484.3167519618351,0.0,0.004372621844912016,2.905427427889979,0.0,71.512,-0.019004721176706246,-1.707592411383091,-5.708710127994231,1.567326797065007,-0.01291338682727781,-1.6380516196240331,-5.764574900257477,-0.0016786413681926285,0.8580103191811306,-0.13,1.5712466048550477,-2.00550188962965,-485.7240562235172,0.0,-0.0015217464863175247,3.999999761567026,0.0,1.5711767634207994,88.0,0.050534096090335885,0.06348507425955253,0.06464950701718056,0.20631596993321022,0.2648015985566578,0.0525348406537108,0.13737001403063986,0.1450802045639043,-34.834057921414725,0.09642439309000231
71.7,-2.054039273416521,15.778221828334626,5.772,0.0,2.67,0.11,1.5674642015390583,-0.25613249597856097,-0.008849962466536482,0.014993305198523705,-2.030129973096624,-484.0377416901586,0.0,-0.004349087707224881,2.7004869269914336,0.0,71.578,-0.009090862915151267,-1.6659885546709692,-5.775040860235976,1.587061162721586,-0.016747546703072977,-1.537391437344435,-5.7781184315148835,-0.030928502882390015,1.0673035364738617,-0.11,1.5790717576113393,-2.005654064276346,-485.32405625246565,0.0,-0.00152174648638325,3.999999761567026,0.0,1.5711767634208158,82.0,0.04357420095859969,0.053496603203603686,0.06062558814539514,0.1905939801250494,0.258318549379338,0.046056863498054504,0.132803114076839,0.1312484994786169,-35.78483449063776,0.08730878805492279
71.8,-2.0540393278057287,16.04452088096754,5.758,0.0,2.5,0.11,1.5693667302283014,-0.3696000093236667,-0.020288723707740798,0.03188528951328792,-2.0288197583706142,-483.7775384999744,0.0,-0.009567529287277454,2.525718986672841,0.0,71.677,-0.01818652726168503,-1.3375328559771122,-5.734064563077085,1.5739126772886916,-0.02006316408432079,-1.2592476695496893,-5.784403711869729,-0.028948417565247353,1.5713830088266914,-0.11,1.5779064241957994,-2.0058062389230362,-484.9240562814141,0.0,-0.0015217464864152243,3.999999761567026,0.0,1.5711767634208238,83.0,0.04697101348252391,0.0570990392385255,0.06133710537813945,0.19341955701887617,0.2594618895269348,0.04870141153831822,0.134431778911873,0.13440414470720805,-35.453553821033864,0.08892954596889996
71.9,-2.0540393826438343,16.299724161913154,5.744,0.0,2.37,0.12,1.5724855911128708,-0.7680464389988791,-0.01934340729543259,0.025369391564369285,-2.0277099591062715,-483.48545020348786,0.0,-0.01731198521119029,2.367235070179234,0.0,71.809,-0.01561699421976036,-1.2525490925199012,-5.724588061866921,1.5803866095294443,-0.012079575604164262,-1.0835818544013827,-5.782471194435704,0.014941311346628334,1.745918966523666,-0.12,1.567166215065941,-2.005988848499084,-484.4440563161522,0.0,-0.0015217464865164767,3.999999761567026,0.0,1.571176763420849,91.0,0.05056803196757382,0.06071402144754092,0.06211759002256094,0.19691608038568548,0.2609994265898577,0.05134317606270137,0.13615931377197657,0.13817403709737439,-35.11696814539114,0.09104086578602832
72.0,-2.0540394319706516,16.543831619432446,5.728,0.0,2.29,0.13,1.5728633714050537,-0.8131025719033883,0.007503340367396217,-0.022374547989540763,-2.027381918030408,-483.29885480958086,0.0,-0.016037655428260265,2.311256227830954,0.0,71.875,-0.012706794797522479,-1.189997012319255,-5.7307159113681205,1.527372490459116,0.00016035801608198518,-0.9220338263036965,-5.791230968497459,0.08000981016780621,1.8135533389189105,-0.13,1.5513011071567422,-2.0061105882164507,-484.124056339311,0.0,-0.0015217464865138121,3.999999761567026,0.0,1.5711767634208484,85.0,0.046623009712941775,0.05820303928346785,0.06146441690750292,0.19296587965246165,0.2595741298244339,0.049478080561805186,0.1347961970052601,0.13457182812962706,-35.43573161702792,0.08892686878142077
72.1,-2.054039481991161,16.776843306604647,5.711,0.0,2.28,0.14,1.5683517659225057,-0.64593428823234,0.044323478780850654,-0.0781088975766401,-2.0273909676146533,-483.06869480515957,0.0,-0.005113890025883179,2.303447564674328,0.0,71.974,-0.013065725981421333,-0.8298105867302963,-5.721599127861373,1.5383017261004577,0.010682034468366035,-0.6068853271522907,-5.795453622281544,0.1273384390928253,2.1087016632847573,-0.14,1.5417894057037846,-2.006262762863163,-483.7240563682594,0.0,-0.0015217464866212817,3.999999761567026,0.0,1.5711767634208753,86.0,0.0480472266098065,0.055648688740954695,0.06111417502999478,0.18905232774229216,0.258092924190141,0.047897067305779424,0.13347906712690863,0.13160378549243967,-35.53546577289375,0.0868358837364581
72.2,-2.0540395287296827,17.009854964810785,5.693,0.0,2.35,0.15,1.5606435668331127,-0.850771496244761,0.05766814885964799,-0.09216784675308136,-2.0274468972703974,-482.8356850134437,0.0,0.013115115786260406,2.3620139002688987,0.0,72.04,-0.020618163066482804,-0.7576843156066534,-5.662047290965044,1.549279149993735,0.009835372555341155,-0.41331524333155634,-5.797162064007266,0.11740781709811184,2.053265191894559,-0.15,1.5441388351809904,-2.006414937509886,-483.32405639720787,0.0,-0.001521746486687895,3.999999761567026,0.0,1.571176763420892,100.0,0.05252682729980444,0.06111706869367591,0.06234161261086742,0.19621161036244128,0.26118385745194156,0.05168660822297809,0.13626153053732773,0.13833555394328376,-35.05538346809767,0.09100096100393787
72.3,-2.054039580546987,17.265058214723755,5.675,0.0,2.48,0.14,1.5545951007541754,-0.588168539852279,0.029025025289324345,-0.05034670176518525,-2.026875494172083,-482.5931219402942,0.0,0.02839041189754088,2.487473049027662,0.0,72.172,-0.024942181521984262,-0.553033775428857,-5.711934719690264,1.557182744000866,0.004437353883499052,-0.19539621192596374,-5.795258716822709,0.08087749023397159,1.9941160767529547,-0.14,1.5527215426018106,-2.00656711215662,-482.9240564261563,0.0,-0.0015217464867909238,3.999999761567026,0.0,1.5711767634209177,89.0,0.047377016187586454,0.05663112232085264,0.06132136874824903,0.19057562939709993,0.258998353583429,0.0483763963264372,0.13399648115219642,0.13290652630504807,-35.528098188048645,0.08788236936688645
72.4,-2.0540396326621577,17.52026146250686,5.658,0.02,2.67,0.13,1.552539273225937,-0.40020525608701557,-0.005944206459712844,0.006183801273344397,-2.0251851068361755,-482.3346236754664,0.0,0.03539350307453887,2.6716052950662648,0.0,72.271,-0.008759689675956545,-0.27093996507984897,-5.668918276332878,1.5901833693961869,-0.007778713308553628,-0.003155022654954436,-5.795742082293969,-0.01892043813508519,1.8519535372787885,-0.13,1.570557588861058,-2.00671928680336,-482.52405645510476,0.0,-0.001521746486881518,3.999999761567026,0.0,1.5711767634209404,69.0,0.050073688189495535,0.058878466406699755,0.062236978226432614,0.19297953314699295,0.25990595738291133,0.04983965130197843,0.13484239927781602,0.13530615989572098,-35.28216455567861,0.0891994457816907
72.5,-2.044951024197016,17.808752124843544,5.645,0.03,2.89,0.12,1.5548823411252835,-0.21046487506492909,-0.052158019251813965,0.06980288430990764,-2.022419644513675,-482.0554093378355,0.0,0.030426424193993325,2.8950303835781592,0.0,72.37,-0.002084243328646547,-0.11828679467280956,-5.638869215050156,1.5679402109678713,-0.005565984716649082,0.13062762498614439,-5.776100473469494,-0.007128354667736304,1.5986281446287864,-0.12,1.5657009064005627,-2.006871461450114,-482.1240564840532,0.0,-0.0015217464869996457,3.9999997615670257,0.0,1.57117676342097,90.0,0.0456827697658825,0.05264519285663938,0.059427096519659314,0.1865399111607704,0.2575675706691826,0.045746033334995606,0.13240888682891466,0.12915301637860366,-35.87510252407417,0.08581610912796626
72.6,-2.044951089392744,18.108338582052113,5.633,0.03,3.13,0.11,1.5592165459555127,0.012817084718916422,-0.027470300373536302,0.03286606104525386,-2.0191719459253545,-481.75265344485035,0.0,0.019269514294996175,3.1374091277238874,0.0,72.469,-0.004384405151953128,0.05939690938302794,-5.640085919614752,1.585556338379168,-0.020136439277367628,0.2813108993701401,-5.765050884095386,-0.09382083830025181,1.4028485187690203,-0.11,1.5848750283753585,-2.007023636096869,-481.72405651300164,0.0,-0.0015217464870103039,3.9999997615670257,0.0,1.5711767634209726,131.0,0.05330362639313572,0.06010632054650874,0.060567553747203635,0.1966085686951512,0.2617578579688181,0.05119929873995058,0.13640026621314708,0.1385209812304791,-35.15757852692505,0.09152304042268261
72.7,-2.044951161549787,18.441212423338452,5.622,0.03,3.38,0.1,1.5628589885917046,0.09462634768816765,-0.05142924199987706,0.08559180245994766,-2.016139268707696,-481.42552897831916,0.0,0.00679588110945615,3.3799832188947025,0.0,72.568,-0.015637561680278224,0.20502641623794773,-5.62756991262477,1.5296520724903797,-0.006664999703423191,0.3942947944323832,-5.7574381934792775,0.027349737284795395,1.1635069181414268,-0.1,1.5581746464751938,-2.0071758107436297,-481.3240565419501,0.0,-0.0015217464870103039,3.9999997615670257,0.0,1.5711767634209726,94.0,0.047432687459649195,0.05386658432147775,0.05813756118000023,0.18830985536074918,0.2581532267352867,0.046550597294946774,0.13300527852153526,0.130492497089,-35.79194481675559,0.08672110930465995
72.8,-2.03586256259928,18.78518206194908,5.612,0.02,3.61,0.09,1.5684032196321078,0.16995992775779972,0.08300814732716397,-0.004428762308945037,-2.013945984998773,-481.07460298556225,0.0,-0.012543535284137666,3.6130126383030414,0.0,72.733,-0.02566480080000991,0.31391832745361137,-5.581470514682479,1.5678309092289646,-0.014231574809363795,0.3954567061256358,-5.726688124087406,0.014951070412773968,0.7589323245421773,-0.09,1.5627965863002227,-2.007327985390384,-480.92405657089853,0.0,-0.0015217464870449428,3.9999997615670257,0.0,1.5711767634209812,67.0,0.04780602814718657,0.05440397925420439,0.058661469633001166,0.18809282667066404,0.25784481678227594,0.04686804418858974,0.1329520764253564,0.13042210648372835,-35.714011931879945,0.08647670652471598
72.9,-2.0358626449302815,19.162439083622008,5.602,0.01,3.82,0.08,1.5651049516771476,0.3773215652676792,0.03735087745695773,-0.029110871563790823,-2.01263343644269,-480.6240805561868,0.0,-0.0004138762543054527,3.8683076483741363,0.0,72.733,-0.02566480080000991,0.31391832745361137,-5.581470514682479,1.5678309092289646,-0.012435291933601586,0.45902730811316683,-5.73488812408743,0.02704801785206845,0.5702703825608162,-0.08,1.5623578628161576,-2.007510594966502,-480.44405660563666,0.0,-0.0015217464870618182,3.9999997615670257,0.0,1.5711767634209854,67.0,0.05356200867382476,0.06083722253227437,0.05996980421960142,0.19667498730078625,0.26146247949789103,0.0517036661831936,0.13651616810779763,0.13852004590332279,-35.11661239008773,0.09139606371119118
73.0,-2.035862729196886,19.55079189913224,5.593,0.01,4.01,0.07,1.56363980850694,0.31259993617759274,0.019742062505482057,-0.017071278432804916,-2.0123329420015326,-480.3078902500675,0.0,0.00302850992520374,4.014964385736817,0.0,72.865,-0.02779065662450924,0.3687952854094171,-5.553518387983266,1.5703011407642604,-0.02189023098448328,0.4541989352342669,-5.722580328956095,-0.0014819237647798467,0.30311002316063185,-0.07,1.568821402641547,-2.007632334683912,-480.1240566287954,0.0,-0.001521746487030732,3.9999997615670257,0.0,1.5711767634209777,95.0,0.05074291049189864,0.05940146182336071,0.060931754215271396,0.19299425614038287,0.25957158659991575,0.05017450959360961,0.1348383226931183,0.13513910145652125,-35.249615386352815,0.08905151036012507
73.1,-2.0358628166761337,19.950240509052662,5.586,0.01,4.16,0.07,1.563773718723331,0.31029957122777146,-0.0033031189521924033,0.013269308656267338,-2.0124405327488555,-479.897637174575,0.0,0.0007921973202859576,4.169731496354193,0.0,73.03,-0.030013263605824382,0.3196587691580136,-5.598026303488484,1.5622010721022361,-0.026304670207973658,0.37358110351227114,-5.691056595581891,0.0006690325377705034,-0.040504137525048556,-0.07,1.5682064446734447,-2.0077845093306657,-479.72405665774386,0.0,-0.0015217464869348087,3.9999997615670257,0.0,1.5711767634209537,70.0,0.049550309034536305,0.058273818783672035,0.06151332385670446,0.19127486883099465,0.25889865403274115,0.04949000282533723,0.1343001030684415,0.13373532666307522,-35.31495854009201,0.0880946871187056
73.2,-2.035862908940465,20.37188070815832,5.576,0.0,4.28,0.07,1.5651472900670507,0.40215935457299967,-0.006183709806460961,0.011083077374906294,-2.0130796007429113,-479.4736012014367,0.0,-0.006079141564712382,4.29332793483932,0.0,73.129,-0.024011744864179837,0.2607720792638825,-5.533224769690689,1.5449878778896247,-0.018783259390005524,0.2972297819744977,-5.680402780904604,0.05218963321967268,-0.2996149834679551,-0.07,1.5576853733185119,-2.0079366839774218,-479.3240566866923,0.0,-0.0015217464869738886,3.9999997615670257,0.0,1.5711767634209635,71.0,0.053473869799425124,0.06297130373838805,0.0624252607024071,0.19830229942720023,0.26202529233660826,0.05311817089370038,0.13717958402223368,0.14034258715340714,-34.8957023575113,0.09228360064782018
73.3,-2.035863003605537,20.804616702051824,5.567,0.0,4.37,0.06,1.564534183186714,0.41865289834128855,0.012002709571196746,-0.030436111904837727,-2.0142941828489236,-479.0390225320587,0.0,-0.003945185556662605,4.383262085963549,0.0,73.162,-0.021536955146254772,0.30696360281312,-5.529020285190108,1.5453504751384628,-0.010000496992361671,0.25939251639786687,-5.6707572600586165,0.07816708872084491,-0.4032077585504479,-0.06,1.5510935118107434,-2.0080888586241743,-478.92405671564075,0.0,-0.001521746486871748,3.999999761567026,0.0,1.571176763420938,98.0,0.0448785491676944,0.05483399869157421,0.060501218881555914,0.18854688379727613,0.2581372967834938,0.04733861391847326,0.13325444597628017,0.1308637321945794,-35.69380663403555,0.08678717452785087
73.4,-2.0358630983767485,21.237352694701073,5.559,0.0,4.42,0.06,1.5610449901458363,0.33052906386119507,0.02208100267292215,-0.04428303010618217,-2.016322530790219,-478.5085421491332,0.0,0.014184589995740834,4.445073078952571,0.0,73.327,-0.025465039638047762,0.24118915309173908,-5.556742712122959,1.5793438786051819,-0.021156897734392693,0.1979685774381514,-5.652533301727036,0.015253243364092946,-0.49728227430463523,-0.06,1.5669079087247417,-2.0082714682002747,-478.4440567503789,0.0,-0.0015217464868593135,3.999999761567026,0.0,1.5711767634209348,73.0,0.04611490610912591,0.05477931972063798,0.060415151249844805,0.18861108921656924,0.2581374983463626,0.047396475425754425,0.13325813565217168,0.13099061656330674,-35.634338690724235,0.08680486693161074
73.5,-2.035863196523864,21.670088718004436,5.551,0.0,4.44,0.05,1.5587749332797267,0.28146405852126766,-0.011743984296824227,0.01449635137016353,-2.0178469406683823,-478.15205597255976,0.0,0.01786059910506897,4.462084972932444,0.0,73.327,-0.025465039638047762,0.24118915309173908,-5.556742712122959,1.5793438786051819,-0.019717620923887624,0.14532573538346893,-5.657533301727074,0.013563351909589868,-0.5314253274380913,-0.05,1.5673261877792404,-2.008393207917674,-478.12405677353763,0.0,-0.0015217464868832944,3.999999761567026,0.0,1.5711767634209408,73.0,0.05156365517186277,0.06191871040972914,0.0616152554983705,0.19832618035280156,0.2622084907611149,0.05251303589067083,0.13706702541497578,0.1399207317787343,-35.01454084642808,0.09239412426244031
73.6,-2.0358632936346837,22.113920503774942,5.543,0.0,4.44,0.05,1.5614503268760185,0.2106912129566417,-0.00906782708910384,0.024147015481662763,-2.0203256307675126,-477.61645600132925,0.0,0.0025518936502751115,4.459643081990688,0.0,73.492,-0.008926565844416352,0.09991551634039232,-5.47386438694301,1.5632006704142478,-0.014524086838848389,0.03451838227067802,-5.636109373846857,0.01977601883086714,-0.6552121914557558,-0.05,1.56557124156974,-2.008575817493774,-477.64405680827576,0.0,-0.0015217464868584254,3.999999761567026,0.0,1.5711767634209346,68.0,0.042041982942672904,0.051366528613798014,0.05914895706592091,0.1842736623196923,0.25624251143057775,0.044819660349121916,0.13145588518432189,0.1268111067059363,-36.05052204232813,0.08438506543089841
73.7,-2.0358633907618984,22.55775228613865,5.535,0.0,4.42,0.06,1.5630022744324545,0.27591001634306306,0.0007179569059155089,0.006426040737948016,-2.022161447214708,-477.26043205662614,0.0,-0.0025817194428315662,4.441168781714244,0.0,73.624,-0.022862556898741133,0.034153741011603685,-5.5018122633937905,1.5263696853537958,-0.007568482926030457,-0.023605740660637378,-5.618856298356391,0.09210173179095273,-0.6416409018221274,-0.06,1.5464250339230874,-2.008697557211173,-477.3240568314345,0.0,-0.001521746486931256,3.9999997615670257,0.0,1.5711767634209528,76.0,0.047087388691505826,0.0576137882004298,0.06019946349359259,0.19285530683183427,0.25989362366596264,0.049479410654936926,0.13496674366841208,0.13456264514014601,-35.43967322291624,0.08919220371466093
73.801,-2.035863485545609,22.990488272807767,5.528,0.0,4.38,0.06,1.5619964898240306,0.19810118824454154,0.03166568662519626,-0.04619976561498295,-2.025145179206012,-476.7305704365221,0.0,0.008327587375171155,4.3893983653851425,0.0,73.723,-0.012923204739075388,-0.01814147409673217,-5.50101948993265,1.5223246863425357,0.004810962278146792,-0.07624013391900938,-5.610295373179049,0.14281029726115924,-0.5995811258004959,-0.06,1.533037965185284,-2.0088801667872733,-476.84405686617265,0.0,-0.0015217464868859589,3.999999761567026,0.0,1.5711767634209415,78.0,0.05149673828643248,0.06304041138492963,0.0613787111519375,0.19957251748439528,0.2625720077488238,0.05331472576119012,0.1375895469625193,0.1409399461090453,-34.959544717932474,0.09304863367754908
73.9,-2.035863586232389,23.43432008853701,5.52,0.0,4.32,0.06,1.55469063954917,0.11948546611398904,0.0402406268917066,-0.09325093800066515,-2.027101690788146,-476.3815257558266,0.0,0.0345178909978869,4.340901663054875,0.0,73.789,-0.01879703710881454,-0.05445014668567808,-5.520971221640651,1.549259131869447,0.006433767733082408,-0.12648735927436394,-5.605396553381347,0.12171025384581036,-0.5457182024451677,-0.06,1.5385602356878245,-2.0090019065046736,-476.5240568893314,0.0,-0.001521746486911716,3.999999761567026,0.0,1.571176763420948,71.0,0.042200754844627465,0.05083451582035795,0.0587289533805883,0.18331468195603645,0.2557572225253823,0.044545049792069316,0.1311926063160736,0.12602593258084882,-36.086898714114895,0.08382456317947623
74.001,-2.0358636779790613,23.855960276472068,5.511,0.0,4.25,0.07,1.5473694103446345,0.06143048296846436,0.021533504316070595,-0.04689476517810656,-2.0294898133907644,-475.865937841043,0.0,0.06564135293857144,4.255811095595396,0.0,73.855,-0.0168989321016231,-0.05982882348039918,-5.563400544432682,1.5414531646005163,0.01217710013873335,-0.156293530406141,-5.607381261861807,0.12498966136239757,-0.4513498585388751,-0.07,1.5379044891300706,-2.009184516080785,-476.04405692406954,0.0,-0.001521746487005863,3.9999997615670257,0.0,1.5711767634209715,105.0,0.04730026015551929,0.05685980632805168,0.05961742772298705,0.19179418727348543,0.2594301366865088,0.04896487345958995,0.13460562137421808,0.1336298281062794,-35.490915470769714,0.08858089205577308
74.1,-2.035863770709076,24.27760046321787,5.502,0.0,4.17,0.08,1.5441059834000208,-0.0054092433567883,0.016081692294478006,-0.02710140730625046,-2.030489881029831,-475.5280469530944,0.0,0.07453396099375882,4.195924252880426,0.0,73.921,-0.024760173821105656,-0.1032350450771102,-5.508025536343224,1.570608217183436,-0.0007905909908663477,-0.1855775105868997,-5.602340732038112,0.0585093516211469,-0.36335590538183604,-0.08,1.555427213405259,-2.0093062557981853,-475.7240569472283,0.0,-0.0015217464869534604,3.9999997615670257,0.0,1.5711767634209584,99.0,0.05083724454129245,0.060853312061147254,0.060330612131379274,0.19689966147152954,0.2615080320602433,0.05183862388105018,0.13663331090747258,0.1384391658765527,-35.12411279719535,0.09150131225809752
74.201,-2.0358638603856587,24.68814485273778,5.495,0.01,4.1,0.08,1.5437623384085037,-0.042916313181078886,-0.01487222708093524,0.037473316611209,-2.0309166966591827,-475.03015294534333,0.0,0.06739979765238385,4.107728315803037,0.0,74.086,-0.013992298920048319,-0.18137455682827783,-5.4565892433958085,1.552431268627013,-0.009597558541947604,-0.22617763000854743,-5.5875358465640605,0.003011091261829621,-0.3201130030974739,-0.08,1.5673541498502446,-2.0094888653742964,-475.2440569819664,0.0,-0.0015217464870786936,3.9999997615670257,0.0,1.5711767634209897,75.0,0.04230744310916138,0.050483654970872496,0.05765848746220138,0.18320099500114712,0.2557477191001399,0.04435787185163383,0.1312135076892688,0.12581712612774404,-36.142370342586254,0.08379419981225641
74.3,-2.035863949768543,25.098689239736103,5.488,0.01,4.03,0.09,1.5491441498186929,-0.024742780530772817,-0.03363483502821932,0.07072300794452036,-2.030556278301265,-474.7040078111354,0.0,0.04727606255202186,4.051731037922707,0.0,74.185,-0.01767910734610517,-0.18022061499937986,-5.512537644294347,1.5818224137276793,-0.018299019582370627,-0.22665928504284824,-5.58686486060758,-0.03603454645904208,-0.2073957211319577,-0.09,1.5776069046182866,-2.0096106050917033,-474.9240570051252,0.0,-0.001521746487115109,3.9999997615670257,0.0,1.5711767634209988,75.0,0.04356143449996099,0.051561777989054466,0.05829911797974998,0.18406060330405533,0.2560042579054004,0.04519989792685216,0.1316166782419518,0.12673746920069465,-35.995725612435095,0.08419479690068543
74.4,-2.0358640371424697,25.49813783074532,5.478,0.02,3.96,0.1,1.5567717189576964,-0.06687018528762169,-0.038045938014553235,0.08694215406895194,-2.0296698149092487,-474.3025177315917,0.0,0.015046147003056006,3.984915603214387,0.0,74.317,-0.013899809540548497,-0.16835766954111073,-5.4346131460309115,1.5645514011971857,-0.015682305420647996,-0.21058428378063365,-5.562420249258633,-0.03047774916550556,-0.07459102307248111,-0.1,1.5734930117074157,-2.0097627797384674,-474.5240570340736,0.0,-0.0015217464874703803,3.9999997615670257,0.0,1.5711767634210876,83.0,0.05102759773090396,0.06101491338387102,0.05956395681950121,0.19732983230837373,0.26173715960763905,0.05203045986428794,0.13688364389116972,0.1387642044943631,-35.13495419710762,0.09179053723473918
74.5,-2.035864124312445,25.897586422534655,5.468,0.02,3.9,0.11,1.563334297449563,-0.11630063836086098,-0.0218296662767065,0.04246709058389492,-2.0284886670309126,-473.8291240599393,0.0,-0.013593590736199925,3.91284151433634,0.0,74.416,-0.013431402340244352,-0.17801948268774323,-5.474824009364398,1.5736271649889053,-0.01798886511838769,-0.19334378884250591,-5.562146342068189,-0.03563563832984183,0.026726826183699703,-0.11,1.5747781560353047,-2.009945389314622,-474.04405706881175,0.0,-0.0015217464875076838,3.9999997615670257,0.0,1.571176763421097,84.0,0.05512568553284873,0.06535891288679785,0.06058083589121542,0.2023928601004554,0.26368526892180993,0.05487645694230898,0.13871438319401536,0.1437265628739359,-34.76134760726433,0.0947293794388263
74.6,-2.035864208751308,26.285939214799477,5.458,0.01,3.85,0.11,1.5667816056546309,-0.12962577872917713,-0.01753288899813318,0.031556492475490285,-2.0278913218469192,-473.517931893775,0.0,-0.024100350217451588,3.8727361470445834,0.0,74.482,-0.011304988047123104,-0.1857349371037878,-5.385855194765171,1.554359486049591,-0.01153480323435079,-0.18226026253326666,-5.551825307653013,0.01179037384929237,0.08659727130580386,-0.11,1.565261051073256,-2.010067129032058,-473.7240570919705,0.0,-0.0015217464872359012,3.9999997615670257,0.0,1.571176763421029,78.0,0.043361736515149074,0.05170595364204957,0.058202144783129336,0.18395422306913403,0.2559317010926766,0.045103878713060916,0.13151587664567227,0.12661221298700143,-36.01626019804367,0.08412022891932971
74.7,-2.035864293785899,26.674292005842375,5.447,0.01,3.81,0.12,1.5684940643284957,-0.11453508062514457,0.011699656460753112,-0.008232524512462182,-2.027547277294127,-473.1329300125655,0.0,-0.02978975936376821,3.8326261871347214,0.0,74.614,-0.01896154411853893,-0.1750412424928037,-5.446165497082909,1.53984283253881,-0.005355006572490623,-0.14764438373565508,-5.53697810806861,0.07120959637940082,0.17185171490410633,-0.12,1.5504042215123652,-2.0102193036788485,-473.32405712091895,0.0,-0.0015217464874925847,3.9999997615670257,0.0,1.5711767634210931,86.0,0.0457137104893144,0.05384697822536533,0.05873089860534013,0.18708708793648327,0.2573445560161101,0.04678291078783947,0.13284137955259243,0.1295018306885957,-35.77273260077396,0.08588625587877943
74.8,-2.0358643757792834,27.05154899976486,5.437,0.0,3.79,0.12,1.5653076335464158,-0.12256755012768226,0.026197110434169862,-0.06203651750486321,-2.027652132746171,-472.7513375540057,0.0,-0.016873611987927868,3.803561384844374,0.0,74.68,-0.008166838879696051,-0.1394926681540983,-5.488849685172869,1.544143319400889,0.004400559166233225,-0.12228196764930276,-5.5436764072940115,0.10203579288272423,0.2090458520712004,-0.12,1.5452868270400668,-2.0103714783256845,-472.92405714986734,0.0,-0.0015217464879384507,3.9999997615670266,0.0,1.5711767634212046,81.0,0.042277026441000704,0.05032037349208753,0.057065504065859314,0.18320607125971278,0.25583330854289854,0.04417914093352199,0.13121040019338617,0.1257590706263243,-36.20164382211995,0.08385058270670821
74.9,-2.035864458290874,27.428805994205632,5.426,0.0,3.77,0.12,1.5593847381558756,-0.11210055722436453,0.037963026274536356,-0.059809844889393636,-2.0279875091125312,-472.37208479103475,0.0,0.004889017040549451,3.7849944765522676,0.0,74.812,-0.010678432921946266,-0.10983082688375169,-5.3852022023273145,1.5438235514034475,0.0042016917824936745,-0.07881021172241566,-5.521064898415425,0.09673174787160484,0.2751849942561999,-0.12,1.5468880712927997,-2.010523652972544,-472.5240571788158,0.0,-0.0015217464880565785,3.9999997615670266,0.0,1.5711767634212341,88.0,0.046020023231770645,0.05433862967799354,0.0582020403649149,0.18815945330206899,0.25783222603736405,0.04710616486122151,0.13320532956536485,0.1303020939590399,-35.765326867008966,0.08650639874791166
75.0,-2.035864542713618,27.817158781513285,5.415,0.0,3.76,0.12,1.5546496967461445,-0.12043281366216221,0.022039731724743244,-0.033054439863036536,-2.02822141301246,-471.9941248136522,0.0,0.021269591465095054,3.7765942903256398,0.0,74.812,-0.010678432921946266,-0.10983082688375169,-5.3852022023273145,1.5438235514034475,0.014291412214565005,-0.05057088495698054,-5.533064898415441,0.1052803432483985,0.2922655535906751,-0.12,1.5448215569680326,-2.0106758276193943,-472.1240572077642,0.0,-0.0015217464878656201,3.9999997615670266,0.0,1.5711767634211864,88.0,0.05346911281227408,0.06276764001820236,0.059643424546573925,0.19949281628354806,0.26260813348984907,0.053182953917203624,0.13769264398888667,0.14090416706980274,-35.00012983704486,0.09306116190151809
75.1,-2.035864624817309,28.194415771058956,5.405,0.01,3.76,0.12,1.5516823670503237,-0.0969423929341854,0.022905675738078158,-0.030304223640959232,-2.02806007432571,-471.61640832261224,0.0,0.031961899510477024,3.778789461193024,0.0,74.977,-0.017996973338025336,-0.09335113199172963,-5.4197687794469696,1.5757747632695744,1.5584376139593246e-05,-0.04867197296687289,-5.529151144143793,0.048092460985134027,0.24487930754329668,-0.12,1.556291922871454,-2.0108280022662504,-471.72405723671267,0.0,-0.0015217464881516136,3.999999761567026,0.0,1.571176763421258,83.0,0.04445933135194689,0.05249155772947941,0.05741366375505826,0.18575822278203294,0.2568252343807949,0.045743131595111244,0.13225711039005197,0.12807802024565207,-35.96465501420129,0.08518891277782825
75.2,-2.0358647070393694,28.571672760225308,5.394,0.02,3.78,0.12,1.550616986179028,-0.032591959268921646,-0.010613437339868085,0.017795349636261844,-2.027092941490138,-471.1621464333011,0.0,0.03299551276880163,3.7920504516604012,0.0,75.109,-0.0225445576022435,-0.029645463382225037,-5.396597643664981,1.5742925266052172,-0.012795575902333062,-0.008653573844838,-5.500012707606071,-0.001364568220606377,0.2624048460239776,-0.12,1.5661863729486956,-2.011010611842508,-471.2440572714508,0.0,-0.0015217464880512494,3.9999997615670266,0.0,1.5711767634212328,91.0,0.04652528011300955,0.054852514021179084,0.05836874667184265,0.1883733117414464,0.2578332226526077,0.04742726180277674,0.13330184881172336,0.13056151391068138,-35.7062108346492,0.08657360502647293
75.3,-2.035864791804988,28.960025543251696,5.382,0.02,3.79,0.11,1.5536758239057402,-0.04717067334314451,-0.036910601697182056,0.05060335126497285,-2.025721264182918,-470.7820753575701,0.0,0.0183534168079756,3.808076500806819,0.0,75.208,-0.010850756299745737,0.008375327631664035,-5.39018779631832,1.583811200353463,-0.019702520509214692,0.029609546979835408,-5.488639464654986,-0.04857872518476127,0.2846303964299688,-0.11,1.577810032036186,-2.0111627864893737,-470.84405730039924,0.0,-0.001521746488203128,3.999999761567026,0.0,1.5711767634212708,92.0,0.04403266092691529,0.05182991531940308,0.056691948319791956,0.18545435966369636,0.2568195680035492,0.04541119623416864,0.13222423330401845,0.1277342269986701,-36.051169296429336,0.08509627215664993
75.4,-2.0358648709695686,29.337282483601584,5.368,0.02,3.81,0.11,1.5594936637815573,-0.06398912887022667,-0.03780526804398235,0.07869523445718421,-2.0244987061948296,-470.47673482101993,0.0,-0.0006972406543405265,3.8238804374724906,0.0,75.307,-0.008251802882336973,0.012721209901263453,-5.291213655434098,1.5590694291649925,-0.013796513172416968,0.04519879745866172,-5.458319037099525,-0.0007659388849636344,0.24673654830718705,-0.11,1.5660550977889343,-2.01128452620688,-470.524057323558,0.0,-0.001521746488327473,3.999999761567026,0.0,1.5711767634213019,93.0,0.04336651680512725,0.05129494976837481,0.0556206422514016,0.18510013022962715,0.2566912661924987,0.04484989415208624,0.13195167367658725,0.12718070403804693,-36.164929726475094,0.08492031134802658
75.5,-2.035864953379459,29.71453946741037,5.355,0.02,3.83,0.11,1.5643598405320682,-0.03402043707327566,-0.009450723382887828,0.008513632944396693,-2.0229492873937045,-470.0160201574267,0.0,-0.019954038893697134,3.8531083195059943,0.0,75.373,-0.024057718465779126,0.031999190188025155,-5.325476517423254,1.5494863849212674,-0.012915110919431955,0.06638557425714797,-5.454470615649445,0.024018477047508594,0.22791054367079955,-0.11,1.5599491801791838,-2.0114671357831573,-470.04405735829613,0.0,-0.0015217464884962268,3.999999761567026,0.0,1.571176763421344,87.0,0.0431981602698768,0.05125134578370614,0.05488235225439907,0.18507260589120603,0.2566532352758732,0.04480092361109797,0.1319554903976373,0.12704698091574168,-36.20745028977849,0.08489514633139424
75.6,-2.035865037855544,30.10289224592179,5.344,0.01,3.86,0.1,1.5641112262990813,-0.021464378579353148,0.004234643191847768,-0.0178802549748165,-2.022255891197887,-469.70676466877154,0.0,-0.018656756518766113,3.875436332130562,0.0,75.538,-0.017989253398613594,0.07745625214483609,-5.353464733528671,1.557261953946113,-0.013250965002391066,0.0916878725515443,-5.442850009376182,0.03185170821705527,0.21333101877771865,-0.1,1.5605221223657082,-2.011588875500692,-469.7240573814549,0.0,-0.001521746488368329,3.999999761567026,0.0,1.571176763421312,62.0,0.045853087944848187,0.05394410884046929,0.05626210891812149,0.18746184968546983,0.25742082552293355,0.046754511689962475,0.13294813363282879,0.12944651455281056,-35.88074800589058,0.0860655870361638
75.7,-2.0358651222827255,30.49124502249238,5.334,0.01,3.89,0.09,1.5625961274516327,-0.02156000225369603,0.004366778081485711,-0.010095338896869852,-2.0217536444369206,-469.3175873203701,0.0,-0.013536279159952484,3.905243699315247,0.0,75.571,-0.013892444124993146,0.060246440215914236,-5.3110511849263276,1.5636675847105117,-0.010743160983799243,0.09770496700527999,-5.437944339843012,0.02744501761281226,0.16224994324348652,-0.09,1.5615560399395003,-2.0117410501475783,-469.3240574104033,0.0,-0.0015217464884411597,3.999999761567026,0.0,1.5711767634213303,69.0,0.04277958844148714,0.05054346838769827,0.05506533060104877,0.18346748665583607,0.255889483698649,0.044305225781337075,0.1313838825297445,0.12578135016557956,-36.25915230018255,0.08397798775911677
75.8,-2.035865209563557,30.89069359279725,5.324,0.01,3.92,0.09,1.562029421390269,0.0031198656788868667,0.004163211777609539,-0.0008415516315218553,-2.021578004105063,-468.9253560519983,0.0,-0.012102190499876968,3.9362863681044096,0.0,75.604,-0.017403649802459047,0.07402472871805524,-5.369935050420021,1.5320657687960493,0.0019396804901175948,0.1072092346396499,-5.440533972242411,0.08121251502340997,0.12728555337776193,-0.09,1.5482634276107343,-2.0118932247944947,-468.92405743935177,0.0,-0.001521746488617019,3.999999761567026,0.0,1.5711767634213742,117.0,0.05137001680247815,0.06052394378427009,0.05703797079820731,0.19682705010015075,0.2615446234541451,0.05164999742543231,0.13677580916980725,0.13807717842726602,-35.28761550220327,0.09153079663073757
75.9,-2.0358652944600415,31.279046366046654,5.314,0.01,3.95,0.09,1.5598608265307288,0.01581867467041787,0.024815886705868276,-0.05128754091504447,-2.0216171940072583,-468.5300249370403,0.0,-0.0034645006537845266,3.9670945488978506,0.0,75.769,-0.0227359021710275,0.0955782244054695,-5.254639657719864,1.5566640124139477,-0.005801565603545339,0.10779439806772391,-5.408438935303195,0.06067710862500914,0.08160865795044359,-0.09,1.5532673760394808,-2.0120453994414147,-468.5240574683002,0.0,-0.0015217464884447124,3.999999761567026,0.0,1.5711767634213312,111.0,0.043590380006988325,0.05125520774479253,0.05557923869200589,0.18394401006686403,0.25602215417552354,0.04491778821467978,0.13164755296025768,0.12634769749037522,-36.15347074157439,0.08419602943573445
76.0,-2.0358653818878576,31.678494932670887,5.304,0.01,3.98,0.08,1.5563715091582875,0.03142363661585831,0.00420869107427636,-0.017028204742435465,-2.0216736317794957,-468.13169938325177,0.0,0.009258337915852571,3.9961516062014084,0.0,75.868,-0.012295498220634294,0.1017689505910752,-5.322916215444345,1.5381138011776783,0.004471662151693355,0.1113805347077574,-5.406908665140463,0.09697045324154425,0.048636776918062896,-0.08,1.5442500456472814,-2.01219778468508,-468.11916473381905,0.0,-0.0016159953594246156,4.194958251597134,0.0,1.5711815500039412,92.0,0.045863666261109035,0.05380855980357498,0.05678376710536808,0.1868540688861119,0.2571795038583802,0.046741783033576505,0.132793770126465,0.12909795312741879,-35.85763208341817,0.08574211203172523
76.1,-2.0358654688669287,32.077943497595854,5.297,0.01,4.01,0.08,1.5540447002884485,0.0318526176649766,0.01530938287161173,-0.04091535857301591,-2.0214926842871304,-467.65006180324565,0.0,0.02154812726864456,4.0276929765664695,0.0,75.934,-0.016110803730761594,0.09620475657063966,-5.174623797698532,1.549028418835748,0.007138739871887,0.10627704896526013,-5.387691222989668,0.09234239676571288,0.005183249271437873,-0.08,1.545312996213924,-2.012475294280156,-467.5518081349801,0.0,-0.002527131756130339,5.279578362837938,0.0,1.5712749884207786,86.0,0.05079484505139102,0.05961545204352148,0.05816490358193544,0.1947177448601584,0.2605427499888238,0.05099386992311883,0.13595477561429134,0.13639887493207684,-35.298932248798735,0.09022738863660694
76.2,-2.035865559336104,32.47739211377526,5.29,0.02,4.03,0.08,1.550821564221058,0.041117126744834594,0.010966963069552122,-0.025800543182905374,-2.021088995239868,-467.32699513192335,0.0,0.03059633766095298,4.046066248793347,0.0,76.066,-0.02093368841139667,0.1640422382751149,-5.240726161583689,1.5544981701264957,-0.0023153078956316703,0.14306417949901817,-5.361920214436772,0.06433764048327033,0.0618209811451953,-0.08,1.5501879714895168,-2.0126940498095243,-467.0948198036337,0.0,-0.0028722370009655524,5.9999000874178785,0.0,1.57127504089675,94.0,0.04366383455824582,0.05123933780248527,0.05623815624224799,0.18408140371034543,0.2561815213744445,0.04486401212445228,0.1316536121148045,0.12655511865676908,-36.125717015665735,0.08432688454824827
76.3,-2.0358656487976052,32.88793647165313,5.282,0.02,4.06,0.08,1.549964892738734,-0.019335792915546927,-0.006553502006532289,0.004351561631733571,-2.020152647066301,-466.9211801731319,0.0,0.033419944979794315,4.067604463786451,0.0,76.165,-0.022342518263919243,0.29514715551322407,-5.214954455207556,1.5590724619514298,-0.007050714503303747,0.2582514655671694,-5.351371063048742,0.04108503324167215,0.2630089683877683,-0.08,1.5566670550992232,-2.0129812755990217,-466.49482582049535,0.0,-0.00287226710538253,5.999962975237267,0.0,1.5712750408966047,95.0,0.04666321764807233,0.053811350945851474,0.057275375182965535,0.18711190520561063,0.2573690209425993,0.04672245793986565,0.13285123706497204,0.12943570325049988,-35.828991736950385,0.0859282618833752
76.4,-2.0358657359522816,33.28738503263395,5.273,0.02,4.08,0.08,1.5512508238342146,-0.18559588794731088,-0.010782062769748474,0.02749052733557926,-2.018772095806179,-466.51302952724507,0.0,0.02732696067024836,4.093988103371781,0.0,76.33,-0.015415215182459092,0.6346308211923555,-5.234044931969477,1.543937302041806,-0.005169405171563129,0.5726904784890068,-5.332955553173495,0.058916651417719845,0.8638303192318588,-0.08,1.5548350286664039,-2.0132685031084137,-465.8948280664468,0.0,-0.002872278124807276,5.999985994206487,0.0,1.5712750408965912,70.0,0.053343448569074435,0.059729548105438915,0.05857529137822805,0.19511031153266506,0.2607593472911369,0.05104084322413044,0.1360539062496926,0.1370235111310695,-35.25184351400176,0.09048169325360539
76.5,-2.0358658233028475,33.68683359339387,5.265,0.03,4.13,0.08,1.5531636654075722,-0.6446498256545937,0.0051290544889115875,0.014554153688968601,-2.017097098480967,-466.10130201413557,0.0,0.019669808810252907,4.142742487083664,0.0,76.363,-0.017160092074501886,0.6864465575948344,-5.07576844941417,1.5335152437644297,0.004667264315210282,0.7513675769133085,-5.308911401517481,0.10172549880573797,1.0680786863754212,-0.08,1.5454605593641275,-2.0135557312141374,-465.29482893212287,0.0,-0.0028722821581093636,5.999994419890233,0.0,1.5712750408965592,97.0,0.047177250857512384,0.0516772976583034,0.056774022775249136,0.18468666912818255,0.25642616924899486,0.04503269965889971,0.13179872697875367,0.1273819202549877,-36.03878285442703,0.08464460285640024
76.6,-2.035865915663008,34.10847374095599,5.257,0.03,4.22,0.08,1.5533607369896512,-0.7667301617714706,0.04462529916733497,-0.020417384329744596,-2.01521953711728,-465.6824210076316,0.0,0.020144330216395844,4.236844346128224,0.0,76.528,-0.026027325998909084,1.0056969932475752,-5.2039549136404455,1.54234370519941,-0.006595667349160171,1.024626534489924,-5.302744602619054,0.07312630537359181,1.4109038901729933,-0.08,1.5524840309961143,-2.0138429595381244,-464.69482929257356,0.0,-0.002872283634548517,5.999997503981,0.0,1.571275040896566,72.0,0.05321900179132475,0.05803995067771219,0.05888565688788868,0.19229647537141775,0.25944386408484393,0.04913670871946056,0.13454550112526073,0.13447437968182835,-35.44352386135594,0.088774297881617
76.7,-2.0267773237495295,34.54120968405762,5.247,0.04,4.38,0.09,1.5517825885352232,-0.8831293518017344,0.014563510539192602,0.008366047482249495,-2.013049984679156,-465.25050465862046,0.0,0.027226928055661428,4.398287660854925,0.0,76.627,-0.012090487153605282,1.2611010581984605,-5.225435831667378,1.5742017609789136,-0.009081833768116169,1.2707485976759085,-5.305331664754707,0.012196857562192763,1.591878434303113,-0.09,1.562056107281281,-2.0141301879420257,-464.0948294680959,0.0,-0.0028722841749426716,5.999998632840109,0.0,1.571275040896565,73.0,0.06324365588284005,0.06552650738133978,0.061013570575491755,0.2015389310381697,0.26317375061068665,0.05426134804008222,0.1380964589526967,0.14390942857429917,-34.750153819865105,0.0941341137745268
76.8,-2.026777420980629,34.98504141887528,5.238,0.04,4.62,0.09,1.5535385953870156,-0.8158930813330062,-0.020233736686696115,0.0535387225315844,-2.0105648671876137,-464.79835945802773,0.0,0.019742775905679598,4.634637142677146,0.0,76.66,-0.009261789445018919,1.2091614355448355,-5.225329648880625,1.5735951741121486,-0.012049963793403813,1.435450641539079,-5.308227549526325,-0.016820131331444294,1.505724785517172,-0.09,1.567012324273554,-2.0144174163751765,-463.4948295759283,0.0,-0.0028722843726543836,5.999999046046279,0.0,1.571275040896549,100.0,0.057093383396589995,0.05983517089504179,0.06078652694494725,0.19381942014057635,0.2599830827233532,0.049930211985159234,0.13501875398500884,0.1364151648842521,-35.248587735604985,0.08957954622205011
76.9,-2.026777528039073,35.46216059201946,5.23,0.04,4.93,0.08,1.5573589718577008,-0.4906592850014087,-0.030789861001686434,0.05264618910225917,-2.0081036533628605,-464.318262859252,0.0,0.00227883310957169,4.947207775114007,0.0,76.759,-0.011923741495860934,1.3903276754537846,-5.0939331369645435,1.547539490185963,-0.00225982278465628,1.6092960480533092,-5.286662278817708,0.040530478812067915,1.3909531005073879,-0.08,1.5580567729828732,-2.0147046448189934,-462.8948296589839,0.0,-0.0028722844447875047,5.999999197283873,0.0,1.5712750408965046,121.0,0.05982411916086698,0.05844432871108858,0.0608357153594689,0.19240289052934917,0.2595145291764711,0.049242815569249906,0.13458920229369334,0.13560142045213575,-35.21605184964268,0.0888343495465713
77.0,-2.0176889512744403,35.97256709366398,5.223,0.04,5.3,0.07,1.5599203687768914,-0.26423926908775913,0.019909262822656003,-0.00644229588735224,-2.006167218241303,-463.8037714652683,0.0,-0.010072309418438265,5.312600338219641,0.0,76.924,-0.014115811026642817,1.7985961734751112,-5.055134997956057,1.5649733821848768,-0.010486266569082137,1.87351794131718,-5.257150357398963,0.004784401518086373,1.43282626522896,-0.07,1.5641447752347544,-2.014991873266749,-462.2948297329702,0.0,-0.002872284471704807,5.999999252655046,0.0,1.571275040896573,76.0,0.06760793842032062,0.06347050031820728,0.061987822150730156,0.19926631095286534,0.2624101873860304,0.052642747343878804,0.13713534912233738,0.1425853597946324,-34.75179753051725,0.0928571970063246
77.1,-2.0176890718766245,36.527356770135555,5.218,0.04,5.7,0.05,1.560092316069875,-0.2823032556499561,0.0032403333816589737,0.014140505848631286,-2.0047963960632007,-463.1353901381559,0.0,-0.015298674588768223,5.793835417844623,0.0,76.957,-0.017064214182100818,1.8318805441041242,-5.184339087241504,1.5205768011088419,0.006607800650537284,2.0234739300972393,-5.2555277201338875,0.1091232074099259,1.2337189166925073,-0.05,1.5492926830356215,-2.015336547405869,-461.5748298175887,0.0,-0.002872284482358233,5.999999275045668,0.0,1.5712750408965621,123.0,0.057999082755253284,0.05575237148682467,0.05984482642688093,0.19021115934168042,0.25884403793877026,0.047280049183956285,0.1336084099391619,0.13332075514878128,-35.49974205824917,0.08773381414064255
77.2,-2.017689203856607,37.11543388544408,5.216,0.04,6.12,0.03,1.560334737473402,-0.1279883024082149,0.0648387950326218,-0.05382713470178987,-2.00440667650568,-462.65660381308624,0.0,-0.014082697582520605,6.134812752630984,0.0,77.122,-0.019043208373569855,1.9270157824686818,-5.070781489515296,1.5592257781576042,-0.0045495774492804765,2.034482534957154,-5.21866200824009,0.06023075232299319,0.7766699284546235,-0.03,1.556264139878934,-2.0155663301656754,-461.0948298730889,0.0,-0.0028722844847024077,5.999999280332105,0.0,1.571275040896531,78.0,0.06375225423883528,0.05941824224647389,0.06076384060161175,0.19475102528335042,0.26062550910631804,0.04958254273261359,0.13513222661152566,0.13785988681551564,-35.1287137122271,0.09025542338022118
77.3,-2.0176893459741443,37.747894180432986,5.214,0.04,6.55,0.02,1.557637726017509,0.17292845320831784,0.0163344216483936,-0.019420457724569413,-2.0041712644785337,-461.88676769285127,0.0,0.001594577680963053,6.651174256709871,0.0,77.122,-0.019043208373569855,1.9270157824686818,-5.070781489515296,1.5592257781576042,0.001623780529395198,2.092540316267138,-5.220862008240115,0.06344712954981532,0.4885303111264605,-0.02,1.556100122129916,-2.0159110043056025,-460.37482995587277,0.0,-0.0028722844864375605,5.999999283327756,0.0,1.5712750408965812,78.0,0.06960428334470455,0.06245877969897765,0.0614649652503962,0.1985677647918776,0.2621457012026842,0.05179193002318495,0.13665074426997117,0.1420291531732007,-34.8013326789024,0.0924516137567488
77.4,-2.0086008043029704,38.41364186022025,5.213,0.04,6.96,0.01,1.5573748294871785,0.24991516203516514,-2.9059259149567373e-05,-0.008188679326103721,-2.0039975838775863,-461.33974238213085,0.0,0.0023233961733619417,6.980601665292203,0.0,77.32,-0.013686425214341979,1.8038079751506852,-5.000807613782551,1.566107186806932,-0.00952631570872526,1.8378803821093699,-5.162160226370197,0.021958590044993148,-0.33171782751269774,-0.01,1.5614489900452437,-2.01614078706564,-459.8948300109398,0.0,-0.002872284487738329,5.999999284043982,0.0,1.5712750408967409,80.0,0.050978237665763024,0.05128331904222604,0.05891373162533171,0.1839849461950807,0.256073134320911,0.043594125000992245,0.13081111876085066,0.12713549437492497,-35.99284504625692,0.08420843289053395
77.5,-2.00860096318927,39.12377271498012,5.212,0.05,7.34,0.01,1.5576148108255603,0.5676885117586028,-0.029642522781601822,0.015535834414653563,-2.0037198438892267,-460.620270714237,0.0,-0.00044706843205039466,7.3626352941217785,0.0,77.419,-0.016756913244813033,1.7128694232525616,-5.124758588896347,1.5287947113235605,0.004079814363414607,1.7326878400980699,-5.164933118072817,0.10357063319270411,-0.7215764628337329,-0.01,1.5475969832832652,-2.016428015515726,-459.29483007972436,0.0,-0.002872284487520684,5.999999284396412,0.0,1.5712750408966765,72.0,0.044638898728317646,0.04719383097908771,0.05591670025758482,0.17994743346540795,0.2545591853574411,0.04089141906052329,0.1291392123859597,0.12287706831893712,-36.60062636163196,0.08217433899152746
77.6,-2.008601128951579,39.867190953828825,5.213,0.05,7.67,0.0,1.5577481827375033,0.7450349636676434,0.028133489284875704,-0.04209875358866422,-2.0034261277072396,-459.86514068171005,0.0,0.00021001496833801116,7.695204914400965,0.0,77.518,-0.021201234272782397,1.5160652394274268,-5.0592721063210835,1.5494333021902496,-0.0027907546306687233,1.5272298821183388,-5.148156669016094,0.07797926548747976,-1.2099333323294283,-0.0,1.550988090535822,-2.016715243965827,-458.6948301484876,0.0,-0.002872284487745751,5.999999284521468,0.0,1.571275040896704,82.0,0.0582438636279674,0.057440736207997056,0.05822997445438644,0.19330303508255825,0.26012631423305943,0.04845091288525757,0.13456945995413339,0.13557070899175552,-35.47750260025485,0.08948590463189582
77.7,-1.9995126085425294,40.64389657779685,5.212,0.05,7.93,-0.01,1.5547891269114353,0.8911988178925492,0.007062019731637595,-0.029784852989491777,-2.00295157583123,-459.08049216692575,0.0,0.022810215163244354,7.9574664773649095,0.0,77.617,-0.02712758069722462,1.324835747142959,-5.117879096699226,1.5380253345411272,-0.009104571040002011,1.2775137090136324,-5.135672400663074,0.06782446204132961,-1.6382208856387077,0.01,1.5520717833087063,-2.017002472415941,-458.09483021724253,0.0,-0.002872284487762192,5.999999284566943,0.0,1.5712750408967031,83.0,0.05857472233760442,0.05876258207316372,0.05863164614058741,0.19432799218318247,0.2603716635818944,0.04914284825738198,0.1348693747826519,0.13648324860944955,-35.384906693013185,0.08997093933530984
77.8,-1.9995127865497047,41.44279378706331,5.214,0.06,8.1,-0.03,1.553752358132277,1.1028668532276147,-0.005018112166581815,-0.013648528201559493,-2.0019952478997927,-458.27386458556066,0.0,0.03190519834559235,8.139658006727226,0.0,77.716,-0.031209433346489325,1.0985040946924518,-5.186177130995981,1.5393333210212683,-0.017193237017336827,1.0246287687229099,-5.140058075251346,0.04025969570775659,-1.9233010509077113,0.03,1.5545658301156529,-2.0172897008660575,-457.4948302859939,0.0,-0.002872284487853352,5.999999284623785,0.0,1.5712750408967138,84.0,0.058631884997287054,0.059751780223602426,0.059176051305059,0.19499442772160083,0.26054143484382053,0.049690301511475896,0.13513497988727166,0.13714503319266982,-35.31263424784717,0.09029557524215742
77.9,-1.9995129662846374,42.252786791031916,5.218,0.06,8.19,-0.07,1.5534677589919903,1.2366772704149138,-0.02258885005395325,-0.0036603188414229696,-2.0000184011285227,-457.28961679404955,0.0,0.0333816176224584,8.230953447850684,0.0,77.815,-0.02719013771677258,0.8079170470398829,-5.0939149080546136,1.5462287531073116,-0.023979203530516,0.6352072290785058,-5.1236397278625,0.01539494864829874,-2.3667614572060565,0.07,1.5578497961548285,-2.017634375006221,-456.774830368493,0.0,-0.0028722844882357133,5.999999284623786,0.0,1.5712750408967775,85.0,0.049028738962279286,0.05134029518360803,0.057965327472332774,0.1832115906351213,0.25553642195715265,0.043786501511308216,0.1306339845441311,0.12624746786493743,-36.05490219343684,0.08367310116587703
78.0,-1.9995131547070972,43.08497145010338,5.228,0.06,8.15,-0.11,1.5542996908214428,1.4189524972290113,-0.027790287312785333,0.0073342622086400855,-1.9982177271773123,-456.6319565348885,0.0,0.027516310604699473,8.199598570909561,0.0,77.881,-0.03460626664324626,0.5762716765285238,-5.189193039345724,1.564534065173281,-0.030883149896401885,0.3286842290801246,-5.122820497514102,-0.013960866355832394,-2.4611474351951577,0.11,1.5627036353328405,-2.0178641577663674,-456.2948304234924,0.0,-0.0028722844891163417,5.999999284623786,0.0,1.5712750408969243,79.0,0.0470313132041542,0.04993495879932252,0.05722833545795985,0.18209429360975615,0.25525516069488374,0.04312528026317585,0.1303634615963817,0.12514847765506185,-36.211761120628026,0.08319057082584543
78.1,-1.9904246398584515,43.883868797953866,5.242,0.06,7.99,-0.15,1.5560156470772366,1.3535719707201634,-0.03892714498516548,0.016417580338104136,-1.9949727307537075,-455.65885433317254,0.0,0.007991755420605838,8.001944536528804,0.0,78.013,-0.03759405735713821,0.32291505981272184,-5.104649951753573,1.5646354575012746,-0.03654163507437992,0.07845328365537879,-5.111471360627075,-0.016579613502828446,-2.3237731916538067,0.15,1.5631334608193923,-2.0182088319065694,-455.5748305059915,0.0,-0.002872284488983115,5.999999284623786,0.0,1.571275040896902,87.0,0.04869521215886365,0.05094225003289176,0.05779345056441962,0.1831415217604255,0.25565249667865575,0.04383772414107619,0.13074628939028837,0.12622177375170504,-36.049077120813934,0.08372412995057103
78.2,-1.9904248174298065,44.67167028348287,5.258,0.06,7.71,-0.19,1.5584107321363427,0.8444187872170587,-0.03096133668415897,0.0134813690885182,-1.992594234924634,-455.0286039312302,0.0,-0.006085521485251771,7.772923153274655,0.0,78.013,-0.03759405735713821,0.32291505981272184,-5.104649951753573,1.5646354575012746,-0.03840374243311506,-0.13864981425969963,-5.0940913606270986,-0.020565809275417027,-2.0431426326509676,0.19,1.5638376984643292,-2.0184386146667594,-455.0948305609909,0.0,-0.002872284489063051,5.999999284623786,0.0,1.5712750408969154,87.0,0.063213966194719,0.06444122097315845,0.060650735913820926,0.20107225311474017,0.2631847990903804,0.05359791045829698,0.13789895034233676,0.14341233420536248,-34.81116508984974,0.09396200962380477
78.3,-1.9904249878438414,45.41508866342109,5.275,0.05,7.36,-0.18,1.5603354611110432,0.3195904280176793,-0.02628657822427864,0.007089009260619155,-1.989586000073785,-454.2700900123596,0.0,-0.020246518560465523,7.42451318117217,0.0,78.178,-0.049634360089435066,-0.12215804268283878,-5.141962332316261,1.5602396159958343,-0.045965894087763824,-0.3579372887179851,-5.084744154281445,-0.01484101457548799,-1.763537905828998,0.18,1.564514050190177,-2.0187258431170036,-454.49483062974014,0.0,-0.002872284489101687,5.999999284623786,0.0,1.5712750408969218,82.0,0.050979130379687,0.053730828704530616,0.05884090344917636,0.1867375942950714,0.2571780537625299,0.045935873672664156,0.13224808502492313,0.12955926654928368,-35.76972906281562,0.08568469616353408
78.4,-1.9904251510721682,46.13631538567683,5.289,0.04,6.99,-0.13,1.5620373525333147,-0.043404129229468395,-0.017440549266470422,0.008223684030588534,-1.9862002200093887,-453.40792632486324,0.0,-0.03248902944807683,6.980477209515185,0.0,78.31,-0.051398404669012604,-0.4616032267661244,-5.095896752470087,1.5259592553869217,-0.04094131099541589,-0.5699259476812268,-5.0711776093814755,0.08271203880472902,-1.5217280098507056,0.13,1.5483593583089734,-2.0190705172573096,-453.77483071223924,0.0,-0.0028722844890150894,5.999999284623786,0.0,1.5712750408969074,90.0,0.053477971450312564,0.05602717288672588,0.059734380129483275,0.18957165857561017,0.25833881566672834,0.04748295367807276,0.1333100505696834,0.13226969158965424,-35.5203317875478,0.08723971342309744
78.5,-1.9904253036286157,46.81315892961178,5.298,0.03,6.62,-0.07,1.5619115550678706,-0.20297047778745667,0.048616688224511234,-0.02103514335336733,-1.9841821695487936,-452.8626067343427,0.0,-0.02770289050680388,6.689917711165841,0.0,78.409,-0.06841155369440756,-0.5928594633798712,-5.136005052835548,1.56363956988953,-0.05138451883482555,-0.728498567637673,-5.075167047919717,0.0586011119503156,-1.2189059341673367,0.07,1.5543935082895377,-2.019300300017508,-453.29483076723864,0.0,-0.002872284489133661,5.999999284623786,0.0,1.5712750408969272,91.0,0.04880921788527091,0.052121101852817216,0.057555218094721514,0.1859287072708411,0.25709195862740664,0.045097448563525454,0.13202162215394636,0.12854080010023605,-35.957800880004825,0.08539445377913576
78.6,-1.9904254491134434,47.45671509232687,5.302,0.02,6.28,-0.01,1.5583370170232396,-0.3255405423465415,0.01683019340497987,-0.009877310186809814,-1.9818792368871132,-452.21284575543314,0.0,-0.004413194919141544,6.34388939582413,0.0,78.508,-0.07009681025301003,-0.648341057090976,-5.158797057174708,1.5485243180547943,-0.05942223856285405,-0.7724049552208477,-5.087992911974682,0.03400913770404301,-0.7718374046036898,0.01,1.5609913499104138,-2.0195875284677394,-452.6948308359879,0.0,-0.0028722844890790382,5.999999284623786,0.0,1.571275040896918,92.0,0.04909492815382874,0.05328554926482033,0.05703220090843366,0.18774867623573932,0.2578434718182523,0.04588065518786267,0.1326537556588648,0.12993720846977483,-35.919613567144346,0.0863910738676931
78.7,-1.9904255834084204,48.07807951625318,5.299,0.01,5.97,0.04,1.5586337699231247,-0.5459300425016943,-0.005064014640271951,0.014727058248223025,-1.9793213632690747,-451.476183365344,0.0,-0.008768828656611164,5.974426970521455,0.0,78.508,-0.07009681025301003,-0.648341057090976,-5.158797057174708,1.5485243180547943,-0.05588031439067735,-0.8316847978299539,-5.089582911974706,0.04294585094276399,-0.4703806203424312,-0.04,1.5611694396127802,-2.01993220260803,-451.974830918487,0.0,-0.0028722844891656356,5.999999284623786,0.0,1.5712750408969325,92.0,0.06157104875426196,0.06343247733515493,0.05910853187667229,0.2007991580361638,0.26319994825919035,0.053205316540694644,0.13783933287583475,0.1427334937937137,-34.94090622303498,0.09387507808180365
78.8,-1.9904257133424856,48.66615662922975,5.291,0.01,5.71,0.1,1.5600458523866276,-0.5001376468945778,0.0005173630197646151,0.011793998595451992,-1.977767333299175,-451.00783286255194,0.0,-0.014946382840406827,5.764728863531815,0.0,78.706,-0.07122747067935424,-0.6240828191286707,-5.2434140000048615,1.5680223033097835,-0.06459697325002739,-0.6717814921554,-5.125570431498581,0.007994354393016193,0.15453697526514354,-0.1,1.5677280030723368,-2.02016198536822,-451.4948309734864,0.0,-0.0028722844889165016,5.999999284623786,0.0,1.571275040896891,74.0,0.047947271567610784,0.05314937278980469,0.05849038324807069,0.1847932706736039,0.25600264448629223,0.044585408126347585,0.13090878193922775,0.12735579628806207,-35.97248246577356,0.08441258891640303
78.9,-1.9904258325109954,49.23204199920996,5.278,0.0,5.5,0.14,1.5620919876408317,-0.7369448685851805,-0.014630841392489342,0.030796991560876272,-1.97608757130609,-450.443711530803,0.0,-0.026124919997620708,5.547746255087816,0.0,78.772,-0.07110919115673883,-0.6116020415938426,-5.224643563749815,1.5570710967660613,-0.06272235068375229,-0.606065560038576,-5.147052689507209,0.028195196857785734,0.45583795390292536,-0.14,1.5660623185076108,-2.020449213818456,-450.89483104223564,0.0,-0.002872284489003099,5.999999284623786,0.0,1.5712750408969054,108.0,0.055010934849968114,0.05837922761454022,0.060287186477845325,0.19161244458126683,0.25893765777733224,0.048578420675242345,0.13390642772950867,0.13412371589955105,-35.391587957558,0.08824224054896913
79.0,-1.9904259496295822,49.775735853144084,5.261,0.0,5.34,0.18,1.5642206064101796,-0.6443578209537268,-0.0016405403753839897,0.014915359382691635,-1.9748439254868462,-449.8982014333627,0.0,-0.03672984567577954,5.38768908237554,0.0,78.838,-0.0742805518054597,-0.6102241609594174,-5.231614145364516,1.5577812227786425,-0.06200357962123137,-0.534359075062985,-5.171969800790341,0.03223362188030466,0.6683611772557061,-0.18,1.565431583948071,-2.020736442268702,-450.2948311109849,0.0,-0.0028722844890510606,5.999999284623786,0.0,1.5712750408969134,82.0,0.06452013848525105,0.06477720849931119,0.06198646978993321,0.20014381541379136,0.2625640717236969,0.053347486504328655,0.13741017813637207,0.142926207428453,-34.75321049288759,0.0932636401073941
79.1,-1.9904260637315332,50.319429626586526,5.243,-0.01,5.25,0.2,1.565020858370934,-0.535306486942218,0.002561740414222538,0.0046675430599650135,-1.9741846310613211,-449.3654571184493,0.0,-0.04014837136323046,5.285241404161667,0.0,79.003,-0.08202888244601758,-0.4190618027367362,-5.205542624391172,1.5449256149246642,-0.06647425886005673,-0.31989241644851785,-5.195425495995178,0.07120538130223227,1.0464426890124248,-0.2,1.5610760042800669,-2.0210236707189564,-449.69483117973414,0.0,-0.0028722844890417347,5.999999284623786,0.0,1.5712750408969118,77.0,0.048518092538389394,0.05271595341278901,0.06050993179479167,0.18401344529074345,0.25585745254531117,0.04399469446237725,0.13061864210156746,0.12711517576963427,-35.93447536635857,0.08408311628089493
79.2,-1.990426172864737,50.840931806613405,5.224,-0.01,5.21,0.21,1.5646833484668772,-0.6915507459683299,0.018386968799880016,-0.012374038281754634,-1.974169732126968,-448.8400144920275,0.0,-0.03777084005147725,5.23670711962291,0.0,79.069,-0.07347706648467464,-0.3633092477623977,-5.245260157218266,1.5509802011771066,-0.056032986411554506,-0.21214779611561801,-5.224728296784663,0.10302291071268523,1.1266830514010033,-0.21,1.5561173175176568,-2.0213108991691873,-449.0948312484834,0.0,-0.0028722844889617987,5.999999284623786,0.0,1.5712750408968985,91.0,0.053985992309746766,0.05397541014195972,0.06042149228072279,0.1871029949481818,0.25746522950195827,0.04590435878741351,0.13234282142120185,0.13039629665357336,-35.649014463580606,0.08595156468854213
79.3,-1.9904262845089864,51.3735297781905,5.205,-0.02,5.22,0.21,1.5629336992886405,-0.5329708123197355,0.030725855092451133,-0.029184188045440464,-1.9748788329961457,-448.2113784903411,0.0,-0.025770599767779484,5.251913984334769,0.0,79.135,-0.08146245315355972,-0.3343988837304187,-5.203452919557535,1.5380437566466043,-0.046693928624106165,-0.11822867833280477,-5.245255819075606,0.14370935359660386,1.1211955373102596,-0.21,1.5512899636690103,-2.021655573309476,-448.3748313309825,0.0,-0.0028722844890710446,5.999999284623786,0.0,1.5712750408969167,85.0,0.06434474737354953,0.06244665543219767,0.062036496568414166,0.1986687156509199,0.26232598454023776,0.05191500675658566,0.13678375161601963,0.14157750157179683,-34.87613241414811,0.0925869536175386
79.4,-1.9904263959901325,51.90612774545326,5.185,-0.02,5.28,0.2,1.560206995406423,-0.34466228666898974,0.041066866595531645,-0.0374905305079003,-1.9755774251289353,-447.7891741630523,0.0,-0.013892441039677569,5.301012145755161,0.0,79.267,-0.08809122312991108,-0.2145403642015006,-5.15713872021224,1.5540616140621075,-0.061621085052070985,-0.01572239582929033,-5.249315393425718,0.09005728345321941,1.0800092859420323,-0.2,1.559781492223046,-2.021885356069671,-447.8948313859819,0.0,-0.0028722844890497284,5.999999284623786,0.0,1.5712750408969132,93.0,0.052425790606397245,0.05264963540853341,0.059355529708856075,0.1863944352196025,0.25726338176889363,0.04502243725229872,0.13191541409049345,0.12939955594718183,-35.818322484705995,0.08561956278272471
79.5,-1.9904265052664272,52.42762991315057,5.166,-0.01,5.37,0.18,1.5589511208843925,-0.20922119529910763,-0.003750601488381789,0.0057335167579904206,-1.9764141600135823,-447.2542680752725,0.0,-0.008049911530177456,5.39235453258621,0.0,79.432,-0.07377845346084687,0.042327060582289036,-5.155280558413898,1.5502133395654676,-0.053514761097032265,0.10787041880379031,-5.245686024821072,0.12011172844378917,1.0719049677213874,-0.18,1.553704952888905,-2.022172584519907,-447.29483145473114,0.0,-0.0028722844891896165,5.999999284623786,0.0,1.5712750408969365,68.0,0.05656875974720637,0.05623981116363961,0.0602837822695393,0.1907247674228539,0.2589416786587832,0.04731308511658902,0.13343324639004805,0.13346676446434735,-35.46509329325823,0.08794642526664762
79.6,-1.9904266225814506,52.97132375127504,5.15,-0.01,5.49,0.15,1.5587714901801686,-0.1712046513262715,0.009040670365100463,-0.01585043572729004,-1.9772065304969497,-446.5984190820016,0.0,-0.004810549115032918,5.5310901416027205,0.0,79.531,-0.07803287319256512,0.09027815160877677,-5.119519825615034,1.5402323626230792,-0.056685027405493964,0.1846062207689261,-5.233325645517397,0.10671653745254814,0.9396613981647288,-0.15,1.5557552168827526,-2.0225172586602023,-446.57483153723024,0.0,-0.0028722844892882043,5.999999284623785,0.0,1.571275040896953,69.0,0.050921483336858586,0.05099762954250757,0.057833461508091696,0.18478651581510905,0.256603764085363,0.043976636973125656,0.13130254569837857,0.1277043162303938,-36.02929007573406,0.08475705906656963
79.7,-1.9904267413264893,53.5372090908778,5.136,0.0,5.62,0.13,1.5576350307699778,-0.06076947781512613,-9.326020145402486e-05,-0.0045004312920980186,-1.9775845582555187,-446.1513032296568,0.0,-0.0010729919418254526,5.634900146516434,0.0,79.531,-0.07803287319256512,0.09027815160877677,-5.119519825615034,1.5402323626230792,-0.04586743078919728,0.27237505935762774,-5.246925645517454,0.10323575955394247,0.8479814304002211,-0.13,1.5548366343631161,-2.022747041420397,-446.09483159222964,0.0,-0.0028722844891603066,5.999999284623786,0.0,1.5712750408969316,69.0,0.06237625489741458,0.0595433020908907,0.059295204967217144,0.19611309187915954,0.2613262334623972,0.05021782474611014,0.13582470097450064,0.13867404775010914,-35.17481090003492,0.09112519609413305
79.8,-1.9904268637941964,54.103094510309944,5.125,0.0,5.76,0.1,1.5571419234063966,-0.018655474387286382,0.002842318359798214,-0.006214015950860017,-1.9778630514635398,-445.58041547608957,0.0,0.0013478692471190074,5.769901126818656,0.0,79.696,-0.07391814054147386,0.1962164648939066,-5.074100760098286,1.5428204322776147,-0.04313129351801221,0.2893836783099013,-5.214672279310822,0.15372073871735137,0.6224376705819008,-0.1,1.5467160249910896,-2.023034269870637,-445.4948316609789,0.0,-0.0028722844890257475,5.999999284623786,0.0,1.5712750408969092,104.0,0.06587391278933363,0.061930499618318854,0.060106965633930684,0.19821729679988928,0.2619556619316693,0.05159264136191793,0.13649670578603235,0.14099162338872243,-34.92814273989998,0.09222088910440616
79.9,-1.9904269904557008,54.691171517386415,5.117,0.0,5.89,0.08,1.5556090428170302,0.11791645848159081,0.015201633333062868,-0.036264291972136646,-1.9779037518092695,-444.99599149638993,0.0,0.010651543281955382,5.9043539257547115,0.0,79.828,-0.06653191821965372,0.2362086308071207,-5.0402991583188514,1.5455197632049489,-0.051198776934662835,0.28718961069973625,-5.186361158217617,0.10554991692434973,0.40174919205899506,-0.08,1.5540219745953057,-2.0233214983208763,-444.89483172972814,0.0,-0.0028722844893654758,5.999999284623785,0.0,1.5712750408969658,72.0,0.054300889378130476,0.053743455986534946,0.057905344894269885,0.18755452945841417,0.257542750207937,0.045851122964624465,0.13244514007483685,0.1303389849275522,-35.74898812860281,0.08614882448717345
80.0,-1.9904271170969174,55.27924852263827,5.108,0.0,6.01,0.07,1.5535587790098526,0.20868871690790078,-0.01220089094425406,-0.0019739354760581677,-1.977599882120431,-444.3985879178792,0.0,0.02155856162922981,6.028791249173687,0.0,79.828,-0.06653191821965372,0.2362086308071207,-5.0402991583188514,1.5455197632049489,-0.04038248761098265,0.3199745292321816,-5.193961158217661,0.110988946727305,0.30201364974194256,-0.07,1.5532143765386535,-2.0236087267711214,-444.2948317984774,0.0,-0.0028722844890297443,5.999999284623786,0.0,1.5712750408969098,72.0,0.06305543270727507,0.060330581882186464,0.05923487176256694,0.19618033640695623,0.2611567422388721,0.05069458201913588,0.1359501442406189,0.13886648751157982,-35.10162877450252,0.09105961450372453
80.1,-1.9904272526173852,55.889517199574726,5.103,0.01,6.12,0.05,1.5537285963681082,0.1637613131571865,-0.0064620006027996555,-0.0027808121101794564,-1.9769343441829985,-443.78963092503164,0.0,0.020079881003341554,6.136584930050499,0.0,79.993,-0.07478173887596272,0.2304169150651564,-5.039356383061461,1.5581607943985107,-0.05743982789925835,0.25124875820348336,-5.157198113590283,0.04399639842288684,0.03104047983872782,-0.05,1.5620181352571219,-2.0238959552213602,-443.69483186722664,0.0,-0.0028722844890643833,5.999999284623786,0.0,1.5712750408969156,67.0,0.04840222555456019,0.04954104928936694,0.05696977025893962,0.1815989622920799,0.25500494387881634,0.04275702681664973,0.1301106609823245,0.12480529767833798,-36.216236391750854,0.08290501868747163
80.2,-1.9904273865469477,56.510881583832884,5.098,0.01,6.21,0.03,1.5545574920859675,0.27558394273811115,-0.044106712943365836,0.025967077041532952,-1.9760170917733781,-443.17088267668703,0.0,0.013762225074223668,6.226017232952955,0.0,80.059,-0.07753388593097085,0.22258434810550315,-4.9856310692196715,1.5711861601184636,-0.06758566895662085,0.23143134834734527,-5.139404587624167,-0.001659958096998133,-0.08585168795890041,-0.03,1.5694344987786062,-2.024183183671606,-443.0948319359759,0.0,-0.0028722844890057635,5.999999284623786,0.0,1.5712750408969058,101.0,0.05607205503632253,0.0555367193375313,0.05802955726532415,0.18999812414715758,0.2586605437432522,0.047424088197355455,0.13364679270406316,0.1327109054776086,-35.57044251318245,0.0875713988441113
80.3,-1.9904275242644776,57.13224605404895,5.093,0.01,6.28,0.02,1.5583991511401274,0.2317637575498465,-0.04383432240915304,0.05307484359688397,-1.9751308278520705,-442.54431834536695,0.0,-0.011767896873502603,6.294465073963186,0.0,80.224,-0.07307124303943187,0.14607017940157604,-4.999985599348962,1.5456435840865135,-0.05798294183460393,0.16439910763945298,-5.120068661414869,0.08523949233991067,-0.2674880474110619,-0.02,1.5549574347148667,-2.024470412121838,-442.49483200472514,0.0,-0.002872284489088364,5.999999284623786,0.0,1.5712750408969196,76.0,0.06374814630211914,0.06176975736141875,0.05957476897205289,0.19778111585143,0.2618134080252061,0.05172624300824263,0.13660332721461188,0.1404281858105783,-34.983285861722194,0.09199599551220786
80.4,-1.99042766162718,57.75361052197547,5.09,0.0,6.32,0.01,1.5606995300066213,0.27243682345322995,8.857629406772128e-05,-0.013075008057656008,-1.974665675284534,-441.91220181769705,0.0,-0.02539523688864835,6.33947278642975,0.0,80.323,-0.07379897020454916,0.12684423629087693,-4.997217894903966,1.5509559858291153,-0.052045994152329106,0.11717034835694343,-5.096834127326344,0.13192104472680635,-0.35107399463784716,-0.01,1.548698620912441,-2.0247576405720813,-441.8948320734744,0.0,-0.0028722844889964376,5.999999284623786,0.0,1.5712750408969043,77.0,0.053473544016857284,0.05418023716609907,0.057685514824294834,0.1881150557780687,0.25787237453993134,0.046412073592443016,0.13289630714023093,0.13082348141755093,-35.73116033522072,0.08651929519486418
80.501,-1.9904277981864276,58.38607069359725,5.088,0.0,6.34,0.0,1.5578751629826169,0.24213236021947684,0.02261935377034863,-0.040307777979284545,-1.974754204224569,-441.14959624901144,0.0,-0.0031098123130509883,6.363215763667082,0.0,80.356,-0.07580378877386905,0.1308806715253724,-5.039748182576246,1.5485410917595936,-0.04458521818427731,0.07594034964189328,-5.09173614979165,0.13328364113965124,-0.38526320836888317,-0.0,1.548417270491864,-2.0251023147123735,-441.1748321559735,0.0,-0.0028722844892042714,5.999999284623785,0.0,1.571275040896939,105.0,0.05311291824616955,0.0545739668406358,0.05714265833685043,0.18917089459442732,0.25840251777369816,0.04680959532197198,0.13334106722061412,0.13159305031833057,-35.75093205815753,0.087160902836837
80.6,-1.990427938456122,59.0185309551955,5.086,0.0,6.34,0.0,1.5546197137471776,0.18201051077337133,0.021742080913572968,-0.02770798058390952,-1.9749929349110702,-440.64052848180853,0.0,0.011697995968091107,6.361822647151553,0.0,80.521,-0.08184586107115556,0.030990295732788855,-5.005390021914473,1.5648373209674054,-0.06315494152075993,-0.004994185346308432,-5.072270629470577,0.06591178334014482,-0.4802445609620323,-0.0,1.5595485871125367,-2.0253320974725626,-440.6948322109729,0.0,-0.002872284489296198,5.999999284623785,0.0,1.5712750408969542,79.0,0.052225709092371696,0.05423299625687301,0.058287294291162056,0.18682952190696897,0.25700651926972923,0.04577100285898751,0.13195258807359933,0.1295302426541503,-35.75031030245276,0.0856148230998319
80.7,-1.990428078448513,59.65099121656124,5.084,0.0,6.32,0.0,1.5537445443358757,0.21799894379688287,-0.021301355460368907,0.015296093769994608,-1.9752395108219987,-440.0051835201459,0.0,0.015038222478558903,6.343916528636487,0.0,80.62,-0.07716488725876836,0.0017349413250622634,-4.96461032392237,1.54917336653334,-0.06210895702803913,-0.042816117371610604,-5.060526896067191,0.08635860910746856,-0.45306249430172496,-0.0,1.5560778518022036,-2.025619325922805,-440.09483227972214,0.0,-0.002872284488993773,5.999999284623786,0.0,1.5712750408969038,80.0,0.051693192165578244,0.05350051195558735,0.05711410660726903,0.18745698150398463,0.2576531885841051,0.04603515591623407,0.13271596018792453,0.13005455924030024,-35.84365672948078,0.08619213927000545
80.8,-1.9904282186409574,60.2834514757127,5.082,0.0,6.29,0.0,1.5555772716787197,0.14084520281917712,-0.008439818325586192,0.00480299641815116,-1.9754200848460102,-439.3725409557278,0.0,0.003066088049348998,6.309764857648912,0.0,80.653,-0.07322234623662001,-0.014896671009883887,-4.989800788319696,1.5462952241503802,-0.051509469177293106,-0.08760751299147626,-5.052220823844145,0.10922981725407892,-0.4357053568230702,-0.0,1.552140425203895,-2.0259065543730426,-439.4948323484714,0.0,-0.0028722844891150095,5.999999284623786,0.0,1.571275040896924,107.0,0.0512949367681669,0.05298333639822229,0.0561141646122883,0.18739598712427302,0.2577250031034829,0.04577881311299612,0.13268499702391698,0.12982764532431487,-35.92697375016936,0.08622059399216467
80.9,-1.9904283555187838,60.90481594160349,5.08,0.0,6.24,0.0,1.5552198608082273,0.09302534364775246,0.008150538585257867,-0.013271675292192876,-1.975609875480247,-438.74407857999046,0.0,0.005165660716923674,6.262504369738696,0.0,80.818,-0.08034856506429687,-0.07901000591828831,-5.007536582228132,1.5421279091441766,-0.06021962619176059,-0.12225050061906355,-5.04062834370899,0.08730022689974178,-0.384766896617065,-0.0,1.5558876532662627,-2.026193219179036,-438.89306426461053,0.0,-0.0028665771508628534,6.140784694015145,0.0,1.5712631363453824,82.0,0.0631692334485197,0.06230183271295965,0.058040126127479094,0.1993927008759766,0.262652012719381,0.05245766147206832,0.13738872854848408,0.1416115245822066,-35.01783146222401,0.09306230774006921
81.0,-1.9904284948508142,61.54837189851189,5.078,0.0,6.18,0.01,1.5549325282361846,0.04393763454374643,-0.007003639379903353,0.003449929983008441,-1.9758279905782772,-437.99686721610215,0.0,0.005152366327523505,6.195255653847021,0.0,80.884,-0.0782411454885372,-0.1286248131425836,-5.066917468793902,1.5457998196047,-0.0560064151479509,-0.16762459599671553,-5.044272703685753,0.10303470931365481,-0.3563029566489675,-0.01,1.5531058528594275,63.24999999991939,3.5956711695416876e-09,0.0,7.999999999913143,5.27604125938143e-10,0.0,6.59505157429839e-11,116.0,0.06790942941151915,0.0657476818631849,0.05946410259325759,0.20263685577201593,0.2637095138542563,0.054525414640566164,0.13845706211472014,0.14521820967618423,-34.67809511369916,0.09485073380539306
81.1,-1.9904286298135965,62.1586405666841,5.075,0.0,6.12,0.02,1.5551662585374455,0.03482377358140577,0.007539438328424334,-0.00490014683358024,-1.975998912613064,-437.380645529925,0.0,0.004098067591723807,6.134690103167319,0.0,81.016,-0.07848981316123751,-0.06439021628240979,-5.056392767621146,1.573100932733879,-0.0731224882775738,-0.12369558255353796,-5.043587277277595,-0.00016428654760895856,-0.14764297879890353,-0.02,1.5708238346191918,-2.027073591890647,-437.3395951349888,0.0,-0.004585209909813794,7.999902319020209,0.0,1.5713694849691928,84.0,0.04986135116092275,0.05137928992657942,0.05721799504154808,0.183205334812241,0.2555538990877783,0.044074924124895075,0.13081543035402443,0.12632715052748253,-36.0194817762096,0.08369341926424836
81.2,-1.9904287649111403,62.76890923676606,5.07,0.0,6.06,0.02,1.5562241683390479,-0.1326856273815098,-0.04542338935401396,0.04603355273080561,-1.9761865984879439,-436.8920421636505,0.0,-0.0034380125384353903,6.086832853405436,0.0,81.082,-0.08076921340505579,0.03971391862388071,-5.019273881898975,1.5548238347820726,-0.07070404311009724,-0.035565250443450255,-5.042608047498108,0.02738942135568412,0.12123879241853164,-0.02,1.5663652988051144,-2.0274404103561046,-436.6996002696771,0.0,-0.004585240386989621,7.99995549528458,0.0,1.571369484969038,78.0,0.047618085938856115,0.04878563312945684,0.05560290263691884,0.1810759147440292,0.25492364436746867,0.042507829037568105,0.13008213272228614,0.12424203103101708,-36.3353176943199,0.08271551642678737
81.3,-1.9904288966983508,63.37917780484851,5.064,0.0,6.01,0.04,1.5609299373489356,-0.2708689721477726,-0.021165337999423408,0.025756777771762742,-1.9767030252289879,-436.2862427301634,0.0,-0.03173090644844196,6.03696163925545,0.0,81.214,-0.07197626353450899,0.3215627547837249,-5.063689389888635,1.542973867827062,-0.05315864676286374,0.27587855223767127,-5.054669876551184,0.12593955532071108,0.8044468748379003,-0.04,1.5523171718374378,-2.0278989355056414,-435.8996029839305,0.0,-0.004585256038691394,7.999982803060857,0.0,1.5713694849690412,86.0,0.05442834232911878,0.05303484801538563,0.056801450060208314,0.1865251441730889,0.25718157948704407,0.045546261521038724,0.13222934905147146,0.12949460120701423,-35.84008093440163,0.08563350895211873
81.4,-1.9904290260603688,63.97835057793213,5.058,0.0,6.0,0.05,1.5608511074122526,-0.7976106404787197,0.03680190727249787,-0.03442480108654896,-1.9777516795630568,-435.68393745347737,0.0,-0.03067950682288465,6.018992378729205,0.0,81.313,-0.07493629904092823,0.5316988148764906,-5.135477078201972,1.5216308813540464,-0.04924692990852679,0.5333055930384863,-5.053699178366898,0.16031571401040504,1.2454166087804683,-0.05,1.5486734361753518,-2.0283574615203763,-435.0996040607409,0.0,-0.004585261768267047,7.999992798583442,0.0,1.571369484969111,87.0,0.052476091586593256,0.0513074513757709,0.056317736187492286,0.18413989111417597,0.2561162660416716,0.043873718891664686,0.13101193505476225,0.12714995373101254,-36.082596248001394,0.08429727281521421
81.5,-1.9995178746104756,64.5775233449373,5.049,-0.01,6.04,0.08,1.557479940415595,-1.0481713975706168,0.05010882466663627,-0.03870735586912365,-1.979170518696132,-435.0804366418631,0.0,-0.00997024070242597,6.060596868644044,0.0,81.379,-0.07043825854360103,0.703451444013828,-4.995377424743399,1.5343058358369703,-0.030722509899891715,0.7987669981213172,-5.053383768392653,0.22251939954338743,1.5807045163504903,-0.08,1.5429164459617002,-2.0288159878518446,-434.2996045381943,0.0,-0.0045852638659212575,7.999996457281528,0.0,1.5713694849691913,82.0,0.056055849456268944,0.051912462557971766,0.05607988883128676,0.18529666470467276,0.25667751795920307,0.044515049917095074,0.1316323394748069,0.12850898059953142,-35.98284867875906,0.08497176039046672
81.6,-1.9995180103898775,65.18779200881983,5.041,0.0,6.18,0.1,1.5541085145112612,-1.0548743802401783,0.07186551195790981,-0.054842083626777414,-1.9804371211913305,-434.4681082711298,0.0,0.011689889521407417,6.1887967117432545,0.0,81.544,-0.0688280986077465,1.0571666471374486,-5.007590129796896,1.5476686044175045,-0.04393337636158338,1.1216926182693705,-5.052074399968081,0.13746203090126738,1.8989339687798754,-0.1,1.553783096041855,-2.0292745142993303,-433.49960479626395,0.0,-0.004585264635164185,7.999997796484,0.0,1.5713694849693998,56.0,0.06113190120939735,0.053943785473379954,0.057146925671154106,0.18722244254208587,0.2573386549584046,0.04551685114866018,0.13215160534276427,0.13072406931072245,-35.69534885481239,0.08593922788868241
81.7,-1.9995181478768735,65.82025215655608,5.032,0.01,6.41,0.11,1.5529518752035238,-1.0200983701967596,0.011700667203046458,0.019171682643480428,-1.9809058968510638,-433.70835150269795,0.0,0.01798400264554901,6.474350884418412,0.0,81.61,-0.06032505535163421,1.128071737539888,-5.083036073544602,1.5670839779690897,-0.044934298292590505,1.3081739828512682,-5.065058453061251,0.07245236751901746,1.8121762640878245,-0.11,1.5607686162244923,-2.0298247460896657,-432.5396050051868,0.0,-0.004585264945396315,7.999998338207446,0.0,1.5713694849693671,90.0,0.072755655875197,0.06270655351330495,0.05971913340503547,0.19801282687812283,0.26171499523115765,0.050792125476351514,0.13587393020427016,0.14153725546666612,-34.91496143388643,0.09202925919967064
81.8,-1.9904295696068424,66.47490389158992,5.023,0.02,6.74,0.09,1.5550388964500765,-0.5999407471704216,-0.032733097797999884,0.04573717893415297,-1.9804373948891776,-433.17866605409944,0.0,0.007061543998092764,6.743053277524825,0.0,81.709,-0.057024185897560864,1.3877110652778701,-4.914257485676994,1.56375320206826,-0.048609522328397464,1.5645877900748162,-5.054326453221059,0.02251700553690471,1.794833385323944,-0.09,1.5658147821156794,-2.0301915672948327,-431.89960512240623,0.0,-0.004585265018375668,7.999998466093765,0.0,1.5713694849693272,91.0,0.06538034563189035,0.05886983529164,0.05996147977750274,0.19237004974398048,0.25930959134774306,0.04757259795759074,0.13352405389206942,0.13567515140696,-35.31775424287848,0.08871263819512733
81.9,-1.9904297209116883,67.17393879538555,5.016,0.03,7.14,0.06,1.5579485437509157,-0.40891085612214684,-0.0511729237497243,0.06420925632305138,-1.9793861712949377,-432.4829167602971,0.0,-0.01318439092775337,7.141430763742858,0.0,81.775,-0.04889322765619166,1.5832896011819158,-4.874466039704522,1.5514945270692317,-0.03801873064797525,1.7897684138195413,-5.037533966203206,0.06089296990842967,1.6685012083825788,-0.06,1.5604779148477093,-2.030650093805978,-431.0996052600219,0.0,-0.004585265055768155,7.999998531776334,0.0,1.5713694849692954,87.0,0.06206769306405319,0.052975374430075925,0.058316651648140275,0.1859835822060186,0.25696821301730477,0.04462260072205119,0.1316513483009933,0.13000543003390966,-35.745218461632334,0.08533943618432595
82.0,-1.9904298829133005,67.9062611859573,5.014,0.03,7.59,0.02,1.5602389136937003,-0.2347779192405494,-0.011572172393948817,0.015144768326068831,-1.9784606577734964,-431.74463550814056,0.0,-0.03109494006102262,7.585191656672116,0.0,81.808,-0.04053214760273641,1.509742413574454,-4.840937765904733,1.5479276735950807,-0.021421116337719634,1.8826272285401053,-5.022885290003217,0.1065629019922448,1.269335121524314,-0.02,1.5553829706613698,-2.031108620319185,-430.2996053936996,0.0,-0.0045852650696621075,7.999998555809727,0.0,1.5713694849693103,112.0,0.082090681784613,0.06310469361596652,0.06014930771687372,0.19976426450777585,0.2627909175043626,0.05214634239817439,0.13715254471411073,0.1448339108552279,-34.69579157848584,0.09326714563579584
82.1,-1.9904300572131177,68.69406254384646,5.013,0.03,8.05,0.0,1.5593939507987833,0.05628674430261533,0.025203059432323528,-0.015487374824838397,-1.978011661625213,-430.96059732982377,0.0,-0.026406074743180474,8.050559497635968,0.0,81.973,-0.05459639556254068,1.7327508257237385,-4.8056315135051415,1.5557228923537563,-0.03693559300773233,1.901080324848566,-4.9751310117425,0.06365004895652115,0.7826400505288564,-0.0,1.5601939995917384,-2.0315671468331913,-429.4996055259358,0.0,-0.004585265075147553,7.999998564614773,0.0,1.5713694849693651,107.0,0.06254508120178524,0.05280823111428,0.05802494883898952,0.18611580711888442,0.25701756821774796,0.04434276237451834,0.13144995105792237,0.13000998538393618,-35.73769000206329,0.08540786533289069
82.2,-1.9904302386259474,69.51515128315714,5.016,0.04,8.5,-0.02,1.5590886576708893,0.31336071912600083,-0.010338028784889158,0.00218511725319011,-1.9779142303132204,-430.13035967358746,0.0,-0.02634934945183584,8.503925260590028,0.0,82.072,-0.056132747416534116,1.6655412697191225,-4.82721382755036,1.5470928179929573,-0.034498204373487815,1.8108184279877697,-4.953720858997709,0.07918539285936563,0.1681906478447388,0.02,1.5570474502794764,-2.0320256733474578,-428.69960565764455,0.0,-0.0045852650761975654,7.999998567832112,0.0,1.5713694849692659,89.0,0.06448290613593254,0.054267186301866874,0.05860019533061925,0.18776287308582545,0.2576422736485637,0.04518082325422475,0.1319865450639238,0.1316331481337296,-35.56768104801166,0.08627426548789296
82.3,-1.9904304335077718,70.38062330594235,5.02,0.04,8.91,-0.03,1.5592372092094757,0.5508581227317685,-0.011806266553199673,-0.008045910582224437,-1.9780638962004438,-429.2568112566122,0.0,-0.02983507947153667,8.91746692923199,0.0,82.138,-0.05147684211253296,1.7830430329135698,-4.825470182103024,1.5485590622539924,-0.028227525855636988,1.8063518657603557,-4.937389979773091,0.09675596685585372,-0.13480635620679138,0.03,1.5552132066293498,-2.0324841998617718,-427.8996057891601,0.0,-0.004585265077385344,7.9999985690087705,0.0,1.57136948496933,82.0,0.07735481421223049,0.061528646522287046,0.060140088330501135,0.1974079844975096,0.2616860832017651,0.05052793390525517,0.1359019267264807,0.14185829612662743,-34.8570637477185,0.09179140524556417
82.4,-1.9904306297056813,71.26828680693747,5.024,0.04,9.26,-0.05,1.5584110180523736,0.48813735001512826,-0.0013157059277683811,-0.01420295413932785,-1.9784575249387273,-428.3447399878076,0.0,-0.023516056476175853,9.278471880672884,0.0,82.27,-0.05923402659858738,1.6744829484638537,-4.86578673717569,1.5452447313368463,-0.03695251814163518,1.6114050914747686,-4.921149171741082,0.10106236121124645,-0.6870455779510518,0.05,1.5543434651945827,-2.0329427263761586,-427.09960592060526,0.0,-0.004585265076963562,7.999998569435096,0.0,1.5713694849692468,90.0,0.060421084597160404,0.052593372222012644,0.058205309320663944,0.18574603198238163,0.25684022851186394,0.044205197987395646,0.13135729749192523,0.12948195881140798,-35.79412230302823,0.08518960310535303
82.5,-1.9904308390013625,72.20033359404326,5.031,0.04,9.56,-0.06,1.5575199491020777,0.6789926978995294,-0.001991139548358845,-0.014123007909179024,-1.9791019422064646,-427.20717390056774,0.0,-0.014114767592158965,9.63736625876721,0.0,82.369,-0.059684347673984374,1.4617765566563043,-4.945958030277007,1.5505497862771696,-0.03760091060392196,1.3989196049909796,-4.918515170626492,0.09315419633040226,-1.1550951938570932,0.06,1.5549552124372477,-2.033492958193356,-426.1396060783067,0.0,-0.004585265076684716,7.999998569605626,0.0,1.5713694849691997,93.0,0.06333872324881266,0.05419055727130563,0.05873323169484716,0.1877000224631978,0.2576197684112117,0.045253175276419894,0.13201111623463554,0.13147203105652908,-35.585397461350325,0.0862385300946433
82.6,-1.9813423269590515,73.16566765179351,5.039,0.04,9.79,-0.08,1.5567644788560013,0.8999541093887176,-0.0025433259763939014,-0.013413204213202919,-1.9795821821236443,-426.2304571888326,0.0,-0.007692858408466862,9.862998182417531,0.0,82.402,-0.058878005708398885,1.5332599897862942,-4.813249924692835,1.5224647252187866,-0.017689326697926992,1.2845438887793221,-4.9017331946845335,0.1725119119710485,-1.2883366565670187,0.08,1.5458050210915746,-2.033951484707733,-425.33960620971516,0.0,-0.004585265077555736,7.99999856966247,0.0,1.5713694849693045,118.0,0.0818472413678327,0.06477484178677625,0.06082899825879761,0.2017077294384215,0.26346881253424614,0.052927310090124045,0.1375963150368159,0.14643078743569096,-34.58535267026769,0.09435521534524324
82.7,-1.9813425481818747,74.1420977338151,5.05,0.05,9.95,-0.11,1.5550559191640954,0.7553295683494008,0.04215067654454305,-0.0424506710753943,-1.979681140478127,-425.23532719912663,0.0,0.01599349145793898,10.01265780449517,0.0,82.6,-0.061789790924222474,1.0515059521065306,-5.042009452506559,1.5824509786302081,-0.05727843863994679,0.8944030176482757,-4.92272328306221,-0.02040601166536746,-1.8675371378967913,0.11,1.5671348369014397,-2.034410011222195,-424.53960634112195,0.0,-0.004585265078449243,7.999998569662469,0.0,1.5713694849694162,84.0,0.05526718445021555,0.050816829483655464,0.058704983114554896,0.1825048968169482,0.25530795878493573,0.04242488795592259,0.12982428990629286,0.12622749542714634,-36.003221182724374,0.08333084826778311
82.8,-1.9813427687443372,75.12962349391202,5.064,0.05,10.04,-0.13,1.5535967434432845,0.9246116518698821,-0.1422137584620698,0.007256846986728566,-1.979248863269808,-424.4310331434726,0.0,0.023850985410335094,10.075810350719408,0.0,82.666,-0.06838906594321047,0.9309732031465161,-4.963877730766758,1.5652100167986538,-0.06754684289873353,0.6817692025604167,-4.913537237226183,-0.047518271003532425,-1.9597443798199468,0.13,1.5704891918433446,-2.0347768324338182,-423.8996064462474,0.0,-0.004585265078960833,7.999998569662469,0.0,1.5713694849694801,98.0,0.0640504570040659,0.05727175363246726,0.060387908009063206,0.19118636937817066,0.2590069938503194,0.04700273485414951,0.13321466136983232,0.13462146802731306,-35.34845836323904,0.08813871201378634
82.9,-1.981342995006191,76.12824517079622,5.08,0.05,10.03,-0.16,1.5583720245074968,1.204563459198816,-0.11458694463156957,0.044503180614764805,-1.9782293607932253,-423.4227216912505,0.0,-0.02514005709489656,10.073316329260681,0.0,82.732,-0.06872680076937192,0.7068634682046918,-5.004668136198591,1.5456380375877194,-0.06540712546872615,0.42411928554361233,-4.903905464953336,-0.012757011034726207,-2.0334895538373274,0.16,1.5661389553157938,-2.035235358948398,-423.0996065776539,0.0,-0.004585265079091989,7.999998569668153,0.0,1.5713694849694961,88.0,0.07826457919061594,0.06663245568437828,0.06263640488159497,0.2031126829836587,0.2638784819586914,0.053272528290282166,0.13764544661183134,0.14715939419595903,-34.50105223842117,0.09509301434999685
83.0,-1.9813432176845716,77.1268667309241,5.099,0.04,9.91,-0.2,1.562089059562657,1.020334554216963,-0.05011011421119014,0.013973292256657754,-1.9773658986170466,-422.4206793154974,0.0,-0.05947375823709536,9.961541188661126,0.0,82.897,-0.06773483323442615,0.31606807040348867,-5.0535167581318525,1.5545394440528664,-0.06146271105370423,0.11472327614750659,-4.902953844305205,0.04898318534228214,-2.1021071437315078,0.2,1.5594002517143117,-2.0356938854629414,-422.2996067090603,0.0,-0.00458526507857714,7.999998569662469,0.0,1.5713694849694322,83.0,0.05677211692678219,0.05730688046979352,0.062163316291871926,0.18960286287087075,0.2580453877984481,0.0451958460223154,0.13159641943089584,0.13226837957951754,-35.51979743915004,0.08704970365070082
83.1,-1.9813434425536407,78.10329695067458,5.121,0.03,9.7,-0.21,1.562728884690676,0.9195506596505426,0.003823467728088962,-0.008305665300402658,-1.977063812024779,-421.435136104857,0.0,-0.06296362435841868,9.755003545623063,0.0,82.963,-0.07861736258218213,0.18593497868390066,-5.002833226507852,1.5580757791500324,-0.06582921345756844,-0.09477097184120027,-4.896411809249702,0.04215303830775559,-1.9008513528450388,0.21,1.5615451914222758,-2.0361524119774725,-421.4996068404662,0.0,-0.004585265078724578,7.999998569662469,0.0,1.5713694849694506,97.0,0.06104007655085964,0.055182866960463955,0.0616188725005484,0.18812985978586727,0.2577674295070974,0.045741762651940035,0.13221089611644085,0.13197684695971515,-35.45756213630951,0.08642591595557673
83.2,-1.9813436563305444,79.04643967239397,5.145,0.02,9.42,-0.21,1.5622939486664276,0.46756164935997996,-0.0004531708953884085,-0.0006839129069271866,-1.9772403815235156,-420.4745262000389,0.0,-0.05681159009022482,9.475300474502186,0.0,83.128,-0.08603151449731707,-0.2614164255984521,-5.003834782281681,1.5545583849541065,-0.07818153124995458,-0.3401517750325949,-4.895279875985905,0.03598083431377909,-1.760983481250169,0.21,1.5634873156039113,-2.0366109384919935,-420.699606971873,0.0,-0.0045852650780513395,7.99999856966247,0.0,1.5713694849693665,72.0,0.07456480087645916,0.06399363021632769,0.06326529180633844,0.20027253714377222,0.2629076098708637,0.052049567655310006,0.1368856074628288,0.1443339188709375,-34.645972196773776,0.09347603012382993
83.3,-1.9813438677517219,79.97848660514836,5.166,0.01,9.1,-0.17,1.5625484130021674,0.2437106494344188,-0.010918275241755026,0.002806351561175629,-1.9777168492761317,-419.5443123671537,0.0,-0.05734294982717189,9.155938248178852,0.0,83.227,-0.09118557586670967,-0.44652718199597186,-5.023057259730579,1.5670819904616553,-0.08332465339417675,-0.5544649601342487,-4.899392164612172,0.026586125828240763,-1.558831469075403,0.17,1.5659448454048737,-2.03706946500649,-419.8996071032798,0.0,-0.004585265078630431,7.999998569662469,0.0,1.5713694849694388,73.0,0.05812073565601061,0.054575948852548205,0.06093474538325774,0.1885645643043844,0.25812919388236927,0.04545932198823632,0.13223342485573422,0.13180910155164563,-35.59863347669833,0.08677317467645482
83.4,-1.9813440691656687,80.86615036669217,5.184,0.0,8.76,-0.11,1.563580282558922,0.02600843528453968,-0.0097761033843038,0.0086854122240976,-1.978472230807803,-418.64709974139447,0.0,-0.06475714302254003,8.81971737130997,0.0,83.326,-0.09089986933988271,-0.5850971237585295,-5.020944825838267,1.5643846000488186,-0.08280094631260755,-0.6881914740682301,-4.911621319951658,0.04471671007365144,-1.2239504580478915,0.11,1.564862689412685,-2.0375279915210247,-419.0996072346866,0.0,-0.004585265078431479,7.999998569662469,0.0,1.571369484969414,74.0,0.05579250869732978,0.05207610098033994,0.05876551500109933,0.1866057670027799,0.2574987080313561,0.044342398185552676,0.13165561696762676,0.12970485674588653,-35.87446730804131,0.08581211341023742
83.5,-1.990432997792027,81.73162241354633,5.196,0.0,8.42,-0.05,1.5646234388139582,-0.2936971269017436,0.00015760960474817164,0.0064078816102282644,-1.9795888703152544,-417.7835894878245,0.0,-0.07116736078377066,8.485308606815229,0.0,83.359,-0.08946802650836319,-0.6019962206800977,-5.011430898494607,1.5472681661625487,-0.07160352316045279,-0.7865102977476166,-4.915128293226804,0.08976297219229891,-0.8838458456287954,0.05,1.5588859112458417,-2.0379865180355314,-418.29960736609337,0.0,-0.00458526507846523,7.999998569662469,0.0,1.5713694849694182,84.0,0.057233072156541547,0.05227429895212986,0.05679863588212681,0.187752477548691,0.2580637364739966,0.04486522115499459,0.13222260572299713,0.13057790235954078,-35.8871614148113,0.08650260457542217
83.6,-1.9904331794001315,82.55271115981553,5.199,-0.01,8.12,0.01,1.563949221340243,-0.4279947333923017,0.02474230398435211,-0.013430130271244596,-1.9811035829629138,-416.9523247118144,0.0,-0.06258244071518865,8.175395975969575,0.0,83.491,-0.08530626420566065,-0.6790954734579573,-5.067590076565288,1.567852004204467,-0.084825160672932,-0.7921185025463848,-4.941322408310988,0.014765924784142634,-0.4559994630625859,-0.01,1.570174468256809,-2.0384450445500257,-417.4996074975001,0.0,-0.0045852650781206174,7.999998569662469,0.0,1.5713694849693751,89.0,0.05387762695818783,0.05140216667590785,0.05644048675507118,0.1854228773854209,0.25674937939170567,0.043453222908666156,0.13086247914843585,0.1280455682767127,-36.09075873829678,0.08503223583538756
83.7,-1.9904333587136414,83.36270411119179,5.197,-0.02,7.85,0.08,1.5634404668260855,-0.6001749846858031,-0.031780585898186955,0.01719345710528867,-1.9829724860262303,-416.15006306051316,0.0,-0.057995879074313465,7.903802741073883,0.0,83.557,-0.09891034909708979,-0.7117781590707721,-5.1011194590398,1.5602683402197999,-0.08501252870856393,-0.7862867905101782,-4.966577179030619,0.03412964922174601,-0.1123824237400628,-0.08,1.5689702306643007,-2.03890357106446,-416.6996076289067,0.0,-0.004585265076818253,7.999998569668154,0.0,1.571369484969212,103.0,0.06324555012703742,0.05592649421496004,0.05759311623644105,0.19078731906964314,0.2588917696427964,0.04699065564266345,0.13332373361556896,0.13385282857335493,-35.51339054559149,0.08794717712296429
83.802,-1.9904335274448641,84.13940954739769,5.189,-0.03,7.63,0.14,1.5660869926821928,-0.5592572822361959,-0.013235084409747338,0.01348309159863818,-1.9857956796807654,-415.21966611898085,0.0,-0.07726196925405862,7.63619265359213,0.0,83.623,-0.08991849523361597,-0.7283910442985575,-5.036915217517945,1.5615984422573883,-0.07876990093032582,-0.7597013362286186,-4.984811424200053,0.056439834060445435,0.16269590651629606,-0.14,1.567403440312231,-2.0394538028816043,-415.7396077865945,0.0,-0.00458526507504693,7.9999985696738385,0.0,1.57136948496899,97.0,0.07533949091554913,0.06392199474623929,0.059755917665647106,0.20041009982010574,0.26274470308133024,0.05218819675857144,0.13690492665166484,0.14399838392942618,-34.764088190000635,0.09346030348305051
83.902,-1.9995224355806656,84.91611497787281,5.174,-0.04,7.45,0.18,1.5670855756059776,-0.48107422393285165,0.0032544105352301555,0.004005376070406583,-1.9888269686905995,-414.4657804049262,0.0,-0.081058776118431,7.464411492870748,0.0,83.788,-0.0911890413652644,-0.6227737022196755,-5.1248434559555545,1.564728368877268,-0.07476595182022872,-0.5816974446385166,-5.028494457338024,0.09321824149689127,0.6440597152003127,-0.18,1.5642214463876405,-2.039912329395693,-414.9396079180003,0.0,-0.004585265073009744,7.999998569668156,0.0,1.5713694849687359,74.0,0.05573497083676107,0.05082726589848396,0.05779187988249401,0.18252155624151056,0.25527084319055626,0.042808199871449515,0.1300973271523304,0.12626487769769734,-36.01821402323289,0.08331613520033956
84.0,-1.99952259461514,85.65953289231851,5.154,-0.05,7.32,0.21,1.5667945221674184,-0.6543986492592418,0.022421162007440314,-0.00776557200644956,-1.992515087309365,-413.72653885304146,0.0,-0.07567545127208017,7.33949214041307,0.0,83.887,-0.08865089682085092,-0.4476085215599927,-5.118510002406521,1.5490707224213272,-0.06443299387827651,-0.40351563101684024,-5.06100088141036,0.1462782327582573,1.0221930495069973,-0.21,1.5592557213619598,87.24999999991246,5.182088941795248e-09,0.0,8.000000000006935,5.274049548901561e-10,0.0,6.592561936121236e-11,74.0,0.057585329531650756,0.05102184197604741,0.05814476487814062,0.18289523103794664,0.2555106890384553,0.042936785549670564,0.13021917973772615,0.12683709229286652,-35.9373690642155,0.08356530477554189
84.115,-2.0086115300067284,86.5804833607584,5.127,-0.05,7.24,0.22,1.56469972530869,-0.7658764922214525,0.04436985838171685,-0.025985462158148273,-1.9966761219751497,-412.99672711361416,0.0,-0.06115661203673948,7.272511824016376,0.0,84.019,-0.08360312138241878,-0.4421554606475485,-5.0915648726929685,1.538962239474243,-0.05556406759229588,-0.3236064119761146,-5.082996156831609,0.1840564140294873,1.068002059284737,-0.22,1.5546619083903954,-2.0408293824233517,-413.33960818080976,0.0,-0.004585265071275135,7.999998569685207,0.0,1.5713694849685178,96.0,0.07913928735897018,0.06380315182371009,0.06080821347270114,0.2001328116891492,0.26281310188670554,0.05237946338094803,0.1371908210235335,0.14472030620717027,-34.6178708461867,0.09335821670667285
84.201,-2.008611648396961,87.12417711238388,5.111,-0.05,7.24,0.22,1.5631166538831334,-0.5533145534700239,0.0568021077329781,-0.03059334234576221,-2.0009439064679313,-412.27033551743733,0.0,-0.044005009093916546,7.2648877297497725,0.0,84.118,-0.0808348801554747,-0.3185559067795414,-5.04225082259724,1.5473627471359774,-0.04773482199711729,-0.2077795219679699,-5.098519845630955,0.21507897535483278,1.1466647305893982,-0.22,1.5511153610966943,-2.041287908937083,-412.5396083122143,0.0,-0.004585265069619865,7.999998569679524,0.0,1.5713694849683113,83.0,0.06471629804164751,0.057666422139416175,0.059930619424595606,0.1918225667231254,0.2593005889009235,0.04713252479668628,0.13336664831097544,0.13514612490321967,-35.3432082909983,0.08848250391025758
84.301,-2.0177005457981707,87.85649921470156,5.09,-0.04,7.28,0.21,1.5602470050242285,-0.4245827039156227,0.053999778167347585,-0.03650531408740269,-2.0048162726478935,-411.5419230379892,0.0,-0.022971716873163545,7.30596822520266,0.0,84.184,-0.07191013938964252,-0.223711049546375,-5.051132118966137,1.5462109094851848,-0.035242052539113985,-0.08745657907710126,-5.114428595449816,0.21079034047201897,1.1615429089620983,-0.21,1.5505669630009309,-2.0417464354506123,-411.7396084436184,0.0,-0.004585265067002997,7.999998569685208,0.0,1.5713694849679838,78.0,0.05612942205579333,0.050181855357784855,0.05796549017641218,0.18265464952063404,0.2554957517633696,0.042400810589061505,0.13004672043330803,0.12637950707356221,-36.05685137003555,0.08344396267506973
84.4,-2.0177007042521495,88.58882131247827,5.07,-0.03,7.35,0.19,1.5576403290641045,-0.305414827239188,0.036623506591791644,-0.027733980017393023,-2.0072733851903233,-410.95485685026716,0.0,-0.007734634324678888,7.366444189998992,0.0,84.316,-0.07158713777242602,-0.12271380194199968,-5.006136707105029,1.5588616945212752,-0.0453609536297361,-0.012555468739904194,-5.11193444630057,0.13231953617054548,1.0624005705296522,-0.19,1.5586339850066655,-2.0421132566612163,-411.0996085487417,0.0,-0.0045852650643275076,7.9999985696908915,0.0,1.571369484967649,84.0,0.07477634349303157,0.059935639377334725,0.05913700816803438,0.196476132636425,0.26147563416349284,0.050166564771585244,0.1359555395557987,0.14065393906268076,-35.000195102326934,0.0912999662516471
84.5,-2.0177008642994068,89.33223919848069,5.053,-0.01,7.46,0.16,1.5565077346425988,-0.1409550943012243,-0.024181884914911345,0.008596477218030545,-2.009212800185554,-410.21286306656947,0.0,0.0005705473466330836,7.467003697504258,0.0,84.349,-0.06917736174131943,-0.12070061400573494,-4.985769996875035,1.5450705708906858,-0.034849975119591176,0.06265616799757918,-5.1172967077747735,0.1378086369506668,0.9394298627881712,-0.16,1.555581154306183,-2.042571783174159,-410.2996086801457,0.0,-0.004585265060765912,7.999998569690893,0.0,1.5713694849672037,111.0,0.06637093915501485,0.05641257439684794,0.058172591873831996,0.19150619831067323,0.2593179616817754,0.04712046995071245,0.13369312295990743,0.13498614961706457,-35.42945339621249,0.08839826929245831
84.6,-2.0267897707013667,90.08675287128449,5.039,0.0,7.57,0.13,1.5571739012983181,-0.02841861004260967,-0.014880538781943361,-8.923614817187356e-05,-2.0098835463212437,-409.45989021761307,0.0,-0.004539046027020879,7.582274959034255,0.0,84.481,-0.06161728150412577,0.00222919354166066,-4.931793336543416,1.5592985764891425,-0.04309782045792629,0.1189355198978185,-5.106194108118892,0.07199036514962984,0.7975266844070301,-0.13,1.5621929973190483,-2.043030309686801,-409.49960881154993,0.0,-0.00458526505925216,7.999998569696577,0.0,1.5713694849670141,80.0,0.05995214981710868,0.052689497342273406,0.05848810463463513,0.1847851344477506,0.2561801156752969,0.043474377796637625,0.13057603222994385,0.1285052210796284,-35.7678647793895,0.08448426085974323
84.7,-2.017701195752249,90.85236247809672,5.027,0.0,7.69,0.1,1.5579350293290357,0.048062195657516425,-0.042109716672163275,0.024430947010924534,-2.0093684433721055,-408.5408303370554,0.0,-0.014268599883854895,7.723074794856613,0.0,84.514,-0.0566113631035785,0.04415032530192123,-4.911603023654293,1.5539900254280439,-0.03360545960956556,0.19751299471583186,-5.095029524576859,0.09247642862293938,0.7178090706204019,-0.1,1.5597978967641777,-2.043488836199347,-408.69960894295394,0.0,-0.0045852650582186155,7.999998569690892,0.0,1.5713694849668853,106.0,0.07676374609127347,0.06117494721895793,0.0596210081033923,0.19707796617913018,0.26160510759818345,0.05076966679040211,0.1361861222574069,0.14159088752474994,-34.867990545594715,0.09160705205829012
84.8,-2.0177013668232924,91.62906787276428,5.018,0.01,7.81,0.08,1.559129066826079,0.03538892924216992,-0.01072639967073219,0.00613505948377026,-2.0084927504925485,-407.9188650093723,0.0,-0.021015244029682325,7.813966575632011,0.0,84.679,-0.05600962062105784,0.10503425174479093,-4.915263344601846,1.5441148393239768,-0.0297534270166132,0.19831969857509535,-5.0624687144787295,0.12289332236954474,0.5017294629220848,-0.08,1.5548090403277597,-2.0439473627118185,-407.89960907435784,0.0,-0.0045852650579894655,7.9999985696908915,0.0,1.5713694849668567,101.0,0.060803029741356436,0.05266390618201816,0.057458653686096234,0.1861972830184701,0.25714293089747986,0.044576165393403075,0.1317160116783075,0.12990004969112184,-35.77853380079503,0.08549043734107784
84.9,-2.0177015403403615,92.41686905815965,5.009,0.02,7.91,0.05,1.558861669213746,0.14723711808591805,0.006093704019036691,-0.014493192120623367,-2.007023190101367,-407.1314628942492,0.0,-0.019734880472627288,7.921738017353204,0.0,84.811,-0.05824138950416815,0.1530156760716334,-4.898420897216324,1.5460476788729456,-0.03798230313013666,0.1941385255563689,-5.034800637051223,0.08884035163907897,0.3235649832304208,-0.05,1.5575779927237132,-2.044405889224314,-407.09960920576157,0.0,-0.004585265058941593,7.999998569690892,0.0,1.5713694849669757,89.0,0.063055775707035,0.05426088645278893,0.05818165253549518,0.1877844021550128,0.257702590513621,0.0453978558303681,0.13212729883138652,0.13149757460103945,-35.59630730063228,0.08630489870431206
85.0,-2.017701719475127,93.21576618002439,5.002,0.02,8.01,0.03,1.5579825379562118,0.1850874756504968,-0.014076489189907457,-0.0011996618849251495,-2.005167452201358,-406.3338636572132,0.0,-0.013774145104691245,8.017854681195276,0.0,84.91,-0.05935647924855787,0.16102868090704187,-4.950779549962939,1.5507780947131204,-0.04217707856402132,0.1901016877377989,-5.018260864298798,0.10120135079246569,0.17406409404347833,-0.03,1.555987976082262,-2.044864415736854,-406.29960933716495,0.0,-0.004585265058458726,7.999998569719313,0.0,1.5713694849669133,90.0,0.059723825529788874,0.05267089127124013,0.056990722567970296,0.1864863703815394,0.25731327455016595,0.04464693069814946,0.13179670340712274,0.129940107629599,-35.83528055376124,0.08568889615978353
85.102,-2.017701895719963,94.01466315209834,4.998,0.03,8.08,0.01,1.5575738410141804,0.18743811958814452,-0.010667569827832011,-0.008295389823612215,-2.0029726439093305,-405.52761892241244,0.0,-0.011438802638200426,8.096170522033427,0.0,84.976,-0.05413064340706548,0.15059575984052945,-4.938672325282203,1.5890057254129701,-0.05409480399211911,0.18487869620789008,-5.012041241358855,-0.019056241206738454,0.07707510103183957,-0.01,1.5694546997911492,-2.045322942249397,-405.4996094685678,0.0,-0.0045852650594665105,7.9999985697079445,0.0,1.57136948496704,84.0,0.05939499317926867,0.05264066492484822,0.05632183226170733,0.18669120590945412,0.257407462566933,0.04467180310637188,0.13182813712743816,0.12995738948814972,-35.88085922826928,0.08581287668633818
85.2,-2.017702077015386,94.82465606425814,4.996,0.03,8.14,0.0,1.5589602906864624,0.1542378594125632,-0.04718918913721479,0.044435740197443264,-2.0006082986227107,-404.7145514123702,0.0,-0.023697475244100766,8.15627183826817,0.0,85.108,-0.06373776208452966,0.14115331930910507,-4.8338927812495545,1.5609112566401706,-0.0551397920223024,0.16442434658291713,-4.9807284558125655,0.021470878408046436,-0.02941673050418281,-0.0,1.5644502742676838,-2.045781468762012,-404.69960959997115,0.0,-0.00458526505883353,7.999998569685208,0.0,1.5713694849669626,73.0,0.052508179077606146,0.04847546587474461,0.05555478372099335,0.18018161112515801,0.25439453766590236,0.04103267089811708,0.12883563197890896,0.12365760758644978,-36.362250128028776,0.08215338231836883
85.3,-2.017702258759833,95.63464897468965,4.998,0.02,8.19,-0.01,1.561937063061867,0.14041532627646425,-0.019279005030912087,0.015986124983057397,-1.9984402016564942,-403.8963490354643,0.0,-0.04897348162227151,8.200450893010052,0.0,85.207,-0.06797661251419272,0.09811448861453823,-4.902020758873563,1.565218667043197,-0.06095624963422528,0.10111140406413857,-4.958232724588031,0.02576241372044866,-0.19479587515181063,0.01,1.5650726562953012,-2.0462399952745374,-403.89960973137323,0.0,-0.004585265058252669,7.999998569719313,0.0,1.5713694849668876,93.0,0.06086683185164851,0.05379810060902737,0.057105559580142025,0.18710283488819002,0.25733363627394035,0.045116191575684285,0.13187404267566868,0.13051435683884088,-35.72867496985196,0.08589877871748934
85.4,-2.00861369490001,96.4446420377198,5.002,0.02,8.21,-0.01,1.5628434401613216,0.19559551484771298,-0.012586735483321261,0.007174274982299657,-1.9968180005428895,-403.0745366178301,0.0,-0.05776287548002221,8.22943522670582,0.0,85.306,-0.05986714557585881,0.09565741650381358,-4.853479181547272,1.555643824013457,-0.04717994032788905,0.06632289536565789,-4.9365840932307155,0.11863140171329768,-0.24879737770696853,0.01,1.5533847121630917,-2.046698521787032,-403.09960986277457,0.0,-0.004585265058220695,7.999998569719313,0.0,1.5713694849668836,94.0,0.05857628473573851,0.05244540506030411,0.056245392598031234,0.1859372933315811,0.2569841597996197,0.04456184948302453,0.13166816843607024,0.12928104628193632,-35.899117030301205,0.08534547826897179
85.5,-2.008613877593362,97.26573074248316,5.006,0.01,8.22,-0.02,1.5619640201937892,0.17177324391924137,0.026778129607193068,-0.03454869413350806,-1.9958358923734898,-402.2507452692868,0.0,-0.05031727346192979,8.241653225518855,0.0,85.405,-0.08138554661993325,0.05200065264428245,-4.9183667086979765,1.5410714337755194,-0.04804444040482001,0.02540104959771316,-4.936755297828892,0.1635439685589617,-0.29785938353879793,0.02,1.5488936334733487,-2.04715704829954,-402.2996099941763,0.0,-0.0045852650584889245,7.999998569719313,0.0,1.571369484966917,95.0,0.05710596790818897,0.05122950438033771,0.05543382350805498,0.184588787789662,0.2564413830450865,0.04380341270432497,0.13114634547000592,0.12791176888892558,-36.040954978153295,0.08462901120010932
85.6,-2.008614058763179,98.07572365061503,5.009,0.01,8.22,-0.02,1.558377385200236,0.15519718207969338,0.03231630186209322,-0.04085492100627082,-1.9952692306873432,-401.42664553674206,0.0,-0.021268350110504812,8.237986985622705,0.0,85.504,-0.08545009753488247,0.012307046687546277,-4.9011628187120175,1.5384253179789238,-0.04177883165631749,-0.01916015241619387,-4.922839844199933,0.21933890509498744,-0.3392561171981274,0.02,1.5417033628994037,-2.0476155748121134,-401.4996101255779,0.0,-0.004585265060096527,7.999998569719312,0.0,1.571369484967118,96.0,0.057235560679029,0.051332940098740155,0.05491434325550815,0.18488515316368598,0.2565755774889684,0.04394942470517004,0.13129122494093423,0.1281090497431711,-36.04953882434471,0.08479970776347046
85.7,-2.008614245061114,98.89681250696542,5.013,0.01,8.2,-0.02,1.5542875538256504,0.14498642611264662,0.04319519225922702,-0.05128557010980024,-1.9946706748868204,-400.6037126107152,0.0,0.011989956507631409,8.220326282938977,0.0,85.636,-0.07931022167110414,-0.022370462339647325,-4.9462236948078635,1.5405247259666133,-0.04564333520952736,-0.05059191109266053,-4.9234751540875195,0.17295202276476632,-0.327011877532982,0.02,1.5475625686450185,-2.0480741013248305,-400.69961025697916,0.0,-0.004585265061053984,7.999998569719312,0.0,1.5713694849672377,64.0,0.07484613435312414,0.06169344960051726,0.05717709045717973,0.1983440073812801,0.2621723475203876,0.051524798726299836,0.1367182702385754,0.14209862059359601,-34.97027087299508,0.09242537829856726
85.8,-2.008614428689455,99.71790120819894,5.016,0.02,8.17,-0.01,1.5505074067648987,0.09783103765818016,-0.002810283013004345,-0.021071912497299325,-1.9935587354801243,-399.78321961591973,0.0,0.04144561649002897,8.190635228917166,0.0,85.669,-0.0828899057642165,-0.016383078971159475,-4.842878450248737,1.5749989325410507,-0.06162218000051467,-0.0692442816565165,-4.911788594699361,0.04222324032737888,-0.28051104676138383,0.01,1.5629096372262457,-2.0485326278376528,-399.89961038838044,0.0,-0.004585265062324081,7.999998569719314,0.0,1.5713694849673965,91.0,0.057577756229750386,0.05173734919649085,0.05583415042669125,0.18432166643971792,0.2561376396039118,0.043916666549690724,0.1310310270802447,0.12778817446772114,-35.97054304359018,0.08437463102309184
85.9,-2.008614609762013,100.52789411546694,5.019,0.02,8.13,-0.01,1.5520206252720694,0.036446335295367525,-0.05248659847318539,0.04839922493194487,-1.9917284403181978,-398.9661555117785,0.0,0.027197077082853016,8.153219935815486,0.0,85.834,-0.0900180633176535,-0.0803740912225659,-4.8561992181502704,1.5449513760138998,-0.0655099109162359,-0.09569281485469924,-4.904720018400631,0.10077421531056067,-0.2531224910058105,0.01,1.5554647754150221,-2.048991051245447,-399.0957324070866,0.0,-0.004671582523651931,8.179015733708837,0.0,1.571367493567005,66.0,0.06251095135265314,0.054341339825275344,0.057240576736830265,0.18733679021835392,0.25735546941666587,0.04590896952217468,0.1323459738741603,0.13108708476946065,-35.61766410978307,0.08599198418319695
86.0,-2.0086147930476344,101.33788718163817,5.02,0.03,8.09,0.0,1.5552045656975846,0.016966754943290224,-0.01926538452747812,0.005896746652392707,-1.989446671866855,-398.15308025187454,0.0,0.0015652499264899,8.112030250112547,0.0,85.933,-0.09032887915348087,-0.06517379098135131,-4.913256578197357,1.5399304405484193,-0.06608108486990222,-0.09703294561038922,-4.905819547347868,0.10947107254302516,-0.17423326643104442,-0.0,1.5531787481946027,-2.0495527968090506,-398.2375142371859,0.0,-0.005995939264926896,9.034663270422508,0.0,1.571459986104067,67.0,0.07196484730141155,0.05989262971319257,0.05859019668907023,0.19489709664565616,0.26059873086206753,0.050031826287968324,0.13540996034297745,0.13893449529876373,-35.04075287191818,0.09031851378743438
86.1,-1.9995262157101017,102.14787992952148,5.019,0.03,8.05,0.01,1.555136107900415,-0.03508215921823519,-0.007617004554878376,-0.005989365576350436,-1.9870389994244362,-397.3441943379572,0.0,0.001782809185366158,8.070034188210672,0.0,86.032,-0.07953643338058655,0.03991877394455158,-4.895686503901692,1.5592210532837394,-0.07501477223494094,-0.026426376803375,-4.911113160723907,0.03636536770503371,0.048393311719857834,-0.01,1.5626016294521037,-2.0503207876151697,-397.08037446358003,0.0,-0.006637199451295105,9.99991230063553,0.0,1.5714600524633948,68.0,0.05738790988506562,0.05121332372491256,0.056509535468132206,0.18408110985434512,0.2562043289171274,0.04380795299391849,0.13109363048618838,0.12774069418740294,-35.9701685222025,0.08433871973831542
86.2,-1.9995263932276863,102.9467770413244,5.017,0.02,8.01,0.02,1.556126723126743,-0.1683911855046693,-0.03332896423782492,0.031679318002763565,-1.9846930397310385,-396.5392852860872,0.0,-0.007198866960895455,8.033272620457327,0.0,86.131,-0.08828715296671463,0.2436735112611614,-4.8692891434930035,1.561567239095624,-0.07719220195450653,0.14867886673977532,-4.907027572913213,0.05024841152244973,0.4659119095758264,-0.02,1.562508510232014,-2.0508517653127387,-396.2803790979099,0.0,-0.006637230735017618,9.999959435131984,0.0,1.571460052463329,69.0,0.056335982796351304,0.04989009899940221,0.05518877368370817,0.18321692594380046,0.2559692303238619,0.04302399980954405,0.1307220656492704,0.12673657750862263,-36.1596264163484,0.08395234912180319
86.3,-1.9995265707169239,103.74567415186189,5.013,0.02,7.99,0.03,1.5587547366183738,-0.474156369318447,-0.012708676538174911,0.02101493591144095,-1.9826732179678797,-395.73724476957756,0.0,-0.028242179629908715,8.0142215647725,0.0,86.23,-0.08806436865259228,0.439627538725904,-4.879088152944595,1.5523016801486709,-0.07658707944885439,0.34499935302778684,-4.907108002062307,0.0536527696961719,0.8514275171028256,-0.03,1.5624661034352747,-2.0515154895111527,-395.2803816075672,0.0,-0.006637246799889309,9.999983640269372,0.0,1.571460052463259,70.0,0.0732493340933994,0.05906345502889789,0.05724836305535741,0.19512907161267676,0.2609029523316958,0.049579476304115876,0.1353849086634937,0.13906423482582828,-35.168193791781874,0.09057528384278285
86.4,-1.9995267450592067,104.54457109673338,5.008,0.01,8.01,0.06,1.5603275346246104,-0.7084771800409555,0.0010483136151161398,0.013141070061306766,-1.9812577986282394,-394.93531599452245,0.0,-0.04067903571995621,8.030885372830877,0.0,86.263,-0.0814076943173752,0.48844269278325997,-4.909994966519415,1.5624454818665108,-0.07232294988307078,0.54682373937968,-4.912613296099318,0.056273186393652745,1.1292123495196282,-0.06,1.5635449333216713,-2.052179214610535,-394.2803826658244,0.0,-0.006637252679968764,9.999992500128648,0.0,1.5714600524632152,97.0,0.062424918146938756,0.05233256591115716,0.05632682970768537,0.18536079364719488,0.25660789916643895,0.044085981201678205,0.13123154734435524,0.12917981009845592,-35.86924248669884,0.08495626697490383
86.5,-1.9995269217088598,105.35456383126711,4.999,0.0,8.09,0.08,1.5615419848498444,-0.7698540115556107,0.006431234108707512,0.013028100723074849,-1.9806140210460332,-394.1286348186134,0.0,-0.050385167870085415,8.105260602487819,0.0,86.428,-0.08988288690118179,0.9256427815067757,-4.927949916992457,1.5395680951027773,-0.07479666205785676,0.8977705438813959,-4.9239252515907985,0.09139682240776849,1.6298490639585612,-0.08,1.5613934926329767,-2.052842940039749,-393.28038319282217,0.0,-0.006637254834858918,9.999995743119436,0.0,1.5714600524634585,72.0,0.06758690041608438,0.054134099906464346,0.05734141000086222,0.18722904415298655,0.2573143380214438,0.045030535476056385,0.1318133460656303,0.13145441803355656,-35.603340457448994,0.08593233737061867
86.6,-1.9995271020158896,106.16455672949655,4.99,0.0,8.24,0.1,1.5621350138124563,-0.8948603776507617,0.03343927261465711,-0.006364024594224468,-1.9808092911756088,-393.3108637787492,0.0,-0.05540378115903868,8.249303253232979,0.0,86.461,-0.0960114437833577,0.9402899177286895,-4.940312671024807,1.5535248235232912,-0.07356207679788287,1.1091803259036501,-4.934927956018292,0.08335432627626002,1.7017298262755727,-0.1,1.5624122352284742,-2.0536394107064893,-392.08038358121894,0.0,-0.006637255705371776,9.99999705496885,0.0,1.571460052463439,101.0,0.06747219262114056,0.05495285672178684,0.05773966317586738,0.1884830748874263,0.2579075950919495,0.045292332268561566,0.1321775745696222,0.1324706856492181,-35.61920768129898,0.08666584213719103
86.7,-1.999527283990215,106.9967410437469,4.981,0.0,8.46,0.11,1.5624880176645257,-0.8271006913828689,0.024114401378788765,0.0010541979793465498,-1.9818038841639052,-392.4744500375357,0.0,-0.05920531513656962,8.471783185159854,0.0,86.626,-0.07969712322020095,1.2656386506594406,-4.821154800528271,1.5384464086224408,-0.05723939781198773,1.3595071191978532,-4.933196017800331,0.1798035418635485,1.7810785691869757,-0.11,1.553241040096724,-2.054170391184153,-391.2803837867235,0.0,-0.006637255911004467,9.999997364657467,0.0,1.5714600524634474,74.0,0.08817075556472777,0.06470831242803468,0.06025286475555824,0.20084013388281421,0.26296604510497207,0.05171853978367201,0.1366954041508305,0.14643999667492177,-34.62299933940598,0.09376630686839191
86.8,-1.9995274733187216,107.86221273475812,4.972,0.0,8.78,0.09,1.5624005003508665,-0.6423540072177364,0.07565993216380563,-0.058578453479576256,-1.9834525629158468,-391.61083211283733,0.0,-0.05911311136344157,8.781741702843204,0.0,86.692,-0.07775784898683744,1.464965726914896,-4.8857111144534615,1.5695150721043134,-0.06259357989961788,1.62785182341458,-4.936635612947363,0.08135267655083125,1.8056009877092691,-0.09,1.5631112577026294,-2.054834116794681,-390.2803840220318,0.0,-0.006637256017459709,9.999997523699662,0.0,1.571460052463537,71.0,0.06331953442027434,0.05104368044597925,0.05838717284707599,0.18246606002974025,0.2552824352936401,0.041851592520087376,0.12953910498059157,0.12701880305361435,-35.922656818806246,0.08331479309599474
86.9,-1.9995276746361732,108.78316338634741,4.965,0.0,9.17,0.06,1.560817256630633,-0.465268261248941,0.017210879736686273,0.019905195694988373,-1.9853874710079131,-390.7121843067877,0.0,-0.04722379484944963,9.163082169667426,0.0,86.758,-0.08283049153707503,1.4475777485123225,-4.83317345684706,1.5566510963430464,-0.06279628000897935,1.756643858575574,-4.935069434883522,0.06752077861094705,1.4950488419477157,-0.06,1.5644653781503046,-2.0554978424112016,-389.28038424780345,0.0,-0.006637256056581462,9.999997581913005,0.0,1.5714600524635853,102.0,0.08027327375887111,0.058874973955025174,0.060143643678814925,0.19339395306316526,0.26000242980764743,0.04774570890862792,0.13396476521413797,0.13875601453848074,-35.0479877465476,0.08945334613096798
87.0,-1.9995278842090727,109.72630579234794,4.961,0.0,9.61,0.02,1.5627562925827245,-0.1301467585971006,-0.015475971456702105,0.010241495880311556,-1.987869074744662,-389.57918526812284,0.0,-0.07061954396549612,9.68398694487261,0.0,86.824,-0.06801240382130994,1.5897352038389163,-4.720073721127036,1.560632594213366,-0.05304902195398972,1.8614708932958743,-4.917446854673205,0.08035509545837496,1.1501108821286206,-0.02,1.563328596897644,-2.056294313153685,-388.0803845143494,0.0,-0.00663725607069801,9.999997605463232,0.0,1.571460052463434,96.0,0.09198545763933721,0.06404422716626901,0.061542575850276615,0.1999856763945737,0.26267894270624015,0.050983411581836315,0.13619303951899642,0.14649282606693922,-34.52718073002473,0.09327713196650592
87.1,-1.9995280979972634,110.70273540204903,4.959,0.0,10.06,-0.01,1.5634846464407184,0.10564371008454637,-0.006279112055541111,0.00498064418534879,-1.9902905740710948,-388.5861933036086,0.0,-0.07946333984236749,10.129686386708464,0.0,86.989,-0.06838732191237638,1.827586407858119,-4.738581173596951,1.555113564606834,-0.05216331934929993,1.9083209500842935,-4.878225122103464,0.09649128688634892,0.7578006509473827,0.01,1.5618768864065542,-2.056958038773092,-387.08038473521873,0.0,-0.006637256074578091,9.999997611841064,0.0,1.5714600524633986,91.0,0.06336798595395955,0.050158068023486435,0.05842184199901039,0.18243331498771873,0.2554864903119156,0.04150338165679945,0.1294802712546931,0.12698737753671485,-35.96144755763286,0.08341972444332835
87.202,-1.9995283281043577,111.72354853058161,4.961,0.01,10.48,-0.04,1.5636816844951849,0.27206163418089085,0.0005924257533801544,-0.006632663550758207,-1.9931647848927159,-387.5494494722978,0.0,-0.0847388364872254,10.557712615566611,0.0,87.055,-0.06331924559780922,1.8672494626492284,-4.726483589927134,1.545897066697304,-0.03506691921919537,1.9738435276349542,-4.85713887345158,0.1479279572479739,0.4853953122895369,0.04,1.5563949272559614,-2.0576217643926733,-386.0803849557057,0.0,-0.006637256074896382,9.999997614177328,0.0,1.5714600524632754,105.0,0.07885887586192614,0.056599389983286626,0.059498349566015546,0.19152052005600023,0.25938926690382585,0.04660120773000071,0.1332527488111436,0.13685313586481204,-35.20928779398401,0.08847467697144872
87.3,-1.9995285650767123,112.78874465542054,4.966,0.01,10.88,-0.06,1.5625211820614078,0.2717672354500887,0.02249655841433914,-0.02736500568852799,-1.996371028684406,-386.47149154520537,0.0,-0.0726127215706063,10.955438615701173,0.0,87.187,-0.06350828486996324,1.7817750688265237,-4.673745037643523,1.546763760854034,-0.033440275083367936,1.8691616435247893,-4.813666206686149,0.1704803690914058,-0.05431431140380205,0.06,1.554126375695221,-2.058285490012209,-385.08038517605235,0.0,-0.0066372560747229,9.99999761502998,0.0,1.5714600524632014,93.0,0.06389168268804149,0.050449241304498155,0.05740557685859853,0.18366631744302736,0.25606457659184134,0.04183171596407352,0.12977748113097123,0.1278171439368177,-35.987475700650606,0.08411982173872677
87.4,-1.9995288120406123,113.88722833487923,4.974,0.01,11.25,-0.08,1.5611627502974608,0.38341508699991167,0.02696201525649985,-0.029869066437257674,-1.9989617810371663,-385.5816821718845,0.0,-0.0626721318950758,11.247679417799365,0.0,87.286,-0.061377629788742,1.5728760834500384,-4.752681365348007,1.5401218832787724,-0.027406183490868444,1.652865128931241,-4.7992969639210585,0.1841907212703947,-0.712746705359967,0.08,1.5523694430342534,-2.0588164705078302,-384.28038535229086,0.0,-0.006637256074690834,9.999997615302828,0.0,1.57146005246318,74.0,0.06662564076961562,0.05304048026946807,0.058540626983669755,0.18610152359088564,0.2568572943842596,0.04281567254267529,0.13025919831702992,0.13008936088554693,-35.71941301979852,0.08530349379748821
87.5,-1.9995290693393173,115.03009518995012,4.985,0.02,11.57,-0.1,1.558848480754767,0.7407105788493159,0.022953982427766827,-0.03949845750459419,-2.001870172820712,-384.43847705024075,0.0,-0.03758039041889485,11.573627043137103,0.0,87.319,-0.06465662216387294,1.6744815408127964,-4.75153034157043,1.5438771870075103,-0.016737197468209484,1.547333534854382,-4.784909024597495,0.18760038035053955,-0.9834359029441817,0.1,1.5511890421196655,-2.059480196127378,-383.28038557257025,0.0,-0.0066372560753238385,9.999997615433568,0.0,1.5714600524632347,101.0,0.0917496422028638,0.06341117364620345,0.06042138846448575,0.2000952538012297,0.26278343076864863,0.05122072520662175,0.1364794139280908,0.14643315316868585,-34.593175062136375,0.09337317331095238
87.6,-1.9995293285702864,116.18405783854331,4.999,0.04,11.82,-0.13,1.556760369860802,0.7348655779042427,0.02475045281401368,-0.031784761389425806,-2.0039542809571453,-383.26601565434544,0.0,-0.012261443923932289,11.837092781262704,0.0,87.484,-0.06703011327769859,1.4205474045230007,-4.775655175385697,1.557711015322242,-0.05099635816549601,1.2856818962384489,-4.77339088733121,0.02676994913727391,-1.438222415163965,0.13,1.5643649591414601,-2.0601439217469637,-382.280385792841,0.0,-0.006637256075123979,9.999997615490411,0.0,1.571460052463211,76.0,0.0676194311394815,0.05605626254224266,0.05987934683682306,0.1890697965499521,0.25792150602170477,0.044085238949207003,0.13107360018377298,0.1326949164097253,-35.515972104067345,0.0868354578045642
87.7,-1.9995295988292021,117.37130805228597,5.015,0.05,12.0,-0.16,1.5567073384907582,0.9994360956204038,-0.06745227310021543,0.020138524744834185,-2.004864470631498,-382.07135054053947,0.0,-0.010253982819564978,12.023420341466073,0.0,87.616,-0.059363706610955025,1.1111697711906163,-4.940224764206307,1.5865635738262096,-0.05232462706635969,0.9508225304483958,-4.7809912161548755,0.029042724973462886,-1.9218258029887743,0.16,1.562953526819898,-2.060807647366517,-381.28038601311016,0.0,-0.006637256074337941,9.999997615490413,0.0,1.5714600524631324,84.0,0.0645932159972965,0.05241675669688593,0.05973475258418872,0.18404737797674264,0.2558625315450782,0.042362648422030295,0.12980356886383101,0.12847067346167415,-35.7245317950484,0.08410068816916969
87.8,-1.9995298715508127,118.56965406473137,5.033,0.05,12.08,-0.21,1.559151895405028,1.382417907636406,-0.050352050125863544,0.009970954058684776,-2.004854936711518,-380.86267961489557,0.0,-0.03763945060096013,12.120716695713318,0.0,87.715,-0.07168860297109576,0.8887943037919233,-4.978754677854079,1.540023333938052,-0.057778345147285345,0.7274582384572967,-4.775376689396875,0.029521980125557262,-2.0196977134432856,0.21,1.5628919595401394,-2.0614713729859955,-380.2803862333784,0.0,-0.006637256073689786,9.999997615507464,0.0,1.5714600524630664,85.0,0.09040850279090232,0.06457645840573895,0.06204698535535455,0.20073536454375332,0.26297951872913883,0.051813747495941524,0.13683063840983656,0.14705384663554794,-34.484891649945645,0.09371113192969927
87.9,-1.9995301441015307,119.76800008176562,5.056,0.05,12.06,-0.26,1.5604509153079729,1.2632438935943384,-0.03554698304680926,0.004855013721874538,-2.0044307572165976,-379.6501669744453,0.0,-0.05224741236993711,12.108931194572639,0.0,87.781,-0.07201711263285121,0.6616501095048442,-5.021999530437548,1.5572448910628933,-0.06457447323056423,0.4708088920851017,-4.769645678354843,0.0055382334342564815,-2.077888652568502,0.26,1.565232608014503,-2.0621350986054297,-379.2803864536456,0.0,-0.006637256073475956,9.999997615513148,0.0,1.5714600524630447,79.0,0.06846457421951052,0.05967016761896427,0.06215997000240943,0.19310919001084065,0.2595694920292765,0.04550743123681744,0.13203939362481992,0.136284596922998,-35.24414668307773,0.08908545945895012
88.0,-1.9995304198039108,120.96634629510885,5.083,0.04,11.93,-0.3,1.5618461417641976,1.0375378130281652,-0.040267258144671796,0.007227293277126426,-2.0039224375264095,-378.4451421246114,0.0,-0.06605976904720531,11.985646785559418,0.0,87.913,-0.07659923568797002,0.37162629632486566,-4.929457537404476,1.5642142453111958,-0.0676647995718995,0.17388147805918233,-4.7690768924359315,0.022073552095340114,-2.110154307208987,0.3,1.5644751760071447,-2.0627988242248465,-378.280386673912,0.0,-0.006637256073618949,9.999997615524517,0.0,1.5714600524630582,87.0,0.07542838780319763,0.06308577351001843,0.06370065038085476,0.19704450091028725,0.26114124859044513,0.04790894603754766,0.13374234394107046,0.14093059809253192,-34.847775306557395,0.09132385313381927
88.1,-1.9995306905292054,122.14250093231365,5.112,0.03,11.7,-0.31,1.563163470537637,0.890404574250869,-0.017407444623892605,0.003649654003190567,-2.003576110149514,-377.257875030382,0.0,-0.07921734930379683,11.766667810769544,0.0,88.012,-0.07942372862091941,0.18433282373714244,-4.938926576652414,1.5589568888268661,-0.07313152405882715,-0.017933547163722988,-4.754084543987906,0.013336678776619065,-1.856655262795183,0.31,1.566393717729031,-2.0634625498442123,-377.2803868941781,0.0,-0.006637256072170334,9.99999761551315,0.0,1.571460052462914,88.0,0.09622828752643038,0.07077548433473338,0.06536207314302855,0.20742046731450695,0.2655097282780086,0.05447299598143732,0.13849943651134045,0.154209320385023,-34.025064452989234,0.09766531902434702
88.2,-1.9995309540150714,123.28536819776916,5.142,0.02,11.41,-0.28,1.5644178731043377,0.3796682348925283,-0.0238089188088436,0.0066216272569098195,-2.003554534569438,-376.09659007852594,0.0,-0.09023377802852808,11.478807251979779,0.0,88.111,-0.07842548347197349,-0.16051856947525855,-4.939449707475339,1.5667640130814382,-0.07459467000252662,-0.33402016048001537,-4.767609222466934,0.03341911464034655,-1.8387043574618964,0.28,1.5652152057027142,-2.064126275463498,-376.2803871144453,0.0,-0.006637256071919207,9.999997615496095,0.0,1.5714600524628901,89.0,0.06743736569881686,0.054708881934068344,0.06199764475610315,0.18809662393770807,0.2579001569558029,0.04463011776997318,0.1316023591160202,0.1325884272418307,-35.42126388834336,0.08649473230669236
88.3,-1.999531209650037,124.40604369098972,5.168,0.01,11.08,-0.23,1.5651148562927286,0.0,0.0,0.0,-2.0039533362524664,-374.9661330946763,0.0,-0.09512206643712508,11.1562961288497,0.0,88.177,-0.09757355566338705,-0.3389970024251164,-5.0262676298024385,1.5441830834789863,-0.07397600344516184,-0.5495262198429729,-4.770156884019638,0.0744742119003451,-1.6980478422840903,0.24,1.5618782103399451,-2.064790001082742,-375.2803873347119,0.0,-0.006637256072009794,9.999997615518835,0.0,1.5714600524628977,83.0,0.06560043372216094,0.05373947699697352,0.06004877682640608,0.1886682972489184,0.25839892646864965,0.04468710865034236,0.13189117264212366,0.13255515457819023,-35.59232518884892,0.08697127174800423
88.4,-1.9995314547876362,125.48233601641495,5.189,0.0,10.74,-0.17,1.5648606215280036,0.1542647323796733,0.025103927963562464,-0.003420356805194879,-2.0047714123660825,-373.8694758193252,0.0,-0.0889525327776618,10.807459444809092,0.0,88.309,-0.08914882794752296,-0.4936440943542116,-4.960984202382427,1.5546331401141305,-0.06820135530075648,-0.6020267543319799,-4.796528279672543,0.12870240227613536,-1.1011599741545943,0.17,1.5574446419425532,-2.0654537267019792,-374.28038755497795,0.0,-0.006637256071634535,9.99999761551883,0.0,1.5714600524628601,91.0,0.06898999875686226,0.054648339657098206,0.06008543442275134,0.18931697114988608,0.2584516272663665,0.04499929791136835,0.13188041150444182,0.13341185933861682,-35.448317886502764,0.08720548301360204
88.5,-1.999531695368276,126.53643676158892,5.203,0.0,10.39,-0.09,1.5631185141999762,-0.5384421469780035,0.04264089277215205,-0.008951780629019692,-2.0058183258323905,-372.8081836425309,0.0,-0.06770682692038137,10.457186351419452,0.0,88.375,-0.09515449949497064,-0.5946460079491878,-5.028613156058465,1.5399291238803314,-0.057597322404833715,-0.7160265218700959,-4.813820057032327,0.17412575567110739,-0.8036779103222091,0.09,1.552634344748616,-2.066117452321304,-373.28038777524364,0.0,-0.006637256073343614,9.999997615524517,0.0,1.5714600524630307,85.0,0.06431194005661434,0.05187577777449152,0.05779317411915159,0.1864941112759999,0.25736005713767646,0.04367768000876329,0.1311620042876074,0.13029263657854395,-35.80418067657365,0.08570648765187072
88.6,-1.99953192216217,127.5572497296336,5.207,0.0,10.08,0.0,1.5607768456127982,-0.6194553279234113,0.05242879807363063,-0.017780144441825706,-2.006780424744874,-371.78003064473415,0.0,-0.04162849810481342,10.14517030542633,0.0,88.474,-0.08812401009095878,-0.5090148560890064,-5.0000360787669065,1.5626268028445174,-0.06528579256698851,-0.6781067155978251,-4.826837359459358,0.09752148276169008,-0.29244482110913594,-0.0,1.5608328319351372,-2.066781177940732,-372.280387995508,0.0,-0.006637256073796133,9.999997615547255,0.0,1.5714600524630744,106.0,0.07253319169448513,0.05781531595551641,0.0595812649827001,0.19308021590630492,0.25981925736992395,0.04664510972555663,0.13303030653771422,0.13681244678687537,-35.257590714642504,0.0892228581443943
88.7,-1.9995321439584117,128.55587111061183,5.2,0.0,9.83,0.08,1.5600068746742346,-0.7551975640285127,-0.009963847412619978,0.015114119090063148,-2.007395272017334,-370.7802566938259,0.0,-0.033631155428718786,9.885250055256236,0.0,88.606,-0.09051910079757818,-0.6954733070147694,-5.026135275196846,1.546277028245545,-0.07783669953032457,-0.7059991599475629,-4.867372752887061,0.06837069205144497,-0.06118160635613101,-0.08,1.5637975708585716,-2.06744490356008,-371.28038821577167,0.0,-0.006637256071403159,9.999997615541568,0.0,1.5714600524628355,94.0,0.08014848579173059,0.062199759271244555,0.061124360536498376,0.19771019208284454,0.2615368713994014,0.04923038997555516,0.13477586320928162,0.14210779703487839,-34.830223190070626,0.09179164593416364
88.8,-1.9995323549115867,129.53230049591804,5.186,0.0,9.63,0.15,1.5615444426101188,-0.5645636141065351,-0.02379139772392188,0.015441346358517677,-2.007679693674523,-369.8033565165585,0.0,-0.04770394906676941,9.68146075778817,0.0,88.672,-0.0913300963004667,-0.6229661679786684,-5.04619239542131,1.545975863002604,-0.066006520068947,-0.6430610922334553,-4.905473139503249,0.12656062890409153,0.25934594015670775,-0.15,1.5579993510431716,-2.0681086291792425,-370.28038843603514,0.0,-0.006637256070190126,9.999997615547251,0.0,1.5714600524627138,88.0,0.06716783822619246,0.05360753535037262,0.05919490587407892,0.18679694838272334,0.2571618386115998,0.04428601435070316,0.13137049631684805,0.13113409275256446,-35.61329421583205,0.08568349837630575
88.9,-2.0086213476953745,130.4976340784687,5.166,-0.01,9.48,0.2,1.5618545646455626,-0.5043187304279075,0.011999890338187744,-0.014114180885789626,-2.0078622134342017,-368.8440887410861,0.0,-0.04905029786813648,9.525978982178506,0.0,88.837,-0.09371031044054043,-0.4749370105733227,-5.025349276415319,1.541530944001671,-0.07132502226441198,-0.4575394381916268,-4.962630842153326,0.13989487968278647,0.7298862942164686,-0.2,1.5580745522016457,-2.068772354798304,-369.2803886562986,0.0,-0.006637256069657219,9.999997615547251,0.0,1.5714600524626605,63.0,0.07066096807359637,0.05444645118108493,0.059460843205459156,0.18789538199996914,0.25765275191526443,0.04477834493281557,0.1316986593374054,0.13253223252263158,-35.464199428150394,0.08630813690387477
89.0,-2.0086215519437047,131.44077607015083,5.144,-0.01,9.38,0.23,1.5609314470228295,-0.6823680467725145,0.020398900970301455,-0.005355554842104219,-2.0080355808532997,-367.89788408126134,0.0,-0.03946678466882413,9.416773845099064,0.0,88.837,-0.09371031044054043,-0.4749370105733227,-5.025349276415319,1.541530944001671,-0.056870769853473765,-0.3769894896705925,-4.984630842153379,0.14946036726468262,0.8684330818057919,-0.23,1.5571891969213716,-2.069436080417359,-368.2803888765621,0.0,-0.006637256069928113,9.999997615547251,0.0,1.5714600524626876,63.0,0.08674355222690691,0.06251898202465632,0.061145487310339794,0.19858466084623044,0.26213244898712235,0.05041890557339302,0.13583992011753818,0.1443156758569169,-34.68447479880604,0.09245019150676279
89.1,-2.008621756167855,132.38391805477693,5.122,-0.01,9.33,0.24,1.5601984793928005,-0.5433798125192885,0.027198972112759935,-0.009210799424974103,-2.0080900531915384,-366.9597762134488,0.0,-0.03209160486792074,9.359628833537622,0.0,89.035,-0.09329001109207812,-0.2971941899345394,-5.074823989934581,1.5669824614320875,-0.08291698003821912,-0.2206238276884494,-5.023226502532472,0.02967740294515423,1.0812409777962113,-0.24,1.568906313917766,-2.070099806036455,-367.28038909682556,0.0,-0.006637256070827394,9.999997615547251,0.0,1.5714600524627775,65.0,0.09331329321819057,0.06668369939538782,0.06262846002629693,0.20302827667149925,0.263758958153896,0.052066809524715506,0.13681608616673563,0.14929527368423806,-34.34494600887163,0.0949974311432149
89.2,-2.0086219573431308,133.32705982292822,5.098,-0.01,9.33,0.23,1.5613713637602071,-0.5372198553440724,-0.03029203633458482,0.04277040675124467,-2.007935396946943,-366.0244831660924,0.0,-0.043382757841252215,9.35438847001345,0.0,89.101,-0.0926218246783538,-0.357255346072768,-5.131672840924395,1.5204365419514998,-0.06674688353576412,-0.19975751969630046,-5.0621180962393915,0.17621163901391138,0.9450382436440652,-0.23,1.5546214825025844,-2.0707635316556696,-366.28038931708903,0.0,-0.006637256072392812,9.999997615547256,0.0,1.571460052462934,99.0,0.06948308117509824,0.05573669154333437,0.06088606521708911,0.18890287770854786,0.258031247481167,0.04481920627230527,0.13179438341754424,0.1332845329259497,-35.42761664249049,0.08683593918680221
89.3,-2.008622159024,134.2591059977358,5.074,0.0,9.37,0.21,1.5623858133938648,-0.23659268811736858,0.03382139021470219,-0.02870664993648393,-2.0077169703466704,-365.08724722219273,0.0,-0.051724805817441454,9.39192607206297,0.0,89.167,-0.09349048171477471,-0.2566883823048507,-5.0481638806531155,1.5481109951184726,-0.05784229827169309,-0.11916208593271957,-5.083261580011314,0.17451564835054947,0.9128874135884271,-0.21,1.553826492453013,-2.071427257274938,-365.2803895373525,0.0,-0.006637256072019777,9.999997615547256,0.0,1.5714600524628968,93.0,0.06753743367177074,0.05246431201585717,0.05883729899909773,0.18629113850416648,0.2572569341230179,0.04381895923630829,0.13124538468617572,0.13080660736530408,-35.69698574737856,0.08558736201905398
89.4,-2.008622363408186,135.20224795901098,5.053,0.0,9.44,0.18,1.55990827182797,-0.11700903666873229,0.027994383931252725,-0.02684070715095726,-2.007383855202979,-364.1446698088499,0.0,-0.028368194817256692,9.45569437045583,0.0,89.332,-0.09194225742774381,-0.09261816542642735,-4.966579345484399,1.5497070421209036,-0.07177264487062529,-0.02139599835799642,-5.074501327215529,0.11765943952009317,0.8935680242193627,-0.18,1.5594106800347227,-2.072090982894193,-364.280389757616,0.0,-0.006637256071788848,9.999997615547253,0.0,1.5714600524628737,68.0,0.07275888141951874,0.05552786056455812,0.05966459432107592,0.18985115050648493,0.2585948700532097,0.045248405717439336,0.1320821736517932,0.13434494692282,-35.372543528694095,0.08746990800824592
89.5,-2.0086225700060965,136.15648570559225,5.036,0.0,9.52,0.14,1.5588017339494566,-0.10199021767246817,-0.01050968618377275,0.006152310355221733,-2.0066291323697043,-363.19494701251836,0.0,-0.018235897828998794,9.53256967552023,0.0,89.365,-0.09224495622069424,-0.07172966149263194,-4.928006815874599,1.558246832091315,-0.06910308165197232,0.05499426869083759,-5.072070470431884,0.10292007690836467,0.8279183262691792,-0.14,1.5608506855395443,-2.072754708513436,-363.28038997787945,0.0,-0.006637256071833256,9.999997615547251,0.0,1.5714600524628781,95.0,0.0652194724424507,0.05090205552717035,0.05730841438751537,0.18470941768325616,0.2565907710065158,0.042862300313610595,0.13060907557540027,0.12898115335961446,-35.89450413750127,0.08473117244834014
89.6,-2.008622780004359,137.11072366112975,5.022,0.0,9.6,0.11,1.5596438227829077,-0.06689304931214694,-0.013491466170608061,0.011530962043769083,-2.0054065891825372,-362.2370487344817,0.0,-0.02663765498897756,9.617855998527002,0.0,89.53,-0.09137903049238287,0.009514931225713346,-4.88411831317934,1.5533572409716105,-0.06886050640051342,0.09225003931782112,-5.047840649465915,0.12400277659159235,0.6869325960806556,-0.11,1.5587425129161976,-2.073418434132722,-362.2803901981431,0.0,-0.006637256071681381,9.999997615535882,0.0,1.5714600524628637,70.0,0.08333855688953216,0.059033158705527285,0.058710744236153266,0.1954439678041416,0.26106003007537587,0.048870290101022264,0.1349222636202087,0.14082018670888644,-34.99988311554342,0.09074871252497771
89.703,-2.0086229925264405,138.07605740374623,5.01,0.01,9.7,0.08,1.5600670101728777,0.019589096930617996,-0.0023050621050884432,-0.004942097572117648,-2.0035632427129006,-361.0759254127118,0.0,-0.030311454752656456,9.725243590538081,0.0,89.563,-0.07757205701095282,0.037414293181331604,-4.928708593772163,1.5323021052074204,-0.040591895014720936,0.14035700865415257,-5.042722492190581,0.2249958261675578,0.5761349411437369,-0.08,1.547932197759778,-2.0742149048757845,-361.08039046245926,0.0,-0.0066372560714535594,9.999997615547251,0.0,1.5714600524628402,97.0,0.06691566377955174,0.05190705505049027,0.056765069610078184,0.1856236195780745,0.2568306183245655,0.043466324780197345,0.13095976527661754,0.1298521977163584,-35.8110797972069,0.08514921852429985
89.8,-2.0086232073275525,139.05248693513926,5.001,0.01,9.78,0.05,1.5587050840866306,0.05200159990062354,0.051479943456674476,-0.0396329816209521,-2.0021220880072055,-360.29470996774126,0.0,-0.017422429808620517,9.795718662697295,0.0,89.728,-0.09719725153574467,0.10699754611789275,-4.898446126532337,1.561353445869638,-0.08116027549568512,0.15214571790931786,-5.021644094171291,0.033533063938425395,0.4343247961803236,-0.05,1.5665343906192677,-2.074745885371163,-360.28039063867004,0.0,-0.006637256071453562,9.999997615547255,0.0,1.5714600524628402,72.0,0.07065437938220757,0.05417673721867783,0.057653046331380596,0.18789562064392265,0.25763962963193693,0.044609039307495754,0.13161148241306547,0.13224552563778377,-35.55862850298671,0.08631436505335854
89.901,-2.008623429813767,140.0622038400356,4.993,0.02,9.87,0.03,1.55775537999836,0.09686772917557078,-0.05417691213083891,0.038310452717658254,-1.9994549493218559,-359.1127673496036,0.0,-0.01640972409052932,9.893176125718146,0.0,89.827,-0.09759641652077189,0.1311816835951657,-4.939268008546454,1.5593555107946553,-0.0833582530425809,0.17667987420936798,-5.009882282351159,0.042831010091756924,0.32651368364709477,-0.03,1.5646343956858324,-2.0755423561142066,-359.08039090298627,0.0,-0.006637256071446898,9.999997615547251,0.0,1.5714600524628395,74.0,0.06914436775653778,0.05261057027787986,0.05622186606231042,0.1867660508084646,0.25738222011700196,0.04449564190940472,0.1318262135476299,0.13119489161512557,-35.735966103830506,0.0858241323449545
90.0,-2.008623646588255,141.04972915528978,4.987,0.02,9.94,0.01,1.5608868627485375,0.10506290914277062,-0.035875993886314766,0.024894214112005403,-1.9975211427711292,-358.3186592818989,0.0,-0.04074726940330475,9.95089598964478,0.0,89.86,-0.09333466406709785,0.1423643942503932,-4.908197001347528,1.5583461179573712,-0.08064082545773546,0.19368780103430377,-5.000848197160101,0.04898230932277026,0.24570000580301432,-0.01,1.564023964104253,-2.0760733366095736,-358.28039107919705,0.0,-0.0066372560714735435,9.999997615547251,0.0,1.5714600524628421,100.0,0.06552783317084594,0.05111364692804033,0.05537174139636664,0.18476742214217584,0.2565126468061242,0.04322631050236377,0.1308445866950421,0.12889908961120825,-35.950823659899264,0.0847199276223623
90.1,-2.0086238697762155,142.04835048066133,4.983,0.01,10.0,0.0,1.5622285754096252,0.08407879849519208,-0.01684233616682109,0.01254935293296368,-1.9954281945809837,-357.3199571229021,0.0,-0.05491521562529167,10.014571391338459,0.0,90.025,-0.09587164734196535,0.12851564666671236,-4.890645286971769,1.5678575332348204,-0.08963071479379824,0.16385798261665058,-4.97973035749666,0.013337718582991395,0.08725359916151731,-0.0,1.568482745926332,-2.076737062228823,-357.2803912994605,0.0,-0.0066372560719354,9.999997615547256,0.0,1.5714600524628883,75.0,0.08296593955950679,0.05916553001522053,0.057256568607715955,0.19505899508879557,0.26076396705435007,0.0490378480784046,0.13495658731900315,0.14032607080162912,-35.050167959932914,0.09046558063169363
90.2,-2.0086240929155608,143.04697180598066,4.984,0.01,10.06,-0.01,1.5637898548182587,0.13136306362003408,-0.026578446930817998,0.023417723380062018,-1.994015816317785,-356.3154287378336,0.0,-0.07128854068006152,10.067961776419828,0.0,90.124,-0.10699734648951335,0.1347401883768802,-4.853591374760228,1.5467606021404892,-0.08615684403340336,0.14699580619310465,-4.96168469429543,0.10936715659420596,-0.01865611454089411,0.01,1.5589093188732852,-2.077400787848091,-356.28039151972405,0.0,-0.006637256071142697,9.999997615547251,0.0,1.571460052462809,76.0,0.06046056524315088,0.04920796810036458,0.0555695448550176,0.18104611276956545,0.25472570656226246,0.04121994573814584,0.12915740006101115,0.12520847683927144,-36.178906598930766,0.08259690939258485
90.3,-2.0086243181422034,144.05668892172162,4.987,0.0,10.1,-0.02,1.5641259560969212,0.13811569980700716,0.014323602872074268,-0.02124037593548917,-1.9935076372960472,-355.30619502484905,0.0,-0.07627576138027925,10.109336779740339,0.0,90.223,-0.1140237217686503,0.12383671012270984,-4.917406333741052,1.5423664449195174,-0.09230037217449194,0.13032618172820326,-4.940198038554346,0.10490941475926617,-0.08695359370785027,0.02,1.5603194377436806,-2.078064513467223,-355.2803917399877,0.0,-0.006637256070179023,9.999997615547251,0.0,1.5714600524627127,77.0,0.06708384345281752,0.051847441844364336,0.05499747007235866,0.18579051537569724,0.2570149213401751,0.04419521594415034,0.13166925358928744,0.1300779158407406,-35.8763090768809,0.0853273190500461
90.4,-2.0086245467569697,145.0664062634009,4.991,0.0,10.12,-0.03,1.5626466293495633,0.12070144997246159,0.007674614302248334,-0.00919255882504634,-1.9939019410000973,-354.2935427587148,0.0,-0.06169041782193172,10.13795872034432,0.0,90.322,-0.11006985932537554,0.11009885612413327,-4.884341784727534,1.5453665187466117,-0.08303341639431172,0.10864842929178055,-4.9277790540056206,0.17926329215029158,-0.13594501598098496,0.03,1.5528432974398587,-2.078728239086354,-354.28039196025117,0.0,-0.00663725607125594,9.999997615547251,0.0,1.5714600524628204,78.0,0.06896742483190478,0.053120751687566865,0.05488450085362267,0.18747355717339897,0.2576998930769181,0.04492811785231456,0.1321348777754893,0.13162435961134555,-35.772922171710576,0.08624272520832608
90.5,-2.0086247720291652,146.07612337735014,4.997,-0.01,10.14,-0.04,1.5608149124917128,0.10447610200846147,0.033846037172691044,-0.03684072533356517,-1.995014890236796,-353.2787094542742,0.0,-0.04377252280196478,10.15487362970809,0.0,90.421,-0.11299902321327829,0.07214237465011045,-4.852365956825077,1.5294994067329943,-0.07121648500785775,0.06791244268842611,-4.908751282863708,0.2697354371472463,-0.21701318294893746,0.04,1.5446271754933907,-2.079391964705573,-353.28039218051464,0.0,-0.006637256071806611,9.999997615547253,0.0,1.5714600524628755,79.0,0.06823932344618773,0.05273678076475833,0.05453838939856697,0.1868179195934795,0.25737982502880974,0.044630442175310224,0.1318770699865239,0.13094095659810404,-35.82042975115306,0.08585793426683247
90.601,-2.0086250008567603,147.0858407218371,5.002,-0.01,10.14,-0.04,1.556810339973543,0.12477609282668382,0.06558622187024363,-0.054946932536794627,-1.9967480685759424,-352.0595918212018,0.0,0.006166460375588505,10.160591743303764,0.0,90.454,-0.11679785954961834,0.08105089143833082,-4.924724801469533,1.5419501642356703,-0.05669746188456539,0.04496126886686506,-4.9060174975959825,0.2688061231335003,-0.2264582639658581,0.04,1.544695932155888,-2.080188435448777,-352.0803924448308,0.0,-0.006637256073829439,9.999997615547255,0.0,1.5714600524630777,106.0,0.06934641885862644,0.05332815745569426,0.05459171254487282,0.18744188364871744,0.25760967466665613,0.04508146725773318,0.13217525725649157,0.13163291481328696,-35.75466215646546,0.08618520520804965
90.7,-2.0086252260194755,148.09555783443724,5.007,0.0,10.14,-0.03,1.552853494012032,0.09398559436951444,0.04837387340669111,-0.03468380083464867,-1.9977916484524387,-351.04383122532795,0.0,0.04254465680665919,10.153490518344078,0.0,90.586,-0.11224039736000328,0.03689320130581727,-4.9861520339493905,1.5767154631980689,-0.09429141213430699,0.012571350528630875,-4.911779519983117,0.020932267132735393,-0.2533533546056095,0.03,1.5686791037761847,-2.080852161068362,-351.0803926650943,0.0,-0.006637256077053528,9.999997615547255,0.0,1.5714600524634001,97.0,0.06613361637929487,0.053042018301263906,0.056140347231711456,0.1850435164945575,0.25618658317981946,0.04320469560279865,0.13027678709885995,0.1290502048851268,-35.777942159416725,0.08461872513230104
90.8,-2.0086254548151103,149.10527517925237,5.012,0.0,10.12,-0.02,1.5535746450212338,0.07986979932604259,-0.0734729651430637,0.061746443832987885,-1.998134897623981,-350.02927079373455,0.0,0.016330377757622215,10.137791508297964,0.0,90.718,-0.10020463890736754,0.02833119933225963,-4.8965806492119475,1.5250592155497822,-0.08953279463917901,-0.0054411859339206815,-4.912011498014312,0.0995588095741462,-0.22922941286544685,0.02,1.5607308373127542,-2.081515886688193,-350.08039288535775,0.0,-0.006637256077386595,9.999997615547255,0.0,1.5714600524634335,82.0,0.075976980066321,0.057352943013471096,0.05765939767167898,0.19094657466348508,0.2587987268771533,0.047096124498229225,0.13330515190832054,0.13581215158917181,-35.244565778610465,0.08797291222201764
90.9,-2.008625679868331,150.11499229126292,5.014,0.0,10.1,-0.02,1.5579444496568777,0.045633483706074666,-0.024158727313782,0.01670793111659277,-1.9981225197200416,-349.016660085104,0.0,-0.018448546891698503,10.11570661664805,0.0,90.784,-0.11502210816950544,0.004013272263095231,-4.9216959803249996,1.5276383022198317,-0.07576840691788891,-0.025566054112942434,-4.911117836636924,0.19362582318847385,-0.21399644969731924,0.02,1.5512129765315565,-2.082179612307926,-349.0803931056212,0.0,-0.006637256076498416,9.999997615547255,0.0,1.5714600524633446,76.0,0.06210847816053734,0.050331670236576,0.05620675362626717,0.1822524613087835,0.25529271600961756,0.04208897794277489,0.12976241428285704,0.12655003596688535,-36.02561832249975,0.08327641258712415
91.0,-2.0086259055828464,151.12470940095528,5.015,0.0,10.07,-0.01,1.557605018900011,0.02852439526877974,0.025975518092574253,-0.023972334223355193,-1.9981420022517085,-348.20832378108776,0.0,-0.013008999951876129,10.095020196790376,0.0,90.883,-0.11263237491804517,0.00926430073536181,-4.908710558073062,1.536563465806523,-0.07255201300176241,-0.02507624763083569,-4.909556634100245,0.20328703390183497,-0.1493323157580395,0.01,1.5503079287682768,-2.082710592803721,-348.280393281832,0.0,-0.0066372560769624896,9.999997615547255,0.0,1.571460052463391,77.0,0.06349618224087034,0.05135362768859578,0.05714527881798382,0.183221953243016,0.2556362120921385,0.04241707450811491,0.1299012155386922,0.12752823421838935,-35.89080319640407,0.08375293520685814
91.1,-2.0086261285701497,152.12333071787342,5.016,0.0,10.05,0.0,1.5554166483369212,-0.016184243797317047,0.023956911251449393,-0.020731617446124253,-1.9981226366041627,-347.20032055461115,0.0,0.00889816307541923,10.067716086569618,0.0,90.982,-0.12714884358302092,-0.018280483051745088,-4.930691410339727,1.5390688941680037,-0.06991960242890147,-0.039553544630214266,-4.907742673620447,0.24345079053953025,-0.135699464095417,-0.0,1.5462457419205105,-2.08337431842343,-347.2803935020955,0.0,-0.006637256075186133,9.999997615547255,0.0,1.5714600524632134,118.0,0.08546176815707217,0.06076162141246311,0.05868503269822363,0.19656344155392547,0.26143184574442785,0.05033664709359745,0.13587398478267607,0.14241893582220627,-34.838686832958835,0.0913712000427883
91.2,-2.008626354330225,153.13304782387544,5.015,0.0,10.02,0.01,1.5530953771111113,-0.013055448587828812,0.032412362905088254,-0.029112207477178097,-1.9977718876609871,-346.19501431142766,0.0,0.031488212087616284,10.041145008352105,0.0,91.081,-0.11312641463845659,-0.03559782194270756,-4.889905877448764,1.5516850452887019,-0.07851083565912204,-0.051253073015679225,-4.905695567008088,0.15653401783616375,-0.10929562656106384,-0.01,1.5550032007630743,-2.0840380440430497,-346.28039372235895,0.0,-0.006637256076642745,9.999997615547255,0.0,1.571460052463359,76.0,0.06327859033248716,0.05094777657883078,0.05675253419507263,0.1832918769673618,0.25573003981947945,0.042349838727958326,0.1299013816027297,0.12748234928122923,-35.922585908410625,0.08381825454692052
91.3,-2.0086265770529863,154.13166913646955,5.012,0.01,9.99,0.01,1.55259753490356,-0.013854401055483943,-0.024584413870954957,0.01409400548226221,-1.9965883405297427,-344.99202891484316,0.0,0.034172442232937,10.011228620276519,0.0,91.213,-0.11396161219189568,-0.028400748954552697,-4.915892938515011,1.5689985741132664,-0.10096623350927807,-0.04021351796147702,-4.909464371753998,0.04607144547756452,-0.041137111545861416,-0.01,1.565160421221453,-2.0848345147866016,-345.08039398667523,0.0,-0.00663725607552142,9.999997615547255,0.0,1.571460052463247,87.0,0.06370102441030548,0.05140620159320629,0.057518355320289184,0.1834302520873114,0.25568325677606407,0.042419885734627245,0.12989180821945367,0.12770069299660222,-35.85958165917131,0.08382484608885937
91.4,-2.0086267919776546,155.10809861868827,5.009,0.01,9.97,0.02,1.55481046723691,-0.04805644242667133,-0.0696334082262722,0.04207515630589145,-1.9953994801501354,-344.1919635452941,0.0,0.014025227549878444,9.992908553366036,0.0,91.312,-0.11500958940460755,-0.03890728604559407,-4.96026802879676,1.5527478372146117,-0.09927603695408523,-0.03919179035007028,-4.922028557936386,0.08322279951333689,-0.014693793695611745,-0.02,1.5614324686757413,-2.085365495282276,-344.280394162886,0.0,-0.006637256075306037,9.999997615547255,0.0,1.5714600524632254,88.0,0.06456878726695113,0.05090660534356861,0.05597978971707905,0.18444350711865895,0.2564344744962722,0.043244985790021825,0.1309246713350904,0.12868379300208974,-35.937405580257334,0.08456905601828077
91.5,-2.0086270123488603,156.0956241353876,5.004,0.01,9.95,0.03,1.5581105296176412,-0.043925637615142454,-0.03362828227044158,0.019415961881202877,-1.993881950579062,-343.1938050722074,0.0,-0.01889744557895623,9.97284963365774,0.0,91.411,-0.11974302146535465,-0.03165663660426638,-4.936464708083003,1.5610767587529382,-0.09999359214735398,-0.031087988534252514,-4.932110299985178,0.09631364368530447,0.022617842861107462,-0.03,1.5601361753471426,-2.0860288325771017,-343.2783064426254,0.0,-0.006622597161521662,10.147151314808168,0.0,1.5714489825024682,89.0,0.06513819388111766,0.051097570639612254,0.05512578677161414,0.18504501511373758,0.2567048329366786,0.043386603142249236,0.13104157869990346,0.1290861199464312,-35.955489291410544,0.08491119794776039
91.6,-2.008627235248049,157.09424544172919,5.0,0.01,9.94,0.03,1.5591634149339533,-0.045392346500450806,-0.012441621351477226,0.0036140020261008284,-1.9926084981253827,-341.9983168094036,0.0,-0.03042434826854168,9.954271318520135,0.0,91.477,-0.12511074608995382,-0.04905745944760035,-4.970114035796402,1.5248261477065397,-0.08101383775819762,-0.03951092166893978,-4.939568575496624,0.20436757875329603,0.008257378110510416,-0.03,1.549251406821077,-2.0869605582143587,-342.006971688148,0.0,-0.008353144941939398,11.132653835094509,0.0,1.5715466549285193,85.0,0.06501601263864865,0.05114505001007231,0.05453818486403409,0.18499095909150015,0.256622211603428,0.04334290444514701,0.13096740195408646,0.12892499382239736,-35.98395169017012,0.08485207977248477
91.7,-2.0086274547026903,158.092866498327,4.996,0.0,9.93,0.04,1.5580642354351024,-0.016758553097724463,0.032447707310295164,-0.03668440786693279,-1.9921984738104477,-341.20241042015135,0.0,-0.018341904054744403,9.944762975871665,0.0,91.609,-0.11558107167594311,0.06393536860312075,-4.890325557825367,1.5644187480906273,-0.09458485651295592,0.04422522519017884,-4.930556125370904,0.12272831498420819,0.19151943295077523,-0.04,1.5586714376889086,-2.087655295059203,-341.0810957195205,0.0,-0.00894189352135684,11.916323982926203,0.0,1.5715467169198898,91.0,0.0692680785326431,0.053684510838829705,0.055983380785824335,0.18705509503224668,0.2572291969503714,0.044374013234971525,0.13139455590210566,0.1312042830443642,-35.67722878615949,0.08582772426158108
91.8,-2.008627675572633,159.0803920083738,4.99,0.0,9.92,0.04,1.5566669377174716,-0.13737372848549145,-0.004160169069869493,0.012146226768777519,-1.992029206747727,-340.00964308065426,0.0,-0.007166471234740275,9.937182103259827,0.0,91.675,-0.12092278763445678,0.17848120196315378,-4.938271474093431,1.539302992195228,-0.08441398531972548,0.1486856745163066,-4.935581161192161,0.16379175359954048,0.3878071672493757,-0.04,1.5549075962881862,-2.0887358086323635,-339.64116370239435,0.0,-0.009004681493530231,11.999961893755415,0.0,1.5715467191613983,65.0,0.06628382508163495,0.05138115079490369,0.05509945163274095,0.1844268867415473,0.25625346506502117,0.043249189426985336,0.1307755336583113,0.12872136519540708,-35.9292138273172,0.08447177775766854
91.916,-2.008627949645259,160.3231204861668,4.983,0.0,9.93,0.04,1.556929666609738,-0.24726406160733508,0.02521780578559402,-0.00549085807093768,-1.9921312892332323,-339.01551616255966,0.0,-0.0075512266287453556,9.947267545908693,0.0,91.807,-0.1186340385850049,0.45361741793462557,-4.903399325452575,1.5571739113718952,-0.09186605830399891,0.4192727687149241,-4.932292568352187,0.10833712828089861,0.866428867952763,-0.04,1.560762129968977,-2.0896362779189244,-338.44116611072616,0.0,-0.009004697918839802,11.999983784370993,0.0,1.5715467191612946,109.0,0.09775831978076059,0.0645051551929884,0.05797685382320856,0.20156106421460393,0.26341243913795226,0.05296628028402474,0.1377555074529988,0.14887390209275483,-34.447651935303334,0.09424682479369977
92.0,-2.008628112939192,161.0665383097829,4.978,0.0,9.96,0.05,1.557235287563179,-0.4988124216210358,-0.023573947558166365,0.02198032136532062,-1.9923312544907181,-338.2187004535701,0.0,-0.010375410469087866,9.97526281308018,0.0,91.906,-0.11824959530839466,0.7198037982126465,-4.921416215157855,1.5577205038810822,-0.09772954151439481,0.7277916930541419,-4.935184524027084,0.06696912719497071,1.3665401949228073,-0.05,1.5648838110861913,-2.0903566540545664,-337.48116704145446,0.0,-0.009004703158517608,11.999990767095815,0.0,1.5715467191612857,54.0,0.07124099756630438,0.052747487403629,0.056186885211403886,0.18555801205722758,0.2566486737105243,0.04366397136334312,0.1309854350339497,0.13037858737365096,-35.705397318532754,0.08500291059923737
92.1,-2.0086283354279573,162.06515960442908,4.973,0.0,10.05,0.07,1.559991009594176,-1.0286743681769908,-0.027879295978541992,0.037378698171158964,-1.9927805642800025,-337.2174403200974,0.0,-0.037028077861056316,10.053554090682622,0.0,92.005,-0.11071367229112601,0.8797403956216411,-4.884067407944788,1.569567304829472,-0.09784087301828533,1.0067310013895159,-4.93739294960066,0.07666526897911644,1.6596204402736738,-0.07,1.5642492167534525,-2.0912571245691356,-336.28116771846857,0.0,-0.009004705849382148,11.999994352960405,0.0,1.5715467191612906,95.0,0.07621194264052276,0.054214711227549374,0.05723718040635515,0.18718020966889531,0.25723432596027906,0.044333503254121796,0.13137052242875036,0.13245319295331529,-35.49830374116626,0.08582868415639061
92.2,-2.008628557656742,163.0748764333528,4.965,0.0,10.21,0.1,1.562284951159034,-1.0309680822992657,-0.0042364722888717675,0.02141700816656795,-1.9937342772818858,-336.20407568279956,0.0,-0.05944240280786558,10.212560380660262,0.0,92.071,-0.10990359395540386,1.0597840714521087,-4.834169958372123,1.5561027705869517,-0.09147267879410607,1.2484949085018286,-4.933281964114009,0.08725159483424214,1.7764393895238904,-0.1,1.56351726326388,-2.0921575952362708,-335.08116818046585,0.0,-0.009004706835075621,11.999995665497622,0.0,1.5715467191613552,89.0,0.0743003496541298,0.05272094458482285,0.056846187170660895,0.18581554938325873,0.25680966719306086,0.043562347844184425,0.13109931993835566,0.13109486234689371,-35.67561412989113,0.08516833282903126
92.3,-2.008628785084042,164.10678484102309,4.955,0.0,10.47,0.11,1.5633943239834647,-0.7791051755543862,0.013448748618093673,0.0038025863123684342,-1.9954696204533644,-335.16969013323313,0.0,-0.07068162513956999,10.46452142344083,0.0,92.203,-0.10777882214294095,1.3094297526680618,-4.845834185008824,1.5542177803933397,-0.09012682268482111,1.4710994103457822,-4.931051700466524,0.11315171756849626,1.7513975219596087,-0.11,1.5615380988040595,-2.093058065959193,-333.8811685637596,0.0,-0.009004707194432337,11.999996145926804,0.0,1.571546719161259,97.0,0.07827261835368217,0.05423550938529957,0.057727578359925695,0.1874175951878565,0.2574412980259872,0.04402639344389211,0.13137528278289476,0.1329997317267918,-35.463464089254416,0.08602686762595016
92.4,-2.0086290196051735,165.17198062217463,4.945,-0.01,10.81,0.09,1.563683954128299,-0.4912129619076299,0.020354907420838068,-0.012862740135005624,-1.9980693653476287,-334.10527848996094,0.0,-0.07497604575359634,10.801342049744319,0.0,92.236,-0.11544927903635062,1.4068601111463994,-4.86061154301106,1.5568556593157208,-0.0851028716853316,1.6803784909586634,-4.933415620404043,0.11617110987031955,1.6363436827820426,-0.09,1.5622662285211204,-2.093958536702531,-332.68116891824553,0.0,-0.009004707326939948,11.99999632178328,0.0,1.5715467191613046,104.0,0.0881128903198296,0.0568423262255074,0.05742110057880082,0.19201226356227014,0.25963403102086186,0.04710717557066556,0.1339082406506515,0.13872115660976894,-35.1668162576624,0.08876906115352395
92.5,-2.0086292616608006,166.2704637722309,4.938,-0.01,11.21,0.06,1.563642912605081,-0.26164135343621864,0.01741238355362693,-0.005725231421443137,-2.0014226816154017,-333.00368458650837,0.0,-0.07663438539346326,11.197474702421973,0.0,92.302,-0.10625578583619519,1.5198239448110678,-4.764862991842186,1.5529234384817454,-0.07575026638544377,1.8349390242923715,-4.926201147588602,0.12565947718139955,1.3906745434033194,-0.06,1.5616177523617165,-2.0948590074533757,-331.481169262187,0.0,-0.009004707374860761,11.999996386141397,0.0,1.5715467191612735,118.0,0.11065441785028644,0.06558907410391256,0.059551447008982204,0.2028427056793356,0.2639828345809944,0.05238160253131393,0.1374216894266803,0.1525533548818197,-34.29262226016241,0.0950624930359471
92.6,-2.0086295169297586,167.41333034780206,4.935,0.0,11.64,0.02,1.5637406600315609,-0.05092900180785495,0.012957389002293039,-0.008187983813754608,-2.005339141411177,-331.860576525401,0.0,-0.08069379113069694,11.624908803191227,0.0,92.467,-0.09826687680025523,1.8297014289223907,-4.8081313224154,1.5784711606834916,-0.09553606804493064,1.9802291094140747,-4.899976974308252,-0.013935475081912521,1.15068936341671,-0.02,1.5718858278508685,-2.0957594782069107,-330.28116960226873,0.0,-0.009004707391127941,11.99999640970868,0.0,1.5715467191611554,113.0,0.07574099796336702,0.05273278980071315,0.05765366752250242,0.18541080733722384,0.2566693000989267,0.042861096181829046,0.13056199478064578,0.1309811964091716,-35.64297757425798,0.08498014256636591
92.7,-2.0086297822895673,168.60058009078017,4.936,0.0,12.07,-0.01,1.5659690369528272,0.05512622118255292,-0.09406406375489679,0.08367184488983123,-2.0097031544730073,-330.67418927951246,0.0,-0.11093100686429115,12.057620426797122,0.0,92.566,-0.09030786516900241,1.9202506335652791,-4.72367169979359,1.5433055355742913,-0.0680588303872619,2.0667498501122923,-4.8766821362809285,0.13834997090217224,0.847091412026785,0.01,1.5600861230440735,-2.096659948961344,-329.0811699409374,0.0,-0.00900470739831811,11.999996418331826,0.0,1.5715467191612154,99.0,0.08158271545251004,0.05474050263345503,0.05841265493975746,0.187969172471957,0.25774960277858894,0.04395426961892838,0.1312631409923006,0.13399355787949044,-35.368854674872736,0.08639071529389178
92.8,-2.0177188807267186,169.82111747197285,4.941,-0.01,12.49,-0.05,1.5631378987480438,0.16551362062257266,0.04948646674932597,-0.05113373886809891,-2.0158584744816506,-329.1939704485409,0.0,-0.08022589366083267,12.565499783172315,0.0,92.731,-0.09358929441469921,1.7956444817921209,-4.810527517162776,1.564103009807041,-0.07879452221374265,1.9378340204277704,-4.851474805848893,0.06894454086655435,0.15495085682794318,0.05,1.5661348524569352,-2.0977405138671004,-327.64117034669135,0.0,-0.009004707398509728,11.999996421822011,0.0,1.571546719161013,69.0,0.09904761849901153,0.06026017414906052,0.05957932604072691,0.19565030657832166,0.26104867461775316,0.048636963053606784,0.1347142499555451,0.14393035171030788,-34.71004773607275,0.09081232191275601
92.9,-2.0177191748266097,171.13042092416728,4.949,-0.01,12.9,-0.08,1.5654426892895736,0.4373992995922167,-0.021860037950727197,-0.013357131469790371,-2.020595383840281,-328.17436554090426,0.0,-0.1118180201862503,12.8799745737065,0.0,92.83,-0.08480837499033046,1.8555461947765541,-4.801203838894897,1.5648488207018063,-0.07248271137658455,1.8691657003288265,-4.819090242726329,0.0923316302337119,-0.28397813551568696,0.08,1.5642704613228355,-2.0984608904709066,-326.6811706170518,0.0,-0.00900470739827397,11.999996422640557,0.0,1.5715467191609422,70.0,0.07472419555261015,0.05169116627478899,0.05736847419143047,0.1849218254241932,0.2566502197169525,0.04262773301045133,0.13045240592461854,0.13044719453499298,-35.71818908671197,0.08483069850751482
93.0,-2.017719471873278,172.42862912400992,4.961,-0.01,13.25,-0.12,1.5655599898335077,0.510900697332131,-0.005180515603158245,0.004001294111907664,-2.0284681061536696,-326.6000681547953,0.0,-0.11664068768162891,13.308457989604662,0.0,92.929,-0.0799339466526146,1.701345576871635,-4.791151222794964,1.5451478387549735,-0.053887367840350135,1.7581253107453758,-4.812612544208969,0.1981178993597003,-0.6927682662430108,0.12,1.555816605753065,176.60999999986362,1.1305018647992454e-08,0.0,11.99999999999335,8.687841434613095e-10,0.0,7.239867862181592e-11,51.0,0.052953819882564576,0.043577357610471434,0.05425850646610264,0.17464499303616304,0.2522740632106166,0.03607589398926596,0.1255876961904686,0.1188638947833479,-36.97096576602504,0.07942389134105601
93.1,-2.0268086018315756,173.76012442900085,4.976,-0.01,13.55,-0.15,1.5639588027868905,0.5719151375836405,0.055324167407070336,-0.029580661460218045,-2.0341355506254706,-325.52437800261845,0.0,-0.09546917961086836,13.547720452085235,0.0,93.028,-0.06710883853817882,1.5971536095889078,-4.9611633498535515,1.552351349447331,-0.04348760461770372,1.6006943357537289,-4.823850368136181,0.20921487197070915,-1.0698800390465415,0.15,1.5548351056735303,-2.100261831980593,-324.28117129281327,0.0,-0.00900470740343381,11.999996423231728,0.0,1.5715467191613353,52.0,0.05373684039937937,0.04392445071987373,0.05386940407743379,0.175064849599472,0.25238651483598157,0.03630121849951215,0.12569909628750175,0.11918361379119168,-36.93897818360068,0.07960255982291567
93.2,-2.0268089153921167,175.12490738965215,4.993,-0.01,13.79,-0.18,1.5617711498078446,0.6950162012975736,0.05423328208452899,-0.03534079639666887,-2.0412327151130323,-324.15550847147733,0.0,-0.0647574159408674,13.794220679853115,0.0,93.127,-0.06596304210789666,1.3798363883338465,-4.956460483274815,1.5652164921358378,-0.047986045971780626,1.3810105883935224,-4.824405212259521,0.1384514000034413,-1.461805017955955,0.18,1.5603773845109328,-2.101162302735791,-323.0811716306721,0.0,-0.0090047074029361,11.999996423299939,0.0,1.5715467191612895,73.0,0.07672995119819302,0.05371230691673769,0.056377942458739325,0.18793872770808528,0.2578391839592122,0.04377090030018025,0.13119922326280276,0.1328821077762132,-35.64626749270668,0.08645346616629979
93.3,-2.0358980613145405,176.50078614649445,5.012,0.0,13.96,-0.21,1.5606908444922905,0.9162768325027998,0.00781412292631775,-0.004134217428176058,-2.04767125748495,-322.76554655193263,0.0,-0.04858689329828637,13.974137863523245,0.0,93.226,-0.07086822669351507,1.1262623921920358,-4.918971506735456,1.567481292960091,-0.05942037857569271,1.1169212554529238,-4.811704721062791,0.025288295533195036,-1.8135106531413747,0.21,1.5687143870447433,-2.1020627734909345,-321.8811719685266,0.0,-0.009004707401030957,11.99999642329994,0.0,1.5715467191611308,74.0,0.09928968606755803,0.06316076401581147,0.058885589465555055,0.19959178859373666,0.2625358417999242,0.04990265833182033,0.13547717838443268,0.1469215279923926,-34.637797973166315,0.0930646678908793
93.4,-2.0358983834876554,177.89885649474604,5.034,0.0,14.05,-0.25,1.5620395355534296,1.1519686516342589,-0.060532510195284155,0.023542608153738653,-2.05315036703647,-321.36184994300083,0.0,-0.06453232606726614,14.073660029989616,0.0,93.325,-0.06845861273904152,0.921724229955285,-4.958784418675221,1.5503610773413952,-0.05904338516922241,0.8456730277826505,-4.801048925799579,0.04395227383042683,-2.042004370976798,0.25,1.5671360924887483,-2.1029632442457835,-320.6811723063811,0.0,-0.009004707398350435,11.99999642329994,0.0,1.5715467191609074,75.0,0.0844179434552727,0.059900951055582886,0.0593146752794105,0.19420126192801831,0.26011432536315476,0.046707976043180166,0.13316239057739554,0.13952019350198389,-35.07050385592186,0.08979152429393461
93.5,-2.0449875450679684,179.29692712916827,5.061,0.0,14.04,-0.3,1.5642271736313142,1.2221946029597694,-0.02677507969819502,0.00946035766574473,-2.0579612659468296,-319.95348673311344,0.0,-0.09481614661847716,14.074800682528586,0.0,93.358,-0.059643794473273046,0.9202442440926013,-4.9220087595886755,1.5434921034200935,-0.03494043420424725,0.6098037460231281,-4.787218589397581,0.14967624651674044,-2.0672903098693816,0.3,1.558295526752687,-2.1038637150004837,-319.4811726442356,0.0,-0.00900470739763101,11.999996423299942,0.0,1.5715467191608474,84.0,0.07916803568092914,0.055394799904014455,0.05841706555160694,0.18899119426312697,0.2581614407610262,0.045076367562850175,0.13210917237823816,0.13459842862157945,-35.39376301577668,0.08696387895433255
93.6,-2.0449878698689545,180.68390198300136,5.094,0.0,13.92,-0.34,1.5642338605274002,0.9847458655258061,0.0633704385189625,-0.0034617062091069142,-2.0623447633698486,-318.5508878545686,0.0,-0.09277489884537882,13.970411019223063,0.0,93.49,-0.06340282302431129,0.414470644984282,-5.054136726057659,1.5744094520154026,-0.04777017065139394,0.27362189816640636,-4.78366414902789,0.063079952798122,-2.197982017491949,0.34,1.5654150567780865,-2.1049442799059577,-318.041173049661,0.0,-0.009004707396741052,11.999996423299937,0.0,1.5715467191607733,90.0,0.0716997954633487,0.05597808205242752,0.0591548495951511,0.18929547394145563,0.25818506647549744,0.04355429839954763,0.13084466075179454,0.13328330973238567,-35.54469726443591,0.08706982681217385
93.7,-2.0540770313657504,182.0597813405142,5.13,0.0,13.71,-0.35,1.5635865666579942,1.0212630847073163,-0.033650041334741074,-0.0016144745575755858,-2.066002662360726,-317.1639876414936,0.0,-0.08039822838251526,13.77204310638933,0.0,93.556,-0.06743242502506304,0.411717604733286,-4.988807106567849,1.5438393783459847,-0.04454967849901922,0.06478227164635494,-4.763931102341219,0.07969603467026048,-1.9819294032579808,0.35,1.5640011078068907,-2.10566465650959,-317.0811733199446,0.0,-0.009004707397068793,11.99999642329994,0.0,1.5715467191608006,104.0,0.08882466737617398,0.06279031646981302,0.06117736848496694,0.1978307030841565,0.2616688664820953,0.04842202784098594,0.1343207468731589,0.14356945438120539,-34.76115677512197,0.0919299307788406
93.8,-2.054077350016783,183.4134688414291,5.166,0.01,13.43,-0.33,1.5643090676192677,0.5294647682498828,-0.008874043553835177,-0.0010551053342284789,-2.0686818991918368,-315.8014433973958,0.0,-0.0872660602983429,13.496005893891265,0.0,93.721,-0.061169595257430494,0.02429734670545223,-4.992726669178073,1.5593160068368837,-0.051683390000713744,-0.10236052337429588,-4.773068982687162,0.03554314850146423,-1.6723816695739941,0.33,1.5669228449853179,-2.1065651272640955,-315.8811736577991,0.0,-0.009004707394633405,11.999996423299937,0.0,1.5715467191605976,79.0,0.10160487869135822,0.06824312429244749,0.06302371307594111,0.2042385237402795,0.26418197776401375,0.05156850382156856,0.13647224470596384,0.15174213991335278,-34.22008741389349,0.09570630190153764
93.9,-2.0540776614156044,184.73386897468617,5.197,0.01,13.12,-0.26,1.565378565867666,0.023333092881225547,-0.05827801187277426,-0.007112677950417255,-2.0704735002718606,-314.4687383249657,0.0,-0.09834950486892818,13.186207748734702,0.0,93.82,-0.06004858834571333,-0.2902719912566903,-5.0593571447342605,1.5779017448735384,-0.06161036368445671,-0.39953280339835723,-4.813143093353279,-0.03070894768291986,-1.6522426733415347,0.26,1.5726021659474019,-2.107465598018224,-314.6811739956536,0.0,-0.009004707389970466,11.999996423299939,0.0,1.571546719160209,60.0,0.056200815227953706,0.044894911788606814,0.05678442541346469,0.17623166619569305,0.2530542686508766,0.03789479411734651,0.12697380082376747,0.12105098027570077,-36.59255882640991,0.08028592972240445
94.0,-2.054077967445288,186.03207753491475,5.22,0.0,12.8,-0.17,1.5675764200885338,0.06861619366882142,-0.09392826124430974,-0.009130943796143057,-2.071725132566865,-313.1671735802243,0.0,-0.12295501584521733,12.873831680280357,0.0,93.919,-0.056016671556751434,-0.43060693320168436,-5.073794487829725,1.5620238970079097,-0.05235299589101896,-0.5841149405256738,-4.844737213527649,0.03883352192782881,-1.420595881218297,0.17,1.5673837253288987,-2.1083660687718835,-313.4811743335081,0.0,-0.009004707384596099,11.99999642329994,0.0,1.5715467191597612,81.0,0.07682884491179522,0.0536834989169908,0.05789124883524322,0.1888857650236915,0.2585508164824424,0.0450221451688182,0.13229204481560353,0.13419052176757384,-35.48997327052943,0.08715048069142523
94.102,-2.0631671011822235,187.29699813688092,5.233,0.0,12.49,-0.08,1.5687370217081646,-0.10055019270356001,-0.00831145351510201,-0.009474029191764311,-2.073187232589657,-311.64690779955197,0.0,-0.13339016627722403,12.493978832416536,0.0,93.952,-0.05045251940524076,-0.4526460963052291,-5.04817308531233,1.5643081071427207,-0.04336689387536951,-0.6859490341147394,-4.855782561443167,0.056722027929774765,-1.08022145187228,0.08,1.5658250155275573,-2.1094466336753497,-312.0411747389335,0.0,-0.009004707372914773,11.999996423299937,0.0,1.5715467191587877,92.0,0.07787506143315688,0.053933362288614416,0.05671673300535057,0.1895668773476134,0.25877638326398444,0.045280009026464056,0.13242892367516096,0.13467863712948505,-35.5003925981662,0.08749974607381894
94.201,-2.0631673836172766,188.52863106808888,5.239,0.0,12.19,0.0,1.568377001271818,-0.36290495544272383,0.008018031890273638,-0.007632643755682934,-2.074617505761082,-310.4141141681606,0.0,-0.12476199730910081,12.193148170584726,0.0,94.084,-0.06192447691279008,-0.4206228274102842,-5.065047186609923,1.5570757447115915,-0.0489922713039499,-0.6041579984519774,-4.8768032273865,0.0434479582114481,-0.43351815909618274,-0.0,1.5671006837446728,-2.1103471044270288,-310.841175076788,0.0,-0.009004707360982982,11.999996423299942,0.0,1.5715467191577934,76.0,0.0719300421649788,0.05365295952211143,0.057789016981920474,0.1868295303376265,0.2570612703360142,0.042617161599645556,0.1299967862461992,0.13109329852516746,-35.635521485969235,0.08564540075809982
94.3,-2.072256505033323,189.73807241189496,5.237,-0.01,11.92,0.08,1.568307387237672,-0.7936533269211166,-0.012604812107174894,-0.0008117053666173261,-2.0762136745647632,-309.20937489913126,0.0,-0.12246798681041048,11.93383761700345,0.0,94.183,-0.06249664156070274,-0.6076622973366641,-5.116173894041373,1.5659887614582515,-0.05419195547324074,-0.662170603083067,-4.915984878553816,0.03846904538840489,-0.21036248227694898,-0.08,1.5683650825098134,-2.1112475751776003,-309.6411754146425,0.0,-0.0090047073517024,11.999996423299937,0.0,1.57154671915702,97.0,0.06945809781084757,0.05362989063712983,0.057706367515608745,0.18690508715427537,0.2571587650003203,0.042864622858010105,0.1303970549544108,0.13093552722727858,-35.74655884148743,0.08572885768995644
94.4,-2.072256766999203,190.89203449380562,5.226,-0.02,11.72,0.16,1.568658171748046,-0.5997227363793267,-0.01361448530363029,0.00628582692267533,-2.07763183536257,-308.26226642734434,0.0,-0.12444796280565244,11.767736185399004,0.0,94.282,-0.06499357756855947,-0.4586921067712953,-5.195087000270393,1.5706865326939417,-0.06170456701342794,-0.5220107207424693,-4.9670151781630025,0.0020177848037013883,0.30431353310502907,-0.16,1.572291813563531,-2.111967951777429,-308.6811756849261,0.0,-0.00900470734513965,11.999996423299939,0.0,1.5715467191564731,78.0,0.07030579145513612,0.0519419322272519,0.05814555189874088,0.18381365391283508,0.25574586948037437,0.04173262246457009,0.1294208843117167,0.12870656003609995,-35.7675729934268,0.0839739734442004
94.5,-2.0813458752016913,192.05709205882505,5.208,-0.02,11.57,0.22,1.5698464677578323,-0.6626731032711969,-0.023860373832745484,0.01583153498881701,-2.0797030788577855,-307.09460076275786,0.0,-0.13603513410409881,11.607522738268043,0.0,94.381,-0.06626889487622603,-0.42046388575678273,-5.175091796005937,1.5421299999737832,-0.043034956780866454,-0.4037104898634272,-5.015989731577939,0.13743889064796613,0.6427574214097476,-0.22,1.5611805400421161,-2.112868422526518,-307.4811760227806,0.0,-0.009004707338017342,11.999996423299935,0.0,1.5715467191558796,79.0,0.07040265515787927,0.05140979214188531,0.05846826053107048,0.18316213449052052,0.2555571226877541,0.04148098459661542,0.12933791578969975,0.12832481708237567,-35.769249873013784,0.08367144063818077
94.6,-2.081346138324122,193.22214961434682,5.184,-0.03,11.47,0.26,1.5693559501694998,-0.6502786730375448,0.045500825754189664,-0.0339719353333227,-2.0822132288923525,-305.94000412066845,0.0,-0.12872736102060442,11.501347631749736,0.0,94.513,-0.08278224771438591,-0.5370158788311334,-5.005972825833207,1.553811232235004,-0.062019543330833544,-0.35902171006755257,-5.051417501514358,0.032124371855772764,0.7246131435113199,-0.26,1.5706221210362323,-2.113768893274901,-306.2811763606351,0.0,-0.00900470733262699,11.999996423299939,0.0,1.5715467191554304,87.0,0.07060791967046694,0.05126026517405935,0.058704902213527296,0.18319894776844908,0.2556592245265626,0.04145902350070424,0.12938222345555878,0.12844146257473216,-35.761262019989246,0.08374039585867502
94.7,-2.090435243172031,194.36501527088518,5.157,-0.03,11.42,0.28,1.5685058832776289,-0.4440457313336522,-0.014249783973137803,0.018466868449994685,-2.085056865161413,-304.79317506639507,0.0,-0.11743920062975999,11.44638954367881,0.0,94.612,-0.06329810876490412,-0.34408046593258357,-5.115920036032783,1.5650427534318123,-0.057308793756770164,-0.2739341572809089,-5.085259674015216,0.04482812381793229,0.827641618899646,-0.28,1.5695856352156985,-2.1146693640230176,-305.08117669848957,0.0,-0.009004707333082625,11.999996423299939,0.0,1.5715467191554684,88.0,0.10166321949932833,0.06308122521385175,0.060868969417300675,0.19944752207726718,0.2625869082078221,0.050819431155872584,0.13630542481280924,0.14791266445268558,-34.481019097989986,0.09302802718640621
94.8,-2.090435498721135,195.50788091693397,5.128,-0.03,11.41,0.27,1.569569845162567,-0.3354842320505759,-0.0029000575839743647,0.00643449445508186,-2.0888549005522994,-303.4207856873968,0.0,-0.12966405230538672,11.433992149722807,0.0,94.711,-0.057614476829574754,-0.2704411335884802,-5.0746190911359585,1.5445899205097473,-0.028851523034840825,-0.1750453722296634,-5.10634784190691,0.22001298501552072,0.8999669352059634,-0.27,1.5553618502212452,-2.1157499289207085,-303.64117710391497,0.0,-0.009004707331129519,11.999996423299937,0.0,1.5715467191553056,89.0,0.0766107089768325,0.05342910027803294,0.05871468142122297,0.18694237008455253,0.2573781569397708,0.043512309945681595,0.13095177459223772,0.13240393708905712,-35.526995776728,0.08586327645663713
94.9,-2.090435757748125,196.65074686019364,5.102,-0.03,11.43,0.24,1.5678740493629615,-0.2741088530663383,0.07688215207516448,-0.05225574152096066,-2.0915645231153,-302.5052855754046,0.0,-0.10952393600180628,11.452136511861303,0.0,94.81,-0.06050438059227731,-0.20748116284371243,-5.10179115533234,1.5214433141650758,-0.010914215913162127,-0.0905558894315763,-5.129638023624407,0.33078819710810137,0.9016334355617754,-0.24,1.5464095682470165,-2.1166503996686306,-302.44117744176947,0.0,-0.009004707331654432,11.999996423299937,0.0,1.5715467191553494,90.0,0.07402640713325945,0.051581999388837445,0.0571891380459526,0.1853867326368263,0.25684791415042946,0.042740997445788666,0.13049963020332123,0.13060724711149713,-35.75091227067627,0.08508874401448624
95.001,-2.099524868572786,197.80470827109218,5.078,-0.03,11.48,0.2,1.563172346507434,-0.21156833084655513,0.11258584407186734,-0.06876659072822891,-2.095076137141361,-301.127572892522,0.0,-0.04106865405087622,11.509361962335428,0.0,94.909,-0.06445340199311336,-0.12923179838244683,-5.0627567790992245,1.5375266488607882,-0.02253648928229115,-0.01873372975895759,-5.138844882234267,0.20961485504213764,0.8509815530392508,-0.2,1.5562312126738327,-2.117550870416696,-301.24117777962397,0.0,-0.009004707331105538,11.999996423299937,0.0,1.5715467191553036,92.0,0.07680079118367748,0.052923574679572816,0.05671622636849735,0.18735771103177665,0.2576572688207884,0.043641856790457886,0.1311500842620774,0.13251113294210937,-35.641197106487134,0.0861626518476015
95.1,-2.099525131168882,198.9586699844108,5.059,-0.01,11.55,0.16,1.5589701543238499,-0.12579174693358064,0.0063961864061264995,-0.01196031067760376,-2.0964009738273135,-299.9730676240483,0.0,-0.005545503983026283,11.576208264322965,0.0,95.008,-0.06317079391265504,-0.04921216768556222,-5.027785315446615,1.5713098651150463,-0.04660337473079229,0.043473272990950655,-5.143383614303911,0.015884289000541427,0.7735118994939754,-0.16,1.5703188420810146,-2.1184513411645964,-300.04117811747847,0.0,-0.009004707329136446,11.999996423299939,0.0,1.5715467191551395,92.0,0.10444084450324284,0.06272200701601634,0.058688830853375035,0.19998697841177054,0.2628593979819291,0.050958210848601304,0.1363780853741756,0.14857189509651242,-34.52424117803994,0.09337858351002667
95.2,-2.099525396932769,200.11263200341998,5.044,0.0,11.63,0.13,1.5606990475815277,-0.053815671012445436,-0.07868577517417943,0.054498643189082534,-2.095948889842352,-298.81128438026707,0.0,-0.037113963176847856,11.652749652806753,0.0,95.107,-0.041125643518732144,0.01682935341700239,-4.994729954918416,1.5384327675218388,-0.017689377605277827,0.09859597093596999,-5.1301990595444416,0.20995329351641184,0.6836871204790143,-0.13,1.5537475785681207,-2.1191717177626606,-299.08117838776207,0.0,-0.009004707324177748,11.99999642329994,0.0,1.5715467191547263,93.0,0.07673440444958805,0.05338861104279642,0.05713200698767565,0.18679820402493144,0.2571708321115859,0.043515945601974165,0.1309277344551719,0.13206869392485518,-35.58307522065023,0.08570272224395278
95.3,-2.099525666089889,201.2776898089732,5.032,0.01,11.71,0.09,1.5629846957188587,-0.007123289897052772,0.04240744120405024,-0.021895810022728925,-2.094644800072063,-297.8761599301649,0.0,-0.053788405974440456,11.717062249363952,0.0,95.239,-0.05283993791743506,0.07903127247980286,-4.912424579136159,1.5389240010278482,-0.017126327657853494,0.13477701048776008,-5.09317697637694,0.21625775459626684,0.569461692978555,-0.09,1.5523727052934218,-2.1200721885099325,-297.88117872561656,0.0,-0.00900470732433229,11.99999642329994,0.0,1.5715467191547392,61.0,0.07454532043019742,0.05148273366431551,0.05601894999868509,0.1848970503619338,0.256493609882384,0.042897831741814316,0.13058326655073724,0.13021370403679683,-35.77795605834988,0.084738419459818
95.4,-2.0995259371959207,202.45384339969547,5.023,0.03,11.79,0.07,1.5598916309562068,0.03481948767950591,0.03239630706120409,-0.03191546577508883,-2.0920478603662658,-296.6999839769689,0.0,-0.018100317418390167,11.797662232626893,0.0,95.239,-0.05283993791743506,0.07903127247980286,-4.912424579136159,1.5389240010278482,0.004328624936355138,0.18742211494286287,-5.101176976376969,0.21725780341635637,0.512425498951842,-0.07,1.550700735162387,-2.120972659257158,-296.68117906347106,0.0,-0.009004707323500956,11.99999642329994,0.0,1.57154671915467,61.0,0.09422065023271738,0.05884495827337314,0.057623042351096214,0.19450899053312704,0.2605182207589636,0.04833213976970764,0.13450146960816947,0.1417908068613754,-34.92360274230761,0.0901289835675403
95.5,-2.0904373502066917,203.62999698790085,5.016,0.05,11.87,0.04,1.5572822988641002,0.023832203534277393,0.030590115823606424,-0.02998432042623044,-2.088054333389587,-295.5159237161511,0.0,0.012439885991275327,11.875182800128446,0.0,95.371,-0.050327430630714425,0.10400426874917902,-4.898984485957834,1.5571511785068324,-0.030019773899981,0.18333712888741688,-5.064838719328396,0.0668990833567763,0.35299046834307113,-0.04,1.5612327490685014,-2.1218731300045386,-295.48117940132556,0.0,-0.00900470732593634,11.99999642329994,0.0,1.5715467191548729,89.0,0.07577854165442886,0.052466299372292836,0.05621403338163972,0.18580096660837786,0.25681841831820934,0.04328797457723253,0.13082907982606398,0.13112291354533523,-35.68423122763786,0.085203771129595
95.6,-2.081348765359408,204.81724668172444,5.011,0.06,11.94,0.02,1.556926282183502,0.09083438133032039,-0.049688587541765875,0.022054143884167227,-2.0811363204844295,-294.08520207355275,0.0,0.012322022534852227,11.961646635697235,0.0,95.47,-0.05881660494055655,0.11668427343283018,-5.01177457882104,1.5791063446446223,-0.06254557565094782,0.17837518112444353,-5.062034374919637,-0.10311882523175567,0.2237509748979054,-0.02,1.574341174491219,-2.122953694901505,-294.04117980675096,0.0,-0.009004707325891042,11.99999642329994,0.0,1.571546719154869,110.0,0.08083978365546045,0.055092405222651,0.05766170089580412,0.1884280383838771,0.25778049212081805,0.044606629994439255,0.13160364744240294,0.1341602947117277,-35.36498494153264,0.08656838651013637
95.7,-2.0904379010462577,206.01559183998367,5.007,0.07,12.0,0.0,1.5606581429627278,0.12325573386970347,-0.10768908762289947,0.0635872418372994,-2.0756016129533563,-293.12596856465854,0.0,-0.028180243777705737,12.011807361676773,0.0,95.635,-0.07244816010296752,0.12573062969540977,-4.904322195870661,1.5407822968355125,-0.05655104319911906,0.15527099998498123,-5.027031823546755,0.027575765768348803,0.08535829045818133,-0.0,1.5627226194820114,-2.123674071499419,-293.08118007703456,0.0,-0.009004707323492962,11.99999642329994,0.0,1.5715467191546693,65.0,0.09636442548717702,0.06052836111227642,0.05907559031103135,0.19567855331528833,0.2608773106139567,0.04907882904663476,0.13490736958297264,0.14339550761812916,-34.7338003962947,0.09073809274073086
95.8,-2.081349324303929,207.2472246937538,5.005,0.07,12.05,-0.01,1.56372891419125,0.14765834787378668,-0.025185010411144553,-0.0025484636338783907,-2.068560186390101,-291.9217947091965,0.0,-0.06640630595238022,12.063403154822836,0.0,95.701,-0.06953323102635713,0.1590617641125507,-4.988454237491951,1.5476692164698376,-0.047443574432619415,0.15921734070231577,-5.008234296195965,0.1220027989057772,0.036075943328459203,0.01,1.5549113819968703,-2.124574542246474,-291.88118041488906,0.0,-0.009004707318686137,11.999996423299939,0.0,1.5715467191542687,99.0,0.07440345940152968,0.05242438893838358,0.0573905074895247,0.18534613418282087,0.2566691892565669,0.043237174252864864,0.13079540154354183,0.13078701414883173,-35.66253052844667,0.08497936462986705
95.9,-2.072260741510881,208.45666596435666,5.007,0.06,12.09,-0.02,1.5620253580298762,0.10540253671014717,0.03075569315990202,-0.03426575425421384,-2.0619427655702354,-290.7131310878346,0.0,-0.047673177732967455,12.102781216618279,0.0,95.8,-0.07786302200875855,0.1567593541777072,-4.9307160626353905,1.5578525932193725,-0.06432750123554029,0.15684787091407607,-4.986944743861663,0.06121329296429388,-0.008496113941864891,0.02,1.56076369946404,-2.1254750129931805,-290.68118075274356,0.0,-0.009004707316983497,11.999996423299937,0.0,1.5715467191541268,100.0,0.07318199602084588,0.05138533138944261,0.05611814154031538,0.18494659676772737,0.25666917582403376,0.04296759855082465,0.13070816127175142,0.13016045005595692,-35.78274276766875,0.08484645561853411
96.0,-2.0722610234738568,209.66610756006418,5.011,0.06,12.12,-0.03,1.5606450020012,0.0708902384837127,-0.00985983428183095,0.0026420494553065425,-2.0557318641418982,-289.5011644701358,0.0,-0.03013826738924781,12.131598768868644,0.0,95.866,-0.09297843218064378,0.12184325692154513,-4.939785070373821,1.5406425234187644,-0.06403552887837508,0.13253048787679095,-4.979059928506912,0.09483966592938975,-0.08103966511809979,0.03,1.5579354879316754,-2.1263995267748035,-289.4685268032487,0.0,-0.010209577889256688,12.29057442517244,0.0,1.5716270101452228,94.0,0.07525752223140303,0.05246169583957286,0.055577283757570047,0.18658824410634464,0.25730520858277595,0.04355717662043885,0.13103966696393624,0.13159452380832154,-35.72114054138928,0.08571332222259995
96.1,-2.063172437115867,210.87554882713673,5.018,0.06,12.14,-0.03,1.5603260053929429,0.07965650477296768,0.004614778355345316,-0.009639529678096349,-2.049852320639218,-288.28678566528566,0.0,-0.0272769770639274,12.152333721577897,0.0,95.965,-0.09396416261670683,0.1045940144469533,-4.952944287592884,1.5609627496264578,-0.08180688529944413,0.10001095061310514,-4.972612380089847,0.013224050014540148,-0.14871544309452212,0.03,1.5646899634985663,-2.1274785487055548,-288.1751568445528,0.0,-0.011144920268374346,13.377524016165914,0.0,1.5716294344519235,75.0,0.07781725654898114,0.05429504434688261,0.056782306183298256,0.18782693507934625,0.25756092371785205,0.04393136324699878,0.13112439005639223,0.13296786486502854,-35.50687815158254,0.08623964978618529
96.2,-2.0540838512042967,212.084990425672,5.025,0.05,12.15,-0.03,1.5608593831446507,0.09563815351594837,-0.04068885822292327,0.018315163406569655,-2.044373809960663,-287.07077494219345,0.0,-0.03301491319226738,12.164895422286376,0.0,96.13,-0.10570030058347887,0.2577460884538838,-4.925683322926837,1.5459663824800003,-0.08698830860685396,0.19033567738061502,-4.963909199115603,0.07386139996140091,0.06622580010080092,0.03,1.5606575852648885,-2.1286309505611913,-286.7919466761967,0.0,-0.011664057130168213,13.999921618422013,0.0,1.5716294782045435,70.0,0.09375409624867982,0.0601775556236636,0.05827603931501125,0.1954975138087599,0.260799121461747,0.04866307150197756,0.13467214375784825,0.14254740601545704,-34.833038417803834,0.09061700875886347
96.3,-2.0540841303861583,213.2944320241704,5.03,0.05,12.16,-0.03,1.5615794687208273,-0.08935252733903495,-0.004685476526506354,-0.0024274069928950587,-2.0394960192390976,-285.85380096867175,0.0,-0.04367523556409966,12.173107253200536,0.0,96.229,-0.11443706666772507,0.4522770238325652,-4.92912370400904,1.5511902781311018,-0.0991646473590222,0.36683828734859797,-4.956605632531231,0.037328864002741324,0.43651586349580107,0.03,1.5638636585967038,-2.1297973588976493,-285.39195156186366,0.0,-0.011664095885023328,13.999968136011539,0.0,1.571629478204447,71.0,0.09940158694611162,0.06237522784910175,0.059481960784251886,0.19767659219385553,0.2616049908848466,0.04967321947592172,0.13528454770304474,0.14559199213292906,-34.58709296629755,0.09183637733596475
96.4,-2.054084409149368,214.51496907810116,5.034,0.04,12.17,-0.01,1.5620955331858735,-0.3915732425345141,-0.01505986198847584,0.013422204508061973,-2.035429378218094,-284.6356323142495,0.0,-0.04961261450998502,12.191195111589668,0.0,96.262,-0.1024185179311722,0.5080966753584142,-4.886585058653614,1.522722452393212,-0.06446982134202361,0.5097562885509872,-4.945260037421594,0.24642647865406933,0.663390847522173,0.01,1.5484811852261138,-2.1309637694573578,-283.9919536582198,0.0,-0.011664110070891286,13.99998516294533,0.0,1.5716294782044364,78.0,0.07504300688089167,0.051491664744621815,0.05713428522594712,0.18412443082352997,0.25618825883796476,0.042576701189050076,0.13040954634424592,0.12990082622254856,-35.73885130663182,0.08432517191566194
96.5,-2.044995815261629,215.72441034139246,5.036,0.03,12.23,0.02,1.5605741618808846,-0.4892520059447745,0.09248119947440162,-0.06413952109187321,-2.0321890588903786,-283.414220359367,0.0,-0.03250187507482671,12.23806383084669,0.0,96.361,-0.1078979661343547,0.6630493805658255,-4.909311578371499,1.5563337519032017,-0.0775275850070212,0.6834190317875317,-4.9422742307297245,0.1367080889569234,0.8788319555402122,-0.02,1.5580797778857725,-2.1321301808277093,-282.5919547335978,0.0,-0.01166411526315763,13.999991395359825,0.0,1.5716294782044165,100.0,0.08520584121311231,0.05671177462434978,0.05886018052737922,0.1905863801998613,0.2588108335164655,0.04503336949894322,0.13202027553772178,0.13670435499425085,-35.209807363035885,0.08784086223321656
96.6,-2.04499609546027,216.95604318175788,5.034,0.03,12.32,0.06,1.5583152957868318,-0.5317108614520211,0.011099452901547754,0.0042146606404157095,-2.0293453978389944,-282.1858697304084,0.0,-0.0016078511180164425,12.327172705097954,0.0,96.526,-0.12258857411915632,1.019753277258546,-4.946649589970127,1.5597318621548675,-0.10733641507805494,1.021412024976544,-4.9454288881589505,0.028067900483600777,1.3681869130262552,-0.06,1.5665541614502236,-2.1332965924948275,-281.19195543526524,0.0,-0.01166411716462681,13.999993676616867,0.0,1.5716294782044762,74.0,0.10667354936806406,0.06343417238921946,0.06062758213767523,0.1992204613030752,0.262372569399944,0.049929725938976564,0.13553246835539068,0.1484690289635314,-34.444376839598625,0.0928268244841103
96.7,-2.0449963721004494,218.1876756769633,5.026,0.03,12.47,0.09,1.560614672550235,-0.8343920464188727,-0.041021381454157756,0.05078257054347484,-2.02607334989897,-280.6960590039015,0.0,-0.035556775122277035,12.501994589022136,0.0,96.559,-0.11794401316041238,1.0827561769346223,-4.968409740372784,1.5489503409604932,-0.1023992911970904,1.2218501720853718,-4.9551161162482735,0.05377621329214281,1.4552601824490718,-0.09,1.5647802666647095,-2.134696286631696,-279.51195610562536,0.0,-0.011664117932638371,13.999994599424255,0.0,1.5716294782044171,122.0,0.09182868345611198,0.05862058109152819,0.06011253629505289,0.19292929350774085,0.25978734234961803,0.04613756055603544,0.13292225444727243,0.13999057241249627,-35.00100194702818,0.08916827784964942
96.8,-2.0359077781000323,219.44149975064167,5.013,0.03,12.68,0.12,1.5628522094946842,-0.6632269746313931,-0.013273871668331258,0.01991815185154788,-2.023886021990998,-279.43433080396966,0.0,-0.06093897223890519,12.721670202197224,0.0,96.658,-0.11137928876478112,1.2222536047920836,-4.8979408242624,1.5600093294405273,-0.10113342264622496,1.417332258361572,-4.961097871362712,0.04411152371115187,1.4661520210296661,-0.12,1.5655573865116397,-2.1358626984513305,-278.11195661516854,0.0,-0.011664118140303818,13.99999484941592,0.0,1.5716294782043732,102.0,0.10211517727640156,0.06353118646616202,0.06183878018542218,0.19867922460599236,0.2620279033589281,0.047974910677992776,0.13407073431420974,0.14669636610163703,-34.53640394151224,0.09242795180219522
96.9,-2.0359080628833226,220.728610843,4.998,0.02,12.96,0.12,1.564037837148879,-0.4441492292986344,-0.007226926046423568,0.014358840128604156,-2.0228494141017848,-278.4067303436392,0.0,-0.07289573291607436,12.945654216146847,0.0,96.823,-0.12048747397480393,1.6180614128927633,-4.924944176724347,1.5308238349188905,-0.09505449452679272,1.6947160173970273,-4.9682047806869125,0.16088947932961137,1.5903805609634176,-0.12,1.5583650257425443,-2.136795827915979,-276.99195701142986,0.0,-0.011664118205261058,13.999994929150182,0.0,1.571629478204268,77.0,0.11353937077354394,0.06688780908155903,0.06317822909717215,0.20264450815423427,0.26359770785163866,0.050173440425211206,0.13564186495000274,0.1528212942721645,-34.14921261647897,0.09476388745305392
97.001,-2.0359083557433877,222.03791385515171,4.985,0.01,13.29,0.1,1.5661356435765066,-0.4259217949619214,0.07781377226895432,-0.038776248493197184,-2.0226571622342577,-276.8278637387994,0.0,-0.09245035826646596,13.346134550073845,0.0,96.922,-0.1296683854621,1.7369185781103196,-4.839977266046409,1.5564837659439075,-0.11072403323843308,1.8601895247084428,-4.954740472957074,0.09018345702337134,1.438678624511299,-0.1,1.5639945006038245,226.76999999985128,1.501300605240603e-08,0.0,14.000000000001478,1.0846855670450871e-09,0.0,7.747754050321233e-11,79.0,0.09407534357175311,0.056217455550050595,0.06040389389645495,0.19057362838958722,0.25900652556242265,0.045199588097548586,0.13233716639952578,0.1386180194708537,-35.052719402818326,0.08793647753039875
97.101,-2.0359086566161295,223.38050423533548,4.975,0.01,13.67,0.06,1.5648978856068592,-0.22664130842544983,0.0012445837093220846,-0.0023154111302557717,-2.023467780859374,-275.47247472801,0.0,-0.08844046422520704,13.727427845761937,0.0,96.955,-0.12894446631858483,1.715833048987753,-4.8069862564370345,1.5514470608160775,-0.10314391659684143,1.9622831395261866,-4.948122235862453,0.11040284835963139,1.1534256621990764,-0.06,1.5626740341907872,-2.139361933955678,-273.9119580858471,0.0,-0.011664118251724242,13.999994986664348,0.0,1.571629478204164,105.0,0.09264320293563189,0.05559363017800707,0.05925729475373966,0.190785870012617,0.2592245077876432,0.044937585218554434,0.13222399042889185,0.13828400559250487,-35.17402547809735,0.08813502557577865
97.201,-2.035908967421591,224.7674777731709,4.967,0.01,14.07,0.04,1.56663496984658,-0.05580534303832341,0.050740345688372976,0.0003363081725614274,-2.0248293250164613,-274.0778739754518,0.0,-0.1204878572131471,14.123964104483704,0.0,97.087,-0.12233129245490333,1.7559771423772306,-4.809038251273587,1.5626611686832346,-0.11060836146664542,1.926254312265604,-4.934730106745938,0.0521626111641529,0.6164158220110032,-0.04,1.5665636916374472,-2.1405283457933093,-272.5119585721708,0.0,-0.011664118254020106,13.999994991154978,0.0,1.5716294782040607,94.0,0.08089731975346512,0.05366700737583951,0.05964348687986142,0.18663567504838818,0.2570744921453226,0.04127101582207387,0.12920512132269676,0.1322992993867027,-35.470559025587164,0.08557960996874461
97.3,-2.0359092807952166,226.15445165787474,4.963,0.01,14.45,0.02,1.5732364978783318,0.13138064994198467,0.03283719775986502,0.05245749742901783,-2.0260872523925686,-272.9337341077359,0.0,-0.21234167869673384,14.43509468407324,0.0,97.219,-0.12766774223076846,1.7486120583877627,-4.770660359414246,1.5504490672483844,-0.10509523321944726,1.8790107236537876,-4.9107484621139665,0.12380432093961093,0.15402575567487276,-0.02,1.5616344299798344,-2.141461475263513,-271.39195896102535,0.0,-0.011664118256003147,13.99999499258743,0.0,1.5716294782041171,81.0,0.09588898446200618,0.05684802577696051,0.059978615933215754,0.1914739177549289,0.2592511443484432,0.0452977364614599,0.13235967878788696,0.13946821626892014,-34.99191893308412,0.08837058668974565
97.402,-2.03590961235043,227.61909607853568,4.961,0.02,14.83,0.0,1.5768687874686456,0.23454316580754395,0.07841092723888833,-0.004440740597071686,-2.0277259434621526,-271.17118877099955,0.0,-0.28180889763532924,14.89119408242602,0.0,97.318,-0.12722194868237538,1.8347380837331326,-4.8116804134296425,1.555552862538406,-0.1142551486490088,1.8601763115597472,-4.894101129391972,0.07125539969261677,-0.15382586536117593,-0.0,1.5645784785447523,-2.142861169469023,-269.71195954418096,0.0,-0.011664118256942992,13.99999499339461,0.0,1.5716294782041362,74.0,0.06589829501034777,0.046127110933920315,0.05570070237561491,0.1783951202836921,0.25387561125147184,0.03789717127391084,0.12699681097129123,0.12341489441030128,-36.417108246090336,0.0813439834979682
97.502,-2.0359099515023757,229.11702786782928,4.963,0.04,15.19,-0.04,1.5816690456729865,0.3274366502108899,0.1012496005097269,0.016881104389669575,-2.028111134424486,-269.6615191542356,0.0,-0.3648822248008934,15.248387527880153,0.0,97.384,-0.14327712032411968,1.8788440520957383,-4.7287064787170126,1.5485458581380147,-0.12747883755582579,1.8535192832260279,-4.863288267173957,0.007413347796769255,-0.35806309004375336,0.04,1.5675996312735354,-2.1440275813068,-268.311960030101,0.0,-0.011664118252175504,13.999994993604927,0.0,1.5716294782037832,118.0,0.09330540749337841,0.05461731518742049,0.05713378155593824,0.18992674314402722,0.2587929724980739,0.04481124914631501,0.13210508621027614,0.13745899140903284,-35.27252637503908,0.08761533379357811
97.601,-2.0268214148132415,230.63715160116604,4.97,0.06,15.52,-0.12,1.5830001794409494,0.38246515039564705,-0.09131699515580606,-0.0065049188305202205,-2.0267274541948312,-268.11720993356016,0.0,-0.35509315080312626,15.581124048682447,0.0,97.516,-0.1336293514660788,1.61454904908411,-4.8898711997313296,1.5455926201538093,-0.10817655927190512,1.6156374317613387,-4.865318564011419,0.14170537643615927,-0.9817467012001817,0.12,1.5569231034009214,-2.1451939931443085,-266.91196051600724,0.0,-0.011664118252138032,13.99999499371293,0.0,1.571629478203774,85.0,0.0815423001017789,0.053800913673150284,0.05701836839753762,0.18751593730325053,0.25742591030579837,0.041704016481313104,0.12947356454307235,0.13272773429831994,-35.58003634124043,0.08606646849344127
97.7,-2.026821770269713,232.2016584985745,4.987,0.07,15.81,-0.19,1.5762168644603831,0.7579450174930735,-0.0842514632786655,-0.012472160282085941,-2.024387340486632,-266.8595514590925,0.0,-0.28075296353366175,15.809409755569984,0.0,97.615,-0.10775012115506834,1.365945232161611,-4.936793751917496,1.5365502654533254,-0.08303482531974762,1.3791990374636245,-4.855069333635898,0.23174330996263826,-1.4656603885536423,0.19,1.5497637228049814,-2.146127122614318,-265.791960904729,0.0,-0.011664118253086162,13.99999499371293,0.0,1.5716294782038418,85.0,0.11548948219225805,0.06354536979493627,0.059144083543697705,0.20019451774694574,0.26272599753227915,0.04998701070146907,0.1356174123611362,0.15086743562729754,-34.399849122831824,0.09337625016258742
97.8,-2.017733248413492,233.78835771606907,5.01,0.08,16.02,-0.26,1.5705428895333338,0.9858730329302406,0.04682746309785926,-0.04664083901311179,-2.020545852746784,-265.26505679608584,0.0,-0.1914722669273977,16.03305384398256,0.0,97.681,-0.13926490139392705,1.2382419672417613,-4.912645021162325,1.5415011731840464,-0.10702498689396635,1.1267868343274388,-4.836417720889296,0.09611399780099107,-1.8136892918857335,0.26,1.5584000769622426,-2.147293534451911,-264.3919613906308,0.0,-0.011664118254015787,13.999994993724297,0.0,1.5716294782039075,99.0,0.08038410900887112,0.05646426933397782,0.05911698715718575,0.18915078174996355,0.2578400089443966,0.04237752083078771,0.12998766154347877,0.13409677173748763,-35.40698108358105,0.08681392961225126
97.9,-2.017733616443536,235.38615273373284,5.041,0.09,16.13,-0.34,1.5658041877348463,1.3260854018631623,-0.06596017734596712,-0.046208252911870126,-2.0160291798650367,-263.6535084292646,0.0,-0.11498114840344854,16.162136915118694,0.0,97.813,-0.15050504624069147,1.0069762761237357,-4.9629670465230875,1.5430090772261493,-0.13896161483863417,0.8270052397023866,-4.8206042949238075,-0.012069038670227447,-2.1083452003473706,0.34,1.5652384835857798,-2.148459946289568,-262.9919618765314,0.0,-0.011664118253262164,13.999994993741351,0.0,1.5716294782038527,87.0,0.0813851872105793,0.05946056886165965,0.06102173273230282,0.19198089793590561,0.2588952372351873,0.04301465051356073,0.13042435037974506,0.1366269401784286,-35.18216933869868,0.08832852196593759
98.0,-2.0086450960776645,236.98394813828682,5.081,0.08,16.13,-0.41,1.5642940309506395,1.497747836911679,-0.13054174808395214,-0.01997245642013274,-2.0105060857820263,-261.7121289916467,0.0,-0.08952616552965478,16.162120541634724,0.0,97.912,-0.1430871181077328,0.7716967021338763,-4.958925290771013,1.557758579514569,-0.1409930813436257,0.5895866773476974,-4.791687675844678,-5.8101623410841685e-05,-2.134096787051483,0.41,1.5650845818781096,-2.149626358127061,-261.59196236243133,0.0,-0.011664118250078934,13.999994993741355,0.0,1.5716294782036253,88.0,0.11889613832925737,0.06966801577906591,0.06336313551821454,0.2056101867171177,0.26465936277053553,0.05206281191414568,0.13705186410085615,0.15681868809678293,-33.96599943525714,0.09649688560995001
98.1,-2.008645465665012,238.58174355587437,5.128,0.06,16.01,-0.47,1.565221432657216,1.2095102956495014,-0.07622021744862152,-0.00945014013025939,-2.0072434282872114,-260.10238892121254,0.0,-0.10274173871535557,16.026832649042625,0.0,97.978,-0.15548607045800858,0.48144222140396103,-4.997956223327501,1.537501465352346,-0.14137373197027148,0.28164475970559016,-4.761039832516806,0.05055460752210718,-2.1853801209328108,0.47,1.5627995607436584,-2.151026052331837,-259.91196294551105,0.0,-0.01166411825160335,13.999994993712932,0.0,1.5716294782037359,82.0,0.09014032215423162,0.06287254001316304,0.0633868685343804,0.196478031976264,0.2609393587918938,0.04567418555603965,0.13239370558401878,0.14240331958883615,-34.76524559949606,0.09101358120546285
98.2,-2.0086458355578856,240.1684435767518,5.176,0.03,15.78,-0.47,1.5657111541975774,1.1069674957198723,-0.010775738917773243,-0.01014327053623431,-2.006240198151475,-258.82801080484006,0.0,-0.10559702250337968,15.844588985332487,0.0,98.143,-0.1608275968003425,0.08303236290578456,-5.022555294222576,1.5616587175900594,-0.15290163257283435,-0.01677504321585907,-4.757506147035027,0.05233611901328902,-2.124228630262385,0.47,1.564766999042869,-2.1519591818017423,-258.79196333423243,0.0,-0.01166411825065522,13.999994993712932,0.0,1.5716294782036682,57.0,0.09129254272810727,0.06398814707928692,0.06463568483279075,0.19759630619272076,0.2613851449252963,0.045880374407553236,0.13249907713357398,0.14363409148385922,-34.629517990976126,0.09164927701683317
98.3,-2.0086461977656427,241.72185624463106,5.223,0.0,15.47,-0.44,1.565721741472606,0.7727698804153905,-0.0016571756824314398,0.0024353839542580018,-2.0072637225908267,-257.25951513432227,0.0,-0.10285421050749828,15.54182211413767,0.0,98.143,-0.1608275968003425,0.08303236290578456,-5.022555294222576,1.5616587175900594,-0.1456971435826505,-0.2123855047938167,-4.711906147035057,0.08190389987298444,-1.8183996466093415,0.44,1.5647968164763935,-2.153125593639072,-257.39196382013404,0.0,-0.011664118251120032,13.999994993718616,0.0,1.571629478203701,57.0,0.10105981064289998,0.06734221130044958,0.06596216379443276,0.2021757182511838,0.26334292102904805,0.048538807324293894,0.13447425151377265,0.14976292104560457,-34.25632903051787,0.09441560753920855
98.4,-2.0177354501244977,243.25307696733617,5.265,-0.02,15.11,-0.36,1.5657018428344769,0.20562007074858873,0.03863193505271559,0.01578432973685636,-2.010765431541503,-255.7246627344463,0.0,-0.10005726759015932,15.186062153803588,0.0,98.275,-0.17893737046220828,-0.20738702557990818,-5.018517280535959,1.567627073019113,-0.17544082031446587,-0.3926430730211482,-4.730479753161253,-0.024731328651430264,-1.5028267637891606,0.36,1.574083649352291,-2.1542920054764023,-255.99196430603476,0.0,-0.011664118248305986,13.99999499372146,0.0,1.5716294782034999,86.0,0.08523709079950116,0.05770843467097398,0.06360465023603369,0.19197708717608755,0.25959277791321733,0.044556864790209046,0.13173417574733096,0.1382239962168624,-35.04013382017584,0.08870128052715463
98.5,-2.0177357929040767,244.73991415695826,5.296,-0.05,14.75,-0.25,1.5670673289012653,-0.23119714636427122,-0.061588134545352474,0.013619165999837736,-2.018108799288383,-253.9302568296163,0.0,-0.12449030471564133,14.75920531991636,0.0,98.407,-0.16961728479785315,-0.5407315453371107,-5.147785863958766,1.5620164367641576,-0.15553266857960427,-0.5981456818680724,-4.797752270030347,0.13542304378975156,-1.3087235779481734,0.25,1.564441134693404,-2.1556916996813418,-254.3119648891141,0.0,-0.011664118252519203,13.999994993741351,0.0,1.5716294782037996,73.0,0.06211158214050351,0.046387214042238556,0.05951852770065183,0.17880253248663264,0.25425716214384264,0.03775469590242885,0.12687277410804884,0.12369124539988072,-36.301914527121916,0.08165307988630986
98.6,-2.035913926890359,246.1934635903498,5.313,-0.08,14.42,-0.11,1.5673130758248754,-0.3208440490060928,0.028260932645564243,-0.02083199741088467,-2.02494460826204,-252.76155003301017,0.0,-0.11932614188974931,14.493587765539184,0.0,98.473,-0.17419417825020608,-0.6091584307187343,-5.113108516732827,1.5572803784462932,-0.1466729091786987,-0.749214251334343,-4.816104419313369,0.1637637367526063,-1.0725104132995948,0.11,1.5645207918636514,-2.1566248291512875,-253.19196527783362,0.0,-0.011664118250417774,13.999994993741353,0.0,1.5716294782036495,89.0,0.08083883672442184,0.05378803996664517,0.06042892311018718,0.18923157114031833,0.25867905819195164,0.04351040066472322,0.13111812815672122,0.13488828667530364,-35.398740296430056,0.08729908692240007
98.7,-2.0359142510017705,247.62482067335662,5.318,-0.11,14.12,0.0,1.5654662959885342,-0.37784330439779934,0.030668498992739872,-0.012113483964160822,-2.035519786628545,-251.32943294517247,0.0,-0.09015437001771366,14.183857522730538,0.0,98.539,-0.16685796243275341,-0.6072012966393596,-5.228143109403658,1.5148264936155673,-0.09210410826858198,-0.8132518429895118,-4.855104595404075,0.40442568655110933,-0.7432830826377881,-0.0,1.5487895700566099,-2.1580245233560107,-251.51196586091288,0.0,-0.011664118248906983,13.999994993741355,0.0,1.5716294782035416,81.0,0.10414458012348812,0.06159570631711889,0.061627794749131555,0.19929454880387815,0.26273644133611634,0.049168483060598636,0.13510171108497826,0.1478568765449207,-34.52430314630934,0.09301971149932273
98.8,-2.0450034837633098,249.0672735435437,5.311,-0.12,13.83,0.11,1.5613680594277124,-0.45475215644054495,0.18328822786716056,-0.041250295306390614,-2.0476018252295183,-249.9268078495745,0.0,-0.03635212375833849,13.90203862683814,0.0,98.671,-0.1596529051615302,-0.6290864269283085,-5.141408438095454,1.5724413444001184,-0.12724876060497278,-0.7717094389420089,-4.9142793014808674,0.16761257976371818,-0.2706380366073855,-0.11,1.5672849238096251,-2.1589576528255865,-250.3919662496324,0.0,-0.011664118243404714,13.999994993741351,0.0,1.5716294782031486,109.0,0.08631545974735853,0.05649825335178149,0.06040270348095416,0.19166398087580977,0.25928279772105717,0.044586862507630935,0.13167744128501344,0.137580485421872,-35.16608929488545,0.08843279222145475
98.9,-2.063181598922526,250.43205507942002,5.296,-0.12,13.59,0.18,1.5594611587610583,-0.6231407086843792,-0.014176002256979778,0.03686791004330327,-2.060119025646858,-248.55040393596184,0.0,-0.0011816969200034943,13.657787376905215,0.0,98.836,-0.13404112634500837,-0.5600347898712421,-5.1819637458091945,1.5613280288448397,-0.12124557641969048,-0.6317038133832058,-4.973551177604547,0.18227583531780944,0.2867345960472196,-0.18,1.5663085694764525,-2.160124064661815,-248.99196673553178,0.0,-0.011664118234215618,13.999994993741353,0.0,1.5716294782024922,64.0,0.0889325833023983,0.059015423332104425,0.06150099682976533,0.19366746758320025,0.2598638399171544,0.04501197873115351,0.13188775374860992,0.13963095828968647,-34.96575986413225,0.08942757523904424
99.0,-2.0722708087703694,251.78574081656672,5.274,-0.13,13.41,0.25,1.5619137325000505,-0.7272293827098121,0.006629117520879373,0.02040489710600732,-2.0725752113512104,-247.1956811011242,0.0,-0.035430423082709384,13.465048357781628,0.0,98.902,-0.12418034280051767,-0.6161599158054122,-5.17816523576673,1.5665586349786973,-0.10139665650325257,-0.5633681977159208,-5.036256821627514,0.21370472103366056,0.5428592103956209,-0.25,1.5647972899211724,-2.161290476497039,-247.59196722143116,0.0,-0.011664118221725164,13.999994993741357,0.0,1.5716294782016,98.0,0.07898975192233743,0.05211309311384564,0.05917405976710458,0.18546120416493653,0.2566947530617974,0.04229347315833462,0.13017976078962465,0.1314802872227697,-35.60587309521452,0.08499759635074414
99.1,-2.090448926291103,253.12833034982603,5.248,-0.13,13.28,0.3,1.5627628416430694,-0.6160326578702143,0.03370903707405759,0.003968211628539829,-2.085071123355981,-245.85708737366022,0.0,-0.04685444976607263,13.329931695317383,0.0,99.034,-0.1137557927200428,-0.41205317660752605,-5.22978505418055,1.5791349788397986,-0.09844830342532236,-0.4192232197570402,-5.092587970690277,0.13415159769528867,0.8734832706127893,-0.3,1.5705029998804656,-2.16245688833083,-246.19196770733055,0.0,-0.011664118206648328,13.999994993741355,0.0,1.5716294782005231,66.0,0.08528047392930498,0.05534456062625809,0.059142984050283204,0.1901597980042967,0.2587462319708647,0.04412222742979993,0.13150535783563744,0.13618446361589398,-35.342214986369164,0.08765088373640714
99.2,-2.0995381330674974,254.448728288915,5.218,-0.13,13.21,0.32,1.5641668611813826,-0.613066193010642,-0.003193264941955638,0.023791113639612102,-2.0976311115947226,-244.52904042135214,0.0,-0.06287771087848139,13.248271665290778,0.0,99.133,-0.10302343488055168,-0.26377978047817685,-5.117493170404433,1.5713870299600214,-0.09285067710165955,-0.25120885126367665,-5.1257366675076526,0.09251372339054446,1.1434635009068312,-0.32,1.5734079745954046,-2.16362330016314,-244.79196819322993,0.0,-0.011664118191120742,13.999994993741353,0.0,1.571629478199414,67.0,0.10990821508291165,0.06372742954527387,0.061049778819172916,0.20057121890977214,0.2629445561952574,0.04952815112343294,0.13527465181431397,0.14998899917789146,-34.421967603940296,0.09362162177961444
99.302,-2.1177162541284105,255.78022200072692,5.188,-0.13,13.19,0.32,1.5665807896901407,-0.6152507655632217,-0.010700856123005207,0.027446226890949305,-2.112868011673812,-242.94180863360705,0.0,-0.10070554702594893,13.221191546811397,0.0,99.166,-0.08905741490047754,-0.3144630093076149,-5.135038340109354,1.5646285746752266,-0.07182670577268807,-0.14182811345371918,-5.160469737886082,0.1357042811675848,1.1927168536669495,-0.32,1.5703997201644155,-2.1650229943597643,-243.1119687763092,0.0,-0.011664118171993372,13.999994993741355,0.0,1.5716294781980478,94.0,0.08638490710276793,0.05673727263767766,0.06017866517822924,0.19054400563992135,0.2586560335573105,0.04395169933487485,0.13129000465242294,0.1366817210011128,-35.22579266498871,0.08772120172788589
99.4,-2.1268054694372722,257.1006199092724,5.159,-0.13,13.23,0.3,1.5679604679488133,-0.4470477807947513,0.023277664374344927,0.0035446357907830033,-2.123231241623454,-241.88325245027073,0.0,-0.11311935431693107,13.244944312024522,0.0,99.298,-0.07442608330087079,-0.21358478316529306,-5.114618715247882,1.5461346182714808,-0.04514471600851785,-0.0525031015482966,-5.184988606050222,0.2419024657524618,1.14278034498688,-0.3,1.5630107625500052,-2.1659561238229705,-241.9919691650287,0.0,-0.011664118160534979,13.999994993741359,0.0,1.5716294781972293,102.0,0.09086701503421188,0.05921059928257891,0.06136729396019329,0.19309489309643757,0.2596227120634624,0.04470229146164556,0.13171472894747555,0.1395653092993676,-34.9681016884234,0.0891117061205462
99.5,-2.144983603421892,258.4321139975041,5.133,-0.13,13.3,0.27,1.5669961835399755,-0.25406161250601283,0.07994403525281948,-0.03167734621860793,-2.1363166545151717,-240.5553798453749,0.0,-0.10169361275234409,13.311805833369025,0.0,99.397,-0.08406733651734465,-0.05796366159512743,-5.0665756578418275,1.5586712105059926,-0.0473073275150288,0.0741380447770235,-5.191075171572633,0.17694073952793418,1.1439598950787868,-0.27,1.5675464857115347,-2.1671225356506896,-240.5919696509281,0.0,-0.011664118145035372,13.999994993741357,0.0,1.5716294781961222,103.0,0.08491793809307484,0.053473580066972407,0.05914870807814018,0.18702799915794086,0.2574225386348579,0.042978517329191064,0.13062898575693255,0.13372597038040934,-35.41788212231919,0.08590750913847198
99.6,-2.1540728253562946,259.76360766900814,5.109,-0.12,13.4,0.23,1.565946047720734,-0.1910245287058643,0.017670776760879855,-0.0004997863721349729,-2.1490404406175543,-239.21919849694848,0.0,-0.08650004129941745,13.406473154106454,0.0,99.463,-0.06355738919993904,0.029098079114184713,-5.005445047862082,1.5623528277903087,-0.03457929504357237,0.18542802916757803,-5.196599901421337,0.16206184240053395,1.0893796809366574,-0.23,1.5678933920126943,-2.1682889474769236,-239.19197013682748,0.0,-0.011664118131888992,13.999994993741353,0.0,1.5716294781951832,97.0,0.08630285727334062,0.05372487838963133,0.05801926658467788,0.1881651990767824,0.25800688178266273,0.04334591200714321,0.13092450293351404,0.134694567773484,-35.42494705742317,0.08660570643182758
99.7,-2.1722509800216585,261.11729372483876,5.09,-0.11,13.51,0.18,1.5662346333873012,-0.13362004169771718,0.005169221546156066,0.00043740723208582935,-2.163233321953193,-237.6017093848862,0.0,-0.09154303698091316,13.544121901775608,0.0,99.628,-0.039489210981171585,0.14293159997426683,-5.005629381506278,1.5650095075982091,-0.025364186381060437,0.24107272010565534,-5.181062994918658,0.1445868996867935,0.91980375949192,-0.18,1.5683994242432269,-2.1696886416668484,-237.51197071990674,0.0,-0.011664118118369583,13.999994993741357,0.0,1.5716294781942175,72.0,0.10750876450213852,0.06067303696698649,0.05942486314733534,0.19703734888850044,0.261627245321231,0.04829068730461663,0.13445628086632347,0.14645368051579327,-34.63366626499315,0.09162384562487513
99.8,-2.18134021679424,262.47097936332557,5.074,-0.1,13.64,0.14,1.5665300083954372,-0.011863109270023351,-0.0003884739134000001,0.003266216010776877,-2.171948505024872,-236.51370869823018,0.0,-0.09558512667278954,13.644281817670814,0.0,99.628,-0.039489210981171585,0.14293159997426683,-5.005629381506278,1.5650095075982091,-0.011541004530976687,0.3260427995014701,-5.196862994918703,0.13393772754926891,0.8269417324450767,-0.14,1.5684504498347054,-2.1706217711257887,-236.39197110862625,0.0,-0.011664118106954707,13.999994993741351,0.0,1.5716294781934022,72.0,0.11086344996675972,0.06294168400255942,0.06042644065422378,0.19897395351283353,0.26220418843743937,0.048865862010397276,0.1347239230948878,0.14878379338850858,-34.431769323389844,0.09263687891101077
99.901,-2.1904294628531176,263.8357611965372,5.064,-0.09,13.77,0.1,1.5667944546465316,0.011603532536573036,0.0032162975722600093,-0.00269283006314712,-2.183886854520829,-234.86649094153938,0.0,-0.10179408795720021,13.796418417090619,0.0,99.76,-0.027899995028803755,0.24127330448692932,-4.96785029693466,1.5479738401658318,0.023418555543566654,0.3519437259848746,-5.159012724418616,0.28727134407129634,0.6316886337195822,-0.1,1.5570993907965567,-2.1720214653125978,-234.71197169170551,0.0,-0.011664118091797048,13.999994993741351,0.0,1.5716294781923195,120.0,0.08106365639213338,0.05162228958854538,0.05756647863075652,0.18473304256011186,0.25645200486201714,0.04220719388176349,0.1301703331410492,0.13116976728865953,-35.64236427189834,0.0846599427740922
100.0,-2.19951871680432,265.2227346026924,5.056,-0.07,13.89,0.06,1.565184939713452,0.08444005238335345,0.0694637899422051,-0.04667292121488043,-2.190975283590156,-233.7583273118581,0.0,-0.08122857718708393,13.894908534281111,0.0,99.892,-0.004268484236913665,0.29143686032301874,-5.022467426589694,1.532210137263806,0.046832265903311486,0.3684554772067438,-5.135018444197177,0.3479404435299371,0.4579284590672401,-0.06,1.5514272808674623,-2.1729545947694735,-233.59197208042497,0.0,-0.011664118084311479,13.999994993741353,0.0,1.5716294781917848,88.0,0.07446296931745788,0.048706428530575184,0.05595892968904736,0.18155791303660213,0.2552068045206515,0.040385790409440445,0.12880398642150742,0.12736371963663595,-36.020506598357855,0.08301605952282007
100.1,-2.1995190558271105,266.6097084243909,5.05,-0.05,14.01,0.03,1.561116203726504,0.12677580366683777,0.07907424962280349,-0.05442332509620897,-2.198290743988606,-232.36242414602643,0.0,-0.02623593374541575,14.009989216349494,0.0,100.024,-0.009341567337641705,0.3149776448894324,-4.962566673307165,1.5553370712049386,0.022766389045459447,0.36039319621492555,-5.10635757018434,0.1713233773618644,0.2585331816672589,-0.03,1.5622936690861944,-2.1741210065899814,-232.19197256632435,0.0,-0.011664118078548088,13.999994993741353,0.0,1.571629478191373,76.0,0.09412763758591877,0.0557943104058808,0.057569809969064606,0.19074661110275395,0.2590221180810578,0.045338389171638474,0.1323380450596128,0.13833295525630984,-35.160153248454684,0.0880230503082855
100.2,-2.2086083201152604,268.0188734006283,5.045,-0.02,14.1,0.0,1.5590561330926158,0.17597126930549128,-0.030323746836726687,0.005327567227815331,-2.2031120429499413,-230.9557217231469,0.0,0.0050750460332778516,14.111509291039996,0.0,100.123,0.009386976558332802,0.2955697974435281,-4.971034073410723,1.5710392790532892,0.017109085975668882,0.33582235965522483,-5.073183361350013,0.06748420429733668,0.08437873282838027,-0.0,1.5674486985474751,-2.1752874184098965,-230.79197305222368,0.0,-0.011664118075162792,13.99999499374135,0.0,1.5716294781911313,58.0,0.05786665323426866,0.0434373568621903,0.05400340341918492,0.17400042177841862,0.25178885822022,0.03555674336812321,0.12510850791218134,0.11874191776243215,-36.88074772844671,0.07897995129095581
100.3,-2.20860866040006,269.4058472133457,5.043,0.0,14.19,-0.02,1.5607244317096214,0.19702341896704778,-0.06452614778489191,0.027220150468633842,-2.205327584622975,-229.53975739068852,0.0,-0.019089612517722704,14.196324583358386,0.0,100.156,0.010297225558819071,0.3142707220783995,-4.877581801606458,1.5557467490703216,0.028983797599590886,0.3311217069088566,-5.053403279653459,0.08537681881254228,-0.013672253578489446,0.02,1.5647739077210154,-2.1764538302294603,-229.39197353812307,0.0,-0.011664118069467794,13.999994993741355,0.0,1.5716294781907245,104.0,0.08820766190504103,0.053922414816302486,0.05620743553068093,0.18839292923416298,0.2580367067374073,0.04437088043469487,0.13174611033561193,0.13524814467573937,-35.43659356074786,0.08671354938756848
100.401,-2.208609006541323,270.81501260521424,5.043,0.01,14.25,-0.04,1.562103744657014,0.15759340347155043,-0.0231224041628355,0.008138725994689884,-2.2053524565945604,-227.8308846258033,0.0,-0.04206094742946309,14.274295713761944,0.0,100.321,0.008857778923094755,0.23093742157709196,-4.87882194016663,1.5479337203028942,0.03537017025284442,0.24983672433968865,-5.0158070779399075,0.1420896071986615,-0.22983304637358692,0.04,1.5599488352998738,-2.1778535244126935,-227.7119741212015,0.0,-0.011664118073980033,13.999994993747036,0.0,1.5716294781910465,80.0,0.10554021523397628,0.05984509075628688,0.057703971591433714,0.19562300333640215,0.26094420326182255,0.04819228776747279,0.13434943984841824,0.14478242549483528,-34.74871695130499,0.09076206103417578
100.5,-2.208609357702713,272.2463695741223,5.047,0.03,14.3,-0.06,1.5616718810659387,0.2287353640149354,0.015138646359662741,-0.015380302679642412,-2.2041245989004206,-226.68718461842553,0.0,-0.0362022831881396,14.31165016745883,0.0,100.387,0.005663670262908585,0.21585411243452615,-4.963377375993154,1.5436103133365355,0.03641291775238599,0.20005440559106547,-5.0047284181332685,0.12970668664572965,-0.3344450443170004,0.06,1.5593610687090749,-2.178786653868393,-226.59197450992056,0.0,-0.011664118072919252,13.999994993749878,0.0,1.5716294781909705,73.0,0.07350659321294305,0.05053493254926593,0.05634926849485501,0.18250371506887278,0.2553038751733387,0.04059928428599392,0.1288168452192686,0.12786199490268116,-35.92877917106455,0.08334964831133473
100.6,-2.1995207813422155,273.6666311829865,5.054,0.04,14.32,-0.08,1.5604778007280569,0.2268763851045262,0.007007995662950742,-0.01350674648770444,-2.2012265201382526,-225.25426157873994,0.0,-0.02035026722836936,14.340305708504577,0.0,100.453,0.01308430835697012,0.22083417345578704,-4.970846525240267,1.5496794170083756,0.04253229219753817,0.16464474866870835,-4.994032881658189,0.12921110703335836,-0.3626528661004258,0.08,1.558673477370531,-2.179953065687992,-225.1919749958196,0.0,-0.011664118072644806,13.999994993741353,0.0,1.5716294781909514,107.0,0.09381520166245956,0.05740093241911869,0.058093114630754616,0.1917041027310197,0.25924221412150733,0.0459783998963704,0.132772220273625,0.13917043339299956,-35.07370416264511,0.08846852563401775
100.7,-2.2086100646782967,275.0979885786036,5.063,0.06,14.33,-0.08,1.5595667940240838,0.1690679241110554,0.008348723513836564,-0.008454497204102528,-2.1955831213586605,-223.5326489076229,0.0,-0.0057462378751123875,14.348311373295397,0.0,100.552,-0.005128419488452761,0.1670858356399176,-5.016693959641763,1.5467345204798297,0.01868876517349431,0.11218964357198154,-4.988093803033335,0.03269644478233184,-0.40911745804880084,0.08,1.5641376200285926,-2.181352759871525,-223.511975578898,0.0,-0.011664118073654368,13.999994993744194,0.0,1.5716294781910234,68.0,0.09771732809553123,0.05986275469077993,0.059395209723094214,0.19423949814033345,0.2601785021469151,0.0466843016705809,0.13312965871106988,0.1419847822155652,-34.82738629176034,0.08984608570611707
100.8,-2.199521487742345,276.52934598106043,5.074,0.08,14.32,-0.08,1.5598923825335245,0.0,0.0,0.0,-2.190512118934251,-222.38508499168566,0.0,-0.013059552002133507,14.340414820458633,0.0,100.684,-0.010866839704920011,0.10494826735580233,-4.955015594415959,1.5572296959939893,-0.007385970903359797,0.04964960496937331,-4.970042045067169,-0.025142351561111657,-0.4500585354576714,0.08,1.567562175291537,-2.182285889327239,-222.39197596761716,0.0,-0.011664118073803582,13.999994993744194,0.0,1.571629478191034,96.0,0.07571409386289842,0.051410186614734926,0.057652807687086506,0.18361602427318877,0.25586359828015987,0.04119401162559535,0.12923077079573975,0.12927804154047984,-35.7668563120957,0.08399501336437293
100.9,-2.190432905712669,277.9496075933631,5.084,0.08,14.29,-0.07,1.5616187528383474,0.14461748456359133,-0.0738587715609693,0.01987898714691038,-2.1830050076437812,-220.95215343133808,0.0,-0.03783880686261031,14.318006112391123,0.0,100.783,-0.016862352719651842,0.060919894613435846,-4.9614857526926475,1.557821363173887,-0.013994427517016832,0.006064832642640904,-4.961011853163672,-0.024774569247518516,-0.431022646035343,0.07,1.5668115350572744,-2.1834523011469233,-220.9919764535159,0.0,-0.011664118074613452,13.999994993749878,0.0,1.5716294781910916,77.0,0.07771696982068191,0.05260758523905869,0.05859483227989056,0.18479406657534034,0.25628701236877277,0.04152126190370908,0.1293840258520097,0.13053696087881483,-35.60705363596675,0.0845852223481443
101.001,-2.190433257645523,279.3809649965191,5.094,0.09,14.26,-0.06,1.5631752908837535,0.09944948768814038,-0.04656815891226527,0.00920567586068597,-2.173139538631433,-219.23657247939312,0.0,-0.06422162515199584,14.275143918024682,0.0,100.915,-0.021296808916306486,0.016646518579710837,-5.003228153958311,1.5484577440534693,-0.016332591867796814,-0.0338721101100861,-4.962106739471654,0.00462788841000869,-0.40577396785725917,0.06,1.5639661786009036,282.76999999987345,1.9340670725313143e-08,0.0,14.000000000001478,1.0860797644242938e-09,0.0,7.757712603029851e-11,86.0,0.11064576790522151,0.06200605959337948,0.060060111520464164,0.19812883087585462,0.2620603149334694,0.04998100740567472,0.1357046514386037,0.14853895018810565,-34.45736520626445,0.09226733294857017
101.1,-2.1813446711781097,280.80122661120737,5.101,0.09,14.21,-0.04,1.5635591657508652,0.061475144618038484,-0.014296206693648485,-0.005371486684530377,-2.1664725627772183,-218.096067496555,0.0,-0.06713224102343805,14.239862442228297,0.0,100.981,-0.0388656957997665,-0.036838596366491665,-5.020157357860945,1.5742754614694507,-0.044630196185992746,-0.08059505481871569,-4.964131608151449,-0.11491470693347415,-0.3842371143512384,0.04,1.572598374187898,-2.185785124785843,-218.19197742531344,0.0,-0.011664118067853679,13.999994993744199,0.0,1.571629478190609,79.0,0.07470509201663256,0.05088098078710862,0.05768840587146625,0.18334641830626341,0.2557993634280331,0.040869236056433646,0.12900312180576493,0.12885900047845447,-35.80612632445626,0.08387590017966978
101.2,-2.1722560758337153,282.2103919938663,5.105,0.08,14.16,-0.02,1.564734081798468,0.04770401552387257,-0.0684668380866071,0.023952727951449624,-2.158394198524975,-216.67467982212563,0.0,-0.08295428978554072,14.190354510256167,0.0,101.08,-0.04631511413364429,-0.04093295777385024,-5.045902650264362,1.570833143733818,-0.06100984051846231,-0.10184946252615794,-4.970692595392391,-0.1294383107487383,-0.3151690322715499,0.02,1.5743671974492632,-2.1871848189687397,-216.51197800839105,0.0,-0.011664118068749106,13.999994993755568,0.0,1.5716294781906723,100.0,0.08552686993410415,0.05415368368897509,0.05870071612828652,0.18769369886822468,0.2576313031794266,0.04371314217367114,0.13108034111396213,0.13438894860979808,-35.34177740542921,0.08624909514185725
101.3,-2.1631674752838705,283.6195573741293,5.107,0.07,14.11,-0.01,1.5674896599401273,0.0022550293335555417,-0.05930163948667686,0.02171766394328711,-2.1511015071179367,-215.258426551081,0.0,-0.12213257340002108,14.137058258021115,0.0,101.179,-0.035103685305482774,-0.06542210056464215,-4.9710495163772,1.5413938751340945,-0.022084250329508472,-0.1173478858780767,-4.968949243654485,0.14436016505834123,-0.24886660493718793,0.01,1.555332722735642,-2.1881179484240367,-215.39197839710988,0.0,-0.011664118068445199,13.999994993752722,0.0,1.5716294781906508,121.0,0.09533753124305061,0.057420375920715826,0.05957970173183397,0.19199006050396594,0.25942346002517397,0.04614655053952465,0.13283775719697938,0.13987217410042035,-34.94739066745298,0.08865511175340204
101.4,-2.1631678139408876,285.0287227493575,5.107,0.06,14.06,0.01,1.5669333732828985,-0.027142821532938306,0.06582132876753226,-0.047978365950535874,-2.1439859916406188,-213.56591413506004,0.0,-0.10212100250973277,14.074381095380602,0.0,101.278,-0.06506392380216008,-0.10452239148645427,-5.060183288675518,1.56350399664861,-0.05034814854462831,-0.13905004542453075,-4.981037941524869,0.012485365936817247,-0.20394750737278677,-0.01,1.5655650601871063,-2.1895176426069183,-213.71197898018804,0.0,-0.011664118069539438,13.999994993752724,0.0,1.571629478190729,62.0,0.08385202101362135,0.05338396862809914,0.05759925723655878,0.18729481371062187,0.25752909015769576,0.04325449020887844,0.1307833860181278,0.13357450847070165,-35.46667961159401,0.08606980753133811
101.5,-2.1540792088038216,286.426792333024,5.106,0.04,14.01,0.02,1.5641422509823477,-0.031453380532378776,-0.019986325660816238,-0.0007549481739670607,-2.140087926474111,-212.44169877547728,0.0,-0.07543767170264666,14.034467181509124,0.0,101.377,-0.09457382058363545,-0.11515807080260547,-5.009948123248189,1.5791406878257812,-0.10069942616429028,-0.14459247272116144,-4.987930647384257,-0.15488830208876503,-0.13778194770181607,-0.02,1.579078035966437,-2.1904507720623796,-212.59197936890632,0.0,-0.011664118070543524,13.999994993752724,0.0,1.5716294781908007,83.0,0.07975486554509811,0.051376787312849635,0.056302369115191285,0.18506774864256936,0.2566376901597303,0.042293792618903286,0.13016547336565584,0.13101516056943674,-35.72018138031679,0.08488018204976348
101.6,-2.1540795438405667,287.8248619112153,5.103,0.03,13.96,0.04,1.5666774679583053,-0.041176394063374165,-0.09957647374411123,0.04844682674844286,-2.1359887671924525,-211.04082266410094,0.0,-0.10919437154720545,13.98653512959743,0.0,101.542,-0.08733659748836252,-0.09462525180365475,-5.05566414029475,1.53298216096696,-0.07445235311126223,-0.11609414290989574,-4.999914766290416,0.13512070473052537,-0.006685435260312289,-0.04,1.5589630812355673,-2.1916171838817227,-211.1919798548047,0.0,-0.011664118070485941,13.99999499374704,0.0,1.571629478190797,58.0,0.1383314994094123,0.06980651761881325,0.060580168107915576,0.2084602362292993,0.2662008715435052,0.0554713506819939,0.1394383392632932,0.16451720570119227,-33.69108498007041,0.09850269196557765
101.7,-2.144990927521931,289.2118352439459,5.099,0.02,13.92,0.05,1.567690705708463,-0.09713315669690058,0.05404954760504299,-0.03823493246521432,-2.1331420924871685,-209.6444404823778,0.0,-0.1265076982485538,13.943874077673584,0.0,101.575,-0.0651415847238395,-0.1306141130495978,-4.966021745501476,1.552825593886438,-0.04435111705096022,-0.12442155455956688,-5.000603181807664,0.2287440893578144,0.014235195256238953,-0.05,1.5529469315023983,-2.1927835957011577,-209.79198034070365,0.0,-0.011664118074391112,13.999994993744194,0.0,1.571629478191076,125.0,0.10124055396140981,0.06168171493075071,0.061033076918028714,0.1954232734564631,0.2603767179011149,0.04701980796017666,0.13324366336509194,0.1437303474022517,-34.56942420243191,0.0903478356508439
101.8,-2.144991269132575,290.6431921848523,5.092,0.01,13.89,0.06,1.5629237546261887,-0.06784158575175502,0.09986585789171609,-0.04858032740128766,-2.1314792806299914,-208.25189515898867,0.0,-0.062205096212823364,13.910027351352898,0.0,101.707,-0.09884593703653968,-0.1115235340276595,-4.996840662568939,1.5370892914444587,-0.05816312005961573,-0.10857505899044062,-5.005525880950524,0.1997126027581498,0.06893242081051909,-0.06,1.5557739152866852,-2.193950007521288,-208.39198082660232,0.0,-0.011664118085213863,13.999994993749876,0.0,1.5716294781918487,93.0,0.08399585559805217,0.053664719988406544,0.058547656033418466,0.18676334237639228,0.25721642142733403,0.04329330735465141,0.13082776286006356,0.13339408146024917,-35.40821031106748,0.08571820280636955
101.9,-2.1449915965665554,292.0301655031525,5.085,0.01,13.86,0.07,1.5597683732074241,-0.0657504315842783,0.03685807534076934,-0.01815212268812203,-2.130250907919611,-206.8624592880779,0.0,-0.01593458095095381,13.882131723988099,0.0,101.806,-0.09616908872767997,-0.09496686501894783,-4.905803215482326,1.5421689564182393,-0.06244952013064928,-0.09376466782268335,-5.009104005984076,0.1826125860774526,0.11352467421652968,-0.07,1.557013090778595,-2.195116419342222,-206.9919813125008,0.0,-0.011664118086918132,13.999994993747036,0.0,1.5716294781919706,74.0,0.06062859641775492,0.04367648599786822,0.05407114246429808,0.17526150968448853,0.25260135550060825,0.03686788004640239,0.12630773355464547,0.12034407629256136,-36.756611196456376,0.07978111755231895
102.0,-2.144991923993018,293.41713881249865,5.078,0.01,13.84,0.07,1.5585422004249434,-0.06556833961794772,0.011934006316603452,-0.009034660858351239,-2.1288338112841014,-205.4754836532941,0.0,0.0016902969534293268,13.860441735465734,0.0,101.905,-0.09480529610228419,-0.08997494249604203,-4.982977041249145,1.576828778181908,-0.08828386111655659,-0.07831855821271416,-5.013132476666916,0.0038563193064475917,0.14297978528991706,-0.07,1.5698053853086227,-2.1963260523509427,-205.56741069511915,0.0,-0.012658721096068021,14.637826956779895,0.0,1.571661121684039,95.0,0.08135219946296005,0.051617512376510646,0.05582209969768192,0.18579201395803902,0.2570463913942596,0.042677153544097124,0.1305055893538192,0.1318432228226676,-35.700998424450916,0.08533649016470027
102.1,-2.1449922518428366,294.7930167900882,5.07,0.01,13.83,0.07,1.5600346234303455,-0.05832087115424463,-0.07342853322272333,0.04003089544104776,-2.126719120317356,-203.81349196783546,0.0,-0.02632790752029114,13.842196883899383,0.0,102.037,-0.1009470184685584,0.03130676050527035,-4.982861118293653,1.5682598437540807,-0.08519404867464696,-0.0001332932255112241,-5.013174722300603,0.06391964441759647,0.29777320961739484,-0.07,1.5655641526378707,-2.197878411521819,-203.7724258661817,0.0,-0.012972731931743,14.99993559478056,0.0,1.5716611790881194,44.0,0.05573301226990133,0.04162632028567731,0.0524377566736236,0.17202574416796726,0.25096719692935215,0.034837408719739345,0.12461228125427971,0.11690789379898595,-37.121481910753815,0.07800746319458085
102.2,-2.144992578789143,296.1799900881705,5.063,0.01,13.82,0.07,1.5626519341629486,-0.14722117388834302,-0.017392958181702178,0.013967636816698898,-2.1253392885458275,-202.70638339240236,0.0,-0.05367091770773062,13.836598794042484,0.0,102.136,-0.09860553497036086,0.14955914431467782,-4.940713216264124,1.5341379527114123,-0.06077280562111639,0.12503740405404018,-5.021284314434858,0.25456789053550694,0.5276220601587962,-0.07,1.5523585739233114,-2.198916231503328,-202.57242940016914,0.0,-0.012972760142974124,14.999968213850982,0.0,1.5716611790881558,44.0,0.0552943489176637,0.04176551719973256,0.05205546013668023,0.17206875579222672,0.2509536889372284,0.034756864994036685,0.12457734425492167,0.11682455945614212,-37.163789050539805,0.07801320580499471
102.3,-2.1449929033711044,297.5558675898928,5.057,0.01,13.83,0.08,1.5613928419214227,-0.29289572664338315,0.0795019653489572,-0.04970582022836671,-2.123922334304729,-201.3224489231278,0.0,-0.040336450670164566,13.844044600628896,0.0,102.235,-0.09543752977078025,0.2807444471355893,-4.910990988508718,1.5598922436775233,-0.07183549902426123,0.26989860723964565,-5.0171395443701154,0.14656866559345721,0.7494578283216526,-0.08,1.5600577486499017,-2.200213508425269,-201.07243154550218,0.0,-0.012972774629499898,14.999984964825071,0.0,1.571661179088116,45.0,0.05631078733157111,0.04251839871260256,0.05232679413768354,0.1726579876595686,0.2511280654256625,0.034917324228795454,0.12460781377894696,0.11733922511686792,-37.08961323923512,0.07826198380383244
102.4,-2.1449932309470228,298.94284087268477,5.048,0.01,13.87,0.09,1.5595293604445202,-0.4024532029624044,0.0021786486394384194,0.0028041610603013974,-2.1222071737068884,-199.65873334290532,0.0,-0.012162777695756534,13.887954805186723,0.0,102.334,-0.10099389676846347,0.41142611820154185,-4.947374952318614,1.537576705942908,-0.08560398658942552,0.42773572908086543,-5.01333233546695,0.09531864610948391,0.9352844634128523,-0.09,1.5636828620086736,-2.2017702418104688,-199.27243285957027,0.0,-0.012972780491265547,14.999991740847715,0.0,1.5716611790882165,27.0,0.056584821900005036,0.04251671197001037,0.05220580356003161,0.17260579607394527,0.25112449471624826,0.034933246618350504,0.12468422182036686,0.11735771836660505,-37.097423437276944,0.07824873535240195
102.5,-2.1359046037970586,300.3298141519091,5.039,0.02,13.94,0.11,1.560568353221987,-0.45757060652540144,-0.024647077155997312,0.01944257317317457,-2.120848967323732,-198.54522961489073,0.0,-0.023918575413379488,13.945980244963575,0.0,102.433,-0.1046431647421876,0.5249874219371581,-4.952105031610711,1.552866413164162,-0.08009865647997748,0.5696768290760431,-5.010673546307677,0.13256049025101568,1.0306921348369968,-0.11,1.5606060691805748,-2.2028080643035466,-198.07243345965324,0.0,-0.012972781874553118,14.999993340512484,0.0,1.571661179088204,47.0,0.05780428207486042,0.04331795120165675,0.05239167625547187,0.17361920209787893,0.2515762486309707,0.03532724400385718,0.1249874662223019,0.11826678475727258,-37.014853050372594,0.07877092379156389
102.6,-2.1359049325152455,301.72788321175904,5.029,0.02,14.06,0.12,1.561141782501016,-0.4070945472830086,0.012277565489022072,-0.0048814966698995195,-2.119026073356803,-197.14499557277375,0.0,-0.032799503779791184,14.054301673357244,0.0,102.532,-0.10603172472592806,0.642039573303859,-5.005228165402199,1.5761157448304892,-0.09751901693856678,0.696155712521865,-5.012381291812236,-0.020763103111390426,1.0366924474979715,-0.12,1.570846874496878,-2.204105342515208,-196.57243409832856,0.0,-0.012972782582401083,14.999994161996531,0.0,1.5716611790880297,28.0,0.057545441738446064,0.0432221869390134,0.05243997699972154,0.1733631233948349,0.25145829723859875,0.035110695133352604,0.1248053223718092,0.1180247637048219,-37.03406053402108,0.07863752320049852
102.7,-2.135905263235969,303.1370480529083,5.016,0.02,14.21,0.12,1.5626679976147155,-0.29494828230683556,-0.06222482374614409,0.047026468615274875,-2.1172955787187018,-195.73176945105337,0.0,-0.05153236688093336,14.200910242906659,0.0,102.631,-0.10256974769947681,0.7441518125235332,-4.876186311343521,1.562249366366067,-0.10031907691987528,0.811079967729935,-5.011190026945753,-0.017469455151969654,0.992316707043873,-0.12,1.5706298689534095,-2.2054026207687114,-195.07243468774573,0.0,-0.012972782840748553,14.999994462686848,0.0,1.571661179087916,29.0,0.06297852465024001,0.04686836079492457,0.05457744092291926,0.17691046768631472,0.25274252863865476,0.03612251731757759,0.12531352078605038,0.12132604897722524,-36.557449410636565,0.08030577381548488
102.8,-2.1359056002907977,304.5684044677994,5.003,0.01,14.39,0.1,1.5653731874797978,-0.18829116888290315,-0.0419837454462913,0.02715540361011506,-2.116186538941261,-194.30211371753677,0.0,-0.09225649621122978,14.377787324254951,0.0,102.73,-0.10268456497087562,0.8292550892788979,-4.834337825906363,1.544792930037958,-0.08989241445584822,0.8981539805073773,-4.999066078410735,0.10919290941815106,0.8731405062457789,-0.1,1.5629872860197969,-2.206699899037212,-193.57243525917903,0.0,-0.012972782928508805,14.99999457238328,0.0,1.571661179087442,30.0,0.058109360028646175,0.04289859436615928,0.0535514539165409,0.17239535877390344,0.2510368017394942,0.03492852817423473,0.12470546256726275,0.11759583536701679,-36.9724102770526,0.07814154658079467
102.9,-2.1359059388341137,306.0108566641361,4.992,0.0,14.59,0.08,1.5658236202460267,-0.08023932449860416,0.03393578594586732,-0.01972931949224182,-2.1162740612310134,-192.85354428327747,0.0,-0.10239045569138838,14.574953705927173,0.0,102.829,-0.10869368909079805,0.9001462483133816,-4.897596472597098,1.5458154074156842,-0.08781589161321429,0.9667163245114734,-4.986197277439645,0.1360421377210747,0.720514675846406,-0.08,1.5619110240816871,-2.207997177310726,-192.07243582397894,0.0,-0.01297278295928413,14.99999461303201,0.0,1.57166117908715,31.0,0.05720454560709158,0.04172375713091778,0.05268022528669477,0.17161781631028084,0.2508470769162854,0.034526275072645,0.12445819010011204,0.11684727370943222,-37.112288950939,0.07784108061819575
103.0,-2.135906283340333,307.47550043267387,4.985,0.0,14.79,0.05,1.5646861824814713,0.007446674011154798,0.03423747191450056,-0.017776458893087124,-2.117560441548029,-191.38468336907937,0.0,-0.08701784344612931,14.781227126423168,0.0,102.928,-0.10677411260285756,0.9205710703495588,-4.823175684769542,1.5408701785939052,-0.08197105666484011,0.9928640189132992,-4.965972592579485,0.19469791968446298,0.5067267450753548,-0.05,1.5580689368109606,-2.2092944555861003,-190.57243638635222,0.0,-0.0129727829704195,14.999994627717504,0.0,1.5716611790870456,32.0,0.05710390615809616,0.041213118801693656,0.05209347174248806,0.17123332484179077,0.2506949115522827,0.034321133343806313,0.12428858823964618,0.1164674906332493,-37.16777108018631,0.07766000400717507
103.1,-2.1359066362094836,308.96233625886816,4.982,0.0,15.0,0.01,1.563153937985424,0.09693375353224443,0.04276631872381339,-0.026142740647826512,-2.1196191118809558,-189.89519336541684,0.0,-0.06616316055647742,14.986571076211634,0.0,103.027,-0.11623956695254373,0.9894602230132382,-4.933663280960686,1.5563753551945407,-0.08877891034018179,1.0263826623877208,-4.95907033923948,0.1467456800016608,0.3436629698360978,-0.01,1.5612326908936753,-2.2105917338622385,-189.0724369478425,0.0,-0.012972782975958481,14.999994633163107,0.0,1.571661179087101,33.0,0.05721264157075105,0.041194826723985674,0.05170304026813922,0.17128724328819667,0.25069287740826235,0.034339833727443134,0.1242943304763488,0.11645804774278744,-37.18336829990846,0.07767433393455431
103.2,-2.135906994825362,310.47136365945704,4.981,0.0,15.19,-0.01,1.5622575954210498,0.0,0.0,0.0,-2.1219921631546708,-188.38563590876953,0.0,-0.05240739591097799,15.182728796516516,0.0,103.126,-0.09851361170839802,0.9711023340634167,-4.932824478855464,1.5433018419257085,-0.08207775266818851,1.0261912648356888,-4.939806088335027,0.16527018815043354,0.19269963913600385,-0.0,1.5600248328493067,-2.2118890121386667,-187.57243750900716,0.0,-0.012972782979041364,14.999994635152625,0.0,1.5716611790871917,29.0,0.05665945146194256,0.041428514273209524,0.051461405896414784,0.17153555240950283,0.25076138330048253,0.03435048429172476,0.12430081876229272,0.11651125794294648,-37.18813454608314,0.07776852204759066
103.3,-2.1359073476756123,311.95819947921996,4.982,0.0,15.37,-0.04,1.5618488435309867,0.12703364026604516,0.004801323712771603,-0.00851227752632535,-2.124444882462715,-186.85719775548066,0.0,-0.04764316964376373,15.36545629746356,0.0,103.225,-0.10886260926242483,0.9599876556848187,-4.908725227832101,1.538985379594045,-0.08036960666487122,0.9991035381677598,-4.93142830888922,0.18667343579519324,-0.051377008333664875,0.04,1.5586108845130837,-2.2131862904153503,-186.07243807005318,0.0,-0.01297278298008958,14.999994635871694,0.0,1.5716611790872201,35.0,0.05721537100263681,0.0416744904433129,0.05134260323072781,0.17176366808440868,0.25079844211565416,0.034471230047431585,0.12434160482421458,0.11669814137188123,-37.17634692434504,0.07784582777833682
103.4,-2.1359077135063984,313.50051424407695,4.984,0.0,15.53,-0.06,1.5611939384278397,0.1780074476390202,0.011398323988472939,-0.010929007399368753,-2.1268907534517836,-185.31128283785844,0.0,-0.037671970790151894,15.53340190619804,0.0,103.324,-0.10578521317410229,0.8927266889137259,-4.86499556621562,1.5519486699708296,-0.08487542092525706,0.9325159147202702,-4.9144515268249265,0.1337944127354748,-0.2861904174214036,0.06,1.5620195852234846,-2.214483568692159,-184.5724386310555,0.0,-0.012972782981182407,14.999994636141698,0.0,1.5716611790872774,36.0,0.05834513693120976,0.0424598474934214,0.051453965958017524,0.17261980365585813,0.25112863817752007,0.034798825177328845,0.12458076570651523,0.11744901921032178,-37.08742809510383,0.07825385831713833
103.5,-2.1359080855392136,315.0539252888364,4.991,0.0,15.68,-0.08,1.561052025356565,0.0,0.0,0.0,-2.129246117091852,-183.74955545823025,0.0,-0.03505748662590868,15.68278935004,0.0,103.423,-0.10643230766918167,0.8514871521945525,-4.919005964627714,1.5629125400802677,-0.089321143553108,0.854385959782627,-4.908112367180923,0.08761153505164643,-0.4626250735644195,0.07,1.565027682532803,-2.215780846969095,-183.07243919204194,0.0,-0.012972782984476032,14.999994636229802,0.0,1.571661179087492,38.0,0.05864460016389528,0.04291629244482394,0.051615875155377335,0.1730010240783675,0.2512677115183078,0.034977298846782294,0.12469811592415452,0.11778304458711072,-37.042692719156705,0.07843279683884989
103.601,-2.135908459674411,316.62952741780646,4.999,0.0,15.8,-0.1,1.562125523635421,0.290244824124974,-0.026028995363472893,0.015245514709401883,-2.132041090343962,-181.85760508946422,0.0,-0.0568879591680136,15.831216942956434,0.0,103.555,-0.09882211092450892,0.7876158309407627,-4.819617169465803,1.5583526536035244,-0.09102762474678415,0.758034295505994,-4.889751730115803,0.07946706235192018,-0.6723333684293298,0.1,1.5655432806156793,-2.217337580901887,-181.2724398652183,0.0,-0.01297278298818735,14.999994636280967,0.0,1.5716611790877364,46.0,0.0593122064725383,0.0433323086194185,0.051828620128275056,0.1734114737693572,0.25144412789483195,0.03524404849259059,0.12487721174645722,0.11821398232670126,-36.9850545123066,0.07864108640528258
103.7,-2.135908837369172,318.2051300430271,5.009,0.0,15.9,-0.12,1.5633736146290342,0.3796695763027864,-0.019683283988197936,0.010450826720991378,-2.134059970746127,-180.5875144186394,0.0,-0.07247446583541096,15.907817727736422,0.0,103.621,-0.10073278606132645,0.6747634487238545,-4.844868837258618,1.5715650787528166,-0.09540702200858522,0.6506040004709709,-4.874434809813684,0.01071134268175427,-0.8267950707643319,0.12,1.5700857054685744,-2.2183754035239334,-180.07244031400046,0.0,-0.01297278298815896,14.999994636286651,0.0,1.5716611790877342,39.0,0.05921673216617586,0.04377366583950771,0.05232017044242361,0.17369683708952763,0.25153485768965334,0.035278701268015876,0.12484944032027796,0.11843250078389836,-36.946349516923576,0.07876707497424262
103.834,-2.135909315265792,320.19127738732476,5.023,-0.01,15.97,-0.14,1.565738396779869,0.3691827504489627,-0.04605260404213294,0.025524268163829016,-2.1384027397584613,-178.3532567824514,0.0,-0.11493906789669732,15.992046477607104,0.0,103.72,-0.09731688480082881,0.5778444919758424,-4.919199173767855,1.5746185158350527,-0.08946849678072072,0.498880833880404,-4.863983105379386,0.035491021812973256,-0.9433876196426709,0.14,1.5690999366361862,-2.220191593112617,-177.97244109936923,0.0,-0.01297278299254545,14.99999463628665,0.0,1.5716611790880266,114.0,0.10922194719861401,0.059124381093252805,0.05604992854921067,0.19444575204599598,0.2604802282058314,0.04803411918185955,0.1343734048975365,0.14458930900411796,-34.569240789205814,0.08995167546030332
103.902,-2.1449985761520622,321.37852737999094,5.034,-0.02,15.99,-0.15,1.5670724332474657,0.3808775068702078,0.0001492298406098682,0.012275765335798617,-2.1416494585948507,-177.07290061109921,0.0,-0.1350645187473377,16.00930236521412,0.0,103.819,-0.09197284878434621,0.4659652976548407,-4.884489125296747,1.5384671404998984,-0.06298051971127902,0.37153065216088865,-4.854467556179497,0.1756785729522375,-1.080387700436006,0.15,1.5603552158799912,-2.221229415734863,-176.7724415481514,0.0,-0.012972782988418752,14.999994636286651,0.0,1.5716611790877515,41.0,0.0924082656263332,0.05588518966000814,0.05538621557426255,0.19036264567469244,0.25881907669410564,0.045221130008292185,0.13242754480055421,0.13753733140522822,-35.169557094747525,0.08766142571757839
104.0,-2.1449989638190914,322.97632209734644,5.05,-0.02,15.98,-0.16,1.566479811039988,0.48805354990790917,0.0725804041980341,-0.01607802939633755,-2.1454690254264417,-175.79218038388473,0.0,-0.12428585550592254,16.004021489085574,0.0,103.918,-0.10277686010460603,0.3853906410479293,-4.973271109881066,1.5372603043072526,-0.06962866013361838,0.26244299839830265,-4.859684720392565,0.22369992306800726,-1.072220494047441,0.16,1.5571331754754123,-2.2222672383565465,-175.57244199693355,0.0,-0.012972782977397563,14.999994636286651,0.0,1.5716611790870167,42.0,0.06167416579837865,0.0451303185504889,0.05421320580625144,0.1754558865181114,0.2520151108772215,0.03660341609848084,0.1257115307158702,0.1202191033125058,-36.64330101149513,0.07933184793375336
104.1,-2.1540883259814763,324.56302052038063,5.067,-0.03,15.93,-0.16,1.5640132609431188,0.3696752118517308,0.07243022962764718,-0.02112239833224609,-2.1505539926332773,-174.19375456274005,0.0,-0.085472746644968,15.961948722084069,0.0,104.017,-0.10642332885371819,0.264554448967771,-4.9374192015395835,1.5560582662381708,-0.06901799363851097,0.15341643164787921,-4.863962196855976,0.20293877589776924,-1.0253343380887099,0.16,1.5591938514654,-2.223564516633054,-174.07244255791124,0.0,-0.01297278297942927,14.99999463628665,0.0,1.5716611790871522,43.0,0.06277297826042369,0.04534020053881548,0.054395413096078205,0.1762813271717763,0.2526110444075118,0.03697436352779921,0.12674005564841534,0.12127263288062262,-36.623274334803256,0.07991121836468804
104.2,-2.1540887128763018,326.14971945916585,5.082,-0.02,15.85,-0.15,1.5622335160758833,0.23960560278728696,0.02942055309404192,-0.007947041229794668,-2.1559880498616697,-172.28393616806596,0.0,-0.053069149939810586,15.870052580098188,0.0,104.116,-0.09489725219331345,0.15305409795925184,-4.976441839739317,1.5375523087730327,-0.05655797411735413,0.043556720104710726,-4.873671456724972,0.26599232205051826,-0.9649843299299121,0.15,1.5542716595392985,-2.225121250565861,-172.27244323108448,0.0,-0.012972782999596477,14.99999463628665,0.0,1.5716611790884967,44.0,0.06061726011046034,0.04356554242433716,0.053526776995143036,0.17443581405190098,0.2520926174238611,0.03618720800308959,0.12641543669783084,0.1197064422076384,-36.8243164938229,0.0791520839901253
104.3,-2.1540890932075882,327.72532209918063,5.097,-0.01,15.75,-0.13,1.560628132955406,0.15238872250073662,0.054502602228785973,-0.019589864092322037,-2.159239658427043,-170.7022221727879,0.0,-0.024665784303900377,15.771885248638828,0.0,104.281,-0.09632389534920843,-0.01697868228285377,-5.01408846524158,1.571448205843049,-0.08899389096767758,-0.04712760496866092,-4.895556157846373,0.026313264679656098,-0.8618606752491491,0.13,1.569700605039799,-2.2264185288454126,-170.77244379206218,0.0,-0.012972783020086765,14.999994636286651,0.0,1.5716611790898627,19.0,0.06086081030930676,0.04357736943061952,0.05320624036583184,0.17459628684509274,0.25231125129681975,0.03627737601958082,0.126352190724688,0.11985968439471961,-36.81832134969013,0.07933840241425444
104.4,-2.163178455395453,329.28982894769354,5.109,0.0,15.65,-0.09,1.560570349046264,0.0483414464264787,-0.10317256341689149,0.02961723972083253,-2.16080221224122,-169.44432370483372,0.0,-0.026777483563446475,15.685799302020364,0.0,104.314,-0.09876457931785533,-0.04401195648272487,-4.976318906255467,1.5480693358904674,-0.08297751386446384,-0.12698610994590082,-4.893074705750344,0.06940022949577142,-0.7562792379174361,0.09,1.5661366632816396,-2.2274563514704693,-169.57244424084433,0.0,-0.01297278303607065,14.99999463628665,0.0,1.5716611790909283,46.0,0.0630335502605392,0.04405447305766341,0.052905443579037634,0.17537755756286438,0.2527339054159666,0.036803753969816784,0.12653164709841272,0.12070949968236167,-36.75216154333473,0.07981099435058552
104.5,-2.163178832434312,330.8432400117317,5.117,0.0,15.53,-0.05,1.5635713735271735,-0.010027486053451478,-0.04145580785381487,0.011949179229221603,-2.16175874147675,-167.88183893070567,0.0,-0.07494281574213986,15.574482547910032,0.0,104.413,-0.08758438429115444,-0.11523394241255065,-5.017233325638511,1.5614460122557872,-0.0781493561016135,-0.19534400465226068,-4.914804679198189,0.06272621082895746,-0.628857162764664,0.05,1.566586861721023,-2.2287536297535944,-168.07244480182203,0.0,-0.012972783052883876,14.999994636286653,0.0,1.5716611790920492,50.0,0.061879706860158555,0.04322341618905707,0.052175606829112035,0.17431912532701552,0.2523169254774774,0.03630025700009249,0.12606646386043416,0.11968110608186724,-36.866394394373756,0.07931315843487073
104.6,-2.1631792028565684,332.3855547641414,5.119,0.0,15.43,-0.01,1.5649527428348105,-0.055956117936565644,-0.02106256317798619,0.009792019140256058,-2.162391033909742,-166.0214232369776,0.0,-0.09914864094403904,15.443227816199643,0.0,104.512,-0.09646091302141599,-0.19776334240674462,-5.011343648191615,1.556619283212584,-0.0838533233102749,-0.25268857361357,-4.934136555052675,0.06363800483521072,-0.5239206910984944,0.01,1.5665270875881732,-2.2303103636943855,-166.27244547499524,0.0,-0.012972783052047878,14.999994636286653,0.0,1.5716611790919934,52.0,0.06182386742565708,0.04311054769747676,0.051789830642814026,0.17412833856632604,0.25223645930883004,0.03629623950371636,0.12600149229094249,0.11950059922243272,-36.89304474609597,0.07923405844575886
104.7,-2.1631795709022725,333.91677372236387,5.117,0.0,15.32,0.02,1.5657445467684905,-0.07192756492203864,-0.014137735636855374,0.003992201158530393,-2.1628622697177384,-164.78970849952486,0.0,-0.10745799029217111,15.35936478855679,0.0,104.611,-0.09736586488011707,-0.2849619669700541,-5.042515993206087,1.5511490944469821,-0.08250776643695494,-0.3117254240082757,-4.9573572416672675,0.07107273093211006,-0.43804930167403633,-0.02,1.5660205959757936,-2.2313481863215383,-165.0724459237774,0.0,-0.012972783051578254,14.999994636286653,0.0,1.5716611790919621,50.0,0.061705893886717315,0.043226389877554075,0.051589481756372416,0.1741653323083725,0.25222464576329634,0.03631242955121573,0.1259498592479104,0.11947040724308282,-36.90309485686281,0.07925102660197017
104.8,-2.163179949857593,335.49237583640877,5.11,0.0,15.22,0.05,1.5661377651293318,-0.055326845573483246,-0.002898852351635593,0.0021790887487459377,-2.1639591590563674,-162.95434537832367,0.0,-0.11358262363964922,15.239661467835996,0.0,104.71,-0.0944074827105344,-0.3176443327919259,-5.024952404753023,1.5354364109729808,-0.05875693674967733,-0.3408846695534306,-4.975509073489645,0.25827798754682946,-0.3189704573538279,-0.05,1.5534651667758075,-2.232904920262282,-163.27244659695063,0.0,-0.01297278305215446,14.999994636286653,0.0,1.5716611790920005,50.0,0.06199526647350228,0.04337118269156671,0.051473935959247256,0.17424228249281792,0.2522260614148217,0.036388048555534715,0.12595559163298511,0.11954129884275812,-36.89450478684444,0.07928364019421993
104.9,-2.1631803094119135,337.0014026779313,5.101,0.0,15.13,0.08,1.5641541751709322,0.0,0.0,0.0,-2.1649397499587817,-161.7385332428401,0.0,-0.08694978351810773,15.164313173677927,0.0,104.809,-0.10708282318887623,-0.3424910489083231,-4.997783625414188,1.589442136304981,-0.10529220351273685,-0.3557894393040229,-4.9887301424799695,-0.07415254658702257,-0.21926450681156062,-0.07,1.5764324627748993,-2.233942742889435,-162.0724470457328,0.0,-0.012972783053040417,14.999994636286653,0.0,1.5716611790920596,51.0,0.06273422749442795,0.043409172680665596,0.05145557730950398,0.17420746976407717,0.25217604016485057,0.03651963742169309,0.1260064313823013,0.11961991843033754,-36.86860312442706,0.07925512023516786
105.0,-2.172269662060927,338.51042897867967,5.088,-0.01,15.04,0.09,1.563888250910912,-0.08409168721217797,-0.08794639831568085,0.04513876126991044,-2.1662298154625677,-160.22702682689953,0.0,-0.07230153316117012,15.075007768026836,0.0,104.908,-0.10097038163625474,-0.35754536131490844,-4.963349045554998,1.561821453746475,-0.09295569658495467,-0.3602036563826164,-4.99846520225193,0.03295729261534363,-0.0825748371407613,-0.09,1.5692614854476556,-2.2352400211733783,-160.57244760671048,0.0,-0.012972783052097838,14.999994636286653,0.0,1.5716611790919968,52.0,0.06280314735042714,0.043550127843993654,0.0514493121161678,0.17432149230304295,0.25218936576101986,0.03652190893258924,0.1259816169492806,0.11968055719251544,-36.86108940995948,0.07929982417246749
105.1,-2.172270019892224,340.00836001361387,5.075,-0.02,14.96,0.1,1.5671807202186925,0.0,0.0,0.0,-2.1678050263180655,-158.72407369329184,0.0,-0.1258951940545898,14.992495590390789,0.0,105.007,-0.09154456859588096,-0.36559679766539993,-5.008885129486129,1.5719443109240356,-0.08601949871009763,-0.3540422547399085,-5.011744990231017,0.04917793276543741,0.0052649660775774265,-0.1,1.5681819023191945,-2.236537299457291,-159.07244816768818,0.0,-0.012972783052047878,14.999994636286653,0.0,1.5716611790919934,53.0,0.06279257815503574,0.04368195210367506,0.05147148151345636,0.17443373944036897,0.25220220664519977,0.03653554065966428,0.12597738344530696,0.11973856358301259,-36.85689499410818,0.07934205347061128
105.2,-2.172270378340329,341.50629103924786,5.061,-0.03,14.89,0.1,1.5678115087237698,0.0,0.0,0.0,-2.1701226400585005,-157.22881935838126,0.0,-0.13612636945247014,14.919489095182442,0.0,105.106,-0.09843348105544603,-0.3733856278909224,-4.975719900155027,1.5555903632431893,-0.07943010152249586,-0.3483558196979778,-5.0172226954543415,0.1070309461937735,0.08095489366401587,-0.1,1.5649908281425013,-2.237834577741187,-157.57244872866588,0.0,-0.01297278305106533,14.999994636286653,0.0,1.571661179091928,54.0,0.06262631947369122,0.04367140184700614,0.051486113439830374,0.17438261523663898,0.25214976473122636,0.03651223988272378,0.12595195014421387,0.11966590486440917,-36.8643318666524,0.07930261935818528
105.3,-2.1813597288725504,342.99312572812926,5.049,-0.03,14.83,0.1,1.5674849991363031,-0.08836543954069823,0.02981102763544272,-0.00792998660003827,-2.173301364901248,-155.74035358618872,0.0,-0.13155806469566905,14.855732140427179,0.0,105.205,-0.10032896430756895,-0.3563240081191327,-4.980927258838423,1.5590259039207361,-0.07207179929250608,-0.3276966828065736,-5.023018011488396,0.14597758929218757,0.18340318984971482,-0.1,1.5630715437504172,-2.239131856024943,-156.0724492896429,0.0,-0.012972783050054393,14.999994636292337,0.0,1.5716611790918602,55.0,0.06276416810724132,0.04361140681435808,0.05148412832058812,0.1742977690778814,0.25208940734903423,0.03650803427919526,0.1259431721692565,0.11961521185755193,-36.86347351380536,0.07924854603415565
105.401,-2.1813600829468243,344.46886515725714,5.037,-0.04,14.78,0.09,1.566425769184951,0.0,0.0,0.0,-2.178018346991551,-153.96189488322966,0.0,-0.11226906799075768,14.791403297252904,0.0,105.37,-0.09949151361899632,-0.2653364257163274,-4.953781474722701,1.5447663395811824,-0.08423396870432029,-0.2709195459132254,-5.022432779459082,0.12961495864908382,0.31082021480212774,-0.09,1.5648619533378114,-2.240688589965276,-154.2724499628137,0.0,-0.012972783047830056,14.999994636312229,0.0,1.5716611790917108,31.0,0.06349706142874476,0.04378865957434908,0.05154895253466631,0.1745434646491873,0.2521739340911055,0.036667554499277985,0.1260572358373327,0.11989866837145904,-36.82806364866665,0.07936350869622635
105.5,-2.190449438778529,345.9446045761747,5.027,-0.04,14.73,0.09,1.565447907024298,-0.0625987556516143,0.023572759014902214,-0.009010381366414077,-2.182353249439294,-152.48523103386225,0.0,-0.09741093881177021,14.746856602816317,0.0,105.436,-0.093852705287281,-0.2488908592666536,-5.0090542846397,1.5447603798273195,-0.06663597146303922,-0.22426379632300114,-5.030009184181864,0.19961000616363683,0.40837746858092316,-0.09,1.5602533149939877,-2.2419858682485865,-152.77245052378947,0.0,-0.012972783041342072,14.999994636300864,0.0,1.571661179091279,45.0,0.06061659131231542,0.04330491993289409,0.05143280457208714,0.17393214240196894,0.2518974377318,0.03624358009443396,0.12579436958057538,0.11903755043149004,-36.75530818039109,0.07894462840577694
105.6,-2.1904497920925508,347.40924820216566,5.019,-0.04,14.7,0.08,1.564481443320636,-0.19392072490486384,0.04285806963671525,-0.015231552036800697,-2.1858732255774584,-151.30668069607714,0.0,-0.08622623551752444,14.720395144809647,0.0,105.535,-0.07920658986556584,-0.22700976889354427,-4.9222307557766305,1.5669444652149567,-0.06180957002844347,-0.19234759144400498,-5.029837785511528,0.13175846902743668,0.433762397712961,-0.08,1.5647332380378358,-2.2430236908747854,-151.57245097257078,0.0,-0.012972783039784188,14.999994636298018,0.0,1.5716611790911752,25.0,0.06242416098093691,0.04572065059958659,0.05338154428447703,0.17595729830090046,0.2522924118428158,0.036209230931863914,0.124952113834067,0.12037331409071472,-36.61385460395692,0.07968461925513513
105.7,-2.199539155625601,348.88498815384133,5.011,-0.04,14.68,0.08,1.5642825165439882,-0.15125603799674117,-0.0001789275665022057,0.00832165635145513,-2.1900993996572873,-149.83583226110392,0.0,-0.08065958093684318,14.70062840665492,0.0,105.634,-0.0773113744091325,-0.19667784176989236,-4.943902393994427,1.5623113716646322,-0.07127623500122184,-0.16130107663831358,-5.0248161760089385,0.06540423964928777,0.44054249662314504,-0.08,1.5691162140772847,-2.244320969157288,-150.07245153354737,0.0,-0.012972783036475961,14.999994636300864,0.0,1.5716611790909545,26.0,0.057136528085931344,0.04244038222731296,0.05266850059590255,0.1722303987327346,0.25082711737403596,0.034720159768181526,0.12471258341402797,0.11717601085426951,-37.043423021802894,0.07787498305229078
105.8,-2.199539510156896,350.3496317657779,5.003,-0.04,14.68,0.08,1.5656564594854159,-0.1035796340625036,-0.03690678322066856,0.021318065303799965,-2.1940507985781226,-148.36615705725706,0.0,-0.09968657030919463,14.694671780741029,0.0,105.733,-0.08217733231852516,-0.13598518606031018,-4.840215936415977,1.5723522595835968,-0.0691655210224986,-0.11597780000454996,-5.004304058061651,0.03896113536371522,0.4581430802982922,-0.08,1.570864952426795,-2.2456182474397055,-148.5724520945232,0.0,-0.01297278303854851,14.999994636298018,0.0,1.5716611790910928,27.0,0.056990418160883786,0.041685296243619156,0.0521316314014696,0.17171895482150257,0.2508055415304549,0.03456263073281181,0.12491951153319131,0.1168935575898872,-37.123671770830256,0.07775088389081998
105.9,-2.208628872120883,351.81427536731826,4.997,-0.04,14.69,0.07,1.567427090895597,-0.08866294006880449,-0.027372043784784847,0.01604210737115819,-2.197931363083798,-146.89646004361313,0.0,-0.1254686032370376,14.698981312476327,0.0,105.832,-0.07871739177302618,-0.12385647527764525,-4.920064789648469,1.5539063417664274,-0.06063350462674211,-0.07983861772563498,-4.993537118909272,0.10015298090819094,0.4409981255647608,-0.07,1.5668208677063908,-2.246915525722611,-147.0724526554991,0.0,-0.012972783045850053,14.999994636306546,0.0,1.571661179091579,28.0,0.06250449290085316,0.0434580406297705,0.052084997969506726,0.1745492547371379,0.25221635475320536,0.03650335214097301,0.12643684223007665,0.11990756166658129,-36.83349561276745,0.07929989019808412
106.0,-2.2086292316566016,353.2789195174909,4.993,-0.04,14.7,0.07,1.5681214989770689,-0.061638508979305805,0.017993307361464154,-0.0035534628691250942,-2.2020196148121642,-145.42584780983708,0.0,-0.13764819431659117,14.711396747135074,0.0,105.931,-0.079143350828175,-0.09009626355002887,-4.906653533295941,1.5466561197071969,-0.050482113095458955,-0.0579370310951632,-4.985466698963146,0.19105961836847918,0.39575324825587366,-0.07,1.5607898982282662,-2.2482128040058322,-145.57245321647534,0.0,-0.012972783040028042,14.999994636306546,0.0,1.571661179091191,29.0,0.05648738163521319,0.041629816881660196,0.05162931689853334,0.17167207047237917,0.2509193938597529,0.03445079114149459,0.12462720041559841,0.11674009038993591,-37.13462031652456,0.07781153145754659
106.1,-2.217718603512864,354.74356366374593,4.99,-0.04,14.72,0.05,1.5667156540465097,-0.02350471499777734,0.05166545287981999,-0.02728966504718587,-2.2063165154657693,-143.9536571808375,0.0,-0.11888790296440736,14.729765995797797,0.0,106.03,-0.06243168601444975,-0.05647796113356467,-4.927926096039293,1.557514465691258,-0.038065091239394395,-0.026969849912112952,-4.978795441127085,0.2299197015805866,0.3671999367131811,-0.05,1.558208857171591,-2.2495100822886926,-144.07245377745159,0.0,-0.01297278304104318,14.999994636298016,0.0,1.5716611790912591,30.0,0.05670590385833278,0.04111342822425225,0.051333667076660684,0.17106227645534258,0.2506752019413448,0.03442997787259094,0.12454066837764477,0.11633717963895429,-37.19975479155731,0.07753121889854128
106.2,-2.2177189639291868,356.2193030370081,4.985,-0.03,14.74,0.04,1.5644460647043326,0.0,0.0,0.0,-2.2104356232867985,-142.47948948399403,0.0,-0.08542628060832638,14.75099963316865,0.0,106.129,-0.07203558726320852,-0.03333146821493227,-4.8479396290421555,1.5582445680319448,-0.04396667561988381,-0.0010148492746828103,-4.9703663365510575,0.16702346745397426,0.3420624603078277,-0.05,1.5623687834140425,-2.2508073605711747,-142.57245433842823,0.0,-0.012972783040095366,14.999994636315071,0.0,1.571661179091195,43.0,0.05687901727271788,0.041031384948191425,0.05124930120319792,0.17091710365685328,0.25064516571335765,0.034427002877832166,0.12455501737833985,0.11628011432968577,-37.191511757918605,0.07748725670390968
106.3,-2.2268083325130306,357.66175559696995,4.982,-0.03,14.76,0.03,1.5632612375218908,0.0,0.0,0.0,-2.2138777415371798,-141.00314589217865,0.0,-0.065816605453304,14.7733761881922,0.0,106.228,-0.05668829166476036,-0.016189890289286177,-4.895375372461051,1.5633630537259864,-0.03855347325293618,0.017379845417849933,-4.954517540308819,0.14689060824021755,0.28748486900978243,-0.04,1.5630283670234264,-2.252104638853772,-141.07245489940405,0.0,-0.012972783038908935,14.999994636306544,0.0,1.5716611790911164,32.0,0.05760976710413007,0.04168961056259735,0.051216216693265065,0.17168057060826095,0.25096716707337735,0.03458274101973898,0.12457231057039414,0.11685297355752428,-37.14137050040229,0.0778764783303319
106.4,-2.226808694301667,359.1374949561149,4.979,-0.01,14.79,0.03,1.5633222847853345,0.010039360579620973,-0.007773681212159194,-0.0011309710234829913,-2.216409709373764,-139.52451248139974,0.0,-0.06669840004199488,14.796523264572972,0.0,106.327,-0.06333447698828829,0.0063530178707186845,-4.9295169319401335,1.559168366597202,-0.045209757510741154,0.03978265366130658,-4.949829855016731,0.08440911753538434,0.2505510175366368,-0.03,1.5658491336767586,-2.2534019171368764,-139.57245546038018,0.0,-0.012972783047213882,14.999994636312229,0.0,1.5716611790916697,33.0,0.06129536364194491,0.04282228483693542,0.051143718335764504,0.17351766793979362,0.2518606530985248,0.03613116069687212,0.1258685372284145,0.11889706871166579,-36.95075812694647,0.07886599756858886
106.5,-2.2268090593436796,360.61323487610474,4.978,-0.01,14.81,0.02,1.564059681785528,0.012707304614495167,-0.033700861132622086,0.012749602891818668,-2.2180985937825297,-138.0435738158571,0.0,-0.07706108033962726,14.819289882541435,0.0,106.426,-0.06433220990542385,0.04509494742187495,-4.898499723709433,1.5474015104164174,-0.0405586255268956,0.0630447930497042,-4.941224894598543,0.14412021348478576,0.2309969735334274,-0.02,1.5618795868243098,-2.2546991954202813,-138.0724560213555,0.0,-0.012972783044321277,14.999994636306546,0.0,1.5716611790914772,34.0,0.05820642483326076,0.041878149219412006,0.05111445052694496,0.1717589745470301,0.25096465400199264,0.0347087349712371,0.12456246660001702,0.11695936159115601,-37.11688946219344,0.07790772365308271
106.6,-2.2268094245496286,362.08897479240466,4.976,0.0,14.83,0.01,1.5641091988098361,-0.001232334589876651,0.01163810705551202,-0.008497601311224016,-2.2191418572631156,-136.5603997500501,0.0,-0.07906839393848605,14.841188161120288,0.0,106.525,-0.06626866374171073,0.06214023674718036,-4.805109071652526,1.577185909131813,-0.05996147239381643,0.08704886046076332,-4.918742362766718,-0.034473636878096195,0.21573406373937232,-0.01,1.5730875793456214,-2.256255929359909,-136.27245669452654,0.0,-0.012972783041435326,14.999994636300858,0.0,1.571661179091285,35.0,0.05737562545816193,0.04161274777509762,0.051010659492162116,0.1713303920913232,0.250773288433413,0.03448857734265226,0.12442971005178582,0.11653923071250037,-37.1676050757388,0.07769921974407205
106.7,-2.2268097923907817,363.57581049440455,4.975,0.0,14.85,0.0,1.565529678077672,-0.00963239236471814,-0.07920339375697193,0.03744014040025958,-2.2197637992518566,-135.07503991338464,0.0,-0.09747580203151004,14.862854868924599,0.0,106.624,-0.05788486954612284,0.06788841802681786,-4.809381225446236,1.5780084275163992,-0.06476708413789821,0.09199561683908072,-4.906849547562597,-0.07150065644740554,0.16464151742732192,-0.0,1.5755583529739885,-2.257293751986182,-135.07245714330756,0.0,-0.012972783042509387,14.99999463630654,0.0,1.5716611790913564,37.0,0.061546500792804174,0.04388618944413906,0.05295133965957355,0.17326527483126797,0.25141792809242974,0.03540913085739866,0.12490250877284954,0.11860408702998218,-36.79088037806502,0.07856109889541853
106.8,-2.2268101580020954,365.05155040386273,4.974,0.0,14.87,0.0,1.568835494867761,0.01176968202922616,-0.0646979334966702,0.03345323265611008,-2.2206751943901786,-133.28972359986716,0.0,-0.15551381207020348,14.88809361440368,0.0,106.723,-0.05532162954507054,0.07323974053174437,-4.855410327880362,1.539653590332929,-0.03347720627726948,0.09141954581352474,-4.894122653964521,0.17733485595777967,0.1107548535346865,-0.0,1.5589593682922565,-2.2588504859258904,-133.2724578164794,0.0,-0.012972783045861077,14.999994636292335,0.0,1.5716611790915807,37.0,0.05878752836621537,0.04215942200089044,0.05249036627494953,0.17160480645730272,0.250867358087471,0.034970383208689795,0.12473374494850469,0.11715270469021308,-37.00701012180249,0.07783187732895949
106.9,-2.2268105256039803,366.5383860990614,4.972,-0.01,14.89,0.0,1.5687394515287618,0.03050076396547532,0.05722504973311592,-0.039516573528363866,-2.2217784851435716,-132.09781671907086,0.0,-0.15077223636903814,14.904515675962964,0.0,106.822,-0.07349022171795172,0.09435440010844826,-4.908984635970491,1.5463864387409618,-0.04378582059041513,0.10398715523437381,-4.892864402765104,0.1447073552269319,0.09442467642973718,-0.0,1.5618067439825891,-2.2598883085524895,-132.07245826526045,0.0,-0.012972783042737622,14.999994636300862,0.0,1.571661179091372,38.0,0.05756497629931392,0.04175206300216896,0.052045145103883986,0.1714722152860704,0.2508659206527917,0.03459646159009085,0.12445631509507947,0.11678837867184758,-37.10204494739992,0.07780553614950839
107.0,-2.2268108941572393,368.0252217911207,4.973,-0.01,14.91,0.0,1.5660366314139704,0.018932992097182976,0.019001104102727484,-0.016723932631111518,-2.223578796839329,-130.60619540059253,0.0,-0.10857974155510422,14.923563475383036,0.0,106.921,-0.07255688700949402,0.11782507402764736,-4.866279474634926,1.5476392408656146,-0.047964460931337265,0.12063084814687419,-4.888321969096516,0.1496991704091787,0.09096962423389776,-0.0,1.5614839199568806,-2.261185586835523,-130.57245882623667,0.0,-0.012972783043377983,14.99999463629802,0.0,1.5716611790914148,40.0,0.05776382719058794,0.041873747923649236,0.05167349804664854,0.17182465703633926,0.2510132183421565,0.034651760454993956,0.12449231094588464,0.11699064943267426,-37.11008101298316,0.07798489105230562
107.101,-2.235900286822286,369.5120574769723,4.974,-0.01,14.93,0.0,1.5647397293385603,-0.0010560646674325413,0.011216367278558605,-0.010955250703928858,-2.2257389883320977,-128.81395533708692,0.0,-0.08582542998000263,14.944128420646342,0.0,107.02,-0.06352048749441717,0.12333558783667004,-4.852999932809402,1.539111193759342,-0.02548398169459603,0.13178365885972596,-4.886509007940129,0.27354629968004335,0.07607504336908555,-0.0,1.5532354917796276,-2.26274232077484,-128.77245949940777,0.0,-0.01297278303887301,14.999994636315071,0.0,1.5716611790911135,40.0,0.06426433434922439,0.04395244432779703,0.051716188697058435,0.1750314929757802,0.25245868750482336,0.03685090420716063,0.12622305136464404,0.12039794647176229,-36.781963896840224,0.0796515601910161
107.201,-2.2359006592477897,371.0099889508757,4.974,0.0,14.95,0.0,1.562489118487809,-0.006104574858086539,0.06969417857790765,-0.03927977564185981,-2.2270939282639968,-127.31858643347644,0.0,-0.04745181446032075,14.96123722689423,0.0,107.119,-0.06741135798551101,0.12147011882937062,-4.942014277985502,1.5498134100395922,-0.02920235678878176,0.12866672454418404,-4.896378450221093,0.21421936564154234,0.03504115973267652,-0.0,1.5565017531375307,-2.264039599057402,-127.27246006038366,0.0,-0.0129727830334284,14.999994636300865,0.0,1.5716611790907513,41.0,0.060314578103370146,0.04234847663761844,0.05142185734812867,0.17267767479364232,0.2513677520250226,0.03575146009237242,0.12540686825293887,0.11808382485244434,-37.004251369679416,0.07841282520170767
107.3,-2.2359010284234415,372.49682463273064,4.973,0.0,14.96,-0.01,1.560187389203582,0.015085180403044612,0.016839161196454313,-0.011987704162666597,-2.2275568018250986,-125.82154747114437,0.0,-0.01817163793006022,14.977812624052572,0.0,107.218,-0.06421925504213624,0.12026558688348914,-4.907107375200233,1.5411428521336266,-0.029056483809746833,0.1254204669542417,-4.896350898108306,0.22541836730404985,0.009602008502954007,0.01,1.5557390573231615,-2.265077421682983,-126.0724605091647,0.0,-0.012972783029596898,14.99999463629944,0.0,1.571661179090496,42.0,0.05921219186286149,0.0419520814155856,0.051090743947535225,0.17224777024449947,0.25118263042728317,0.03546249853989814,0.12522580629457153,0.1175774244648057,-37.08333114774464,0.07820003118513488
107.4,-2.2359014008300164,373.99475610096215,4.974,0.02,14.98,-0.01,1.5591019523006417,0.0224763217012844,0.01586361109047482,-0.013474544338431196,-2.226756975422188,-124.32291333300932,0.0,-0.0019567100298689567,14.993014848920106,0.0,107.317,-0.06962833665321613,0.12695339439518974,-4.887629610627958,1.5435965997021832,-0.035885987832599636,0.1243406439988971,-4.893849427851796,0.17279711767827127,-0.014682640800032232,0.01,1.5579141106718974,-2.266432285736606,-124.53974243612302,0.0,-0.014112455789378059,15.745576835631432,0.0,1.571692607201627,43.0,0.05930097091992061,0.041981142785231615,0.05092190166161162,0.17233799492475343,0.25121262206376643,0.03551784167713737,0.12527404384297847,0.11763533068744592,-37.08793775079282,0.07824259670338529
107.5,-2.2268127390865686,375.4815917781366,4.974,0.03,14.99,0.0,1.5586886685949306,0.0,0.0,0.0,-2.2251503337596845,-123.12297986056541,0.0,0.0014917936449333389,15.003719622811865,0.0,107.416,-0.064314130361402,0.20463167648645997,-4.94050917983219,1.542158277044347,-0.041593163468608946,0.16737146413546722,-4.898582536908599,0.12881656624538224,0.08158941038735179,-0.0,1.5602522416885518,-2.2678644209518772,-122.9419045901087,0.0,-0.014340832761227018,15.999928692641308,0.0,1.5716926325970293,38.0,0.059268358900513865,0.04198631723582208,0.05081359221019468,0.1723344080490962,0.2511913244349964,0.0355031029042301,0.12525878557841333,0.11760407370453846,-37.08374999193903,0.07822344191482014
107.607,-2.2268131099523885,376.97952323840343,4.976,0.04,15.0,0.0,1.5592396865275244,-0.04980115157915545,-0.031044852743894288,0.011050695890114549,-2.2212783440856843,-121.32151053040161,0.0,-0.008948601533695099,15.01978032591107,0.0,107.581,-0.07427153572159013,0.3703824592952301,-4.890498498140346,1.5428064367109875,-0.05471424654273106,0.32471193317014224,-4.892501227493865,0.11992803070001123,0.4062925803577748,-0.0,1.5604160042296602,-2.269585324060046,-121.02190964421493,0.0,-0.014340873346480551,15.999973974366423,0.0,1.571692632596965,26.0,0.06323030288335424,0.04308771014100683,0.05110168113246804,0.17383496163421294,0.25181446403549146,0.03646866206750231,0.12594860832305946,0.11928813721783982,-36.8891582394925,0.07896364707132877
107.704,-2.2268134916019875,378.52183785085435,4.976,0.05,15.02,0.0,1.5600436702978353,-0.3253128386353009,-0.023752534627295745,0.008839087385801764,-2.2170399778966865,-119.81842007827431,0.0,-0.01996434564485274,15.042093036162978,0.0,107.68,-0.07292649305213238,0.46824264923441206,-4.98081537944762,1.5107770821029192,-0.04540952478763689,0.4321113706329688,-4.8975407859015085,0.2993833849846268,0.5730042473102799,-0.0,1.5483936564678973,-2.2710194121216,-119.42191144713512,0.0,-0.014340884340831085,15.999986241164553,0.0,1.5716926325969365,24.0,0.0608377250803873,0.04232042661688707,0.051004645257881405,0.1726257015084516,0.25123779689720893,0.0355549113233842,0.1252596471776495,0.11796791548120564,-37.0301142151677,0.07831963551709221
107.801,-2.2268138626570106,380.0197693041946,4.974,0.06,15.07,0.02,1.5589351216938834,-0.3896645975879581,0.05258016685354219,-0.04792784886664507,-2.212049817017256,-118.31193387251984,0.0,0.006099498578978554,15.087517501330264,0.0,107.779,-0.08485260957869419,0.5612232796329453,-4.923155268207853,1.5556562730498482,-0.06668524485330204,0.5351501720357331,-4.894137655960691,0.06440778876679812,0.6812754717096166,-0.02,1.5628982234238185,-2.272453500835846,-117.82191251450767,0.0,-0.014340888363816284,15.999990731203367,0.0,1.571692632596845,22.0,0.0642120785343806,0.0444884655745568,0.05181415465900464,0.17533208530341496,0.2523716001152517,0.03663363043225444,0.12602859047832576,0.12044511440008829,-36.798368784088076,0.0796779360518706
107.9,-2.21772519857646,381.5287965446623,4.97,0.07,15.14,0.05,1.5579625713315348,-0.358188376747372,-0.050338526988040345,0.03547871705422766,-2.2074499626522734,-117.10240288863731,0.0,0.017616837481746916,15.146588322297577,0.0,107.812,-0.07819247474075956,0.5718925044386127,-4.936628595613093,1.5798388584736092,-0.0787260715291669,0.6178977571908542,-4.900845305096617,-0.059738189664781956,0.7004012336545724,-0.05,1.5701485017336307,-2.2736007719887255,-116.54191316412658,0.0,-0.014340889650806451,15.999992163447171,0.0,1.5716926325970488,50.0,0.06639190807233315,0.04569498629496528,0.05262235055921765,0.1765668926803927,0.25284988240939366,0.03707792187032693,0.12632692015041333,0.12170722267852388,-36.644657156921284,0.08028323586702624
108.0,-2.2086365290315797,383.04891896876364,4.964,0.07,15.25,0.07,1.5615227809783556,0.0,0.0,0.0,-2.1999040387625874,-115.27708595453242,0.0,-0.046442702839386035,15.271421345034971,0.0,107.977,-0.09108980588662079,0.7626025856590182,-4.898599719441596,1.5632265186047551,-0.09326724579860349,0.7673623853827559,-4.9111466271058895,-0.0961531126312609,0.8554012559875392,-0.06,1.5724232279926151,-2.2753216788301853,-114.62191401223612,0.0,-0.014340890378533684,15.99999297628104,0.0,1.5716926325969975,23.0,0.06647020193054429,0.044724220859829016,0.05256499408138848,0.17536851713051535,0.25238928746626377,0.036787776713083815,0.12616695307139875,0.12090753207007893,-36.68966670863227,0.0796990836422329
108.1,-2.2086368984987104,384.56904138141124,4.955,0.07,15.38,0.07,1.5650687213663494,0.0,0.0,0.0,-2.1951743968320554,-114.05072147261092,0.0,-0.08890707824640706,15.37650097684875,0.0,107.977,-0.09108980588662079,0.7626025856590182,-4.898599719441596,1.5632265186047551,-0.10408179453209088,0.8475982227458708,-4.917946627105934,-0.1202109105387324,0.8048988631536247,-0.07,1.5739063338058938,-2.2764689500871533,-113.3419145445388,0.0,-0.014340890550972743,15.999993168170207,0.0,1.5716926325970255,23.0,0.08863119971189193,0.05154794380597324,0.054515344360417835,0.1844806547089489,0.2563098305178575,0.04202365116378868,0.1299935044970921,0.13187674249423456,-35.68468657000997,0.0845328249691848
108.204,-2.199548231825517,386.1113553654411,4.945,0.05,15.53,0.07,1.5680559517957755,-0.20569591587608704,-0.057009741892311123,0.037681648045217744,-2.1899171357911413,-112.19367804105845,0.0,-0.14447908463815284,15.562127779042084,0.0,108.175,-0.10450819862492722,0.880616477448758,-4.853728232760686,1.5313873670223122,-0.08114530436872042,0.9262416877024342,-4.908879729214924,0.21419549081654704,0.6885529022917165,-0.07,1.5545080594240137,-2.2781898569877,-111.42191532606866,0.0,-0.014340890649906457,15.999993277075088,0.0,1.5716926325971081,29.0,0.06970726986576699,0.046251138555136316,0.05391939984768104,0.17697391712442068,0.2530404042892032,0.03744347875920049,0.1266150310664115,0.12268816670846318,-36.44242690257486,0.08049997824969955
108.3,-2.199548611077745,387.67586091508315,4.937,0.03,15.71,0.05,1.5677625861160942,0.0,0.0,0.0,-2.1880934902044755,-110.94233332909833,0.0,-0.14111591214231128,15.70243395198936,0.0,108.208,-0.10855221864244707,0.9522878245927635,-4.8519242978493,1.5473858508590597,-0.07551284206517897,1.0007218804330642,-4.909128700211646,0.21037898437229022,0.6539859733957627,-0.06,1.5560628587703773,-2.27933712825876,-110.14191584265326,0.0,-0.014340890673392547,15.99999330278679,0.0,1.5716926325971357,52.0,0.06540287177266202,0.04431444652628797,0.05336037230824848,0.17480930048092647,0.25219639658283566,0.03628070769672318,0.12577285904309118,0.12038505094676351,-36.7167853184527,0.0794384901240124
108.4,-2.1995489961894066,389.25146285788003,4.93,0.02,15.9,0.03,1.5638578851383667,-0.06369256989740461,0.08069683945767726,-0.04633119065641142,-2.187324712574413,-109.36178693039253,0.0,-0.07848866304767711,15.8892880092925,0.0,108.307,-0.1291999935435541,0.9891506486533441,-4.883386629068086,1.5397875156180774,-0.09465193184019828,1.0337882983711317,-4.907981878339628,0.14342081324263786,0.44269683180623964,-0.03,1.5607970366960164,-2.280771217349328,-108.54191648659318,0.0,-0.01434089068598348,15.999993315990096,0.0,1.571692632597183,53.0,0.06645335742340235,0.04367649132362608,0.052715672207195946,0.17455013902890756,0.25218075078537944,0.036378843655606105,0.1259083235551363,0.12034183501131433,-36.74294939057213,0.07936572740860104
108.5,-2.1995493832981197,390.84925575699515,4.925,0.02,16.09,0.01,1.5625877781447512,0.04364331141385146,0.004380548146566664,-0.004659752139685517,-2.1872800701919575,-107.76237659861499,0.0,-0.05516374895394068,16.07952113401276,0.0,108.406,-0.11618918662544193,0.9919701680543805,-4.808355036815374,1.5294979022632376,-0.07020015330887898,1.0324812651887578,-4.898757302303926,0.31478031356338293,0.23541431531847223,-0.01,1.5502925042792746,-2.2822053064407135,-106.94191712974154,0.0,-0.014340890692155734,15.999993320823206,0.0,1.571692632597298,54.0,0.06527205541997884,0.04323788945626276,0.052088406113737586,0.1741856754553475,0.252027204175246,0.03604955949107222,0.12567054936984692,0.11979417725149671,-36.829561043397305,0.07918472197876647
108.6,-2.199549776706931,392.45814505380196,4.923,0.02,16.27,-0.01,1.5605607890200355,0.0,0.0,0.0,-2.187354426856947,-106.14409613039047,0.0,-0.026887607057523553,16.26598404570369,0.0,108.505,-0.11933783009566452,1.0155004627836794,-4.897493326298132,1.554822555822458,-0.09218403653703235,1.0225958101155368,-4.9007631077823355,0.11093654080942224,0.10061201265262909,-0.0,1.5627786398265135,-2.283639395532437,-105.34191777260054,0.0,-0.014340890694167309,15.99999332258393,0.0,1.571692632597325,55.0,0.06624392833919503,0.043586378084706646,0.05192017065806268,0.1746448269169861,0.2521875323906323,0.03634120804039511,0.1258595406703684,0.12024440895924537,-36.78975350813477,0.07939875462623366
108.7,-2.190461125223976,394.089225925534,4.926,0.03,16.44,-0.04,1.5597062465411167,0.0,0.0,0.0,-2.187004581490696,-104.17843931711283,0.0,-0.01276155222914377,16.474253188442503,0.0,108.67,-0.1132131125132497,0.8978095299081793,-4.863980762288271,1.5392435010920982,-0.09899096388224143,0.9369541375145223,-4.887785383230311,0.15655422987437503,-0.20939182033254156,0.03,1.5592744634714695,-2.285073484624311,-103.74191841535354,0.0,-0.014340890695574907,15.999993323234786,0.0,1.5716926325973766,30.0,0.06601590240495143,0.04384605019105632,0.05185263539388154,0.17484544656578255,0.2522252603452688,0.03636508140701368,0.125854285355221,0.12031950371402622,-36.78815903622038,0.0794739515823657
108.8,-2.1904615311689213,395.7424989895621,4.932,0.03,16.6,-0.07,1.5606170884009938,0.2583074822794936,-0.021277706565385232,0.0036291687517792013,-2.1864874721679723,-102.85479012938009,0.0,-0.02424370562078583,16.599240055395605,0.0,108.736,-0.11383696207071516,0.8802274883930613,-4.921079770841971,1.554968223993088,-0.09458159198829677,0.8798320278183489,-4.8857546704854595,0.12817200566670608,-0.42571198660281695,0.07,1.5610174132713133,-2.2865075737160976,-102.14191905806761,0.0,-0.014340890692286922,15.999993323470688,0.0,1.5716926325971579,24.0,0.05931499651115332,0.0420774085420748,0.05162283608099695,0.1719447363340972,0.2508496909991544,0.03435147667067455,0.1242445388022025,0.1170609835247816,-37.10358561434954,0.0779311082503509
108.9,-2.1904619372861163,397.3957720538877,4.942,0.03,16.73,-0.1,1.5608216897260885,0.29998112833793095,-0.01628662290489402,0.0055950533590552135,-2.1856936381272303,-100.85213089424116,0.0,-0.029267936364249587,16.7585996590104,0.0,108.835,-0.11871606055792276,0.7974742998083603,-4.8613527210613245,1.5534628383010154,-0.10883822796592768,0.7859886865245943,-4.868585507228888,0.03844290319246359,-0.6194660734216448,0.1,1.5665480199573425,-2.2882284806260147,-100.22191982930666,0.0,-0.014340890690386297,15.999993323565903,0.0,1.5716926325970337,26.0,0.058816742522881015,0.042302908459596084,0.051704097474548336,0.17222419080995532,0.2509775651974642,0.03447403512564984,0.12435159225472124,0.11722494668752174,-37.10933684620699,0.07807594546227317
109.0,-2.1904623485959718,399.07123669667953,4.956,0.03,16.83,-0.13,1.5621680925276618,0.34315684781772754,-0.052890311564905174,0.020835541017838684,-2.1853471492992926,-99.50761278975389,0.0,-0.04830354075480012,16.84090407759414,0.0,108.934,-0.11829493656860506,0.6967313344744761,-4.872413524230496,1.5653156122322336,-0.10603425541455286,0.6838968978303336,-4.863030944126709,0.07906317816259285,-0.7716856164979831,0.13,1.5640047359292055,-2.2893757518991054,-98.9419203434621,0.0,-0.0143408906884811,15.999993323588635,0.0,1.5716926325969134,26.0,0.0590754797038229,0.04235198934592399,0.05177332553990841,0.17225738977910046,0.2509942708237166,0.034536068713188456,0.12439005007436967,0.11730043746075978,-37.094329119166424,0.0780941279365506
109.1,-2.1904627632286378,400.74670197052365,4.972,0.02,16.9,-0.15,1.5635601324636974,0.3637362106233403,-0.007209652962744123,0.0068378682399815,-2.1854433358223546,-97.81918065116102,0.0,-0.07290513877629862,16.914498044764215,0.0,109.033,-0.12964039097088365,0.6210874859967714,-4.916753472427624,1.5225875947018563,-0.09424822957586347,0.575460784016105,-4.853481547906647,0.2250601188571337,-0.8822375254950963,0.15,1.5554982474465235,-2.290809840990249,-97.34192098615486,0.0,-0.0143408906875582,15.999993323601425,0.0,1.571692632596855,27.0,0.05923200348233111,0.04278635874282025,0.051928386515810096,0.17283230734400987,0.251251519482693,0.03474020475978346,0.12454839856067933,0.1177531779721334,-37.05949272557643,0.0783890559208017
109.2,-2.1904631689609744,402.399975042311,4.989,0.01,16.93,-0.16,1.5625931341808774,0.37227344692193537,0.06722214617323646,-0.026991931784021518,-2.1862652326016088,-96.12525248810181,0.0,-0.058969871843941105,16.954160390549397,0.0,109.132,-0.12959970671170593,0.5126790971840178,-4.901582188228948,1.5381131770000585,-0.09676117664502298,0.4628772815160125,-4.845763772357397,0.22115972188594732,-0.9461310801346201,0.16,1.556335271759745,-2.292243930081306,-95.74192162884687,0.0,-0.014340890687991631,15.999993323601425,0.0,1.571692632596882,28.0,0.05962345089493088,0.04278635186354351,0.05201029061467439,0.1727972201623823,0.25123449709909446,0.03479400322454057,0.1245766798150088,0.11779832177483636,-37.03939582919889,0.078369846164612
109.3,-2.1904635866503526,404.08653611364053,5.007,0.01,16.93,-0.17,1.5606070841338973,0.3412269493547091,0.04101305651015121,-0.01581333466632193,-2.187383224809075,-94.42922029963142,0.0,-0.024029130856585878,16.960449900785978,0.0,109.231,-0.12942277984731468,0.39464874757093993,-4.9291756542894785,1.5494281051143124,-0.11524058172024271,0.35015846907458853,-4.845126645141583,0.08663959094325158,-0.9740452533730792,0.17,1.5647397535075023,-2.293678019172639,-94.14192227153883,0.0,-0.014340890690824422,15.99999332360285,0.0,1.571692632597059,29.0,0.05953754428420181,0.04285476033621735,0.05208554301523885,0.17289419050451102,0.2512799720347702,0.03481249491074112,0.12459140006375823,0.1178631056818231,-37.03432977926604,0.0784208285141362
109.4,-2.190464003765385,405.7730971932928,5.023,0.01,16.9,-0.16,1.5610052878644805,0.29093241355062704,-0.05586835268892348,0.017508152956284353,-2.188283129725794,-92.73428320748137,0.0,-0.027717363161653366,16.93608751980646,0.0,109.33,-0.12978337077511765,0.31027326460350313,-4.95683533777781,1.5370744243899928,-0.11264175523706317,0.2423302996590581,-4.840386261402484,0.13159336349291934,-0.9593118347957166,0.16,1.5619140477902438,-2.295112108264322,-92.54192291423077,0.0,-0.01434089069282688,15.999993323601428,0.0,1.5716926325971843,30.0,0.05924821050261411,0.042642621072157,0.05205856708762528,0.1726284714313932,0.2511698988635756,0.03471785881025148,0.12452773377571873,0.1176382314304454,-37.053996571988435,0.07828889885810103
109.5,-2.190464418395848,407.4596576363399,5.039,0.01,16.85,-0.15,1.5621093102407198,0.2266873806398445,-0.009302548268076851,0.003882954351275131,-2.1890118572783477,-91.0432124011467,0.0,-0.0474258795781439,16.886562390261528,0.0,109.429,-0.13401414056221214,0.21312362883722996,-4.914018336699975,1.560191046106123,-0.11393084689111875,0.14898907387428006,-4.838721781576069,0.09546627942168993,-0.9012934679850044,0.15,1.564183580995436,-2.2965461973561334,-90.94192355692313,0.0,-0.014340890696117697,15.999993323598584,0.0,1.5716926325973901,31.0,0.05883304543131702,0.042386213938352936,0.051959888938078326,0.17233890980366975,0.25105317335214605,0.034584404483035944,0.12443615740293684,0.1173665824103635,-37.0877681530897,0.07814828625599471
109.6,-2.1904648326822382,409.13512293687836,5.055,0.01,16.78,-0.13,1.5627493737873173,0.14140532507900114,-0.029758668176421935,0.006360447305160437,-2.18984561363474,-89.35819792130366,0.0,-0.0565488041809861,16.818028174264217,0.0,109.528,-0.11755649836656196,0.09884013043547007,-5.002526649519704,1.5542769452863798,-0.1016702445871624,0.03889336634885769,-4.849988928476256,0.16844159267035702,-0.8737126896389729,0.13,1.5595784917271358,-2.2979802864483285,-89.34192419961555,0.0,-0.014340890699732352,15.99999332360427,0.0,1.5716926325976157,33.0,0.058604306279523684,0.041995554769261194,0.05177594962756225,0.17188306262755013,0.2508644541323253,0.03444689603892918,0.12434386928239444,0.11700358833488794,-37.121511457999375,0.07792471984873509
109.7,-2.1904652440066883,410.8105875970976,5.069,0.01,16.7,-0.09,1.5626196768742542,0.12189578633012187,0.03288683928150717,-0.00779005194023183,-2.1909336709980844,-87.68078899774144,0.0,-0.05568473586459963,16.73649058949194,0.0,109.627,-0.14087272923437044,0.03328133053580706,-4.991884934325746,1.5564807656739985,-0.11676881169890073,-0.04319139226681539,-4.86001613465317,0.08918589103866158,-0.7848086289102785,0.09,1.5645642555216972,-2.299414375540711,-87.74192484230787,0.0,-0.014340890701902791,15.999993323600005,0.0,1.5716926325977516,33.0,0.058453164604154846,0.041869570996365194,0.051753193553416454,0.1716828302506254,0.25076663615007305,0.03436231857798716,0.12427406992969162,0.1168319398744706,-37.13447074805869,0.077817878548467
109.8,-2.1904656532662727,412.46386133211774,5.081,0.0,16.6,-0.06,1.5627291678127389,0.0,0.0,0.0,-2.1922655087846197,-86.01205978657046,0.0,-0.05478866404140394,16.64580507696119,0.0,109.726,-0.13333184691716646,-0.06668989069172125,-4.965650965473095,1.5550944681279741,-0.12173669809868806,-0.13135561593638767,-4.875169962311398,0.08683756248680449,-0.736398068067615,0.07,1.5653327006899895,-2.300848464633084,-86.14192548500033,0.0,-0.014340890697329172,15.999993323598583,0.0,1.5716926325974658,34.0,0.05965221668457779,0.04217379520565632,0.0516114291894509,0.1721404522292131,0.2509616788834818,0.03455094151686825,0.12437605838625838,0.117278026601508,-37.07700703501068,0.07804667152499198
109.9,-2.199555126334701,414.11713376632474,5.088,0.0,16.51,-0.02,1.56364419643325,0.041820953119631764,-0.02607898982439184,0.00482407829982272,-2.19391848852913,-84.35272621622946,0.0,-0.06965491376730852,16.549460255542442,0.0,109.825,-0.13691495423692254,-0.12412986130623042,-5.016639866035188,1.5489900348146002,-0.11778970594392557,-0.20456808774443574,-4.897414040530309,0.1176986451629628,-0.6256442474523318,0.02,1.5633867413495293,-2.302282553725026,-84.5419261276927,0.0,-0.014340890692924076,15.999993323602848,0.0,1.5716926325971903,35.0,0.06603014576702448,0.04399597448898067,0.051714831707621846,0.1749496379693812,0.2522550798837386,0.03663337407723643,0.1260328038418137,0.12043632263307788,-36.758833303904915,0.07951540831442715
110.0,-2.1995555313163777,415.75931106581766,5.09,0.0,16.41,0.0,1.5640418702412884,0.0,0.0,0.0,-2.19610239786087,-82.70319513857253,0.0,-0.07627786766699224,16.450229212959464,0.0,109.924,-0.14254795423441588,-0.19443487428080514,-5.0049859966734775,1.553464636335015,-0.12223954246002383,-0.2561096611089664,-4.914870708814735,0.09613096668692207,-0.5257084847700622,-0.0,1.5647520590615227,-2.303716642816235,-82.94192677038407,0.0,-0.014340890680764945,15.999993323612797,0.0,1.5716926325964298,36.0,0.05960256441718033,0.04214282663034002,0.05141826940763955,0.17195487564325201,0.250816114270053,0.03441766225187865,0.12422649027841733,0.11706632074716827,-37.08165447132464,0.07790959835256368
110.1,-2.1995559299384695,417.39039192222396,5.09,-0.01,16.31,0.03,1.5640875194829442,-0.03374533280159278,-0.01123656224012882,-0.0005593226295774689,-2.1989346389443987,-81.0636180510009,0.0,-0.07572561376990566,16.351034840165404,0.0,110.023,-0.13017271188296042,-0.23527746655423418,-5.046740899626719,1.5666301827264784,-0.12518653538147406,-0.2917800549877162,-4.939925607773835,0.06133665262917624,-0.37710421289023266,-0.03,1.5675742838176836,-2.305150731906201,-81.34192741307513,0.0,-0.014340890668763873,15.999993323612797,0.0,1.5716926325956797,37.0,0.05920700214711031,0.04185757633974963,0.051268713514731154,0.17158217018981756,0.2506673120214267,0.034360070123490134,0.12424994783588407,0.11677921318494737,-37.12022142147082,0.07773117277336537
110.2,-2.199556325378296,419.02147211401854,5.089,-0.02,16.22,0.05,1.56501723599178,-0.08099266897843228,-0.028755524541586135,0.009093239166674896,-2.203345941811286,-79.10896476333801,0.0,-0.0932965579560103,16.236805767955012,0.0,110.122,-0.139621196610306,-0.27836561304545576,-5.03104348893994,1.5566812706439552,-0.12394312339429049,-0.32123709512238074,-4.95855511831558,0.09219316912410355,-0.2692872956845669,-0.05,1.566270342438343,-2.3068716388123987,-79.42192818430439,0.0,-0.01434089065270915,15.999993323612795,0.0,1.5716926325946763,38.0,0.059651520968699565,0.04202546880014034,0.05125524523470296,0.17181856848646399,0.250784219626355,0.034498347685130284,0.12435667225048762,0.11702060736237721,-37.09846746508359,0.07785962837282934
110.3,-2.199556718606246,420.6303613842947,5.085,-0.03,16.13,0.08,1.5656406642545502,0.0,0.0,0.0,-2.2070316707247857,-77.81320664215467,0.0,-0.09982093960003795,16.1661515772732,0.0,110.221,-0.1367746206754331,-0.29495294107530146,-5.079147354525333,1.5636914758731941,-0.1160489535555024,-0.3367009753909239,-4.984655601700112,0.12564012336359423,-0.1719378812234531,-0.07,1.5648106834512827,-2.308018910082149,-78.14192869845724,0.0,-0.014340890640381227,15.999993323612793,0.0,1.5716926325939058,40.0,0.059613152841443445,0.04223170906402978,0.05128982749418072,0.17205735652264864,0.2508902174948061,0.034530804467996265,0.12436886040057052,0.1171775167092455,-37.090530186476535,0.07798222223647736
110.401,-2.2086461870841134,422.23924998182275,5.079,-0.04,16.05,0.09,1.5655355724182467,0.0,0.0,0.0,-2.2137923569482303,-75.87965569537526,0.0,-0.09764099688118104,16.068932676318834,0.0,110.353,-0.13717098780790277,-0.35665041870806174,-4.991633321284121,1.5460755120840948,-0.11213169011398555,-0.3489679072816537,-4.996122181875407,0.18225284463136585,-0.0871600734966318,-0.09,1.5618962133469343,-2.309739816984843,-76.2219294696865,0.0,-0.014340890620791559,15.999993323612795,0.0,1.5716926325926814,48.0,0.06705114576869059,0.044465577912034815,0.051665119184062414,0.17538019370763577,0.2524155091309503,0.036840696427244975,0.12618251152816762,0.12089339303181407,-36.72262927311012,0.07972532783999212
110.5,-2.2177356615825516,423.8370434496635,5.073,-0.05,15.98,0.1,1.5648074160006382,-0.0776433518756549,0.026480861358301532,-0.014012800222599077,-2.220428656747101,-74.27682190515661,0.0,-0.08312877342142998,15.995797309259615,0.0,110.419,-0.1234608307546326,-0.3072291104435245,-5.018646997906765,1.5452602893634888,-0.09161582657816507,-0.3301466787410387,-5.007899026472504,0.24537532656661537,0.058841564599664054,-0.1,1.5586155428539716,-2.3112266781735515,-74.59380252678758,0.0,-0.015476531183319573,16.686802382103746,0.0,1.5717237978820036,41.0,0.06690841906633718,0.04440502042712649,0.051671670691118006,0.1752310249454398,0.2523360493802458,0.03666382690514926,0.12601027894696443,0.12072072445698316,-36.72879693744942,0.07964112219410799
110.603,-2.226825133155728,425.43483624598423,5.066,-0.06,15.91,0.1,1.5632147286694986,-0.11342694115802707,0.05691363872995664,-0.01790141373246116,-2.2276219064546883,-72.6808710607702,0.0,-0.05581346137906281,15.931131735604367,0.0,110.518,-0.12933489429784753,-0.26721965993619307,-5.03836031278711,1.573381096882334,-0.11248277136042695,-0.2749725700866149,-5.019282741167343,0.06375798695270954,0.23965621333613996,-0.1,1.5705636291550684,-2.312800104644359,-72.89737333877078,0.0,-0.01576760244992623,16.999924258515737,0.0,1.5717238366878032,42.0,0.06418474503000511,0.043190377596429026,0.051608783492291234,0.17348962962276052,0.25158165626121126,0.03597865447115265,0.12557550081522956,0.11910420808137029,-36.875096485862414,0.0787490644541638
110.702,-2.2268255335408185,427.0659163988572,5.058,-0.06,15.86,0.11,1.5636033127692084,0.0,0.0,0.0,-2.235054170070387,-71.0908057132333,0.0,-0.07109583807136721,15.87774649324168,0.0,110.617,-0.12028978801186237,-0.14798586769973338,-4.937718920052283,1.5518488767582872,-0.08445899946089414,-0.15428737597211256,-5.01682659630589,0.25221389415101075,0.5018336029470252,-0.1,1.5590563428711524,-2.314376867453481,-71.19737818632453,0.0,-0.01576764281438521,16.999967779287097,0.0,1.571723836687715,44.0,0.06292699960158395,0.04254576148662412,0.05139806478995421,0.17278262914976897,0.2513146969852365,0.0355320363872279,0.12526706214486646,0.11837898648840375,-36.97522410225676,0.07841464004656404
110.801,-2.235915008209304,428.6526133882748,5.049,-0.06,15.82,0.11,1.5643238928776722,0.0,0.0,0.0,-2.24260043149149,-69.5050540819418,0.0,-0.07303012366643752,15.844034573121629,0.0,110.716,-0.11267210228517119,-0.058186667502745565,-4.95473760045248,1.5456323216152514,-0.08034927751100268,-0.02473862386021694,-5.0170490998979975,0.20710038920898535,0.7412216938709246,-0.11,1.5619197015019626,-2.3159536326610324,-69.49738042426414,0.0,-0.015767657592069894,16.999983709297194,0.0,1.5717238366878585,44.0,0.06370707667707257,0.04273493107983024,0.05141906249712926,0.17312843267466912,0.2514794338249886,0.03560907731027839,0.1253261988227275,0.11871880827678741,-36.95148390971653,0.0785992911163843
110.901,-2.245004482524621,430.22821458137906,5.039,-0.06,15.82,0.12,1.5632357495513298,-0.4106946756110941,0.02868137734813637,-0.0043346194798838346,-2.2500530776794596,-67.92116555255016,0.0,-0.05940464547350396,15.839248163968294,0.0,110.881,-0.09533436817820119,0.15070029739817875,-4.896860158171905,1.5575985407340296,-0.08955540975493152,0.14559723908379768,-5.011259634220416,0.12159508507232325,1.0066440287293013,-0.12,1.5671357745273422,-2.317530398746283,-67.79738170700068,0.0,-0.015767662999940174,16.999989540195653,0.0,1.571723836687838,20.0,0.06472793218787612,0.04328032267859872,0.051633904703466044,0.17381875155196327,0.25176553529601764,0.03581012226878061,0.1254679216559675,0.11935235902695497,-36.89285163047725,0.07894232136964065
111.004,-2.2540939625110497,431.81491155430615,5.027,-0.05,15.85,0.14,1.5643184609387557,-0.5156866855230731,-0.02280101672291152,0.02144806236262247,-2.2571232939562176,-66.33574712256471,0.0,-0.07950422150284939,15.872075561765095,0.0,110.98,-0.08668379610136913,0.2874951889741755,-4.857642571648871,1.5689762876265294,-0.08011173518206938,0.282947493202635,-5.006419434134866,0.07462086052484108,1.1180748841320298,-0.14,1.569345316977118,-2.319107165152809,-66.09738264010211,0.0,-0.015767664981355557,16.99999167449125,0.0,1.571723836687946,24.0,0.0678626769300287,0.045371944762293843,0.05263866574329908,0.17626154751802459,0.2527507902109434,0.03671878218011096,0.12608060267936871,0.12163046784534527,-36.65605825065622,0.08015017848171008
111.1,-2.26318344894878,433.40160851683027,5.011,-0.05,15.92,0.15,1.5661696568739156,0.0,0.0,0.0,-2.263919891441883,-64.7447396031649,0.0,-0.10878096303128745,15.946951363150987,0.0,111.079,-0.08150793753921659,0.40620448524314523,-4.924590137153615,1.5390965429783394,-0.06440856480220383,0.4242144474259363,-5.003776621566798,0.22929115446095433,1.2141646170969036,-0.15,1.560320525036004,-2.320683931676961,-64.39738344522577,0.0,-0.01576766570511631,16.999992455713095,0.0,1.5717238366878972,21.0,0.06582333438672522,0.04522467293841738,0.05320473374019713,0.17566224371072497,0.25242390692061245,0.03609249828149167,0.12556667388040865,0.12085343675667927,-36.7189634672067,0.07979885001693887
111.2,-2.2631838433957228,434.99940057789206,4.994,-0.05,16.04,0.15,1.5663364069212715,0.0,0.0,0.0,-2.2705817516445745,-63.1438940402063,0.0,-0.10399947556985768,16.06392758525477,0.0,111.178,-0.07691813923971737,0.5200525000862398,-4.881055053024714,1.5493763775482916,-0.058079260852670754,0.5531485141164443,-5.001395126101032,0.19542600204081773,1.2076364316234809,-0.16,1.5623501881797328,-2.322260698244268,-62.697384203505315,0.0,-0.01576766597475638,16.999992741665327,0.0,1.571723836688157,22.0,0.06905494635436611,0.045050510506738556,0.05306932883567214,0.1758914207390659,0.25263747352685245,0.0366292408403599,0.12605365823483755,0.12160919873455533,-36.63129327859156,0.07998531819763299
111.303,-2.2722733339575,436.6082884098592,4.978,-0.04,16.19,0.14,1.5650983532567062,0.0,0.0,0.0,-2.2768287928298996,-61.52930134928806,0.0,-0.08711000781866066,16.217356879360825,0.0,111.277,-0.06765729211158404,0.6230052357507053,-4.827157277425052,1.55996445558254,-0.0603814693579264,0.665839863502108,-4.987295180700437,0.10941507831418468,1.1372993639446776,-0.15,1.5667809682481257,-2.32383746482776,-60.997384944638426,0.0,-0.01576766607469264,16.999992846335388,0.0,1.5717238366883248,26.0,0.07072149450100498,0.045358885612852014,0.05304401808577569,0.1765322008533282,0.2529506931316784,0.03693085031025471,0.12628622969754968,0.12233239675295662,-36.561061161481454,0.08033730544832077
111.4,-2.281362834499646,438.2282727046189,4.966,-0.03,16.37,0.12,1.5651990925569572,0.0,0.0,0.0,-2.281248826314455,-60.225576396461875,0.0,-0.08927365837422839,16.360014731198834,0.0,111.31,-0.06569138152900218,0.6778146824898913,-4.850249773272432,1.5483621357057145,-0.04431255407100418,0.7723137500567775,-4.987426904485972,0.16407125712098214,1.0443710379115991,-0.13,1.5630798692733998,-2.325098878099088,-59.63738553278292,0.0,-0.01576766610618656,16.999992879720953,0.0,1.571723836688356,50.0,0.06760313937305787,0.044024280030454416,0.05256507685003437,0.1748240564987989,0.2522075232130797,0.03598621468398407,0.12557027395330866,0.12050639583350511,-36.74747757775695,0.07945552843630722
111.5,-2.281363247032914,439.8704485670206,4.956,-0.02,16.57,0.08,1.5655756178919713,-0.08541539911017294,0.010718497129981476,-0.004703286586856323,-2.2868467507406693,-58.24726209005176,0.0,-0.09731085606032741,16.594804071349337,0.0,111.475,-0.05773205306827902,0.7627640620634437,-4.887506994043768,1.5612588957950286,-0.049055264802177714,0.8367685752278057,-4.965732140176803,0.103359127563495,0.8092706640334129,-0.08,1.5659998948889042,-2.3269909980088084,-57.59738641205509,0.0,-0.015767666122848883,16.999992898670413,0.0,1.5717238366883022,25.0,0.06830422673714494,0.04379020721033443,0.0522199274366166,0.17468986056346997,0.25217159194910166,0.0360733567546009,0.12567234338362596,0.12051185458807433,-36.75458363184762,0.07940138401873982
111.6,-2.281363665044722,441.53481599652974,4.948,-0.01,16.77,0.04,1.565613420275275,0.04569129261351021,-0.025305283908949282,0.010435909581346362,-2.2899492953707017,-56.912354729070714,0.0,-0.09989602225380127,16.757229730741454,0.0,111.475,-0.05773205306827902,0.7627640620634437,-4.887506994043768,1.5612588957950286,-0.03918487509636005,0.9102772719940952,-4.971732140176842,0.09214669530360008,0.6818684045536578,-0.04,1.5660893185411242,-2.328252411282647,-56.237386997464974,0.0,-0.015767666127196912,16.999992903142566,0.0,1.571723836688314,25.0,0.09364877947174959,0.05175594509361805,0.054438895819383805,0.18514021037941317,0.25660928973443964,0.04185863975272107,0.12987193943739234,0.13315645657964045,-35.621804630443805,0.08490788995662762
111.701,-2.2904531917458826,443.22137568543656,4.944,0.0,16.97,0.0,1.5661925324846544,0.06542805038499565,-0.015716907914343794,0.00702507134521628,-2.293835528043012,-54.88575664353775,0.0,-0.11192882335708353,16.99673619808965,0.0,111.673,-0.05480831547747019,0.8350027833849396,-4.856371762806043,1.536360814242326,-0.026634218916966622,0.892238569571838,-4.930888319182422,0.26909367776219834,0.3779131531654194,-0.0,1.555285982908021,-2.3301445311936604,-54.19738787518546,0.0,-0.01576766612824277,16.999992905674233,0.0,1.5717238366882373,28.0,0.06944928342096111,0.04481533343654439,0.05334596329291825,0.1752385530338374,0.25226447506463673,0.036304498031216666,0.1257884466061795,0.12116407460428706,-36.597552758594475,0.07959313057576337
111.8,-2.2904536242293716,444.9190311594101,4.945,0.0,17.16,-0.03,1.564643720225666,0.18364251595286532,0.05269458326638347,-0.03896267235637471,-2.2959943808627843,-53.51911005990764,0.0,-0.09115354914742368,17.14828031868154,0.0,111.706,-0.05756103881998036,0.8742116550145704,-4.822352245889234,1.5431581000922365,-0.014950117136395883,0.9133231469457154,-4.917963710586145,0.26237186471999935,0.22643810932404307,0.03,1.5557068674437553,-2.331405944467734,-52.83738846022929,0.0,-0.01576766612905322,16.999992906275352,0.0,1.5717238366882522,54.0,0.06798873964979019,0.04373051742780137,0.05271388240695874,0.1743608855113756,0.25201077804301636,0.03602760786215216,0.12564146943698198,0.12030849828879543,-36.737341932359584,0.07921977363558014
111.9,-2.290454065778505,446.6388789068859,4.95,0.01,17.33,-0.07,1.5620151386272647,0.17385457231649187,0.042887462795680904,-0.03131072493519377,-2.2978850213125037,-51.79443972631735,0.0,-0.04580590769473576,17.323943154706836,0.0,111.805,-0.058736559246524205,0.8563870467262855,-4.735958186099079,1.5336148226968174,-0.02290474833957387,0.9089907579113707,-4.884935560646815,0.20924315544470987,0.06457246905126368,0.07,1.5581928812651058,-2.3329827110603594,-51.137389191492225,0.0,-0.0157676661295393,16.999992906583724,0.0,1.571723836688264,55.0,0.07317816448682378,0.045867010936543336,0.05277954421114421,0.17742671734833956,0.2533363170510099,0.037127453484243005,0.12634049434250574,0.12324440461596048,-36.47687826783784,0.0808048528706668
112.0,-2.290454512773678,448.38091822903226,4.96,0.02,17.48,-0.1,1.5606548442181687,0.15461927007431056,-0.0028943956703175767,-0.006477552259419635,-2.2983488539075396,-50.05327929240937,0.0,-0.020005965385067836,17.480572809144768,0.0,111.937,-0.05098601879332569,0.7684662057435079,-4.912926729200617,1.589950789136355,-0.05052751424774849,0.7993754500400659,-4.8662936950169655,-0.055262087305229565,-0.26983986667098137,0.1,1.5728452349798485,-2.334559477653069,-49.4373899227366,0.0,-0.01576766613146484,16.99999290669812,0.0,1.571723836688371,23.0,0.061216072200869956,0.04249442334155339,0.05225366888672645,0.17234558610087689,0.2510109279440799,0.034155789178423525,0.12410990745206561,0.11756300348092097,-37.026574941211756,0.07812310251661422
112.1,-2.290454962845317,450.13405334101554,4.973,0.04,17.62,-0.12,1.5628109761190159,0.2858159450322796,-0.11064524333659152,0.04965139801469087,-2.297312028539609,-48.29754564280401,0.0,-0.051929978350519906,17.61682059253937,0.0,112.003,-0.04163517608426071,0.7516991397818804,-4.764932210583357,1.5369853690324078,-0.02671026119472703,0.7221255876197353,-4.844962510192632,0.12297511223692553,-0.46870951185343657,0.12,1.5612944057877054,-2.33613624424597,-47.73739065397424,0.0,-0.01576766613444474,16.99999290673649,0.0,1.5717238366885442,57.0,0.06811260465224209,0.04376978573321013,0.052169065480264246,0.17462854115150953,0.25213082802531983,0.03627259725528773,0.1258277812652016,0.12049014612393345,-36.751787379274006,0.07936213851180847
112.2,-2.290455403724195,451.8539010917231,4.986,0.04,17.72,-0.15,1.5644542733815052,0.33851290530907163,0.009269630745477956,-0.005909263474701771,-2.2949493897576705,-46.174600577950855,0.0,-0.08622995826663572,17.747214637209588,0.0,112.135,-0.062884296793423,0.6287460501882665,-4.921151116941,1.5798979810376215,-0.05693085818685896,0.6179234772699036,-4.840241327970444,-0.0776827432002556,-0.6575179088472787,0.15,1.573004837944259,-2.3380283641579505,-45.6973915314563,0.0,-0.015767666138285702,16.99999290675496,0.0,1.5717238366887691,25.0,0.05944201635450412,0.042356131457565824,0.052066522962482056,0.17220737024433205,0.2509440432362666,0.03384097587231791,0.12381453826154025,0.11714186072888533,-37.10346400023975,0.07804860691949009
112.305,-2.2813667531367514,453.62922849513933,5.001,0.04,17.8,-0.17,1.565547545966927,0.37920482674765327,-0.09877465789404319,0.034746996287733777,-2.292748742314782,-44.39555483739549,0.0,-0.11594776185350761,17.81998064521577,0.0,112.267,-0.05739318399599002,0.5426633633564062,-4.829608392203429,1.550147092772368,-0.05027851906039279,0.5103730722654127,-4.823414558425183,0.07718115835589096,-0.7953495910270441,0.17,1.5639053116486408,-2.3396051307515804,-43.997392262690404,0.0,-0.01576766614117669,16.999992906758514,0.0,1.571723836688939,38.0,0.06410091198147586,0.04354236223316275,0.05235647254412559,0.17391998740610384,0.2517256837140285,0.035248828887930954,0.1249473592667937,0.11921436882931492,-36.86709374100101,0.07893702379510623
112.401,-2.281367204165278,455.3934593985615,5.019,0.04,17.84,-0.19,1.566860475638185,0.3966479134832807,0.0029437696409589337,-0.00799664671172113,-2.290822579484323,-42.61107628924409,0.0,-0.12907656814334317,17.858421378659273,0.0,112.333,-0.06267069528867167,0.4518779325624126,-4.911878276985814,1.5706546033301236,-0.05730974720895896,0.41066152470839895,-4.814409176413033,-0.0009302197992432093,-0.870435907376617,0.19,1.5684939865017598,-2.3411818973453897,-42.297392993924134,0.0,-0.015767666141716003,16.999992906762067,0.0,1.5717238366889705,28.0,0.06178749823483741,0.043551443887694614,0.052721235679465454,0.1735719203280061,0.2515057553273234,0.03464108910453123,0.12442147364005664,0.11855701654062333,-36.93638472319421,0.07871907574212562
112.507,-2.281367664071894,457.1798825990604,5.039,0.03,17.84,-0.2,1.566892956677128,0.0,0.0,0.0,-2.289946194550173,-41.5392348661317,0.0,-0.12831058151588073,17.864482758928744,0.0,112.432,-0.0674050174733989,0.35551673606537065,-4.871712553871836,1.5241899856119085,-0.0293075119777546,0.30224526781587696,-4.81482107980319,0.28015487182788257,-0.8991904338992285,0.19,1.55249022258223,-2.34212795730163,-41.27739343266436,0.0,-0.015767666139200217,16.999992906764202,0.0,1.5717238366888224,28.0,0.0632003988204948,0.04382229563692661,0.052823406279258925,0.17408163186751247,0.25177747113882687,0.035156561111227246,0.12486873859848338,0.11922949145196621,-36.788094989297875,0.07897988561766986
112.6,-2.2813681217853485,458.9552100164476,5.058,0.03,17.82,-0.19,1.5653082132947185,0.3141031959146111,0.10490679767815227,-0.04248111371170006,-2.288527017287034,-39.03944440401735,0.0,-0.09350282163706176,17.83762414234525,0.0,112.564,-0.08524301930715297,0.25720957170612724,-4.966893363218739,1.544253199389413,-0.06376046972511697,0.21867044815971093,-4.831061938127519,0.1046100847427224,-0.8751993723182849,0.19,1.5628524591647104,-2.344335430532823,-38.89739445639177,0.0,-0.015767666139541742,16.99999290676207,0.0,1.5717238366888426,36.0,0.0603850032583182,0.04250721738847341,0.05229629115064654,0.17262143715031306,0.2511581216205394,0.034547993782631924,0.12431365851113536,0.11771412640335635,-37.03625433618553,0.07824885008680302
112.7,-2.2813685789939058,460.7305374405966,5.076,0.03,17.77,-0.18,1.5625679344546535,0.2111344791313336,-0.007150661034116919,-0.0013693791700665821,-2.2876173813471077,-37.614023081998255,0.0,-0.0547948823445244,17.79985364119827,0.0,112.63,-0.07884059404458214,0.17797543916285496,-5.029859752044925,1.532958892681994,-0.05178594414056707,0.1221388464582514,-4.831505102679394,0.1833871657131707,-0.8453186091035185,0.18,1.558188948553182,-2.3455968438077726,-37.537395041378815,0.0,-0.01576766614134296,16.999992906762778,0.0,1.5717238366889486,30.0,0.06186140213813432,0.043026698493406935,0.052619143922512206,0.17316443264797324,0.25133962792527154,0.03459105269888823,0.1244202857640863,0.11828138190121913,-36.95836481473689,0.0784908524488187
112.8,-2.281369033711428,462.4947690833841,5.093,0.04,17.7,-0.15,1.5620370312270266,0.15246787230167813,0.04111115230743392,-0.009285532472066656,-2.2858231028080893,-35.83740180212365,0.0,-0.047093120975083724,17.73621623397966,0.0,112.729,-0.08453942749194054,0.1042889251098785,-4.92040658132857,1.55469810476962,-0.06046818965471488,0.0401711900896258,-4.835637409549477,0.11425973987908453,-0.7727558996273345,0.15,1.5616834748255015,-2.3471736104016454,-35.83739577261228,0.0,-0.01576766614322411,16.999992906764202,0.0,1.5717238366890591,31.0,0.060698165026391034,0.04210967982336139,0.05221083084801877,0.1720843816058389,0.25092781343800225,0.03424165865340878,0.1243331870697219,0.1173924977739293,-37.05917114958201,0.07798290550169197
112.903,-2.2813694812207785,464.2479042163144,5.106,0.04,17.62,-0.11,1.5616806075584633,0.07823267453507725,-0.0248519030632666,0.002572362206436211,-2.2825788977442505,-33.71487939721044,0.0,-0.040328223226768434,17.64442271406581,0.0,112.861,-0.09040964075857628,-0.03497102523438247,-4.950403783935182,1.5492191369426438,-0.07493154938564989,-0.05485340806117356,-4.860169304175473,0.10439173440101568,-0.7340014549928355,0.11,1.5622455612062762,-2.349065730314484,-33.79739665009241,0.0,-0.01576766614369218,16.999992906764202,0.0,1.5717238366890867,42.0,0.06134347104701188,0.04207675886780784,0.05193778400378022,0.17218422756123813,0.2510275813696757,0.034438186118317414,0.12450165274684499,0.11757991351312379,-37.04640753859209,0.07807042499027218
113.0,-2.2813699321330745,466.0121351370681,5.114,0.05,17.54,-0.07,1.5620633979004364,0.06272472988582636,-0.03041144367942476,0.00279856062733201,-2.2798272525653953,-32.30630156020066,0.0,-0.04494492407514371,17.57745322851866,0.0,112.927,-0.09538492120220413,-0.07006791183674087,-5.005177393974929,1.558996026779049,-0.08085476599819583,-0.12398090849683874,-4.867020013356274,0.037114483529482545,-0.6565436132168188,0.07,1.5656366184708803,-2.350327143589725,-32.43739723507916,0.0,-0.015767666144277267,16.9999929067642,0.0,1.571723836689121,33.0,0.05993948655594949,0.041378824665737196,0.051575465037707685,0.17123933343752257,0.2506298979394029,0.03397929445280513,0.12411028547119042,0.11666118824165783,-37.15171992589379,0.07760982421578674
113.1,-2.2813703740182802,467.7541737477325,5.119,0.05,17.45,-0.04,1.5629793890428285,0.0,0.0,0.0,-2.2760249537693173,-30.553341166248874,0.0,-0.0591257926549607,17.489367435840858,0.0,113.026,-0.09610933594417612,-0.10514422959809393,-5.0164379529124625,1.5517191007643139,-0.07290109331448794,-0.172535567252188,-4.901630843598669,0.1192396824457365,-0.5544172498455424,0.04,1.5607917033440089,-2.3519039101838453,-30.737397966312592,0.0,-0.015767666144654743,16.9999929067642,0.0,1.5717238366891433,34.0,0.06172602031374846,0.041826180988086666,0.05146680894601071,0.17181650004155719,0.25087653513846064,0.034302581409656904,0.12426326503016732,0.11728633511984007,-37.06759482903137,0.07790099826805558
113.2,-2.2813708161262696,469.4851173049348,5.121,0.04,17.36,0.0,1.5630075210381786,0.0,0.0,0.0,-2.2721700266173674,-28.80930299326126,0.0,-0.06267648747907319,17.39968069077086,0.0,113.125,-0.10925783475620093,-0.17848392846816122,-5.007362102673943,1.5393834812795504,-0.07389841655284993,-0.22905379660806874,-4.921133157784983,0.1656535576149089,-0.4740970267614024,0.01,1.558040908633066,-2.353480676777907,-29.037398697545957,0.0,-0.01576766614263345,16.999992906766334,0.0,1.5717238366890243,35.0,0.06084591994751991,0.04159529053945716,0.051250314851027295,0.1714232292123242,0.2506896068875646,0.034069345628600985,0.12407417117757842,0.11684531172163809,-37.11927112155807,0.07769803367296942
113.301,-2.2722821236854145,471.21605938387245,5.119,0.04,17.27,0.02,1.5618175771695118,0.0,0.0,0.0,-2.2676472700729944,-26.72818646253878,0.0,-0.03701526106307116,17.294338129308535,0.0,113.224,-0.11555877941988313,-0.21579796746046245,-5.120157234501099,1.5268296342218493,-0.07601219994912634,-0.2637576596867208,-4.945506540472419,0.22048353935182233,-0.3641715900577758,-0.01,1.5554078346401459,-2.3553727966904243,-26.997399575025675,0.0,-0.015767666138437563,16.99999290676811,0.0,1.5717238366887774,36.0,0.06184475135656113,0.04194609944732752,0.051246958951943464,0.17183004358847195,0.25085777392523084,0.03433678900248494,0.12425349262271453,0.11728363145730468,-37.06615808296123,0.07790012114187367
113.4,-2.272282557986415,472.93590640591344,5.112,0.04,17.19,0.05,1.5601020558413603,0.0,0.0,0.0,-2.264545616358806,-25.347695668446534,0.0,-0.012312781540814206,17.22647790791209,0.0,113.323,-0.12103077936194168,-0.23856826727749805,-4.955310555935562,1.558145614974638,-0.10102662656587576,-0.28515592369019227,-4.958743634200481,0.06684283920366146,-0.25518862027344014,-0.04,1.5644947866252614,-2.356634209965118,-25.637400160012053,0.0,-0.015767666134245125,16.99999290676953,0.0,1.5717238366885307,37.0,0.0613884944181895,0.04184162150274372,0.05120008193668924,0.17158868496442756,0.25073238234521267,0.03416825585565634,0.12409667474448442,0.11701757568241807,-37.091627235030394,0.0777698894958956
113.5,-2.2722829863154033,474.6446568907286,5.103,0.04,17.11,0.06,1.5602268148821332,-0.07544543879830515,-0.049542474718844105,0.019053305998594013,-2.260402975254405,-23.629530925189798,0.0,-0.009897158019957367,17.145716273431898,0.0,113.422,-0.11659178768616002,-0.2778151180206478,-5.002050891218352,1.5486809940703077,-0.09695155215065944,-0.3072070086623192,-4.969101290705783,0.12669057658748323,-0.15426400675211482,-0.06,1.5609657180314733,-2.358210976557958,-23.93740089124483,0.0,-0.015767666128679005,16.999992906771308,0.0,1.5717238366882031,38.0,0.0687838072973279,0.044043158651305474,0.051494711903402456,0.1748929484780386,0.2522516772475593,0.03645456840322662,0.12591153541056913,0.12072381973277568,-36.735623128055735,0.07950009580293296
113.6,-2.263194280663953,476.35340736836014,5.095,0.04,17.04,0.08,1.561212781877492,-0.07689592772917349,-0.005980380646078377,0.0023256299431372927,-2.256133201784039,-21.91912446915126,0.0,-0.02875952191840327,17.07088701825473,0.0,113.554,-0.13120940379313598,-0.3199442180727606,-4.970344975800556,1.545264188739129,-0.11969088578869293,-0.31679447096082125,-4.979349760860435,0.04811809145084731,-0.07171040725021527,-0.08,1.5656032695424573,-2.359787743150359,-22.23740162247756,0.0,-0.015767666125508208,16.99999290677131,0.0,1.5717238366880166,46.0,0.06201663637037278,0.042568959127309534,0.05142505058753161,0.1723743263837111,0.25103343729072164,0.03433770901224428,0.12418239428261459,0.11763375564001291,-37.02293870339591,0.07814439691117264
113.7,-2.2631947181514676,478.1065409814273,5.086,0.04,16.97,0.09,1.562047556103442,0.0,0.0,0.0,-2.252071750875488,-20.21583703914151,0.0,-0.04043518998297058,17.00247273059497,0.0,113.62,-0.13881721580005812,-0.2760692330165193,-4.969401724144691,1.557727945043654,-0.12772858012543037,-0.29833404311346234,-4.986150019375911,0.007304795911215779,0.04616152063504586,-0.08,1.5680179745435816,-2.361364784129824,-20.536747357235623,0.0,-0.015782357004370393,17.065492530319435,0.0,1.5717211376362428,40.0,0.06195939649038382,0.042353358149420296,0.05150914095715061,0.17202965146833904,0.2508832689677148,0.034332182092856336,0.12419964686266183,0.11742683200244114,-37.036099965314705,0.07797129596377567
113.802,-2.263195138826788,479.79309986285165,5.075,0.03,16.91,0.08,1.5638241507720687,-0.0983194867480285,-0.04937093690986172,0.01654913018798107,-2.2480553543939252,-18.180350176673453,0.0,-0.07632480249264689,16.92945842031725,0.0,113.752,-0.1358435834074813,-0.29893203253409645,-4.943421595729447,1.5485369280769665,-0.12506660405600112,-0.2888942162052013,-4.989748279078295,0.08306368774210371,0.12677462931270966,-0.08,1.5641599751157524,-2.363377828680974,-18.42584120648186,0.0,-0.017252211419500767,17.999874477072105,0.0,1.5717547893752084,50.0,0.07056177947809981,0.04458527341187914,0.051792644525810214,0.1755389278723741,0.2525212210472615,0.036849102053276975,0.12619683460511313,0.12151366901957049,-36.64353068186858,0.07982917530676228
113.9,-2.2631955593928694,481.47965873456286,5.065,0.01,16.86,0.08,1.5644847402025501,0.0,0.0,0.0,-2.2459158601997573,-16.490236523432507,0.0,-0.08291285015412668,16.878332704114598,0.0,113.818,-0.1446571275011896,-0.18233684231244893,-4.9731967970210675,1.5435431013112717,-0.12004925319186607,-0.21862805439606897,-4.995924578674051,0.12925521801791692,0.3005829544762868,-0.08,1.5621040500464347,-2.3651030541138245,-16.6258490452978,0.0,-0.01725228247492867,17.99994861342588,0.0,1.5717547893751243,42.0,0.06957619196975857,0.04466373387365325,0.05193080779543666,0.17548789288553826,0.2524531889008219,0.03645200775307158,0.12583066076372898,0.12122322160390264,-36.670225722544345,0.07977686180455837
114.0,-2.2631959800823154,483.1662175962768,5.055,0.0,16.82,0.08,1.5638830266569295,-0.1709437370390063,0.029108329078414975,-0.008845968307398155,-2.245017228256644,-14.80463236232025,0.0,-0.07180809875450747,16.838815343301565,0.0,113.917,-0.1488834261631805,-0.07586479568744509,-4.92900052700952,1.5598019087538613,-0.1273666789378759,-0.07657480325784316,-5.001653587873344,0.1277771068887584,0.6042864530503209,-0.08,1.563463181944482,-2.3668282840563855,-14.825852438713076,0.0,-0.017252308483463843,17.999975749724427,0.0,1.571754789375091,43.0,0.0653547503722177,0.04284416521905669,0.05165463970292013,0.17297442993208692,0.2513670162021968,0.03537730284184618,0.12514612200411324,0.11879370334612921,-36.91347036152243,0.07849418121935163
114.1,-2.2631963978603125,484.841680661386,5.043,0.0,16.8,0.09,1.563525578999195,-0.351279611880389,0.0153780304976109,-0.0013758019957219477,-2.2452031272084003,-13.12200467020689,0.0,-0.0660922136950855,16.818742744229034,0.0,114.082,-0.15336028319203443,0.1375900312229233,-4.9261467684936795,1.544693793566599,-0.13855041434891013,0.1088525245135462,-4.989684413748526,0.10553173946251389,0.9370437401920881,-0.09,1.564846603957263,-2.368553515544232,-13.025854204967969,0.0,-0.01725231800145117,17.99998568248847,0.0,1.5717547893749688,18.0,0.06590213660843659,0.042818091827294714,0.0516063605760351,0.17313840574705416,0.2514834858073477,0.03542821247404444,0.12521393343642592,0.11899423559336517,-36.9150328548302,0.07860458490608145
114.201,-2.2631968157739095,486.5171437169832,5.03,-0.01,16.81,0.11,1.5638584932920079,0.0,0.0,0.0,-2.2463270779181443,-11.439699332228,0.0,-0.07256579380100221,16.831344287423143,0.0,114.115,-0.15003179627232635,0.14866260212803042,-4.948849534615655,1.5635446209478785,-0.13526844959434822,0.22172958738469264,-4.995999193533859,0.08409088461388413,1.0228334585445857,-0.1,1.5666416051981407,-2.370278747597542,-11.225855375629592,0.0,-0.01725232148561779,17.999989318199663,0.0,1.5717547893749395,45.0,0.06818726237783852,0.04454561632546648,0.05238170618284466,0.17525019467110592,0.2523514627096903,0.036071941188418416,0.12563252277288398,0.12085626501038639,-36.740414073571536,0.07965361748819849
114.304,-2.263197232777287,488.20370178258736,5.015,-0.02,16.87,0.13,1.5647609802570681,-0.46121950729024636,-0.008150106676145047,0.012283354561110314,-2.248395582185416,-9.753879750292455,0.0,-0.08706582764193417,16.88568354669533,0.0,114.28,-0.1469279228329882,0.39748174754526044,-4.975466909413547,1.5562216563317972,-0.13818304907116474,0.3894546306937724,-4.998822321631385,0.11255323670543614,1.1667419720680172,-0.13,1.5656649996116154,-2.372003979857971,-9.425856328284885,0.0,-0.01725232276323506,17.99999064898773,0.0,1.5717547893750565,24.0,0.07091725979051426,0.04638977333136601,0.05345274141049534,0.17731529253998404,0.2531669807315755,0.0367443705525455,0.12608059677161243,0.12281916312109883,-36.53140115362927,0.0806728353356056
114.4,-2.272286796921051,489.89025983030893,4.998,-0.03,16.96,0.14,1.5653610872712473,0.0,0.0,0.0,-2.2507867291398167,-8.399828556476939,0.0,-0.09400902015738141,16.959784530597588,0.0,114.313,-0.15156550833304996,0.4037273598589591,-4.97764885624869,1.5781319813612795,-0.1431625266163572,0.5069286750021444,-5.009886865197435,0.024708689111857876,1.1903144106454917,-0.14,1.5710883366694404,-2.373384165723958,-7.985857029863447,0.0,-0.017252323168932913,17.99999107348505,0.0,1.5717547893749917,47.0,0.06763201657834794,0.04510529824857624,0.053646142864511075,0.17540945052575904,0.2523280755300597,0.035721340265146784,0.12532218109654,0.12090608250037108,-36.69289204934164,0.07967465672179146
114.501,-2.27228722237183,491.5879144265165,4.98,-0.04,17.09,0.13,1.5665701670248546,-0.32195115340923897,-0.03769139806058745,0.02785519203691776,-2.2557351649654658,-6.35492893211447,0.0,-0.11867748583165806,17.116534912512876,0.0,114.478,-0.14389189838404468,0.6158198190103654,-4.911222670166501,1.5704603900399627,-0.13071199058487107,0.6631207100033465,-5.004121464575281,0.10552906433848372,1.194038307124437,-0.13,1.5672123929465283,-2.3754544445584416,-5.82585804479209,0.0,-0.017252323401319315,17.99999131439953,0.0,1.5717547893750738,23.0,0.07311447067329398,0.046290376912302145,0.05407593103420862,0.17729161235779012,0.25321244890255645,0.03683595109462926,0.12617733566640768,0.12323919855430936,-36.45838197311084,0.08069040779389704
114.601,-2.272287649461745,493.30775980896885,4.963,-0.05,17.26,0.12,1.567729107630674,0.0,0.0,0.0,-2.261298268438188,-4.634279641415033,0.0,-0.1362804784705086,17.283087809117077,0.0,114.511,-0.14543386806408656,0.6336863666520395,-4.853094470829568,1.560244239805005,-0.12854336070735312,0.7640266660932346,-5.002412785448364,0.08788161213054407,1.114049939168769,-0.12,1.5687301407449454,-2.377179676932865,-4.025858877750233,0.0,-0.01725232346798639,17.999991379660653,0.0,1.5717547893753026,49.0,0.07229391799255226,0.045743671647152956,0.0540196506802644,0.17671268319700947,0.2529862035511923,0.036477172281082854,0.1259136218414862,0.12265123258689072,-36.5037370446138,0.08040237448057165
114.703,-2.2722880829295775,495.0387017430501,4.95,-0.06,17.45,0.09,1.5681088511508443,0.0,0.0,0.0,-2.268220985175354,-2.895620439584514,0.0,-0.14456522004463931,17.473069714271723,0.0,114.676,-0.12832520827983782,0.7838327708495206,-4.869194580407428,1.5392141340600214,-0.1101513378713987,0.8393742203866119,-4.972852416633165,0.25843670493383303,0.9496120540509025,-0.1,1.5599825303317485,-2.3789049093113626,-2.2258597067950334,0.0,-0.01725232349194029,17.999991403547597,0.0,1.5717547893753614,27.0,0.07258752630676385,0.045473457162122685,0.05384916176779071,0.17658527786179803,0.2529649187679155,0.03654493574513642,0.12599485543988845,0.12262036291542529,-36.49734149027552,0.0803485396016427
114.8,-2.2813776755602078,496.79183523667734,4.942,-0.07,17.65,0.05,1.5672476324860496,0.0,0.0,0.0,-2.2745608450890105,-1.4904624478174024,0.0,-0.13309930805918682,17.635526903561367,0.0,114.709,-0.14007383992151645,0.8563244284152938,-4.852700303184657,1.5586590726888174,-0.1067354500587612,0.9288344580151788,-4.9672094027581934,0.19145781583071503,0.8395719130867327,-0.06,1.5642096196887132,-2.380285095215135,-0.7858603689440504,0.0,-0.017252323497296017,17.99999141116622,0.0,1.5717547893752533,51.0,0.06968126510119473,0.043452312816909,0.052871364834828675,0.17428326492567264,0.2520037412936052,0.0356017211732849,0.12529368578019742,0.1203854957207527,-36.73469945928764,0.07918590368052669
114.9,-2.2904672771787773,498.5671602922961,4.938,-0.07,17.86,0.01,1.566140715559248,0.0038915839485787556,0.020662921185544213,-0.006644916842076786,-2.283001436366418,0.28451934470118895,0.0,-0.1115116876330272,17.842923700403947,0.0,114.808,-0.1250286749726134,0.8879418960574501,-4.7959478614250335,1.5394774870943657,-0.08056513495634376,0.9583993716267217,-4.941771526509889,0.34076169261872663,0.5643274744845463,-0.01,1.5561015053156875,-2.3820103275950126,1.0141388039003423,0.0,-0.01725232349763879,17.999991415076707,0.0,1.571754789375064,52.0,0.07007256810057123,0.043223515645625155,0.05221573038841922,0.17425454931363496,0.2520200007702659,0.03567789095261909,0.12543550654298163,0.1203906265542371,-36.76164720828911,0.07919124410627888
115.0,-2.299556889190029,500.3535819130868,4.937,-0.06,18.06,-0.02,1.5643367022883634,0.10991076902242547,0.08859135887992355,-0.04495344457963191,-2.2929766761697565,2.4416083176099224,0.0,-0.07608105027329314,18.086463393135805,0.0,114.973,-0.11811982755715006,0.8896624413453751,-4.95996897810734,1.5548771955123257,-0.09237216598408957,0.939167696898281,-4.931121948470992,0.24019518229218575,0.2774855112363248,0.02,1.5609700404969036,-2.3840806064510103,3.1741378116074337,0.0,-0.017252323498005748,17.999991416660528,0.0,1.5717547893750001,27.0,0.07127510856993252,0.04355300863086584,0.052019267571654156,0.17465421298291384,0.25216487856257536,0.03598245976056119,0.12564154948885062,0.12085476632268642,-36.716364476198834,0.0793814493725842
115.1,-2.2995573546006653,502.16219589283446,4.942,-0.05,18.25,-0.06,1.5630495497633259,0.0,0.0,0.0,-2.298977668352716,3.8954932824667865,0.0,-0.06133344022230025,18.239343429838268,0.0,115.006,-0.12393548800937403,0.9382085266936329,-4.888278807711049,1.5490040177419557,-0.0863899652465177,0.959504995823042,-4.92309144645937,0.19248419062319394,0.18222868127208258,0.05,1.5630495037879077,-2.385460792355082,4.614137150143326,0.0,-0.01725232349863511,17.999991417033602,0.0,1.5717547893750152,54.0,0.07151632604935054,0.04399680799644967,0.05210901241601043,0.17500272164539607,0.25226035615223463,0.03605596777838051,0.12564736006189317,0.12111418495275228,-36.68317382060615,0.07952926696871807
115.2,-2.3086469808490335,503.9597140847586,4.952,-0.03,18.42,-0.1,1.5630927328628044,0.17862715400211668,-0.03943338498849788,0.013086746347320596,-2.305384901615837,5.729315484799204,0.0,-0.05920017721289351,18.415770973204136,0.0,115.105,-0.09564403327914486,0.9062753706301767,-4.7950584221826835,1.5548590844489911,-0.07207969882936237,0.9091013305742988,-4.893255333474537,0.19055584544106224,-0.09511149200381297,0.1,1.5620349235730397,-2.387186024735154,6.414136323339294,0.0,-0.017252323498290985,17.999991417225008,0.0,1.571754789374986,55.0,0.07100325977308558,0.044176247007466606,0.05207895680737033,0.17511335406700423,0.25229416275519156,0.03609619422412814,0.12568177295336544,0.12112109606331928,-36.69377019101609,0.07957957389087696
115.3,-2.3086474568719098,505.8016154261411,4.965,-0.02,18.57,-0.13,1.5634168838758509,0.0,0.0,0.0,-2.3117190977581985,7.951410384103141,0.0,-0.06705845801757199,18.598909679053406,0.0,115.204,-0.09577191504895183,0.8581743709106778,-4.895786781665166,1.5621996884640772,-0.07520067406354658,0.8305310012438463,-4.875737372107414,0.11329937012975369,-0.30220973966633835,0.12,1.5656806546157631,-2.3892563035911683,8.574135331188886,0.0,-0.017252323499191275,17.999991417301118,0.0,1.5717547893750319,56.0,0.07049871547846087,0.04410567092059035,0.052016147706461395,0.17493944931502228,0.25221736861724514,0.03603713960779813,0.1256297181988116,0.12091997219836412,-36.713933713341696,0.07949095183839014
115.4,-2.3177371047804627,507.6546133511123,4.981,-0.02,18.7,-0.15,1.5640381868605056,0.27424259402393414,-0.03971304743680179,0.017019095368739613,-2.315345579109069,9.444071254861136,0.0,-0.07762790201243071,18.702240541405022,0.0,115.336,-0.09256018911044886,0.7239992161063696,-4.885674022803251,1.5573165892502863,-0.07993224437425983,0.7232333794620794,-4.867047109290999,0.08110457947436035,-0.5757090540799688,0.15,1.567424920534432,-2.3906364894953063,10.01413466975849,0.0,-0.01725232349994831,17.99999141732368,0.0,1.5717547893750727,24.0,0.06342717151876692,0.04265342285027076,0.051926713019074325,0.17255852622655513,0.25110394425912436,0.03413852882323355,0.12410562410717785,0.11793598497389739,-37.0010743011683,0.07823071841425447
115.5,-2.3177375910607907,509.5298020548779,4.999,-0.01,18.8,-0.17,1.5653295736436286,0.3746496412095387,-0.03595822319682446,0.014872439983209107,-2.320308919935626,11.696689218262678,0.0,-0.10840356817208954,18.823758580526345,0.0,115.435,-0.09700511206758626,0.6320406211108786,-4.9148313982543295,1.5561670196119217,-0.08457501922064056,0.6135178912432003,-4.855535055297569,0.04132637437708915,-0.7562216612047301,0.17,1.5690601969048708,-2.3927067683514234,12.174133677614584,0.0,-0.017252323498336167,17.999991417334698,0.0,1.5717547893749826,25.0,0.06303988915437951,0.042555128915200635,0.051937425738719296,0.1724696737023428,0.2510921096693438,0.03419201365017427,0.12416790245283336,0.11786226049613521,-37.01999954110001,0.07820239816079905
115.6,-2.3268272537119117,511.40499236702306,5.02,-0.02,18.86,-0.2,1.5667009428751208,0.0,0.0,0.0,-2.3236025096831527,13.205169593959699,0.0,-0.12910159230760487,18.877323069768497,0.0,115.534,-0.09435481860470495,0.5482834568257344,-4.9366869765776205,1.559930597768037,-0.06975105367447951,0.5103062840488586,-4.855499577492957,0.1572946734502056,-0.8456623733980386,0.19,1.563170830365015,-2.394086954255334,13.614133016185788,0.0,-0.017252323496134096,17.999991417334876,0.0,1.5717547893748602,26.0,0.0634308321363099,0.04296073782901599,0.05208925003165431,0.17303350719356098,0.251348949953671,0.03438039397514588,0.12429716829190537,0.118331072218968,-36.98109227577325,0.07849518466614744
115.7,-2.3268277462456126,513.2801818847622,5.044,-0.02,18.89,-0.21,1.5667389571343102,0.38000015314421454,0.05565949573749673,-0.01030802897482599,-2.327943706205379,15.095132862494912,0.0,-0.13320284598340182,18.911472633980097,0.0,115.633,-0.09621967303325514,0.44789183335910365,-4.998458788900404,1.5369839181755025,-0.0648139211407682,0.3997666461657676,-4.853119573183891,0.19363821207916773,-0.9260131829354883,0.21,1.5611307215763772,-2.3961572331108805,15.774132024042839,0.0,-0.017252323492764367,17.999991417338602,0.0,1.5717547893746728,27.0,0.06346573407358569,0.0430925102562422,0.052207323830882585,0.17318405624191946,0.2514124285488586,0.03441860772671021,0.12431762159648206,0.11845090666575658,-36.966979571920476,0.07857042757559334
115.8,-2.3268282411911514,515.1664671969996,5.069,-0.02,18.88,-0.21,1.5654972568762047,0.3518289537710903,0.05604440881893109,-0.012668686992807942,-2.332345710658049,16.986592524411208,0.0,-0.11062421143479789,18.911436611992674,0.0,115.732,-0.09397275403797903,0.34826617670452475,-4.99775037622804,1.5450002416148154,-0.06479721398879212,0.29823539462120524,-4.859305824721613,0.20511110706104854,-0.930477097521262,0.21,1.5604838217790418,-2.3975374190144323,17.214131362614456,0.0,-0.017252323490461362,17.99999141733772,0.0,1.571754789374545,28.0,0.06191549220884553,0.04250248158362625,0.052164748978811765,0.17232348860008395,0.2510207012613673,0.03391779604271953,0.12391011083531497,0.11757205979291994,-37.0479509816096,0.07812337271802894
115.9,-2.3359179113732864,517.0416575409201,5.093,-0.01,18.85,-0.2,1.5642131753873567,0.0,0.0,0.0,-2.3362815876447063,18.87634837301335,0.0,-0.0853992808580223,18.881703602890802,0.0,115.831,-0.08749305220400527,0.2418776929754421,-4.997760323215325,1.5286662373206092,-0.05769820388213851,0.19574761446539685,-4.871027680614086,0.2519526849832734,-0.9305865971594578,0.2,1.5573024107370343,-2.399262651393616,19.01413053582851,0.0,-0.01725232348999637,17.9999914173363,0.0,1.5717547893745192,29.0,0.06288422893825496,0.04262194463301771,0.05212977109206154,0.17263254121239185,0.2511888078104131,0.03424370803019906,0.12421030403422721,0.11798721207016713,-37.01139501024523,0.0783001337077523
116.0,-2.3359184054404523,518.916847082287,5.114,0.0,18.79,-0.17,1.5626693321999647,0.0,0.0,0.0,-2.3392443701524726,20.761763932108227,0.0,-0.057176125192787045,18.828315406676214,0.0,115.93,-0.0896784439023899,0.14018921697219328,-5.009871187134303,1.5495195223238019,-0.06522084486762124,0.08554564448815155,-4.866732269872248,0.14581176296498347,-0.9114427824899245,0.18,1.5632043699922218,-2.4009878837727268,20.81412970904265,0.0,-0.017252323487975348,17.99999141733772,0.0,1.5717547893744068,30.0,0.06642779960302214,0.04576967878921747,0.054136948375187614,0.17555409015769813,0.2521937761343076,0.03469209851548801,0.1243223998091413,0.1205188653216359,-36.62114095889385,0.07962987209459861
116.1,-2.335918899782115,520.7920366307659,5.131,0.0,18.71,-0.14,1.5622628881272413,0.1715969804791257,-0.04456457440619227,0.002100816160368035,-2.3408729253356957,22.64079126508128,0.0,-0.04665270339485606,18.756646724271793,0.0,116.029,-0.08773730345359805,0.053847944713165764,-5.017199546585512,1.5670927150542326,-0.07758150839584793,-0.020451856559137647,-4.867586895310639,0.021807417485013077,-0.8618872159198006,0.14,1.5695744941621184,-2.4027131161517055,22.614128882256953,0.0,-0.017252323487122075,17.999991417339853,0.0,1.5717547893743593,31.0,0.0756609525428616,0.04885249248542562,0.05580502457515763,0.1793549908440864,0.25383260681951053,0.037415328447907445,0.12647545245066694,0.1252204984305019,-36.11416172756386,0.08159789258359694
116.2,-2.3359193838644217,522.6450337882179,5.144,0.01,18.62,-0.1,1.5642140275475125,0.0,0.0,0.0,-2.3412676926039926,24.511831402867816,0.0,-0.08062264421768546,18.67037635441857,0.0,116.128,-0.08100277121391175,-0.01370911788736145,-5.031511533708183,1.5703366285279015,-0.07480442005023676,-0.08011783518528641,-4.891283882490924,0.023753053926488035,-0.7563159260319523,0.11,1.5689100179859325,-2.4044383485304297,24.414128055471625,0.0,-0.01725232348318794,17.999991417342688,0.0,1.5717547893741406,32.0,0.06401625376675366,0.04271658007794393,0.05426586441471276,0.17224401051786717,0.2510188434647287,0.034435739067885676,0.12436938749035871,0.11819959460408838,-36.846634836225,0.07808081046144084
116.301,-2.3359198688781078,524.4980309494297,5.153,0.01,18.53,-0.06,1.5662482139330844,0.023519137620309844,-0.06391319159799472,0.00870883380752828,-2.3410185088004547,26.744975077820275,0.0,-0.12452911175826628,18.555808773057535,0.0,116.227,-0.08392737926077673,-0.09189560185577979,-5.054754223359463,1.5553337439643975,-0.07382226484941302,-0.14993985739713359,-4.92025748523929,0.039416828347415375,-0.635550831666805,0.06,1.5680347607773655,-2.406508627384524,26.57412706332906,0.0,-0.017252323482613335,17.999991417339494,0.0,1.5717547893741088,33.0,0.06293859515443995,0.04152744518462693,0.05313167359594172,0.17168415964083272,0.2509386771988599,0.03408912993139596,0.12421082958699863,0.11754483955474493,-37.00205239864111,0.07790000324201851
116.4,-2.3450095366309824,526.3399323217984,5.16,0.0,18.43,-0.01,1.5671775229882938,-0.03625609111195562,-0.02577665927322559,0.00422454727781175,-2.340923649939244,28.22602005565165,0.0,-0.13654253331582838,18.47812799865576,0.0,116.326,-0.09490532618827681,-0.16549072098804135,-5.114102644119985,1.549930675095785,-0.07474121192558444,-0.22185360213775732,-4.957925928565455,0.08140125511350689,-0.5613456072424832,0.01,1.5662408247281125,-2.4078888132871334,28.014126401900715,0.0,-0.017252323482465453,17.999991417339494,0.0,1.5717547893741006,34.0,0.06147085637642822,0.04090962607375661,0.05218496679049067,0.17120514236233036,0.25073581519507054,0.03367776809419598,0.12390668632890998,0.11684224322173038,-37.13032975661283,0.07766828108053438
116.501,-2.3450100169305017,528.18183286513,5.164,0.0,18.34,0.01,1.567192182005618,-0.03582710517072057,0.0119278980728738,-0.003203781649765592,-2.3412956416213833,30.436113684947614,0.0,-0.13545373226787266,18.364770285025003,0.0,116.425,-0.09598046872370285,-0.2185485757017639,-5.117249462481041,1.5701588325256621,-0.08311087044775664,-0.26660980350039193,-4.984349529120626,0.025165212172730742,-0.4541108162195897,-0.01,1.5693893408011679,-2.4099590921411753,30.174125409758144,0.0,-0.017252323481033664,17.99999141734269,0.0,1.571754789374021,35.0,0.062050532658955895,0.04163763568616449,0.051855617019977554,0.1719888557627264,0.25097720231133946,0.033698779601780644,0.12380547311537833,0.11730609183188748,-37.08758815620833,0.07800525669906457
116.6,-2.345010491108212,530.0015418310919,5.164,0.0,18.25,0.05,1.5675516657673307,0.0,0.0,0.0,-2.3419651731684827,31.902062837526113,0.0,-0.14127101109505755,18.291505544918685,0.0,116.524,-0.09614223552174664,-0.24243636704062982,-5.053987940121344,1.5577976184539208,-0.0882941579652005,-0.2980954351834238,-5.002295343383558,0.0382276977733872,-0.35773956131683704,-0.04,1.5686621662367464,-2.411339278043802,31.614124748329857,0.0,-0.017252323480082425,17.99999141734269,0.0,1.571754789373968,36.0,0.06303278152629443,0.04189723060331852,0.051573500214510355,0.17214652270074265,0.25099006214011654,0.033970080844418174,0.12400653157370692,0.11755035824011927,-37.05568529657678,0.07805557724610654
116.7,-2.345010979857989,531.8767297253473,5.16,-0.01,18.16,0.08,1.5681626611065607,0.0,0.0,0.0,-2.343385640667311,33.72648296999135,0.0,-0.15248965545514984,18.204041248650693,0.0,116.623,-0.0918744679781303,-0.26999750467789146,-5.082923034548123,1.55684109072058,-0.07837903652206085,-0.3157514740865365,-5.027970536538975,0.11920289349923045,-0.23435295620889462,-0.07,1.5647111995578369,-2.4130645104219677,33.414123921544466,0.0,-0.017252323478803448,17.99999141734269,0.0,1.571754789373897,37.0,0.06283673542177716,0.042015600385453336,0.05144640723854519,0.17204997331034116,0.2508972577699976,0.03389965405961565,0.12391708188665435,0.1174157558132299,-37.06315611622008,0.07797937885545914
116.8,-2.345011447836413,533.6853420555042,5.153,-0.02,18.08,0.1,1.5675324169595282,0.0,0.0,0.0,-2.345568705678288,35.54244365360824,0.0,-0.14379724728862472,18.12226271166406,0.0,116.722,-0.09481151095147328,-0.2946893888043969,-5.1139376325729105,1.5407549310864093,-0.06786188708357357,-0.32880059421475966,-5.055298516990369,0.2220702383531913,-0.13522466290850588,-0.1,1.559548665012608,-2.4147897427998024,35.21412309475895,0.0,-0.017252323470847084,17.99999141733985,0.0,1.5717547893734551,41.0,0.06288676299598982,0.042275660027516884,0.05150706667050698,0.17221385488419663,0.2509487469145429,0.03405529202159722,0.12403377260665861,0.11757197936164702,-37.000143115889884,0.07803244461979844
116.9,-2.3541011082760406,535.4939543726739,5.143,-0.02,18.01,0.12,1.5655269101869802,0.0,0.0,0.0,-2.3483491456928207,37.35055350475672,0.0,-0.1090135104647599,18.047248614429623,0.0,116.821,-0.11212728665824397,-0.31321250254816857,-5.0731067959508644,1.5653955593747622,-0.1013805611783523,-0.3376085442828856,-5.060689679633651,-0.00035053827886392594,-0.04360621715774471,-0.11,1.5719283964319481,-2.4165149751769888,37.01412226797355,0.0,-0.01725232346711807,17.999991417339853,0.0,1.571754789373248,40.0,0.0669983405433578,0.04464928506241196,0.05328472561522276,0.17432664964708688,0.2516432238223041,0.03476691986501615,0.12431279159398001,0.119698100019687,-36.67720915296388,0.07896700370302423
117.0,-2.3541015747476024,537.2914708959476,5.133,-0.03,17.94,0.12,1.565861909711037,0.0,0.0,0.0,-2.3513885928237395,39.15150745550705,0.0,-0.1042705003020329,17.97887875091621,0.0,116.92,-0.09237908465143024,-0.3013152808924938,-5.123831438311827,1.546523679351059,-0.08025119356876007,-0.32258404346316055,-5.071576493506329,0.16714892074683438,0.05964966800479132,-0.12,1.5626304826878377,-2.418240207553762,38.81412144118818,0.0,-0.017252323463915357,17.999991417342695,0.0,1.57175478937307,40.0,0.06442661317422728,0.04264716659794925,0.052658410489464444,0.17228389397079424,0.25093711629843557,0.034315153429522814,0.12427361405022859,0.11801511486112301,-36.91369016667879,0.07803899801468561
117.102,-2.354102038691167,539.0778916223641,5.122,-0.03,17.88,0.12,1.5663188407805302,-0.09152489116769698,0.04554366869075942,-0.01604029571961234,-2.3553990739597253,41.30422023996242,0.0,-0.11531842453209745,17.90651341550836,0.0,117.085,-0.09358516114211626,-0.27445827186397703,-4.98426085638268,1.5605813239641202,-0.08126548443095116,-0.2928110797891218,-5.071104610459649,0.1405183289343696,0.19804189745402567,-0.12,1.5646830014266597,-2.420310486405494,40.974120449045884,0.0,-0.017252323461602565,17.999991417344116,0.0,1.5717547893729413,17.0,0.07313372006351446,0.044790390665546624,0.05270460118774361,0.17590842257761435,0.25268533188845327,0.03672394880301763,0.12622690084664812,0.12220802409101841,-36.55218680357929,0.07999753769652344
117.2,-2.3631916967723328,540.8643114850432,5.109,-0.03,17.83,0.12,1.5654698527094464,0.0,0.0,0.0,-2.3590639081090443,43.09210455864275,0.0,-0.10127183427286048,17.856792438601108,0.0,117.118,-0.09048929360740743,-0.2904461963004975,-4.95000123970691,1.526871123027753,-0.05279115956960799,-0.2707166763232288,-5.070697844408389,0.29832107993039547,0.24252095116941774,-0.12,1.5559669168187327,-2.4220357187819745,42.774119622260784,0.0,-0.017252323465213635,17.999991417341985,0.0,1.571754789373142,42.0,0.0666258578910648,0.04291538613939612,0.052245981069858116,0.17327373527516968,0.2515371353054169,0.035181615407121274,0.12509753967674078,0.1191922361148593,-36.86720069591166,0.07864884570907912
117.3,-2.363192158870305,542.639636403067,5.094,-0.03,17.79,0.11,1.5638230387729146,0.0,0.0,0.0,-2.361996858798243,44.51916665944876,0.0,-0.0784957835865001,17.824275196656885,0.0,117.217,-0.10550359984439162,-0.2880162544318698,-5.0288077510506195,1.5369363869401664,-0.05372652690119934,-0.24931228326037733,-5.0762092707026625,0.2986962444603799,0.2909597208864021,-0.11,1.555944904131791,-2.4234159046833015,44.21411896083258,0.0,-0.01725232346395133,17.999991417342695,0.0,1.571754789373072,43.0,0.06747536461908596,0.042919289437014736,0.052131065371869234,0.17341536964742177,0.25164167700099743,0.03541655638431797,0.1252719967910592,0.11945646789303191,-36.8509913094141,0.0787502688803875
117.403,-2.372281823604993,544.4149613063894,5.081,-0.02,17.77,0.11,1.5613633460041623,-0.09271816694053384,0.051786370184551976,-0.01979712751653537,-2.365685974881799,46.65558392385089,0.0,-0.02443175180632566,17.78767651112629,0.0,117.382,-0.09072380340200066,-0.2340770135019672,-4.990064718942353,1.5324633481291292,-0.06875843829052776,-0.22536914486316026,-5.072393065837112,0.28508201013641493,0.3145640404410983,-0.11,1.556139461011212,-2.4254861835353396,46.37411796869027,0.0,-0.0172523234674845,17.99999141734269,0.0,1.5717547893732682,21.0,0.06847293343152985,0.04303876771206108,0.051939113396996237,0.17370707891604792,0.2517964239857373,0.03562330202470686,0.12541281649226046,0.11981153222457369,-36.816443328571744,0.07891772721790996
117.5,-2.3722822880102967,546.1902862022094,5.07,-0.01,17.75,0.1,1.5598522769894938,0.0,0.0,0.0,-2.36745339278253,48.433087734713325,0.0,0.00021902165106493503,17.765813169195855,0.0,117.415,-0.09001063032661197,-0.2430971169941513,-4.941674227393641,1.551658129895305,-0.052860175602281234,-0.20159876735014104,-5.069132627755321,0.25754760436865115,0.3277697168326341,-0.1,1.557103701138208,-2.4272114159122538,48.17411714190507,0.0,-0.017252323467399976,17.999991417346244,0.0,1.5717547893732633,45.0,0.06593170772380084,0.0423910338274901,0.051660808386088865,0.17278577865522793,0.251374308220693,0.034978473532484004,0.12488807009848135,0.11867732075795556,-36.947007251474226,0.07844098969674687
117.6,-2.372282748572843,547.9656102264773,5.059,0.0,17.73,0.08,1.5591144981470448,0.0,0.0,0.0,-2.3677831903334896,49.85375653052822,0.0,0.011402181323464813,17.75299160016712,0.0,117.514,-0.09472396750595709,-0.2132290342336722,-5.027347897696252,1.5562794917208256,-0.06090334437671512,-0.17083443492265057,-5.066442341168546,0.19023029189044324,0.35043459279806655,-0.09,1.5602753809636691,-2.4285916018137894,49.61411648047689,0.0,-0.01725232346435169,17.999991417343406,0.0,1.571754789373094,46.0,0.06639898612982638,0.04246087003716824,0.05150182818626924,0.17292169372074045,0.2514375632254584,0.03512986258829,0.12501839064546616,0.11885065475497066,-36.93799121713741,0.07851519169061749
117.7,-2.37228320998193,549.7298393139121,5.049,0.01,17.72,0.07,1.559382755370114,0.0,0.0,0.0,-2.3668101746750643,51.628418647473225,0.0,0.008319883469919935,17.742074175028726,0.0,117.613,-0.09041724742142641,-0.17847495707722913,-5.009002263207615,1.557448156481035,-0.07719649725251432,-0.13304868620659727,-5.061543613747773,0.05134247725568703,0.3743158193594276,-0.07,1.5674061879875478,-2.430350231174463,51.42948659483838,0.0,-0.018287342861574518,18.490899209190573,0.0,1.5717853180111907,49.0,0.06976224355978602,0.043395478814238206,0.05154792079288242,0.17425358573384936,0.2520172158263251,0.035867193017109875,0.12552545216047625,0.1203272102350563,-36.78602707706517,0.07919652702920621
117.8,-2.3722836778139538,551.5051650430975,5.042,0.02,17.72,0.06,1.5613895040613153,-0.06528818043356198,-0.09892916592634579,0.030570781458422028,-2.3639878406361317,53.75701446202963,0.0,-0.032615870653290885,17.73615340247855,0.0,117.712,-0.08025621816175245,-0.11907924527551987,-4.971258191909348,1.5640285888839507,-0.07348747922347337,-0.08173809472439524,-5.047449222879354,0.05329741916345866,0.41368210667801364,-0.06,1.5667542894661028,-2.4325946617877894,53.69867205794279,0.0,-0.018794005068790837,18.99992229113631,0.0,1.5717854886794138,49.0,0.07050533836362538,0.04337844551986567,0.05157829296504484,0.1741389727542962,0.2519364037983364,0.03596439079642048,0.12556997355351146,0.1203706016330244,-36.759324817863686,0.07912153149516289
117.9,-2.3722841393108354,553.2693941129637,5.036,0.03,17.72,0.05,1.563515960765306,0.0,0.0,0.0,-2.3609643444014523,55.530725890877285,0.0,-0.06791742778641557,17.738387265863622,0.0,117.877,-0.09250502004587653,0.11590194228127894,-4.912083390054334,1.5611905239185064,-0.08280563908766836,0.07876714304337541,-5.020422278325045,-0.00462494978675251,0.6991129434968713,-0.05,1.5694186798779202,-2.43447406502473,55.598667012104414,0.0,-0.01879404811633351,18.99996581189628,0.0,1.5717854886793323,23.0,0.07350676356778055,0.04461827530438184,0.051912019137644316,0.17567605831115732,0.2525646690362485,0.0365020688129228,0.12590041191162993,0.12192319676857069,-36.59855497987473,0.0798899601353534
118.0,-2.372284607630462,555.044719830035,5.032,0.02,17.74,0.04,1.5651892782796664,0.0,0.0,0.0,-2.358570795549416,56.95020612568962,0.0,-0.09069268671541914,17.749091444941524,0.0,117.976,-0.10065097389726055,0.2248878384592245,-4.959376067205533,1.5638461200802145,-0.09163535521935512,0.22408212720164447,-5.014995865399905,0.01252411787404109,0.8954766063412904,-0.04,1.5685132150718668,-2.4359775895564977,57.11866495545681,0.0,-0.018794061849835,18.999979694240135,0.0,1.5717854886794171,24.0,0.07094822387239624,0.04367722859513584,0.051721501332161524,0.17427559230785397,0.2519384924746456,0.03585137335747652,0.1254788390260093,0.12049171054803492,-36.74010603073376,0.0791601048757986
118.1,-2.3722850719400412,556.8200446671574,5.029,0.02,17.77,0.05,1.5666096425291636,0.0,0.0,0.0,-2.356049312106815,58.7266268305281,0.0,-0.1178543819089838,17.78045283749373,0.0,118.009,-0.09511550412591611,0.25133684421817815,-4.928134550788365,1.565808286246784,-0.0914191317948984,0.3247388166953624,-5.012529728501738,0.009138917053600568,0.9383686852564566,-0.05,1.5692379612521,-2.4378569961693386,59.01866335165195,0.0,-0.01879406889873764,18.999986823287394,0.0,1.5717854886792655,51.0,0.0720685999638471,0.04444738235658577,0.05196734917412257,0.17528708227023765,0.25237858370792204,0.0361713498150031,0.1257189073988692,0.12140417922952118,-36.672361595163046,0.07968048972866348
118.2,-2.372285531152528,558.5620830149576,5.024,0.01,17.84,0.08,1.5674915519219377,0.0,0.0,0.0,-2.354269519457936,60.865158467906205,0.0,-0.13688435141979846,17.861249841521737,0.0,118.108,-0.10680286971094238,0.41090008825889984,-4.997976946916579,1.535588861022075,-0.0883863488568213,0.4821177960929804,-5.01207571930242,0.08056172827454,1.067535623519234,-0.07,1.5660015755851682,-2.4401122846309233,61.29866196347008,0.0,-0.018794071758747682,18.999989707092592,0.0,1.571785488679658,52.0,0.07296971429074002,0.04504431735836723,0.05227777822345074,0.1759793430337118,0.2526616589871523,0.036317522527133654,0.12580967021832853,0.12204021448560412,-36.61502942727622,0.08002757852030822
118.3,-2.3722859982626403,560.3485036199902,5.016,0.0,17.95,0.1,1.5676133579716571,0.0,0.0,0.0,-2.354011701851499,62.29769099884646,0.0,-0.13769946582792017,17.942938658487982,0.0,118.207,-0.1076773186793363,0.554126694081567,-4.84782193376628,1.5656365511893082,-0.09284590893252809,0.6401296807439399,-4.9997131077405275,0.07459124698619161,1.1454390067285658,-0.09,1.5668839665087821,-2.441615810387256,62.818661155462486,0.0,-0.01879407242773262,18.999990387894144,0.0,1.5717854886794245,53.0,0.07313042098602625,0.044841616520009925,0.052372365815532965,0.17565984268279014,0.25252113723525443,0.0361675366640661,0.12569986533870164,0.12183354568328013,-36.621140910468256,0.0798609483921932
118.4,-2.3722864682660827,562.1460200007365,5.007,0.0,18.08,0.11,1.5674211050525797,0.0,0.0,0.0,-2.35469581045043,64.09908788647105,0.0,-0.13320815819377332,18.07530380740199,0.0,118.306,-0.11664388995348726,0.6809571492550395,-4.955721458735957,1.5678760778354754,-0.10627666082300924,0.7787961340360312,-5.005881150721649,-0.006971007525342767,1.1483191061489428,-0.1,1.5711594318761506,-2.4434952176286804,64.71866019287583,0.0,-0.018794072769335937,18.99999073750959,0.0,1.5717854886792022,54.0,0.07335714270708912,0.04486397625678802,0.05245880141813353,0.1757268836239111,0.25256147257713096,0.03614624917344447,0.12569390355355156,0.12191871637628376,-36.614808512626496,0.07990206310680859
118.5,-2.372286942093126,563.9546321553006,4.998,-0.01,18.25,0.1,1.56837242242438,0.0,0.0,0.0,-2.3569172756001118,66.28085457780257,0.0,-0.15523789746292102,18.275723365784337,0.0,118.405,-0.10173665847368073,0.7819001510058413,-4.826331464621467,1.5682431043027762,-0.08760564003934923,0.8814769425053474,-4.989248191759398,0.12798428935527284,1.050476687425025,-0.1,1.5646706833054775,-2.4453746248905657,66.61865925125291,0.0,-0.018794072895329958,18.999990865481184,0.0,1.5717854886791711,55.0,0.07365563487739521,0.04472113886482407,0.05246467377084899,0.17558334019716046,0.2525085823571736,0.0361067880286279,0.12566717982697062,0.12186370855067039,-36.61280497652139,0.07983336785095399
118.605,-2.3722874241827867,565.7854367604871,4.99,-0.02,18.45,0.08,1.5684099875532578,-0.13963912456834301,0.051468238394498066,-0.023257723716125313,-2.3600253059122998,68.11907676973962,0.0,-0.1514075146582755,18.470276539704706,0.0,118.57,-0.11245573304964036,0.8892255023870684,-4.833173999491683,1.5579409318234838,-0.09089797944587329,0.9467670518613757,-4.961910382812306,0.14016786909868226,0.8139403257418891,-0.08,1.5645584383652564,-2.4476299136143735,68.89865813093398,0.0,-0.018794072951144613,18.999990917245643,0.0,1.5717854886794138,35.0,0.07625191186624615,0.04508866953777444,0.05254079920536421,0.17616844538928575,0.25277775003274866,0.036601468296010894,0.1260455788586516,0.12276694525881576,-36.50677311646811,0.08014243332612209
118.7,-2.3722879090752826,567.6384320395878,4.985,-0.03,18.65,0.05,1.5675578404360004,0.02890282938103845,0.02942297554149582,-0.016890321658481512,-2.3632289699706255,69.60415657664083,0.0,-0.14021724039917935,18.63516709823044,0.0,118.603,-0.10575729358481518,0.9751274087210543,-4.934008225824486,1.560959196162118,-0.08361667039982201,1.0386474570544109,-4.9655693964540575,0.1339298469972648,0.7257987502787095,-0.05,1.5654324782321922,-2.449133439432518,70.41865738616276,0.0,-0.018794072963458495,18.99999092946413,0.0,1.5717854886794258,57.0,0.08093734472154225,0.04578870740385,0.05242894903064468,0.17741137724407569,0.2533688618250141,0.03767506555189442,0.1269087705806062,0.12459207772551043,-36.36832139149789,0.0808233901462643
118.801,-2.372288400835515,569.5025239872849,4.984,-0.03,18.86,0.01,1.5672116517697012,0.035373805483492,0.017485443228591052,-0.0044930715316872484,-2.3687345175310055,71.85673189406894,0.0,-0.13417598201944703,18.884815732881624,0.0,118.735,-0.09996731690567902,0.9647853100546335,-4.832302240291369,1.5535314767985435,-0.07379950903336881,1.0445847225502434,-4.954039951147953,0.20993746754384526,0.45529052552772953,-0.01,1.5614807919167977,-2.451388728160653,72.69865627008383,0.0,-0.018794072968394436,18.999990936407556,0.0,1.571785488679324,25.0,0.06500173079414719,0.04192351247570797,0.05182187738673578,0.1715833921729765,0.2506893627595125,0.03356969022415263,0.12369924276949679,0.11738275671426986,-37.02318706252732,0.07774735030869472
118.9,-2.3722888979776258,571.3888075015853,4.987,-0.03,19.06,-0.02,1.566374917575393,0.1326593178888847,0.0399338851572874,-0.021768714597719355,-2.3736004086075173,73.75636685015085,0.0,-0.11712422036677866,19.085386943475932,0.0,118.834,-0.10227714469195223,0.9792070628118286,-4.854947873832389,1.5372220955797105,-0.07031383948169864,1.0362416849807727,-4.9424237538703135,0.2197980078557147,0.2136980275706435,0.02,1.5609491312637822,-2.453268135434646,74.59865534038649,0.0,-0.018794072973561744,18.99999093827487,0.0,1.5717854886794989,26.0,0.0683572688143184,0.044502247947049635,0.0535386278564472,0.17405561671572417,0.2515825563314681,0.03416652138219966,0.12401928675298331,0.11965682597549122,-36.68695294623666,0.07888665631900948
119.0,-2.3813786359775406,573.2972834795495,4.995,-0.02,19.24,-0.06,1.5651513464425244,0.19224155947856464,0.023952089908456032,-0.015950851756198522,-2.377398629928457,75.29004388406516,0.0,-0.0997514591379133,19.23545915338785,0.0,118.933,-0.09466604552821217,0.9874588521254775,-4.851545514778412,1.548649409931967,-0.07543819828615914,1.0122036428805266,-4.91933813858971,0.1561379146990108,0.00399325711237708,0.06,1.5637221378828612,-2.454771661253964,76.118654596714,0.0,-0.01879407297286116,18.999990938880252,0.0,1.5717854886794305,27.0,0.06341534503296617,0.04192185835840651,0.05273097375929846,0.17132083303153237,0.25058340424589576,0.03348781076627168,0.12368450424385491,0.11712166416152225,-37.035381226861375,0.07761504355686172
119.1,-2.3813791506566133,575.2279510319182,5.005,-0.02,19.41,-0.1,1.5648083482545356,0.2080205178031037,-0.0165963256044316,0.0065798832351884485,-2.3817540962914854,77.22315322330742,0.0,-0.09244049177252343,19.405805612118588,0.0,119.032,-0.09417533584769083,0.9541383027901728,-4.8797818857668895,1.563086033965728,-0.06796480197694191,0.9753997456957862,-4.913523124528561,0.17792347002861256,-0.18820914807361078,0.1,1.5625806554198665,-2.4566510685279077,78.01865366716522,0.0,-0.018794072967899658,18.999990939182936,0.0,1.5717854886791536,28.0,0.06321806175168024,0.041693233510561825,0.05227796353150092,0.171543275771753,0.2507677671769899,0.03342956948347594,0.12363298851648746,0.1171820550060116,-37.084175755847184,0.0777792107492736
119.202,-2.3813796681109523,577.1697143694835,5.019,-0.01,19.55,-0.13,1.5646777069803814,0.21375386159593732,0.004089616011295672,-0.004388783459886421,-2.386350001466213,79.56361856288184,0.0,-0.09100432178545102,19.58168680729291,0.0,119.164,-0.09089882452687564,0.9172958053498577,-4.871180980162313,1.537493836099739,-0.07234183604226888,0.9036608093784536,-4.888583084314277,0.198354730154664,-0.3922706784998411,0.13,1.560964855731599,-2.4589063572559335,80.29865255173003,0.0,-0.01879407296330528,18.999990939310837,0.0,1.571785488678905,38.0,0.06516962623260018,0.04233132020844407,0.05212042627889944,0.17262010394817004,0.25125085700144084,0.03398005367344236,0.12405649399160168,0.11822491086955464,-36.99255194593314,0.07833094930926207
119.3,-2.390469431527663,579.1225744018986,5.034,0.0,19.67,-0.15,1.5640663067486622,0.0,0.0,0.0,-2.3890350968937515,81.13472460364773,0.0,-0.08109587733859984,19.680906963542046,0.0,119.23,-0.08910396561297121,0.823647193020682,-4.912160320743191,1.5603652312933705,-0.07005756466101684,0.824609532106663,-4.877739460274155,0.11846249411638506,-0.5401512925511582,0.14,1.5645973778371536,-2.460409883074319,81.81865180811178,0.0,-0.0187940729611185,18.999990939343522,0.0,1.5717854886787883,30.0,0.06453427109885129,0.04250561017940336,0.0521940695302477,0.1726369857272885,0.2511919212786059,0.033816877098539706,0.12388974309346078,0.11808877971421458,-37.00578367211908,0.07830134704020891
119.4,-2.3904699571273795,581.0865293138825,5.049,0.0,19.77,-0.16,1.5641474864122014,0.0,0.0,0.0,-2.3919220775692835,83.10868731171054,0.0,-0.08018734158647924,19.78356576840069,0.0,119.329,-0.09270600009624926,0.7731359772683389,-4.978594169656657,1.5409568927846267,-0.06436454497308351,0.748364315354551,-4.881712992933419,0.18973213261139613,-0.6514600097516379,0.16,1.5608622746943712,-2.4622892903472806,83.71865087859108,0.0,-0.01879407296300713,18.99999093935489,0.0,1.5717854886788871,31.0,0.06459007020783025,0.042418114399491044,0.05206598943345207,0.17252070852732612,0.25113780947127196,0.03386194811618355,0.12394044255183868,0.11802349990131335,-37.01129898938781,0.07824134795772672
119.5,-2.3904704893950566,583.0615809304627,5.064,0.0,19.84,-0.17,1.5640380294669907,0.27935354531136564,0.02740471511494369,-0.010987684078981368,-2.39430624711706,85.09151729110665,0.0,-0.08173159107384825,19.860725941771136,0.0,119.428,-0.08752103380435725,0.6815062831138426,-4.8747052795461006,1.5560749452959264,-0.06677531076535728,0.648603474327481,-4.864921608132452,0.1320096347454628,-0.7833515635865176,0.17,1.5638692155722282,-2.464168697620488,85.61864994907121,0.0,-0.01879407296541609,18.99999093935915,0.0,1.5717854886790137,32.0,0.06456785696398175,0.0424584544092553,0.05200199011678186,0.17255395400988455,0.25114616898257774,0.033897774266032195,0.12396363222573462,0.11804124193370882,-37.011515176125684,0.07825529149762567
119.601,-2.390471036174773,585.0921114789458,5.08,0.0,19.89,-0.18,1.5639656973679106,0.0,0.0,0.0,-2.3964457034819,87.47896718299906,0.0,-0.07954921919477775,19.91880773183214,0.0,119.527,-0.09320501919041618,0.5918799214561421,-4.925123190365946,1.5503001660649665,-0.06604530805764523,0.5446620907685766,-4.858578747982204,0.17401258196152428,-0.8554981169908586,0.18,1.5616498203341236,-2.4664239863487016,87.8986488336481,0.0,-0.018794072969903534,18.99999093937052,0.0,1.5717854886792493,33.0,0.06489465643765983,0.042656395045991446,0.0520143338515851,0.17278406199985902,0.2512406622429514,0.0340299954392633,0.12405790300465136,0.11826098173146142,-36.98850795492647,0.07836850566558864
119.702,-2.390471567640617,587.0782579686468,5.097,0.01,19.91,-0.18,1.5639327057313661,0.0,0.0,0.0,-2.397534776931153,89.47211339488608,0.0,-0.07797838894447028,19.937715447661866,0.0,119.626,-0.09463951775750462,0.49575777298443285,-5.040982309429109,1.5387275519699404,-0.06582802790741993,0.4438430995885183,-4.867558916741517,0.18278426133316952,-0.8908107817178283,0.18,1.5606550393332015,-2.4683033936227714,89.79864790412917,0.0,-0.018794072973970517,18.99999093937053,0.0,1.5717854886794633,34.0,0.06608328620221782,0.043585904696783376,0.052535363458940575,0.17374761629877428,0.2516083106745733,0.03435546965491712,0.12425635122540463,0.11914161150236405,-36.88338513280023,0.07882620819492059
119.8,-2.3904721026454183,589.0644053860501,5.114,0.02,19.9,-0.18,1.563380528767828,0.0,0.0,0.0,-2.3978861481225,91.06709730797823,0.0,-0.0681292447467349,19.934467102547586,0.0,119.725,-0.09543183844486397,0.40113938422401424,-4.997715275308158,1.5490247670630508,-0.07206110195092158,0.33182104911028315,-4.8683783184805325,0.1303987526545499,-0.9292140354119347,0.18,1.5633956745651865,-2.469806919442059,91.31864716051368,0.0,-0.018794072973094402,18.99999093936342,0.0,1.5717854886794176,35.0,0.06644980592097112,0.044038845729795544,0.052858910735403754,0.17415048835620983,0.251748038859269,0.034307007036908754,0.12416548119748032,0.11944856620130757,-36.83306262282721,0.07901084642708808
119.9,-2.390472637880009,591.0505528104288,5.131,0.02,19.87,-0.16,1.5633064341407756,0.0,0.0,0.0,-2.3975700769188446,93.05935981951738,0.0,-0.0642456931229857,19.909339671996605,0.0,119.824,-0.08803100088944185,0.29999454273433357,-5.085735988534801,1.5574890316657104,-0.07853666695716438,0.22649996900731495,-4.879224477273242,0.06305264400540997,-0.9282998293269316,0.17,1.5664140227486723,-2.4716863267162803,93.2186462309943,0.0,-0.018794072975528677,18.99999093936342,0.0,1.5717854886795457,36.0,0.06660691254103517,0.04414059195666228,0.053106509006144366,0.17418115931872336,0.2517544843551302,0.03434641811949461,0.12420147111520624,0.11953025247470592,-36.80788117911169,0.07902142655982186
120.002,-2.3904731662859717,593.0256035216298,5.146,0.03,19.82,-0.14,1.5642133504760007,0.0,0.0,0.0,-2.396251963164643,95.44501575056422,0.0,-0.08615510771076255,19.85142262211951,0.0,119.956,-0.0935965381164063,0.13662341197495506,-5.026031521078826,1.5554646325482833,-0.08513351379495679,0.10222991622833606,-4.900633398160803,0.056864390711968055,-0.943669866100997,0.15,1.566197033147062,597.8680000000231,4.614318504854248e-08,0.0,19.000000000028194,1.7407550216422154e-09,0.0,9.161868534945433e-11,46.0,0.06777534096192522,0.04414451658422669,0.0532619272869496,0.17422086350915994,0.2517925416457885,0.034575252750089006,0.12438374997269788,0.11979822675560724,-36.755937208009456,0.07905238682118174
120.101,-2.390473694766655,595.0006542337935,5.158,0.03,19.75,-0.11,1.5651859013040104,0.0,0.0,0.0,-2.394818204838659,97.42663655477413,0.0,-0.10364611399224476,19.78412862621669,0.0,120.055,-0.09690316302407098,0.04985026444350342,-5.057753773725725,1.5539682780320285,-0.0826178947080205,0.006565571709922603,-4.91993682305152,0.13057253735080127,-0.8959275628640242,0.12,1.5622889596626237,-2.4758210227207234,97.39864418605165,0.0,-0.018794072986915347,18.999990939363414,0.0,1.571785488680145,46.0,0.0658922400029945,0.04299577396127,0.05271396787333215,0.17298872099631582,0.25131757828974366,0.0340906422600588,0.1240527627370945,0.11860606886186333,-36.892180484849966,0.07846219449725104
120.2,-2.390474220331754,596.9646091627375,5.166,0.02,19.67,-0.08,1.5650429498080647,0.0,0.0,0.0,-2.3937156173867034,99.00655982125623,0.0,-0.10128531105378015,19.719412856209395,0.0,120.121,-0.10602348817644829,0.020784973812526523,-5.035870699690456,1.5659213445079236,-0.09487299147785179,-0.06159804000722996,-4.921913060082746,0.017141793935702403,-0.7801495636649634,0.09,1.5688321787283688,-2.477324548541285,98.91864344243615,0.0,-0.018794072991037164,18.999990939363414,0.0,1.571785488680362,39.0,0.06523467749344988,0.042812948937878945,0.052368344832129175,0.1729513807558454,0.2513265361681431,0.03402130645078978,0.12402144379733077,0.118446930986712,-36.9425195266987,0.07845987338821526
120.3,-2.3904747458165048,598.9285640900488,5.171,0.02,19.58,-0.05,1.5655801064011197,0.04266207511308855,-0.07914057883182551,0.007513037625168143,-2.3923340854944035,101.36592994487077,0.0,-0.11181011218616388,19.609570437953767,0.0,120.253,-0.10513882650522605,-0.14793159957721705,-5.060853566768381,1.5560880757880902,-0.09049429501587283,-0.17317094964707888,-4.9534984653098295,0.11920903958749003,-0.753920582164902,0.05,1.5634019830580697,-2.4795798372725484,101.19864232701289,0.0,-0.018794072993943946,18.999990939363414,0.0,1.571785488680515,47.0,0.07446098369173934,0.04454969826540098,0.05250456639387258,0.17564020638849487,0.25255790709225623,0.03633904779299175,0.12581766329438476,0.12207143252646263,-36.57751086648268,0.07987490099877315
120.4,-2.3904752645868257,600.8814222875698,5.174,0.01,19.48,-0.02,1.5658800099652748,0.0,0.0,0.0,-2.391723129790873,102.93126902111044,0.0,-0.11659321821180209,19.5318032991374,0.0,120.319,-0.11896362011881126,-0.14144360050779772,-5.094899765214333,1.5747597702291893,-0.11223338963503764,-0.22879464302553904,-4.964611249772233,-0.0461426215987556,-0.6501153310581884,0.03,1.572712699985335,-2.4810833630934837,102.7186415833974,0.0,-0.01879407299341237,18.999990939363414,0.0,1.571785488680487,41.0,0.07387560204556046,0.044525641374279695,0.05234359431991551,0.1755935630115632,0.2525171449624667,0.036145092829271766,0.12564976820819304,0.12187232904121342,-36.595667264909,0.07983996226391354
120.5,-2.3904757802334586,602.8231846947716,5.174,0.0,19.38,0.0,1.567002316066299,0.0,0.0,0.0,-2.391575184345795,105.26738923699892,0.0,-0.13898024785009042,19.411302823192834,0.0,120.418,-0.10598333726587784,-0.21001659622141242,-5.079469268181083,1.5370958183069907,-0.08707830281432112,-0.28271515529548874,-4.987016363532103,0.1646730118039194,-0.5400972135525279,-0.0,1.5615398920904497,-2.4833386518249276,104.99864046797414,0.0,-0.018794072994505053,18.999990939363414,0.0,1.5717854886805445,43.0,0.07521792959152357,0.04440656419677134,0.052331554300809185,0.17537273962871092,0.25240157704937577,0.03641620052978761,0.12584143604231218,0.12199263203944459,-36.561814705742876,0.07971541271523927
120.6,-2.390476289422679,604.7538503588196,5.169,0.0,19.29,0.03,1.5668016332809367,0.0,0.0,0.0,-2.392125929239881,106.81675990187755,0.0,-0.13561216911005666,19.331165906343536,0.0,120.517,-0.12745254456362845,-0.25668618283081696,-5.016448137509219,1.5471308471333367,-0.09871631528777082,-0.3037772332977719,-5.003496149235179,0.13383819144996909,-0.38409056574621303,-0.02,1.5637247532490204,-2.4848421776460157,106.51863972435866,0.0,-0.01879407299791811,18.99999093936342,0.0,1.571785488680724,44.0,0.06894049970060442,0.04249409301437516,0.05204808318560222,0.17271275168204495,0.25124611510596645,0.03519281552031499,0.12502377789525757,0.11909132765625266,-36.807877767265424,0.07833926149455224
120.701,-2.3904767999927685,606.6734211815046,5.163,-0.01,19.19,0.05,1.565469227791999,-0.11533400585468849,0.01757278165115834,-0.00713917349956699,-2.3938687842454174,109.12905096719113,0.0,-0.10347829238141415,19.21656596768672,0.0,120.616,-0.1158657976613984,-0.28567300354999925,-5.021420319786834,1.5682598011246713,-0.10522279716174952,-0.3236938892244364,-5.020303500622786,0.1003445014258005,-0.2348175975604576,-0.05,1.5660301464752457,-2.4870974663782603,108.79863860893583,0.0,-0.018794073003226826,18.999990939369102,0.0,1.5717854886810032,44.0,0.06938856225521511,0.04262173067377423,0.05188989584289529,0.17312048397389687,0.25142563859422323,0.03533832505518878,0.12507884045003437,0.1194030130479607,-36.807635008902,0.07853421986830038
120.8,-2.3995665694302772,608.5818952544157,5.157,-0.01,19.11,0.08,1.5651568300698437,0.0,0.0,0.0,-2.3958743299308134,111.04584873056407,0.0,-0.09792091160696441,19.128936960208094,0.0,120.715,-0.12068417350338359,-0.3119414614492336,-5.120139924605802,1.5505864595092629,-0.0984598942199002,-0.33338886636318144,-5.0455843689505695,0.1400027320284284,-0.1455369332963521,-0.08,1.56394858506237,-2.4889768736555165,110.6986376794167,0.0,-0.01879407300539813,18.99999093936342,0.0,1.5717854886811178,45.0,0.06982378834504707,0.04320647791198477,0.05167011091112644,0.1740995490256761,0.2518665775952435,0.03561029697742197,0.12536015687535243,0.12014264957709864,-36.74537824723671,0.07901238528621109
120.903,-2.39956707442542,610.4903693171592,5.149,-0.02,19.03,0.1,1.5650623837162296,0.0,0.0,0.0,-2.3982994782852285,112.95434841201121,0.0,-0.09542167358088795,19.04983760039462,0.0,120.88,-0.1302083575611249,-0.3336040258687407,-5.1138747806578735,1.5513342156188143,-0.11852985103943718,-0.33874011741310284,-5.068332616286632,0.07742181655037479,-0.04993209984217728,-0.09,1.5672478377096128,-2.4908562809328636,112.59863674989745,0.0,-0.018794073005902988,18.999990939366263,0.0,1.5717854886811442,23.0,0.07079913820910719,0.04358055506891892,0.05187966619214029,0.17443271437531424,0.2519035584093539,0.035692071170973665,0.12533615596506595,0.12046853303568318,-36.749108132164785,0.07911490671331863
121.0,-2.3995675768475735,612.3877475844375,5.139,-0.02,18.96,0.11,1.5653024092924335,0.0,0.0,0.0,-2.4005719333153968,114.47578251062087,0.0,-0.09808524565084074,18.9932457493362,0.0,120.913,-0.1200928791530062,-0.33066054602326433,-5.011174920947364,1.534991621137709,-0.0914979398787004,-0.3350771197909523,-5.07301063023618,0.24678184504437542,0.03550191081714971,-0.11,1.5588707360292045,-2.4923598067547226,114.11863600628236,0.0,-0.018794073004282947,18.999990939370527,0.0,1.5717854886810587,48.0,0.07065929313749682,0.04329352329282836,0.05163080193181154,0.17406799038002535,0.25179248546872507,0.035415960086142326,0.1253785360380559,0.12020599311524735,-36.78761665611268,0.07896381963114307
121.1,-2.40865733967226,614.2407426980604,5.127,-0.03,18.9,0.11,1.5644793543641011,0.0,0.0,0.0,-2.403848307456063,116.3716043450022,0.0,-0.08863055232753436,18.930167301530112,0.0,121.012,-0.12536300903508332,-0.34854928810035685,-4.992540697682486,1.5333749623183706,-0.09277435911179024,-0.33207813948172393,-5.077844625294361,0.21326939446401708,0.10216945728178217,-0.11,1.5606311145653806,-2.494239214032011,116.01863507676359,0.0,-0.018794073006068928,18.999990939367684,0.0,1.5717854886811529,48.0,0.07273073339500086,0.04382058987484713,0.05182268777165281,0.17464508369719173,0.25209249548872964,0.03590261441367221,0.12578905418991804,0.12105901006209771,-36.690593903169734,0.07929706156432921
121.2,-2.408657841072994,616.1270251562942,5.114,-0.03,18.85,0.11,1.562952053793941,0.0,0.0,0.0,-2.407382873023246,118.2615402668598,0.0,-0.05685968750780446,18.874969456806866,0.0,121.111,-0.11863591504605525,-0.32584826496521596,-5.095813124711359,1.529478959598123,-0.08006658832605626,-0.3046390969228906,-5.083757779014393,0.2958840233143999,0.1881174073817462,-0.11,1.5568386872404716,-2.496118621309428,117.91863414724499,0.0,-0.018794073008598824,18.999990939370523,0.0,1.5717854886812859,49.0,0.07212003842442764,0.043651153015964686,0.05170290865248202,0.17436686370366203,0.2520335022279814,0.03576220438806328,0.12563704804740808,0.12076820637300466,-36.72469680255144,0.07920064429817267
121.3,-2.417747614744144,618.0022118174985,5.1,-0.02,18.8,0.11,1.5616712766375875,0.0,0.0,0.0,-2.4107523604575616,120.14633270872464,0.0,-0.03426043052299418,18.826850638067917,0.0,121.21,-0.12917562308500888,-0.30843898891887633,-5.022015268410269,1.5685991849408665,-0.11261333842287821,-0.2773036790412782,-5.080261901681734,0.024997823863930846,0.2591233148184031,-0.11,1.5705342369406865,-2.4980665393045323,119.85215129829295,0.0,-0.020142248174216764,19.75536862723039,0.0,1.5718159099560445,50.0,0.07267399307262018,0.043763328821847025,0.051780715501486795,0.17445377097023845,0.2521046420618242,0.035853213749501255,0.12561828073712195,0.12093425486290897,-36.70129815758183,0.07927316294961405
121.401,-2.417748111120602,619.877397494696,5.089,-0.02,18.76,0.1,1.5623281840842704,-0.09823381371299514,-0.0675490621339766,0.03765784457275769,-2.414161184376396,122.40237359317818,0.0,-0.05051430918851356,18.779572574347917,0.0,121.375,-0.10940244134494774,-0.13627561633268534,-5.023905575902632,1.5389531829598604,-0.09753922719788226,-0.173088950072478,-5.074754977754353,0.20021126594796737,0.49244514223871505,-0.1,1.5614361649215254,-2.5005115738161483,122.25018791558209,0.0,-0.020392060068391414,19.999936938408126,0.0,1.5718159326598895,26.0,0.0728391716524363,0.04379127637690727,0.051719859119761576,0.17451931703807386,0.25216675926357346,0.03586811976101466,0.12559073460242376,0.1210027857711954,-36.70075997004743,0.07933354247411595
121.5,-2.4177486153895416,621.7525851104256,5.08,-0.02,18.74,0.09,1.5638901061054808,0.0,0.0,0.0,-2.4166736774367807,124.2788114093255,0.0,-0.07023402022624632,18.75376968002435,0.0,121.408,-0.10464415852984028,-0.11966906763296928,-5.059482133961616,1.5400198006407115,-0.06955447100078085,-0.09753240956966745,-5.082387560729821,0.300919068728743,0.5922647582148244,-0.09,1.5562662496177997,-2.5025507820201,124.25018373794059,0.0,-0.020392093895014743,19.99997011613596,0.0,1.5718159326598098,52.0,0.07292501358587854,0.043988443359073044,0.05186011952496424,0.1746785707829078,0.25222343356441196,0.035771419986913994,0.12545793095889168,0.1210910632109454,-36.69224171203474,0.07941363240036692
121.6,-2.4177491124216886,623.6166759553105,5.071,-0.01,18.73,0.09,1.5621327087890844,-0.25073206102594664,0.08867284974191951,-0.02734246115009467,-2.4189439687784957,126.15368745698338,0.0,-0.03501672216512145,18.7474674926549,0.0,121.507,-0.1230976274926258,0.012711755716759171,-4.943957214896085,1.5454578413948583,-0.07511114028063691,0.05226912544400971,-5.073057047329563,0.25097727219436944,0.8208970303757006,-0.09,1.5584713132809245,-2.5045899922353034,126.25018154971848,0.0,-0.020392106277229188,19.999982260254605,0.0,1.5718159326598096,54.0,0.07520691380150904,0.04498644008421708,0.052393061758332755,0.1758355034714686,0.25269114960952344,0.03622232892837966,0.12575461807571672,0.12232211504782345,-36.56775839484975,0.07999281910257897
121.7,-2.4268388967545036,625.4918625707842,5.061,0.0,18.75,0.1,1.5609524399649837,0.0,0.0,0.0,-2.420262345262111,127.6539812208166,0.0,-0.018058328013283383,18.760593640496516,0.0,121.606,-0.12102807946198788,0.16413773141396365,-4.944831292824359,1.5515418970120574,-0.10192955146636995,0.22457637165676927,-5.0618902641314225,0.08481471222235717,1.0442039370748013,-0.1,1.5670148071620673,-2.506221360966162,127.85018035165048,0.0,-0.020392110228479473,19.99998613401413,0.0,1.5718159326598866,54.0,0.07544288655947194,0.045364733421240595,0.05283230272152695,0.1761756447167721,0.25280700612026774,0.036174340990804583,0.12570248665299077,0.12259977861339237,-36.53351388190525,0.08015233229775391
121.8,-2.426839398713298,627.3670491791345,5.051,0.0,18.8,0.12,1.5624398049574832,0.0,0.0,0.0,-2.4210971734366424,129.90851810591323,0.0,-0.049942499142318485,18.81826822010804,0.0,121.771,-0.09442687921590914,0.37625989833102896,-4.963687979000536,1.550372932522045,-0.07779576316216151,0.39579058273315765,-5.047008759106408,0.24072976422106035,1.2088991353435432,-0.11,1.5587537362909372,-2.5086684144087763,130.25017889617504,0.0,-0.020392112480872072,19.999988332458877,0.0,1.5718159326604288,29.0,0.07620801458457231,0.045219029456177874,0.05287761182555019,0.17610974862768383,0.25280754797737387,0.03623459954601967,0.12577440187935957,0.12270691019266386,-36.52137752105401,0.08013775667570788
121.9,-2.426839900277514,629.2422357746809,5.04,0.0,18.89,0.14,1.5635329420354702,0.0,0.0,0.0,-2.4210804423110575,131.41693210795913,0.0,-0.06762378676306523,18.887318588946993,0.0,121.804,-0.10800052710940634,0.41976393162780995,-5.013172210990386,1.5299763786074339,-0.06345048420789846,0.5236101699362272,-5.056833857065694,0.2703248302288867,1.2192882283180637,-0.13,1.557334270923695,-2.5102997834612366,131.85017801540923,0.0,-0.02039211300602147,19.99998885146486,0.0,1.5718159326602272,56.0,0.07582198468416765,0.045094349188593924,0.05284830866173519,0.1760520266716511,0.2527918640299565,0.03608603699124623,0.12566887451445635,0.12256832812099458,-36.5461281771559,0.08011529204956941
122.0,-2.426840404612591,631.1396129358685,5.027,0.01,19.02,0.14,1.5620792220023016,0.0,0.0,0.0,-2.4204389286228647,133.31203239721287,0.0,-0.03902460243187293,19.008703963891172,0.0,121.903,-0.11480602600786148,0.5404364916263191,-4.931672655328342,1.5207632394706985,-0.08628352110104902,0.6563507983433008,-5.056143615572903,0.14483424047144583,1.2031913167841743,-0.14,1.5631250323617325,-2.512338994812976,133.85017695060435,0.0,-0.02039211327523873,19.999989117992275,0.0,1.5718159326601004,58.0,0.07639338526404853,0.045204201541756334,0.05288443809618158,0.17626467892371464,0.25287591649865127,0.03613497631582484,0.1256975930358183,0.12279722053133438,-36.527526137552464,0.08022206041158272
122.1,-2.4268409154483948,633.0480868597076,5.013,0.03,19.18,0.13,1.5622800440203883,0.0,0.0,0.0,-2.4187373749025785,135.22127866246169,0.0,-0.03749736450265933,19.165315979554016,0.0,122.002,-0.10614457388871192,0.6974284350393491,-4.901821646810472,1.5588448384123217,-0.08897131081155434,0.7956548280820344,-5.039558193122392,0.11700738154811129,1.182842752399626,-0.14,1.5640515641026467,-2.514378206180607,135.85017590178094,0.0,-0.02039211337221319,19.999989215549785,0.0,1.5718159326599757,58.0,0.07606565645158861,0.04474085916414175,0.05274211202456689,0.175693500069769,0.2526191659969089,0.03591976651039144,0.12554309696732427,0.12230540676901641,-36.566956722774265,0.07992221984816286
122.2,-2.417752131906383,634.9676555600329,4.999,0.04,19.36,0.11,1.5632824581724145,0.0,0.0,0.0,-2.415981774820171,137.14769922750554,0.0,-0.05787277747735707,19.348075370757492,0.0,122.134,-0.11468853186926849,0.8084690543040552,-4.903222389848464,1.586673836815123,-0.120312434626922,0.8936787723869545,-5.031168473617505,-0.13221315832036168,1.0481190661472013,-0.12,1.5753236239894401,-2.5164174175541127,137.85017485880743,0.0,-0.02039211341056456,19.999989251255982,0.0,1.571815932660073,26.0,0.06687663121593307,0.04246089734821977,0.05232368289788689,0.17234305067497546,0.2510796349844088,0.03352038252338939,0.1236688714810244,0.11817389543617217,-36.95841748041218,0.07816156066285239
122.3,-2.41775264982698,636.9094168111255,4.988,0.04,19.57,0.08,1.5656565796260278,-0.06559987730959391,-0.12367791238868286,0.06561074495540409,-2.4127234310683123,139.09345870905295,0.0,-0.09919268147906349,19.548205114174667,0.0,122.233,-0.11453475806418115,0.8660918781514163,-4.86083048013127,1.561594711290751,-0.11015146967758668,0.9467120432193198,-5.002288565675595,0.023725049226579593,0.7868961545503446,-0.08,1.5676659457884146,-2.518456628929853,139.85017381797516,0.0,-0.02039211342418489,19.999989264335646,0.0,1.5718159326600871,27.0,0.0668550688623184,0.04171349041181217,0.05193404738089897,0.17156486132736093,0.2507746431043479,0.033488307375814236,0.12368837661604898,0.11764946529948336,-37.01567726809543,0.07779121569479913
122.4,-2.417753177377506,638.8733706230183,4.982,0.03,19.77,0.03,1.5671866948858386,0.08193070540804989,-0.020567981887128873,0.02091539196849198,-2.4096268848604754,141.45555734807147,0.0,-0.14045615664655273,19.797654122959425,0.0,122.332,-0.12700941588271555,0.9234720569716901,-4.880916481638519,1.553254843488186,-0.11311705710312166,0.9951941491376678,-4.99034173481248,0.028441317301186854,0.6037964765483856,-0.03,1.567927879714671,-2.5204958403061095,141.8501727779265,0.0,-0.020392113426416815,19.99998926911618,0.0,1.571815932659955,28.0,0.06550420050107073,0.04086970966702399,0.051459373490668404,0.17059083627185676,0.2503581012659842,0.03308435477227121,0.12338686988170447,0.1167085070509458,-37.123478223349174,0.07731006346213748
122.5,-2.4177537081687035,640.8484202126941,4.984,0.01,19.98,-0.02,1.5676337767534445,0.0,0.0,0.0,-2.408725627852017,143.04682362089858,0.0,-0.1483569124838214,19.960272005938524,0.0,122.431,-0.12867933467488038,0.9354138518441193,-4.851014901102004,1.5371753975481524,-0.10383896001414099,1.0034445567946524,-4.963641404700606,0.18380044090359068,0.4075607734707667,-0.0,1.5607757731097482,-2.5225350516829517,143.85017173816445,0.0,-0.020392113437276215,19.99998927086412,0.0,1.5718159326604089,29.0,0.06535650137045437,0.04124013527966299,0.051289227665024605,0.17113876894399155,0.2505853956237004,0.03316703720464507,0.12344406596163376,0.11702281441737171,-37.119176567438444,0.07757835167984184
122.6,-2.4177542664920395,642.9122370831907,4.99,0.0,20.17,-0.06,1.5667911950175204,0.0,0.0,0.0,-2.408994883746804,145.05356547286547,0.0,-0.1380037514075056,20.15096450149627,0.0,122.53,-0.14527210338971439,0.9592753414212571,-4.905409228586307,1.5620010542794918,-0.12614638559885943,1.0019000237517632,-4.944507150854212,0.03505479045999339,0.20533295469054025,0.05,1.5690716438201606,-2.5245742630609938,145.85017069850713,0.0,-0.020392113446317275,19.99998927149508,0.0,1.5718159326608288,30.0,0.06584890624888463,0.04142825788988598,0.051231662295516824,0.17130830100658803,0.25062740200417793,0.03326582027542077,0.12350031592941943,0.11719663368991778,-37.09653822415958,0.07764533082601519
122.7,-2.4177548131077344,644.9316708150511,5.0,0.0,20.34,-0.1,1.5665459363397698,0.0,0.0,0.0,-2.410512096960523,147.078469961293,0.0,-0.12710089325768034,20.325261229078784,0.0,122.629,-0.12961688617813663,0.9274978769773022,-4.897906367895384,1.548108611221405,-0.10969882684930356,0.962425223428292,-4.927315800690863,0.19089989691119097,-0.035211027179524734,0.09,1.5613763298461198,-2.5266134744395,147.85016965888838,0.0,-0.02039211344606042,19.99998927173098,0.0,1.5718159326608039,31.0,0.06614391290591938,0.04194293616267677,0.05146844974283475,0.17180479233495866,0.25080444533706064,0.033424084720224664,0.12360574633871914,0.1175985348648084,-37.049544797232656,0.07787156370840653
122.8,-2.417755362258333,646.9622003321822,5.013,-0.01,20.49,-0.13,1.566289823563073,0.0,0.0,0.0,-2.4130742025264627,149.11981519780764,0.0,-0.12899772786982366,20.481737330571875,0.0,122.728,-0.14026663215606533,0.8906439352743408,-4.857271047856126,1.5664906425233847,-0.1156183793631393,0.9122252009694475,-4.910098796145196,0.11757659435137514,-0.2266841372833781,0.12,1.5649824795297844,-2.5286526858179315,149.850168619284,0.0,-0.020392113446660958,19.999989271819086,0.0,1.5718159326608294,32.0,0.06694715232620974,0.04237184167336936,0.05176829800400436,0.1722197774726037,0.2509620556150471,0.033641218587291584,0.12375299906867383,0.11804539232738546,-36.98789199874629,0.07806622997905599
122.9,-2.417755917627943,649.014921417998,5.028,-0.01,20.62,-0.15,1.5657125157911818,0.0,0.0,0.0,-2.4173253713773084,151.5884608476831,0.0,-0.11585819153461108,20.643048688161656,0.0,122.827,-0.134646228029958,0.8548748724226343,-4.960473339601433,1.5633560695407716,-0.11683444416560075,0.8514856730784914,-4.900572308828384,0.12124210838450625,-0.39571169141665763,0.15,1.5652877898508701,-2.5310997394726304,152.25016737176531,0.0,-0.020392113452092592,19.999989271867406,0.0,1.5718159326610985,33.0,0.06650833035136118,0.042625595895555674,0.05204634187042975,0.1724427685533282,0.2510484299149861,0.03363002430519222,0.12374105814898632,0.11815377172938568,-36.97821706084345,0.07817177562164199
123.0,-2.426845786516992,651.0676435248475,5.044,-0.02,20.73,-0.17,1.5660187905330696,0.0,0.0,0.0,-2.4207613174472966,153.24406874780632,0.0,-0.12200701663154777,20.732817787230434,0.0,122.926,-0.13283385216207677,0.7744607830212978,-5.0216736586245405,1.5280870827290247,-0.10237387891551437,0.7571152227875039,-4.886083303334578,0.23974212215004367,-0.5792556456283044,0.17,1.5598755883498583,-2.532731108575791,153.8501665400878,0.0,-0.020392113447687224,19.999989271867406,0.0,1.5718159326608783,34.0,0.06775990564465592,0.04343110574547052,0.05237824917502945,0.1734220136154499,0.2514562717531778,0.03384830339481872,0.12385068052680562,0.11901129686599426,-36.87903103047761,0.07865625819133211
123.1,-2.426846354198716,653.1425572095832,5.063,-0.03,20.81,-0.19,1.5651479578253369,0.0,0.0,0.0,-2.42565263501793,155.3226278868474,0.0,-0.10841386799180144,20.824377927992614,0.0,123.025,-0.13846267185251515,0.7001086114694968,-4.956476674661328,1.5532196814478105,-0.10983591153131377,0.6647011170922142,-4.877813514543199,0.15184476597989627,-0.7102385988261055,0.18,1.5642303687313652,-2.535178162229932,156.25016529257167,0.0,-0.020392113442828888,19.999989271867406,0.0,1.5718159326606354,35.0,0.06636911359314802,0.042137690400336755,0.05213267878648433,0.17169195849832608,0.2507139395834236,0.033352734051221786,0.12351647336707068,0.11760259256503089,-36.99188331443468,0.07778687653325041
123.2,-2.4359362380068035,655.2174708971359,5.082,-0.03,20.87,-0.2,1.564587943316672,0.0,0.0,0.0,-2.4319204694621974,157.82681709048768,0.0,-0.09492362454478791,20.898940645619543,0.0,123.124,-0.13447087519516748,0.6087428462784711,-4.992159502082334,1.5498302755964555,-0.11695010861907872,0.5675512599616199,-4.871557943430769,0.11414913841569184,-0.8094790402703964,0.19,1.566599495972714,-2.537217373607768,158.250164252975,0.0,-0.02039211343620307,19.999989271867406,0.0,1.571815932660304,36.0,0.06808562755166613,0.043906026850443675,0.05270788435350933,0.17406433105488406,0.2517450229178325,0.03405765467182837,0.12402380734536313,0.11955728948558854,-36.82764649150227,0.07898800516082148
123.3,-2.435936810011981,657.303480380134,5.103,-0.03,20.9,-0.2,1.565314951413546,0.0,0.0,0.0,-2.4361539953458933,159.50006603341745,0.0,-0.10774649567930812,20.925691647347254,0.0,123.223,-0.12331326918345153,0.5212032394056868,-4.982272310134489,1.5194537291784251,-0.08296977613461114,0.46502986401300783,-4.869199340231914,0.35793246799667644,-0.8783330003903771,0.2,1.55441891185934,-2.5388487427097792,159.85016342129768,0.0,-0.02039211343397818,19.999989271867403,0.0,1.5718159326601928,37.0,0.0684864106214223,0.044281277271615904,0.053089030048253785,0.17436107775347706,0.25183865016487766,0.034120268766995705,0.12404351207377991,0.11984514184862789,-36.781760320543114,0.0791175473503681
123.4,-2.445026700208018,659.3894898659336,5.124,-0.02,20.91,-0.2,1.563898964380149,0.0,0.0,0.0,-2.441434878491855,161.59337760310774,0.0,-0.0889896629799967,20.93479890600401,0.0,123.322,-0.1399825242878994,0.42186948970000476,-5.059333534427629,1.5406387334811702,-0.10500321757489996,0.36071244962523696,-4.8732266646126305,0.15154746699434973,-0.9097579229240189,0.2,1.5647191018210673,-2.5408879540869673,161.85016238170078,0.0,-0.02039211343080294,19.999989271867403,0.0,1.571815932660034,38.0,0.07005237249554615,0.04451447680785437,0.05343970338138625,0.1746009297603287,0.251938304043004,0.03437959089402519,0.12422194322085177,0.12031611660006372,-36.70157152925178,0.07923654162431225
123.5,-2.4450272712450385,661.464403576658,5.143,-0.02,20.88,-0.18,1.5629475033518414,0.0,0.0,0.0,-2.4461501198777285,163.6861218899545,0.0,-0.05878904076401507,20.917752637681605,0.0,123.421,-0.11914807628256016,0.3124881599887364,-5.031648496311474,1.5559949991950675,-0.10503688185394157,0.24768936915564663,-4.877787515182964,0.13421965285685447,-0.9297011379942646,0.19,1.565074047436455,-2.5429271654637264,163.8501613421039,0.0,-0.020392113425300673,19.999989271867403,0.0,1.571815932659759,39.0,0.0687272326683644,0.04441720376074799,0.05362179620328579,0.17448095964008864,0.25189776976247474,0.034183006989075934,0.12409489327591684,0.12003572972045339,-36.734173843306806,0.0791808352606038
123.6,-2.454117167898488,663.5504130754326,5.161,-0.01,20.84,-0.17,1.564014225793306,0.0,0.0,0.0,-2.450668811007481,166.19327661863417,0.0,-0.08496326104761065,20.86744345688135,0.0,123.553,-0.11224404357122134,0.1716094208580055,-5.04565664768932,1.5510439864290924,-0.08697114630596321,0.12071512783706533,-4.902457689311115,0.2394302211365647,-0.9637352275222497,0.17,1.5592597187326296,-2.5453742191149944,166.2501600945878,0.0,-0.020392113415540945,19.99998927187309,0.0,1.5718159326592707,47.0,0.0776874227779805,0.045967776924878266,0.05376611802445603,0.17709851495575432,0.25314696258162,0.036470992063482206,0.1259059281402984,0.12366887228751802,-36.40786183784075,0.08060207874375655
123.7,-2.454117737538752,665.6253257522089,5.175,-0.01,20.78,-0.14,1.563683922928993,0.0,0.0,0.0,-2.4531458366565135,167.8605335226776,0.0,-0.07908019927480539,20.81785101166319,0.0,123.619,-0.11391142096349406,0.10232337331658285,-5.06022705654418,1.5844373793671398,-0.10484010737079139,0.018176313042910012,-4.902591657287756,0.00040392273996965773,-0.9236891946759407,0.14,1.5712793594328003,-2.547005588215023,167.85015926291138,0.0,-0.020392113405237885,19.99998927188162,0.0,1.571815932658755,41.0,0.07680500645022395,0.04546251815729479,0.05330655124396285,0.17671145628140583,0.2530172596711196,0.03623412609076781,0.12573246421554157,0.1231736749023986,-36.46953038005876,0.0804242121009332
123.8,-2.454118304128656,667.6891426461341,5.186,0.0,20.69,-0.1,1.5645210086975736,0.0,0.0,0.0,-2.4557205783652565,169.9382053457456,0.0,-0.08476953541191737,20.740102777235215,0.0,123.718,-0.11433057164997314,0.011771210944275917,-5.08707540757533,1.5409081108896785,-0.09473896339328747,-0.08078965867524686,-4.921615892458467,0.14043752159087491,-0.8769579297313541,0.11,1.5637190260296128,-2.549044799588822,169.8501582233159,0.0,-0.020392113390396413,19.99998927188162,0.0,1.571815932658013,42.0,0.07816169641923867,0.04599109390723615,0.05344828687865605,0.17730130949292414,0.2532271446566156,0.03648658862285574,0.1258783117883422,0.12381751254304538,-36.39968355322612,0.0807046339521511
123.9,-2.4541188710830966,669.7529595379323,5.195,0.0,20.6,-0.08,1.5654701959018154,0.0,0.0,0.0,-2.4584662854250494,172.4199051594493,0.0,-0.11145129399431072,20.62759492129407,0.0,123.817,-0.12679744388960232,-0.06273845010832377,-5.094683331654756,1.5347972392643825,-0.08771643015736615,-0.15686492550945563,-4.938293379765408,0.17638035874905675,-0.7681902225938977,0.08,1.5619117102406321,-2.551491853235451,172.25015697580122,0.0,-0.02039211337626548,19.99998927188161,0.0,1.5718159326573065,43.0,0.07751808626449176,0.04566472363652892,0.05336591755724974,0.17680930256512498,0.2529978135842378,0.03631710166335468,0.12576009303450153,0.12334619786488049,-36.43208397213287,0.08043883773298315
124.0,-2.4632087658001183,671.8056806447107,5.2,-0.01,20.5,-0.04,1.5645969203349692,0.0,0.0,0.0,-2.460302376536463,174.06649397460566,0.0,-0.09741483513072245,20.545976350341064,0.0,123.916,-0.128538994875425,-0.14787280010745116,-5.058185713950623,1.5525087949875356,-0.10982409770460566,-0.22070952443140737,-4.962402936229141,0.06755662967157956,-0.6560591702052392,0.05,1.5678987915531035,-2.553123222332583,173.8501561441248,0.0,-0.02039211337344551,19.99998927188161,0.0,1.5718159326571655,45.0,0.07115305548434532,0.04313902136455404,0.05275018830019073,0.1734372900001553,0.25155859933965613,0.03505290457160414,0.12493847732069133,0.11990686653320184,-36.761242145492496,0.07871806682333421
124.1,-2.463209312740929,673.8029217731494,5.202,-0.01,20.4,0.0,1.5652490459058919,0.0,0.0,0.0,-2.462586692097595,176.11542606801572,0.0,-0.10317898988828907,20.442227322149193,0.0,124.015,-0.11445549256136744,-0.2122081939585191,-5.097853275831004,1.5443834440025428,-0.10070864981498277,-0.2730415850376598,-4.9879122308296715,0.12714494911330945,-0.5413787221222037,0.01,1.5649033832426142,-2.5551624337039693,175.85015510452902,0.0,-0.02039211337870353,19.999989271881613,0.0,1.5718159326574284,46.0,0.07086885686122966,0.04226960239405713,0.05221691640312503,0.172677013062248,0.2513094090554065,0.0349400887657727,0.12488705086935045,0.11932707571570128,-36.839294860549224,0.07838217181115095
124.2,-2.4632098687324344,675.8334502477577,5.2,-0.01,20.3,0.03,1.5656062001970155,0.0,0.0,0.0,-2.464995610445112,178.15407280643254,0.0,-0.1140199403408007,20.340612117637587,0.0,124.114,-0.11845606030290148,-0.2724849184340897,-5.017491358008738,1.5507377912237865,-0.08226707114024762,-0.3144504127110088,-5.0071933798459405,0.27471690271999727,-0.429126112221482,-0.02,1.5574886522593583,-2.5572016450754482,177.85015406493355,0.0,-0.02039211337309468,19.99998927188161,0.0,1.571815932657148,47.0,0.07040812823039062,0.042333126941120645,0.05186531613859383,0.17291262464976062,0.2514236041414279,0.034860279010548355,0.12482370418898805,0.11934820983856415,-36.86940214057148,0.07850986916974119
124.3,-2.472299753906185,677.85288186452,5.195,-0.01,20.2,0.06,1.5640246985156576,0.0,0.0,0.0,-2.4676008917899397,180.18282192788396,0.0,-0.08662813808712776,20.244131060048268,0.0,124.213,-0.1314004147460746,-0.3018608648642494,-5.054921914422122,1.54714446809597,-0.09580636397623872,-0.33867528298957594,-5.02740500178245,0.18881789487948286,-0.3106249007399704,-0.05,1.561819484364176,-2.559240856446439,179.85015302533807,0.0,-0.02039211337200222,19.999989271881613,0.0,1.5718159326570933,47.0,0.07126518450255696,0.04251071179574504,0.051762481128467194,0.17309935538784857,0.25147686589779134,0.03501425986658984,0.12491721093149923,0.1195995504905135,-36.840761707245335,0.07858904424697033
124.4,-2.4723003050287673,679.8723134699229,5.187,-0.01,20.11,0.09,1.562820117981408,-0.09214882965487226,-0.002633466164697585,-0.003077951074869278,-2.4705173549971438,182.60505909383048,0.0,-0.05729616344945314,20.136566022409056,0.0,124.378,-0.11714527248813468,-0.32562502349404276,-5.014635329362061,1.5655607876107083,-0.11295404849016234,-0.3537436283191975,-5.041239310733129,0.06589787149257458,-0.16480848575915985,-0.09,1.5679937603164098,-2.5612800678175893,181.85015198574274,0.0,-0.02039211337319084,19.999989271884452,0.0,1.5718159326571526,22.0,0.07410496748148773,0.043608311594665994,0.0518657183208341,0.1745595635800502,0.25209496665057574,0.035619943500599306,0.12532681411801777,0.12108178794227648,-36.69846674689727,0.07932451233405438
124.5,-2.472300849522753,681.8695534964344,5.176,-0.01,20.03,0.11,1.5636104294706623,0.0,0.0,0.0,-2.4725853298306726,184.61417154331133,0.0,-0.07705957082080749,20.054713949937682,0.0,124.411,-0.12007587521274418,-0.3292642501413732,-5.064688195829242,1.5713564374494002,-0.11514687133674952,-0.3557013239183204,-5.05342011573002,0.00912013552777649,-0.07381377478054674,-0.11,1.5708403724631606,-2.563739590099416,184.25569516135906,0.0,-0.021233094030370547,20.251077073270597,0.0,1.5718448184959941,49.0,0.07339472854616749,0.04358206526973463,0.051812082092601054,0.17432681092682226,0.25194885430249586,0.03545246538401312,0.12519784329182204,0.12077011390129605,-36.72801505244652,0.07917885657429818
124.6,-2.4813907401555184,683.8667935074762,5.162,-0.01,19.96,0.12,1.565920092226241,0.0,0.0,0.0,-2.4742783107309814,186.21586428875042,0.0,-0.11347497124941597,19.995053075139396,0.0,124.51,-0.11382870899991879,-0.371869489919943,-5.1007973458738665,1.570762865910851,-0.11354274802529411,-0.35487675923811446,-5.066859700225027,0.0042998837259567435,0.00832282643382598,-0.12,1.5710814991011988,-2.5654768922432045,185.91171309320967,0.0,-0.0220455048484521,20.999859408891233,0.0,1.571846119382584,51.0,0.07509079012018931,0.044062589418062736,0.0519953677534845,0.1748505454275022,0.2521611049486702,0.035768779059294126,0.12542148790259006,0.12145154808324062,-36.64648803244471,0.07943873876431096
124.7,-2.481391283028188,685.8640324291355,5.148,-0.02,19.9,0.12,1.5676830139153193,0.0,0.0,0.0,-2.476960237470795,188.21169050914673,0.0,-0.15100471321836023,19.927938953373904,0.0,124.609,-0.11002999440610153,-0.2503435537395175,-4.9754666997754065,1.5478344666460964,-0.08848195161752573,-0.2720945100124349,-5.0664351189833425,0.19868160419710054,0.25086087754676356,-0.12,1.561933762489091,-2.5676814472357252,188.01170418265178,0.0,-0.022045590928371238,20.999941405458546,0.0,1.5718461193826077,51.0,0.07460151309679883,0.04371165439595813,0.05184274463536351,0.17438420202464092,0.2519726656171004,0.03558350136662029,0.12530475932141416,0.1210313070697547,-36.68902288045895,0.07920836850228284
124.8,-2.4813918242050192,687.8390808475724,5.133,-0.03,19.84,0.12,1.5669055514179657,0.0,0.0,0.0,-2.481442274218772,190.5986897645771,0.0,-0.13355428109248368,19.862389199807357,0.0,124.708,-0.13005149801550028,-0.1563600088510617,-5.147676136054218,1.5289544940455584,-0.08431658464807132,-0.14338613546325524,-5.079172066589152,0.264550006741475,0.5324131519380941,-0.12,1.5592950070254665,-2.5703269208050044,190.53169965768794,0.0,-0.022045625739399468,20.99997456539682,0.0,1.5718461193826057,52.0,0.07618210219582117,0.0439799030278254,0.051898427666151034,0.17475480594368464,0.25214265998765145,0.03578092384764038,0.1254421342283071,0.12156255809673672,-36.63665089080229,0.07940429829688359
124.9,-2.4904817166410567,689.8252250351289,5.12,-0.04,19.81,0.13,1.5646533175047972,0.0,0.0,0.0,-2.4849575376723503,192.18636796304452,0.0,-0.09658998367173668,19.834289638680026,0.0,124.807,-0.129925781187193,-0.04285148520779003,-4.993712404566653,1.533231356790816,-0.09160521612467984,-0.027650606294684816,-5.083522350870627,0.20713051917151865,0.7353218695697201,-0.13,1.5626657396207275,-2.5720905712573896,192.21169799152818,0.0,-0.022045633955799854,20.999982393713353,0.0,1.5718461193825242,53.0,0.08442849319261211,0.04878552690519092,0.05421939252875548,0.18001156097282964,0.2541694183921261,0.03704552679576992,0.1261397862224745,0.1267378126778734,-36.06733707060395,0.08199825268138794
125.0,-2.4904822555111252,691.8002723405584,5.105,-0.03,19.81,0.14,1.5637814002719264,0.0,0.0,0.0,-2.489330180128465,194.16898450800733,0.0,-0.07435083475173063,19.823633420745296,0.0,124.906,-0.12125145089406202,0.07297119029340808,-5.010303932784426,1.561172239064385,-0.11038507938995927,0.1420143647719903,-5.089771340672467,0.05622988798612351,0.993540911932314,-0.14,1.5695348834368588,-2.574295134890601,194.3116964541274,0.0,-0.02204563817996428,20.9999864138249,0.0,1.571846119382709,54.0,0.07848663244413338,0.04661125630615279,0.05429589034768507,0.17711118488135225,0.2529988950165753,0.03633627347104575,0.12582803822854732,0.1238106370593982,-36.35727573029139,0.08051709195790352
125.1,-2.499572147174433,693.7753196262001,5.088,-0.03,19.84,0.16,1.565190362804804,-0.46836706270256695,-0.07254413516830233,0.032758814046393775,-2.494182439319053,196.54938618824644,0.0,-0.105845122475553,19.85505045397948,0.0,125.005,-0.10348474994269208,0.1901996659546773,-5.012744697112288,1.5396106881651856,-0.056482148207995554,0.28711987399673256,-5.082866775643005,0.38834235733654177,1.1050543867986562,-0.16,1.553689309847738,-2.5769406115660085,196.8316949117162,0.0,-0.022045639886543355,20.999988040018494,0.0,1.571846119382681,55.0,0.07642385127909197,0.0443783283042207,0.053653407193796986,0.17474074089602723,0.2521352562949414,0.03550928479190517,0.12525623878564413,0.12174527782787659,-36.5555550898965,0.07938755370132586
125.2,-2.4995726954680038,695.7614637725678,5.07,-0.02,19.9,0.18,1.5648483681168892,-0.43940726203556174,0.12473863816883404,-0.060910373424753965,-2.4978921078179335,198.5383932807693,0.0,-0.08576200336995984,19.923784400562425,0.0,125.104,-0.1137125922879458,0.3226308567277694,-4.942125995490814,1.5779579384004343,-0.08413982265734646,0.4300350912170975,-5.071469525322655,0.09445890737937401,1.180692681947182,-0.18,1.5672642513140898,-2.579145175552158,198.9316937128815,0.0,-0.02204564034847159,20.999988480552148,0.0,1.5718461193826552,56.0,0.07849139322663723,0.045066891381044354,0.05343967863896677,0.1762585105144124,0.2528864792614297,0.0359909449317602,0.12562816660742357,0.12314414104666979,-36.481466542553974,0.08022659282751815
125.3,-2.499573242053259,697.7587025944481,5.051,-0.02,20.01,0.18,1.5636329656143224,0.0,0.0,0.0,-2.5003742946659115,200.13586649215944,0.0,-0.06406509933407482,20.006148117786914,0.0,125.236,-0.0995573368372806,0.5341290433956476,-4.964498642375376,1.5419292972903105,-0.08071426202621804,0.5952296925953888,-5.069862403093911,0.1790274393591528,1.2789534753629468,-0.18,1.563315973946408,-2.5809088267617755,200.61169277385628,0.0,-0.022045640496384616,20.999988621071928,0.0,1.571846119382674,24.0,0.07016876639761556,0.044531622452085654,0.05376834526227229,0.17488366152851484,0.25211758971938814,0.033910949308995665,0.12392042347300837,0.12045155408052202,-36.72630350872733,0.07941273877285322
125.4,-2.508663146992916,699.7559413939813,5.034,0.0,20.15,0.17,1.5648765257236104,0.0,0.0,0.0,-2.502610324290499,202.14359863591568,0.0,-0.09363843844083232,20.140208968598614,0.0,125.335,-0.10295799714566485,0.6489704856373673,-4.905067051204925,1.5606866636415788,-0.08747354850674924,0.7324115378489654,-5.056431195680105,0.0692506597602387,1.2611125298168382,-0.17,1.5680238689798442,-2.5831133907842627,202.71169160986338,0.0,-0.022045640578194324,20.999988693240326,0.0,1.571846119382962,25.0,0.06872003767434193,0.0430405691106555,0.05319193232309159,0.17316387787254037,0.2514264922186735,0.03357075396383729,0.12374931050979936,0.11904621279419045,-36.876274063178606,0.07856838954285426
125.504,-2.508663702601922,701.7753717439685,5.018,0.0,20.32,0.14,1.565783054628644,0.0,0.0,0.0,-2.5043664724026473,204.57317350788637,0.0,-0.11493185554177036,20.341654154729298,0.0,125.434,-0.09237906874042766,0.7413246456089296,-4.906818639431444,1.5781316316849507,-0.09263708495327612,0.8386728624997029,-5.050940837448412,0.005358510450632231,1.1427974981779663,-0.15,1.5705461955812055,-2.585758867617413,205.23169021850026,0.0,-0.022045640607334067,20.999988722423744,0.0,1.5718461193828908,26.0,0.07213112975031259,0.04408633015276524,0.05351648655429967,0.1745310496255843,0.2519992736873236,0.03421971812115037,0.12419456684188328,0.12057051948219238,-36.70523716568639,0.07925050174752031
125.6,-2.50866428293358,703.8724736651184,5.003,0.0,20.52,0.11,1.5675099448442946,0.0,0.0,0.0,-2.505336357260089,206.2073824495479,0.0,-0.14332566337958505,20.494823313079603,0.0,125.533,-0.10060244538732466,0.8101308149691592,-4.890613154000955,1.5551784557910544,-0.09036371672354263,0.8993850657417103,-5.022547294734659,0.04596635422729941,0.9433241756438449,-0.12,1.5686497061559794,-2.5875225188408812,206.9116892921138,0.0,-0.02204564061870835,20.999988729287583,0.0,1.5718461193830893,28.0,0.06812124940795933,0.04194156954010146,0.05264985156793575,0.17188001416961948,0.2508792793528979,0.033144937184881845,0.12341461177857427,0.11798451208753817,-36.96917252426115,0.07792664333991592
125.701,-2.508664854771922,705.9362882229963,4.993,0.0,20.72,0.07,1.568465092280183,0.0,0.0,0.0,-2.507313480168971,208.68265399966646,0.0,-0.17076772309480953,20.73869459270108,0.0,125.665,-0.09583469870947628,0.9241967784494561,-4.838592086581038,1.5521201667570128,-0.07583635735319638,0.9450913155741637,-4.986267387258744,0.22516524165801582,0.7338499785627377,-0.08,1.5602768671509657,-2.5901679956769157,209.43168790314255,0.0,-0.02204564062280644,20.999988733226832,0.0,1.5718461193830875,36.0,0.06777535581691406,0.04144009494835754,0.052192880413656835,0.1713628974458948,0.2506685621642366,0.033053147865022225,0.12337487907266269,0.11754871913983164,-37.02093212466692,0.0776763761483948
125.8,-2.508665429275993,708.0111985506717,4.988,0.0,20.93,0.01,1.5672270504899806,0.0,0.0,0.0,-2.509215514624242,210.34922478784253,0.0,-0.14950201642032024,20.90235702012591,0.0,125.731,-0.10989220294683692,0.9101949642229628,-4.857295262294589,1.5639806530419207,-0.08917597528018943,0.982763429421544,-4.976879082337755,0.05364700303306186,0.5362007295810329,-0.03,1.5682913591070604,-2.591931646900995,211.1116869773206,0.0,-0.02204564062419114,20.999988734150534,0.0,1.5718461193831073,29.0,0.06762382194725758,0.04118203212974995,0.05163410084071471,0.17119102765980074,0.250609645344627,0.03301284058339895,0.1233634783703527,0.117354979164715,-37.06788607177111,0.0776023094955246
125.9,-2.5086660139777166,710.1083015494281,4.988,-0.01,21.12,-0.03,1.567228953182001,0.0,0.0,0.0,-2.5120401030919934,212.45044167911792,0.0,-0.14553662425367198,21.09854467386656,0.0,125.83,-0.09176665021259865,0.9040097815191622,-4.851545290509948,1.557031535167421,-0.08620027109094361,0.9772545343038582,-4.950278344721276,0.09317749587433943,0.2975450243756441,0.02,1.566903643959781,-2.5941362109313637,213.2116858201078,0.0,-0.022045640628904708,20.999988734625173,0.0,1.571846119383308,30.0,0.0682255326642033,0.04176673066207264,0.0516765691097847,0.1718371129366217,0.25084934077158194,0.03321818475306031,0.12347683266640232,0.11787301204401644,-37.01639761793282,0.0779027960853952
126.0,-2.51775597694035,712.2165014413508,4.992,-0.01,21.3,-0.08,1.5677342520237454,0.0,0.0,0.0,-2.515229725396547,214.57043207981917,0.0,-0.16059511888349723,21.278660698421678,0.0,125.929,-0.1040726325070124,0.8973903768887606,-4.881373981989627,1.5479919681323169,-0.08609208265080073,0.9545206542922161,-4.929504342981041,0.1101129477919982,0.07656218044137475,0.07,1.5661020768927556,-2.5963407749628318,215.31168466292328,0.0,-0.02204564064584364,20.99998873480139,0.0,1.5718461193841058,31.0,0.06795197735199755,0.04207859010417621,0.05177209219542455,0.17205537341665442,0.2509054335355183,0.03324686314320025,0.12348323095350876,0.11797847883626425,-37.00753965207919,0.07799006808916556
126.1,-2.517756576729141,714.3468929024571,5.0,-0.01,21.45,-0.13,1.5677236952495317,0.0,0.0,0.0,-2.5189133357617566,216.7074591099673,0.0,-0.16255440096118692,21.440673711244287,0.0,126.028,-0.10249979737447726,0.8652553679147602,-4.869314873643292,1.5534527534879405,-0.0882102821802949,0.894502473420126,-4.904769601639343,0.08694526762869895,-0.17575945940347637,0.12,1.5671744071966118,-2.5985453389960105,217.4116835057498,0.0,-0.022045640662873053,20.999988734863916,0.0,1.5718461193849136,32.0,0.06692423933137363,0.041277260018892106,0.05153969386792876,0.1708965508607075,0.25039641826360964,0.032918529007051854,0.12325235356455144,0.11701777563527027,-37.08742997516082,0.07740651345609016
126.2,-2.5177571828966734,716.4994759290327,5.012,-0.02,21.59,-0.16,1.5678710814707468,0.0,0.0,0.0,-2.5231584808977288,218.8595730117742,0.0,-0.1663161636851205,21.58205044942431,0.0,126.127,-0.09915112307774276,0.8171068085280804,-4.842683231093479,1.5516579898088076,-0.06888755767169505,0.8252138068191547,-4.880086854932026,0.23368802525635085,-0.3785752481342577,0.15,1.5607082057790989,-2.6007499030306644,219.51168234857957,0.0,-0.02204564067526136,20.9999887348895,0.0,1.5718461193855022,33.0,0.06673383031646819,0.04115970156376557,0.051417284994253465,0.17078033224956068,0.250364586093894,0.03291765049076805,0.12325978621136752,0.11691615680164727,-37.103124390842886,0.0773601615114625
126.3,-2.5268471700138093,718.6520589519794,5.028,-0.02,21.7,-0.19,1.5668386240166166,0.0,0.0,0.0,-2.528910620436354,221.45892524631932,0.0,-0.1436901079460487,21.721619042940013,0.0,126.259,-0.11126879877972946,0.7720550323210325,-4.935456747624826,1.535171777754476,-0.07339651899396055,0.7405920203129898,-4.871062537192332,0.29986255194228884,-0.559845538480161,0.18,1.5575461313956327,-2.6033953798737466,222.03168095997736,0.0,-0.02204564068568135,20.99998873489234,0.0,1.5718461193859983,41.0,0.07023799049624754,0.04327138621111156,0.0520364719312551,0.17345865258437437,0.2514942046736197,0.03374600478479707,0.12378580414672419,0.11931253987262436,-36.85753989438124,0.07868856696262254
126.4,-2.52684778567874,720.8157388949121,5.047,-0.01,21.79,-0.21,1.5646542693164687,0.0,0.0,0.0,-2.5327608393649585,223.20004554964495,0.0,-0.10608143290371945,21.793623483155372,0.0,126.325,-0.09272081008001834,0.6515315905742318,-4.914106740512879,1.5578026554941595,-0.06666202147974351,0.6358680734628772,-4.856154305242612,0.20858170870878948,-0.7255264214409074,0.21,1.5618354630100344,-2.60515903110297,223.71168003424262,0.0,-0.02204564068954227,20.999988734892344,0.0,1.5718461193861821,35.0,0.06785750998702107,0.041804681774106546,0.051568453360908546,0.17147592032782077,0.2506347013875492,0.03310567506520475,0.1233507606600591,0.11754471913074636,-37.014318526684335,0.07768927198244233
126.5,-2.535937632493358,722.4468212603571,5.064,-0.01,21.83,-0.23,1.5636388441224136,0.4201150142164676,0.024839781692067544,-0.006213665850111744,-2.5368788831594116,225.38321903995862,0.0,-0.07776928500590717,21.857899585548,0.0,126.424,-0.09169078355843943,0.598476980529416,-4.926486313784342,1.5543109112262408,-0.0702593512598732,0.5509331141166237,-4.840710664517211,0.13333441906444488,-0.7905916760015401,0.23,1.5649343270443954,-2.6073635951397964,225.81167887707468,0.0,-0.022045640691713143,20.999988734903713,0.0,1.571846119386285,36.0,0.07009631348115757,0.04405015650567269,0.0523849914089371,0.1742723489612224,0.25181087780609085,0.033903585186182986,0.12389136056826898,0.11987618888260705,-36.80455018211461,0.07908163739816129
126.601,-2.535938413469836,725.1763872880623,5.092,0.0,21.87,-0.24,1.563973061335508,0.0,0.0,0.0,-2.54029090881247,228.00901558445034,0.0,-0.08695938671731748,21.894852710535755,0.0,126.523,-0.08205363205440436,0.4920854243275277,-4.970484540836843,1.5777776250208897,-0.081606134460573,0.43479727956700004,-4.839953298751999,-0.005051869697794156,-0.8876297704829916,0.24,1.571037094141241,-2.610009071983996,228.3316774884736,0.0,-0.022045640693151385,20.999988734892344,0.0,1.571846119386354,38.0,0.07104475685197455,0.0447290076268182,0.05302326515586348,0.1748449059321747,0.2520083827720158,0.034126513442859434,0.1240365996633397,0.12048817134083228,-36.71603062967693,0.0793423486959983
126.7,-2.5359390347699673,727.3511630373763,5.116,0.0,21.87,-0.23,1.5658454108659665,0.0,0.0,0.0,-2.5421657064647314,230.1987052959027,0.0,-0.131288980640903,21.893807913229807,0.0,126.655,-0.07237763032294678,0.37136953813847445,-4.997196365382093,1.5326733217882398,-0.04077866807795437,0.32798577996293937,-4.859624369079958,0.38933082539364,-0.9260074257299316,0.24,1.552209326819221,-2.6122136360211665,230.43167633130528,0.0,-0.022045640697293378,20.99998873489803,0.0,1.571846119386551,45.0,0.07171596233120295,0.04454501006086524,0.05335196185944465,0.1745076380479408,0.25187122919403027,0.03413878246343078,0.12404569206956806,0.12041869103055115,-36.685564755737985,0.0791736943898371
126.8,-2.5359396579975453,729.537034576095,5.137,0.01,21.84,-0.22,1.5650181281988065,0.0,0.0,0.0,-2.543337423857161,231.9494960191451,0.0,-0.12228799633478417,21.87445294104196,0.0,126.721,-0.09978120183741787,0.2970538227202957,-5.0293830377328295,1.567281522218254,-0.07499662888310535,0.23024138305808003,-4.8531332665032405,0.025375099079596473,-0.9129713439379188,0.22,1.5695843550737822,-2.6139772872514,232.11167540557145,0.0,-0.022045640703373472,20.99998873490655,0.0,1.57184611938684,39.0,0.06961409031783505,0.04379981260314301,0.05303947062188674,0.17386304608150863,0.25167314976586763,0.03383436175183144,0.12387507202273862,0.11963526120830624,-36.796402364225045,0.0788930148245866
126.9,-2.535940279370152,731.7118103381678,5.157,0.01,21.79,-0.19,1.5643209713187556,0.0,0.0,0.0,-2.5442472278440316,234.5711229573927,0.0,-0.09818312997718284,21.818114077075773,0.0,126.853,-0.076604744876984,0.13983813601191167,-5.0634512379636405,1.5665847910132764,-0.07628313571184611,0.10304948168610886,-4.884857307576235,0.07478235134068575,-0.9551050155175993,0.2,1.566731003793199,-2.6161818512898267,234.21167424840422,0.0,-0.022045640714186826,20.999988734906548,0.0,1.571846119387355,47.0,0.08116868039937473,0.04598262207888782,0.05351460401656756,0.17717822097108776,0.2531846932656278,0.0364454416229462,0.12587304457296292,0.12423347350972404,-36.35390864922773,0.08064739873200408
127.0,-2.5359408968354273,733.8754903233361,5.175,0.02,21.72,-0.16,1.565838518613253,0.0,0.0,0.0,-2.544181321680273,236.314289512042,0.0,-0.12562003812322978,21.764771303194255,0.0,126.919,-0.08434065956812112,0.10845112484868596,-5.0444946114742,1.5520978455913104,-0.0678967493668857,0.013928999604699618,-4.882025761616799,0.10176904518394242,-0.8831595838449395,0.17,1.5649580665771257,-2.618386415330004,236.31167309123705,0.0,-0.022045640734800382,20.999988734900867,0.0,1.5718461193883368,41.0,0.08000676663230007,0.04550490453491128,0.05317955706636518,0.1767138381709379,0.25300340912502217,0.036175798807193044,0.12568059169753604,0.12364264951223056,-36.41477147795973,0.08041811610819982
127.103,-2.535941502224688,735.9947871834719,5.19,0.02,21.64,-0.12,1.565957003799502,0.0,0.0,0.0,-2.543739431148359,238.91998353997036,0.0,-0.12933655453399562,21.666907019944684,0.0,126.985,-0.09369847909306736,0.051104043778221954,-5.0328901669180155,1.558520836917623,-0.08262309296058404,-0.066472089391922,-4.897977941967534,0.020053129272138533,-0.7927901348724724,0.14,1.5688769000798204,-2.6210318921798925,238.8316717026365,0.0,-0.022045640745680325,20.999988734906555,0.0,1.5718461193888547,75.0,0.09142290537752448,0.04815993319784386,0.05358251078850099,0.1805114338520627,0.25467623886538876,0.038696816775770075,0.12761909745162978,0.12877705431258268,-35.99916030725112,0.08243567755239478
127.2,-2.5359421156416033,738.1584660210531,5.202,0.02,21.55,-0.08,1.5665449007090668,0.0,0.0,0.0,-2.543352748949335,241.08174175283847,0.0,-0.14552690178164912,21.574776859334428,0.0,127.183,-0.10694302582901276,-0.1127619810353192,-5.137551309657855,1.5445238286781202,-0.09818280707387775,-0.1398439774002968,-4.950883732506883,0.08339742572644404,-0.7183420717154831,0.09,1.5658400294846855,-2.6232364562230206,240.9316705454692,0.0,-0.022045640762224802,20.999988734898025,0.0,1.571846119389643,17.0,0.07210133320216966,0.04337993890107509,0.05281549458317835,0.17351343155878884,0.25153883386170317,0.03465916152859866,0.12461424938706635,0.11997856231663652,-36.72313621023399,0.0787169478743126
127.3,-2.5359427195001842,740.2999521272158,5.207,0.01,21.46,-0.04,1.56694633100671,0.0,0.0,0.0,-2.543258293225048,243.2340819384133,0.0,-0.14959040770315876,21.4792982083357,0.0,127.216,-0.10648312759088462,-0.10957593959165887,-5.079612720312259,1.5623935794753483,-0.09338829965326925,-0.19081173643284166,-4.958608911729607,0.08716000397028165,-0.5880266687918976,0.05,1.5661457702399653,-2.6254410202671328,243.03166938830154,0.0,-0.022045640763152352,20.99998873490655,0.0,1.5718461193896867,45.0,0.0748815498761962,0.042998909003801135,0.052152740832057266,0.1736855073501445,0.2517388566992716,0.035241586111375456,0.12507134117930718,0.12059997827544383,-36.72345332286637,0.07888033649194261
127.4,-2.535943319822735,742.4303424447244,5.207,0.0,21.36,0.0,1.5666587325420718,0.0,0.0,0.0,-2.543567850260989,244.9491076755394,0.0,-0.14306195361823582,21.403989900184694,0.0,127.282,-0.106086791240983,-0.1634728441552066,-5.07026527300342,1.5515934589942963,-0.0835435568249199,-0.23468497622928883,-4.96993768545161,0.14336016895718334,-0.4779547059040823,-0.0,1.563941046921332,-2.627204671502356,244.71166846256781,0.0,-0.022045640759603864,20.999988734906555,0.0,1.5718461193895177,38.0,0.09309057890978278,0.048824914429559836,0.05402352235120246,0.18108571162733483,0.2548310588098821,0.03860634148557205,0.12743666050104158,0.12942972465034538,-35.89049702591029,0.08267778806314809
127.501,-2.5450333242733336,744.5607327532214,5.202,0.0,21.27,0.05,1.5660691070978086,0.0,0.0,0.0,-2.5446858948262476,247.5105558708003,0.0,-0.12814301427407473,21.29562068620908,0.0,127.48,-0.11479691481418977,-0.23448666239696478,-5.091809424380874,1.5589957711823292,-0.11439773351155773,-0.2610729184118509,-5.011909900142937,0.027452229646160006,-0.338072029489215,-0.03,1.56948607916636,-2.6298517386410922,247.23335220314038,0.0,-0.02229482284000687,21.10300191449905,0.0,1.5718528027709502,21.0,0.0737463075410587,0.043651057655386516,0.053093970279643195,0.1738441334032312,0.25168504135633163,0.03505519612707385,0.12500319428979825,0.1205847105098494,-36.66865268363012,0.07888531048309945
127.6,-2.545033919800602,746.6800260992419,5.193,0.0,21.19,0.08,1.5663488754679005,0.0,0.0,0.0,-2.545823125310667,249.21120111020335,0.0,-0.13125247611585272,21.22809518161909,0.0,127.513,-0.1139718066055441,-0.2612665279849041,-5.141728526958263,1.5541721004135074,-0.10228882559975853,-0.2896399859750383,-5.031842452804842,0.10534732330409594,-0.25382184244387673,-0.08,1.5657693397596688,-2.631702476325335,248.95371760710918,0.0,-0.023595284106923676,21.85332669172805,0.0,1.5718760376906715,49.0,0.07201735098204187,0.04234956176114286,0.0522698630555933,0.172709820448352,0.25133071771255494,0.034632187360178826,0.12472857116483844,0.1194645394190646,-36.83821606662141,0.07839444825491343
127.7,-2.5450345115061737,748.7882236482116,5.182,-0.01,21.12,0.11,1.5666954699580111,0.0,0.0,0.0,-2.5477790307158554,251.32975947768062,0.0,-0.14260909672313765,21.150484987871216,0.0,127.678,-0.12212437357370534,-0.14777655267421158,-5.118714811772039,1.5465669973095013,-0.10413715165261436,-0.20309918981177766,-5.060142810341329,0.16481096148205387,0.07509955308333005,-0.1,1.5634958087880961,-2.6340773176522876,251.15322131489833,0.0,-0.023753776295828494,21.999929020498286,0.0,1.5718760469632214,22.0,0.07661850336051629,0.04362184830957456,0.05220761485546835,0.174685109241987,0.2522188510159333,0.035446221424613136,0.12526035265421062,0.12157472251506829,-36.65480178951762,0.07942120494025164
127.8,-2.5541245112198965,750.8964200020124,5.167,-0.02,21.05,0.13,1.565919385818068,0.0,0.0,0.0,-2.550446260007796,253.44104982356333,0.0,-0.1272314676764426,21.083076775104068,0.0,127.711,-0.1181177539919604,-0.11990336050045924,-5.087450178488814,1.5542294967216852,-0.0928062866436873,-0.15185349657457864,-5.074427823633435,0.18373439011364034,0.24646681333362608,-0.12,1.5631153554795594,-2.6364526978439287,253.35321656270153,0.0,-0.02375381590595634,21.999965706006535,0.0,1.5718760469632227,49.0,0.07702826514262553,0.04365676458589399,0.05197444737339298,0.17468146135018467,0.25218497263847933,0.03536891507102641,0.12517807856430443,0.12157199477521966,-36.656359033735384,0.0794027614429213
127.9,-2.554125102385541,752.9935217391015,5.151,-0.02,21.01,0.15,1.5650590886969606,0.0,0.0,0.0,-2.5536942819293142,255.5464343575812,0.0,-0.10759693929932287,21.032231039749163,0.0,127.81,-0.11570969212460057,-0.056022946973406575,-5.090246147172827,1.5362144126226456,-0.08445661456893439,-0.04300878644093355,-5.092134205154913,0.24467845381232717,0.5061433638109811,-0.14,1.560354386337374,-2.638828080392173,255.5532140102595,0.0,-0.023753830404759358,21.999979134090125,0.0,1.571876046963233,50.0,0.07914015377840058,0.04500887243876497,0.05247716207496902,0.1761604423586469,0.2527501963685955,0.03579096928433895,0.12543519476473303,0.12297295986205721,-36.52395076083974,0.08012082284918352
128.0,-2.5541256894033495,755.0906222754177,5.136,-0.02,20.98,0.16,1.5640458483856658,0.0,0.0,0.0,-2.5571990044407813,257.6479657681763,0.0,-0.08677337764090734,21.00456783924445,0.0,127.909,-0.12545608993106946,0.04591333542784243,-5.050013248858396,1.5590321747726081,-0.107134750989946,0.08824266556079782,-5.105212466238719,0.07441056982975736,0.7350946748375051,-0.16,1.5682918287993546,-2.64120346380298,257.75321226299883,0.0,-0.023753835709882036,21.999984049204016,0.0,1.5718760469631499,51.0,0.08040366544248538,0.04556902664298172,0.052945445971932605,0.1765812828572456,0.2528770879054308,0.035919283478612556,0.125507894501218,0.12351470340573005,-36.450180774298744,0.08030630338989862
128.1,-2.563215699974023,757.1877239806587,5.12,-0.02,20.99,0.18,1.564817971610699,0.0,0.0,0.0,-2.560640336925027,259.7482552294667,0.0,-0.0942987759850355,21.00550261437233,0.0,128.008,-0.10543541993319995,0.1386824443763054,-5.0363418935168545,1.5449269059550266,-0.08083917055550974,0.21906602351433832,-5.116454272854554,0.23754323744728678,0.9136717054714119,-0.17,1.5608603013821576,-2.643578847529365,259.9532108104604,0.0,-0.023753837651999222,21.9999858482925,0.0,1.5718760469631319,52.0,0.08109026778163389,0.04611505283453222,0.053454893751504896,0.17707852895362117,0.25306830203255964,0.03600366465214449,0.12556589490065523,0.12402308403342122,-36.39174077059586,0.08055001312144489
128.2,-2.5632162892754877,759.2848244804802,5.101,-0.02,21.03,0.19,1.5650463551890592,0.0,0.0,0.0,-2.564003612609351,261.85039079844,0.0,-0.10620487442318158,21.038798308369444,0.0,128.074,-0.10177198178765029,0.24536879064244907,-5.038178070439729,1.5567050221536605,-0.06732163833930946,0.3424475642177667,-5.128647072338477,0.2179335267225692,1.0059670143830033,-0.19,1.5618101969773512,-2.6464293081458607,262.5932092027767,0.0,-0.0237538384358966,21.999986576053086,0.0,1.5718760469630464,46.0,0.11317729595356699,0.05431438685116594,0.055916429811627734,0.1877301168675366,0.25757460786053565,0.041696563209121795,0.12971780727946483,0.1390383883637104,-35.21463405945572,0.08625329238407667
128.3,-2.572306299743076,761.3819249579273,5.08,-0.01,21.1,0.2,1.5642542001467685,0.0,0.0,0.0,-2.5671469414342294,263.95773322079646,0.0,-0.08724119063795475,21.106107788775063,0.0,128.206,-0.11943187527190642,0.3776376120427881,-5.056505587637805,1.5416818352825907,-0.0984726802368968,0.478019834832458,-5.135300576186779,0.10693139256054547,1.088744532573024,-0.2,1.566874997517267,-2.648329615255239,264.35320816062665,0.0,-0.023753838622731283,21.99998674786232,0.0,1.5718760469631068,56.0,0.08207887437301715,0.047855603133919046,0.055559777003474656,0.17832518020472896,0.25346826765072444,0.03616541622381416,0.12570213614156706,0.12526898615243165,-36.190096311855925,0.08111101875196522
128.4,-2.5723068944252248,763.4901212018938,5.06,-0.01,21.21,0.19,1.5648416160282232,0.0,0.0,0.0,-2.5697347965769786,266.07355589520546,0.0,-0.09385187368913898,21.20489173434288,0.0,128.305,-0.10343876735391144,0.5001971717806522,-4.978662299066965,1.5741750772259717,-0.09975373977294046,0.6037468108369926,-5.122323270689261,0.032879758558804296,1.1048588779851833,-0.2,1.5697696319145353,-2.6507049991545197,266.55320686990666,0.0,-0.02375383871436314,21.99998683609467,0.0,1.5718760469629416,55.0,0.08099083167970154,0.046027535632501636,0.05509099335216813,0.17670267972868256,0.2529745321299626,0.035835975702851325,0.12550821744753285,0.12396954713220297,-36.34057954607271,0.08038555706384415
128.5,-2.5723074951682747,765.6205089880818,5.041,0.0,21.34,0.17,1.5666166209292152,0.0,0.0,0.0,-2.5719032901955754,268.2008479879435,0.0,-0.13127991794011368,21.331498454497297,0.0,128.404,-0.08322308241993463,0.6081301003247257,-5.008067147030046,1.568886853962213,-0.06894884103943388,0.71086884906562,-5.118017717028689,0.1733323657418368,1.0652748387499926,-0.18,1.5630464155240238,-2.6530803830597636,268.753205584477,0.0,-0.02375383875472464,21.99998686838174,0.0,1.5718760469631916,56.0,0.08166185474728481,0.04560018956723554,0.05469643391748193,0.1767428595539583,0.2530906986229307,0.035772295682996155,0.12545120527847126,0.12405033786963013,-36.35869888022597,0.08046589284343865
128.6,-2.5723080960107723,767.7508967541689,5.027,0.0,21.49,0.15,1.5672173179362454,0.0,0.0,0.0,-2.5741676290488424,270.34213827425157,0.0,-0.1522638820246035,21.481037225605025,0.0,128.503,-0.10374556064342864,0.7016669840652399,-4.9255246940161985,1.5545969444942338,-0.08958407167262579,0.7991622826425809,-5.101925777854479,0.05127015835284242,0.9712410148636295,-0.15,1.568509652789786,-2.6554557669674055,270.9532043009838,0.0,-0.023753838771467008,21.999986880205157,0.0,1.5718760469633724,57.0,0.08058175130660183,0.04502769019823751,0.054174134494060076,0.17630135427220125,0.2529182891064748,0.03550519819415388,0.12525942162743642,0.12345611866441261,-36.43545752609779,0.08024929372970176
128.7,-2.572308707353187,769.9034772768191,5.015,0.0,21.66,0.11,1.567224257220749,0.0,0.0,0.0,-2.5767248448661357,272.4993507542773,0.0,-0.14733987864343367,21.647041583263256,0.0,128.635,-0.08870380201101674,0.7790277249750642,-5.057905718131545,1.553856346080745,-0.07962118837544416,0.8516235655285842,-5.094965695769156,0.13718638458613672,0.7994898917846456,-0.12,1.5646773351022318,-2.6578311508758583,273.1532030181993,0.0,-0.023753838775271752,21.99998688452526,0.0,1.5718760469633333,25.0,0.07051700179988188,0.04253913669914981,0.05339647339691156,0.17274139510164765,0.2512798403497276,0.03311996592721602,0.1234048773103456,0.11894025270003013,-36.85877205030364,0.07837179549228625
128.8,-2.5813987560723035,772.0782493459208,5.007,-0.01,21.84,0.07,1.5673665092934406,0.0,0.0,0.0,-2.5795829396040544,274.67369942268704,0.0,-0.15543534953705104,21.82142058225918,0.0,128.734,-0.10359650577868866,0.8000553398243182,-4.934707660240536,1.5713173707130876,-0.09815635019400143,0.8773030106117609,-5.06746380310026,-0.007686444909320909,0.5984656283573528,-0.08,1.5715863068463984,-2.660206534784883,275.35320173567385,0.0,-0.023753838783422524,21.99998688611119,0.0,1.571876046963626,27.0,0.06872350479509202,0.04118588891401907,0.052450891886753205,0.17121024210488078,0.2506415840355213,0.032725908830459,0.12315983680091147,0.11754377477572867,-37.02493722100984,0.0776204988600464
128.9,-2.581399383155315,774.2641184043372,5.005,-0.01,22.01,0.02,1.5683392417293527,0.0,0.0,0.0,-2.583498596761674,277.30592615858563,0.0,-0.18091207924543218,22.028516080790588,0.0,128.833,-0.09618541188155874,0.8305347818291854,-4.982145211546186,1.559121155751293,-0.08338357027871787,0.8932984380308571,-5.052865271528811,0.12859176810966544,0.4128071821903845,-0.03,1.5654956662005073,-2.6630569954766905,277.99320019676253,0.0,-0.023753838788144934,21.99998688674785,0.0,1.5718760469638093,27.0,0.06914697344282057,0.041124161108761416,0.05187605384556433,0.17128543337266539,0.25067505586669747,0.03282475253691989,0.12322737613657551,0.11760275945383819,-37.041214918467965,0.07766130941817602
129.006,-2.5814000137367827,776.461083237016,5.009,-0.01,22.17,-0.02,1.5687527768921596,0.13239459921211166,0.020237696038501576,-0.010028490049896727,-2.587402506439362,279.51794846097675,0.0,-0.18743899342416268,22.191260232757156,0.0,128.965,-0.09981844553020382,0.8025738866962341,-4.861182823148055,1.5384720797350435,-0.07833442810550632,0.8431015461500023,-5.007926684113718,0.22743690357410495,0.07816868961064927,0.02,1.5610233884432625,782.734999999791,6.354721511351572e-08,0.0,21.999999999974307,2.1076281047131923e-09,0.0,9.580127748707517e-11,41.0,0.0818077801395538,0.04450593133273178,0.05227999259150684,0.17606680019876036,0.25279153688829126,0.03598433405104753,0.1256595223434703,0.12339475554778444,-36.45887088939951,0.08009919529541859
129.1,-2.5904901119706665,778.7468155401976,5.017,-0.02,22.32,-0.07,1.5671991049919767,0.0,0.0,0.0,-2.5909732927175044,281.2987449151171,0.0,-0.1613275962275186,22.30993090063905,0.0,129.031,-0.09608765494635883,0.7871957974391077,-4.841104480282335,1.5698299603478485,-0.08107371957096812,0.8152587777727033,-4.985005148188195,0.10189308061018634,-0.06228233879433631,0.06,1.567110407701308,-2.6673326865152385,281.9531978884648,0.0,-0.023753838791511935,21.999986886975222,0.0,1.5718760469639512,29.0,0.068885150558197,0.04149649427758182,0.05162437236907607,0.17142440589216676,0.2505766696577065,0.03281586969398798,0.12306073087802237,0.11752801792749143,-37.029438618249586,0.07761642838712514
129.2,-2.590490758431656,780.97706893514,5.026,-0.02,22.44,-0.11,1.5668561636146645,0.0,0.0,0.0,-2.5957065580538994,283.53721689144675,0.0,-0.14713149802343595,22.44120419745935,0.0,129.163,-0.09197935494028989,0.7563466085629955,-4.872858633852242,1.572308827498317,-0.08535824525561196,0.7706202448086495,-4.953647598723673,0.06660491799945933,-0.2417962759305894,0.1,1.5686949460888697,-2.6697080704257106,284.15319660608765,0.0,-0.02375383879294098,21.999986887009324,0.0,1.5718760469640145,37.0,0.07016094571661828,0.042619155619778144,0.052028262158304944,0.17272476404255738,0.25112911195938475,0.033267453050142004,0.12356517019648448,0.11872064049800235,-36.92621669256377,0.07826483840005533
129.3,-2.5995808503475644,783.2184181108487,5.038,-0.02,22.55,-0.15,1.5677299751576523,0.0,0.0,0.0,-2.6016893253608178,286.2388971068704,0.0,-0.17128174188817308,22.569574262282625,0.0,129.229,-0.09638231651868769,0.7128156087219326,-4.907720876107895,1.554388541158427,-0.08249759950171781,0.7154903802575017,-4.936750716749588,0.0780763491028807,-0.36768189346285496,0.14,1.5681746501032319,-2.6725585311183226,286.7931950672353,0.0,-0.023753838792296162,21.999986887009324,0.0,1.5718760469639852,32.0,0.06968456873977691,0.04217695628067684,0.051868083917065155,0.172112073447475,0.2509076927401536,0.03318020348087368,0.12356417855041524,0.11827140111722596,-36.9680185786731,0.0779856544140385
129.4,-2.5995815090483916,785.4708643049123,5.052,-0.03,22.63,-0.17,1.5684345195211957,0.0,0.0,0.0,-2.606020777260953,288.04771106003534,0.0,-0.1851948953595634,22.63829900282505,0.0,129.328,-0.09104613002333119,0.6524825080662804,-4.967070535263938,1.534758552651233,-0.05580639138073712,0.644365444792916,-4.926650284935704,0.30894435589731484,-0.4997267253955364,0.16,1.5581809441410888,-2.674458838246638,288.55319404133377,0.0,-0.023753838788296615,21.999986887015012,0.0,1.5718760469638031,32.0,0.06836262975517536,0.04132420849644668,0.051649865220468646,0.1709045873620877,0.2504130888900668,0.03277416270486775,0.1232422169963026,0.1172267307922324,-37.059418125419796,0.07740156972757556
129.5,-2.608671453024556,787.168520168754,5.064,-0.03,22.68,-0.17,1.567636585389499,0.277064509781849,0.1607990605028349,-0.03519380138406169,-2.6118255252033578,290.3155565517969,0.0,-0.16352837415596513,22.70669544120107,0.0,129.427,-0.10482930585018402,0.5917179131919351,-5.082545854346954,1.5117802085505487,-0.05414872085293306,0.5681173170604125,-4.920187253098888,0.3285088266406959,-0.5992768991346118,0.17,1.5572781715317703,-2.6768342221563906,290.75319275895674,0.0,-0.023753838780581963,21.999986887009317,0.0,1.5718760469634527,33.0,0.07105343525200926,0.042466787206994046,0.05203816984193561,0.17242041609612535,0.25109688734868263,0.033448516547196834,0.12368367670937153,0.11875489166380816,-36.903490304756474,0.07818029262571549
129.603,-2.608672281880416,789.9979470301729,5.085,-0.02,22.74,-0.19,1.5643736543741562,0.0,0.0,0.0,-2.6183381573029996,293.04431509448136,0.0,-0.09347692405177954,22.762225325692395,0.0,129.559,-0.10308953387214378,0.4898473466662604,-4.99345289826326,1.5386084668681952,-0.06801541872725955,0.46121234291267027,-4.916754350036035,0.22141219994461794,-0.7231376513815739,0.18,1.5616443371397195,-2.6796846828466685,293.3931912201043,0.0,-0.023753838768442788,21.999986887009328,0.0,1.571876046962901,44.0,0.11226551475773854,0.05239652806905889,0.05474625993374426,0.18573322843857423,0.2568531967835047,0.04146112855485651,0.12964774426575534,0.1373440545526072,-35.34424349706958,0.08521308763916026
129.701,-2.617762401466422,792.2725848007544,5.104,0.0,22.76,-0.18,1.56328762934101,0.0,0.0,0.0,-2.6222620908575043,295.3219150201228,0.0,-0.07126635134619543,22.783924400116113,0.0,129.658,-0.09282729622957352,0.41564303919353657,-4.961336769028969,1.5636232357924016,-0.06709862796586535,0.3761732729693463,-4.920898639848627,0.18799719472031226,-0.7618111499812734,0.18,1.5622466178911496,-2.6820600667535244,295.5931899377273,0.0,-0.02375383873354935,21.99998688700933,0.0,1.5718760469613149,43.0,0.07246887114416074,0.044808330519737434,0.0537824471678644,0.1746110447802137,0.25190552647830106,0.033809217932983936,0.12384549746897586,0.12057825708236505,-36.63869098273072,0.079206205633465
129.805,-2.6177630684037467,794.5361267985949,5.122,0.01,22.75,-0.18,1.5632042075183732,0.26093245111580277,-0.021720384107377238,-0.000748046849291062,-2.624464728493954,297.6004606354193,0.0,-0.071105617948106,22.7833643546425,0.0,129.724,-0.0842244307341447,0.34993191361318177,-5.072032084664235,1.5524101541255322,-0.06350427158403103,0.29019013252477016,-4.916957877635847,0.13134090464853992,-0.7665733349325805,0.18,1.5643669853056463,-2.684435450655725,297.79318865535026,0.0,-0.023753838672721538,21.99998688700934,0.0,1.57187604695855,37.0,0.07409878629198824,0.04446159716894638,0.05346765547252793,0.17474842896937598,0.2521075211556898,0.03429332736286813,0.12426799980999843,0.12104003766341458,-36.559373174392185,0.07934055789495457
129.9,-2.617763566568925,796.233782675172,5.135,0.02,22.74,-0.17,1.563474948578749,0.24639975746604992,-0.0525418454932768,0.0030525533571868716,-2.6251384137082114,299.42252096427103,0.0,-0.07930588090466023,22.767922098978097,0.0,129.79,-0.06931195933472162,0.3076669185402393,-5.071807395036729,1.5458231501858168,-0.042062777971364256,0.20551124147340927,-4.916335857995412,0.19929719618851233,-0.7747633061032992,0.17,1.5608128281695761,-2.686335757772947,299.55318762944864,0.0,-0.02375383862089185,21.999986887009335,0.0,1.571876046956194,71.0,0.09945990047611215,0.048889562501137226,0.05377331368924625,0.181715779886139,0.25531951939533276,0.0397934613000743,0.12858883787476927,0.13150132082150842,-35.80402593438693,0.0831253121666948
130.007,-2.6177644006886567,799.0743053383384,5.154,0.03,22.7,-0.14,1.5636084317837395,0.17475400306127947,0.030078176352280155,-0.004159825132979356,-2.6246828323498312,302.1521089535064,0.0,-0.07981921533771388,22.724829579601526,0.0,129.955,-0.09373119100900067,0.12673031591298567,-5.086368470527282,1.5666137982077253,-0.08009982369008434,0.07417559499388263,-4.940324916467954,0.033352459480204114,-0.8351590288638739,0.14,1.5678988768533273,-2.689186218442229,302.1931860905963,0.0,-0.023753838592216983,21.99998688700932,0.0,1.5718760469548907,52.0,0.07420984132912128,0.04430140991873374,0.0533503097415841,0.17450986478605654,0.25190876018256964,0.034026940886408924,0.12397571718257518,0.12075549854179216,-36.53209850682427,0.07913817859167613
130.104,-2.617765063604196,801.3378460934116,5.166,0.04,22.64,-0.11,1.5642464045111577,0.0,0.0,0.0,-2.6231845288510547,304.4218101099663,0.0,-0.0971569654815939,22.67141413561767,0.0,130.021,-0.0787761774042442,0.10476444578279975,-5.119015421635564,1.547739745146884,-0.06286204176384148,0.018480041822894158,-4.949266607514659,0.1464776824339131,-0.7457079462258314,0.12,1.562287122791444,-2.691561602333185,304.3931848082198,0.0,-0.023753838629250026,21.999986887009307,0.0,1.571876046956574,39.0,0.07174014296776689,0.04268363019301474,0.05266415291438308,0.17279654647569545,0.251216251503055,0.033785268560950585,0.12380328594299597,0.11917900287687133,-36.79772440436942,0.078298785039818
130.2,-2.6086762587259784,803.590291066739,5.175,0.04,22.58,-0.08,1.5645735748719911,0.0,0.0,0.0,-2.6210003653350222,306.68545492338814,0.0,-0.10132894332889456,22.60514531893658,0.0,130.12,-0.09893159051040548,0.01031116972851078,-5.020777699974834,1.5508471971391111,-0.084759991867037,-0.05105369762906411,-4.960126525086924,0.02567499152733805,-0.6767958270900536,0.09,1.5677992847205218,-2.6939369862262943,306.5931835258428,0.0,-0.02375383860765354,21.99998688700933,0.0,1.5718760469555924,40.0,0.06610465841339425,0.04056357266456433,0.05194099338827828,0.17018175753775214,0.2501361683934677,0.032535582176661956,0.12318367827168863,0.1164758121227468,-37.14048843603765,0.07702843022038994
130.302,-2.6086769158100367,805.8427360379549,5.182,0.04,22.5,-0.05,1.5650723656315841,0.0,0.0,0.0,-2.6185450290101295,308.94200431537735,0.0,-0.11463119439626865,22.53120460595958,0.0,130.219,-0.09302162576245658,-0.050011153496372904,-5.090622833759888,1.54610445122067,-0.07526071109687202,-0.1165479087047877,-4.967251444568793,0.10779998574436753,-0.6051081051161589,0.06,1.5640521573228126,-2.696312370116998,308.7931822434659,0.0,-0.02375383857768416,21.99998688700933,0.0,1.57187604695423,41.0,0.08415990776704202,0.046578902393114026,0.053933483000695344,0.1778933627311019,0.25344490187548,0.03622298887032364,0.12589092062173696,0.12520230042022973,-36.23267270198796,0.08094295540580418
130.4,-2.6086774014061973,807.5181990862108,5.184,0.04,22.44,-0.02,1.5654524835434298,0.012796412212561708,-0.007296162314505363,-0.005162823268102177,-2.6165712327100517,310.7418162960691,0.0,-0.11997236710688233,22.470073720979105,0.0,130.318,-0.10710508752997959,-0.12781351443157538,-5.056976876089771,1.5508434518828136,-0.0884463908052684,-0.17841796395160844,-4.9869038810714414,0.0821999150955316,-0.5397420915677493,0.02,1.5652165456153864,-2.698212677228841,310.55318121756426,0.0,-0.02375383860338893,21.999986887009314,0.0,1.5718760469553985,42.0,0.07388449971826479,0.04256652864816793,0.05280184222054854,0.17275596228143994,0.2513457336294689,0.034444246955771994,0.1247254066854008,0.11982099674036831,-36.76578862137934,0.07838328524055668
130.5,-2.608678051287626,809.7595469964435,5.186,0.03,22.37,0.0,1.565200041574661,0.0009986786942665772,-0.01571831442861185,-0.0013161786830500196,-2.6143146602471266,312.9846638489572,0.0,-0.11574963183642216,22.39300547011433,0.0,130.417,-0.11329304593519678,-0.17641883261764363,-5.0813014661246285,1.5675492896310497,-0.10764741701907471,-0.22661400381701474,-5.005296194593088,-0.00817069158174702,-0.4660052009901996,-0.0,1.5697997368398833,-2.700588061119813,312.75317993518723,0.0,-0.02375383860165965,21.99998688700932,0.0,1.57187604695532,43.0,0.07413015158224445,0.04199783251461482,0.052032082765417695,0.17252601349119198,0.25137442310462854,0.03446905697369347,0.1247182994385711,0.11966353097229201,-36.83181687769658,0.07835262908058716
130.605,-2.608678858567515,812.544588203165,5.183,0.02,22.27,0.04,1.566255373941038,0.0,0.0,0.0,-2.612161889999762,315.66587028118585,0.0,-0.14025008452079785,22.299907039116352,0.0,130.516,-0.10455307592419892,-0.21840038544164198,-5.081766426978273,1.5565806979162806,-0.10759897071392466,-0.260919345730321,-5.020132867658413,0.01240800626654798,-0.3659818225707525,-0.04,1.5693181314020734,-2.703438521789387,315.39317839633554,0.0,-0.023753838604585763,21.999986887009324,0.0,1.571876046955453,44.0,0.07810486676277302,0.042770991995335655,0.05192807109300681,0.17372095088877693,0.25191399225038236,0.0352456073813522,0.1252116756910905,0.12118609737401376,-36.67610742495361,0.07897625890098584
130.7,-2.6086794975337853,814.7637432536848,5.177,0.01,22.2,0.07,1.5672354577716927,0.0,0.0,0.0,-2.6113620106842013,317.44719263377266,0.0,-0.15882547427903768,22.23871076250832,0.0,130.681,-0.12078330926429258,-0.2748498429504528,-5.182956376335643,1.5396852322175059,-0.10634656638016747,-0.2940371258232297,-5.058907590876512,0.1518562604549824,-0.2991368829311192,-0.06,1.5634127982220807,-2.7053388289027516,317.15317737043614,0.0,-0.023753838606003917,21.999986887060487,0.0,1.5718760469555149,19.0,0.0728156762214825,0.04161849083968309,0.05144427124136563,0.1720373275752513,0.2511293979276252,0.03409864482863223,0.12427528237824507,0.11895061449898735,-36.914224696732596,0.07810031866309475
130.803,-2.608680137684246,816.9718037919349,5.171,0.0,22.12,0.09,1.5665681157868843,0.0,0.0,0.0,-2.61150644718854,320.1101700834488,0.0,-0.14307340528584941,22.150189879140775,0.0,130.78,-0.13186713384697413,-0.2736168401299429,-5.0131833400777275,1.5712588673486598,-0.12476875016080038,-0.29850574310085076,-5.063335091572107,-0.01699153147921689,-0.16439701760698,-0.08,1.5715695264248122,-2.7081892895729123,319.7931758315889,0.0,-0.023753838612509456,21.9999868870548,0.0,1.5718760469558108,23.0,0.07636386346234604,0.04253604764425363,0.05139376547318601,0.1732548500781796,0.2516503145028421,0.03490140552337759,0.12490567698941679,0.12044673423828649,-36.76871504609551,0.07871522982706577
130.9,-2.6086806131021376,818.6250739566885,5.164,0.0,22.07,0.1,1.5664504715849201,-0.09666944867308448,-0.05447056684121126,0.013188523353218844,-2.6128452973482483,322.3214233825561,0.0,-0.1542023701264693,22.080618707445836,0.0,130.813,-0.13179531911704287,-0.31826064595503745,-5.112280319137493,1.5345980253749818,-0.10990792308807039,-0.31945451480997206,-5.0770573410924555,0.1406879542070848,-0.10908957889530768,-0.1,1.564390124733147,-2.7105646734650524,321.99317454921646,0.0,-0.023753838606250546,21.99998688704912,0.0,1.5718760469555266,47.0,0.07347922714408714,0.041951415014970767,0.05110891400269495,0.17230366368837266,0.2511917675168843,0.03424792676646626,0.12437770981879004,0.1191998309102462,-36.900363569856616,0.07821234228697471
131.002,-2.6177708885388995,821.3768264793284,5.153,-0.02,21.99,0.11,1.566973257404987,0.0,0.0,0.0,-2.6153165447675075,324.5260109637996,0.0,-0.151825182857643,22.016544811768455,0.0,130.978,-0.13618494530923975,-0.29706186617232977,-5.067457780994468,1.5578928421801617,-0.11923620765558351,-0.3114436750977154,-5.075898392220566,0.10854952345619684,-0.010193099096966307,-0.1,1.5663167936459388,-2.7129400573566835,324.19317326684313,0.0,-0.023753838600345845,21.999986887054796,0.0,1.571876046955258,24.0,0.07895160593675493,0.043372697884391645,0.05129560531427872,0.17422945658269143,0.2520270418067496,0.03530331572604576,0.1251357445987727,0.12152459814682483,-36.665793164599975,0.07919267705100382
131.1,-2.61777136203699,823.0190008396431,5.147,-0.02,21.95,0.11,1.5663165837202706,-0.08686631673129945,0.010530713291498604,-0.004190784313041791,-2.6181163388333992,326.28524785554384,0.0,-0.1382603798173642,21.96922750542281,0.0,130.978,-0.13618494530923975,-0.29706186617232977,-5.067457780994468,1.5578928421801617,-0.10775303964889048,-0.3091767639497943,-5.086678392220614,0.11590802319102692,0.05646382971717756,-0.11,1.5664381792649573,-2.714842514674015,325.9551015939459,0.0,-0.024084549208266432,22.109366287499576,0.0,1.5718856632945686,24.0,0.10842279303752607,0.050954863096161616,0.053476843623283685,0.1841212344652698,0.2562277542254315,0.040719690514351516,0.1290732986538847,0.13508297356451837,-35.53738856729104,0.08438065984154905
131.217,-2.6268616412675954,825.759657546523,5.136,-0.04,21.88,0.11,1.566198766292308,-0.044497883348944986,0.002065122133357589,-0.00478534053783912,-2.6234970434368443,328.91733825206757,0.0,-0.135248590372933,21.904227188127113,0.0,131.077,-0.12788515793245467,-0.2823965299503225,-4.995411531211957,1.5494357487561956,-0.09572582487470142,-0.2744488175100137,-5.089680168955079,0.16617273950106473,0.1754316716549873,-0.11,1.5650756787020437,-2.7178557412924778,328.6767314215551,0.0,-0.025515774553391296,22.999882637387447,0.0,1.5719057135029906,140.0,0.2161163905312165,0.07270826701852479,0.058692186906854384,0.2114746318195636,0.2673998168200721,0.05608429635984915,0.1399461197225379,0.19439210581518995,-32.598520419661774,0.10015592853927696
131.3,-2.626862113527295,827.390736102675,5.128,-0.04,21.85,0.11,1.5661361469563584,-0.12224205612602419,0.06683721820736593,0.0008199922606887812,-2.627808390585011,330.6679248279788,0.0,-0.13259631196790586,21.865149494552124,0.0,131.209,-0.132428242581917,-0.21560100460516757,-5.063698419176094,1.5563303929858103,-0.09312804695717505,-0.20737528448159281,-5.097323728808075,0.15147412181658862,0.3131659648209215,-0.11,1.56576666713403,-2.719897006357655,330.51672487285,0.0,-0.025515838080707516,22.999939903839167,0.0,1.571905713502845,51.0,0.14628067691393404,0.06149770443786975,0.0571606561089216,0.19720552522145524,0.2616306666168316,0.04803204762005643,0.13463009706736398,0.15622031022350966,-34.042759563406236,0.09145705603475157
131.4,-2.6359523962782987,830.120296994237,5.115,-0.05,21.8,0.11,1.5657920446854567,0.0,0.0,0.0,-2.635080516355853,333.28854179581214,0.0,-0.1258061209127722,21.81781925539697,0.0,131.308,-0.12350292926948007,-0.07303548377000718,-5.026489208014886,1.5546095362831542,-0.09726927301042017,-0.04214562558410344,-5.096367029211493,0.19381702779171356,0.6296612054697199,-0.11,1.564387359325148,-2.7229589096590514,333.2767201004818,0.0,-0.02551587413437128,22.99997240387664,0.0,1.5719057135027814,52.0,0.08090181730604754,0.04546234299763755,0.055063592541949286,0.17620879373511036,0.2522030376037893,0.03576885716793323,0.1249802058035361,0.12319930204983703,-36.28253003163996,0.07950511688819863
131.5,-2.645042522259075,832.2950688051682,5.103,-0.05,21.78,0.12,1.5655260864321632,0.0,0.0,0.0,-2.640223562391441,335.0331793817492,0.0,-0.12102469344202132,21.801468552708954,0.0,131.407,-0.12537640606094885,0.016245160742455928,-4.952130933843681,1.5513563526222707,-0.09235105569717164,0.07718914427707259,-5.094279308847696,0.1952157024486943,0.8050398337556146,-0.12,1.5643666856507639,-2.7250001799837413,335.11671824251124,0.0,-0.025515882645078505,22.9999800764195,0.0,1.571905713502733,53.0,0.08149604529813044,0.0451643700987124,0.05446845160550836,0.17689302534269774,0.25291140543465646,0.035681222141119774,0.12642571322866009,0.12416016993863481,-36.3512284980791,0.0801319509317589
131.6,-2.6450429973864686,833.9261473291738,5.094,-0.05,21.79,0.14,1.5653701448489465,-0.4636768683301062,0.028620484182717867,-0.0015580385877768804,-2.646721880089899,337.2133272828447,0.0,-0.11479055335659127,21.80555540165397,0.0,131.506,-0.12102231002167445,0.12345318637456282,-5.025382291712797,1.5355625074785937,-0.08762240633686563,0.20471625270345287,-5.088162291124128,0.20572677095802944,0.9344992476425134,-0.14,1.5639436198713472,-2.7275517684782575,337.4167164544953,0.0,-0.025515887020225336,22.999984016515437,0.0,1.5719057135029093,54.0,0.08253812442412821,0.046216849042790276,0.0545617885980938,0.17822068026058155,0.2537247044340572,0.035954017144361895,0.12674125499956973,0.12542040147429717,-36.288751185537514,0.08100147099912226
131.7,-2.654133288441841,836.6446110724935,5.075,-0.05,21.84,0.17,1.565152549711291,0.0,0.0,0.0,-2.654265395123248,339.83264747501426,0.0,-0.1091329979158683,21.8528936602633,0.0,131.572,-0.10340665649495093,0.294581999569553,-5.0011757273197786,1.5290545659588328,-0.047666745376651505,0.36457662515613387,-5.096407240226277,0.3582211312218756,1.0927567793824196,-0.16,1.5573451936622775,-2.7306136749982897,340.1767146053268,0.0,-0.025515888789408882,22.99998561034807,0.0,1.571905713502953,48.0,0.1161292368251281,0.05448151255711403,0.05680354250386305,0.18876214338449748,0.25827737206597934,0.04167485685195803,0.1306309628369262,0.14082046713883734,-35.121884765638434,0.08676529501902161
131.8,-2.6632234232654355,838.830477299631,5.058,-0.03,21.91,0.18,1.563991478239421,0.0,0.0,0.0,-2.658827358349923,341.5834048634917,0.0,-0.09209556003615849,21.911375598738143,0.0,131.704,-0.12086257164667867,0.4081780211489954,-4.9468299296402405,1.5478319851235847,-0.08825378374505753,0.5147590185096256,-5.08394693277382,0.14048025213713378,1.171532958479709,-0.18,1.566439304367545,-2.7331652638583788,342.47671314913947,0.0,-0.025515889269295076,22.999986042125002,0.0,1.5719057135029912,56.0,0.08136142851111315,0.0455650531745557,0.05525767763423982,0.17613945503785577,0.25306640931888813,0.035331669344686,0.12568300616305286,0.12386152710115068,-36.32988593980478,0.08013476771115058
131.901,-2.663224069267642,841.027440612761,5.04,-0.02,22.03,0.18,1.5639198274028043,0.0,0.0,0.0,-2.664191128103432,344.22060487297904,0.0,-0.08452418921179007,22.03861297467358,0.0,131.803,-0.10586814270336113,0.5882324234607259,-4.99544012467174,1.574936402722495,-0.10584780117641845,0.678905054189568,-5.081250189034078,-0.04800229278126869,1.2445356285178448,-0.18,1.573723094934352,-2.735716852747165,344.77671171884185,0.0,-0.025515889444502005,22.99998620016676,0.0,1.571905713502986,57.0,0.08213763290447099,0.04438221791996137,0.05435125185619316,0.1753959132504194,0.25303008006834776,0.03532217383743548,0.12551427283044395,0.12345986703808016,-36.42239994302936,0.07995575877397045
132.005,-2.663224701585648,843.1911152413809,5.022,-0.01,22.16,0.17,1.566228908081774,-0.3143677168013685,-0.1124066724862246,0.07258711840850234,-2.6674119070233426,346.43198168130783,0.0,-0.13992831411741305,22.178631327157014,0.0,131.902,-0.08540124660359759,0.6958432970451225,-4.8526307002777544,1.5417325203087577,-0.04966097902487514,0.8015046821634529,-5.0581985460966,0.314132587058279,1.1557635063661849,-0.17,1.5577529907033774,849.6759999996212,6.998556526163602e-08,0.0,22.99999999997908,2.221753119184571e-09,0.0,9.659796170376485e-11,58.0,0.08396545377570298,0.04470032855242465,0.05383197989771623,0.1761959161676216,0.25344894848194205,0.03561164042736684,0.12557910326786556,0.1242658693324015,-36.29945280040376,0.0804168818490057
132.1,-2.672314855147107,845.4102687528496,5.006,0.0,22.33,0.15,1.5673243797526248,0.0,0.0,0.0,-2.66973700351395,348.2121736989534,0.0,-0.16731529182065408,22.310326616410368,0.0,132.034,-0.09167888205809725,0.806424556656597,-4.935326105363319,1.5568244365178219,-0.0703196915483669,0.9067279035498312,-5.0477650677050345,0.1153367865307503,1.095304694495983,-0.15,1.5662919564007187,-2.7403097127684144,348.9167091639961,0.0,-0.025515889523361812,22.999986276462,0.0,1.5719057135027346,26.0,0.07227734639897197,0.04328541828101125,0.053493752920851526,0.17389297555175806,0.25226717448528096,0.03329368987284196,0.12343116833084411,0.12018044120969387,-36.7715154361651,0.07914662678254646
132.2,-2.6723155132858096,847.6405193583735,4.993,0.0,22.52,0.11,1.565698952009205,0.0,0.0,0.0,-2.6724154117739425,350.45324289170736,0.0,-0.11845534566544323,22.494025392802524,0.0,132.133,-0.08567312908017408,0.8796474263910986,-4.880429639612146,1.5443590910473022,-0.0627394078228808,0.967713249637457,-5.033293985505335,0.20503537076735903,0.9061433902930816,-0.13,1.5620254140912342,-2.7428613016722068,351.21670774775026,0.0,-0.02551588953741451,22.999986285943482,0.0,1.5719057135028882,27.0,0.07186119439668366,0.04248228667171902,0.05307426970083107,0.17282633858842414,0.251742461732862,0.03296319045348446,0.1233839904892401,0.11933904542837634,-36.85906590984058,0.07858666156049829
132.3,-2.672316181293411,849.9040572916675,4.985,0.0,22.71,0.07,1.5655509564701957,0.0,0.0,0.0,-2.6744914524021994,352.71340220951515,0.0,-0.12152283433064262,22.68969085192568,0.0,132.232,-0.09207545804970163,0.9173569239643133,-4.8860612086370026,1.5436856844945728,-0.06830512474049846,0.9997868095725707,-5.002469623751752,0.16067324346718223,0.6801804264660092,-0.08,1.5639124594661646,-2.745412890576791,353.5167063320727,0.0,-0.02551588954488484,22.99998628939956,0.0,1.5719057135030463,28.0,0.07060519411844263,0.04142138013639578,0.05241780885647872,0.17152010768293155,0.2511559774005793,0.03261967927913605,0.12323678008481885,0.11819827061977356,-36.97738258981278,0.0779352447870329
132.402,-2.6723168567042137,852.1786923315005,4.981,0.01,22.91,0.01,1.5653799893942217,0.0,0.0,0.0,-2.6758259650684515,354.99327301611413,0.0,-0.1191428754675541,22.88625395455242,0.0,132.298,-0.08602679026905025,1.036097672985963,-4.9116040462613295,1.5579623559185527,-0.05529461500387138,1.0704204195556764,-4.985612227500125,0.21806290920917254,0.5729784580450854,-0.03,1.5610640723522606,-2.7479644794819444,355.8167049166027,0.0,-0.0255158895431605,22.999986290667167,0.0,1.5719057135029102,62.0,0.08862482827174585,0.04446326907609065,0.05219423679646259,0.17637848596507316,0.2533882830788826,0.036535589694093706,0.1263026755256373,0.12515778831011953,-36.37512071953496,0.08050311646307454
132.501,-2.672317536046421,854.4644231427077,4.981,0.02,23.1,-0.03,1.5650914805617668,0.0,0.0,0.0,-2.6763415401201502,357.75459736031286,0.0,-0.11131110195044873,23.11310063901415,0.0,132.43,-0.09461740683966438,0.970209767454504,-4.81406265872132,1.548866991947774,-0.07065906575322267,1.0374997810008784,-4.9533719270541265,0.12226778246063526,0.2714648311878598,0.02,1.5646961088726847,-2.7510263861669246,358.5767032181347,0.0,-0.025515889522334394,22.999986291201495,0.0,1.571905713501979,30.0,0.07206050557718789,0.04238099045317165,0.051982392592559136,0.1726012804272509,0.25147923126358523,0.032940711911668606,0.12334781996899048,0.11902381490987901,-36.9002241489421,0.07842065498316117
132.6,-2.672318221132201,856.7723455078035,4.984,0.03,23.27,-0.08,1.5652104551580288,0.0,0.0,0.0,-2.6760179244647193,359.61004157265404,0.0,-0.11664752596960014,23.25320516463258,0.0,132.529,-0.09292826825478927,0.9513410837046242,-4.81140722704268,1.5574167200805251,-0.07467838816429112,0.989921670479546,-4.925885619357544,0.09397054338471682,-0.0007444866214285639,0.07,1.5654595493692025,-2.753067657288714,360.41670208584355,0.0,-0.025515889510525396,22.999986291315185,0.0,1.57190571350146,31.0,0.0711053146475429,0.04175777444852075,0.051737818849374145,0.17170084097340707,0.2510543264457623,0.03284292937252257,0.12327701109745742,0.11826181249031203,-36.97887862295546,0.07795798203581615
132.701,-2.6723189175508537,859.1024607778329,4.994,0.04,23.42,-0.12,1.5657644267801683,0.0,0.0,0.0,-2.6747978282951834,362.41322800322024,0.0,-0.13163116861546031,23.444636106910433,0.0,132.628,-0.09390775866589944,0.9276752597748557,-4.7675973885319864,1.5559266076108567,-0.08209209691621153,0.9485321221944013,-4.895801664621338,0.04477441802011698,-0.1919295934095402,0.11,1.5671419693778577,-2.756129563970972,363.17670038741795,0.0,-0.0255158895125853,22.999986291372025,0.0,1.5719057135015468,32.0,0.07250354473670026,0.0425383373393481,0.05200688776805905,0.17264682205448828,0.25142000628248967,0.033198244682682954,0.12349345396657961,0.11914269186551066,-36.88747810906624,0.07841516399662582
132.8,-2.672319616538317,861.4436718277981,5.008,0.04,23.56,-0.17,1.5663569155756871,0.0,0.0,0.0,-2.673852207397035,364.2939303211765,0.0,-0.14413384972578439,23.555116973010627,0.0,132.727,-0.09806189765390139,0.8757485515489288,-4.845754296110354,1.5518116710981003,-0.08108228973331111,0.8855919263495894,-4.8746447393483034,0.09075986815676529,-0.3785275424389418,0.16,1.5651483716591483,-2.7581708350924736,365.01669925513585,0.0,-0.025515889512934976,22.999986291383394,0.0,1.5719057135015615,33.0,0.07224708579412643,0.04281345818122326,0.052265643447500745,0.17283405168118696,0.2514414900026698,0.033171340041034086,0.12344151268111342,0.11921690826057778,-36.872537569685,0.07848041028502975
132.901,-2.6723203233084973,863.7959800156518,5.025,0.03,23.67,-0.2,1.5667410679769258,0.0,0.0,0.0,-2.67283968093462,367.1299797720631,0.0,-0.15577427740291744,23.693336386834567,0.0,132.826,-0.10291413573405246,0.8414589011862962,-4.926448341238964,1.5427850745275513,-0.079054626702878,0.8180102398189507,-4.859996424298817,0.13810294239547438,-0.5102953028276715,0.19,1.5630962966917024,-2.761232741775113,367.77669755671724,0.0,-0.02551588951920459,22.99998629142318,0.0,1.5719057135018322,34.0,0.07373563638407488,0.04379319798679996,0.052637589652560296,0.17400100585892803,0.25189010986837523,0.03340622581202052,0.12355785154567692,0.12023300019831497,-36.75803025714505,0.07904303051508539
133.0,-2.6723210338877834,866.1593839901531,5.045,0.03,23.76,-0.22,1.5662951823931672,0.0,0.0,0.0,-2.672568889697695,369.50450144952106,0.0,-0.1434979525435212,23.782641385374543,0.0,132.925,-0.1138701677187477,0.7662576843732696,-4.889213255752331,1.5590416252903774,-0.11004236997035184,0.7407672541669857,-4.8455648867690115,-0.048790385820427544,-0.6319738150695606,0.22,1.5716094806977237,-2.7637843306777117,370.0766961413689,0.0,-0.025515889521260316,22.99998629141181,0.0,1.571905713501922,35.0,0.07325240021205834,0.043889858068527764,0.05285191762573065,0.17398727948820247,0.25183426646634127,0.033334394512385485,0.12349911060048682,0.12014084234178479,-36.76034100751632,0.07900964109369266
133.1,-2.6723217472970475,868.5338837523963,5.068,0.02,23.82,-0.23,1.5670347139847018,0.0,0.0,0.0,-2.6727685227359825,371.4097279077042,0.0,-0.15763811636592356,23.836929707202803,0.0,133.057,-0.11459184617219384,0.6342654145191853,-4.9689816102824045,1.551773829966473,-0.10313920656862614,0.6186865639872532,-4.852764777170767,0.11558417607640435,-0.8055314275945733,0.23,1.5649025759460764,-2.7663359195802997,372.3766947260205,0.0,-0.02551588951454307,22.99998629142887,0.0,1.5719057135016292,43.0,0.07328072098897438,0.04376420111735647,0.05298064712502524,0.1737773784198555,0.2517204499759667,0.033319223598740566,0.12349103714269927,0.120014287440274,-36.75677215772776,0.07889118647190392
133.2,-2.6723224648980306,870.9083848890585,5.091,0.01,23.86,-0.24,1.5678424586684,0.0,0.0,0.0,-2.6738266794947845,373.796320573527,0.0,-0.18312878641805327,23.88343762628647,0.0,133.123,-0.1094767590940961,0.5850349338089698,-4.966092218905605,1.5739039854235635,-0.10534794066788955,0.5261579586718863,-4.840863789000462,0.032359661350231245,-0.8540406001498795,0.23,1.5689542808639998,-2.7683771907020454,374.2166935937414,0.0,-0.025515889520518597,22.999986291406127,0.0,1.5719057135018901,38.0,0.07260864372479697,0.043473117116951565,0.05272947953937601,0.17363338263297265,0.251686114976898,0.03329593022973488,0.12349361705117917,0.11979606952689144,-36.79993578950341,0.07883736921617575
133.3,-2.672323178111043,873.2828846689447,5.114,0.0,23.88,-0.23,1.567903078221951,0.0,0.0,0.0,-2.6760397904125552,376.1861742579988,0.0,-0.18163230851415005,23.90441219451743,0.0,133.222,-0.12130278686294366,0.4768793767372681,-4.947183780794118,1.5472033807552212,-0.106414416574947,0.4270133070113598,-4.837758150569012,0.09108649207665476,-0.902474136131481,0.23,1.5668321917747197,-2.770928779604596,376.5166921783918,0.0,-0.025515889521666484,22.999986291400443,0.0,1.5719057135019403,38.0,0.07370652998515156,0.04449584277590305,0.05321842429192863,0.1747929544063774,0.2521215345142335,0.033534285293856096,0.12362374888589765,0.12076995792560069,-36.70082557599008,0.0793904300585733
133.4,-2.6723238920970402,875.6573844534776,5.138,0.0,23.87,-0.22,1.568204187150348,0.0,0.0,0.0,-2.6794337492637017,378.576625159516,0.0,-0.19071436739043787,23.89869797247348,0.0,133.321,-0.12052707399601297,0.40303669586149676,-4.991562659394615,1.5489949082277763,-0.09487406665389954,0.325573908480344,-4.835657859789366,0.1524639365173596,-0.9085951338160356,0.23,1.56415641531005,-2.773480368507541,378.8166907630432,0.0,-0.025515889524077892,22.999986291428865,0.0,1.5719057135020438,39.0,0.07350207718588665,0.04457564758288646,0.05348763426030242,0.17475044393452943,0.25206477461690624,0.03350613170206687,0.12360658175129051,0.12072608689869917,-36.6901795710118,0.07934582488199612
133.5,-2.672324608786539,878.042980025172,5.159,-0.01,23.83,-0.2,1.5675031899616612,0.0,0.0,0.0,-2.684869542611019,381.44253753637065,0.0,-0.1709296273419516,23.86273944480587,0.0,133.42,-0.1331283738504873,0.2989306612724123,-5.0530767413526645,1.566821393221752,-0.1251029666743272,0.21472704461423006,-4.850208596073074,-0.04089291239894801,-0.9174621863989358,0.21,1.5730165359702564,-2.77654227519069,381.57668906462595,0.0,-0.025515889512959893,22.999986291428872,0.0,1.5719057135015604,40.0,0.0848372392891776,0.04612220851662219,0.05373224361581555,0.17728605586872545,0.25325489648599175,0.0359422360362647,0.1255165351585126,0.12482640242175323,-36.311916293509476,0.08071359132921471
133.604,-2.672325319046422,880.406384042002,5.177,-0.03,23.78,-0.17,1.5681918142971139,0.20984363409657414,-0.07821208266851985,0.01622783455787769,-2.690314871849622,383.8262549826452,0.0,-0.19325511669637313,23.81222905895285,0.0,133.585,-0.10750991578488808,0.11768928427832341,-5.1102228394190305,1.5421935103080964,-0.09513391559071235,0.09946505114183188,-4.888016108841484,0.2733829822538836,-0.9059537520695997,0.17,1.5601565914558342,-2.779093864092628,383.8766876492784,0.0,-0.02551588950585091,22.999986291428872,0.0,1.5719057135012513,19.0,0.08730546483817742,0.04676425697943948,0.05390465437167265,0.17820815409331148,0.25364686844563156,0.03635685935874254,0.12580734526288276,0.1259590410865253,-36.19671441772681,0.08119073385626699
133.702,-2.6814155762517657,882.7808838428041,5.191,-0.04,23.71,-0.13,1.5678583139695712,0.0,0.0,0.0,-2.6966202554354894,386.20407810132485,0.0,-0.17572398209795737,23.74672401160631,0.0,133.618,-0.11596399564926166,0.10260687378160069,-5.0530367426241,1.5331480983564572,-0.06830751671243993,0.013988183747492633,-4.889423787128244,0.36206715963390723,-0.8560405469445804,0.14,1.5562800889978494,-2.7816454529927435,386.1766862339304,0.0,-0.02551588947500957,22.99998629142888,0.0,1.5719057134999104,42.0,0.07755113311798588,0.04402390474067094,0.05341141258836861,0.17441025760746187,0.25198247129254836,0.03470409132586454,0.12466775967652356,0.12146558948610274,-36.60451682365681,0.07920965600912672
133.8,-2.6905058312799213,885.1442864778086,5.201,-0.04,23.64,-0.09,1.5647212546926477,0.0,0.0,0.0,-2.703222067030693,388.57463350486415,0.0,-0.10076222842614342,23.669401162324743,0.0,133.717,-0.1373020031214044,0.003835723945753827,-5.067787288137133,1.553274456721467,-0.11202019874341718,-0.07401196747917577,-4.9159768088319655,0.040326915250409726,-0.8035184472167174,0.1,1.570782023838878,-2.7841970418882034,388.4766848185829,0.0,-0.025515889413623077,22.999986291428876,0.0,1.5719057134972414,43.0,0.07810097203884624,0.043205392979639164,0.0530943505473079,0.1736841264302709,0.25173637792498643,0.03471885835981937,0.12470706440909747,0.12108010865996,-36.64651535921671,0.07888178347592141
133.9,-2.699596085020204,887.4965919354042,5.207,-0.03,23.55,-0.05,1.5646651853483655,0.0,0.0,0.0,-2.7080227400915313,390.4651261558324,0.0,-0.09473216271527742,23.600455860585978,0.0,133.816,-0.11028817748824422,-0.07984855026821124,-5.144722563336521,1.5540878829022517,-0.09574221445238884,-0.14720892207840025,-4.945648808296253,0.1407487154292707,-0.7138610897968114,0.06,1.5659508955899124,-2.786748630777538,390.7766834032354,0.0,-0.025515889345888557,22.999986291428886,0.0,1.5719057134942964,44.0,0.07731206518126302,0.04286262019617754,0.05267421810710676,0.17349429937607438,0.25168856425420394,0.03457664697590133,0.12462884973958649,0.12076423288171467,-36.70312572188235,0.07880741749854439
134.0,-2.6995967917570454,889.837803005906,5.21,-0.03,23.46,-0.01,1.5661042519521453,0.0,0.0,0.0,-2.713329659151465,392.8202718280677,0.0,-0.13767461223655117,23.51002704119691,0.0,133.915,-0.09571313419282625,-0.14916250799576977,-5.0887106651050695,1.554764961746004,-0.08083032937903262,-0.21016330979257883,-4.970560546482634,0.1565007490216015,-0.6200745851224205,0.02,1.5652626491688666,-2.788789901884178,392.6166822709573,0.0,-0.02551588930021009,22.999986291423195,0.0,1.5719057134923107,46.0,0.07663844425685,0.04240896903414629,0.05214520909118078,0.17303293629947905,0.25149177920632637,0.034404742084557564,0.12450759899475235,0.1202654351619386,-36.7676993419635,0.07857721831763863
134.104,-2.7086870430974557,892.1790112658416,5.209,-0.03,23.37,0.01,1.5661211829308903,-0.02604451108330174,0.030393260578292766,0.003944443073168043,-2.7192266558487765,395.63444515137303,0.0,-0.1374466756209732,23.400893155142914,0.0,134.08,-0.10434377862373173,-0.22410236956848595,-5.202655816384085,1.5283464977118568,-0.08110374571853611,-0.24916095521965376,-5.019134589622208,0.29865767630339835,-0.4675142432153727,-0.01,1.5590663618766463,-2.7919156928994444,395.40335615565056,0.0,-0.0269510620229951,23.667202814889215,0.0,1.5719350777738001,24.0,0.07840743342709501,0.04268217690929652,0.05177156578191623,0.1734914332595435,0.25168774483469036,0.03477386785766497,0.12479165873421602,0.12087796715569434,-36.71557440203604,0.07880799919085585
134.203,-2.7086877410484362,894.4980293608716,5.206,-0.02,23.28,0.05,1.5647913213495654,0.0,0.0,0.0,-2.7237395791574435,397.9697118104434,0.0,-0.10296917890908089,23.313152356281236,0.0,134.179,-0.10949575328403718,-0.14797802392208506,-5.084802316499048,1.554255909237561,-0.0891974973243926,-0.22278845194107566,-5.035362157597175,0.18033066239918744,-0.23068534903945803,-0.04,1.5638464852639673,-2.7946440556338454,397.79923663476643,0.0,-0.027330882908597337,23.99991422073138,0.0,1.5719351171606706,24.0,0.07772343888336725,0.04241787185775201,0.05160025931397942,0.17302775838769935,0.25144343177546796,0.034557456947027845,0.12457446620949546,0.12037821558379,-36.757498714869,0.07854816957093617
134.3,-2.717777992501084,896.8170460333695,5.199,-0.02,23.2,0.09,1.5640246975843348,0.0,0.0,0.0,-2.72688725665376,399.8318510856989,0.0,-0.08626328908798638,23.24895042206032,0.0,134.212,-0.10693906519804544,-0.1394340681646576,-5.128422439320728,1.564957980131382,-0.08903435981879022,-0.2014093116588745,-5.051167490984367,0.09552277018406263,-0.049794265558727346,-0.08,1.5675368605823334,-2.796830528524502,399.71923172976125,0.0,-0.027330926975097394,23.999952917314772,0.0,1.5719351171606366,52.0,0.07906764318096461,0.04305207073223004,0.051451667031954924,0.1738796928234269,0.25179825778310133,0.03470863204099193,0.12466280306419467,0.12113446083784604,-36.71304284684008,0.07897431233710817
134.4,-2.7177786888729543,899.1360626933581,5.187,-0.01,23.14,0.12,1.5650776271384692,0.0,0.0,0.0,-2.7302077472068285,402.15286689899324,0.0,-0.10870741660750725,23.180111785411462,0.0,134.311,-0.08989287274458374,-0.08448920353882795,-5.046621192101424,1.5480330291851117,-0.0680759207228222,-0.10499312125209168,-5.066627474655579,0.19925496854503122,0.24792266357378523,-0.12,1.5627079659549874,-2.7995636226868594,402.11922829399947,0.0,-0.027330949602274064,23.999972789307556,0.0,1.5719351171605171,49.0,0.0822947615795717,0.044408663064516726,0.05196795516407273,0.1753647619942309,0.25237560799964964,0.035270582199815985,0.12506247145518273,0.12277610850022984,-36.54964553439288,0.07969588315515949
134.5,-2.726868944355374,901.4439835554431,5.173,-0.01,23.09,0.16,1.5652458058346548,0.0,0.0,0.0,-2.7331453656093307,404.46798440533695,0.0,-0.11775488197324985,23.129805005514445,0.0,134.41,-0.10245882441812523,-0.013439742823169778,-5.138109326575187,1.5659182869358081,-0.08744750552606056,0.005666561932218175,-5.092655806092914,0.03641632258369948,0.5078733587100075,-0.16,1.5696773648639664,-2.802296718195812,404.5192260498113,0.0,-0.027330957884518677,23.999980063093634,0.0,1.5719351171604723,50.0,0.08315049245844053,0.04491518988948781,0.0523764872523378,0.17575030318481893,0.25250419043583766,0.03532358358033183,0.12509726043424535,0.12321829047810788,-36.49098021827784,0.0798717336281726
134.6,-2.7268696349816537,903.7519029831338,5.155,-0.01,23.07,0.19,1.5661583999779563,0.0,0.0,0.0,-2.7359181651592452,406.7792867703859,0.0,-0.12993104112403642,23.102445616798043,0.0,134.509,-0.09922294135075065,0.11937880672246734,-5.102346967735464,1.5504519253705211,-0.0757913684119669,0.14778285211221037,-5.1110849135050405,0.16507107911707594,0.774948441322632,-0.19,1.5642931089996477,-2.8050298141977423,406.9192242417775,0.0,-0.027330960914506625,23.99998272553132,0.0,1.5719351171603901,51.0,0.08227201352633522,0.04401225047501705,0.05230980286383146,0.17447395571039248,0.251968784734376,0.03492657404591165,0.12482206958682875,0.12217192220948002,-36.56251759459249,0.07922595363038963
134.7,-2.7359598906385827,906.0487266034431,5.133,-0.01,23.08,0.21,1.5666031628523507,0.0,0.0,0.0,-2.7387331050926145,409.08947150924166,0.0,-0.14737163395063868,23.105000734568655,0.0,134.608,-0.09813620584855252,0.15779245657113686,-5.012644262128689,1.5377304958784555,-0.07160523426240473,0.24857247967629195,-5.119162789746856,0.14776829407650668,0.882213507375905,-0.21,1.5650445922091503,-2.8077629103801693,409.3192225933906,0.0,-0.027330962026884974,23.999983700077614,0.0,1.5719351171604974,52.0,0.08502697478257301,0.04584415968473232,0.05305626663588666,0.17683078032053007,0.25298361014467485,0.035569816437976444,0.1252645532540816,0.12437249286119023,-36.3833610448704,0.08043786167424992
134.803,-2.7359605792737796,908.3566445571169,5.108,-0.01,23.12,0.23,1.5662696250390746,0.0,0.0,0.0,-2.7422306282690703,411.8647052547445,0.0,-0.13590841505762288,23.15138332746579,0.0,134.707,-0.08980419568225301,0.27549497049094746,-4.994169859558329,1.5564963858276748,-0.07226082422171186,0.36767993858604014,-5.127745837612018,0.1318461439827317,0.9706399028202739,-0.23,1.565736448626261,-2.811042625882702,412.1992206886502,0.0,-0.027330962483572294,23.999984094292397,0.0,1.5719351171608207,53.0,0.08753325169073135,0.04689877503068182,0.05377426506372001,0.17799857808014286,0.25345556373998207,0.035984514138364176,0.12555684332376318,0.12573585958658162,-36.242126106538656,0.0810247671202565
134.9,-2.7359612724676765,910.6645639130463,5.081,-0.01,23.2,0.23,1.5664000888962788,0.0,0.0,0.0,-2.7445101781270065,413.71927353889043,0.0,-0.13864746806737016,23.207412508177264,0.0,134.806,-0.088618419805186,0.39372188341867037,-4.92951949328117,1.535007761932376,-0.05420075888126195,0.48767847453224944,-5.128497158127333,0.281386981014331,1.0268080734984188,-0.23,1.5595856124049925,-2.813229102902615,414.1192194348782,0.0,-0.027330962588630846,23.99998418735644,0.0,1.5719351171607823,54.0,0.08342969240218123,0.04577326558380656,0.05382356789838182,0.17643338479917162,0.25278868882745786,0.03511132594535545,0.12490108165054994,0.12381662775575622,-36.40332470539041,0.08021369682140483
135.0,-2.745051564702891,913.0612480465304,5.055,0.0,23.3,0.21,1.5654844102126098,0.0,0.0,0.0,-2.747565409813026,416.5114685005628,0.0,-0.11520256396095074,23.324362631761563,0.0,134.905,-0.10642115131894295,0.5064406332922822,-5.0331984311694615,1.568737213034353,-0.09153084521861267,0.6042457050085972,-5.1270550826307115,-0.019182996155946486,1.0475232406240877,-0.22,1.5715851814815762,919.6559999995005,7.674776585219485e-08,0.0,23.999999999978172,2.3231311861883813e-09,0.0,9.679713275793726e-11,56.0,0.08608529769816738,0.04563580987485012,0.05388426965646941,0.1765031028242013,0.2528807697177171,0.03547238080655093,0.12521402160053643,0.1244356901441869,-36.33852933196542,0.0802859764060601
135.1,-2.745052088051608,914.8032825895602,5.038,0.0,23.39,0.19,1.5649063005719823,-0.24117648582186343,-0.16445686737129778,0.04979857132030102,-2.7491258718081273,418.38171535644636,0.0,-0.11171858458238793,23.420978360266517,0.0,135.037,-0.08593542032876816,0.6142246804187579,-4.942597478639093,1.5707552956434814,-0.08047492486104468,0.6995959512262342,-5.115066502305403,0.06962617701991634,0.9936790699279534,-0.19,1.5679408927323129,-2.8186952954707287,418.91921631627906,0.0,-0.027330962659394158,23.999984252635432,0.0,1.5719351171606333,23.0,0.07244203939766347,0.041951408770283534,0.05302020741302126,0.17151924367054722,0.25070197131461797,0.03246001802163609,0.1229431382367816,0.11825790954384927,-36.9001464490172,0.07773237863483161
135.2,-2.74505297287908,917.7325655351152,5.012,0.0,23.57,0.15,1.5675764836512993,0.0,0.0,0.0,-2.7507224783894255,420.7312715028467,0.0,-0.16597503090894178,23.55763855023876,0.0,135.136,-0.08449923997311752,0.6855922647409545,-4.967938634686781,1.5649490661308878,-0.07528858849324009,0.7731593150520375,-5.105306310905377,0.09550089141546467,0.8868679503357875,-0.16,1.5668850796757745,-2.821428391757076,421.3192147594614,0.0,-0.02733096267303342,23.999984259053047,0.0,1.571935117160897,25.0,0.07349437383480252,0.04227346663593247,0.05280417975626487,0.17230870113278474,0.25109860452335137,0.032800961568150724,0.12320152867915422,0.11897206779483842,-36.87244187330862,0.07816229722472239
135.3,-2.745053684628232,920.0959636940441,4.999,0.0,23.72,0.11,1.5679346549466737,0.0,0.0,0.0,-2.7528540080874406,423.56999700585783,0.0,-0.1774818467835747,23.7392766851828,0.0,135.268,-0.09471783731536236,0.7357914021685763,-4.917946531552358,1.536541749913043,-0.06449693936994452,0.8021192130970656,-5.06974773244389,0.2813618649314825,0.6837842674974404,-0.12,1.559248475487102,-2.824708107301076,424.19921289176136,0.0,-0.027330962664710818,23.999984261628057,0.0,1.571935117160428,32.0,0.08252192480888793,0.04313336813488132,0.052345624379657896,0.17403140373409615,0.25194140266349124,0.034679211928093506,0.12469849290060835,0.12192418164586327,-36.6162909346038,0.07909492041374311
135.41,-2.7450544126919567,922.4815562904275,4.991,0.0,23.88,0.06,1.5665615518253784,0.05050044012421388,0.07161223072329598,-0.03388608119613688,-2.7548479607205434,425.9526259754802,0.0,-0.14404278067167217,23.895985890442933,0.0,135.367,-0.09686611917458461,0.8099931279737863,-4.861347122856104,1.5396217425489582,-0.07314926640437258,0.8399806406707084,-5.031231514886091,0.17214827245717176,0.49053809717147345,-0.06,1.5637326580065973,-2.8274412035877923,426.5992113354827,0.0,-0.0273309626723252,23.999984262338597,0.0,1.5719351171607117,43.0,0.07846841794013246,0.04281472971200197,0.052102270422229605,0.17334642918967502,0.25154900017477216,0.03369876054148968,0.12386614100380741,0.12050935162843653,-36.70345003136785,0.07868479729093035
135.505,-2.7541447217404595,924.8671474199855,4.989,0.0,24.03,0.0,1.5653571319442727,0.0,0.0,0.0,-2.756525713852488,428.3507385376229,0.0,-0.11898980365168589,24.048562066957764,0.0,135.433,-0.09405781108947643,0.7947290250518944,-4.923077676834423,1.567598461827515,-0.08224958335512463,0.8560288512065439,-5.022138443897058,0.033783903424902915,0.3767502927127069,-0.01,1.569409852136958,-2.830174299875171,428.999209779246,0.0,-0.027330962675179024,23.99998426261713,0.0,1.5719351171608174,27.0,0.07507412386367422,0.041748052266245304,0.051557052263486655,0.17191869590752598,0.2509035821408762,0.03308129549344326,0.12337617764224616,0.11886185243482675,-36.889257941668596,0.07794925987640813
135.6,-2.754145279176271,926.6757609248962,4.991,0.01,24.14,-0.03,1.5658804542061429,0.11487019586031817,-0.09096076241784516,0.03107596498136558,-2.7574690708626726,430.27986137239236,0.0,-0.13631200280848968,24.162809927134777,0.0,135.532,-0.10041488942809933,0.7746747107144233,-4.939297695864454,1.546912536937185,-0.08528544978118988,0.8319017821743553,-5.00233598822131,0.04715475107470113,0.16295008228265573,0.03,1.568444569271166,-2.8323607769049035,430.91920853426865,0.0,-0.02733096266820406,23.999984262673976,0.0,1.571935117160524,28.0,0.07277791972311727,0.04151278968039013,0.051423025155293824,0.1714458448228073,0.25065177954325507,0.032598906886610955,0.12300338176188692,0.11807677777266387,-36.98878976507642,0.07768688330263453
135.7,-2.754146019385928,929.0946408366071,4.997,0.01,24.27,-0.07,1.5673917537231485,0.1689598806729224,-0.054455499197440284,0.01949474821577856,-2.7585021772400022,432.7035186075419,0.0,-0.17318047548811802,24.29324110770574,0.0,135.664,-0.08670343712351113,0.7499195422955897,-4.9427906091889255,1.5629221201654218,-0.06921093521356533,0.7640067196149162,-4.972666578670518,0.2221842311421815,-0.0964663056702193,0.07,1.5611917280424243,-2.8350938731913384,433.3192069780528,0.0,-0.02733096266194851,23.999984262730823,0.0,1.5719351171602607,36.0,0.07299962150672137,0.04182977557553222,0.05153716200945526,0.1717150623419453,0.25074923686272776,0.032714751044420724,0.12312440298979517,0.11832586990264324,-36.957937359728476,0.07781098681306817
135.8,-2.7541467641462987,931.5135222027756,5.007,0.0,24.39,-0.11,1.5673479990244399,0.25019067348560065,0.08624425530835778,-0.022261166318544183,-2.759810174975984,435.13949765469897,0.0,-0.16776382376113738,24.409601216573154,0.0,135.73,-0.09873223271994759,0.7010627584097551,-4.942521794003236,1.554854418679696,-0.07554578910487052,0.7172296216449632,-4.960084420109187,0.10946636151642741,-0.2515316683455673,0.11,1.5662614238504806,-2.837826969478085,435.71920542183926,0.0,-0.02733096267914542,23.999984262730813,0.0,1.5719351171609772,30.0,0.0729324323922557,0.042176090641628514,0.05175042745891124,0.17201964559483734,0.2508671833736386,0.03278470042767642,0.12317158406881418,0.11854724692719155,-36.93445201931467,0.07795603772084417
135.901,-2.754147515821927,933.9545951276576,5.019,0.0,24.49,-0.15,1.5664044661123788,0.2595925794909198,9.422325330698226e-05,0.0011079469221804594,-2.76166060775595,438.07659354654425,0.0,-0.15195889860642925,24.52563016390747,0.0,135.862,-0.09532642739736909,0.6628377967839955,-4.908545251780438,1.5691768754304356,-0.09564347028378525,0.6467690008247066,-4.92503896115932,-0.04257363667215823,-0.41256529850616985,0.15,1.5725645214896788,-2.841106685024159,438.599203554383,0.0,-0.02733096269190323,23.99998426273082,0.0,1.5719351171615088,39.0,0.07518570993244582,0.0441396158850355,0.0533317729702907,0.17356856843578597,0.25135614205023254,0.03292352012914697,0.12318918419306026,0.12001096605174986,-36.65803325904785,0.07862558478467427
136.0,-2.7541482747379007,936.4067653020875,5.035,0.0,24.57,-0.17,1.5674993182208876,0.2867616309610057,-0.11164278940690642,0.028716503330973888,-2.7630101174716337,440.04147858245864,0.0,-0.18220798564702556,24.584980545269836,0.0,135.928,-0.10097742440402199,0.5941333777384665,-5.005943936703603,1.5590153467812244,-0.09620946807643269,0.5763140669462777,-4.918915199276624,-0.0007394408356139402,-0.5278882168378054,0.17,1.570827082863334,-2.843293162056006,440.5192023094122,0.0,-0.02733096270776254,23.99998426273081,0.0,1.5719351171621696,32.0,0.07165867596245316,0.041661002783665434,0.052633678426004624,0.17090168803160413,0.2503930069886795,0.032596653306590735,0.12308434312617732,0.11775725134876179,-36.95115294426007,0.07739844242914212
136.1,-2.7541490340842643,938.8589354850558,5.053,0.0,24.62,-0.2,1.5693004247176017,0.29159876834344234,-0.0541491666053708,0.015356013052488687,-2.7658504778887623,442.9962823038102,0.0,-0.22990201329924728,24.648176296181333,0.0,136.06,-0.10167233141251042,0.5238619695183031,-5.0225071524127305,1.5457969698721776,-0.07698008060726377,0.5015383453374924,-4.930250666260493,0.27635641512254644,-0.608268816385106,0.2,1.5592876100050024,-2.8465728776057055,443.399200441956,0.0,-0.02733096272319022,23.999984262730816,0.0,1.5719351171628124,40.0,0.07157764706698976,0.04127476728165763,0.052215517449235624,0.17091331528008633,0.25050105947876367,0.03247925367145604,0.12297544059017931,0.11769342928370977,-36.992421577643974,0.07746687350255174
136.2,-2.763239398683851,941.3222014501646,5.071,-0.01,24.66,-0.2,1.5689412187228464,0.28667687399103053,0.17023737780253173,-0.032987628824486116,-2.7685530292618616,444.9695164363818,0.0,-0.20827881769897988,24.674148714179353,0.0,136.126,-0.11326641526217203,0.47510942928945493,-4.968039024427232,1.5588807626470256,-0.08793037239965479,0.4314791431146157,-4.914083510257379,0.09796055573511703,-0.6503221982937752,0.2,1.567132797323911,-2.8487593546397534,445.31919919698515,0.0,-0.027330962740658927,23.999984262730816,0.0,1.5719351171635403,34.0,0.0744300366085031,0.04272611506782848,0.05256894715336214,0.17292250832911935,0.2513597349635165,0.03313900399493381,0.12340902056068452,0.11954073565243271,-36.82358235804541,0.07846934839122237
136.3,-2.763240160555597,943.7743716439797,5.09,-0.01,24.67,-0.2,1.5669171538346,0.2422729384909003,-0.005706186313288441,-0.0023088001392005263,-2.7724441136920897,447.43799253816894,0.0,-0.1657154462467382,24.688745322663156,0.0,136.258,-0.1090870875138931,0.3577266350052343,-4.975044551439717,1.5579635510023424,-0.09368554389357639,0.3322240014593091,-4.920913472458,0.0799555200948799,-0.7243648868267094,0.2,1.567874904132794,-2.8514924509348125,447.71919764077165,0.0,-0.027330962763616577,23.99998426273082,0.0,1.5719351171644969,42.0,0.07456244900245035,0.04360801514435271,0.05282309743813617,0.17390723086709808,0.2517201129285033,0.033105484178910294,0.12332790315131009,0.12016398238805155,-36.758043570278346,0.07893030690827643
136.4,-2.77233053317633,946.2376376226396,5.11,-0.02,24.67,-0.19,1.5673878440309803,0.2703242947369574,-0.03062107220251846,0.002867132783368046,-2.7764963951272765,449.90688298570467,0.0,-0.17838856897694977,24.684841387601377,0.0,136.357,-0.106195716358889,0.30040985808684284,-5.0782865991327055,1.5466495576349306,-0.08605039257708931,0.25446206556035456,-4.9225478768971485,0.17198564239553113,-0.7307755665489708,0.19,1.5644475998000922,-2.854225547231823,450.1191960845581,0.0,-0.027330962787293644,23.99998426273081,0.0,1.5719351171654834,43.0,0.07453071772450881,0.04368373011165766,0.05293185929243935,0.1738180528600708,0.2516373447478895,0.03312357415727194,0.12334467554467202,0.12011002681116043,-36.752275460097636,0.07885857013182483
136.5,-2.7723312960163753,948.7009021166557,5.126,-0.02,24.65,-0.17,1.5674294559892752,0.22673441428257732,0.03786768661966709,-0.0058631836527007555,-2.7807353402047976,452.3744716316618,0.0,-0.17665278761022138,24.664321758596046,0.0,136.423,-0.0985775817816075,0.238528300564245,-5.001572859195028,1.5337741315200537,-0.0641360387243511,0.18095716156824618,-4.914704228469329,0.2967467859002973,-0.7094463465707825,0.17,1.5592370928743282,-2.85695864353058,452.51919452834454,0.0,-0.02733096278963312,23.99998426273082,0.0,1.5719351171655809,37.0,0.07293260106731325,0.04234329072955498,0.0525509130671405,0.17202987278993495,0.2508707605849011,0.032649737602345914,0.12302413439892021,0.11860507569111524,-36.87585604700742,0.07795927830270827
136.6,-2.7814216792001503,951.1641681030716,5.14,-0.02,24.61,-0.14,1.566126650260065,0.16967781312514635,0.12355688958140834,-0.01854398740791567,-2.784955503041617,454.8391940644683,0.0,-0.1416867736269263,24.629836461623796,0.0,136.522,-0.10288570384156157,0.17063032155995658,-5.113261531037116,1.5637061128907672,-0.08840773531729847,0.11439719585508543,-4.924958297560895,0.04667455720159649,-0.6589584967835513,0.14,1.5696826154696755,-2.859691739829689,454.919192972131,0.0,-0.027330962782124456,23.999984262730823,0.0,1.571935117165268,38.0,0.07431586750137373,0.04399609199335711,0.05388330594252846,0.1734126333037218,0.25132731205699715,0.03284556115028178,0.12314358639838639,0.11984244786592586,-36.65976162871155,0.07856838448153067
136.706,-2.781422630291871,954.2266046772943,5.157,-0.01,24.56,-0.1,1.565745970760707,0.0,0.0,0.0,-2.789268661797367,457.79136074727,0.0,-0.14009234774329296,24.57441554173161,0.0,136.687,-0.08996668420406226,0.05237465505942665,-5.083210457153683,1.5518638622127032,-0.08339987766728929,0.043223053478884096,-4.949351181105644,0.12539143927380206,-0.6228706638596186,0.11,1.5659777723626747,-2.8629714553880112,457.7991911046747,0.0,-0.027330962797381585,23.999984262730813,0.0,1.5719351171659037,19.0,0.07869857586476584,0.043861151157782545,0.053656368264667735,0.1739918705788225,0.2517559867796382,0.033952470599241454,0.12402749378749663,0.12118610966128873,-36.569790468283635,0.07896626988062962
136.8,-2.790513010917408,956.6787733879544,5.167,-0.01,24.5,-0.06,1.5669195105463753,0.0,0.0,0.0,-2.791696004411694,459.755512117563,0.0,-0.16829502238963134,24.53247145890747,0.0,136.72,-0.0917908741691014,0.037413171101165495,-5.026328296627869,1.5697760853921046,-0.08073875272611428,-0.014975047885714503,-4.949751300221987,0.07173297331566263,-0.5751346651977194,0.07,1.5682182026050788,-2.8651579324287657,459.7191898597039,0.0,-0.027330962832734652,23.999984262730806,0.0,1.5719351171673768,41.0,0.0757711482036552,0.04165966938374458,0.05244179890770733,0.17186302520022648,0.25098880408815105,0.03378161900539725,0.12405593257471165,0.11929028862412078,-36.835251202398574,0.07798012130234247
136.904,-2.7905137725072393,959.1198463204963,5.173,-0.01,24.45,-0.02,1.5672453556351853,0.0,0.0,0.0,-2.7952346318882286,462.6952293136816,0.0,-0.17472453859754072,24.46546439672611,0.0,136.885,-0.08487845908837892,-0.06016460722087445,-5.108578933617596,1.565429469450038,-0.07781522212139108,-0.07937535507646719,-4.989589837721292,0.09341929937301396,-0.5283419800811373,0.03,1.5673106108679369,-2.8684376479941007,462.5991879922476,0.0,-0.02733096284983034,23.999984262730816,0.0,1.571935117168089,19.0,0.08697905779764478,0.04439238757037369,0.05233806767013015,0.17599783458442517,0.2528129943901156,0.03562833943433041,0.12532260225530947,0.1241400950148011,-36.40810440953846,0.08010516371651141
137.003,-2.790514528848661,961.5609177393815,5.174,-0.02,24.39,0.0,1.5674855216082673,0.0,0.0,0.0,-2.7983235067279937,465.13866888266074,0.0,-0.17971008980670475,24.406620558177366,0.0,136.984,-0.09641498733156693,-0.08428195256133975,-5.040100505984141,1.5687722174732275,-0.09380904591351229,-0.10752577490839968,-4.998823348283937,-0.021707276967991577,-0.41561564026567765,-0.0,1.572535259689861,-2.8711707442994823,464.99918643603405,0.0,-0.0273309628696758,23.999984262730813,0.0,1.571935117168916,19.0,0.08175960384375117,0.043314966127213535,0.05180278808737194,0.17431846640119533,0.2519969394563507,0.034706794693272466,0.12467361125305645,0.1218818041295055,-36.6200705653345,0.07919157116038632
137.1,-2.7996049081484955,963.9908933674576,5.172,-0.03,24.33,0.03,1.5683508597456406,0.0,0.0,0.0,-2.801756587603133,467.5761477523899,0.0,-0.20290544908169217,24.346610131083015,0.0,137.017,-0.1024305409248299,-0.11324579716616757,-5.062162433531487,1.5355886236460874,-0.07894440599610619,-0.14831799389845068,-5.006777463227195,0.14752056179146525,-0.3660479504180998,-0.02,1.5654794649241561,-2.873393402108201,466.9329805573504,0.0,-0.028565201670688916,24.46150856712886,0.0,1.5719640875079304,43.0,0.07662435304435569,0.04177171010270769,0.05119416296006038,0.17210623630276664,0.25101107506635895,0.03380876905339337,0.12409719411672701,0.11940727239837529,-36.8748629128933,0.07805782788545715
137.2,-2.799605469938598,965.8105996216714,5.167,-0.03,24.29,0.05,1.5686514310680815,-0.02813913732656079,0.027489650294447235,-0.009915508109523432,-2.8048998465844286,469.52186664148684,0.0,-0.20627975473784185,24.299634606287373,0.0,137.116,-0.10389659851908355,-0.12713616334753167,-5.1579243748410235,1.5555266533052716,-0.07609211479636688,-0.1809531804039599,-5.038700930033059,0.13216299575302934,-0.2970415110674054,-0.05,1.566538311745573,-2.8762986826521537,469.42074268933953,0.0,-0.02919812655777891,24.999897108261052,0.0,1.5719642561329794,44.0,0.08565417979695417,0.043886518114229216,0.051499906357146734,0.1750244140154155,0.25229563440083186,0.03529754477114301,0.12510778347466195,0.12309941213564593,-36.51362650159306,0.07955621340213904
137.3,-2.808695848164234,968.2294779270236,5.159,-0.04,24.23,0.07,1.5677207045399137,-0.031946555017552766,0.020364971280913434,-0.005495530755688661,-2.8102317496718388,472.433529741153,0.0,-0.1824594981750619,24.23181364379231,0.0,137.281,-0.09966620764377615,0.03908125930464192,-5.151253478574264,1.5694937853693616,-0.09395833947583558,-0.03597173255956425,-5.072993998794026,0.011308158225266929,0.16336182025161605,-0.07,1.5719725414042078,-2.879802463208602,472.42073491114286,0.0,-0.029198197342271026,24.99995771234247,0.0,1.5719642561331064,19.0,0.07943120814877684,0.04243664718059449,0.0513584527920154,0.17270987487269934,0.25123915789306983,0.0342616956979152,0.12439830842305308,0.12034649479307014,-36.75763915560463,0.07834645928605982
137.4,-2.808696598746451,970.6483562204282,5.148,-0.04,24.18,0.1,1.5680817813288908,-0.3439294099967713,-0.04556480555756395,0.018562519764159537,-2.814088961110982,474.37035057682345,0.0,-0.19826884017342256,24.19296875596157,0.0,137.314,-0.10242848562546546,0.03682927744950579,-5.111997746180891,1.5593869207620066,-0.09287438748690907,0.016007348031297646,-5.085437682759718,0.025925413976092812,0.3199452426352458,-0.1,1.5713708009145821,-2.88213831978476,474.42073219386066,0.0,-0.029198214051862466,24.99997201961523,0.0,1.5719642561330944,47.0,0.08043561894884255,0.042588429842381946,0.051387370061859027,0.17291628152532565,0.25135358295835303,0.03435592063832804,0.12446732777034518,0.12067543400174231,-36.738892817332086,0.07846709356088674
137.5,-2.8177869803980684,973.0561387141106,5.135,-0.05,24.15,0.13,1.5694770605212562,-0.3599772354944845,-0.026401597628456404,0.009686474659183038,-2.8193966268670434,476.7877473318731,0.0,-0.2283469980607371,24.15973664410159,0.0,137.479,-0.09163589981576141,0.20598469049641954,-5.064698023105381,1.5468140409519067,-0.07660659305953109,0.17616217930067318,-5.091128911240457,0.2258124615911925,0.6700046308194096,-0.13,1.5637129469254831,-2.885058141660806,476.92072979386205,0.0,-0.029198222636573155,24.99997936687167,0.0,1.5719642561332396,21.0,0.08226977985358287,0.04409748878840228,0.052086349932530994,0.1746747229034213,0.25207904788007207,0.03469944722884327,0.12467398092616108,0.12222865140336907,-36.601430477552796,0.07934083946288917
137.6,-2.826877369701606,975.4639211928281,5.12,-0.06,24.14,0.16,1.569759846260075,-0.4703523991367425,0.1510741466514039,-0.017457692508714814,-2.825469010015119,479.20321574415,0.0,-0.22743902241701602,24.152957715924995,0.0,137.512,-0.08455906047793281,0.2120613058469338,-5.145187095000437,1.541701705067659,-0.04336451491907594,0.26556665732959317,-5.112314897018946,0.3625047599796213,0.7854676956353899,-0.16,1.5586605501324318,-2.8879779640479564,479.42072783442364,0.0,-0.029198225777149332,24.999982056224805,0.0,1.5719642561332237,49.0,0.08440989811265327,0.04392292451834156,0.05217322085369625,0.17441171669115746,0.25197890645047133,0.03474153141880525,0.12468849571275452,0.12244331035544641,-36.551114929163205,0.07921479709536455
137.7,-2.8268781173515265,977.8717021189859,5.101,-0.06,24.16,0.2,1.5672508646410444,-0.4596330724668507,0.19156684515717443,-0.04756160361001568,-2.831945519717293,481.6195601729093,0.0,-0.1629464328170392,24.175373120633132,0.0,137.611,-0.09081384264442215,0.3153204031320628,-5.036623942386008,1.5323781541639032,-0.038641098121677334,0.39463498112125667,-5.111126681489161,0.3412724608945562,0.9364283405451701,-0.2,1.5595891270725002,-2.8908977866219865,481.9207260362443,0.0,-0.029198226926861998,24.999983040593676,0.0,1.5719642561332252,49.0,0.08491652409451987,0.04405983987408977,0.05234321299085574,0.17458901300161359,0.2520646206939106,0.034741361043735174,0.12468878321089848,0.1226640487924599,-36.52490665473125,0.07931106797601956
137.8,-2.8359686988075623,980.9008450823633,5.072,-0.04,24.24,0.22,1.5645218236048264,0.0,0.0,0.0,-2.8377673905082097,484.0398835837111,0.0,-0.1081562997670538,24.230197509925876,0.0,137.776,-0.08704474608956768,0.43484465679563855,-5.012843014074897,1.5396614950913479,-0.06311375464477567,0.4963292562406168,-5.1046314310551235,0.18575639549397643,0.9625677890051847,-0.22,1.5650084036134395,-2.8938176092646146,484.4207242970908,0.0,-0.029198227346639148,24.999983400907063,0.0,1.5719642561331835,24.0,0.08534004726082918,0.04400552369028609,0.05240799025237816,0.17457683396020013,0.25207481038009966,0.03473723607152203,0.12468862220175848,0.12273871628422223,-36.51392041868136,0.07931424174538786
137.9,-2.8450589038303065,982.709453906047,5.055,-0.03,24.3,0.23,1.5643844390895703,-0.3079939052492072,-0.034394160062925755,0.016934474501482347,-2.8419573959045996,486.46728343805347,0.0,-0.10391264273078737,24.313850295092465,0.0,137.809,-0.07037706473081333,0.514032546027653,-5.033479753651573,1.5663698866745512,-0.05317332675777026,0.5996794402756327,-5.119641249342635,0.13243216267331595,0.9783907957374325,-0.23,1.5667441858631306,-2.896737431931938,486.9207225795429,0.0,-0.029198227494893113,24.99998353280653,0.0,1.5719642561329517,52.0,0.08442092836899308,0.04316598101279619,0.05186269723317245,0.17378187236658083,0.2517900677277099,0.03455876931082202,0.12459573279209935,0.1219967169636176,-36.603061557284335,0.07894541230411434
138.004,-2.8450598375933964,985.7053094676965,5.027,0.0,24.44,0.2,1.5657983422887067,-0.19313032476477057,-0.0421190698318161,0.020282788899738457,-2.8446311599495564,489.3933778126276,0.0,-0.1374536192960665,24.4475566629353,0.0,137.974,-0.0642094458341164,0.6101809101638567,-4.993599372150762,1.5470713719466076,-0.04641081444701508,0.6839974852123277,-5.104182653199823,0.21607280021351807,0.8821915628418573,-0.2,1.562263591555928,-2.900241219143864,489.9207205284086,0.0,-0.029198227560569927,24.999983586159768,0.0,1.5719642561330862,30.0,0.08810473568991634,0.044273754483351475,0.05211288868000855,0.17523627373013562,0.2523974069225027,0.03517677130543978,0.12502078292757765,0.1237181670089432,-36.44163020941222,0.07967478885341443
138.102,-2.8450606005876296,988.1463776225253,5.006,0.0,24.57,0.17,1.5658020894650857,0.0,0.0,0.0,-2.8452766682951807,491.8453209270524,0.0,-0.13623185762320134,24.57878198665899,0.0,138.073,-0.07684896528133621,0.6851288759598742,-4.907750662029275,1.5545356605647507,-0.06038136855241816,0.7428236150351433,-5.087937880561206,0.09354463658887166,0.7950890823139325,-0.18,1.5671040480273357,-2.903161041823922,492.42071882196836,0.0,-0.029198227578178786,24.99998360060936,0.0,1.5719642561331155,29.0,0.08444790657486101,0.043528574409763314,0.051928853251773564,0.1741344021748283,0.2518832998371978,0.034466142447164914,0.12445591602233627,0.12216796828087462,-36.57960005289429,0.07908906908255194
138.2,-2.845061174931402,989.9771794995629,4.993,0.01,24.67,0.13,1.565661555682544,-0.037230112423760675,-0.07072962385089245,0.017749613865945296,-2.8449141661325124,493.81669556193646,0.0,-0.1360245220614852,24.69052468516971,0.0,138.106,-0.070369697240515,0.7338477702778529,-4.919076150809366,1.5464528607274626,-0.04676922720416529,0.810398625831101,-5.085060123026711,0.1588092699851691,0.7228589307850193,-0.13,1.564148521453606,-2.905496899968994,494.42071745747376,0.0,-0.02919822758591662,24.999983605219366,0.0,1.5719642561332097,54.0,0.08443838858946062,0.043155742248653164,0.05163198242482253,0.1737867248918251,0.25175790106691764,0.03448237701078848,0.12450961084429164,0.121933665180892,-36.61659929369718,0.07892890476815687
138.3,-2.8450621411544716,993.0618027540784,4.978,0.02,24.85,0.07,1.5662190076571443,0.0,0.0,0.0,-2.8435545748807436,496.2936852536695,0.0,-0.14950050576228296,24.833489543809886,0.0,138.205,-0.07973885549718966,0.7744494469681276,-4.935169850994741,1.593591649373877,-0.08370287653042835,0.8407917333273109,-5.063976283946456,-0.1258588831365332,0.5775094776646412,-0.08,1.5749660256670024,-2.9084167226495765,496.92071575217653,0.0,-0.02919822757316968,24.99998360758974,0.0,1.571964256132589,55.0,0.08500926066578152,0.043218656022829594,0.051498623336822535,0.17392083570650002,0.2518192066819891,0.034586104860498096,0.12459992446980597,0.12212924460704683,-36.60365469999469,0.07900036681505804
138.4,-2.8450629232431766,995.5361613053019,4.972,0.02,24.99,0.01,1.5678996972881742,0.0,0.0,0.0,-2.841154495375574,499.28495598922467,0.0,-0.19637666262602718,25.003461511445032,0.0,138.304,-0.06858928789332895,0.7952659220323853,-4.917841398726196,1.5467120757980444,-0.05850907605667344,0.8446621174604464,-5.035896826524246,0.11049696135233522,0.4004980465826584,-0.03,1.5652542059800838,-2.911920509865708,499.92071370599706,0.0,-0.02919822757415625,24.999983608539026,0.0,1.5719642561325842,56.0,0.08704335117512928,0.043336024276020346,0.051604509837924965,0.1740508229361374,0.2518646730254368,0.03493352254538901,0.1248338218394447,0.12265091797488947,-36.53836952926031,0.07906122356394413
138.5,-2.8359740496804307,998.0216156285252,4.971,0.02,25.12,-0.02,1.5688314629395046,0.0,0.0,0.0,-2.8396628326079485,501.2903276928811,0.0,-0.21839296042398454,25.11278420632205,0.0,138.436,-0.08890114661784407,0.7599433414189231,-4.941595835390424,1.5382839537760338,-0.059372334890419015,0.8253307644896585,-5.020046358959222,0.1101484763809371,0.2054222043745817,0.01,1.5656491979081983,-2.9142563680095357,501.9207123419165,0.0,-0.02919822756577544,24.99998360874934,0.0,1.5719642561322391,24.0,0.0766411878615264,0.043122419189805375,0.05180348086671185,0.17308505413248113,0.2512804859140304,0.03261195177593089,0.12292213772808479,0.11969072525102789,-36.78009009148482,0.07847137159380663
138.601,-2.835974836850994,1000.5181657173036,4.974,0.02,25.24,-0.05,1.568033489459429,0.0,0.0,0.0,-2.83807235260338,504.3142188624116,0.0,-0.19639339910619105,25.266363990941084,0.0,138.568,-0.09804872890997371,0.7641625637631118,-4.936302079184305,1.568102724466242,-0.09378843431659196,0.792270687499947,-4.992840557464904,-0.0370504107568114,0.01634451774885548,0.05,1.5714722236989604,-2.9177601552248023,504.92071029581575,0.0,-0.02919822756067112,24.9999836089085,0.0,1.5719642561320275,33.0,0.08600589545778817,0.04392765195295809,0.05191207771716386,0.1745035275995281,0.252003182288696,0.03497991496359544,0.12489902244143787,0.12280196175850527,-36.526985423215116,0.0792577574122104
138.7,-2.8359756313356,1003.0258131527033,4.98,0.01,25.35,-0.09,1.5686816098776202,0.0,0.0,0.0,-2.837366951942227,506.3398571098439,0.0,-0.20932839473548626,25.358169615137477,0.0,138.634,-0.08896711163382319,0.7089640096617217,-4.924133592536338,1.5637722837456005,-0.08742790057610401,0.7467262744235965,-4.979440353969515,0.026329833176798635,-0.14965710283880895,0.08,1.5693529691061752,-2.9200960133682203,506.9207089317538,0.0,-0.02919822757233956,24.999983608908497,0.0,1.5719642561324942,26.0,0.07465984291405556,0.042059395522569466,0.05164731722751862,0.17174483680025648,0.25075697277155995,0.03257114332638839,0.12299377002560641,0.11857422547627883,-36.916942939100274,0.07782940067971271
138.8,-2.8359764295117316,1005.5445563644674,4.99,0.0,25.44,-0.13,1.5694383634862041,0.0,0.0,0.0,-2.8370988043916308,508.88158803179397,0.0,-0.23323689443633694,25.45950601656471,0.0,138.733,-0.10285536882053753,0.6795364678966023,-4.988765366131555,1.5353554607143636,-0.07522733062352543,0.6815520748922639,-4.9658835227350036,0.1724525466394203,-0.31554349309068996,0.12,1.5635287193758232,-2.9230158360493137,509.4207072266787,0.0,-0.029198227580576126,24.999983608959667,0.0,1.5719642561328213,28.0,0.07446404020478092,0.042451978246755284,0.05191699166568769,0.1722366183643018,0.25097410274634213,0.032684250141235216,0.12307658353956628,0.11891199634226561,-36.89751667464877,0.07807813538547118
138.9,-2.8359772313550593,1008.0743953527649,5.005,0.0,25.52,-0.16,1.5687344079513588,0.0,0.0,0.0,-2.837783746571595,511.43251874014845,0.0,-0.22211773139844276,25.543547071880354,0.0,138.832,-0.11155987067684922,0.6368689345521794,-5.001990622422722,1.5493592584036666,-0.08691364591473597,0.6212402413160991,-4.9564533665213855,0.13203197929821334,-0.42565632206215653,0.15,1.5655307549122837,-2.925935658731347,511.9207055216063,0.0,-0.029198227596905345,24.999983608948302,0.0,1.571964256133475,29.0,0.07259368665475434,0.04162579538299687,0.0516926524670494,0.1712263430089965,0.25055398881131413,0.03224366521720899,0.122738596577513,0.11787485938842651,-37.00105092193471,0.07758122116794292
139.0,-2.8359780404634307,1010.615331707007,5.023,0.0,25.57,-0.18,1.5677398804717253,0.0,0.0,0.0,-2.8392184505067983,513.9908264817539,0.0,-0.19289187314138886,25.609684071041688,0.0,138.931,-0.10596519234922766,0.5681894460139959,-5.009561044723414,1.5697664731551377,-0.09607379636780637,0.5476940761460274,-4.942797557850298,0.05019625080818425,-0.5279997925386546,0.18,1.568791046229623,-2.928855481413291,514.4207038165292,0.0,-0.029198227586766923,24.9999836089085,0.0,1.5719642561330713,30.0,0.07298691540994334,0.041213693670456936,0.05154433945841925,0.17077311605797435,0.2503767634134174,0.03226706323438237,0.12280183955484344,0.11765591329057913,-37.01453047071772,0.07736667930566997
139.1,-2.835978850434799,1013.1562680680486,5.045,0.0,25.61,-0.19,1.567857276476223,0.0,0.0,0.0,-2.8411008784695215,516.5546330996254,0.0,-0.1928069457600271,25.65615803109397,0.0,139.03,-0.10595995086691336,0.5130744876132947,-5.021368998194818,1.542779708702645,-0.08570216994375364,0.47614920833540547,-4.931058523909686,0.19546138289955936,-0.5992934768950207,0.19,1.5629813774836119,-2.931775304095434,516.920702111452,0.0,-0.029198227594804955,24.99998360890851,0.0,1.5719642561333929,30.0,0.07286112077316867,0.04114518443261683,0.051443401667708166,0.17076258983098452,0.25038325167891623,0.03226754546969974,0.12280398374616916,0.11762174041912257,-37.02276680535868,0.07736732731713722
139.2,-2.8450693408297525,1015.7083002094635,5.066,-0.01,25.63,-0.19,1.5673170190446564,0.0,0.0,0.0,-2.843888860152491,519.6357786895728,0.0,-0.17978035143401128,25.687037368923008,0.0,139.129,-0.11577308790060012,0.433089398421566,-4.93445360559786,1.557076516458665,-0.10034368974489868,0.3993750207326107,-4.915629687305815,0.05303303223051056,-0.6422143331349695,0.19,1.5686739717647091,-2.935279091313389,519.9207000653598,0.0,-0.029198227587710613,24.9999836089085,0.0,1.571964256133109,31.0,0.07547032353908713,0.04258909318224212,0.05194147776219828,0.17262115220010785,0.25116810514745297,0.03287937538674349,0.12320317147810723,0.1193510717236422,-36.85720495860206,0.07828664519475043
139.301,-2.8450701563798475,1018.2603323602956,5.086,-0.01,25.64,-0.18,1.5672299352616559,0.0,0.0,0.0,-2.8465516043062973,522.2050567091649,0.0,-0.1815907454480952,25.693033956633382,0.0,139.228,-0.10703281177517053,0.35144055804701707,-5.006909777399605,1.5405292078108723,-0.08510684511756177,0.30822536837645215,-4.9107836298354055,0.21858471247156855,-0.6989256327263931,0.18,1.5624334212240152,-2.938198913995344,522.4206983602825,0.0,-0.029198227577035826,24.99998360890851,0.0,1.571964256132682,33.0,0.07572375008007808,0.04294157522163873,0.05228168086693162,0.17290443956245935,0.251255845901602,0.03296388646036035,0.12326977502906411,0.1196189399294028,-36.8001910973244,0.07840418975044947
139.4,-2.845070968670939,1020.8012687390445,5.105,-0.01,25.63,-0.16,1.5668235384535527,0.0,0.0,0.0,-2.8488521837230714,524.2603509841803,0.0,-0.17463733063155154,25.68647739699277,0.0,139.327,-0.11448790667123987,0.27921197635713035,-4.957902922810094,1.558712179220933,-0.09474096532821319,0.2269692433990202,-4.912389758149754,0.08765128666089546,-0.7104506241298516,0.17,1.5676802577937636,-2.9405347721400026,524.4206969962206,0.0,-0.029198227580477513,24.999983608908504,0.0,1.5719642561328198,33.0,0.07433550248236688,0.042501022253163344,0.05230309936495837,0.17230155543202857,0.2509950149670311,0.03273718356504981,0.12309385543355889,0.1189778620009168,-36.87467082752596,0.07809981681967978
139.5,-2.8450717844007727,1023.3533009028699,5.123,-0.01,25.6,-0.14,1.5665272400390844,0.0,0.0,0.0,-2.851862260331636,526.8280062728749,0.0,-0.1592172670269094,25.664617164359374,0.0,139.426,-0.10591003909376702,0.19763547964217862,-5.10677937636642,1.5507557712168174,-0.08758240912190716,0.15072728203147487,-4.930907049972788,0.18017848239836576,-0.7025334436764616,0.15,1.563964004688084,-2.943454594822173,526.9206952911433,0.0,-0.029198227609693043,24.999983608908497,0.0,1.5719642561339884,35.0,0.07293733029189015,0.04139132247844857,0.05194174653018048,0.17095813991279477,0.25044363080964516,0.032313247698573994,0.12283810110573615,0.11781308363488172,-36.984273580421984,0.07744486714046556
139.6,-2.854162280581022,1025.894235676876,5.139,-0.01,25.56,-0.11,1.566370569230292,0.0,0.0,0.0,-2.854907668655227,529.3927260896664,0.0,-0.16038562720854752,25.62956749221816,0.0,139.525,-0.1218440982981064,0.12436382062650149,-5.094026931036881,1.5471923854387761,-0.10463015020486466,0.06196084347504834,-4.947436070151559,0.0843488854564727,-0.7023106660595957,0.12,1.5678065571009814,-2.946374417507606,529.4206935860658,0.0,-0.02919822764303863,24.999983608908508,0.0,1.5719642561353222,35.0,0.07512569592767489,0.042671586003731866,0.05213288777517441,0.17274996376287444,0.2512251322752559,0.032749150480613644,0.12312025939770466,0.1193702946266245,-36.844174393120376,0.078347850057244
139.7,-2.854162894151102,1027.8027127249852,5.15,-0.01,25.52,-0.09,1.5661919303846101,0.1560198821851654,-0.051788601704320265,0.001612225265258685,-2.8579470354901937,531.9533325327567,0.0,-0.15595723297785025,25.583855137594373,0.0,139.624,-0.11842499254561838,0.055759390126669826,-5.162291127447373,1.5499373904839517,-0.09891422762598229,-0.007559571570080793,-4.973601010244536,0.15502106964514956,-0.6558520326800732,0.09,1.5649638556640404,-2.9492942401954365,531.9206918809883,0.0,-0.029198227675462703,24.9999836089085,0.0,1.5719642561366192,37.0,0.07536012990531653,0.04279233981395009,0.05216894394935358,0.17279211938288094,0.2512138631558862,0.03276468502345198,0.12311938717953574,0.11942936188557207,-36.82723182440561,0.07835217457491761
139.8,-2.8541639054969323,1030.9761068495268,5.165,-0.02,25.46,-0.05,1.566341736880366,0.0,0.0,0.0,-2.8604028356411426,533.9981996096059,0.0,-0.1618453675629589,25.54065926535014,0.0,139.756,-0.1164462620480853,-0.05315181406103878,-5.056876218253582,1.5435704101737304,-0.10025878714430175,-0.07993023617751227,-4.990604354653403,0.16974669695133757,-0.6337451889190859,0.07,1.5647694674150525,-2.951630098349256,533.9206905169264,0.0,-0.0291982277245457,24.9999836089085,0.0,1.5719642561385825,44.0,0.05400910453438333,0.0355853177607994,0.04955770037874642,0.16342079692614814,0.24715678293932805,0.028358533952063558,0.12000441368590586,0.10963736185247644,-37.9671838020301,0.07376680332348078
139.901,-2.86325441205895,1033.5170416224119,5.173,-0.02,25.39,-0.01,1.5658244272370376,0.0,0.0,0.0,-2.864805729757725,537.5677150448868,0.0,-0.1440717800025516,25.455126256821107,0.0,139.855,-0.12187077286026915,-0.10503424804562116,-5.120748950702841,1.5327963160682645,-0.09636243722535245,-0.12474320635461601,-5.014945859577999,0.24149224305311823,-0.5335648160500632,0.02,1.5618928649965909,-2.955717850121445,537.4206881298179,0.0,-0.029198227721736823,24.99998360890849,0.0,1.5719642561384701,46.0,0.07471059705189395,0.04185900432169646,0.05168493291674474,0.1717192793248823,0.25074927754358195,0.03273582618001557,0.12295034708349904,0.11855631508938899,-36.89789997521138,0.07779527324265717
140.002,-2.8632552131497846,1036.035783211753,5.175,-0.02,25.33,0.01,1.5649481951866786,0.0,0.0,0.0,-2.8678231669913936,540.1096623837526,0.0,-0.12023965510309696,25.388799277017043,0.0,139.921,-0.12207914698400692,-0.12108135815113302,-5.044602980377743,1.5649241975209114,-0.10613759506607719,-0.16715385338475006,-5.017915222520747,0.06663965516478353,-0.44632631298275527,-0.0,1.5689227744546643,-2.95863767281394,539.9206864247407,0.0,-0.02919822767793296,24.999983608908504,0.0,1.571964256136718,39.0,0.07647937875771257,0.042176445294903456,0.05157186314465743,0.17225508031416417,0.2509859712133721,0.03288937366223101,0.12322292640834809,0.11921897591358073,-36.84128662289668,0.0780680834131059
140.1,-2.8723457220002615,1038.5656205651574,5.172,-0.02,25.26,0.04,1.5653814362038414,0.0,0.0,0.0,-2.870043278167977,542.138409806944,0.0,-0.128140262592356,25.335619295796725,0.0,140.02,-0.11111191200391472,-0.16463476836063862,-5.195439041271641,1.5471451953839654,-0.09401045801255882,-0.19911733962225286,-5.049270675120763,0.17958873959990615,-0.36731234213612396,-0.04,1.5643904921899483,-2.960973530967715,541.920685060679,0.0,-0.029198227697233004,24.99998360893125,0.0,1.571964256137489,40.0,0.07149085216483317,0.040161171473759,0.05118180686046598,0.16955223867555913,0.24984090575577692,0.032183897685579825,0.12290225270646818,0.11665264581022196,-37.11800578459189,0.07674027558254773
140.212,-2.8723465180640346,1041.07326471962,5.165,-0.02,25.19,0.07,1.5655599465270083,-0.03803279797106656,0.029654225244511015,-0.005161778883555239,-2.8731854503189,545.1736406339866,0.0,-0.13744617387076638,25.257639993966198,0.0,140.185,-0.11999409671925124,-0.21073628846022247,-5.06466189485792,1.5414674035573663,-0.09460175085672652,-0.23577081011675166,-5.069145499440102,0.21122677043988394,-0.2727800556250699,-0.07,1.563121994877925,-2.964477318199172,544.9206830145866,0.0,-0.029198227701466326,24.99998360891987,0.0,1.5719642561376588,27.0,0.09442605083739829,0.04536430434171585,0.05194869807450814,0.17705303831487032,0.2532235647427473,0.03650820641310281,0.12610332334417407,0.12637771582828944,-36.10689896949722,0.08059167586733448
140.3,-2.8723473171177716,1043.5920046350566,5.156,-0.02,25.13,0.1,1.564831503727708,0.0,0.0,0.0,-2.8752270737261187,547.1920475386576,0.0,-0.12247318183362696,25.208037344608652,0.0,140.218,-0.1219981641425219,-0.22869568976183727,-5.048321827602959,1.5348867239055144,-0.08211277703483558,-0.25450477171671293,-5.074540688550744,0.2830917510488267,-0.2229369414101896,-0.09,1.5602422562290605,-2.9668131763537184,546.9206816505249,0.0,-0.029198227706981963,24.9999836089085,0.0,1.57196425613788,42.0,0.07817920620794157,0.04228118244089284,0.05128761114882681,0.17257031434092868,0.2511315447969584,0.03375500844384577,0.1236371032938928,0.11980320581903961,-36.79488508349809,0.07820662440396814
140.4,-2.8814378177419826,1046.0885529736836,5.145,-0.01,25.08,0.11,1.5636647991512458,0.0,0.0,0.0,-2.877947644624943,550.2123864022851,0.0,-0.08850922155125586,25.136758801978047,0.0,140.383,-0.12960051373313586,-0.24825497243608427,-5.1470586386607,1.5465560197904102,-0.11157647741759848,-0.2648702158991906,-5.103247090451477,0.1218335655379353,-0.14014634006602833,-0.11,1.5667148198869312,-2.970316963585867,549.920679604432,0.0,-0.029198227707248416,24.9999836089085,0.0,1.5719642561378906,17.0,0.0810550994215285,0.0422528576111039,0.05126514687460257,0.17264300113794886,0.25119264856219253,0.03419279581481423,0.12433965519848758,0.12051619807673201,-36.742467805323535,0.0782617891485464
140.504,-2.8814386125091573,1048.585101298284,5.132,-0.01,25.02,0.12,1.563678958514009,0.0,0.0,0.0,-2.8796389175308823,552.7229598658732,0.0,-0.09322137965919505,25.080188519318828,0.0,140.482,-0.11511549520140092,-0.25849779766936565,-5.033559919251861,1.5353701369065418,-0.09569246322084661,-0.2698490975600703,-5.105953377323793,0.28402749555754697,-0.06069004789207,-0.12,1.5598221951318798,-2.9732367862792577,552.4206778993548,0.0,-0.029198227696262756,24.999983608908508,0.0,1.5719642561374512,22.0,0.0872736110832838,0.04380385377082836,0.051445296433150975,0.17482629771720753,0.25220329528859636,0.03523812293214696,0.12526542078758304,0.12328596680259113,-36.4966825455829,0.07941532182342087
140.6,-2.8814394072866207,1051.0816496055372,5.12,-0.01,24.97,0.12,1.563437594627265,0.0,0.0,0.0,-2.880610147885196,554.7274811819386,0.0,-0.09066573696670809,25.037764794125156,0.0,140.515,-0.12438180087291055,-0.28770867454312166,-5.0996405750282126,1.5570510047815984,-0.0898030888506545,-0.28050624212311714,-5.11685119490004,0.2020799445402328,-0.02230195593452322,-0.12,1.563100258354541,-2.9755726444329125,554.4206765352928,0.0,-0.02919822768598208,24.9999836089085,0.0,1.57196425613704,45.0,0.07862378073771824,0.042014971037198076,0.05109121422673226,0.17215678241033103,0.2510388753858215,0.033764706875208994,0.12417840177325538,0.11977607444209612,-36.81756145567434,0.07805692665777245
140.7,-2.8814401973340864,1053.5781962378787,5.108,0.0,24.92,0.11,1.5628468134116866,0.0,0.0,0.0,-2.881375393160262,557.2285353993684,0.0,-0.07086164259157902,24.988286932862238,0.0,140.614,-0.12510866151240943,-0.27877491711322167,-5.092533145285071,1.5622431103921983,-0.11009071984937052,-0.2762314185094248,-5.124682721596672,0.05590262869902118,0.04037662743730408,-0.12,1.5685575726047605,-2.978492467124984,556.9206748302156,0.0,-0.02919822770027066,24.9999836089085,0.0,1.5719642561376115,48.0,0.08069391473945527,0.042291460712784085,0.05111825840847922,0.17260664045826588,0.2512827692897111,0.034144837780670456,0.1243978197052868,0.12048992183460808,-36.768141751520034,0.07831846966774822
140.802,-2.881440988789109,1056.0636487288775,5.096,0.0,24.88,0.11,1.5640562456708889,0.0,0.0,0.0,-2.8816809697516175,560.2235422762359,0.0,-0.10394449270267764,24.93330907216453,0.0,140.779,-0.12035853815137856,-0.2586614042388591,-5.0172527147490715,1.5482817221631138,-0.10298194985610022,-0.2634173901139828,-5.119453678064264,0.19073503994084723,0.10000673932310633,-0.11,1.5631640224763832,-2.981996254358093,559.9206727841234,0.0,-0.029198227724562358,24.999983608908504,0.0,1.5719642561385831,23.0,0.08283484744241497,0.04262326289215991,0.05128503727316929,0.1730476609542846,0.25150606008283577,0.03447946938576695,0.12465218937088464,0.12123630288271167,-36.68237163586146,0.07856608183153448
140.9,-2.890531497907375,1058.538005422086,5.085,0.0,24.84,0.1,1.564456410766814,0.0,0.0,0.0,-2.8818114306224074,562.714599755215,0.0,-0.11010533778633341,24.891765934705003,0.0,140.878,-0.12758176755406997,-0.24199853192743917,-5.000979530061987,1.5527275222019148,-0.11717198984271925,-0.24782439736863157,-5.113169649063373,0.08604297103111337,0.15621986422553036,-0.11,1.5673554776009333,-2.9849160770532053,562.4206710790462,0.0,-0.029198227731168182,24.999983608908497,0.0,1.5719642561388474,22.0,0.08322177227925034,0.042994850656266605,0.05118724398092998,0.17362432465932043,0.25178158037694726,0.03447121502191823,0.12458204948165716,0.12164287655927299,-36.66540680270912,0.07888105742814254
141.0,-2.890532113412519,1060.4686690136964,5.076,0.0,24.81,0.1,1.564446724546377,-0.06695858982692093,-0.03010473029798281,0.010034214871359505,-2.8820446945313374,564.704603854705,0.0,-0.11340668201863696,24.861566456239395,0.0,140.911,-0.1266742493422096,-0.26298271822749986,-5.072155478217669,1.5795745888732298,-0.12723285400532908,-0.23737410236318768,-5.119168016599904,-0.04887957223265357,0.18747511809894135,-0.1,1.5727517046762487,-2.9872519352103226,564.4206697149843,0.0,-0.02919822773101831,24.9999836089085,0.0,1.5719642561388414,49.0,0.0846896845334477,0.04326360543409288,0.05125326102991051,0.1739285849705085,0.25190700069358746,0.034724263783918026,0.12475185987880025,0.1221480696945693,-36.610327254863606,0.07903768154574908
141.1,-2.8905329035662817,1062.943025679884,5.066,-0.01,24.78,0.09,1.5658405456368367,-0.05758670469653855,-0.0846574050602639,0.022773055863899147,-2.8827284101255097,567.188917850926,0.0,-0.15051112523716126,24.827395216764664,0.0,141.01,-0.1299325015624089,-0.24261862706002357,-4.998064273273401,1.5628968117388156,-0.12712175510154577,-0.2183392254051226,-5.113267851789072,0.021926886923204096,0.2199451132155268,-0.09,1.5703192503067551,-2.990171757905138,566.920668009907,0.0,-0.029198227700054175,24.999983608908508,0.0,1.5719642561376028,50.0,0.08414202793307912,0.043216012752952525,0.05125509034086303,0.17379402383884993,0.251836438530197,0.03461176080652505,0.12464416443246927,0.12193468511567343,-36.62564300849252,0.07896650439964409
141.2,-2.890533697240471,1065.4284781042516,5.057,-0.02,24.75,0.08,1.5676473167866956,-0.05937300269065128,-0.02103141782009337,0.008681812675027881,-2.8843814668039665,569.6700634652703,0.0,-0.19129518122876552,24.796913979483193,0.0,141.109,-0.13415337706782154,-0.21548286207280962,-4.963242765029901,1.5487430373604154,-0.10871747348181515,-0.1824012497077379,-5.092394284181429,0.17972110189021093,0.2806713787479467,-0.08,1.5644153979049251,-2.993091580597726,569.4206663048299,0.0,-0.029198227701686195,24.9999836089085,0.0,1.571964256137668,51.0,0.08431051821984589,0.04319021415992301,0.05129224806274215,0.1737426193191388,0.2518088224451927,0.034621577657988414,0.12463144749867903,0.12193038496726273,-36.6212260017167,0.07894094031359052
141.3,-2.890534484247155,1067.8917389586045,5.049,-0.04,24.73,0.08,1.5675627757471542,-0.09030886757467452,0.07352787852513122,-0.014173038271764304,-2.887376061210562,572.1484563485363,0.0,-0.18379318255348256,24.77183135303408,0.0,141.208,-0.13228411873886728,-0.19301845399981918,-5.005313490985577,1.5385354107851865,-0.08978581835112251,-0.15985150806892212,-5.087629598858182,0.34316609810129256,0.2926704367939763,-0.08,1.5586812623239776,-2.9960114032905816,571.9206645997536,0.0,-0.029198227699432446,24.999983608908508,0.0,1.571964256137578,52.0,0.08409739589828492,0.04318194104812174,0.051246176428130404,0.17372731678711328,0.2517951940759559,0.034599879585125545,0.12461071515055754,0.12187020498349628,-36.631287223650105,0.07893205900698977
141.4,-2.899625012195372,1070.3660972534549,5.042,-0.04,24.71,0.07,1.5655622045185904,-0.08166276390323052,0.13495298471695777,-0.028808423914844648,-2.8914017228062097,574.6246066373135,0.0,-0.12953108958973505,24.752630849770863,0.0,141.307,-0.13444182102800586,-0.19013228254046666,-5.052844438823365,1.5466634546617677,-0.0955634370856913,-0.14586009966726107,-5.086329821920231,0.26071989279660646,0.2829031325237388,-0.07,1.5619652536789415,-2.998931225982837,574.4206628946762,0.0,-0.02919822768998444,24.999983608908508,0.0,1.5719642561372,53.0,0.08685763866765506,0.04368498052580792,0.05163869087284272,0.17434206038680866,0.25203937492792,0.035074131554541255,0.12492336630106177,0.12287422399979095,-36.51282652950333,0.07923391500097904
141.5,-2.8996258012421094,1072.8293580763884,5.034,-0.04,24.7,0.07,1.563472003271107,-0.05145860129965435,0.036451228461484096,-0.008071328125023407,-2.895580207082832,577.099080657553,0.0,-0.0835835504209662,24.738480763771502,0.0,141.406,-0.13814187994324945,-0.14595157921245316,-4.982609526115676,1.534103068915966,-0.09737416050840304,-0.12280264728404056,-5.073193482413885,0.30454949477416926,0.28497252303628784,-0.07,1.5602083780303846,-3.0018510486744336,576.9206611895988,0.0,-0.02919822766630893,24.99998360890852,0.0,1.571964256136253,54.0,0.08682556146366362,0.044151068339209266,0.051758066184930424,0.17493691403803172,0.2522736436746107,0.03497255353829312,0.1248020803536747,0.1232104463217856,-36.482773992165676,0.07952668356136589
141.6,-2.9087163321817684,1075.3037146577776,5.026,-0.03,24.69,0.06,1.562775268280182,-0.04513142858717845,0.03620093192936137,-0.011303631308861271,-2.899173292815117,579.5723438315216,0.0,-0.065896856879882,24.728075476755087,0.0,141.472,-0.1391964637904691,-0.12706901777973345,-5.033704435607244,1.5558877667528395,-0.10159452950551684,-0.09044629184315504,-5.076140903015283,0.17444776548696925,0.30679463183501454,-0.06,1.5650177395877143,-3.0047708713621675,579.4206594845215,0.0,-0.029198227625585913,24.99998360890851,0.0,1.571964256134624,48.0,0.11961576727176981,0.0516529188657348,0.054017793651439626,0.18470626029891576,0.25641581309041733,0.040440460470590626,0.1288430720653608,0.1379953176970777,-35.34983220695751,0.08466885955214884
141.7,-2.908717123345923,1077.766975447931,5.018,-0.02,24.69,0.06,1.5625752062213158,-0.05110298396776039,-0.02365959629116915,0.008853067950202256,-2.9018684714852623,582.0447521434957,0.0,-0.06506640892246453,24.721077345939527,0.0,141.637,-0.12771492531307158,-0.08064610782862908,-4.932687290145228,1.545619675548533,-0.09235510308756104,-0.056993964030322,-5.048477270063778,0.2624821706442465,0.3157989818033684,-0.06,1.5610995932154192,-3.007690694046625,581.9206577794442,0.0,-0.02919822759967329,24.99998360890851,0.0,1.5719642561335876,23.0,0.07473452886151136,0.04264909215569855,0.05296884461819242,0.1716900552275605,0.2506570023375106,0.03273984811393873,0.12315790922228118,0.11875606950944055,-36.79919093007509,0.07774879284893017
141.8,-2.908717922807398,1080.2413336974337,5.011,-0.01,24.68,0.05,1.563138697357152,-0.05968975528581413,0.03875307360847497,-0.0057759526176509365,-2.9039743295990745,585.0109905600151,0.0,-0.07105424963604479,24.71717823804988,0.0,141.703,-0.13443641567245979,-0.06507351745726038,-4.98009757949961,1.5424516054114052,-0.09886864253438742,-0.027855530883666463,-5.03555110236535,0.1814514284568539,0.32352347120376734,-0.05,1.5639393435568232,-3.0111944812652656,584.9206557333515,0.0,-0.029198227569314224,24.999983608908515,0.0,1.5719642561323732,57.0,0.08396485586303258,0.04294915975305061,0.05235200608257763,0.17335495698024864,0.25165016038802707,0.03469381468488036,0.12474511527428955,0.12178020877959136,-36.59887583843219,0.07875289904676205
141.9,-2.908718714334668,1082.7045944569754,5.006,-0.01,24.69,0.04,1.5627936619010308,-0.05344939614972976,-0.01585127791679951,0.0032475138835158773,-2.904770333342894,586.9883873844768,0.0,-0.06883039082709094,24.717709659253867,0.0,141.802,-0.13061768386300487,-0.019602641071345434,-4.94741919341184,1.5530449919831728,-0.12287192037957471,0.013882475132956462,-5.016548364128347,0.022284569596453238,0.3398214978298135,-0.04,1.5703055295029087,-3.013530339409291,586.9206543692895,0.0,-0.029198227569863778,24.999983608908508,0.0,1.5719642561323952,58.0,0.0840875745608447,0.04312031658187659,0.05192009635180004,0.17394975689335201,0.2519363122575782,0.034597214021784395,0.12461946355424154,0.12208317957464739,-36.60531739675177,0.07907401626235659
142.0,-2.9087197114718037,1085.7892204063069,5.0,0.0,24.7,0.03,1.5643820069406669,0.0,0.0,0.0,-2.905254980260507,589.4603756692702,0.0,-0.09708720045437887,24.721829432663668,0.0,141.901,-0.13504912782930786,0.02044129382748081,-4.9523853868150205,1.5409186796297594,-0.10261236301194658,0.05023225282573515,-5.006456511425986,0.21403598985212896,0.3505074455341486,-0.03,1.562248944999059,-3.017034126624296,589.9206523231966,0.0,-0.02919822754304633,24.999983608908515,0.0,1.5719642561313225,60.0,0.08413689284149109,0.0431799830128357,0.05165684127185832,0.17405187279882836,0.2519417658205776,0.03458912426518319,0.1245962421271828,0.12210129577941342,-36.61248880953696,0.07910464683193942
142.1,-2.908720305882298,1087.6422134131078,4.998,0.0,24.7,0.03,1.565239011370812,-0.07896713072041996,0.039499047920124944,-0.0098485690847589,-2.905672365401582,591.9330387205263,0.0,-0.12551875939055807,24.730500152841923,0.0,142.033,-0.13825287000045883,0.0525216110259738,-5.002490698579821,1.5477774556150585,-0.11032451289414397,0.07871228910714216,-4.998883253152611,0.16978359290867032,0.3349173748767349,-0.03,1.5640145592563144,-3.0193699847663136,591.9206509591346,0.0,-0.029198227548297682,24.999983608908508,0.0,1.5719642561315326,27.0,0.07267039754694406,0.04115843614114703,0.05135909040911807,0.1708284668170653,0.2504005042305455,0.032160664900722974,0.1226948500915402,0.11758387191269046,-37.02392007670868,0.07739396921351735
142.2,-2.917810856934068,1090.1054758371786,4.997,-0.01,24.72,0.03,1.564283833434109,-0.058314966909509325,0.009217896199872944,-0.003902185174860034,-2.906278880140862,594.4068653298564,0.0,-0.10421900418783278,24.744541648311007,0.0,142.132,-0.13806214233465944,0.0884615013494134,-4.912966311764452,1.5630823396954054,-0.11431083853235975,0.10942440197227006,-4.983639622492298,0.1170372349684366,0.31829765615739447,-0.03,1.5665214122457467,-3.0222898074442694,594.4206492540571,0.0,-0.029198227563935166,24.999983608908497,0.0,1.571964256132158,28.0,0.0728779180556221,0.040921029158297983,0.05112979209242618,0.1705764676618144,0.25030314794672504,0.03226737369213699,0.12281311166561061,0.11747221820091087,-37.04830603189332,0.07727651396424096
142.3,-2.9178116594126777,1092.5798340332417,4.996,-0.01,24.74,0.03,1.5645111892980077,-0.04343162297897664,-0.0184239767296028,0.009729628548159562,-2.907212808043872,597.3776432101496,0.0,-0.1147850408942421,24.766646356415166,0.0,142.231,-0.14733716116164153,0.09763675615132014,-4.983563723802604,1.546419609287076,-0.12028795983193408,0.13085683486520425,-4.978603851750849,0.13600621429399623,0.2817806001344252,-0.03,1.565760508155304,-3.025793594660653,597.4206472079645,0.0,-0.02919822760027835,24.999983608908497,0.0,1.5719642561336118,29.0,0.07279620272525518,0.040845947660281524,0.050940606636727115,0.17051338395137008,0.25027838147746806,0.032236533502896236,0.12278010858603598,0.11739085547421119,-37.064857517671,0.07724765524613342
142.4,-2.917812461550511,1095.0541922186967,4.994,-0.01,24.76,0.02,1.5649998933684568,-0.017042691354987698,-0.010471125934619787,0.0018270597821691465,-2.908053515756182,599.3597738404642,0.0,-0.12294779787944234,24.783714758319864,0.0,142.33,-0.14983360618957914,0.1320858875049607,-4.891668443327822,1.5390072753339101,-0.11212548400684814,0.15328113787660386,-4.965848644917733,0.22430330809945254,0.25571551517785096,-0.02,1.5622297892642265,-3.028129452807266,599.4206458439025,0.0,-0.029198227592390234,24.99998360890852,0.0,1.5719642561332963,31.0,0.07277188430837335,0.04081266592479365,0.05081651113069437,0.17046729938640012,0.2502539179467239,0.032228877050250446,0.12276901416267559,0.11734079361134966,-37.07193364671874,0.07722286408535808
142.5,-2.9178132642249466,1097.5285503947377,4.992,-0.01,24.79,0.02,1.5648988476630787,-0.010039889935738611,0.046879352548693395,-0.010207928109655009,-2.909473476377943,601.8394466461308,0.0,-0.11727557585761059,24.806519646287214,0.0,142.429,-0.14784937691598513,0.15509962022912535,-4.978644549867563,1.5732961685611844,-0.1383759029655866,0.1731318472175121,-4.967527654802362,-0.008605875521903736,0.22147073086980384,-0.02,1.5715402203583773,-3.0310492754878133,601.9206441388252,0.0,-0.029198227581410094,24.999983608908497,0.0,1.571964256132857,31.0,0.07262990428378203,0.04071475637023725,0.05067944033739323,0.17034050489452016,0.25019571763193127,0.032209612871540144,0.12275890979295487,0.11722219387943696,-37.08758364952281,0.07715870124624319
142.6,-2.9178140616308497,1100.0029068323886,4.989,-0.02,24.81,0.01,1.5647370331597068,0.002315987522882796,-0.11532717807008072,0.023374789365735848,-2.91128958813596,604.3214251168883,0.0,-0.12055962239658777,24.829728578112118,0.0,142.528,-0.13158587473437666,0.17895690882828477,-4.927746436529005,1.5574992346702123,-0.1258987560301208,0.19840930232658874,-4.969600417233611,0.11009235195437875,0.21299235237196967,-0.01,1.567195959524388,-3.0339690981702834,604.4206424337477,0.0,-0.02919822761109748,24.9999836089085,0.0,1.5719642561340446,32.0,0.072761644981283,0.040741167826941135,0.050623362482672914,0.17035886042136117,0.2501991844398665,0.0322226080914376,0.12276268648969858,0.11724757145015889,-37.08421177857778,0.07716572708110361
142.7,-2.9178148638564494,1102.4772649861698,4.988,-0.02,24.84,0.0,1.5665945239041488,-0.014400390379872044,-0.0044604738854924055,0.007950494737730648,-2.913792123637525,606.8057373556125,0.0,-0.1615910161180488,24.852871468546738,0.0,142.627,-0.14526825513616837,0.18676146693457843,-5.024148602606267,1.5873656664650184,-0.14519270034746395,0.20974051907066535,-4.969516065562555,-0.07984061495236708,0.16715664859582802,-0.0,1.5747887872683897,-3.036888920853789,606.9206407286703,0.0,-0.029198227592046055,24.99998360890851,0.0,1.5719642561332825,33.0,0.072361358498504,0.040676078363957494,0.05065402770847833,0.17021225082308472,0.25012205916397856,0.032123867008903816,0.1226715896113237,0.11707005661797538,-37.09557072689044,0.07708524463834882
142.8,-2.926905438216181,1104.9627189034636,4.988,-0.04,24.86,0.0,1.5674636688225456,-0.001209466999420493,-0.09836014678169165,0.029283784294228333,-2.9174355421788447,609.2924093014088,0.0,-0.18832609880453594,24.876293630625113,0.0,142.726,-0.14077879916264976,0.20277651790723422,-4.922619006036989,1.5736714768400966,-0.14221346034916577,0.21729882098736852,-4.962067648617943,-0.024630708592128424,0.1316274294179003,-0.0,1.5733824154637652,-3.0398087435352297,609.4206390235928,0.0,-0.029198227567093775,24.99998360890851,0.0,1.5719642561322844,34.0,0.07209628554119028,0.0406267857317137,0.05056186231728975,0.1701382867149095,0.2500906087556586,0.0321092467689298,0.1226730252910548,0.11697693608490843,-37.11207165998738,0.0770488714585993
142.9,-2.926906251225887,1107.4481745571934,4.99,-0.05,24.89,0.0,1.569657690185357,0.011788412592393448,-0.04150101009802724,0.01828817893815802,-2.922724217323683,611.781454109927,0.0,-0.24077824987813923,24.899397731452115,0.0,142.825,-0.13983776482808527,0.2165749708184024,-4.912892148728122,1.5316526784022735,-0.10496067479289073,0.22808858029731405,-4.957662952584428,0.33026045624034345,0.09971623127062657,-0.0,1.5595817653955915,-3.042728566214214,611.9206373185154,0.0,-0.02919822754049837,24.999983608908522,0.0,1.5719642561312206,35.0,0.07396190743100163,0.04133562442349062,0.050737889681638074,0.1710336715692335,0.25046493707185036,0.032361880333449444,0.12281965938685505,0.11787049259013598,-37.00112090800147,0.07748487995341488
143.0,-2.9359968322197574,1109.9336284595554,4.992,-0.07,24.91,-0.01,1.569738342836734,0.01161482042139482,0.2385498327324462,-0.039551426441897,-2.929983997739466,614.2728303351416,0.0,-0.2317510065425562,24.922648295357902,0.0,142.924,-0.1500421536770672,0.23768222121265573,-4.884389627426378,1.5376882945769175,-0.11947555309254554,0.24824568979831582,-4.949039373695507,0.2134017062761821,0.10363658946645415,0.01,1.5650634484606563,-3.0456483888902097,614.4206356134381,0.0,-0.029198227511194,24.999983608908508,0.0,1.5719642561300484,36.0,0.07589771352859344,0.04165526406876874,0.05097699267911838,0.17134337295199376,0.2505733684515002,0.03269196699560196,0.12302499757078707,0.11844375689114518,-36.918821246176655,0.07762448328132465
143.1,-2.9450874174139585,1112.4190823541796,4.994,-0.08,24.93,0.0,1.566899484549884,-0.008512315140148156,0.08211819545193266,-0.01672975183774272,-2.9404990634800616,617.2654825015895,0.0,-0.16411918996202812,24.950569303112243,0.0,143.023,-0.14270414084893834,0.2256279218134963,-4.940112347501002,1.5577021314744357,-0.11888354093513182,0.2461947729676731,-4.9445781807411375,0.20637670473140418,0.059826529262039685,-0.0,1.5657392437751898,-3.0491521760985028,617.4206335673456,0.0,-0.02919822751462458,24.999983608908497,0.0,1.5719642561301856,37.0,0.07439667131307046,0.0416810602832346,0.05109848238104348,0.17128006948117033,0.25053287707149596,0.03243234735867782,0.12285745839197004,0.11813262732336992,-36.95285864319271,0.07758505014608165
143.2,-2.954178012149214,1114.9045362377574,4.995,-0.08,24.96,0.0,1.5665099071946482,0.015264751248791113,0.0254371894728972,-0.0027083608470227834,-2.9479529472437305,619.2623822021897,0.0,-0.15817516484196287,24.968682151954138,0.0,143.122,-0.1402191906870668,0.23728390987489376,-4.964219731777849,1.5687189630632943,-0.12339532028740637,0.2394025425105817,-4.945909520562989,0.10460294481548792,0.008261091035887347,-0.0,1.5698109583399997,-3.0514880342379724,619.4206322032836,0.0,-0.029198227515274063,24.9999836089085,0.0,1.5719642561302116,38.0,0.07446403042388215,0.04167935154853118,0.051049898656010624,0.1712823683165111,0.2505436900483341,0.03247278923015521,0.12290301440354316,0.11815757563427615,-36.956459693622584,0.07759229991690246
143.3,-2.963268608685837,1117.3899901135276,4.997,-0.09,24.98,-0.01,1.566758221541766,0.04011850502727016,-0.04011684232162278,0.011387727583025718,-2.9575357152583903,621.7604815702863,0.0,-0.1673372495026359,24.99007443949376,0.0,143.221,-0.12480562849586005,0.2304170852814605,-4.92149278234956,1.550000897586661,-0.09262163281808442,0.2333594236134215,-4.942244386930332,0.28567572769654787,-0.02610947110174422,0.01,1.5629549957213555,-3.05440785691504,621.920630498207,0.0,-0.029198227554986775,24.999983608908504,0.0,1.5719642561318001,40.0,0.07510422840808456,0.04181107388083065,0.051102215011503596,0.17145747917183982,0.25062604098446506,0.032588040423203006,0.12297630034971056,0.11839647781275914,-36.92865881725801,0.07768396459591402
143.4,-2.9723592183219694,1119.886541517042,5.001,-0.09,25.0,-0.02,1.5672635243416317,0.04307145940663311,0.08421254605404815,-0.014476951676263703,-2.9674306351728887,624.2606003250669,0.0,-0.1737823406883697,25.008973889874767,0.0,143.32,-0.12069645353436634,0.23608438454531477,-4.940349412603054,1.5513143103999418,-0.07624387179169545,0.23286831140154507,-4.945963565416989,0.315212629792038,-0.04159046228872043,0.02,1.5617730548115576,-3.0573276795922677,624.42062879313,0.0,-0.029198227538260048,24.99998360893124,0.0,1.57196425613113,40.0,0.08596062976127804,0.043674358530144855,0.051272323170185104,0.17437134817359284,0.25198804341672404,0.03488972458373877,0.12478252866885074,0.12261684401662988,-36.55549204787387,0.0792186387061169
143.503,-2.981450033965075,1123.0044546178108,5.004,-0.08,25.02,-0.02,1.5655311039325337,0.0,0.0,0.0,-2.9792938464640195,627.2630137143196,0.0,-0.13315333968875745,25.028283708287272,0.0,143.419,-0.11096735514242352,0.2456431044021614,-4.9864053769463474,1.5343556830276708,-0.05998980351312801,0.24044377178071805,-4.949011088991092,0.3787395405486411,-0.027038112283598537,0.02,1.55923938303604,-3.0608314668049506,627.4206267470396,0.0,-0.029198227536183938,24.99998360893124,0.0,1.571964256131047,41.0,0.09042562803321616,0.044823709723216885,0.05175287365970224,0.17581818128545673,0.2525904753593374,0.035595018723768176,0.12525345956036493,0.12453373469315702,-36.356613941197146,0.07994659315334568
143.602,-2.990540649979721,1125.5010042416961,5.007,-0.07,25.03,-0.02,1.5641532666657605,0.0,0.0,0.0,-2.988341377984509,629.766640413659,0.0,-0.09821425573720186,25.042440524449113,0.0,143.518,-0.10869334472563588,0.22708569793733743,-4.927700726857045,1.5461046115309438,-0.07233590583062505,0.22672878369442406,-4.948682206190826,0.25490644671291407,-0.06696723639202773,0.01,1.5633892514272825,-3.0637512894820693,629.9206250419622,0.0,-0.02919822755506111,24.99998360891987,0.0,1.5719642561318026,42.0,0.08044462132778976,0.04241460351654033,0.05139335392250998,0.1724133112946157,0.25109312888222945,0.03406644455167721,0.12422551104716911,0.12027822204220595,-36.7480058331564,0.07819449218327781
143.7,-2.9996310661238113,1127.3761903971963,5.009,-0.06,25.04,-0.01,1.5636454341609516,0.025759763856631947,-0.0038652276637376934,-0.0013319310095667814,-2.995962361421677,632.2715889083593,0.0,-0.09092199473937455,25.055083539923203,0.0,143.617,-0.10642320087891391,0.24252441500520347,-4.9949596771486195,1.5437590404526613,-0.06136810493173535,0.22688658623542377,-4.951330023349028,0.3222802507727854,-0.061544558843323216,0.01,1.5602964537041215,-3.066671112160984,632.4206233368851,0.0,-0.029198227568137367,24.999983608908497,0.0,1.5719642561323262,43.0,0.07951578903074909,0.04175175974731969,0.0511231624928995,0.17179125467724368,0.2508861940133017,0.033857625645182285,0.12409726219459451,0.11968213471904081,-36.82927788844646,0.07791994153402063
143.8,-2.999631903086879,1129.8727417861332,5.013,-0.04,25.05,-0.01,1.5635788185198347,0.01645640372288406,0.02146461683760752,-0.009029935184004844,-3.0019166175377636,634.7777463183189,0.0,-0.0804752720743133,25.066578090934254,0.0,143.716,-0.10237590230844199,0.22778218244508214,-5.008960216310474,1.5466731187849332,-0.07588476606479073,0.21612941563649568,-4.954108844871971,0.163811526975498,-0.07838096943636685,0.01,1.5658382777272608,-3.0690069703045006,634.4206219728231,0.0,-0.029198227561970075,24.9999836089085,0.0,1.5719642561320795,44.0,0.08007809104466256,0.04189134773821763,0.050963469135842564,0.1721399691276161,0.25106434675338396,0.03396837172577779,0.12419285090259173,0.12000785054201557,-36.81530963711882,0.07811186383898755
143.9,-3.0087225342375064,1132.3803871644811,5.016,-0.02,25.06,-0.01,1.5633840072576444,0.021311194195801214,-0.0779550200795651,0.013401857566127334,-3.0055217384099002,636.7834511795918,0.0,-0.08290374983202202,25.074711569392793,0.0,143.815,-0.0906520102785363,0.22229905298643673,-4.9741666262889455,1.5207758022521054,-0.0527854364093252,0.21298883940545887,-4.956624668724448,0.3204426186551571,-0.07690350655153821,0.01,1.5587710705749405,-3.0719267929830614,636.9206202677457,0.0,-0.02919822755869492,24.9999836089085,0.0,1.5719642561319485,46.0,0.08001107945339929,0.04191612283963219,0.05083295901902874,0.17219131100346932,0.2510812156409527,0.03394848303717138,0.12416829000048323,0.12000461208683685,-36.8224472836441,0.07813498371448582
144.001,-3.008723566776041,1135.4539188945027,5.02,-0.01,25.08,0.0,1.5634767236795761,0.0,0.0,0.0,-3.0092321228974637,639.7931571936398,0.0,-0.07994119029264389,25.08557878360032,0.0,143.914,-0.09256772934403348,0.2152064639382369,-4.931020389467771,1.5492352840800925,-0.06521808484750502,0.20979577019246268,-4.952372030784581,0.1737735522903908,-0.07308761369022676,-0.0,1.5642446692754028,1142.6349999996082,1.0182776530703776e-07,0.0,25.0,2.927814507088102e-09,0.0,1.1711258028352408e-10,46.0,0.08101825715980014,0.04210241266467239,0.05087348172898991,0.17243145810836685,0.25117570760411495,0.03411933601256056,0.12428244243131434,0.12035678071106404,-36.781103892756526,0.07825016884432823
144.1,-3.0087244009682763,1137.9504684828432,5.024,0.0,25.08,0.0,1.5626305938374738,0.0,0.0,0.0,-3.0106157325117815,641.8003140265088,0.0,-0.059499023726223954,25.092235328093494,0.0,144.013,-0.10662645998043557,0.19584466930649913,-4.934116309560399,1.5637802516944275,-0.09062660693925334,0.19301026350824182,-4.947420273311133,0.001977403461136136,-0.09988487144480018,-0.0,1.5707171676938745,-3.0777664383449763,641.9206168575913,0.0,-0.029198227583441816,24.999983608908508,0.0,1.5719642561329383,47.0,0.08243835008100328,0.04278302134642655,0.05093232654965405,0.1733997099595409,0.2515960193831206,0.034450931846774495,0.12449194627618666,0.121273698143596,-36.671434924192795,0.07872592963887406
144.2,-3.0087252393013273,1140.4581138374558,5.025,0.0,25.09,0.0,1.5647241292197742,0.0,0.0,0.0,-3.0112580607237196,644.8119600682318,0.0,-0.1171176334663641,25.100422553002268,0.0,144.112,-0.07473447299297742,0.1957396939252333,-4.884376858101105,1.5741708719379135,-0.0674216978207047,0.18399259656017528,-4.947683727830631,0.12681224508447272,-0.10523235387444885,-0.0,1.5657207880531319,-3.0812702255616147,644.920614811499,0.0,-0.029198227558417375,24.99998360890851,0.0,1.5719642561319374,48.0,0.08687218236213731,0.04315979337351185,0.051353863662538676,0.1738685316250994,0.2517405868244029,0.035089437202336135,0.12481549454467679,0.12246052877124719,-36.54868460505221,0.0789275671742668
144.3,-3.00872607401584,1142.9546634067985,5.025,0.01,25.09,0.0,1.5659033344734947,0.0,0.0,0.0,-3.011252652940931,646.8202397141956,0.0,-0.1433127155720909,25.104617334142,0.0,144.211,-0.09905745094374702,0.17965996447851135,-5.000861109859179,1.5508955310024692,-0.08394271561339706,0.1697738362784113,-4.953724763415929,0.03305060228128752,-0.1113259592080098,-0.0,1.5690728342033862,-3.0836060837039496,646.9206134474379,0.0,-0.02919822753871089,24.999983608908504,0.0,1.571964256131149,49.0,0.0901322302969605,0.04687375158493165,0.05326938130269705,0.1777205996201331,0.2531905471057812,0.03536117669955249,0.12502837400104283,0.12573116630630843,-36.17362310870779,0.08078416895305701
144.4,-3.0087269122142857,1145.462308742728,5.024,0.0,25.1,0.0,1.5665253075447418,0.0,0.0,0.0,-3.0113384062750637,649.8331926118769,0.0,-0.16022427962259106,25.108563657779293,0.0,144.31,-0.09970437580130291,0.1662485733060475,-4.967736316513811,1.5525511353494252,-0.08758188203873779,0.15469850877028812,-4.957756212769251,0.07860067052873089,-0.1272907605392284,-0.0,1.5676488745011343,-3.087109870916626,649.9206114013464,0.0,-0.02919822754632366,24.99998360891988,0.0,1.571964256131453,51.0,0.08538126607185384,0.043800623392124066,0.0526305823977917,0.17400810666479033,0.2517510794930267,0.034983186028758495,0.1250065705012311,0.12248632659327341,-36.49781152941474,0.07896663492819035
144.501,-3.0087277469737614,1147.958858293156,5.024,0.0,25.1,0.0,1.567020919001896,0.0,0.0,0.0,-3.0118498381958494,652.3442351218573,0.0,-0.17090319945906646,25.109540798277582,0.0,144.442,-0.10538007042803692,0.16232834671688248,-4.990766736822729,1.549492291365667,-0.08109048877626016,0.14824063459018114,-4.976783292997297,0.17901543543469817,-0.11335694244973027,-0.0,1.5636320041523608,-3.0900296935940883,652.4206096962697,0.0,-0.029198227535560037,24.999983608919877,0.0,1.5719642561310225,59.0,0.08521919217929552,0.04347874369774877,0.05224260708433983,0.1740833392553443,0.2519092670700679,0.03486811723695014,0.12489283280821155,0.12245929499277462,-36.536182702770446,0.07908126864961315
144.6,-3.0087285854375523,1150.4665036090219,5.025,0.0,25.1,0.0,1.5663917358641068,0.0,0.0,0.0,-3.01293739611914,654.8552781262072,0.0,-0.15304066437807307,25.10903220664885,0.0,144.574,-0.11268012491530738,0.1309893420410626,-4.950923786302076,1.5620120994331488,-0.10309126947632656,0.13531483561701185,-4.968358602090637,-0.0022503703531073665,-0.11692929681888486,-0.0,1.5708864026055829,-3.0929495162696337,654.920607991193,0.0,-0.02919822750415519,24.999983608908515,0.0,1.5719642561297669,26.0,0.08670337687219941,0.04395861872689305,0.05197480670632854,0.1749333854371548,0.2522976826809576,0.03494300604481406,0.12483702035681106,0.12321232160327933,-36.488089267698086,0.07953207890413903
144.7,-3.017819236562957,1152.9630531374469,5.028,0.0,25.09,0.01,1.5665899823096134,0.0,0.0,0.0,-3.0145580551100517,657.3661460654051,0.0,-0.1617466893026674,25.106607294531194,0.0,144.607,-0.11091562498030151,0.11879306081124066,-4.942083261119077,1.550871757807885,-0.09690567996837209,0.11438554036217213,-4.965598027297762,0.0671140719405189,-0.1357758794428463,-0.0,1.5681079231847128,-3.095285374408562,656.9206066271319,0.0,-0.029198227517163618,24.99998360891987,0.0,1.5719642561302867,54.0,0.08432901739875955,0.04327896355252015,0.05165957433832998,0.17398214949291935,0.2518699921292105,0.03467782506787839,0.12469063338281951,0.12211175036463029,-36.59765434271476,0.07903884429967717
144.8,-3.0178200822515464,1155.4707002521277,5.03,-0.01,25.09,0.0,1.567357225404356,0.0,0.0,0.0,-3.016331423126088,659.3746123050546,0.0,-0.17791791733283463,25.10339082069523,0.0,144.706,-0.10565341597801674,0.12250575520616418,-4.963096492490326,1.5536504209645934,-0.08060899451946826,0.11107990770248581,-4.970616599003462,0.19058025654126584,-0.10672991931267006,-0.01,1.5635684054190513,-3.0982051970835878,659.420604922055,0.0,-0.02919822752870778,24.999983608908504,0.0,1.571964256130749,54.0,0.08393570810194842,0.043090600319166415,0.05146870760385613,0.17374187682429262,0.2517645603332514,0.03459004433699333,0.12461886996449029,0.12184899831353763,-36.62773655542742,0.07891810351686937
144.9,-3.0178209144498283,1157.9672479471028,5.029,-0.01,25.08,0.0,1.5667409739133458,0.0,0.0,0.0,-3.0199652568317954,662.3867242739053,0.0,-0.1602211676912188,25.09682746977497,0.0,144.871,-0.1228154132035807,0.09197912610949524,-5.023170294208541,1.535649999151252,-0.09855293670212116,0.09187392668964789,-4.971882647477415,0.18235285433175966,-0.12588152181373147,-0.0,1.563892413238717,-3.1017089842931256,662.420602875963,0.0,-0.029198227513286764,24.999983608908504,0.0,1.5719642561301321,29.0,0.08516740687741912,0.04323705897152,0.051486315222609165,0.17391638252074618,0.2518315431724973,0.03480144657139563,0.12475450121786315,0.12221463162125581,-36.58804273057381,0.0790039557354013
145.001,-3.0178217517981807,1160.463797450282,5.028,-0.02,25.08,0.01,1.5656593945485096,0.0,0.0,0.0,-3.023603447563439,664.8960966604654,0.0,-0.13361511935563838,25.089773991507236,0.0,144.97,-0.11000225829863508,0.09849111389755022,-5.092942573121634,1.5221310295074253,-0.08461952486734302,0.08565786684518419,-4.982070417119452,0.31948155991587673,-0.10330331360898626,-0.0,1.5588064622945386,-3.1046288069691412,664.9206011708859,0.0,-0.02919822755757914,24.999983608908497,0.0,1.5719642561319038,31.0,0.08454805194580084,0.043238270374671005,0.05132767534761424,0.17390874702058168,0.25182350926162395,0.034714401829089095,0.1246952485686667,0.12206577818647397,-36.60958287314164,0.07899861163819719
145.103,-3.0269124188742467,1162.9714427148447,5.026,-0.02,25.07,0.01,1.5640123221699638,0.01645547233449038,0.08907921493089502,-0.026697936221487816,-3.027335219837149,667.4046694007366,0.0,-0.09067999824704845,25.08165737838071,0.0,145.069,-0.11914422658242028,0.0744286061122164,-4.952381492108768,1.5419975781942907,-0.09240577860096602,0.0730195281672468,-4.980184328014257,0.24170116810189946,-0.09894065932953922,-0.01,1.5619182355541188,-3.107548629647416,667.4205994658088,0.0,-0.029198227526367387,24.999983608919877,0.0,1.5719642561306548,34.0,0.07657304233095986,0.04176300735155712,0.05129780494159993,0.17152251657834675,0.2506963347564354,0.032963206735386386,0.12328657043592833,0.1187938217885045,-36.87775123378729,0.07773720269707032
145.2,-3.0269132584993486,1165.4679921983766,5.023,-0.01,25.06,0.01,1.5629468812283616,0.0,0.0,0.0,-3.0306936022078554,669.9123190638638,0.0,-0.0664002457606605,25.07195861710308,0.0,145.135,-0.10828614547516364,0.08096290106629522,-4.907006601856345,1.5547634994492787,-0.08429257696559603,0.0682391562328119,-4.973217637453098,0.1863989973909243,-0.07800522982101299,-0.01,1.5637353988167106,-3.110468452323983,669.9205977607314,0.0,-0.029198227545344485,24.999983608908508,0.0,1.5719642561314144,25.0,0.07332956836670927,0.04096004243185722,0.051064590708695394,0.17050367541438766,0.2502678970632308,0.032353972429344735,0.1228566212671111,0.11750859564850996,-37.031362892353144,0.07723881361055385
145.3,-3.0269138893306717,1167.3431782483763,5.021,0.0,25.05,0.01,1.5629317928713302,-0.0010712340182994747,-0.015651517269092818,0.003259900809885485,-3.032917111457174,671.91773289818,0.0,-0.06852220188926475,25.064039094103755,0.0,145.267,-0.11475812880205134,0.05866015888379707,-4.98754201785892,1.561521725888585,-0.09791428956282923,0.05696995392839517,-4.966602553552169,0.1197799682573754,-0.07683633874126983,-0.01,1.5660000161878744,-3.1128043104665895,671.9205963966695,0.0,-0.029198227569414117,24.99998360890849,0.0,1.5719642561323772,33.0,0.07218016180147355,0.04066482884202992,0.05081800896604022,0.17017216319367534,0.250132523340814,0.032127098740010955,0.1226927773909628,0.11705658655392752,-37.09535597928558,0.07708006547961278
145.4,-3.036004767443785,1170.4610892936569,5.018,0.0,25.04,0.01,1.5637680469688515,0.0,0.0,0.0,-3.0352077754522457,674.4235965339003,0.0,-0.0834231160767683,25.053943391499814,0.0,145.333,-0.1045660429486071,0.07281380569013267,-4.931844887100153,1.5725695300968032,-0.09984480134393175,0.05820565077624513,-4.964349741778246,0.02024985338578203,-0.046172859446638626,-0.02,1.5699861327881468,-3.1157241331471086,674.4205946915921,0.0,-0.02919822755241324,24.999983608919884,0.0,1.5719642561316967,27.0,0.07248449494663331,0.04052673893406112,0.05076724582333341,0.1700180717302032,0.2500627213197741,0.032149158268226036,0.12268812380065792,0.11699718523257334,-37.09396680296807,0.07700220456422335
145.5,-3.0360056096128005,1172.957638744298,5.017,0.0,25.03,0.01,1.5653656200182178,0.0,0.0,0.0,-3.0373169630383665,676.9284554632184,0.0,-0.11988530996240732,25.04362125536672,0.0,145.465,-0.11840587347804642,0.054885012413299045,-4.968835898214001,1.5683212493568321,-0.10663412227714544,0.054808660341647275,-4.962846760293411,0.02547477753785407,-0.03449377206077742,-0.01,1.5697771528487803,-3.11864395582694,676.9205929865146,0.0,-0.02919822758982004,24.9999836089085,0.0,1.5719642561331935,35.0,0.07416848655286691,0.040763392212906084,0.050868711208682756,0.1703774327085286,0.2502244199186376,0.032491011427955505,0.12295072368088672,0.11756352049951152,-37.0269072642699,0.07718453207160207
145.6,-3.0360064515717227,1175.454188187095,5.015,-0.01,25.02,0.02,1.5668391115639844,0.0,0.0,0.0,-3.039807179010824,679.4323349342128,0.0,-0.1596579591696566,25.03365032723661,0.0,145.531,-0.11531672229897343,0.059849573575557986,-4.984044561737471,1.5312341836096417,-0.08759291376652079,0.05393035466280301,-4.966924093163032,0.22047198087295178,-0.017513001500088166,-0.02,1.5619785533178916,-3.121563778510107,679.4205912814372,0.0,-0.029198227625014134,24.9999836089085,0.0,1.5719642561346012,29.0,0.07259917590508949,0.04071660889406326,0.05068644334088698,0.1703000840401831,0.25018284667941865,0.032231867499204064,0.1227734319165515,0.11720338238424445,-37.065577085026234,0.07713690393441588
145.7,-3.036007294030469,1177.9507376194022,5.013,-0.01,25.01,0.02,1.5662879469480853,0.0,0.0,0.0,-3.043857819757919,682.4357791377503,0.0,-0.14621124138274322,25.02335378217628,0.0,145.663,-0.12685463135264308,0.04343049750126887,-5.001873634310988,1.5397117784602008,-0.10661009511855565,0.046139729545840016,-4.9770870670506895,0.16778665024696932,-0.020962281079327738,-0.02,1.5644821759616214,-3.12506756573374,682.4205892353447,0.0,-0.02919822764303863,24.999983608908508,0.0,1.5719642561353222,37.0,0.07397828235743836,0.040773356292904,0.050790329820170885,0.17037163756071447,0.2501998369411813,0.032495950841075094,0.12290748073884919,0.11750359938033601,-37.03418400920435,0.07716439066724641
145.8,-3.0450977685698035,1179.8148278536783,5.012,-0.02,25.0,0.02,1.5653124452244978,0.0011180321552741082,0.02069558536019984,-0.00606689120876309,-3.047107105990381,684.4373835930394,0.0,-0.12288448862351227,25.016589528611913,0.0,145.729,-0.10999986199661883,0.05397131725175808,-4.887297233965332,1.5416429217632392,-0.07999353378664535,0.04801781009205451,-4.969386809629638,0.2983290771431795,-0.001881160701671547,-0.02,1.5596627859602494,-3.1274034238836377,684.4205878712828,0.0,-0.02919822764790696,24.999983608908508,0.0,1.571964256135517,31.0,0.0729604759736534,0.0408196455561168,0.050652076135214906,0.17041540410443964,0.25021243287076467,0.032261780255873944,0.12279482377322949,0.11732217006439982,-37.07127290697522,0.07718275653849964
145.9,-3.0450986131374407,1182.3113772693534,5.012,-0.02,24.99,0.02,1.564383812775139,-0.008279892451977432,0.07955418190072253,-0.021753298709973883,-3.05144094052739,686.9386560532532,0.0,-0.0956642986544581,25.008949572799178,0.0,145.828,-0.11356262039536859,0.05061582850469346,-4.973009362190822,1.5325049786981622,-0.06873793495293637,0.04943904395779457,-4.9662444117890185,0.334366615993984,0.012870474135123544,-0.02,1.5582237682861215,-3.1303232465707813,686.9205861662053,0.0,-0.029198227634439942,24.999983608908504,0.0,1.5719642561349783,32.0,0.07439179795234936,0.04081515041357274,0.05076514786187305,0.17037840661658124,0.25019710728499683,0.032526265089176214,0.12300356499065487,0.1175923451993505,-37.02341659761111,0.07716571724205623
146.0,-3.0541892986053654,1184.7968290336335,5.009,-0.01,24.99,0.02,1.5626159497213106,-0.014943282998387774,0.08081750193711852,-0.019793202528266142,-3.0555810865065154,689.4391536938024,0.0,-0.052372056939858753,25.001736235712187,0.0,145.927,-0.11710016372861094,0.0357139980533908,-4.8851884076043035,1.5393976335680803,-0.07514105293027681,0.04214175954070571,-4.961790504207174,0.2543033580828302,-0.004018951634151335,-0.02,1.5610190211619348,-3.133243069257645,689.420584461128,0.0,-0.029198227652048093,24.999983608908508,0.0,1.5719642561356826,35.0,0.0744124420748179,0.04089279719579922,0.05093956776468139,0.170454884805595,0.25023290251256247,0.03253148688123853,0.12299514842012126,0.11766174938962957,-37.007564641169644,0.07720606566771972
146.1,-3.05419014586181,1187.2933784264874,5.008,0.0,24.98,0.02,1.5615919959407787,0.002508378290113178,0.008519815358219097,-0.0026128608466871516,-3.058897007272162,691.9389502410986,0.0,-0.030041895872356207,24.99499850648338,0.0,146.026,-0.11046058850183785,0.06302547174796352,-4.916816829669918,1.5494707685057745,-0.08731559447527704,0.05126018357884949,-4.957666214847034,0.11681638853672217,0.028192327290280872,-0.02,1.5661252359220503,-3.1361628919449074,691.9205827560505,0.0,-0.029198227628128324,24.99998360890851,0.0,1.5719642561347258,35.0,0.07450923929675622,0.041577412987588956,0.05100727416933296,0.171289043996087,0.2505761810983317,0.0324406078993315,0.12287928239049054,0.11816212023810474,-36.96361504460567,0.07761192349876145
146.2,-3.0541909893485126,1189.778832035948,5.005,0.0,24.97,0.01,1.5620935233917574,-0.017570114766019912,-0.08257061791870152,0.015884970213479198,-3.0611375842449187,694.4380993363582,0.0,-0.047809496586075466,24.98854856203338,0.0,146.125,-0.10544758917959904,0.057959390188454016,-4.915815627960523,1.545429133203782,-0.08084557417259036,0.06040807862393759,-4.95136485978329,0.18431799731641296,0.052572111610778904,-0.01,1.5634303908324543,-3.139082714631,694.4205810509742,0.0,-0.02919822763462868,24.999983608908504,0.0,1.5719642561349858,35.0,0.07543673619451219,0.0416163794243835,0.05107417210378279,0.1712498792760424,0.25054462824542345,0.032614672680077984,0.1230008594489105,0.1183232554540573,-36.93156100252656,0.07758417638302477
146.303,-3.0541920473642676,1192.8967448077972,5.003,0.0,24.97,0.01,1.5633334122274558,0.0,0.0,0.0,-3.0628134374778293,697.4363181903517,0.0,-0.0737670498883506,24.982329353811988,0.0,146.257,-0.11201045448895405,0.04201898410471202,-4.955389827895186,1.563298456526729,-0.09349566314342116,0.049981948228096804,-4.94897659600235,0.10740385355506805,0.021346103359167756,-0.01,1.5664987114572386,-3.142586501855285,697.4205790048812,0.0,-0.029198227649722172,24.999983608908508,0.0,1.5719642561355895,46.0,0.07631225718708763,0.042131928327785895,0.05122038474356094,0.1719020097396651,0.2508283147861655,0.032830425613125096,0.12316478153747583,0.11893473250300104,-36.86675329212147,0.07791050660806968
146.406,-3.054192890557829,1195.3821983952948,5.001,0.01,24.96,0.01,1.5639223834176104,0.005548812247096011,-0.05712625561502689,0.008313600148775505,-3.0638035963107217,699.9343250011714,0.0,-0.08994853123019571,24.978078009567856,0.0,146.356,-0.10134027685715219,0.041899910758208016,-4.9590702402927445,1.5392348251561703,-0.0819541509304118,0.04596832374749906,-4.947920550187673,0.1817930581954851,0.016280406605851283,-0.01,1.5631174696802403,-3.1455063245439594,699.9205772998039,0.0,-0.029198227669974833,24.999983608919877,0.0,1.5719642561363991,50.0,0.07904167168453251,0.04265240537128571,0.051365234233726305,0.17262214347938737,0.25115000233502355,0.033376397863902334,0.12356456505968096,0.11996211459958563,-36.75172162275542,0.07827698282151901
146.5,-3.0632833829649257,1197.257382467527,4.999,0.01,24.96,0.01,1.5642324551616353,0.012843325860805764,0.012773973402448098,-0.005015320647913549,-3.064697376113731,702.431918042186,0.0,-0.09267412966851254,24.97355139123563,0.0,146.422,-0.11398478056281984,0.07056264515271893,-4.986123559484138,1.5449506531583848,-0.08921800876016837,0.06002532476964388,-4.953616806146957,0.11776375444968278,0.04589987420986219,-0.01,1.5656870268562761,-3.148426147233377,702.4205755947264,0.0,-0.02919822765098228,24.999983608908508,0.0,1.57196425613564,39.0,0.07445437095027686,0.041650268989246446,0.05108273112354844,0.17127283011987143,0.2505568661466921,0.03246701171211455,0.12287727499691213,0.11815370075022182,-36.9564841847711,0.07759631204970419
146.604,-3.063284440178677,1200.36419942498,4.997,0.01,24.95,0.01,1.5642081993308405,0.0,0.0,0.0,-3.065651842412069,704.9290702559865,0.0,-0.09585358912225381,24.969122081803203,0.0,146.521,-0.11286199602251822,0.06235974806326635,-4.956546313438235,1.5639902830452097,-0.0990844386836696,0.0690477782193497,-4.958634588675354,0.04399711096803723,0.06501219814486703,-0.01,1.5686377419149857,-3.151345969921668,704.9205738896492,0.0,-0.029198227660730033,24.9999836089085,0.0,1.5719642561360299,39.0,0.07745087332049233,0.04231137096663814,0.051264900992179535,0.1721750703780213,0.2509537019534358,0.03304228325829316,0.12332198999435699,0.11933910104782143,-36.82242714261234,0.07805050072339847
146.702,-3.063285286120106,1202.849652981085,4.996,0.0,24.95,0.01,1.5651636133578162,0.0,0.0,0.0,-3.0668358228129864,707.4258205364473,0.0,-0.12082767801058417,24.965536405416138,0.0,146.686,-0.11388583263827863,0.0623344717206322,-4.861957026742525,1.554991348352906,-0.09790907668791458,0.06332232606983798,-4.947903745675925,0.17094734718716598,0.040512512745966234,-0.01,1.5635558116183745,-3.1542657926117523,707.4205721845723,0.0,-0.029198227687430918,24.999983608908497,0.0,1.571964256137098,16.0,0.07263601931655647,0.04048911320673436,0.05095152133215961,0.1697962340455935,0.2499503797246305,0.03239867289387734,0.12296180626337429,0.11698665034187342,-37.08044689451553,0.07688060819250721
146.8,-3.0632859209345042,1204.7137431417148,4.994,0.0,24.95,0.02,1.565545561784182,-0.0021711066278111415,0.03414207734907653,-0.006642355238709839,-3.068136915852104,709.423013402836,0.0,-0.1267665405394073,24.963654105623082,0.0,146.719,-0.11305028867379237,0.06883706464475502,-4.87964688378708,1.5426018573544737,-0.07812808672559562,0.0688350087226583,-4.942185660727567,0.25023900563891377,0.045079192356752174,-0.02,1.5607851304442764,-3.1571856153032334,709.9205704794948,0.0,-0.029198227684177964,24.9999836089085,0.0,1.5719642561369678,41.0,0.07873854548987667,0.04133051686270936,0.05069335052568488,0.17145212259564266,0.25078371931566507,0.03373025633156078,0.12403467172962537,0.11928842015713831,-36.897828229957554,0.07777537032071216
146.9,-3.0632867705085687,1207.2102924549704,4.99,0.0,24.94,0.01,1.564391497117702,-0.0055508634372022315,0.07397132837516783,-0.020039253002568192,-3.0702057731288366,711.9193306798892,0.0,-0.09583404477486425,24.962256081983575,0.0,146.818,-0.13110709014512958,0.06700237033644106,-4.993802631945956,1.545468945841378,-0.0921869841128696,0.07182565421892306,-4.9469684849378055,0.1637655735126127,0.05261101908185495,-0.01,1.5642438609627742,-3.159521473456548,711.9205691154328,0.0,-0.029198227687336552,24.9999836089085,0.0,1.5719642561370941,44.0,0.08093908758021415,0.04184904471927746,0.050803900923141375,0.17217962504485093,0.2510929506461042,0.03408309201376285,0.12426457083437355,0.12018034866186406,-36.800938697549945,0.07813776985544246
147.0,-3.063287638143265,1209.773414504825,4.987,0.0,24.94,0.01,1.5635227184419074,-0.005590152296139093,-0.00170198361897854,0.0005109227028079968,-3.0724032807444006,714.4154950496661,0.0,-0.07796743986226007,24.96093235935771,0.0,146.917,-0.12346616430087726,0.07095490100957041,-4.919249154132462,1.5426876375258731,-0.09165829492384091,0.07780104075504729,-4.938358381922692,0.2032558889056838,0.05497547533401104,-0.01,1.562664636126543,-3.162441296147662,714.4205674103554,0.0,-0.02919822767409159,24.999983608908508,0.0,1.5719642561365643,43.0,0.08022741400047634,0.041909001024334716,0.050804145730573416,0.17218512241519468,0.2510718779649311,0.03398447332519146,0.12418680393908796,0.1200359745332438,-36.80275455783012,0.0781238077136572
147.1,-3.0632884841495525,1212.2588680194924,4.984,0.0,24.94,0.01,1.5636420287799575,-0.0070208844079465435,0.011004804804699798,-0.004437339415479091,-3.0744920415536674,716.9115429764665,0.0,-0.08063546423421745,24.959832532060492,0.0,147.016,-0.12046274090978482,0.08803313954227128,-4.903579077851088,1.5605723053076783,-0.10671499248595025,0.08981009852266075,-4.935549730862103,0.06367224991232574,0.07108363943038754,-0.01,1.5682505709500238,-3.165361118837953,716.920565705278,0.0,-0.029198227666952858,24.999983608908515,0.0,1.5719642561362788,44.0,0.08389366948315734,0.04285039315256456,0.05087462523140186,0.17350338022758013,0.2516405716793757,0.03458904136339797,0.12457108034728973,0.12160328757196323,-36.67045191429196,0.07878978758130419
147.2,-3.0723792084133947,1214.7443215237042,4.982,0.0,24.94,0.0,1.563869148553584,-0.022020404806673746,-0.060082474098835235,0.01623731745348576,-3.0764966404111704,719.4075417800477,0.0,-0.09009680945672663,24.959616938579142,0.0,147.115,-0.1112749705783704,0.08455377674999792,-4.883658727921503,1.5694709117984809,-0.09677417385415248,0.09403478434554258,-4.934784338835632,0.13130997033739017,0.06712618987075913,-0.0,1.5655454729968468,-3.1682809415278745,719.4205640002006,0.0,-0.029198227662517513,24.999983608908515,0.0,1.5719642561361014,45.0,0.08001617047366878,0.04207723525571328,0.05075236846193656,0.1722561042651638,0.2510558907363545,0.03393913992848476,0.12414801882065028,0.12001470569474518,-36.8154813000935,0.07813257936637147
147.3,-3.072380056900329,1217.2297750198427,4.981,0.0,24.94,0.0,1.565067510647003,-0.016631751388104847,-0.001984586268378608,-0.0005676439846416604,-3.078691720176751,721.9035920292866,0.0,-0.11637301749242777,24.96056933810143,0.0,147.214,-0.12008003701791359,0.09765682827027629,-4.852610205696925,1.5709004542382914,-0.12316854480251882,0.10193348115141516,-4.922965123516233,-0.054760153953480384,0.07215724476406038,-0.0,1.5729856648006288,-3.1712007642177436,721.9205622951233,0.0,-0.029198227692671164,24.99998360890849,0.0,1.5719642561373075,50.0,0.08030482010973115,0.04196651691417571,0.050771967885706766,0.17213256252308845,0.2510188868135341,0.033991400450306866,0.12420834478084454,0.12001107423339241,-36.811942138816946,0.07808013778481085
147.4,-3.0723809092061742,1219.726324281884,4.98,0.0,24.95,0.0,1.565756008089755,-0.01602693597998883,-0.11163971272979284,0.023686137227788714,-3.0814180844896506,724.3998112197784,0.0,-0.13824169052543836,24.96259721456086,0.0,147.313,-0.12050052069680466,0.09016475638671405,-4.852983838975972,1.5228795406474849,-0.07411467681392006,0.09933002899594832,-4.924620339210618,0.3727843839627548,0.04284541028895461,-0.0,1.5558817888026746,-3.174120586911187,724.4205605900459,0.0,-0.02919822772035461,24.999983608908504,0.0,1.5719642561384148,48.0,0.0799301239455312,0.04191610380311618,0.0506872886446854,0.17209411164531033,0.25101587580465134,0.03393847660225002,0.12417012971030804,0.11991038017745213,-36.83154661148114,0.07806952093104715
147.5,-3.0723817529900543,1222.211775837804,4.979,-0.01,24.95,0.0,1.5669944247372936,0.00425155955130651,0.2512735438443927,-0.02593533938543601,-3.0858226951584533,727.3956228627959,0.0,-0.1342414360536771,24.966231566695072,0.0,147.478,-0.10437353681906417,0.09375495135036736,-4.864657044323513,1.5652324169791965,-0.08623460064639558,0.09959491701463823,-4.913926717788247,0.2400946626722836,0.03472006392668092,-0.0,1.5615871718640797,-3.1776243741457675,727.4205585439531,0.0,-0.029198227724467993,24.999983608908508,0.0,1.5719642561385794,22.0,0.08395030031492959,0.042865059013796274,0.05089320955345537,0.17344747769119695,0.2516179361069479,0.034562493758537004,0.12458140942295236,0.12158589182265159,-36.66723547736694,0.07876393078490865
147.6,-3.0814724943470537,1224.7083250737687,4.979,-0.01,24.95,0.0,1.563753308323447,0.00904181065684937,0.075329632173225,-0.017518244237802814,-3.089165991211726,729.3930647307682,0.0,-0.08140577730712498,24.968876338479486,0.0,147.511,-0.12977358392753197,0.08033699427776718,-4.835858089162747,1.5372090250050596,-0.08719059134017752,0.09244857136608038,-4.905619054384353,0.19795305923379006,0.011865723243950299,-0.0,1.563266861271796,-3.1799602323025695,729.4205571798913,0.0,-0.0291982277500864,24.999983608908497,0.0,1.571964256139604,49.0,0.08467532859216015,0.04307876782842143,0.05126692415260026,0.1736485432712837,0.25168289851754777,0.034678179631414126,0.12463343926568661,0.12188815733404916,-36.61342507855334,0.0788537907629535
147.7,-3.081473345371819,1227.1937785283922,4.979,-0.01,24.96,0.0,1.5632592458885648,0.02412230384671902,0.0036785577984480918,-0.001249550561478461,-3.0931739840045465,731.8900842499949,0.0,-0.07089669770627813,24.9710826453873,0.0,147.61,-0.12098023186036687,0.09178053989717658,-4.888564950443822,1.5613151937886331,-0.10481490587547772,0.08888647918524555,-4.9046315982963975,0.057836966703643904,-0.0071889797724544735,-0.0,1.5688792318407236,-3.1828800550012994,731.9205554748139,0.0,-0.029198227752745394,24.999983608908508,0.0,1.5719642561397105,50.0,0.08387144441930536,0.04307206542429019,0.05116752974359322,0.1735914355821545,0.25165032844616736,0.03460134422792745,0.12460661606443578,0.12169367421290289,-36.64421968763287,0.07882074474946327
147.8,-3.090564092944817,1229.6792319720907,4.979,-0.01,24.96,-0.01,1.5638696449485163,0.0250828514575998,-0.08147232652487632,0.018343867728381383,-3.096850203361494,734.3872401179273,0.0,-0.08955655556780943,24.97171131867671,0.0,147.709,-0.11796895116347865,0.11224744755866042,-4.863333025929282,1.5667692743255344,-0.11654364494665238,0.10485549478086764,-4.895163322433291,-0.025925194029243204,0.027501996691988495,0.01,1.5722340523138734,-3.1857998777001195,734.4205537697366,0.0,-0.029198227758424202,24.99998360890852,0.0,1.5719642561399376,51.0,0.083885511834933,0.04309339124054006,0.0511202387858269,0.1735970811763522,0.2516515975997177,0.034588487486345784,0.12459291687214476,0.12169132984668043,-36.63977328332621,0.07882130339512544
147.901,-3.0905649553822627,1232.1757831206407,4.98,-0.01,24.96,-0.01,1.5659692548823096,-0.010953623111868604,-0.09068526461535951,0.025745173485400414,-3.101451083045952,737.3838225417635,0.0,-0.15592467562322085,24.970602147319404,0.0,147.808,-0.12142797607376296,0.10801692780648106,-4.790760590654815,1.558783964919131,-0.10498861714576585,0.11050726895889072,-4.881335830316383,0.0964213698052209,0.034659327432400744,0.01,1.5673387471460691,-3.189303664936397,737.4205517236437,0.0,-0.029198227712033495,24.999983608908515,0.0,1.571964256138082,52.0,0.08487253353149603,0.04328219060039216,0.051222772936072025,0.17384675752569081,0.2517583626791903,0.03475761648487186,0.12469135087730687,0.12206146060690412,-36.60371351723346,0.07894721996298582
148.0,-3.0996557072678,1234.661236549876,4.983,-0.02,24.96,-0.01,1.5675623024024556,-0.0204717101879961,0.01116761134221186,0.0011422268708408373,-3.1051767208350705,739.3815182451974,0.0,-0.17737036421618801,24.970319604814605,0.0,147.907,-0.11077414714397575,0.10586160911113017,-4.875452468229942,1.537206701719723,-0.07578295212399624,0.11029115287530937,-4.8820392944079565,0.2913523911709489,0.027304652144138686,0.01,1.5599371433520306,-3.1916395230920456,739.420550359582,0.0,-0.02919822771725154,24.999983608908508,0.0,1.5719642561382907,53.0,0.08369014049900422,0.0430259229021746,0.05121561363844026,0.17348289870340655,0.25159553918226957,0.034511223547223364,0.12451365975729908,0.12156961623452515,-36.6480955536512,0.07875962711594213
148.1,-3.0996565674543035,1237.1577857460734,4.988,-0.03,24.96,0.0,1.5665236814555266,-0.011779236058572576,0.12630497453100983,-0.029434802549878177,-3.110778786988647,741.8786914818478,0.0,-0.14652508175883072,24.97172642777749,0.0,148.006,-0.10753863899724476,0.11216690550011628,-4.849789315289374,1.5208354575427685,-0.057686501927362514,0.11430504400909137,-4.881689201369753,0.4128319023965542,0.02971506144558589,-0.0,1.5554779465413553,-3.19455934578766,741.9205486545046,0.0,-0.029198227727043714,24.999983608908508,0.0,1.5719642561386824,54.0,0.08389229226742524,0.0430814045131071,0.051142348327131576,0.17358332870615045,0.25164904593192755,0.03458279293162849,0.12460054549550058,0.12168914373700376,-36.6467590695418,0.07881711319585102
148.2,-3.108747332447763,1239.6432411040785,4.991,-0.03,24.96,0.0,1.5637693456981818,-0.009653194725228714,0.17419812333968354,-0.037408632124619444,-3.1167929551729814,744.3760308887563,0.0,-0.0769228922531774,24.97426050814199,0.0,148.105,-0.12031226479555422,0.12261899415332607,-4.869710242617056,1.5462580526697012,-0.08815453330223556,0.1256840096400194,-4.882295808272639,0.14546601818238836,0.050233803470842275,-0.0,1.5661796087450903,-3.1974791684835076,744.4205469494271,0.0,-0.029198227724767753,24.999983608908508,0.0,1.5719642561385914,55.0,0.08673781496245794,0.04326220400545183,0.05152979150242153,0.17381737857052473,0.2517480113279444,0.03501729560294927,0.12488251555764195,0.1224617822362069,-36.5417185752798,0.07893520598838005
148.306,-3.117838316049699,1242.7611536320765,4.995,-0.02,24.96,0.0,1.5625236407530052,-0.021712872335295574,-0.08162924841018522,0.010545792948232026,-3.123135378463418,747.373189663223,0.0,-0.05271840116213611,24.978012976303567,0.0,148.27,-0.10605895327077737,0.11307571606902225,-4.9324137847589204,1.5441115977185584,-0.09942727584259234,0.11652931696846404,-4.891287335506403,0.1301290976146471,0.021303443439617098,-0.0,1.566387894527274,-3.2009829557182825,747.4205449033343,0.0,-0.02919822772516743,24.999983608908504,0.0,1.5719642561386074,36.0,0.08855327172275308,0.04416638156099944,0.051806416309397516,0.1750257530109459,0.2522757587515369,0.035464214272627664,0.12523858287464643,0.12369574176895493,-36.34034012826214,0.07952972507439354
148.4,-3.117838961986422,1244.6252436805325,4.996,-0.01,24.97,0.0,1.5637342618454733,0.006080200386951107,-0.07402581802291547,0.013768885510297904,-3.1266215714085335,749.3715783099063,0.0,-0.08374102232806008,24.981011229989157,0.0,148.336,-0.1131544419008133,0.12611386374204597,-4.920230790279241,1.544930197023288,-0.08865389692452118,0.1218965285845134,-4.894519834506276,0.1878663417007151,0.02156043792139073,-0.0,1.5636793906952307,-3.2033188138754136,749.4205435392727,0.0,-0.029198227739139607,24.999983608908515,0.0,1.5719642561391662,24.0,0.07214791982321471,0.040969223488740505,0.051221723265014216,0.17041599735237636,0.2501436471754383,0.0322980255387237,0.12256623429684575,0.11718656516156974,-37.038237371367245,0.07712111004469478
148.5,-3.11783982275432,1247.1106970677279,4.998,-0.01,24.97,0.0,1.5645019137908263,0.0008946823778822954,-0.005155616788082464,0.0009773991382044354,-3.1305545563845034,751.8699232661621,0.0,-0.10101333815751444,24.985055318103374,0.0,148.468,-0.10586337229765774,0.13021478412475468,-4.867405978046505,1.5432799338372358,-0.08517518978048827,0.12925535273468813,-4.891893764553579,0.27415149910652925,0.03372734555513901,-0.0,1.5602322349319544,-3.2062386365720967,751.9205418341954,0.0,-0.02919822773737434,24.999983608908504,0.0,1.5719642561390956,32.0,0.07287116426855696,0.040761938310578436,0.051004613353757396,0.170351809810935,0.25015189865433834,0.03226115485554223,0.12281428158084333,0.11729305415911999,-37.057304507484005,0.0771110998502201
148.6,-3.12693060108046,1249.6072462166712,4.999,-0.01,24.98,0.0,1.5638748012159505,-0.012607555602042006,0.05880746913557816,-0.014232887125065423,-3.1342466291396116,754.3686643374896,0.0,-0.08225688791213613,24.98922095086873,0.0,148.534,-0.10537183776949512,0.1276330860101462,-4.875930326129629,1.5458557467682477,-0.07370935047304833,0.12995078417759628,-4.8901451769185265,0.2521016078373749,0.022093892811266613,-0.0,1.5611133761435074,-3.2091584592716487,754.420540129118,0.0,-0.02919822779799256,24.9999836089085,0.0,1.5719642561415204,26.0,0.07109174254678637,0.04042495248665971,0.05075175466708514,0.16990040153374608,0.24997241705967144,0.031877627152735816,0.12262450503670548,0.11666926132404357,-37.133933584118736,0.07689795074198255
148.7,-3.126931468713053,1252.1037953598454,4.999,0.0,24.98,0.0,1.5627450496566038,-0.003569464499054467,0.03104912815867632,-0.01030201783450648,-3.1375372741031264,756.8678327481421,0.0,-0.056153240419833106,24.993764854246887,0.0,148.633,-0.09986403790908144,0.13899954529795583,-4.853422012357993,1.5692976191267154,-0.09058644818980022,0.13723463581526418,-4.888203463577728,0.05025720680169768,0.03611964537295265,-0.0,1.5687873365957479,-3.2120782819757427,756.9205384240407,0.0,-0.029198227825892473,24.999983608908494,0.0,1.5719642561426364,27.0,0.07168592353121198,0.04049322872669871,0.050652740858454184,0.17001364216370793,0.25004958802745536,0.0320119465158346,0.12270506315737048,0.11685500560036563,-37.124029232452585,0.0769740617277801
148.8,-3.1269323373073235,1254.589250692572,5.0,0.0,24.99,0.0,1.563088500467364,-0.00887735216825141,-0.09675485069408428,0.02446170536515822,-3.140215819569937,759.3674834665902,0.0,-0.06999488007404167,24.99875897282853,0.0,148.732,-0.10763641347228485,0.11821297908673373,-4.907968130773845,1.5597655553496543,-0.09722732612199925,0.13212794353008395,-4.891577023427411,0.029217330026828706,0.009215153514535501,-0.0,1.5696275974350153,-3.214998104680895,759.4205367189637,0.0,-0.029198227814329517,24.99998360890851,0.0,1.5719642561421738,28.0,0.07269371789630963,0.040679864546205896,0.05058801778935745,0.1702872590346155,0.25019730636077847,0.03222327574576652,0.12285341542531623,0.11722611942610678,-37.08907247321,0.07713098384975095
148.901,-3.1360231286629983,1257.0857998181764,5.001,0.0,24.99,0.0,1.5651769545536973,0.014240201207094006,-0.0856534582752751,0.020884452091958692,-3.143085776013899,762.367745915928,0.0,-0.1304162973229895,25.004632827479263,0.0,148.831,-0.10422856661537494,0.1183414631883171,-4.898809005895961,1.550466634287969,-0.08416078241939004,0.11892413187394615,-4.893504322809571,0.15521997751741534,-0.019814752562087534,-0.0,1.5645801943663542,-3.218501891926816,762.420534672871,0.0,-0.029198227823227948,24.999983608908508,0.0,1.5719642561425298,29.0,0.0734480672739749,0.04092451572241698,0.050686123465957925,0.17056536801499875,0.25032627244354466,0.032383623094289174,0.12293721515752548,0.11755656304237543,-37.04572209457745,0.0772771777187092
149.0,-3.136023998619237,1259.5823489368238,5.0,0.0,25.0,0.0,1.5661244076353054,0.032569019000367315,0.012092719787624278,-0.0026864677960805427,-3.145246060032996,764.3683087339958,0.0,-0.13988619072599312,25.00798660005847,0.0,148.93,-0.10260924323613421,0.1301872848746237,-4.97542906734143,1.5416489135528224,-0.07202583290539932,0.12336722424735884,-4.905625354658335,0.23224655349180565,-0.01585955080275525,-0.0,1.561500835331111,-3.2208377500902805,764.4205333088098,0.0,-0.029198227799724513,24.999983608908508,0.0,1.5719642561415896,30.0,0.07278342365955748,0.040763083085336924,0.050631830570777095,0.17031269989548625,0.2502200985669828,0.032247355081367536,0.12281579967716852,0.11726276400182331,-37.07961877233601,0.077157146210198
149.101,-3.1360248600249747,1262.0678002869586,4.998,-0.01,25.0,0.0,1.5652544582870342,0.016839758259601444,0.07225174188182537,-0.014975298860250303,-3.148986870577058,767.369567640567,0.0,-0.10825110524303541,25.011563684161313,0.0,149.029,-0.10479242095886461,0.11907664762953774,-4.914055180773859,1.536432632199442,-0.07283433859875652,0.11943936640310271,-4.907157814333543,0.23981623863529433,-0.02074090442295784,-0.0,1.5615963039357306,-3.224341537332278,767.4205312627168,0.0,-0.02919822777295147,24.99998360890851,0.0,1.5719642561405187,31.0,0.07284001372927877,0.04084308681982976,0.05064462895150388,0.17038587688246823,0.25024973047114085,0.03225902651023837,0.12280245663212781,0.11731606657084935,-37.070681450969914,0.07719374199377402
149.2,-3.1451156595999237,1264.564349378727,4.997,-0.01,25.0,0.0,1.5640140087951462,0.011646476321197993,0.049064810441904055,-0.011688469388896897,-3.1521421370890823,769.8708443469249,0.0,-0.08190237049760715,25.013186879058352,0.0,149.128,-0.09692530427167607,0.12735377679512147,-4.959482471788885,1.5510795404591162,-0.06964658184358377,0.12338108168862437,-4.916221816509223,0.2286282969446259,-0.007353383723454954,-0.0,1.5620488450292562,-3.2272613600320743,769.9205295576401,0.0,-0.02919822778853779,24.999983608931228,0.0,1.571964256141141,32.0,0.07265318343691425,0.04073713470539285,0.0506016260775976,0.17027030569881407,0.25020574299984244,0.03223698857866821,0.12278572856762601,0.11720897317459493,-37.065915285252714,0.07713753596660876
149.3,-3.1451165320348196,1267.0608984651901,4.998,0.0,25.0,0.0,1.5634134854797759,-0.00699166635995622,0.022572577570635907,-0.005378605684549195,-3.1543753536180756,771.8719658450515,0.0,-0.07224913980075709,25.014267562501843,0.0,149.227,-0.09992678023484,0.11932975358806068,-4.871233321021012,1.5576997366020016,-0.0778343443446842,0.12099853471043603,-4.909510565767738,0.102403667169697,-0.009620103847510109,-0.0,1.5666986262222704,-3.229597218195343,771.9205281935783,0.0,-0.02919822782091869,24.99998360890851,0.0,1.5719642561424374,33.0,0.07272495905347437,0.04072855948787135,0.05057347557231863,0.17029127370252706,0.25020636825249654,0.032275420189195964,0.12276366093862451,0.11722037546752613,-37.08430934091259,0.07714449068963372
149.4,-3.145117400479421,1269.546351769419,4.999,0.0,25.0,0.0,1.5635302668113749,-0.0034456019625904873,-0.049108353110471126,0.011462245007847946,-3.1566340540456883,774.3734907596535,0.0,-0.07921464343361456,25.015666609036945,0.0,149.326,-0.10176570220160797,0.13298583062942998,-4.975414396231365,1.5379177777257462,-0.07550304239021999,0.12468063357894422,-4.911943745954924,0.17991208596972216,0.0025425047494955777,-0.0,1.5636006993574516,-3.232517040900713,774.4205264885011,0.0,-0.02919822781684852,24.99998360893125,0.0,1.5719642561422735,35.0,0.07419933175593182,0.04145849536828303,0.05068192746408317,0.17119868790114584,0.250569690379657,0.0323782533044036,0.12282836141092934,0.11802232357267248,-36.99470687042886,0.07758009552056579
149.503,-3.154208431900031,1272.6642661567341,5.0,0.0,25.0,0.0,1.5642846869912483,-0.006837194914412072,0.0024649254642349176,-0.0010401926847573896,-3.158752042993082,777.3755347518331,0.0,-0.0945433765730056,25.01767674417437,0.0,149.458,-0.10231574274681408,0.13101708389635172,-4.904146788693641,1.5596372578683613,-0.09135017604445751,0.1279180760510315,-4.9128724154933465,0.07380477263020485,0.012723444334074685,-0.0,1.5678456461702863,-3.236020828144935,777.4205244424085,0.0,-0.02919822779597751,24.999983608908508,0.0,1.5719642561414398,45.0,0.07597612349750621,0.042068632961703385,0.050941118637021,0.17189991423364712,0.2508528177753504,0.03280036205910305,0.12317216138097059,0.11886110057880239,-36.80936400933424,0.07789897768433932
149.6,-3.154209089281437,1274.5394518965084,5.001,0.0,25.0,0.0,1.564623241839234,-0.00901912013678053,-0.046211690252561534,0.012724705897563873,-3.1599913264015016,779.3770522696989,0.0,-0.10503976483449816,25.019258977212246,0.0,149.524,-0.10336668244565167,0.1303844492100562,-4.905484759635267,1.5594990249368055,-0.09292436710689017,0.12969169868734182,-4.912066721187026,0.04743283404125683,0.017325945687854727,-0.0,1.568900329704442,-3.2383566863058717,779.4205230783468,0.0,-0.029198227770758776,24.99998360890851,0.0,1.571964256140431,36.0,0.07428170091063814,0.041584871889699566,0.05080541982045244,0.1712772427339694,0.2505454807147219,0.03260515833010022,0.12281685279349053,0.11808427080834362,-36.96524032246124,0.07756602673925933
149.7,-3.154209963984954,1277.036000948639,5.001,0.0,25.01,0.0,1.5658704289842884,-0.00899193509495172,-0.04266302926957236,0.014807363135278223,-3.1616262987707,781.8791640601416,0.0,-0.13688112290123428,25.02166252235801,0.0,149.623,-0.1092239426470413,0.12829360540682277,-4.947008048202714,1.5841842183996535,-0.12044769891459381,0.12871121491704723,-4.9161972080632435,-0.1748454392869458,0.0067319949321884565,-0.0,1.577785352877574,-3.2412765090037965,781.9205213732694,0.0,-0.029198227732694745,24.9999836089085,0.0,1.5719642561389084,37.0,0.07593294929398349,0.04379863614409327,0.05257605501415035,0.17315550807196525,0.2511657281545826,0.03263621923486252,0.12296784539258311,0.11970164165893862,-36.70425380485223,0.07839218986806443
149.8,-3.1542108389556915,1279.5325499917033,5.001,-0.01,25.01,0.0,1.567717254688267,-0.0033885616031132824,-0.13909301306240185,0.037607990705560694,-3.1638651442703405,784.381564873538,0.0,-0.18718085258589917,25.024302661482817,0.0,149.722,-0.10120625627387879,0.1240773320787985,-4.961436458437932,1.5545353782151357,-0.08423371483377042,0.12360045981707045,-4.917842106891651,0.14091138911283582,-0.0018517327839688846,-0.0,1.5655616252103237,-3.2441963317000604,784.420519668192,0.0,-0.029198227750552697,24.9999836089085,0.0,1.5719642561396228,39.0,0.07440669882565147,0.04190609330412578,0.0520034556758471,0.1713038253972507,0.2505569640892583,0.03252583010410828,0.1230948707544407,0.1183309065677465,-36.896761597945996,0.07757838131751787
149.9,-3.1633016407985224,1281.973620153453,5.002,-0.03,25.01,0.0,1.5699595824724548,0.0050050056641233335,0.11476794004271247,-0.009464165777271473,-3.167440282878826,786.88429161498,0.0,-0.23265436605297954,25.027141548756898,0.0,149.821,-0.10477290779976685,0.12743029724159527,-4.949807587920794,1.5542727324755399,-0.08469859591391743,0.12469716140631952,-4.92634562900057,0.11824766179505722,0.003649002002500623,-0.0,1.5672683610965847,-3.2471161543989835,786.9205179631155,0.0,-0.029198227773442137,24.999983608919873,0.0,1.5719642561405378,39.0,0.07446437806883735,0.041674849904320646,0.05176536795516743,0.1713950286521652,0.25068782673111306,0.03246160408090167,0.12301887205074384,0.11836943097324787,-36.91985374381675,0.07768280486984688
150.002,-3.172392689148978,1285.091532486199,5.004,-0.04,25.02,0.0,1.568424387197245,0.0,0.0,0.0,-3.173705195075564,789.8880024169546,0.0,-0.1961355259611706,25.031685790850943,0.0,149.92,-0.10441714087575014,0.09471612018485547,-4.8547516853975345,1.5273756521224897,-0.04724029047749924,0.10434098810808382,-4.920113211483594,0.41417161608217407,-0.049715947595437626,-0.0,1.555812772202287,1292.6349999997215,1.1925475460110204e-07,0.0,25.0,2.8680631908363773e-09,0.0,1.1472252763345509e-10,41.0,0.08744120216699579,0.0439641575327072,0.05180147479007747,0.17501940558189616,0.2523769705646367,0.03516963524885093,0.125087138577129,0.12347182685697201,-36.47478484921396,0.07959503290347253
150.102,-3.1723935692141367,1287.588081497593,5.005,-0.05,25.02,0.0,1.565915540852819,0.0,0.0,0.0,-3.179782092011301,792.3914059009086,0.0,-0.13006152857083442,25.03459271128712,0.0,150.019,-0.09326969393033735,0.09471752258503884,-5.001744465260572,1.5504678097283118,-0.058785196176392954,0.09098330250811443,-4.925716756873532,0.23893941902801702,-0.06734001379243182,-0.0,1.5632245565556115,-3.253539764340266,792.4205142119488,0.0,-0.029198227784139143,24.999983608919873,0.0,1.5719642561409657,42.0,0.08297083032669003,0.04250473758159809,0.05175144603606847,0.1728762317231918,0.25140396910559865,0.034488421279871825,0.12457402328411944,0.12116730922523476,-36.657127199335704,0.0784792628667473
150.204,-3.1814844044286588,1290.0846304972429,5.004,-0.04,25.02,0.0,1.5641652248476186,0.0,0.0,0.0,-3.1855327378837517,794.894912859388,0.0,-0.09035830566521467,25.03461807647529,0.0,150.184,-0.09853505503327799,0.11464345649072766,-4.9584358494855945,1.5494292811609758,-0.08983694114159774,0.10589265638272757,-4.924226099033623,0.08359619753481112,-0.019759096924868658,-0.0,1.5690524974649045,-3.2564595870414728,794.9205125068723,0.0,-0.029198227784701977,24.999983608931238,0.0,1.5719642561409877,20.0,0.08289566848057911,0.04257255630892196,0.05169495642016937,0.17305151907881838,0.25149747318194965,0.03448480277787453,0.12457636453931357,0.12126276241965461,-36.65890035945712,0.07858019408998745
150.3,-3.1905752400346046,1292.570083713889,5.003,-0.03,25.01,-0.01,1.5650522807289402,0.0,0.0,0.0,-3.189446620055767,796.89762200629,0.0,-0.10461612057830577,25.0328248406168,0.0,150.217,-0.09315784193469552,0.11006298889023061,-4.948659957177666,1.5633959646121707,-0.08229178992716213,0.10548621232054077,-4.925923740675994,0.07942130255569244,-0.004899629322729027,0.01,1.568819880491106,-3.258795445203331,796.9205111428116,0.0,-0.029198227815336413,24.99998360891986,0.0,1.5719642561422136,44.0,0.07881142119436318,0.041626093193978565,0.05119410357149121,0.17181685277716852,0.25095665497787134,0.03370944317654368,0.12399523839622802,0.11957622726590127,-36.852392259679725,0.07795858309096784
150.4,-3.1905759051722953,1294.4452693955782,5.003,-0.03,25.01,-0.01,1.5662852563571672,-0.015188038309127553,-0.06780123565030216,0.013303102514642692,-3.193744757462156,799.4007697059974,0.0,-0.14564008321968272,25.02960115867385,0.0,150.316,-0.09154729237834378,0.09776200279217949,-4.872314011740334,1.5455152109760415,-0.05909436139783895,0.09657688023886962,-4.914243328254125,0.25026651415305035,-0.02146619692713969,0.01,1.5619818516709945,-3.261715267907241,799.4205094377344,0.0,-0.029198227798408898,24.999983608908504,0.0,1.571964256141537,44.0,0.08026373168219883,0.041878623752333304,0.05105292025654135,0.1722180792952583,0.25113907538662045,0.033983333936577854,0.12421622204683955,0.12011692524489148,-36.80658643219841,0.07816805310008396
150.5,-3.190576790035095,1296.9418183720757,5.005,-0.02,25.01,-0.01,1.5664762482654788,0.0017611504630285768,0.057204610147116364,-0.01459246634465249,-3.1978271112722907,801.9036713417797,0.0,-0.14371219422867956,25.027384075853153,0.0,150.415,-0.08932728799675643,0.09238079704195733,-4.849954590714725,1.5559651625951754,-0.06780732393710767,0.09424903629348273,-4.9035388665690895,0.14450584500571537,-0.02060631947104241,0.01,1.5658140204461624,-3.264635090610296,801.9205077326583,0.0,-0.029198227805627523,24.99998360891987,0.0,1.5719642561418252,45.0,0.08015569237582441,0.04192057044273927,0.05092363921200319,0.17224100925250188,0.2511332763974296,0.03396710138665715,0.12419056990917801,0.12008743569049285,-36.81307114303685,0.07817239012115096
150.6,-3.1996678596415222,1300.0597306337716,5.009,-0.02,25.0,0.0,1.565540539161537,0.0,0.0,0.0,-3.202412905535036,804.9068787459555,0.0,-0.12487361781157767,25.025244702723416,0.0,150.514,-0.09661025958247783,0.093941543039201,-4.907605288651333,1.5429701536048823,-0.05951835480002072,0.09057419560266933,-4.906910853664559,0.23101080430387028,-0.014251669006288381,-0.0,1.562351281037646,-3.268138877854324,804.9205056865662,0.0,-0.029198227806263726,24.9999836089085,0.0,1.5719642561418512,46.0,0.08031777335413791,0.04193060151356781,0.050886947377602534,0.1722114657915332,0.2511065383719148,0.03399163598824861,0.12419475732715052,0.12008965310116892,-36.809161406573864,0.0781509235216564
150.7,-3.199668748724207,1302.5451858644933,5.011,-0.02,25.0,0.0,1.5651038173262517,0.0,0.0,0.0,-3.205123204445147,806.9088509445262,0.0,-0.11717916959325198,25.02357599875762,0.0,150.613,-0.09105302142133243,0.08091260069403285,-4.8706093444062235,1.5485776147286248,-0.05658064389825584,0.08412070712403891,-4.90208305590337,0.24757317843321458,-0.024759923396423744,-0.0,1.5616846273774199,-3.270474736017192,806.9205043225046,0.0,-0.029198227813985327,24.999983608908494,0.0,1.57196425614216,49.0,0.08047951954745085,0.04189368221552496,0.05085685802290447,0.17214301178886654,0.2510692857434095,0.03404273639115162,0.12423090808552803,0.12007968286032578,-36.80502777239462,0.07811217785120428
150.8,-3.208759384482505,1304.4203715189701,5.011,-0.01,25.0,0.0,1.5643984866936247,0.00866811230383224,0.029830212563833315,-0.01073386032749779,-3.207951885789867,809.411122230454,0.0,-0.09381777905402147,25.021393536029187,0.0,150.778,-0.08916336545119247,0.07722481375642021,-4.965750271129715,1.548491729389895,-0.07046416767412325,0.07391718320196099,-4.9087304332114385,0.20223443967361449,-0.04235370189302756,-0.0,1.56309405247285,-3.273394558721953,809.4205026174274,0.0,-0.02919822782852371,24.999983608908497,0.0,1.5719642561427416,22.0,0.08636504371342851,0.04369544000511051,0.05109502690810539,0.17461175305857202,0.25213238691562373,0.03490464353506751,0.1247597893348904,0.12282225804075653,-36.55096483367848,0.07936328619539061
150.9,-3.2087602709873977,1306.9058246877235,5.013,0.0,24.99,0.0,1.5638231551882367,0.02291950712891899,-0.005164078253253713,-0.002765616171173743,-3.2099192248104886,811.9131365465357,0.0,-0.08222195456846043,25.018479545729026,0.0,150.811,-0.09236271302310879,0.0755299962916486,-4.9787200200382475,1.5447468480283582,-0.05773986435627478,0.06979928689776299,-4.916112989951344,0.21613958023641908,-0.033468026923774374,-0.0,1.5621359016709424,-3.2763143814292732,811.9205009123499,0.0,-0.02919822785055611,24.999983608908504,0.0,1.571964256143623,52.0,0.0838810117666222,0.04319751730300997,0.051084398317171334,0.17372460437585288,0.2517007802367208,0.03459202459334207,0.12458031162906756,0.12176204853594609,-36.639665325167954,0.07888254672432268
151.0,-3.208761161107475,1309.4023736208712,5.016,0.0,24.99,0.0,1.56368454039586,0.017802401111747416,0.0034254665202854205,-0.003593857064387439,-3.2109345007656045,814.4147869360864,0.0,-0.07642263416421854,25.014184765645872,0.0,150.91,-0.09466634414730432,0.09111857303231502,-4.889589689333686,1.5469012380398455,-0.05632077664867655,0.08011562286631146,-4.9146142298921465,0.24722798579997993,-0.005017935772933413,-0.0,1.560901586156182,-3.279234204136271,814.4204992072729,0.0,-0.02919822783889876,24.999983608908504,0.0,1.5719642561431566,50.0,0.08374557808414043,0.043080090624398264,0.05109316889158408,0.1735353121171666,0.25161891598165154,0.034572761850288555,0.12458428845448168,0.12162283218728727,-36.652568663098954,0.07878672576673754
151.1,-3.208762046971799,1311.8878267724272,5.018,0.01,24.98,-0.01,1.5631563342784087,-0.008531440856587441,0.018951338480390864,-0.006878189756996051,-3.210983760724749,816.9159516277768,0.0,-0.06349619152052445,25.00909857194816,0.0,151.009,-0.09548373980674471,0.07032518373413514,-4.891652031049324,1.5592359122423753,-0.07107641755373106,0.07549694542108852,-4.917332583566441,0.10781442590426908,-0.003622284719018154,0.01,1.566079327658653,-3.2821540268445974,816.9204975021959,0.0,-0.029198227875319643,24.999983608908497,0.0,1.5719642561446134,52.0,0.08388020373789679,0.04307648526052435,0.05105986539460288,0.17356928113567843,0.25164629308018777,0.034577478746122145,0.12459081746574979,0.12166920802380445,-36.65018024370876,0.07881224188018329
151.208,-3.208763163591243,1315.005741039019,5.02,0.02,24.98,0.0,1.5634318185646572,-0.009934788235940557,-0.05077082584093545,0.016226524632274326,-3.2097449376728595,819.9166607821451,0.0,-0.07207585390450337,25.003040240400498,0.0,151.174,-0.09791647581133253,0.06486932101646162,-4.926371312403391,1.5544668288206718,-0.08219763054546511,0.07218493993095865,-4.925786778166239,0.11098740479674539,-0.01195826301562164,-0.0,1.56555017235115,-3.2856578140988275,819.920495456103,0.0,-0.029198227913602343,24.999983608919877,0.0,1.5719642561461442,34.0,0.09045946497727766,0.04441580284430528,0.051528487451225805,0.1753866613904773,0.25244228784514383,0.035764199492748616,0.1254608786419222,0.12431796308643929,-36.37903682776665,0.07974284042118467
151.3,-3.2087640538281903,1317.5022899451462,5.022,0.02,24.97,0.0,1.564299334832702,0.0,0.0,0.0,-3.2083280631763316,821.916751579864,0.0,-0.0901381721847141,24.999135623180077,0.0,151.273,-0.1075798787940416,0.07182583871068984,-4.977605257988177,1.549510462739138,-0.08977929752140418,0.0715374925415621,-4.93546046298577,0.0921429879124385,-0.0018182580611387777,-0.0,1.5663049210932751,-3.2879936722698306,821.9204940920416,0.0,-0.02919822790822113,24.9999836089085,0.0,1.5719642561459295,27.0,0.09433096508020965,0.0448703090138391,0.05133948206342152,0.176274638313632,0.25288376103751964,0.03660266183749775,0.12615447705499844,0.12582506966619497,-36.30138884165828,0.08023928061099667
151.4,-3.2087647182200385,1319.3663797882887,5.024,0.02,24.97,0.0,1.5647728802312653,-0.005599138962777914,-0.046303594725181384,0.006350239831406793,-3.206304402682548,824.4164819672138,0.0,-0.10566990787513457,24.99487213443425,0.0,151.306,-0.10151952832157765,0.06471832956815608,-4.957413866984324,1.5385557843359934,-0.07118930040244573,0.06677856841197441,-4.937787471814865,0.21073692058251312,-0.01185688486119929,-0.0,1.561551634743017,-3.2909134949840606,824.4204923869642,0.0,-0.029198227912101374,24.999983608908515,0.0,1.5719642561460847,55.0,0.08400672270562846,0.043361397922760864,0.051185472861148835,0.1738649217499207,0.25174316502571487,0.03459442406390411,0.12456042422468966,0.12187299853319399,-36.621876215708426,0.07894270004477198
151.5,-3.2087656044026858,1321.851832905623,5.026,0.02,24.96,0.0,1.564776492831532,0.005692859513211982,0.04026388992052921,-0.012367436371766117,-3.2042918344501636,826.9158113365858,0.0,-0.10160754832034191,24.99106693169424,0.0,151.405,-0.10531434685842338,0.0827812334285459,-4.951053019810758,1.5474064370922482,-0.08357499741605384,0.07993672291370407,-4.938606508151329,0.13636412386145816,0.028120964988236352,-0.0,1.564538870172888,-3.293833317697325,826.9204906818867,0.0,-0.029198227906067294,24.9999836089085,0.0,1.5719642561458433,55.0,0.08467070950140702,0.043074522753933205,0.05123876431997468,0.17353202463139042,0.25161614238729463,0.03471443553350747,0.12468687177481018,0.1218259092369195,-36.61934959674971,0.07878387968222642
151.6,-3.208766494461713,1324.3483817849058,5.027,0.02,24.96,0.0,1.5639479687113802,-0.021233558743604004,-0.011121684955779396,0.0006613118385152986,-3.202279959405885,829.4147586711115,0.0,-0.08466819535859464,24.98753861511654,0.0,151.471,-0.11165811033978112,0.08397344207443655,-4.953815589608628,1.5523245307015714,-0.08657788714634536,0.08425534600385139,-4.94018916860076,0.09293818039214408,0.034114995880642596,-0.0,1.5662777666548164,-3.296753140411362,829.42048897681,0.0,-0.02919822791617034,24.999983608908508,0.0,1.5719642561462475,49.0,0.11946635053389833,0.05103472340210877,0.05360057981187801,0.18402562220716126,0.25610895791624005,0.04041469778994957,0.12885150952012478,0.13744306131553055,-35.38048026606034,0.0842856355059567
151.7,-3.2087676022597407,1327.4551981560087,5.026,0.02,24.96,0.0,1.5645249565739672,0.0,0.0,0.0,-3.199830797637307,832.413083680096,0.0,-0.09779142750737291,24.9843467390257,0.0,151.669,-0.12488370739812392,0.08423033768965983,-4.949500347596509,1.5642925188385859,-0.11297737733446007,0.08407542460520025,-4.927570453576141,0.0759116085270816,0.02676912803071474,-0.0,1.56695784983998,-3.300256927667277,832.420486930719,0.0,-0.029198227904744925,24.999983608931235,0.0,1.5719642561457894,31.0,0.07330793438187053,0.04216479211550019,0.052447633570324545,0.1711763298653348,0.2504038363417519,0.03251371171578401,0.12296321139229507,0.11808318717088315,-36.88639829360558,0.07747144758635226
151.8,-3.208768270519897,1329.3303837445153,5.025,0.02,24.96,0.0,1.5649854289975504,-0.006766263131644051,-0.046413128600416124,0.006563487867084488,-3.1983495723588358,834.4118056168268,0.0,-0.1112239087273054,24.98288701595643,0.0,151.735,-0.12678783144154046,0.07379992601734998,-4.953736503256028,1.5523800501588094,-0.11099825330268744,0.08036351380207687,-4.930811153094366,0.08520045181870713,0.014333297683567281,-0.0,1.5665840089583523,-3.3025927858387045,834.4204855666574,0.0,-0.02919822792565045,24.99998360893124,0.0,1.5719642561466256,25.0,0.07373345814012648,0.040938680567943524,0.05180798092078042,0.17038219363734494,0.25024343104592534,0.032487634879807374,0.12300992937924483,0.11763542113931481,-36.987532891252094,0.07718659685911636
151.9,-3.2087691565312184,1331.8158368249478,5.023,0.01,24.95,0.01,1.5654840702798705,0.006208590694017531,-0.023339050344569578,0.0017985564660260083,-3.196986802508864,836.9100942574207,0.0,-0.12225644538230748,24.98162511599141,0.0,151.834,-0.128993154558542,0.08304989013889466,-4.898495587807388,1.5416456279627042,-0.1015134462289786,0.0839861438113616,-4.926763613026495,0.18169063596882146,0.027938377054521624,-0.01,1.5631220796287286,-3.305512608555045,836.9204838615804,0.0,-0.02919822796027396,24.999983608908494,0.0,1.5719642561480116,33.0,0.07311019345222906,0.04077471380749213,0.05141522494051114,0.17054162869495906,0.2503645474957653,0.03232818574653465,0.12289355630829583,0.11756599456483992,-37.025662790092774,0.07729699356339231
152.0,-3.208770264455268,1334.922653159697,5.02,0.0,24.95,0.0,1.5650915820759277,0.0,0.0,0.0,-3.1963839756528025,839.4082700778857,0.0,-0.1152620282749899,24.98075823580896,0.0,151.933,-0.13732756285978973,0.09150420135271961,-4.979593454635701,1.547795445980207,-0.11114043043937763,0.08970410055987632,-4.929030303052864,0.13787030569760214,0.03592732399920351,-0.0,1.5652784644930402,-3.3090163958191843,839.9204818154884,0.0,-0.029198227976011393,24.9999836089085,0.0,1.571964256148641,27.0,0.07507104645943204,0.041479848771342476,0.051319863514344664,0.17149485526971855,0.25073962474432027,0.032557411785519914,0.12296684892788728,0.11845164406006861,-36.93685638588295,0.07775207112857306
152.1,-3.208770927625494,1336.7978366241355,5.019,0.0,24.95,0.0,1.5647527948629596,-0.013903441313757427,0.00382287146955549,0.0017218738919448403,-3.1964652553936888,841.9063506700278,0.0,-0.10284927659900296,24.980186395139444,0.0,152.032,-0.1427486387114023,0.0911934085349573,-4.9594762824910585,1.5637092932208776,-0.12836467736027335,0.0909848857540031,-4.928966880521788,0.031819061575562205,0.03295877485678034,-0.0,1.5695226968514864,-3.3113522539962346,841.9204804514276,0.0,-0.029198227988786706,24.999983608919877,0.0,1.5719642561491516,28.0,0.07289115760438597,0.04095144024837734,0.05107174893796267,0.17069222821928573,0.2503602053644957,0.032293055195826655,0.12283792504948739,0.11754653130386754,-37.043377692122434,0.07733391457660421
152.201,-3.208772035358834,1339.9046529323346,5.019,0.0,24.95,0.0,1.5656864857908825,0.0,0.0,0.0,-3.1973838575095725,844.9040087343665,0.0,-0.12772236022911476,24.980038980322416,0.0,152.131,-0.1347605456708166,0.08698362586620084,-4.8981736363365975,1.5593270072373067,-0.11938050649356206,0.09048490982082603,-4.9196488135136285,0.11477818626731573,0.025728813281943985,-0.0,1.5662007700798688,-3.314856041261707,844.9204784053354,0.0,-0.029198227981351587,24.99998360890851,0.0,1.5719642561488547,29.0,0.07453736297119824,0.041022360719380244,0.05103972535732628,0.17077778387274098,0.2503958850603283,0.03259353533369318,0.12305455945487889,0.11791161999005519,-36.99429311870506,0.07737688958423457
152.3,-3.208772700070597,1341.768742708863,5.019,-0.01,24.95,0.0,1.5661677057531216,6.240303540744353e-05,-0.008732988711144288,0.0005367971197179119,-3.1986612755431385,846.9024788348282,0.0,-0.13781406865554563,24.980446315513802,0.0,152.23,-0.13872394267539612,0.0945978998738969,-4.86737905821662,1.53819895572257,-0.1125731979111013,0.09444483564900012,-4.913529941491641,0.19577439886864081,0.030045359936362814,-0.0,1.5633595519055894,-3.31719189943859,846.9204770412734,0.0,-0.029198227982095433,24.999983608908508,0.0,1.5719642561488845,30.0,0.07625423028288968,0.04363493191458041,0.052763399075405615,0.17315962064010149,0.25122084917686166,0.03268198796686584,0.12300690298406963,0.11979767100178257,-36.69987850521299,0.07844696587311052
152.4,-3.208773595077446,1344.2652936239692,5.02,-0.02,24.95,0.0,1.5657261219483354,-0.0016588630881310535,0.04659426675606173,-0.009577355793057062,-3.2011344450938366,849.4006260946759,0.0,-0.12472305550886308,24.98134252158026,0.0,152.329,-0.13844483727642828,0.09703894309100385,-4.853283802299004,1.5395326331467076,-0.099862971876195,0.09821766243583721,-4.902067000832675,0.3058952698483521,0.03200596599595329,-0.0,1.5593527785729102,-3.320111722160118,849.420475336196,0.0,-0.02919822798680278,24.99998360890851,0.0,1.5719642561490728,31.0,0.0728608064991993,0.041123874335764816,0.05191294461388913,0.17041486528704827,0.25020578329897186,0.03238332400435375,0.12294298538448645,0.11750264161845815,-36.99716316469265,0.0771745438427123
152.5,-3.2178644960163183,1346.7507466428667,5.02,-0.03,24.95,0.0,1.5643536640007536,-0.0033508635715572836,0.09402478991680167,-0.022836032400741856,-3.204308358154227,851.8988454395096,0.0,-0.08697174872861016,24.982409740960268,0.0,152.428,-0.14636892261331563,0.09144901201340308,-4.918540829461504,1.5490855590813895,-0.1105447933460611,0.0973746232462436,-4.9201297949835165,0.23194225836758114,0.024098390821919224,-0.0,1.5627104350008267,-3.323031544882873,851.9204736311189,0.0,-0.02919822800926816,24.99998360890851,0.0,1.5719642561499714,32.0,0.07280706045735386,0.04076714049642406,0.05142364438061126,0.17041877806667152,0.2502952317589462,0.0322698388165626,0.12283301947055383,0.11742677512658195,-37.04341783905234,0.07723075918359155
152.6,-3.217865384538925,1349.2361996564705,5.022,-0.02,24.96,0.0,1.5629819064077477,0.0035606735665282127,0.017070373071458193,-0.00531226315734718,-3.20761812462569,854.397143295009,0.0,-0.05869687089003098,24.983215681534006,0.0,152.527,-0.13435547803703693,0.10028164433889127,-4.905138237525699,1.5678609648420083,-0.12674119531002023,0.10066366556028547,-4.916109597574783,0.029758615132846434,0.01885752745341307,-0.0,1.5704056518160412,-3.325951367605554,854.4204719260423,0.0,-0.029198227992120747,24.999983608908504,0.0,1.5719642561492855,33.0,0.07284263517731285,0.04076046150053608,0.051175207029151605,0.17055168787418343,0.25035383902135505,0.03225268021621585,0.12279906772318924,0.11747113590006565,-37.05256176253403,0.07729929366439338
152.7,-3.217866277252199,1351.732748432182,5.022,-0.02,24.96,0.0,1.5635352135312297,-0.0017485425839704296,-0.12984238539738174,0.02357629615828499,-3.2107562224438326,856.8955138315209,0.0,-0.07963559417879272,24.983747016674,0.0,152.626,-0.1422712039937067,0.09905181715617577,-4.880877591835992,1.5396739993562711,-0.11338898491982702,0.10023415705469603,-4.908658079516757,0.212427693808973,0.014305226417903327,-0.0,1.5630914523561383,-3.328871190326787,856.9204702209657,0.0,-0.02919822795698435,24.99998360891988,0.0,1.5719642561478795,34.0,0.07265486052794853,0.04073132886441127,0.05089209740823455,0.17051013395093156,0.25031346857601683,0.03223071456574679,0.1227812491960634,0.11737236793409135,-37.07455700696447,0.07726699199156799
152.801,-3.226957185892161,1354.2182014228006,5.023,-0.02,24.96,0.0,1.5652474505503218,-0.000638018041648093,0.030390940333290924,-0.00503078554749411,-3.214705232466258,859.893641826615,0.0,-0.10907031068560012,24.984416487147467,0.0,152.725,-0.1500691333606098,0.1049288667891157,-4.954596852072077,1.5422993510130736,-0.11545807881227284,0.10443026393328872,-4.917396863677455,0.1900251991542349,0.02107625263722923,-0.0,1.5639902719995549,-3.332374977589921,859.9204681748741,0.0,-0.029198227975441807,24.999983608919877,0.0,1.5719642561486178,35.0,0.07487335198937006,0.0416703273621341,0.05101769040228145,0.17162192535944176,0.2507475210017742,0.03252815233397219,0.12293285533654215,0.11844421192264885,-36.94625788412374,0.07779407990615558
152.9,-3.2269581044426445,1356.7813248137986,5.023,-0.03,24.96,0.0,1.5646145078961293,-0.008650942584916322,0.011271987306427254,-0.0007232057412009241,-3.2176247853054907,861.8924484098283,0.0,-0.0989287876227932,24.98516388806779,0.0,152.824,-0.14883266474493975,0.11832550782807863,-4.91729824890313,1.5532343562973216,-0.1231657063786796,0.11304620236194321,-4.9187474404442195,0.14277177928752416,0.03754702957423106,-0.0,1.5662850435829283,-3.33471083576558,861.9204668108126,0.0,-0.029198227943087712,24.999983608908508,0.0,1.5719642561473242,36.0,0.07357834120908142,0.04144000575360555,0.050923777779175276,0.17113027210581946,0.25048932012850883,0.03227267305662264,0.12273958188348974,0.11786127743184964,-37.00142237694742,0.07752234053394533
153.0,-3.236049024509157,1359.277873558236,5.024,-0.03,24.96,0.0,1.5646349369224648,-0.017233243372050632,-0.022892859776968595,0.007327483246095911,-3.2215145130700797,864.3910437575654,0.0,-0.09957952738246184,24.986313060627406,0.0,152.923,-0.14781695358870667,0.09723685659692531,-4.95385297542669,1.5643530659529117,-0.1371562334559174,0.1082452918329325,-4.919303727079436,0.02799838586200779,0.020119378095145635,-0.0,1.5708764550802508,-3.33763065848179,864.420465105736,0.0,-0.029198227927863165,24.999983608919873,0.0,1.5719642561467146,37.0,0.074146386511607,0.041576652394550835,0.050897433282906725,0.1712574219318297,0.25053968526856035,0.03240205091170852,0.12284597346999893,0.11805711793413652,-36.9793654819469,0.07758370629322282
153.1,-3.236049918354297,1361.7633265243662,5.024,-0.03,24.96,-0.01,1.5657539065603652,0.0024485140327528587,-0.06156493818544673,0.0187598888400419,-3.2257886394229613,866.8897932056284,0.0,-0.13027075833145693,24.987837714108753,0.0,153.022,-0.13896617162117106,0.0989973510697931,-4.966743781880227,1.550327394935363,-0.12262384669005642,0.1006126545137831,-4.9270475505006885,0.14452041852237066,0.0007841878055785401,0.01,1.5662083453386948,-3.340550481197032,866.9204634006588,0.0,-0.029198227911319638,24.999983608942618,0.0,1.5719642561460518,38.0,0.07412566507414838,0.041581226193416164,0.05089495329498783,0.17121703814964134,0.25051970147829006,0.032405591753167366,0.12284620830412367,0.11803061711841226,-36.978887717427725,0.0775624711079233
153.202,-3.245140844785624,1364.2598752496624,5.026,-0.04,24.96,-0.01,1.5669074240748329,0.01583579821745826,0.007331796300201098,-0.0007105500180805179,-3.2319750996886287,869.8885250271841,0.0,-0.15198420983835065,24.989647751807247,0.0,153.121,-0.13723496346860858,0.10192307145811672,-4.990468281092296,1.5397383743571271,-0.10268751443945939,0.09896419426342144,-4.928163538301947,0.2678326875105759,-0.0029584172642813655,0.01,1.5616675861951357,-3.3440542684533923,869.9204613545668,0.0,-0.029198227890970433,24.999983608919877,0.0,1.571964256145239,39.0,0.0755602656425802,0.04195755594361575,0.051078714053894386,0.17169791964144535,0.25073220049776646,0.03269684725112904,0.1230573135102798,0.11863782347832177,-36.904433214844516,0.07780496599715811
153.302,-3.2451417456060767,1366.7564239685237,5.029,-0.05,24.97,-0.01,1.5660118149269857,0.017397118836316883,0.09756658848211348,-0.019717795544454606,-3.238124455337112,872.3875818193955,0.0,-0.12085142125333476,24.99048159438848,0.0,153.22,-0.13696843262120612,0.0942453015909218,-4.90451448372456,1.5572974587308972,-0.11700089569743138,0.09140573227069146,-4.928910324241134,0.13775432953582162,-0.02620652346551111,0.01,1.5672782585596583,-3.346974091166106,872.4204596494905,0.0,-0.02919822790270887,24.999983608908504,0.0,1.571964256145709,40.0,0.07157825705018638,0.04036523487712948,0.05074204363526215,0.1696414976244883,0.24987530360440002,0.032219916398404186,0.12283091925083754,0.11666901686570753,-37.128782441318734,0.07680153135165717
153.401,-3.25423268523474,1369.2529748286747,5.033,-0.05,24.97,-0.01,1.5649751411427297,0.02632287199771377,-0.007853068077755355,0.0030122683157623024,-3.2447954138507304,874.8866083977905,0.0,-0.11314630956499855,24.98954193453694,0.0,153.319,-0.134516924906902,0.09529782333098233,-4.871938007163656,1.5386776660370687,-0.10721700610796416,0.09614381834082587,-4.915866695313861,0.19475752918022082,-0.011682094752288208,0.01,1.5649964204645046,-3.3498939138802335,874.9204579444132,0.0,-0.02919822792218775,24.999983608908508,0.0,1.5719642561464882,42.0,0.07975654584323857,0.04155100107973819,0.05074173965242387,0.1717389452156157,0.2508997249030573,0.03392484436955171,0.12415753137860333,0.11967324136225664,-36.85286792157924,0.07791549591918859
153.5,-3.2633236284370355,1371.7495235286694,5.035,-0.06,24.97,-0.01,1.5654437277142443,0.004097261621272665,0.01642352047862689,-0.006440585935452806,-3.250336444359809,876.8857240307337,0.0,-0.11862321978146159,24.98798891236153,0.0,153.418,-0.12619754250587079,0.09980765422176928,-4.897169690121817,1.538535399837212,-0.07564432747940528,0.09654182901563134,-4.918268573489881,0.41828569712757424,-0.00970802055831399,0.01,1.5564430855369453,-3.3522297720523193,876.9204565803512,0.0,-0.02919822792577932,24.9999836089085,0.0,1.5719642561466318,42.0,0.07949920861666886,0.041763259883837285,0.050656580894318994,0.17202447895704326,0.25101248284933514,0.03384151420062734,0.12407800773265854,0.11977067122763116,-36.85205023316587,0.07805334545731261
153.6,-3.2633245296528344,1374.2349764507169,5.036,-0.06,24.97,-0.01,1.5646111923877635,-0.0009468812570369763,0.18600859830862446,-0.029143236158058413,-3.2573510002374877,879.3844237312786,0.0,-0.09284220050534454,24.98590745546568,0.0,153.484,-0.12444784624718734,0.1059180975360987,-4.979981873013507,1.5513323615879033,-0.07990155895739424,0.10012420433826762,-4.923907515332422,0.2500869298541385,0.0022587116523489215,0.01,1.563184550027857,-3.3551495947685357,879.4204548752739,0.0,-0.029198227952829912,24.999983608908497,0.0,1.5719642561477138,36.0,0.10305047869711281,0.04824182976499208,0.05290969151451017,0.18023582818742864,0.25446120436104525,0.037722297990658724,0.12680160862342932,0.13048318875740655,-35.86600535153506,0.08223970314277196
153.7,-3.272415476988158,1376.7315251326827,5.039,-0.05,24.97,-0.01,1.5626224121686556,-0.011660300191806177,0.00397388004681291,-0.0010618275902488582,-3.2638163611878936,881.8829079436038,0.0,-0.04869584054856961,24.983970741620332,0.0,153.616,-0.1288261752764334,0.10498530065090918,-4.995684165984284,1.5416174734972432,-0.09618546114451165,0.10187874139194762,-4.931939658719616,0.16966237241379586,0.006721377639347992,0.01,1.5660054074796663,-3.358069417487664,881.9204531701971,0.0,-0.029198227979891626,24.9999836089085,0.0,1.5719642561487963,44.0,0.08092905701783161,0.0429104338994144,0.052233356039134426,0.17272684730788704,0.25118579610355185,0.034218181821721,0.12436816150927035,0.12068633259981999,-36.66797104979284,0.07832452400935092
153.8,-3.2724163896780283,1379.2280759777689,5.041,-0.04,24.97,0.0,1.563552049049411,-0.00852401308812895,-0.04267189511102055,0.012453708765216436,-3.269220794348,884.3812246534137,0.0,-0.07345687215331474,24.98248915438571,0.0,153.715,-0.11821571400552872,0.10182194243394417,-4.911081104009887,1.5465814064320818,-0.09153965001207207,0.10459309849541985,-4.927584578753589,0.19309163969394302,0.012348268565837373,-0.0,1.5646684111251021,-3.3609892402085664,884.4204514651202,0.0,-0.029198227981445942,24.9999836089085,0.0,1.5719642561488585,45.0,0.08008555080891708,0.0420043556119693,0.05160774814215492,0.17212597705216828,0.251062328394328,0.034026755752708186,0.12426221378868024,0.12009998360471164,-36.7801048073117,0.07810368966136641
153.905,-3.281507571622626,1382.3459878673484,5.044,-0.03,24.97,0.0,1.5645243800852935,-0.006257795209876004,-0.018388614706570144,0.0058347895070953795,-3.274589723632093,887.3790793666387,0.0,-0.09579510226101252,24.981667415752515,0.0,153.88,-0.11685081135376058,0.11639183876810402,-4.937346070680107,1.5601487607744813,-0.0986388103262233,0.11109281668291787,-4.926620514872631,0.14458950333429482,0.026717518636559134,-0.0,1.5662121768732111,-3.3644930274749307,887.4204494190287,0.0,-0.02919822800963114,24.999983608919862,0.0,1.5719642561499854,25.0,0.08363481459343593,0.04274998367263574,0.05155716912775493,0.17341970339391857,0.2516646805926878,0.03466573290450369,0.12471189243008904,0.12164475913891172,-36.55096331708581,0.07875867146817861
154.0,-3.281508251207754,1384.210077532539,5.044,-0.02,24.97,0.0,1.5647489871506135,-0.012758556264774252,-0.025281358371495265,0.005894825280466888,-3.277775040469522,889.3776205609219,0.0,-0.10258462312601077,24.981591383484528,0.0,153.913,-0.1128996031197261,0.10277896236894546,-5.039696530532572,1.5857778824626938,-0.11452613063633547,0.10870909305974158,-4.938730081419806,-0.07650153572394353,0.018953549473017972,-0.0,1.5746580753799262,-3.3668288856539568,889.4204480549685,0.0,-0.0291982280079803,24.999983608908515,0.0,1.5719642561499199,49.0,0.0811885467882867,0.04238021452689784,0.0511551100552577,0.1730674719461702,0.2514519781872541,0.03424487330169327,0.12411226077957369,0.1207615198010929,-36.73570081537868,0.07854551639049531
154.1,-3.290599213594305,1386.7066261806906,5.045,-0.03,24.97,0.0,1.5660071466725805,-0.005144043929511073,-0.1551340777260296,0.02903958461464362,-3.281655460172062,891.8758194615446,0.0,-0.13831731031705313,24.981724873066458,0.0,154.012,-0.11074345386478247,0.10846738956312746,-4.877529442422757,1.5453859497702243,-0.09471814897933596,0.1095440130367696,-4.937836760369507,0.1352339755601713,0.01899682858218199,-0.0,1.5665851391988255,-3.3697487083771107,891.9204463498918,0.0,-0.029198227996206368,24.999983608908504,0.0,1.571964256149449,48.0,0.08648613374626776,0.04381037672606856,0.051289630289134636,0.174966008468268,0.2522273912743092,0.03488964282837994,0.12473437515590108,0.12303753916503998,-36.529015292765585,0.07948621843858993
154.2,-3.290600126171512,1389.2031748218278,5.047,-0.03,24.97,0.0,1.5681566161245595,-0.00373387148782656,0.03673951635643494,-0.001337300351344565,-3.2869912984609604,894.8737683270061,0.0,-0.1827046963966357,24.98256096818952,0.0,154.111,-0.11250892543022005,0.12899749934162424,-4.9747050856041,1.547126230429118,-0.07743416354843045,0.1216060602177781,-4.941857880472385,0.2650940481045414,0.04314594882838563,-0.0,1.5613977838691955,-3.3732524956423537,894.9204443037992,0.0,-0.029198227968077646,24.99998360893124,0.0,1.5719642561483227,49.0,0.08427811887869992,0.043284232209543076,0.051313154257436155,0.17396555183634296,0.2517592102079544,0.0346240987878333,0.12471991047191444,0.12200996331479763,-36.61022844287713,0.07895674927909639
154.3,-3.299691092965986,1391.6886276784353,5.047,-0.04,24.97,0.0,1.5671333843518536,-0.0219933279939708,0.12353008018075791,-0.02380364594657563,-3.2911720368607402,896.8725104737066,0.0,-0.15654239744386184,24.98430828246148,0.0,154.21,-0.11339749116590919,0.11693116148051648,-4.9173099058230685,1.5528849191293073,-0.08514142250155148,0.12293432003999,-4.940755019338482,0.17466159739320458,0.040669594201929726,-0.0,1.5654122128005596,-3.3755883538185163,896.9204429397374,0.0,-0.029198227985226255,24.999983608908504,0.0,1.5719642561490097,52.0,0.0843268266550683,0.0431421023159872,0.051321584131056475,0.1737410056032099,0.2516973192474905,0.0347805705714926,0.12485177979105261,0.12194129223433797,-36.56461912556203,0.07884858170909667
154.4,-3.2996920083992336,1394.1851763009713,5.046,-0.04,24.98,0.0,1.5655590217236919,-0.013434413538377888,0.017086192863735087,-0.006193369844386907,-3.2966873113009263,899.3711367234469,0.0,-0.12097109851662326,24.98717213507484,0.0,154.309,-0.12017278549645798,0.1258548540330247,-5.01055147537823,1.546505505376544,-0.09597962793679495,0.1285069342447955,-4.949069802137162,0.0977467127759359,0.03830755369520844,-0.0,1.5684881526668029,-3.3785081765413154,899.4204412346604,0.0,-0.029198228002179392,24.99998360890852,0.0,1.5719642561496878,52.0,0.08421958280092853,0.04303755870871163,0.051291525336500304,0.17365316068477843,0.25164342097099546,0.034683118141454354,0.12459909547764575,0.1217836749697738,-36.62557666138525,0.07879495329914893
154.5,-3.3087829890234843,1396.6817249106125,5.046,-0.04,24.98,0.0,1.5659825318169331,-0.008456352056057813,-0.044059133800200836,0.011898048978893684,-3.3021576073983723,901.8700901621672,0.0,-0.13364409348890133,24.99076214323518,0.0,154.408,-0.10612334044614878,0.1266373553995067,-4.936872000991365,1.5344577422346033,-0.06475621453269076,0.13148956593988453,-4.95160190968698,0.33972444515185773,0.03876227812945032,-0.0,1.5588169129362688,-3.381427999262424,901.9204395295841,0.0,-0.02919822796880049,24.9999836089085,0.0,1.5719642561483527,52.0,0.08381354656469413,0.043025990815103304,0.05117113275337644,0.17362374384310583,0.25166013346144034,0.03454757107921472,0.1246821547836426,0.12171163288952919,-36.64572044945804,0.07880203916005031
154.6,-3.308783906978306,1399.1782735137017,5.044,-0.04,24.99,0.0,1.566010599551026,-0.0060612836933105745,0.12710763500447306,-0.026754758787834475,-3.3075582976940896,904.3694645054829,0.0,-0.12820269430581824,24.995306452060586,0.0,154.507,-0.10288220373156595,0.1416470789377553,-4.950422475061777,1.5667158186026653,-0.0795960811071291,0.13918931226981973,-4.948642551297098,0.14574690635891027,0.042848312161304136,-0.0,1.5665720261467377,-3.384347821980001,904.4204378245078,0.0,-0.02919822792315027,24.99998360891988,0.0,1.5719642561465261,54.0,0.08408272832167357,0.0430665291137539,0.051144178586972455,0.17365162869114248,0.25170449244950316,0.03459132343649908,0.12473420114413307,0.12180557839376027,-36.63864040652584,0.07884098111097229
154.7,-3.3178748878937085,1401.6637263326952,5.044,-0.03,24.99,0.0,1.564394590971295,-0.010846037085150436,-0.04508205146450451,0.004251395257310937,-3.3135561057870007,907.3693545939517,0.0,-0.09921428721859368,25.00163628537194,0.0,154.606,-0.1090939489542721,0.1249028699708829,-4.94895771721854,1.5605818685269632,-0.09112268185658384,0.1302018445322079,-4.954044501613064,0.07298809258125727,0.018756390644742993,-0.0,1.5690774068465796,-3.3878516092357245,907.4204357784153,0.0,-0.029198227870984226,24.999983608908504,0.0,1.57196425614444,54.0,0.08403834685140364,0.0430644202636119,0.051206065419856645,0.17360326750535168,0.2517051981565691,0.034599932922423526,0.12469453947591426,0.12177853397085942,-36.619364654494035,0.07883022997461753
154.8,-3.3178758083046773,1404.1602749166655,5.046,-0.03,25.0,0.0,1.5655796589006226,0.009053609689725227,-0.07844287745527945,0.019128570408000953,-3.3171234670257794,909.3696994473198,0.0,-0.1234344086551854,25.00571026820335,0.0,154.705,-0.09681089846347728,0.12431773382028947,-5.075497350510565,1.5315983390547805,-0.05212211096689748,0.12495827960288992,-4.9679577788837115,0.33660176697404787,-0.004389964533558555,-0.0,1.5585307173219034,-3.390187467403116,909.420434414354,0.0,-0.029198227848920705,24.999983608919877,0.0,1.571964256143557,55.0,0.0839429803289257,0.04307526288851007,0.051143625098574126,0.17361780012508968,0.2517251855796256,0.034629733205615645,0.1246522520356417,0.12176368454246195,-36.63923814160271,0.07884965158187515
154.9,-3.326966801258834,1406.6568234882661,5.047,-0.02,25.0,0.0,1.5660507619057338,0.024281197828758413,0.15059559750648555,-0.021433212641433837,-3.32131236474504,911.8705905759764,0.0,-0.12910333841526306,25.01049306673078,0.0,154.804,-0.09778839628888696,0.1205009224542823,-5.024787884709419,1.5369363819047925,-0.05248396024781401,0.12099267684314918,-4.972294176273513,0.27446105044835206,-0.01039152636825591,-0.0,1.5606140041503433,-3.3931072901105597,911.9204327092768,0.0,-0.029198227823643088,24.99998360893125,0.0,1.5719642561425453,56.0,0.08397227890005313,0.0430869732970157,0.051151734612210405,0.1736334002018263,0.2517360889448256,0.034600732322146284,0.12462781296369434,0.12177324942963115,-36.61558611645745,0.07885771286243218
155.0,-3.3269677289551396,1409.1533742703102,5.05,-0.01,25.01,0.0,1.5638963394474725,0.019577743063259056,0.06373522283326075,-0.016167530294445308,-3.3249863408508253,914.371900865417,0.0,-0.07750519674397213,25.014341237819192,0.0,154.936,-0.09654333506573327,0.12082723495689553,-4.9391864762486435,1.5362698610785146,-0.0660804119594326,0.11917236840609872,-4.96851257654493,0.2136205418903447,-0.02038761073307782,-0.0,1.5626482998246205,-3.3960271128159913,914.4204310041998,0.0,-0.029198227836089885,24.999983608908497,0.0,1.5719642561430442,26.0,0.0725840083344143,0.041097338476416855,0.050997865648417705,0.17055575061530184,0.2502983617961297,0.03222557294446868,0.12272543590952789,0.11739676595298774,-37.03813446511957,0.07724967300030623
155.1,-3.3269686518447656,1411.6499228300704,5.052,0.0,25.01,-0.01,1.5632858821798603,0.018263813062873675,-0.016223978777941125,-0.0002858738539697223,-3.3276080762772287,916.8734856574558,0.0,-0.06432297943125674,25.016416899364224,0.0,155.035,-0.09906709767156055,0.12280197503465286,-5.013378390992358,1.571300960499024,-0.09172591396369606,0.12006161477669816,-4.970141099717345,-0.03667300780848802,-0.012515199235672014,0.01,1.5722633936534434,-3.3989469355233455,916.9204292991233,0.0,-0.029198227836294097,24.999983608931252,0.0,1.5719642561430514,45.0,0.07258300022330799,0.04071941776032587,0.05080406211673244,0.1702138649028423,0.25018814305884296,0.03223477711800425,0.1228305135030575,0.1172006982673848,-37.07957129431844,0.07710568976007792
155.2,-3.3269695746793104,1414.1464713800246,5.054,0.0,25.01,-0.01,1.5642083110895495,0.005928803324553531,-0.15950942006350494,0.032713320014470075,-3.329145406659282,919.3752136286928,0.0,-0.09313768803174062,25.017237529213222,0.0,155.134,-0.10039034258520445,0.1304522906299347,-4.9515815913781,1.5629873546445878,-0.09426757909240639,0.1256189139268281,-4.9639068852459225,0.012276234926576776,0.004331282266409886,0.01,1.5703055587706605,-3.40186675823062,919.4204275940464,0.0,-0.029198227849808876,24.999983608919866,0.0,1.5719642561435925,26.0,0.0722504560901373,0.04063242488729219,0.050677474807699824,0.1701682767703017,0.25018301995131986,0.03211487989287016,0.12274538687512411,0.11708591021093323,-37.100191515407005,0.0770954185924237
155.3,-3.326970497781133,1416.6430199216722,5.054,0.0,25.01,-0.01,1.5669078645904102,-0.010596137312407206,-0.08123278294228295,0.018898173294930824,-3.3302976847628836,921.8770005671511,0.0,-0.15709532378542507,25.017237313646557,0.0,155.233,-0.10721664755367573,0.12346769837175339,-5.0128943632532295,1.5443696644087725,-0.09096721739759421,0.12255401248097009,-4.959346777927756,0.09861875911170524,-0.00026412637877726297,0.01,1.5668531324934585,-3.4047865809387887,921.9204258889705,0.0,-0.029198227859358977,24.999983608931235,0.0,1.571964256143974,27.0,0.0719045565032049,0.04057227933269337,0.05073523691115446,0.17006481380681673,0.2501300855191091,0.0320225731613885,0.1226421021303083,0.11694407034436519,-37.10822923981655,0.07704237788742624
155.4,-3.336061501860968,1419.128472677677,5.054,0.0,25.01,-0.01,1.5676539519943784,-0.002803850607150895,-0.0014165585058079557,-0.0028366238566567446,-3.3318898382268682,924.3788425816673,0.0,-0.17328457740826278,25.017797881430266,0.0,155.332,-0.10619217138799372,0.11843438664975572,-4.866779125983023,1.5727758325186216,-0.10225523457832443,0.12162179968812847,-4.947604877885295,-0.012937915153185533,-0.000227812292987295,0.01,1.5713136411431425,-3.40770640364734,924.4204241838938,0.0,-0.02919822786080566,24.99998360891988,0.0,1.5719642561440323,28.0,0.07278381534219484,0.040711796095986214,0.05068930432767504,0.17030048072464474,0.25024236314159176,0.03224042036983022,0.12281683448885286,0.11727125327557056,-37.080295401759194,0.07716845586577195
155.5,-3.3360624266192644,1421.625021199549,5.055,-0.01,25.01,-0.01,1.5676945851326478,-0.001779250935259803,-0.057919338496181805,0.011098500791219186,-3.3348811099602744,927.3811807473,0.0,-0.1810541679575228,25.01911848018906,0.0,155.431,-0.1002261818639384,0.1351043775025166,-4.929288431773336,1.5604510693034597,-0.08944176938545978,0.13151005087098822,-4.942930600506145,0.09321576253043683,0.02380847017265353,0.01,1.5674722038943116,-3.4112101908983266,927.4204221378012,0.0,-0.029198227856917686,24.9999836089085,0.0,1.5719642561438774,50.0,0.07274649823027299,0.04071784955533078,0.0505863594583071,0.1703053394881234,0.2502382299585667,0.03222315778038406,0.12278843105080267,0.11724738712864145,-37.08789652778559,0.07716976939848043
155.6,-3.3360633522773355,1424.1215697110695,5.056,-0.02,25.01,-0.01,1.5684981698312352,-0.018661008269224278,0.016822240766200074,-0.0043889123621472905,-3.338489351327389,929.8832845458982,0.0,-0.19099605651315685,25.0208381352565,0.0,155.53,-0.1015102296960893,0.13444745442505787,-4.935772915538498,1.5609470206035416,-0.08658532224309146,0.12996564947502737,-4.942164176969937,0.11396428424570906,0.02030053073002236,0.01,1.5670423230133073,-3.4141300136070982,929.9204204327245,0.0,-0.02919822786199359,24.999983608919873,0.0,1.5719642561440799,31.0,0.07280498807540425,0.04073290443515264,0.05057256092685681,0.17030699557276344,0.25022847420931105,0.03222702256600625,0.12277535050522953,0.11724844943237664,-37.08533023561229,0.07716644785251947
155.7,-3.345154370601165,1426.6181182111584,5.057,-0.03,25.01,0.0,1.5680731912751238,-0.008509185261766998,0.026247483112569456,-0.006011376081284358,-3.3421253563794857,931.8851163182647,0.0,-0.18095573136699977,25.023004642700815,0.0,155.629,-0.10086668625505547,0.11564058812568093,-5.017649307614002,1.5653918436093197,-0.0946336641601296,0.12284246083131219,-4.9517784518043495,0.04652868967891391,0.003278064211578169,-0.0,1.5701355302679192,-3.4164658717742253,931.9204190686626,0.0,-0.029198227847119968,24.999983608908508,0.0,1.5719642561434854,53.0,0.07213009629354952,0.04060034267734036,0.0505268665376886,0.17009700627394364,0.250121866260073,0.0320961814158888,0.12266774613022784,0.11697558318588314,-37.11424660770001,0.07705434848513337
155.8,-3.3451552981483132,1429.114666704138,5.059,-0.03,25.02,0.0,1.568110081660796,0.009234803773106433,-0.01420261087435747,0.006943126239963014,-3.3474711240556196,934.3876626976227,0.0,-0.18478641529814582,25.02600176806428,0.0,155.662,-0.10087869525814294,0.1145489707873168,-5.005538983579262,1.5380961200387542,-0.06293588699158395,0.11628661041540674,-4.957318361181725,0.23248564640147787,-0.016507485783645137,-0.0,1.5626982093033481,-3.4193856944813295,934.4204173635854,0.0,-0.029198227833825034,24.999983608908504,0.0,1.5719642561429537,58.0,0.11571117065348856,0.04987918119645288,0.053014113603527487,0.18270524566727125,0.25562276970995507,0.03994064108894739,0.1285584704633622,0.135534246298999,-35.55049794819739,0.08362109926932962
155.9,-3.3542463111201073,1431.5557385815496,5.06,-0.04,25.02,0.0,1.5682712200239788,0.021884696415064707,0.11427617019374074,-0.017660883215563954,-3.354916646835409,937.3911109899382,0.0,-0.17224458366391293,25.029370304510557,0.0,155.827,-0.09584625568429396,0.11265660542867581,-4.978331711798689,1.5397433212041232,-0.06097447021918475,0.10349237623281261,-4.967773066124209,0.3112930570068305,-0.038442271132325345,-0.0,1.5599370202684124,-3.4228894817288005,937.4204153174933,0.0,-0.029198227844094603,24.999983608908504,0.0,1.5719642561433644,33.0,0.07441252151293593,0.04211628490381779,0.0522385430356817,0.17122612402894682,0.25046478365706065,0.03262697874278822,0.12305041208093322,0.1182967872480278,-36.867862243193116,0.07752530712232725
156.0,-3.3542472415599605,1434.0522870596617,5.062,-0.04,25.02,0.0,1.5661300807867684,0.031091258079727985,0.09792857232052142,-0.02561071322787118,-3.3614239575135785,939.8941954622052,0.0,-0.1182972145541601,25.0308543768143,0.0,155.926,-0.09055914602524316,0.09772997469827945,-4.979593689220448,1.5407953108047916,-0.056660594617362524,0.10093972579187159,-4.9728707715839775,0.30227913767100856,-0.037242906667199094,-0.0,1.5602983060401994,-3.425809304435469,939.920413612416,0.0,-0.029198227825248557,24.999983608908508,0.0,1.5719642561426106,35.0,0.07296918056655011,0.040934873576557534,0.051682929280479545,0.1703172385820942,0.25022046345288756,0.032345960163661536,0.12288951364140943,0.11743762615703277,-37.01629368814351,0.077162819873709
156.1,-3.3633382748044482,1436.5488355258306,5.063,-0.03,25.02,-0.01,1.5643436145645122,0.019700621066736687,0.0626750625576949,-0.015475212547460555,-3.366238477100913,941.8966839161588,0.0,-0.08538442808901239,25.0306713460779,0.0,156.025,-0.08847636209781429,0.10581118025638436,-5.037904786013709,1.5424473570655868,-0.05847326893789344,0.09530572239638915,-4.982442208940805,0.24337826661032597,-0.03928622263706316,0.01,1.562254814358152,-3.4281451625983475,941.9204122483542,0.0,-0.02919822780132323,24.999983608908504,0.0,1.5719642561416536,57.0,0.07425387889367596,0.04147817700215589,0.05150628563697811,0.17131327286232464,0.2506733946914474,0.032412967976430986,0.1228726993027298,0.1182206641502125,-36.95333727704756,0.07767322596605458
156.2,-3.372429312946963,1439.0453839818902,5.067,-0.02,25.02,-0.01,1.563408767399613,0.016082760885570098,6.389907344793428e-05,-0.004951340154493378,-3.3720607296330734,944.9002526089865,0.0,-0.06454071649589828,25.02834717779289,0.0,156.124,-0.09173255499318755,0.10732549677282563,-5.044993205886715,1.5330395272585566,-0.05016223476031537,0.10074647683285405,-4.988256571919095,0.30884958405463075,-0.01974916657432857,0.01,1.5592429734311068,-3.4310649853011532,944.4204105432773,0.0,-0.02919822780379903,24.999983608908504,0.0,1.5719642561417526,56.0,0.07370713853427978,0.04152093521667051,0.051317240155516246,0.17132294788957794,0.2506349000142422,0.03229181055036147,0.12275978325982098,0.11807232046270028,-36.97479659640335,0.07765373745616788
156.3,-3.3724302537994504,1441.5419346994886,5.07,-0.01,25.01,-0.01,1.563126103081975,-0.003445138117297276,0.03522548395490748,-0.011513550127000227,-3.374813358051248,946.9024378320948,0.0,-0.05542194154216802,25.02619335495243,0.0,156.223,-0.08584778562969286,0.09912955279098457,-4.991827147981963,1.5564560421701379,-0.061610847571865836,0.09584675887796823,-4.985119678650099,0.14923189364068584,-0.015356427194969768,0.01,1.5652259151531331,-3.4339848080053295,946.9204088382,0.0,-0.02919822782144604,24.999983608908504,0.0,1.5719642561424585,57.0,0.07408311039652452,0.04153604076611713,0.05113230366840027,0.17132662571488974,0.25061561489847334,0.032394986156469414,0.12285483324489072,0.11813180669648325,-36.973472024727606,0.07764418928643563
156.4,-3.3724311891395473,1444.0384831438128,5.072,0.0,25.01,-0.01,1.5628319914129118,-0.002190463180438113,-0.056465041751847196,0.01380239177049271,-3.376907977082094,949.4049144675612,0.0,-0.052981469110717695,25.02356351374915,0.0,156.322,-0.08025549520037374,0.0919908717096474,-4.9926691067422215,1.5439443636881809,-0.05361518649388358,0.09173742119516623,-4.990527968491762,0.21202433982136035,-0.02050516683803849,0.01,1.5623119915266974,-3.4369046307127076,949.4204071331229,0.0,-0.029198227884273596,24.999983608908494,0.0,1.5719642561449716,58.0,0.07423291121909156,0.041610578750367014,0.051059047375377524,0.17136779611748743,0.2506131685458753,0.032407930870096115,0.12285149400438539,0.11816563704804157,-36.966952012766946,0.07765359898421699
156.5,-3.3724321240246127,1446.5350315789526,5.074,0.01,25.01,0.0,1.5635960382085778,0.0023971821529982346,-0.018171115558688906,-0.0012399935236780742,-3.3776670452009174,951.9071167352462,0.0,-0.06982349704315985,25.020760676078364,0.0,156.421,-0.08977037302691185,0.09057639818217858,-5.05709287231102,1.543670285018022,-0.061216734194499155,0.08801911347529541,-4.998204186218706,0.1389294615955563,-0.022578428432581177,-0.0,1.5648362201189256,-3.4398244534242335,951.9204054280461,0.0,-0.029198227891144693,24.999983608931245,0.0,1.5719642561452454,59.0,0.08861750255798223,0.04605720821093639,0.052975332786561205,0.17672975233256155,0.2528374502470787,0.035213177298170285,0.12492609091166372,0.12478739172452065,-36.274862750011394,0.0803270542267731
156.602,-3.3724332968303656,1449.6640389369568,5.076,0.02,25.01,0.0,1.563854617127452,0.0,0.0,0.0,-3.3771981223764937,954.9094052673158,0.0,-0.0771611784485084,25.017163792757458,0.0,156.52,-0.0926327572798854,0.08307531722275892,-5.039937169687873,1.5303560937929133,-0.061310489148747385,0.0793353069476942,-5.006388979739484,0.2254569180299874,-0.035667030595835314,-0.0,1.560968275918125,-3.4433282406775216,954.9204033819537,0.0,-0.029198227868436268,24.99998360890851,0.0,1.571964256144338,40.0,0.07595292599307579,0.04261161024735726,0.05227518079716862,0.1721601623420542,0.2508977637825716,0.03280314081850853,0.12315510991806665,0.11914932733738655,-36.80068313959839,0.07801102117999173
156.701,-3.372433995384199,1451.5281284187863,5.077,0.03,25.0,0.0,1.5637338879194598,0.013390777889798727,0.0004375755869490401,-0.009396014197662787,-3.37588671297941,957.4109846074249,0.0,-0.06573916176673658,25.013978230134814,0.0,156.619,-0.10012561631154421,0.07392402945262977,-5.05824892362614,1.5568267101301945,-0.07660704021382708,0.07154241719089519,-5.017915288359244,0.11448598429402321,-0.03575902210994286,-0.0,1.5650086735215847,-3.446248063387594,957.4204016768766,0.0,-0.02919822786556079,24.99998360890851,0.0,1.571964256144223,61.0,0.07965654206340878,0.04187492916495189,0.05164869450859618,0.17197705916697922,0.25099981996864906,0.033972911949551356,0.12422124443723327,0.11992835685039537,-36.794198397207715,0.07802815127332213
156.8,-3.3724349309038644,1454.0246768251654,5.078,0.03,25.0,0.0,1.563313856316034,0.01616676730807971,-0.050136503780179434,0.00632410220592492,-3.3738795413467972,959.912187701964,0.0,-0.06963948457736087,25.009747935781167,0.0,156.685,-0.10011072753997824,0.08571097639142511,-5.019431939118998,1.5548355659454627,-0.08277424932102972,0.07467630280951462,-5.018082887841018,0.059727999957902206,-0.021202013810697196,-0.0,1.5672041758006559,-3.4491678860969803,959.9203999718,0.0,-0.029198227846827945,24.999983608919884,0.0,1.5719642561434732,35.0,0.1040233450626784,0.048393046856505376,0.0536600925475762,0.18052608138850723,0.25464197173655445,0.03790504701808991,0.1269729037066486,0.13103325953081102,-35.80765889487563,0.08242198962420741
156.9,-3.3724358713076867,1456.5212275135482,5.08,0.04,25.0,0.0,1.5640649940494935,0.010950370904703226,-0.0381055236857972,0.006489173063587301,-3.371917872134689,961.9128124910252,0.0,-0.08392073753338332,25.00574084197382,0.0,156.817,-0.10733822951453989,0.08344479560707516,-5.051635519182259,1.5510142758874184,-0.08266504532671405,0.07887936707109033,-5.0201880628915525,0.1399915545258868,-0.007834739779212896,-0.0,1.5635945321189937,-3.451503744264301,961.9203986077381,0.0,-0.02919822788797065,24.999983608908504,0.0,1.5719642561451195,45.0,0.079318495501839,0.04291315925758286,0.05266257083521672,0.17296286690044893,0.2513489613761517,0.03420497506980752,0.12439665789065461,0.12064327185829947,-36.62926991765855,0.07844937536366423
157.0,-3.372436806962071,1459.017775904694,5.082,0.04,24.99,0.0,1.564768149578247,-0.00574780745073475,-0.005342875176435161,-0.001048725188607649,-3.369358420540022,964.4131208667599,0.0,-0.09795998930810834,25.000342252779767,0.0,156.916,-0.10030574661294277,0.08253287382905374,-5.0793535250885755,1.574881259210948,-0.09852113735517233,0.0818274414078352,-5.030887445878127,0.023409132764041544,0.009904427984572806,-0.0,1.5682599572270561,-3.4544235669763386,964.4203969026609,0.0,-0.0291982278931431,24.999983608931245,0.0,1.5719642561453253,64.0,0.08077636947928461,0.04200810199498864,0.05198999205952859,0.17247387473546752,0.2511963785134277,0.03418277240146933,0.12418130519891757,0.12042877830830945,-36.73762509301191,0.07823532604175086
157.1,-3.372437742084003,1461.5143242861172,5.085,0.03,24.98,0.0,1.5649072565746047,-0.018346759709348032,-0.04705400685493745,0.011955491064254644,-3.3669458527120204,966.9129193874603,0.0,-0.10526887846884972,24.995215446670947,0.0,157.015,-0.11023826755873009,0.07412025216013804,-5.004904342885611,1.542338217032032,-0.0808265688718289,0.07216602145097895,-5.031059543418758,0.2400699382348185,-0.0028166013345582996,-0.0,1.559984082287574,-3.4573433896875247,966.920395197584,0.0,-0.02919822786368451,24.99998360890851,0.0,1.571964256144148,47.0,0.08097640557861309,0.041991942869801055,0.051633518641311556,0.17264999343074866,0.2512950438130612,0.034105986813495526,0.12438255363767423,0.1205779790362925,-36.74815182716968,0.07834071344805753
157.2,-3.372438677550747,1464.0108726586325,5.086,0.03,24.98,0.0,1.5652286983702817,-0.00035194912710609556,0.07222873541968963,-0.01792504455531531,-3.364579948188495,969.9121178464701,0.0,-0.09401938564128472,24.990822505076203,0.0,157.114,-0.11808873157686964,0.07764969132041731,-5.067975418966449,1.5561387295979145,-0.08848198557739977,0.07624032528948568,-5.032348838096905,0.1693380463653339,0.007429900613900031,-0.0,1.5628189630313323,-3.460847176938837,969.9203931514912,0.0,-0.029198227875458425,24.9999836089085,0.0,1.571964256144619,66.0,0.08127989053998073,0.042042266443079894,0.05148663664052782,0.1726598968509329,0.2512969627507628,0.03416638915230082,0.12447627393974846,0.12064813491637871,-36.74396418083813,0.07834937296576858
157.3,-3.3724396088632034,1466.4963252507046,5.085,0.02,24.98,0.01,1.5636728555571775,-0.00589649464966278,0.021075208755954408,-0.007620308882089222,-3.3632486471911447,971.9112945655066,0.0,-0.07118942918046922,24.988346929616505,0.0,157.213,-0.1246866437658206,0.0705835364816478,-5.069100860167851,1.5481627167222953,-0.09699577327032445,0.07201797737134079,-5.0337750419410465,0.1458034905177612,-0.0022634756391823885,-0.01,1.564158373227161,-3.463183035107244,971.9203917874293,0.0,-0.02919822787200008,24.999983608908504,0.0,1.5719642561444807,67.0,0.08032087925319983,0.04198620892445443,0.05123985482162665,0.17247438191675066,0.25121605619992693,0.03401744857075996,0.12433711380369385,0.12031363209250345,-36.78682336889613,0.07826069691537152
157.4,-3.3724405443095975,1468.9928736042523,5.086,0.03,24.97,0.01,1.5636876943197586,0.006287380424251238,-0.006027507985297236,0.00413142801947324,-3.361635853554835,974.4099691361561,0.0,-0.07228570255110574,24.985113856863848,0.0,157.312,-0.12841761334722487,0.09475224319307171,-5.072561647510054,1.5537640314232641,-0.10829699623124185,0.09064293400536183,-5.043076506321938,0.09263327541745417,0.04811988233169373,-0.01,1.565894587822467,-3.46610285781725,974.420390082352,0.0,-0.029198227872977076,24.999983608908504,0.0,1.5719642561445197,68.0,0.08407076062301387,0.042912577908546766,0.05116744645672718,0.17371927888962146,0.25177270716401867,0.03459534755856656,0.12468325388471636,0.12183812551399867,-36.6495919479487,0.07890669157275854
157.5,-3.372441479378665,1471.4894219476348,5.086,0.02,24.97,0.01,1.5640119123880305,-0.029813779740068384,-0.04042303261900982,0.009422459180880503,-3.359850483086957,977.4079864904713,0.0,-0.08508344069925618,24.981768702521357,0.0,157.411,-0.13010041270380818,0.0908055306811203,-5.004645364616209,1.548460604988303,-0.11287207820258052,0.09685355817043649,-5.0367325111301255,0.08860382142301997,0.05420677803268248,-0.01,1.566456403434414,-3.4696066450698932,977.4203880362596,0.0,-0.029198227880493293,24.999983608908504,0.0,1.5719642561448204,69.0,0.08398517287880937,0.04304562967393999,0.05110546853787654,0.17373415434671938,0.2517588294971287,0.03456500198861508,0.12461578298677116,0.12180810176019842,-36.64640904059543,0.0789065534222979
157.6,-3.372442410717724,1473.974874510164,5.087,0.02,24.97,0.01,1.5647260686990359,-0.02243434117725251,-0.031251114870157255,0.006834760564134949,-3.3589413994207638,979.406499592323,0.0,-0.09822136085911279,24.980519583523733,0.0,157.51,-0.1330776719958996,0.08754629423411261,-5.087494018688335,1.5771640322468126,-0.14350833627434761,0.09622511996940791,-5.0443814112561824,-0.11187208345723244,0.044421912519069906,-0.01,1.5744690748875065,-3.4719425032391005,979.4203866721979,0.0,-0.029198227878513727,24.999983608919877,0.0,1.5719642561447407,70.0,0.08405737370795281,0.04310932052855535,0.05110747832649925,0.1737027127291225,0.2517354712001398,0.03458523938048338,0.12460928961279949,0.1218030236426301,-36.64102440240601,0.07888826270850108
157.7,-3.372443346566058,1476.4714228344756,5.087,0.01,24.97,0.01,1.566106795859758,-0.012653259015362652,-0.12992737642895544,0.03350301210216232,-3.3585426999371086,982.4042325080825,0.0,-0.1536633684343654,24.980385324085187,0.0,157.609,-0.13936534420789407,0.0879116913726452,-5.031869390570927,1.556384622031566,-0.1272795742734783,0.0977543323722046,-5.046540482616603,0.08334075598395298,0.04032660105438879,-0.01,1.567064255474464,-3.4754462904919414,982.4203846261059,0.0,-0.02919822788860348,24.999983608908508,0.0,1.5719642561451448,71.0,0.0840193288962984,0.04311694997635392,0.05110016234406207,0.17365554528796637,0.2517145446691552,0.03458509464375495,0.12459923853249914,0.12176710501669447,-36.642554628502566,0.07886675393989964
157.8,-3.3724442832074146,1478.9568777075667,5.09,0.0,24.97,0.01,1.5680022328768415,-0.005037049579021472,0.00630457123600936,-0.0005893073194130133,-3.3597618264289006,984.9024522178605,0.0,-0.17338734770703604,24.981817983439573,0.0,157.708,-0.1431661492348017,0.1027920466237034,-5.082185437976854,1.5719270797809541,-0.14276589986669813,0.10414456730920914,-5.051656891556805,-0.038641738657667006,0.04856723828994447,-0.01,1.572340848012375,-3.478366113204249,984.9203829210289,0.0,-0.02919822790286985,24.9999836089085,0.0,1.5719642561457154,72.0,0.08954972051696936,0.046600514019459985,0.053006345454233335,0.177295945210727,0.2530885947770349,0.03525769923838057,0.12492667133880993,0.12533790057171715,-36.219346269706655,0.0806202973802106
157.9,-3.372445218480493,1481.4534260166324,5.09,-0.02,24.97,0.01,1.5681199629933127,-0.009558396316094491,-0.02758457353607006,0.014726803851399706,-3.3628239277146634,987.4008429428615,0.0,-0.19274482764574785,24.983766381016757,0.0,157.807,-0.1448227305963408,0.10184923122477946,-5.152677752561054,1.5325169341702907,-0.10051967457588175,0.10781075795303911,-5.067375618673847,0.35337911149454704,0.04695321200004443,-0.01,1.5574709879208848,-3.4812859359178643,987.4203812159515,0.0,-0.029198227912634274,24.999983608908508,0.0,1.571964256146106,73.0,0.08409569700578803,0.04350251919977484,0.05228450645838167,0.17364771635864837,0.25167097675056416,0.03471985687815984,0.12473501857976015,0.12195432830410224,-36.56394150232357,0.07883714016801903
158.0,-3.3724461483881214,1483.9499719819116,5.089,-0.04,24.97,0.01,1.5681171019703635,-0.009889843757281231,0.2138511171337814,-0.03759317840931353,-3.36760855584816,989.8994722178361,0.0,-0.15131663197731285,24.98712150980648,0.0,157.906,-0.14287521459374553,0.1038762490252479,-5.072829993139432,1.57401908970747,-0.1200039341322073,0.1111654870198253,-5.065876125307973,0.11702190464904674,0.04737567746131077,-0.01,1.5677176001414814,1492.6350000001178,1.422777185853329e-07,0.0,25.0,2.878021743544998e-09,0.0,1.1512086974179992e-10,74.0,0.08671805402536976,0.043953693004211966,0.05202799802003722,0.17477931505527441,0.25224824842142557,0.034954579838985755,0.12483100718976795,0.12314045141122851,-36.48671424569648,0.0794694484394746
158.1,-3.3724470795130514,1486.4354244982185,5.088,-0.04,24.98,0.01,1.5655108257804553,-0.005416229667824581,0.005117722296145264,0.003082469229056515,-3.3722598374854518,991.8985978785815,0.0,-0.11594456206205747,24.990085122270557,0.0,158.005,-0.149743445332074,0.08904555885770454,-5.075199619315987,1.576797567863364,-0.15496854747201977,0.10010344234162456,-5.067987587868817,-0.1306017600489558,0.006345726968710608,-0.01,1.5776240202440115,-3.486541616805479,991.9203781468125,0.0,-0.02919822793707584,24.999983608908497,0.0,1.5719642561470837,75.0,0.08956054987265774,0.046863240455520185,0.05370492494170801,0.1776739128470039,0.2532768668735279,0.035283260948263825,0.12495129589627996,0.1256763998114177,-36.17113813065207,0.08083242453974128
158.2,-3.3815381763981804,1488.9319751146695,5.09,-0.05,24.98,0.01,1.5674620960515477,0.027229719069223727,-0.11972168139928618,0.041743621134660576,-3.380220214657164,994.8976847321018,0.0,-0.19229065401068118,24.993197180819436,0.0,158.137,-0.13375431131838583,0.0901921536326908,-5.066475628990128,1.546763420226364,-0.11758958197145994,0.09289065800315593,-5.068765311003322,0.18785483500351952,-0.009614807856191732,-0.01,1.5652756496634712,-3.490045404063567,994.9203761007202,0.0,-0.029198227905489996,24.999983608908515,0.0,1.5719642561458202,48.0,0.07641154975346061,0.045241049698959035,0.05474262258905801,0.1741899378482013,0.25156015367208795,0.03287702451112819,0.12319591706325729,0.12076501032636436,-36.50230394434698,0.07889777571018076
158.3,-3.390629270754573,1491.417427612896,5.091,-0.07,24.98,0.01,1.5697329841230554,0.03213803341785558,0.08501963418657688,-0.011126522837856565,-3.386561400581333,996.8972738387444,0.0,-0.21821686381201771,24.994268559061958,0.0,158.236,-0.13131506627018907,0.10005411591033835,-5.041897217234762,1.5784258770879023,-0.1201742236058828,0.09267498840882231,-5.056549350038388,0.09073359688314732,-0.007325862522172599,-0.01,1.5699660756169491,-3.4923812622342543,996.9203747366587,0.0,-0.02919822790338828,24.999983608919873,0.0,1.5719642561457356,44.0,0.07331505077566511,0.04137192564963605,0.05338805670292032,0.17067126225612048,0.25041342705566366,0.032547914182125694,0.12308074182839117,0.11798081743720534,-36.8983456721751,0.07735078345985386
158.4,-3.3997203722804556,1493.9139758701485,5.094,-0.09,24.98,0.0,1.5687434652962275,0.016898926808809084,0.031890811690790534,0.0004801200721033329,-3.395850513907077,999.3968168986399,0.0,-0.1965180251456702,24.994531749063373,0.0,158.335,-0.13625172143513165,0.09313462603343582,-5.097912585185,1.5480618626681224,-0.10773488810567719,0.0940743409250077,-5.057568214319723,0.21350001877444957,-0.003940032548502614,-0.0,1.5658516312581297,-3.495301084948155,999.4203730315816,0.0,-0.02919822790478499,24.999983608908504,0.0,1.571964256145792,46.0,0.07129604254325575,0.04050017151641017,0.05236677663299455,0.17035565687108006,0.2503768990926454,0.031945494613032914,0.12258311749724196,0.11722244561875816,-37.05608405519903,0.07725643995691353
158.5,-3.4088114747805776,1496.3994283499349,5.099,-0.1,24.97,0.0,1.568706637774829,0.002842880589509398,0.06839858461489894,-0.012633360712936062,-3.406364876091471,1001.8962760083102,0.0,-0.1924936379413326,24.993249874346315,0.0,158.434,-0.12288536589832712,0.09404853307208066,-4.956604182951397,1.5546687780519566,-0.10082535546933745,0.09306787545917553,-5.044985849814367,0.19763698642331573,0.00494628260830865,-0.0,1.566886949456699,-3.4982209076623008,1001.9203713265048,0.0,-0.029198227905045906,24.999983608908515,0.0,1.5719642561458025,46.0,0.07510295058264892,0.04335661518505663,0.05373495091598692,0.1733264301361746,0.251448314605775,0.03248416289036649,0.12289205036104099,0.11983367739893191,-36.70586606335273,0.07861639678370556
158.6,-3.417902591849554,1498.8959789472253,5.103,-0.1,24.97,0.0,1.5678827867985259,-0.008549714246586198,0.04261180125162854,-0.00719172875195898,-3.4177102883143204,1004.3955887408005,0.0,-0.17489436502270964,24.991917161281894,0.0,158.533,-0.10625653717498584,0.08928051092006975,-5.074202137225074,1.561561874575918,-0.08690364788263384,0.08967490257233392,-5.0514419463344815,0.2025045945622589,-0.0033401884597950016,-0.0,1.5666906907431477,-3.501140730376885,1004.4203696214275,0.0,-0.029198227937808595,24.9999836089085,0.0,1.571964256147113,51.0,0.07286514875172097,0.04112680854155408,0.05259948901802361,0.17096643073766732,0.25053994237095145,0.032384300936441325,0.12295711375564897,0.11793442846106013,-36.96229963838432,0.07749976040118997
158.7,-3.436083874594658,1501.3814314075091,5.108,-0.1,24.97,0.0,1.567680021575887,0.0016429214632146987,0.03589251870686157,-0.003177182852250394,-3.4318251710414107,1007.3945804377256,0.0,-0.16903714599951017,24.9906182896968,0.0,158.632,-0.10763323158640584,0.09839619952999454,-5.082254151758922,1.5721499359304054,-0.08958307062262474,0.09033749212502994,-5.049794431138274,0.11744600345412075,-0.00036971114407080563,-0.0,1.5700976380112242,-3.504644517637143,1007.4203675753361,0.0,-0.029198227939729284,24.999983608908504,0.0,1.5719642561471898,48.0,0.07278364004498408,0.04078539526922045,0.051838751409551916,0.17085796546465779,0.2505227490646102,0.032275970618815306,0.12284016154760614,0.11773369860320614,-37.023695273245764,0.07746664361033592
158.801,-3.4451750036384965,1503.8779819971915,5.112,-0.1,24.97,0.0,1.5680652817853282,0.0029881790600400754,-0.008772545837678817,0.01059559117446197,-3.4437057839784244,1009.8936043811258,0.0,-0.1862525732462328,24.98922497522446,0.0,158.731,-0.0998152614746655,0.09719588462390061,-5.083750461032634,1.5711740029577737,-0.09148612331423601,0.09376977666389877,-5.055734482964972,0.06357385827734194,0.007430430029852886,-0.0,1.5722546880142694,-3.5075643403552403,1009.9203658702596,0.0,-0.029198227973793123,24.99998360891987,0.0,1.5719642561485518,52.0,0.07334598874418076,0.04091569197690468,0.05140015772139037,0.17105135361322885,0.25057491467261733,0.032372204974139555,0.12289667452118533,0.11789360982795541,-37.01853145517821,0.077546270035736
158.9,-3.454266159024428,1506.4411048352135,5.114,-0.11,24.97,0.01,1.5691233870482557,-0.0028294837960097085,-0.03724294929884408,0.010864464676496457,-3.453304453015074,1011.8927358602132,0.0,-0.2077031847070457,24.98805735510126,0.0,158.83,-0.0824563867778648,0.0898623257751721,-5.021857748853503,1.5786608484130518,-0.08491162837097094,0.09009260152108418,-5.048398631726137,0.03573378655539071,-0.0015293805282361461,-0.01,1.5737707178004656,-3.5099001985309597,1011.9203645061982,0.0,-0.02919822795574427,24.99998360890851,0.0,1.5719642561478304,53.0,0.072668242359792,0.040762827520482804,0.051046114968326374,0.1707212689748428,0.25038691388632023,0.032232912458898914,0.12278229272700701,0.11750179778726533,-37.06400805782019,0.0773573989784582
159.0,-3.4724474684783786,1508.9376530407746,5.116,-0.11,24.97,0.01,1.5705057852927151,0.005651660941617504,-0.031025633202847323,0.016731770599072413,-3.4656514236178815,1014.3915383942314,0.0,-0.24357044608036071,24.986338101343094,0.0,158.929,-0.07357793928796956,0.11094385567244539,-5.092941692061433,1.5440187301578483,-0.04253632167348949,0.10038945954263856,-5.058118922066495,0.3406943127047704,0.02184297379898581,-0.01,1.5615658046202963,-3.512820021248629,1014.4203628011211,0.0,-0.029198227938879967,24.999983608908508,0.0,1.5719642561471558,53.0,0.07263323834840729,0.04073929947605612,0.05079929170260237,0.1705624125325358,0.2502894632361853,0.03222389247534714,0.12277119053033522,0.1173633423187377,-37.08037486405048,0.07726309090906866
159.1,-3.4815386085309115,1511.423105471065,5.117,-0.11,24.97,0.01,1.5700171809319892,-0.0111511739449708,0.09441306826324873,-0.035948040695722,-3.4784514274705596,1016.8902323819926,0.0,-0.2249689599310996,24.98555789267378,0.0,159.028,-0.06934103218715594,0.10023376729480528,-5.069305454363733,1.5266622680966218,-0.023238220546970577,0.10405571170485726,-5.0646268519065565,0.40285337956765543,0.02580916084555085,-0.01,1.5590807636344062,-3.5157398439674816,1016.9203610960438,0.0,-0.02919822797308258,24.99998360891987,0.0,1.5719642561485234,52.0,0.07533763425036881,0.04066194322813076,0.05110399391812951,0.17029291316027717,0.250142837898921,0.032647599410306774,0.1230278449712687,0.11771360296618426,-36.985448976642076,0.07711239546976274
159.2,-3.49062975544706,1513.9196536607915,5.117,-0.11,24.97,0.02,1.5670055652179309,-0.013222820016885201,0.10585249065948323,-0.03297552931038907,-3.4909931356401764,1019.3888708030063,0.0,-0.14922436903835765,24.98617377197317,0.0,159.127,-0.05983417312426136,0.10701624831697425,-5.041010800820263,1.545596611718017,-0.016679091696481185,0.10542885918234933,-5.063471810055187,0.3552382057694427,0.02577001827648928,-0.02,1.5609854533064704,-3.518659666689231,1019.4203593909666,0.0,-0.029198228008069115,24.99998360890851,0.0,1.5719642561499234,54.0,0.07301593532302396,0.040743487878720154,0.05110092160594865,0.17035602269627548,0.2501765022770926,0.03228353087975047,0.12280863229902168,0.1173363060983109,-37.04852712334344,0.07714862304315957
159.3,-3.508811091255893,1516.4162018381853,5.117,-0.09,24.97,0.02,1.5649221004594602,-0.013100352660266745,0.04482921006509835,-0.01227801722387854,-3.50404470686991,1022.3872936115838,0.0,-0.09759420593600596,24.987552294464383,0.0,159.193,-0.06467218040674792,0.09490471230011696,-5.082243909655438,1.552496405673334,-0.009669739286524407,0.10744968850481151,-5.067342215851827,0.3218901639119069,0.02605589139367126,-0.02,1.5615195227744725,-3.5221634539569875,1022.4203573448746,0.0,-0.02919822797790315,24.99998360893126,0.0,1.5719642561487157,90.0,0.093569340616821,0.04430540476749182,0.051360870039445485,0.17572605102309674,0.25265325557229795,0.03647452794467609,0.1260993262850887,0.12530087320407987,-36.35263566709977,0.07995891857675369
159.4,-3.517902250444763,1518.9127500086806,5.117,-0.06,24.97,0.02,1.564171522450868,-0.010710075766077336,0.011446752637786385,-0.008393528406282083,-3.510885465379266,1024.3863539915453,0.0,-0.08484632888181552,24.98896603646327,0.0,159.325,-0.04592552822640389,0.10209840243977425,-5.057009371994285,1.5494457280013272,-0.017673517459827356,0.1028813210457128,-5.06927339442284,0.1764830588848737,0.012966234202895777,-0.02,1.5661338614281826,-3.524499312132443,1024.4203559808152,0.0,-0.02919822793508256,24.999983609022205,0.0,1.5719642561469986,55.0,0.07465598142385513,0.042113882793263294,0.05115548209375927,0.1718366913177109,0.2507475935081411,0.03242271516401086,0.12281968475260434,0.11850208958900656,-36.91735181290442,0.07784739467314193
159.5,-3.517903226061378,1521.409298173789,5.117,-0.04,24.98,0.02,1.5643320852566995,0.006144198113374411,-0.06243764090260293,0.011071689625271561,-3.518062144061844,1027.385194950463,0.0,-0.0986275516667309,24.99139106365834,0.0,159.424,-0.040748898836343715,0.09309555157853304,-5.030350147120944,1.5472081414110619,-0.01498191637275482,0.0968097455485856,-5.066756631027927,0.18343460753796717,-0.011773926788890776,-0.02,1.5650517044376477,-3.5280030993934006,1027.4203539347359,0.0,-0.029198227946451244,24.999983609022195,0.0,1.5719642561474534,57.0,0.07417014808701433,0.0416882240229141,0.05105432321702527,0.17122212717128393,0.25049490263418334,0.03243384365874636,0.12286879764014635,0.11805907153536634,-36.96527465961134,0.07754804711602065
159.6,-3.5269943956787415,1523.9058463254387,5.117,-0.02,24.98,0.01,1.5652738689121346,0.02465810401356445,-0.03841772153223926,0.005154947424911576,-3.520985517790531,1029.3845838228967,0.0,-0.11409462998477528,24.99257846318158,0.0,159.523,-0.03485968997431934,0.09622337766175312,-5.036950157441985,1.5509331583658292,-0.004571989839227974,0.09828240773291566,-5.06683895216403,0.19539691235759996,-0.007425867512907303,-0.01,1.5637728606771586,-3.5303389575677864,1029.420352570683,0.0,-0.02919822794523555,24.999983609022195,0.0,1.5719642561474048,58.0,0.07419819214501013,0.041591363128265314,0.05105985568396459,0.1711413708793942,0.2504845528715994,0.03241802743822835,0.12285876887287323,0.11801940771262959,-36.96891486557438,0.07752270007872347
159.7,-3.526995373739396,1526.4023944717014,5.117,0.0,24.98,0.01,1.5653467635300495,0.014650233932878337,-0.0010801230691454935,-0.005534442813627428,-3.523084274596936,1032.3837805140297,0.0,-0.11494636899948936,24.992911215417823,0.0,159.622,-0.025731581103224963,0.10896974186102926,-5.035465798909587,1.5757843610988453,-0.02033392302615846,0.10546400211199201,-5.06389173410221,0.000504385962853676,0.010328660961498315,-0.01,1.5707761435484244,-3.5338427448269507,1032.4203505246035,0.0,-0.02919822791238403,24.9999836090222,0.0,1.5719642561460907,58.0,0.0740729077464066,0.04161408143580955,0.05106357744841975,0.17118293546134586,0.2505083288085241,0.03237299852256248,0.12281181745917458,0.11801479011415499,-36.97142641715441,0.07754707714434518
159.802,-3.5269963482411413,1528.887846837449,5.118,0.0,24.98,0.0,1.5658277623031776,-0.004057938553236567,-0.09080234686364096,0.020793310283328075,-3.5230873046024005,1034.8830849156607,0.0,-0.14350589097208635,24.991862301926815,0.0,159.721,-0.028119851445063553,0.10885444345858442,-5.012191121517047,1.5515154639426423,-0.018860816490746384,0.10982610308805657,-5.057072548170254,0.04777393387947873,0.0187912622459514,-0.0,1.5688852793678483,-3.5367625675416314,1034.9203488195374,0.0,-0.029198227920183346,24.99998360902219,0.0,1.5719642561464027,65.0,0.07728865937933896,0.042076979955768576,0.05129196305399837,0.17184325539929238,0.2508079515059953,0.032986314996805446,0.12326363510233271,0.11909162826535596,-36.83779170519999,0.07788420262102896
159.901,-3.5269973262038548,1531.384394964586,5.119,0.01,24.98,0.0,1.567514744182352,-0.015301224778258425,-0.046305690004537554,0.007447434019731126,-3.5220486113073677,1037.382343951079,0.0,-0.1749728710924167,24.991134919391637,0.0,159.82,-0.03144617860760231,0.1078603961588981,-5.007227559784688,1.556835014156873,-0.0186989636652085,0.10954265274344453,-5.051372493590961,0.10428604025162656,0.016321420951818766,-0.0,1.5662242442879106,-3.5396823902555217,1037.4203471144713,0.0,-0.029198227905878105,24.999983609022188,0.0,1.5719642561458305,60.0,0.07872150019458635,0.041541208997577385,0.05106003533276194,0.1714591593785884,0.25072446268344173,0.03375334330063956,0.12401799203451654,0.11931062390100657,-36.8613671381196,0.07774106485630784
160.001,-3.5269983045113804,1533.8809430824351,5.119,0.02,24.98,0.01,1.5678499772355448,-0.013998671196472405,0.007223859281351548,-0.00538483465606173,-3.5204520067454044,1039.8816316368918,0.0,-0.17573993540340657,24.991880013597697,0.0,159.886,-0.04604181059916171,0.112874365999584,-4.956190589388063,1.5567219531098284,-0.031586930889406686,0.1122337138039747,-5.040998728329001,0.015723602144956158,0.021462200884396765,-0.01,1.569367467252749,1542.6350000002094,1.4803887080997568e-07,0.0,24.99999999998863,2.878021743543689e-09,0.0,1.1512086974179992e-10,54.0,0.10402610137485176,0.0483162451123457,0.05318743103794993,0.18030745883205093,0.2545083629748078,0.03792052964386583,0.12699640912278196,0.13083613316256448,-35.83176614983238,0.08228497085891465
160.101,-3.5269992828413024,1536.3774911902574,5.119,0.02,24.98,0.01,1.5677089067783694,-0.008966342419590446,-0.03514510098944107,0.00469740052128364,-3.518490103011513,1042.381041724165,0.0,-0.18001807135910836,24.99345765835525,0.0,160.018,-0.0394611447019259,0.10736064664498234,-5.100807681532066,1.538143838838818,-0.00811093426643842,0.1045064066134064,-5.050100962047946,0.27979289783363603,0.0016266474336070758,-0.01,1.5587963673060956,-3.5455220356739585,1042.420343704339,0.0,-0.02919822782086273,24.999983609022195,0.0,1.5719642561424298,62.0,0.08053462281380569,0.042887028749415634,0.05222105452520295,0.17275388794085708,0.25122527177427734,0.034161131887000845,0.12435014476107016,0.12064014565308126,-36.68254377117989,0.07835241259831013
160.2,-3.527000266381606,1538.874041709085,5.12,0.02,24.98,0.01,1.567343127276052,0.012010936108506209,0.11930515358288309,-0.029915089699983622,-3.516687118345775,1044.3807004194887,0.0,-0.160654364569118,24.995210444846304,0.0,160.117,-0.04450206164131829,0.11354584923321986,-5.050504561977264,1.5434732437813885,-0.008610235926291197,0.11543521066370796,-5.051896059117933,0.2678458622037389,0.025273277633612423,-0.01,1.5592854288483176,-3.5478578938383216,1044.4203423402862,0.0,-0.02919822781589448,24.999983609022202,0.0,1.5719642561422311,64.0,0.07983064284295757,0.04188542284853292,0.051610096762440924,0.17202353632818768,0.25103567314674596,0.03394296576224547,0.12419500755655595,0.1199784533415539,-36.79333379775912,0.07806122098153631
160.302,-3.527001238858702,1541.3705873773274,5.119,0.03,24.99,0.01,1.56461147318152,-0.006910959258914583,0.07355275763451313,-0.023760988567573103,-3.5131082916029515,1047.3804158518394,0.0,-0.08302419203722736,24.998240441700194,0.0,160.216,-0.06133214950368365,0.12107465325960395,-5.061969473965607,1.5279935712065262,-0.018287592321539075,0.12295371998792369,-5.057340442470455,0.24455721416200796,0.030269919419335878,-0.01,1.5598233758417597,-3.5513616810826982,1047.4203402942069,0.0,-0.029198227819819112,24.999983609022188,0.0,1.571964256142388,65.0,0.08112603400496365,0.042132511486721924,0.051282722398258214,0.17264356765312838,0.25133750976112973,0.03415522004565102,0.1243455293562407,0.12059123452630693,-36.75852873475258,0.07839372604017175
160.4,-3.527002217345853,1543.8671354568519,5.118,0.05,24.99,0.0,1.5630945824694376,-0.011761993214201351,0.023221380614552745,-0.010302961278704968,-3.5096530179965204,1049.3803809843696,0.0,-0.057399767740767695,25.000170304472014,0.0,160.282,-0.06405288646717758,0.12387523948897208,-5.0446881743313545,1.5760573984367077,-0.06261321649416016,0.126028965706465,-5.055993304897871,-0.11050530724234862,0.03514662002491775,-0.0,1.5732141024133017,-3.5536975392473167,1049.420338930154,0.0,-0.029198227832842046,24.9999836090222,0.0,1.571964256142909,58.0,0.10369008254576624,0.048384869403114414,0.05335299529746989,0.18060053467032525,0.25466562038192797,0.03779155762804736,0.12686395439773457,0.1309330669938202,-35.825479455986546,0.08245692433028884
160.5,-3.517912974958165,1546.352587761795,5.118,0.06,24.99,0.0,1.5634066174414494,-0.01779233893639711,-0.19626377666873443,0.03546208085672024,-3.50268611357237,1052.3806294565222,0.0,-0.09189194921048668,25.003245893378196,0.0,160.414,-0.07222803749217382,0.12009714807348022,-5.063818272283581,1.544411222518043,-0.053955859545633686,0.12665366896413913,-5.058054306677597,0.08260023441205477,0.031732941744273546,-0.0,1.5650973334068052,-3.55720132649417,1052.4203368840747,0.0,-0.02919822783950337,24.999983609022184,0.0,1.5719642561431755,66.0,0.08434737707544543,0.0438738910692927,0.05248738502936285,0.1742970163054547,0.25190676348011704,0.034725407876987045,0.12470632898005038,0.12238831374420335,-36.525807714864925,0.07914373351807868
160.6,-3.5179139509484116,1548.8491358225033,5.119,0.06,25.0,0.0,1.5660518864777424,-0.007530749729365166,-0.03502433301695323,0.0028788519510933672,-3.4973808876093684,1054.3810588786837,0.0,-0.13277546894745698,25.00567186942638,0.0,160.513,-0.07002919085434237,0.12007299167621968,-4.956181650374832,1.5521434165521741,-0.04873385775272429,0.12546473609570696,-5.048065161114305,0.15993346727842442,0.015248094667107637,-0.0,1.5620045770652449,-3.5601211492009117,1054.9203351790086,0.0,-0.029198227821562176,24.999983609022202,0.0,1.5719642561424578,71.0,0.08399509126742226,0.043136206128724895,0.05191274044639755,0.17375780283526301,0.25176450506271625,0.03462317054830951,0.12465177586515722,0.12192480947762481,-36.60450144500272,0.07892370691812406
160.7,-3.5088247131193953,1551.345686317351,5.12,0.06,25.0,0.01,1.5652728193115928,0.002673673420207428,0.023434867125272207,-0.015548152004955806,-3.490648190647086,1056.881963999394,0.0,-0.1118507250624941,25.010112303111946,0.0,160.612,-0.09198891991947783,0.1159143834354849,-5.071624820004886,1.540678341436661,-0.05962684773605357,0.12197416262746454,-5.058250507625379,0.17048363193018148,0.0062325994788849925,-0.01,1.561579540359223,-3.563040971906267,1057.4203334739425,0.0,-0.02919822780859476,24.999983609022202,0.0,1.5719642561419391,68.0,0.08399036679040002,0.043077409048942306,0.05158654265267092,0.17385016835432568,0.25181800078859434,0.03458480463986592,0.12460060027185388,0.12192882112488755,-36.623201424886965,0.07898022488012443
160.8,-3.4997354647597376,1553.8422343656307,5.121,0.06,25.0,0.01,1.5640286133301,0.009388590819406314,0.014486407302522987,-0.013853210220489362,-3.4824281957595664,1059.8836187896743,0.0,-0.07675717241153948,25.01561193539795,0.0,160.711,-0.10291565404561513,0.09767545674948427,-5.036918460857207,1.5464282412917267,-0.07777449470677197,0.1008299214788439,-5.054928564884001,0.11051216211055268,-0.038682125526715794,-0.01,1.5639653769700246,-3.5659607946100884,1059.9203317688764,0.0,-0.029198227790098442,24.999983609022205,0.0,1.5719642561411993,69.0,0.08388915066487403,0.04309286377392038,0.05138295189204272,0.17386643452166925,0.25180526716043683,0.03457810095350645,0.12458997923628894,0.12188832986731823,-36.632536187886565,0.07897808208287546
160.9,-3.499736435721502,1556.338782401287,5.123,0.07,25.01,0.0,1.5634156270560362,0.04455047554295405,-0.036360500594830536,-5.749448155201631e-05,-3.476748227289453,1061.8850245664105,0.0,-0.06706803170856807,25.018135644772865,0.0,160.711,-0.10291565404561513,0.09767545674948427,-5.036918460857207,1.5464282412917267,-0.0675030277957274,0.09393946096213154,-5.05512856488404,0.10120056862118038,-0.05158484032262223,-0.0,1.563937001693425,-3.5682966527711253,1061.9203304048235,0.0,-0.029198227778535438,24.99998360902219,0.0,1.5719642561407368,69.0,0.17290945099528687,0.06073592665437893,0.0560375565593281,0.19693679321280227,0.26154520177158475,0.04783671730738425,0.13424851182079786,0.16422774631472403,-34.08832551677685,0.09158604307203104
161.0,-3.490647179744542,1558.835330430632,5.123,0.07,25.01,0.0,1.563488598508064,0.04355598988945948,-0.015160219731312556,-0.0023003277606257738,-3.4694723721699288,1064.3869571846672,0.0,-0.06854189323135634,25.019059923817974,0.0,160.909,-0.12097994431233192,0.09700430378937569,-5.031212998362092,1.5439893075414057,-0.10422428802759008,0.09389960677734052,-5.056738681570383,0.07866224875336023,-0.04425583000261213,-0.0,1.5648417479649055,-3.5712164754732334,1064.4203286997574,0.0,-0.029198227797647948,24.99998360902219,0.0,1.5719642561415013,72.0,0.0847743933726876,0.04516534731604173,0.05421538793917253,0.1748195608904795,0.2519641728866871,0.03510593875117243,0.12505661901842774,0.12308532284361451,-36.35744410702112,0.07930192778619904
161.1,-3.4815579186044374,1561.3318784512976,5.125,0.07,25.01,0.0,1.5635647159677484,0.023454821459771666,-0.04608062947245645,-0.0001078024407343358,-3.462210227679703,1066.8888232437198,0.0,-0.07067097479642104,25.017116519524166,0.0,161.008,-0.13567938917254252,0.10834353111163125,-5.049439138687323,1.5794642772568932,-0.13711533226059908,0.0972999949705906,-5.058948084832604,-0.10962342305412431,-0.027952965013920306,-0.0,1.5723824013776815,-3.57413629817607,1066.9203269946913,0.0,-0.029198227797575783,24.99998360902219,0.0,1.5719642561414984,72.0,0.0850953316651149,0.043397992579835606,0.05312291290925192,0.17392910028764594,0.25189515756105785,0.034899010611844784,0.12488947481859286,0.1224644692988491,-36.50858227675036,0.07903744068097904
161.2,-3.4815588795444796,1563.8173306893102,5.127,0.06,25.0,0.0,1.5647684033636493,6.0125121994505384e-05,-0.11214504432146867,0.028107775657264487,-3.455352606964054,1069.390394075193,0.0,-0.10381057313180292,25.013361321228427,0.0,161.074,-0.13964904363747205,0.08995241518628545,-5.042058615376811,1.546742980987985,-0.13023314306225664,0.08903438899180871,-5.057061509943743,0.018777422717183953,-0.029838058207634077,-0.0,1.567641474954486,-3.5770561208791096,1069.4203252896252,0.0,-0.029198227808134,24.999983609022188,0.0,1.5719642561419207,66.0,0.11961663856431545,0.05112977959322233,0.05503778966677273,0.18450399085723984,0.2564530180548126,0.0404615883346815,0.12891559485008464,0.13801779671186834,-35.32833053349889,0.08462184416015937
161.3,-3.4724696088775886,1566.3138786902346,5.128,0.04,25.0,0.0,1.5666818540219705,-0.0007521601364085727,-0.010572793608441268,0.0033405017585260255,-3.449643624803998,1071.8915734782538,0.0,-0.14714462288492602,25.008926768454057,0.0,161.206,-0.14121337707446877,0.11823859828635482,-5.076416912533479,1.548044080743218,-0.11902949208591984,0.11259931876084629,-5.0613317694153075,0.18750542154882038,0.02440106964319,-0.0,1.5617052339347406,-3.579975943584036,1071.9203235845591,0.0,-0.02919822784860721,24.999983609022188,0.0,1.5719642561435396,74.0,0.0848329292243852,0.04427474114244978,0.05369774805760573,0.1749200120994366,0.2522251148470092,0.03482867717618252,0.1247929944937945,0.12304117415150356,-36.43218939098144,0.0794842889925005
161.4,-3.472470572069028,1568.8104266784044,5.127,0.03,24.99,0.0,1.566134162773613,-0.042331684351362045,0.09343228010909863,-0.0198263766033326,-3.4456048196414777,1074.392379433971,0.0,-0.12942544494982278,25.005843675840463,0.0,161.305,-0.15504038703874867,0.11671451605756385,-5.085739752753975,1.5495598449119692,-0.12984424719360274,0.1189988778161302,-5.067073780107052,0.1597975592749903,0.04481777130093434,-0.0,1.563215128288995,-3.5828957662918297,1074.420321879493,0.0,-0.02919822785630661,24.999983609022188,0.0,1.5719642561438476,75.0,0.08493239604522732,0.043279540745900215,0.05280726489691722,0.1741959212198731,0.25201087186417115,0.03480653973021902,0.1248027836028193,0.12251616628143594,-36.53496688705722,0.07917519671031797
161.5,-3.4633812965062134,1571.3069746604438,5.125,0.02,24.99,0.0,1.5646151956778507,-0.04170623422964467,0.04392689237356498,-0.010120862405734975,-3.443058624271237,1076.8929671516069,0.0,-0.0927225990100303,25.00518262776377,0.0,161.404,-0.1762737058564455,0.10979483454000485,-5.109856987706075,1.5421037752506441,-0.14377409875103103,0.11398524033302453,-5.070655446633351,0.15634071874061226,0.028536548431624453,-0.0,1.5637480408855593,-3.5858155889996954,1076.920320174427,0.0,-0.02919822785637877,24.999983609022184,0.0,1.5719642561438505,78.0,0.08412831019857274,0.04315473177486354,0.052253452202602524,0.17419754741056875,0.2520057913964331,0.034603633638222255,0.12462704921602945,0.12225134399698019,-36.58481612597052,0.07917487238338675
161.6,-3.4633822529542613,1573.792426860193,5.124,0.01,24.99,0.0,1.5640261686083414,-0.012714099714017322,0.011310876790806296,-0.0034910623964833805,-3.4416115676284407,1079.3935932124234,0.0,-0.07867338802846383,25.00681178830916,0.0,161.503,-0.1757140108225919,0.10517493191086644,-5.077788685626285,1.5380872089430544,-0.14137979664419448,0.11125826958133998,-5.07353034895225,0.21851082533822483,0.018582176208710166,-0.0,1.5616592847756212,-3.5887354117083534,1079.4203184693608,0.0,-0.029198227849578668,24.9999836090222,0.0,1.5719642561435785,77.0,0.08427504429443486,0.04328111864275686,0.051897958553941886,0.17430893918485316,0.25201445821418667,0.03464349344832641,0.12464307075553303,0.12229989657827595,-36.592552891471165,0.07921040180501646
161.7,-3.463383213193879,1576.288974819983,5.122,0.0,24.99,0.01,1.5635216301914792,0.005852896030757466,0.038144842089040114,-0.012718988003878039,-3.4410725271731426,1081.8944550034428,0.0,-0.0653314629580272,25.009696993141574,0.0,161.602,-0.18533627834624955,0.10918834568582009,-5.095823138921956,1.5585007464444773,-0.1641559806502632,0.11110970485860194,-5.074527653712554,0.08267331535804325,0.01663460954339513,-0.01,1.567490283600984,-3.5916552344163963,1081.9203167642947,0.0,-0.02919822784672539,24.999983609022195,0.0,1.5719642561434644,78.0,0.0843424991442776,0.043142678359886374,0.05160879846146699,0.17402310315220562,0.25185748878727265,0.03464220876469878,0.12463545572850174,0.12208873047830605,-36.61011312331741,0.0790466889032715
161.8,-3.463384153002835,1578.7300439262597,5.123,0.0,25.0,0.01,1.5636125808258097,0.009148745932210815,-0.028535338591985003,0.014700413537001404,-3.4413791706765635,1084.3955967630513,0.0,-0.07089671799427635,25.012431439288655,0.0,161.701,-0.1814803025491902,0.1065804146046784,-5.013348136395512,1.5709453544681975,-0.17340689847565846,0.1085056102536963,-5.069306245896437,0.02778203811782059,0.001350304065663721,-0.01,1.5696851057470438,-3.594575057123734,1084.4203150592282,0.0,-0.029198227846486693,24.999983609022195,0.0,1.5719642561434548,99.0,0.11864669216598824,0.051071578950078064,0.053805424858469515,0.18436914947773597,0.25625892045240434,0.04028256541920298,0.12875134399599972,0.1374405787306893,-35.40496338555817,0.08447474729715848
161.9,-3.4633851134138354,1581.2265918673359,5.123,-0.01,25.0,0.0,1.5650295625117163,0.013385421051227982,-0.05089272620712501,0.018954074488865356,-3.4427588847594084,1086.8969659183786,0.0,-0.10681400565140335,25.01420327983146,0.0,161.833,-0.1825578945550924,0.10898528567698776,-5.084913277949469,1.5503884228065477,-0.1662528591019263,0.10646842909996687,-5.073247188435735,0.12034569115626716,-0.001747181333726644,-0.0,1.5663822193256827,-3.5974948798311224,1086.9203133541619,0.0,-0.029198227833620406,24.999983608999464,0.0,1.5719642561429412,67.0,0.1184266414351716,0.05099374141341517,0.05371159150794056,0.1841497236866868,0.256145345697729,0.040241248400581485,0.1287049273972434,0.13721604139292803,-35.414828734301395,0.08434499846500508
162.0,-3.463386069727278,1583.71204402974,5.122,-0.03,25.0,0.0,1.5660098833639662,0.01340345704730761,0.017637351825348,-0.001015949233980342,-3.44567336300908,1089.3984783418784,0.0,-0.12790865799302767,25.01515613548671,0.0,161.932,-0.18195935828986531,0.11737104340088245,-5.064701558623132,1.5529447923869368,-0.1564188429210645,0.11124299970650962,-5.066579577028552,0.18921290111471495,0.010764094576373395,-0.0,1.5644306376074253,-3.6004147025371482,1089.420311649095,0.0,-0.029198227824649786,24.999983608999457,0.0,1.5719642561425824,68.0,0.11560624305650687,0.050079746997889224,0.05347945381050086,0.18290246685746683,0.255630104850141,0.03994474795812384,0.1285589843658523,0.13565589471174055,-35.523544336986426,0.08368020985669933
162.1,-3.4633870263202198,1586.1974961828037,5.122,-0.04,25.0,0.0,1.5656879125770666,-0.0067157001894429975,0.05657784157981711,-0.007786197132721839,-3.4503127268115903,1091.9000680639379,0.0,-0.1176637887290329,25.015854125957173,0.0,162.031,-0.18494618646494976,0.09232959169847134,-5.071988958276736,1.5518572385140543,-0.16551446056502866,0.09956925331166497,-5.067222104696899,0.11214804131746026,-0.014805953973858976,-0.0,1.5679087030024994,-3.6033345252428584,1091.920309944029,0.0,-0.029198227819136335,24.9999836090222,0.0,1.5719642561423608,51.0,0.07578418019413428,0.04357946694597512,0.05268401122765376,0.1730364351930369,0.25115164911597315,0.03260557599880453,0.1229428440721772,0.11961484219878435,-36.722324759182904,0.07837790935382319
162.2,-3.4724782384281525,1588.682948322652,5.12,-0.06,24.99,0.0,1.5654835180055837,0.010128339431303061,0.006050239719724742,0.00623242045739785,-3.456507951250477,1094.4017135696936,0.0,-0.11628850574992532,25.016409651030603,0.0,162.13,-0.18646616040932512,0.0999058705002735,-5.0640082223033085,1.5500208328866858,-0.15562838949026597,0.09451760204576631,-5.062433675720502,0.20655644363588943,-0.01364849184732364,-0.0,1.564928585800542,-3.6062543479475266,1094.420308238963,0.0,-0.029198227813873875,24.999983609022202,0.0,1.5719642561421503,50.0,0.07289772841056133,0.04112447303465972,0.0519152154147696,0.17040459656191886,0.25019191334811,0.032383772970132965,0.12292544083721098,0.1174935834723826,-36.99557929553101,0.0771660048193137
162.3,-3.4724791915714377,1591.1683979540899,5.119,-0.07,24.99,0.0,1.5657905527066927,0.01378143827067535,0.038806625087639275,-0.006337945623582676,-3.464100459382747,1096.903389622043,0.0,-0.12023644403957852,25.016564347982104,0.0,162.229,-0.1823015765615991,0.10451924283908201,-5.077023987181052,1.5570763650353243,-0.16495456155511537,0.09876353631846131,-5.064160379324523,0.10015747314776517,-0.0005176441760212924,-0.0,1.5695895207443311,-3.6091741706517584,1096.9203065338966,0.0,-0.029198227803305738,24.999983608999457,0.0,1.5719642561417286,71.0,0.15623492838167205,0.058429296069822646,0.05652600809859036,0.1933558600256381,0.2599922950873509,0.04569253746070171,0.132705177009123,0.15569947917286564,-34.38201249085176,0.08946864400109417
162.4,-3.4815704105263308,1593.6427543038542,5.116,-0.08,24.98,0.0,1.5657859235678355,0.0009153591754867675,-0.023361900106425196,0.012076605750312207,-3.472959549731828,1099.4050319800353,0.0,-0.12347020991693523,25.015915779758764,0.0,162.328,-0.17117522493313211,0.093725718844833,-5.04113883657474,1.5561030713743544,-0.14112550980262184,0.09536118308937819,-5.05918960563446,0.2616556083662708,0.0011986526562850486,-0.0,1.5635247619208121,-3.6120939933555527,1099.4203048288305,0.0,-0.029198227832153686,24.99998360902218,0.0,1.5719642561428815,53.0,0.07292690424067112,0.041144237995375095,0.05242672332351543,0.17059863820940044,0.2503432031531986,0.03239188001672708,0.12294716898119674,0.11770059797620307,-36.96992529351845,0.07729941228139105
162.5,-3.4906616361778333,1596.1282064107238,5.115,-0.09,24.98,0.0,1.5663014338959496,0.0011992604576684194,0.07251945303470114,-0.011921454592400894,-3.4830134523302485,1101.9065917506296,0.0,-0.1314008122064511,25.014972907347122,0.0,162.427,-0.1601278568186147,0.09611602133348437,-5.0195611508315645,1.5488086343394951,-0.13456518324410544,0.0973854833263478,-5.052099696641681,0.22172188935632375,0.005384262495560677,-0.0,1.565524417919944,-3.615013816061944,1101.9203031237641,0.0,-0.02919822781901976,24.999983609022195,0.0,1.5719642561423561,73.0,0.11627304232220285,0.05007214403712097,0.054467081656520866,0.18308197526356393,0.25582934561495385,0.04007794213754406,0.12869761871235572,0.13613028521590803,-35.46900208651322,0.08384398884200817
162.6,-3.4997528666621633,1598.61365850933,5.115,-0.1,24.97,0.0,1.5654024580169956,-0.0022492650812730467,0.03689228725009485,-0.004503815536270311,-3.494030702569746,1104.4080542395186,0.0,-0.11124429904843319,25.014185582923638,0.0,162.46,-0.16699318549430622,0.10441703502756361,-5.061585123435843,1.5632251609591714,-0.13692352033689584,0.10105796578720394,-5.053092516156024,0.12801356906960742,0.02264687829302403,-0.0,1.569675454825058,-3.617933638766686,1104.420301418698,0.0,-0.029198227816127624,24.9999836090222,0.0,1.5719642561422404,80.0,0.1171453322967236,0.0500128410920254,0.05414331980054746,0.18326003965834736,0.25591767343990507,0.04014286989520078,0.12870743102596618,0.13641096275123013,-35.46594778240299,0.08394922953536589
162.7,-3.517934367280816,1601.0880148269257,5.115,-0.1,24.97,0.0,1.5659296825204532,-0.013164685747412218,-0.00688189022119512,0.01317193079347096,-3.505693476837244,1106.909425838147,0.0,-0.12672710594375874,25.013432031468724,0.0,162.592,-0.15345481210685302,0.09875896778247353,-5.071055750355359,1.551724977010014,-0.12189444293030595,0.10246772889044047,-5.057073362391435,0.19877693719324424,0.021285169424363204,-0.0,1.5668438920894707,-3.6208534614699444,1106.920299713632,0.0,-0.029198227801211757,24.99998360902219,0.0,1.5719642561416438,68.0,0.10325002174704456,0.0480213363534861,0.05363817727922326,0.1802638754619571,0.25452981212735465,0.03782759289359665,0.12692544465692235,0.13066515514140878,-35.84273170921902,0.08228202135617073
162.8,-3.5270256126285062,1603.573466906244,5.115,-0.11,24.97,0.0,1.5668033552963774,-0.011192187014701734,0.019805848017667854,-0.001010816114333082,-3.5179403229262323,1109.4107594630696,0.0,-0.14583848800477062,25.01327028149045,0.0,162.724,-0.14077144165129468,0.08940990850812854,-5.072850463989484,1.5496283048520283,-0.11227516948155751,0.09390856677063862,-5.061501631632151,0.24630400810823855,-0.00120484848046587,-0.0,1.5653374068376447,-3.6237732841736694,1109.4202980085659,0.0,-0.029198227819003098,24.999983609022188,0.0,1.5719642561423555,76.0,0.1372192377296542,0.05523452071591457,0.055551826017914134,0.18954731152566429,0.2584150656490703,0.04303439759144862,0.13075229658981485,0.1466206287563391,-34.83354295715425,0.08731562813385188
162.9,-3.5361168611322,1606.0589189762077,5.116,-0.11,24.96,0.0,1.566599779357437,0.00814879494860297,0.03800648962392513,-0.006760151119860934,-3.5306801985850944,1111.9121219903957,0.0,-0.13964135878520575,25.01378898591003,0.0,162.823,-0.1263888859547571,0.08745496402229454,-5.080060380226333,1.552029524402126,-0.09576163660407808,0.08729162883432223,-5.06526071521648,0.2746786028867965,-0.006106032826565411,-0.0,1.564197107750005,-3.626693106878112,1111.9202963034988,0.0,-0.029198227797292683,24.999983609022202,0.0,1.571964256141487,77.0,0.12738926039556678,0.0524081675486368,0.05481248651067123,0.18592110588578054,0.25692634225868877,0.04184455451732877,0.1299925517118394,0.14120588157094746,-35.154594604817916,0.08532642971645288
163.0,-3.5452081097894848,1608.5332752681438,5.119,-0.11,24.96,0.0,1.5661176560123005,0.013562781850896273,0.04413383832042496,-0.007046178536031331,-3.5435647707934925,1114.4135226997716,0.0,-0.12646590944370212,25.014078013209264,0.0,162.922,-0.11724545365612773,0.08272623222493647,-5.053149924055925,1.5444983306549123,-0.08823694062276172,0.08484144186899063,-5.061621022791533,0.24914702797501204,-0.011945581053183219,-0.0,1.5652189145127455,-3.6296129295791286,1114.4202945984327,0.0,-0.029198227764546635,24.999983609022202,0.0,1.5719642561401772,78.0,0.12758086785451514,0.05198331782018099,0.054402072339289474,0.18566336270952602,0.2568775495743961,0.041821312150506475,0.12997603852052378,0.14103848111634865,-35.18709325653842,0.0852218461773813
163.1,-3.563389655203821,1611.0187298490328,5.12,-0.11,24.96,0.0,1.5657202355240027,0.01587503507396187,0.023109911376662812,-0.002184740843265196,-3.556160553818475,1116.9148937652012,0.0,-0.11721996232689227,25.013310408217496,0.0,163.021,-0.10800291718643286,0.08740687514098217,-5.011221187291426,1.5346894739543917,-0.06701974674611277,0.08536494676210889,-5.057669438425924,0.3677177820952401,-0.010579909162064638,-0.0,1.560467084050629,-3.6325327522783706,1116.9202928933664,0.0,-0.02919822777703228,24.999983608999447,0.0,1.5719642561406777,79.0,0.12916316775086745,0.05226884919487376,0.054175590112045924,0.186143768280091,0.2570938903673474,0.04205132865244802,0.13015147984596706,0.14180464394484482,-35.157266781734535,0.08549484556770064
163.2,-3.572480920539533,1613.5041818953614,5.122,-0.1,24.95,0.0,1.5651356219921748,0.0088418907861656,0.0799238978953931,-0.016692096507431906,-3.5680919775380517,1119.416148181067,0.0,-0.10170516474577326,25.011744471622322,0.0,163.12,-0.10308637736724494,0.07877482791454464,-5.134167913770157,1.5306165811735326,-0.053493035076936105,0.07909621576659129,-5.069055430170863,0.39989389831888,-0.01413738708594181,-0.0,1.558770296438178,-3.635452574978306,1119.4202911883003,0.0,-0.029198227765740114,24.99998360902219,0.0,1.571964256140225,80.0,0.12880951980808517,0.052348262314731386,0.053978711887628,0.18618414322206794,0.257092432871638,0.042011130801629167,0.1301139350906321,0.141701559740803,-35.16946895024441,0.08550751046035698
163.3,-3.581572191585167,1615.9896339308234,5.125,-0.08,24.95,0.0,1.5635792557757833,0.013332723321912087,0.0749717437192023,-0.019210236915286054,-3.580778271706454,1122.4173782117612,0.0,-0.05556253988835728,25.008902931541076,0.0,163.219,-0.08475964256114361,0.07921238178156248,-5.026751390240398,1.574197762812469,-0.06739564299122758,0.07557889218073592,-5.062302795457242,0.11836001011076339,-0.01906836416272384,-0.0,1.5692576767195865,-3.6389563622170304,1122.420289142221,0.0,-0.029198227762464946,24.999983609022188,0.0,1.571964256140094,63.0,0.08596194860323705,0.04364602893779799,0.0515529415282439,0.174506757839848,0.2520524981195406,0.03490656084200566,0.12479452465533694,0.12272734994376375,-36.542009207356706,0.07928862747073442
163.4,-3.5906634666639548,1618.475085958505,5.126,-0.07,24.95,0.0,1.563213279065911,0.01041663584749177,-0.10331843630587834,0.02147004733239495,-3.5894431722116247,1124.918069274358,0.0,-0.07569473953299162,25.005296892586422,0.0,163.318,-0.08078866888981948,0.08125216958844358,-5.031250127815923,1.5442796417938238,-0.045370150039091756,0.07354890631525259,-5.057644720114343,0.2593564222930738,-0.02115001854686227,-0.0,1.5632005981201118,-3.6418761849158,1124.920287437155,0.0,-0.029198227749930528,24.99998360902219,0.0,1.5719642561395926,82.0,0.13421967689997133,0.05334479151276827,0.05405844372267693,0.18745164398589076,0.25760838375668554,0.04271768291667415,0.13057754723901793,0.14415839827786361,-35.02880888904321,0.08619798588247704
163.5,-3.5997547473751865,1620.9605379747818,5.128,-0.05,24.94,0.0,1.5649292898040752,0.005413164785505128,0.006894372384762495,-0.0029275434017531927,-3.595205136732621,1126.9183512947952,0.0,-0.09858306325672231,25.00197439677187,0.0,163.417,-0.08142948605495642,0.06424750308746362,-5.076030948345294,1.5527769789871453,-0.05832439550840951,0.06581498546616005,-5.057869173008205,0.11580470876572985,-0.027200720589885208,-0.0,1.5681549313022238,-3.6442120430743263,1126.920286073102,0.0,-0.029198227743674424,24.9999836090222,0.0,1.5719642561393423,64.0,0.08645326184775581,0.04405838313854437,0.0517840126781102,0.17481155408969584,0.25213248392657506,0.0349666926855486,0.12480988381653825,0.12302693716784874,-36.494100567981306,0.0794148541115434
163.601,-3.608846035873057,1623.4459899829396,5.129,-0.04,24.94,0.0,1.5650252835501473,0.008626139851828587,-0.06362928532881805,0.01334798058882314,-3.6023131143441414,1129.918261699535,0.0,-0.11130823253007431,24.996475898789043,0.0,163.516,-0.07289793251387176,0.08681260674991703,-5.028623214434093,1.5543825746227844,-0.05354008722564097,0.07944522431346597,-5.05734775244248,0.13469990997267134,0.004756902473690872,-0.0,1.5669999596708801,-3.6477158303116286,1129.9202840270227,0.0,-0.02919822774664982,24.9999836090222,0.0,1.5719642561394613,85.0,0.13438559969968664,0.053599289458262735,0.054190922860019065,0.1875883837708798,0.2576313802542128,0.0427557622401235,0.13061232657117733,0.14431999423202713,-35.009248997730566,0.08625451361935176
163.7,-3.6088470376500936,1625.931444542014,5.13,-0.03,24.93,0.0,1.5660683755439262,-0.01828360760038815,-0.034050638012583,0.005009298742592693,-3.6062423660909038,1131.917842529365,0.0,-0.1282495225463618,24.992748474641168,0.0,163.615,-0.07725853573645482,0.08713053658153294,-5.043554345586607,1.5584894374413543,-0.05503396542282098,0.08416719390307999,-5.04590888005437,0.12380031345371262,0.021750944682025874,-0.0,1.567037076720605,-3.6500516884694107,1131.9202826629698,0.0,-0.029198227736008314,24.99998360902219,0.0,1.5719642561390357,65.0,0.07983162660971455,0.04218349395228913,0.05140343389933027,0.1721586178768794,0.2509860845180412,0.03396320995032916,0.12416886772549332,0.11999886045915441,-36.78106729844838,0.07806879132380204
163.814,-3.6179385770471413,1629.0271637649498,5.132,-0.03,24.93,0.0,1.566562956725482,0.0,0.0,0.0,-3.6113687289333765,1134.9167424259724,0.0,-0.14001945920149456,24.98859980160852,0.0,163.681,-0.07248283580533424,0.07964943933041897,-5.025957118416319,1.568965440193961,-0.06393760282767665,0.08276375948110207,-5.043713764456486,0.014749503038002112,0.014907217397404082,-0.0,1.5714076938739172,-3.653555475706611,1134.9202806168903,0.0,-0.02919822775712477,24.999983609022188,0.0,1.5719642561398803,59.0,0.11432066122189463,0.05096499768690737,0.05415353022203226,0.18362077756762152,0.25588416876569803,0.03975461154073846,0.12834748278008506,0.13584605266113564,-35.2166189719024,0.08394870915976257
163.9,-3.617939326275348,1630.8912527543825,5.131,-0.02,24.92,0.0,1.56713830988412,-0.00875447769578716,-0.07580027616714277,0.013283125522015177,-3.614489256909341,1136.9157789526312,0.0,-0.15714553732893055,24.98649662639925,0.0,163.813,-0.06955482528759913,0.08589777349410006,-5.065145724289614,1.5563012980738462,-0.053757538077148455,0.0839427272590467,-5.052547486277778,0.05400455447565983,0.024169124918042684,-0.0,1.569433101055011,-3.6558913338659136,1136.9202792528374,0.0,-0.02919822776872661,24.99998360902219,0.0,1.5719642561403444,87.0,0.12690688736415698,0.05240591114832904,0.053692214859707585,0.1863819702635379,0.25723832850108064,0.0423601233125531,0.13047626069420487,0.1414628226614314,-35.11502788012481,0.08557562158648489
164.0,-3.6179403195272357,1633.3767021635688,5.129,-0.03,24.92,0.01,1.568371474337999,-0.004592532034488834,-0.03010281548701193,0.0069800977198700865,-3.6183859191823866,1139.4143979464234,0.0,-0.18576444136319759,24.98430350085262,0.0,163.912,-0.06928897061133764,0.0841120125501652,-5.042286565192682,1.5597375126884925,-0.06159013164808095,0.08555507342875018,-5.049296988980492,0.01941308709234863,0.022097414535146243,-0.01,1.5712207863780623,-3.6588111565662023,1139.4202775477713,0.0,-0.029198227778652008,24.999983609022188,0.0,1.5719642561407414,88.0,0.12242146480457518,0.054252961323726215,0.055434907350103375,0.1875375592632322,0.2572756091803652,0.040848528981903706,0.12845770667653425,0.14053448774832442,-35.089590494627345,0.0859307931990674
164.101,-3.627031622372556,1635.8621541225461,5.127,-0.03,24.92,0.01,1.56886125338753,-0.004506662635036535,-0.024084496462408213,0.008328305129251335,-3.6234798168346862,1142.4125490003555,0.0,-0.20316214442052358,24.982651587679875,0.0,164.011,-0.06456735511007641,0.06831955265940211,-4.9889049178142315,1.541477652724702,-0.038524316705761175,0.07264323360871594,-5.043168534850047,0.2063603715036096,-0.010426220131240171,-0.01,1.563716421439595,-3.6623149438067992,1142.420275501692,0.0,-0.029198227780050892,24.99998360902219,0.0,1.5719642561407974,90.0,0.11694897848098208,0.05116362151607127,0.05474043378646841,0.1840448013187851,0.2559487134524848,0.04008307606907989,0.12879305405975583,0.13686783139716785,-35.36919899087118,0.08410553396171011
164.2,-3.6270326239538235,1638.347606078132,5.124,-0.03,24.92,0.01,1.5687970191382359,0.021204988684599513,0.09110396165424198,-0.01979589208070575,-3.627215207731606,1144.4112134594573,0.0,-0.19176769236819427,24.98170902570638,0.0,164.077,-0.06843174200298188,0.08515893844836997,-5.071680981729015,1.5712343336754413,-0.05376785054600786,0.07721193555277817,-5.047357762108007,0.045991837638509836,0.0005958093997158187,-0.01,1.5701546151935486,-3.6646508019657977,1144.420274137639,0.0,-0.029198227727648345,24.999983609022202,0.0,1.5719642561387013,63.0,0.11856971652001108,0.05096165255365877,0.05424480311301363,0.18423418452235218,0.25620704489159213,0.04037708428999442,0.12927511441383024,0.13752501511257387,-35.37809324836132,0.08432706381113486
164.3,-3.6361239349549805,1640.8330580199138,5.121,-0.04,24.92,0.0,1.567853924646277,0.005245964571734614,-0.0031742060279695535,0.006042037705033281,-3.6320719408675557,1146.9093875562853,0.0,-0.17412309159906378,24.97988735542678,0.0,164.209,-0.06562213129010529,0.07264459207647363,-5.038561580368092,1.5646796783867778,-0.04277789889285803,0.07224009452584004,-5.0448379155460294,0.15159885879872764,-0.01162347485946924,-0.0,1.5663159821221333,-3.667570624662185,1146.9202724325726,0.0,-0.029198227749430924,24.99998360902219,0.0,1.5719642561395726,91.0,0.12346922217357832,0.05404881985669151,0.05597378323742699,0.18725878884146518,0.25735374445091086,0.04094706399404369,0.1294819523167474,0.14103802996872591,-35.06393670720025,0.08591465138287258
164.4,-3.6361249381004654,1643.329603137516,5.119,-0.03,24.92,0.0,1.5681821273781844,0.01097581201721528,0.019730083224216346,-0.008804808311384629,-3.637909667854159,1149.9068624934198,0.0,-0.17434525507370519,24.976516446320886,0.0,164.308,-0.05394417201190718,0.08630351021209372,-5.02972442061666,1.5804751355496918,-0.05499116133415084,0.07915629977438761,-5.0430017043673026,-0.02168882057559169,0.004836028265533088,-0.0,1.5728701116101544,-3.6710744119004737,1149.9202703864933,0.0,-0.02919822777096926,24.99998360902219,0.0,1.5719642561404341,92.0,0.1740251274045593,0.061895996927726925,0.057692219478034754,0.19774760753617449,0.26185226413158774,0.0481558049125716,0.13475098323445672,0.1655917851387022,-33.95581113798948,0.09198503720662192
164.5,-3.6452162558786654,1645.8150550566031,5.119,-0.03,24.91,0.0,1.5684774758436273,-0.0025357125062922706,-0.04446121210402308,0.02094419026517536,-3.641788146913398,1151.9049308292242,0.0,-0.19063352917828014,24.973616061383474,0.0,164.407,-0.05979274877445199,0.07809866531423591,-4.9786381051815916,1.5427806932205095,-0.03860348465873782,0.08149231073899142,-5.029657837565642,0.18055785292429685,0.01706679732813754,-0.0,1.5647564656526152,-3.673410270060063,1151.9202690224404,0.0,-0.029198227759933634,24.999983609022188,0.0,1.5719642561399927,74.0,0.0839932899776119,0.043542146153941204,0.05328160308694298,0.1739970369125818,0.25202671433408186,0.03477120437596647,0.12491895908290787,0.12239593706497261,-36.51449710952366,0.07909532354463554
164.6,-3.6452172626415518,1648.300506968666,5.117,-0.04,24.91,0.0,1.5689817461560032,-0.01107178160983799,0.034737141924809915,-0.015461697560144606,-3.6467114841570756,1154.402228240095,0.0,-0.19717631014990883,24.9703137081558,0.0,164.506,-0.053950304731828616,0.07867389856451866,-5.005098480658916,1.539852083773578,-0.022995318909086192,0.07951618959103633,-5.028786552752713,0.25552598703109203,0.00883228827419913,-0.0,1.5621474218031146,-3.6763300927597933,1154.420267317374,0.0,-0.02919822780399286,24.99998360902218,0.0,1.571964256141755,94.0,0.11946187494890773,0.0511728271590168,0.055158956063073854,0.18444558570530206,0.2565519327776418,0.0405146828148877,0.12905715832152573,0.13806856617545707,-35.322185178346906,0.08463306838285865
164.7,-3.654308591284746,1650.7859588693623,5.114,-0.03,24.91,0.0,1.567252068608303,0.00044825613836411835,0.0671305773344333,-0.02226436457188021,-3.651577155463678,1156.8992421879632,0.0,-0.1535601006017813,24.968300540907194,0.0,164.605,-0.05904262470471725,0.07732956115414594,-5.021871670075802,1.5485890174845722,-0.02920217279730562,0.07943149519471127,-5.021185600575842,0.19509775473931737,0.006130416153496299,-0.0,1.5641702843155858,-3.6792499154628033,1156.9202656123077,0.0,-0.029198227809062234,24.999983608999447,0.0,1.571964256141959,95.0,0.11856621361669308,0.0510285510283633,0.054608216264459386,0.18452023204220627,0.2565953987560818,0.04031751077990793,0.12884172254350748,0.13775852315420795,-35.36712770820855,0.08468989226719861
164.8,-3.6543096267922692,1653.3379853670504,5.11,-0.02,24.91,0.0,1.5659180572864155,0.0019004741926753241,0.02362323147594995,-0.005752820402100661,-3.6558278640829007,1159.396000922924,0.0,-0.12260007542754209,24.966119139670706,0.0,164.704,-0.0646643912623788,0.0828570718620276,-5.062569594843271,1.5513842146030337,-0.023025976515476665,0.08080464107684174,-5.029615895632977,0.21065133254199,0.007005794123386977,-0.0,1.5631450217503502,-3.6821697381653316,1159.4202639072414,0.0,-0.02919822779105877,24.999983609022195,0.0,1.5719642561412377,96.0,0.11967801881164053,0.05117141666238673,0.05436018945084706,0.18469180799455504,0.25662462222859733,0.04048763148192989,0.12893819126965841,0.1381279384122224,-35.3514037331429,0.08476540426928737
164.9,-3.6634009543564616,1655.8234346431584,5.107,-0.01,24.91,0.0,1.565345135112528,-0.0014511741378851481,0.01620260294220994,-0.007436026717828675,-3.659040306115049,1161.892509901783,0.0,-0.10919214227384536,24.96365228623256,0.0,164.803,-0.05113436879486882,0.08822222553845482,-5.1332955198467785,1.5278050475619682,0.0048900578792120415,0.08636518990795401,-5.048157825480288,0.40664614602682747,0.015079321945169255,-0.0,1.5548841339515236,-3.685089560867584,1161.9202622021753,0.0,-0.0291982278021388,24.99998360902219,0.0,1.571964256141681,97.0,0.11866293551002899,0.051075736947343874,0.05403881041636464,0.18447609308122762,0.256480011259809,0.04034608778007564,0.12882372035791143,0.1376465990201438,-35.39070451528473,0.08462303062354277
165.008,-3.663402218682677,1658.9302494802462,5.106,0.0,24.91,0.0,1.5632812972788257,-0.010456078450149236,0.12778725529104046,-0.03295334768641721,-3.661075040496725,1164.8880115606637,0.0,-0.05836369166182584,24.961325452664834,0.0,164.902,-0.0539248466594546,0.09644184736831675,-5.038765297358922,1.551766294686387,-0.019793979345599153,0.09615255546618681,-5.045798319569467,0.1719486904738654,0.03399498077647678,-0.0,1.5639030457834178,1667.6350000004386,1.6244178622651721e-07,0.0,24.99999999998863,2.878021743543689e-09,0.0,1.1512086974179992e-10,106.0,0.1254217333655718,0.05246980475152486,0.05418442831729609,0.1861971100941469,0.25716250089433174,0.04137476922503689,0.12956859753576777,0.1407214525526098,-35.11035425338609,0.0855111246896963
165.1,-3.663402977097178,1660.7943383756096,5.105,0.02,24.9,0.0,1.562085830667291,-0.0207326202791653,-0.08597082136930086,0.00598416859821436,-3.660873465522251,1166.8848678155746,0.0,-0.0294975788999806,24.96019488162919,0.0,164.968,-0.07695810217140994,0.10214026027108215,-5.048310944760268,1.5587276306422262,-0.06425268064159756,0.10292873307176575,-5.0460741163650376,-0.08840741269579117,0.053043013615589274,-0.0,1.5735377656361116,-3.6909292062745784,1166.920258792043,0.0,-0.02919822780083984,24.999983609022195,0.0,1.571964256141629,92.0,0.11674205703490947,0.05101702595518631,0.05380788083714452,0.18423268285640046,0.2563027536902709,0.04025929064208632,0.1287632573401865,0.13696030276378035,-35.40582527205828,0.08442993235586406
165.2,-3.6634039890091685,1663.2797902269754,5.105,0.03,24.91,0.0,1.5644960068773965,-0.019450807470206864,-0.15141346753004972,0.04333298037631427,-3.6588346233663986,1169.380872730469,0.0,-0.09277687957022814,24.95955750581147,0.0,165.133,-0.06798458960283706,0.11148015554837315,-4.961864450372981,1.557227362791954,-0.0790278659124685,0.10949881566537958,-5.024242031424617,-0.12268693522374778,0.05038009413762623,-0.0,1.574509672058703,-3.693849028976912,1169.4202570869766,0.0,-0.029198227794306173,24.999983609022195,0.0,1.5719642561413676,67.0,0.12177561744625785,0.053842370218453436,0.05545445113975672,0.18692710039882962,0.2571798687957334,0.04073966111278926,0.1288163409599293,0.14014009344956446,-35.134846023538394,0.08574473667906543
165.3,-3.654314666829464,1665.7652420744114,5.104,0.03,24.91,0.0,1.5678497953948118,-0.015016237810809123,-0.11491820718515369,0.02928035111556839,-3.655906433766596,1171.8769456538166,0.0,-0.17476131291304597,24.95993380413474,0.0,165.232,-0.07466427360155907,0.10927620616712252,-5.056328939328926,1.5525953040010245,-0.06967169248689406,0.11302391585233203,-5.027928609780405,0.035049490361647895,0.050531846234008526,-0.0,1.5681902387717375,-3.6967688516782777,1171.9202553819105,0.0,-0.029198227758934454,24.999983609022205,0.0,1.5719642561399527,68.0,0.1603612023247071,0.05979492255490123,0.05741979775490437,0.19469805534811158,0.2604556956189086,0.04618718567682955,0.13298233498363782,0.1581502408236987,-34.220931731185125,0.09015096965307898
165.4,-3.654315680120021,1668.2617896750153,5.102,0.03,24.91,0.0,1.5692206399424489,-0.011065071363866474,-0.015269344666030886,-0.005928181701817411,-3.653399515438223,1174.3732132924197,0.0,-0.20489165348920724,24.962006168993028,0.0,165.331,-0.06924791522353356,0.12088415496013946,-5.05168402199578,1.5521270178833813,-0.03844982183322307,0.12136855096715499,-5.032060972979851,0.2398634367087575,0.059375056500744705,-0.0,1.5599889706064523,-3.6996886743758,1174.4202536768444,0.0,-0.029198227740066196,24.999983609022202,0.0,1.571964256139198,69.0,0.11848329204309437,0.051376718031512086,0.05614783016994412,0.18388132104167376,0.256047498675821,0.04051399724279434,0.12914539162658434,0.1375230144390002,-35.28396438716195,0.0841723882639224
165.5,-3.654316688872086,1670.7472414977367,5.101,0.02,24.92,0.0,1.5678451029260196,-0.018214707968150327,0.11844742403177001,-0.034295031154325674,-3.651784217374933,1176.869774321386,0.0,-0.1665727349882712,24.966039700688327,0.0,165.43,-0.0930697546075349,0.12071259661107758,-5.039486723193049,1.5553124611850113,-0.07616605539305328,0.12644337878616874,-5.02884473305717,-0.0031471724641797365,0.05261764713433337,-0.0,1.5701214746342,-3.703192461611121,1177.4202516307648,0.0,-0.029198227739366738,24.999983609022188,0.0,1.57196425613917,70.0,0.11844288988083355,0.050189720438209594,0.05524812339144912,0.18326928641443593,0.2559841609818473,0.04042938749922616,0.1290766562068468,0.13701092190680564,-35.384378939269226,0.08396437873430282
165.6,-3.654317698148418,1673.232693312078,5.101,0.01,24.92,0.0,1.5661036228437464,-0.011907758182541226,-0.05577505262557337,0.01019141257524668,-3.650674569978512,1179.3667260965108,0.0,-0.12821306283334508,24.970842540810132,0.0,165.529,-0.08009015338480341,0.13948778575133278,-5.036125627419841,1.5545117089613776,-0.06730473914579041,0.1373996428955167,-5.032994847212835,0.1140755414520039,0.06874768940124198,-0.0,1.5658311111159875,-3.7055283197685105,1179.420250266712,0.0,-0.029198227740032882,24.999983609022195,0.0,1.5719642561391967,71.0,0.1181596065974434,0.050233304327358994,0.05480320033800754,0.18362369382881213,0.2561595984393515,0.0403133141042469,0.12891254117675696,0.1370674756368593,-35.405496819572086,0.08417698671013316
165.7,-3.6543187069045757,1675.7181451164229,5.102,0.01,24.93,0.0,1.5669583201550432,-0.019305584019447028,-0.005056288527631408,-0.005236208815063747,-3.6496857189100322,1182.3637286387382,0.0,-0.14568713348392337,24.977424447051906,0.0,165.628,-0.08343308741283052,0.1341631469604664,-5.018508858906137,1.5572437713234952,-0.06940806736171992,0.14247329081354845,-5.024320401806133,0.09058028684299053,0.060129751809533616,-0.0,1.5667715480223765,-3.709032107003508,1182.4202482206326,0.0,-0.02919822772642709,24.99998360902219,0.0,1.5719642561386524,72.0,0.11687130779376129,0.050113700265169356,0.054300543211056915,0.18346540487055768,0.2560592898358785,0.040123951555077635,0.12874726684772506,0.13653053943743282,-35.46053440602373,0.08407773022265244
165.8,-3.6543197162625347,1678.203596911786,5.101,0.0,24.94,0.0,1.566735026487384,-0.00883078399577294,-0.0051235548927412436,0.0012636231739439664,-3.6492931541530065,1184.3622198188382,0.0,-0.14304723347005005,24.982840497502036,0.0,165.727,-0.0867739572359987,0.1344455378329532,-5.0315536740202615,1.5541891616008632,-0.07142496653870967,0.1359597375390722,-5.028834601013234,0.12227143789926286,0.028072528576938538,-0.0,1.5658992543297454,-3.711367965159715,1184.4202468565793,0.0,-0.029198227719299457,24.999983609022195,0.0,1.5719642561383673,73.0,0.11551340062038248,0.050041842633441025,0.053824516974976824,0.18327202643821502,0.2559349037553964,0.0399498966342887,0.12860677700150824,0.13597161833148444,-35.512450652941936,0.08395319659008828
165.9,-3.654320729791891,1680.7001444647342,5.1,0.0,24.94,0.0,1.5666247644138078,0.005601338796785613,0.001196188527365489,-0.0036137104744936566,-3.6490870770690025,1186.8609560578334,0.0,-0.13949199760495656,24.989846759413517,0.0,165.826,-0.08883924538934697,0.1302207100369085,-5.018187525431729,1.5612333616877652,-0.07466759004665915,0.13523705383067014,-5.02790874690368,0.08114245419983783,0.022343899703482606,-0.0,1.5675457438875338,-3.7142877878544973,1186.9202451515132,0.0,-0.029198227707742018,24.99998360902219,0.0,1.571964256137905,74.0,0.12686185442882997,0.05166389832490735,0.05365453443473938,0.18554915742866682,0.25691868697875214,0.04171828261947082,0.1299358640039576,0.14070134296520387,-35.247805242141006,0.08520586013536341
166.0,-3.6543217386644073,1683.1855962397997,5.1,0.0,24.95,0.0,1.5666249190133552,0.013747803203802533,-0.008884769301317734,0.006193632848852095,-3.649178102355155,1189.3603621083796,0.0,-0.14027802706923032,24.996245306408028,0.0,165.925,-0.09213122480569837,0.1434001238834032,-5.028428938264949,1.554914465754786,-0.08010367899668633,0.14072382457356686,-5.027593379619336,0.05970561832767957,0.02442809894525766,-0.0,1.56840566125708,-3.717207610548991,1189.420243446447,0.0,-0.029198227729990894,24.999983609022184,0.0,1.571964256138795,75.0,0.1571740165152543,0.05890135411822061,0.05573911465177424,0.19440891095390722,0.2604909004031092,0.04568337550656124,0.13264219649169473,0.1566111468255827,-34.37735753618895,0.0901049841580403
166.1,-3.654322746447292,1685.68214112218,5.098,0.0,24.96,-0.01,1.5670868573386707,0.0033930831554855193,-0.016551630339859888,0.005271520496361391,-3.6496145643389126,1191.8603671413919,0.0,-0.1522585537335191,25.001751424815094,0.0,165.958,-0.09741043080155627,0.1460698399161994,-5.014144902781013,1.5411990146342944,-0.05917235126631664,0.14447923069806354,-5.02530508147273,0.18490575306930424,0.022215493123429297,0.01,1.5633949665464195,-3.720127433246217,1191.920241741381,0.0,-0.029198227751512595,24.99998360902219,0.0,1.5719642561396558,102.0,0.1289756670941925,0.05315239831928903,0.05489383751951383,0.18651091468033917,0.25714804011832415,0.04211115456796041,0.1302009800373445,0.14211031392042678,-35.09157757936199,0.08563069944707394
166.201,-3.6543237553116796,1688.1675928764848,5.096,0.0,24.97,0.0,1.5671205141723643,-0.002055190961408723,0.06325544360777183,-0.013969002073308975,-3.6507005103421144,1194.8610891337473,0.0,-0.14313947519393702,25.00824763559327,0.0,166.123,-0.10603031224048863,0.12876420809560307,-5.025263141447868,1.5390163751085355,-0.07093644194027773,0.13696799874997137,-5.032869626648965,0.2136472289991412,-0.007447838341299473,-0.0,1.562237826398606,-3.72363122048507,1194.9202396953015,0.0,-0.029198227777930363,24.999983609022188,0.0,1.5719642561407126,78.0,0.14184657624661437,0.05708756480518183,0.05662802774360436,0.19110833099024765,0.2589803814064693,0.043567951123980354,0.13107900519926652,0.14925927887089208,-34.62875072797669,0.0881373763203622
166.302,-3.6543247690328258,1690.6641403866565,5.095,0.0,24.97,-0.01,1.5657580793511612,0.016768512376582667,0.047398464976745845,-0.017511019507796065,-3.6518196773129215,1197.3622557633748,0.0,-0.10842277115251737,25.01355404215662,0.0,166.222,-0.10117821709671067,0.1308865892653294,-5.053089583359459,1.544747499873641,-0.07649264145920412,0.13155568908365817,-5.034392095646899,0.163144889510552,-0.015306041142778781,0.01,1.5642587765638336,-3.7265510431844486,1197.4202379902354,0.0,-0.02919822776696691,24.999983609022188,0.0,1.571964256140274,80.0,0.16215662056287047,0.060978431037661894,0.05818573440160496,0.1959467879183822,0.26097074200236076,0.04639517035040484,0.13314308218456897,0.15977918237428396,-34.1191637398683,0.09090070355996369
166.401,-3.6543257827765387,1693.1606878875614,5.096,0.0,24.98,-0.01,1.5649132957358403,0.017739850692802064,0.005100738553488417,-0.00471241954356366,-3.6527523347553434,1199.8638719025728,0.0,-0.09653504573391476,25.01767378049289,0.0,166.288,-0.10218820995342853,0.12547550860032666,-5.038328338129973,1.5485587720529532,-0.071804256843818,0.12389796170355491,-5.0338736140120925,0.16944169922968602,-0.03476766391167985,0.01,1.564003882808878,-3.729470865883978,1199.920236285169,0.0,-0.02919822776728888,24.99998360902219,0.0,1.571964256140287,72.0,0.10347704280173191,0.04923239239164528,0.05605897053027716,0.18080178252442722,0.25471810300555475,0.038103175716796764,0.12721308841308007,0.13147955345056878,-35.67061301218289,0.08252759433845798
166.5,-3.65432679151246,1695.6461396131451,5.098,0.0,24.98,-0.01,1.5647677304830887,0.023658040827315763,-0.0003291325863556115,-0.002862359728520344,-3.6532676465825946,1201.8653991921824,0.0,-0.09193312787798599,25.0196750803358,0.0,166.387,-0.10203486809093794,0.11851749189213788,-4.95511001700696,1.545954286049076,-0.07375282805254438,0.11494364815344524,-5.022632236766496,0.15525606803075756,-0.04529587769036425,0.01,1.5645699019324786,-3.7318067240439667,1201.9202349211162,0.0,-0.029198227770708365,24.999983609022195,0.0,1.5719642561404237,63.0,0.10509100012692214,0.05082403627715111,0.05695000781335035,0.1827293508491126,0.25549430986496974,0.03816806943626178,0.12716629905589477,0.13316593153629844,-35.51017399289641,0.08352477915988946
166.601,-3.6543278047583954,1698.1426870947853,5.099,0.0,24.98,-0.01,1.564762390279446,0.023397811807845652,-0.0023950177523054403,-0.0010220587745734728,-3.653676852055141,1204.8678930038182,0.0,-0.09353125283135492,25.02075731750727,0.0,166.486,-0.09513339617762345,0.11825232082015233,-5.046591934133615,1.5330688176139378,-0.05059742554239747,0.11062006551159324,-5.024849258251541,0.2990744110427886,-0.04548188981613066,0.01,1.5588025088755204,-3.7353105112848213,1204.920232875036,0.0,-0.02919822776651728,24.9999836090222,0.0,1.571964256140256,74.0,0.10597735876902588,0.05133428582121864,0.057631438037663955,0.18322840900120652,0.2556677951715232,0.0383535777355554,0.12729251755466225,0.13380084542622517,-35.44322274511711,0.0837651950501963
166.7,-3.6543288187489793,1700.6392345672762,5.099,0.0,24.98,-0.02,1.564183882032756,0.01804811705996649,0.07558326951545619,-0.0208237145542629,-3.6536556955056114,1206.8695707169973,0.0,-0.07600393704269025,25.020341964477854,0.0,166.618,-0.10451877006131303,0.13632966381623748,-4.921931593150647,1.5606888166775192,-0.08442913953590109,0.12727831824068547,-5.013304248351089,0.10429604040524175,-0.0021494129585377664,0.02,1.5666208100141654,-3.7376463694450868,1206.920231510983,0.0,-0.02919822778177729,24.999983609022188,0.0,1.5719642561408664,82.0,0.13780637149796499,0.05617792106773612,0.058541278264369806,0.19035436876252446,0.25881610476504613,0.04330379419198331,0.13102872573012275,0.14783794345236614,-34.66235524454287,0.0877787960711219
166.8,-3.6543298376477082,1703.1357847081822,5.101,0.01,24.98,-0.02,1.5632602810536067,-0.022021246968707633,-0.07154383575411159,0.00914385477863574,-3.652849844329939,1209.8719662790193,0.0,-0.06412541797234547,25.019100773009914,0.0,166.717,-0.10786935150003123,0.1231727753244087,-5.042907436059265,1.5821954558051357,-0.1080072656452878,0.12420853404207909,-5.017885912966587,-0.04254740310306193,-0.005626149961337035,0.02,1.5720995580539543,-3.741150156685785,1209.9202294649033,0.0,-0.029198227786652382,24.999983608999457,0.0,1.5719642561410625,83.0,0.13527102051125256,0.053943329452167316,0.057047309545718364,0.1885996036699413,0.2582666788049889,0.042896556561108974,0.13079258886590076,0.145680831061409,-34.86038302411712,0.08690864212953729
166.9,-3.654330846689618,1705.621236399439,5.103,0.02,24.98,-0.01,1.565254621268485,-0.012492449117236534,-0.12278958382236065,0.03367756178683844,-3.6518992825473267,1211.8734941868054,0.0,-0.1072179733104806,25.018408269323196,0.0,166.783,-0.10413002167858768,0.11403285043141517,-5.029776304873904,1.5973452480899777,-0.135359142562957,0.1158516203226575,-5.017515353670433,-0.2524055772785413,-0.019854084798467397,0.01,1.5801071241840356,-3.7434860148466944,1211.9202281008504,0.0,-0.029198227776492627,24.99998360902219,0.0,1.571964256140655,97.0,0.1039506411396351,0.049331400851152105,0.05557033898859576,0.1821471786416224,0.25537372282053555,0.037896157725144014,0.12698018863143967,0.1322808055481135,-35.6750057703382,0.08328944111110559
167.0,-3.654331860527236,1708.1177838464155,5.103,0.01,24.99,-0.01,1.5687858656190823,0.0029349836521725845,-0.15154310501785562,0.04779977460350072,-3.6511114991602223,1214.3753942326211,0.0,-0.19824265009369224,25.01750277732464,0.0,166.915,-0.11079757024520201,0.12128234749302744,-5.024747767628591,1.5535112856221704,-0.10940531801156635,0.11771005199073237,-5.014577808326795,0.045958091660117106,-0.017944598036233828,0.01,1.5685555021171256,-3.7464058375478033,1214.4202263957843,0.0,-0.029198227769809088,24.9999836090222,0.0,1.5719642561403877,85.0,0.10859695457742992,0.05114802181814965,0.056947835948206016,0.1835405824974407,0.25575062529967807,0.03856972235505345,0.1274140089038341,0.13446995561075445,-35.42411267575526,0.08390973645859869
167.1,-3.6543328737550382,1710.6143312850302,5.104,-0.01,24.99,-0.01,1.5713296121128393,0.0031608881599431214,0.06537220221278447,-0.009278555206441578,-3.6524601309664333,1217.3776685806445,0.0,-0.24792904186574363,25.016777003279337,0.0,166.981,-0.12818225855174306,0.11996506882840269,-5.053188596271023,1.5535333835394256,-0.11196414507714217,0.11595494805552554,-5.018170306655547,0.07386952275406986,-0.014818975727656891,0.01,1.5682390126573353,-3.74990962478771,1217.4202243497048,0.0,-0.029198227773961322,24.99998360902219,0.0,1.5719642561405538,79.0,0.10392696377188315,0.048844584687132174,0.05563624568521407,0.18121320382454337,0.2549209599104119,0.03797996629357977,0.12706952201239,0.13169406139216627,-35.70134428252043,0.08276030707538663
167.2,-3.6543338872500044,1713.1108787138187,5.106,-0.03,24.99,-0.01,1.5700713167341913,-0.00046664511031019844,0.05786318772786501,-0.014331701714822917,-3.655170664182575,1219.3791627055,0.0,-0.2241811012079745,25.016910119747347,0.0,167.113,-0.12747623524551982,0.11471584059529039,-5.107669476557602,1.527391302223129,-0.07612625233508541,0.11310424476013677,-5.027137139613496,0.43346722018015404,-0.017821002726638113,0.01,1.5546410638131998,-3.75224548294834,1219.420222985652,0.0,-0.029198227787439426,24.999983609022184,0.0,1.571964256141093,87.0,0.10661896024264704,0.05081201794534807,0.05678956748910189,0.18301384714268576,0.255529394315135,0.03828388461183816,0.12721827238902667,0.133614003082148,-35.49146978699539,0.08362920176729653
167.3,-3.6634252804759626,1715.5963303632293,5.105,-0.04,24.99,0.0,1.5679007555034494,0.0024381971713909193,0.2333126674025157,-0.05388767967986031,-3.661261259266557,1222.38137384426,0.0,-0.138530953597004,25.017711947024587,0.0,167.179,-0.13043461227574696,0.1107726472656835,-5.063445775342115,1.5610658867480132,-0.08050750196081388,0.10846514311494494,-5.030679341427403,0.2604717292267371,-0.019140279309493025,-0.0,1.5619673956699487,-3.7557492701899347,1222.4202209395726,0.0,-0.029198227787439426,24.999983609022184,0.0,1.571964256141093,101.0,0.12313519827718447,0.051016041572084996,0.056092634184557115,0.1844268122973713,0.2563734137751764,0.04105728137045007,0.12937695955899428,0.13907597156537838,-35.22543660182683,0.0845434121318227
167.4,-3.6725166844586283,1718.0928777689765,5.103,-0.04,24.99,0.0,1.5641606827874224,0.010781822303787785,0.0355381470586995,-0.01350271181821526,-3.665745282575831,1224.3828326124842,0.0,-0.07521595506183146,25.01803813797223,0.0,167.311,-0.1368340779003998,0.11481303588003555,-5.064504517224063,1.5685566886812057,-0.128087589427239,0.10952515780651984,-5.037976440836358,-0.02307456437746124,-0.011095840950744673,-0.0,1.573321434778727,-3.758669092891013,1224.9202192345065,0.0,-0.029198227777586194,24.999983609022188,0.0,1.5719642561406988,89.0,0.12174887285618302,0.053834387880881115,0.057166941747305834,0.1872972416664399,0.25739385136949283,0.04067402919994156,0.12897791221408683,0.1406105185381398,-35.06804686999854,0.08600182984092761
167.5,-3.672517702509026,1720.5894251687082,5.103,-0.03,24.99,0.0,1.5645758342605571,0.0014133681726680488,-0.19848257447311682,0.03253758540755729,-3.670952196048723,1226.884625678017,0.0,-0.09077499729061655,25.017539584857282,0.0,167.377,-0.11568379803349688,0.10483233152651031,-4.9484990626137435,1.5442182461363783,-0.08538812931754038,0.10380947433213226,-5.027762575184074,0.21595500774365464,-0.01764813460905401,-0.0,1.563350028911981,-3.761004951051315,1226.9202178704536,0.0,-0.02919822776473537,24.9999836090222,0.0,1.5719642561401848,89.0,0.12018157021123926,0.05139642222553145,0.05593873327433425,0.1847114149352812,0.2564453424058844,0.040631392452843154,0.12905900199823972,0.13840400041486478,-35.2659825775862,0.08466907234583501
167.6,-3.6816091138112483,1723.085972554768,5.102,-0.04,24.99,0.0,1.5662647318702678,0.008019405158238267,-0.026955110546152343,-0.008885978808004224,-3.6758876398278315,1229.3863607199025,0.0,-0.1283204006174678,25.016671812076968,0.0,167.509,-0.11051751282921192,0.09628268005381714,-5.004411918523659,1.5544920898186496,-0.08852619054577573,0.09624570208636635,-5.025792274659217,0.18603374854004945,-0.02845434366732036,-0.0,1.5649460447448116,-3.7639247737505896,1229.4202161653875,0.0,-0.029198227753866275,24.9999836090222,0.0,1.57196425613975,91.0,0.17577333440651097,0.06105198909712976,0.05785337925526449,0.19750343171511434,0.26182089505279693,0.04822428086907257,0.13455169700811884,0.16595815101095096,-33.96533360591812,0.09192448275266593
167.7,-3.681610130160607,1725.5714241694773,5.103,-0.04,24.99,0.0,1.5656546503913142,0.01363645309178129,-0.004018909815694765,-0.004105859949805771,-3.6808213200510638,1231.8879888554309,0.0,-0.11329314575607534,25.015386002337358,0.0,167.608,-0.11133784247656846,0.1048138393267833,-4.991741637521776,1.5617538591813749,-0.09477958853951438,0.09991462013635823,-5.019488840463634,0.12026463261270848,-0.01348640457313266,-0.0,1.5675827335124166,-3.7668445964526307,1231.920214460321,0.0,-0.029198227826991146,24.99998360902218,0.0,1.571964256142675,92.0,0.11871161519653264,0.05230734544349671,0.05621069883081258,0.1853590242787856,0.256595740586922,0.04040932318666227,0.12885956470347443,0.13842519141787069,-35.24112853456364,0.08494982096062129
167.8,-3.6907015304069546,1728.023588472327,5.105,-0.03,24.99,0.0,1.5658658510681727,0.001775049252724839,-0.029468658638542557,0.008945555653731417,-3.685683725583514,1234.3894228984173,0.0,-0.12036024315258385,25.012901625994104,0.0,167.707,-0.11808530271937229,0.09692503273456689,-5.057282334578799,1.558563047495549,-0.08769946912229463,0.09624259489911634,-5.023946636916586,0.184183273391772,-0.016738774201481732,-0.0,1.5646224709649599,-3.7697644191575677,1234.4202127552546,0.0,-0.029198227817831816,24.999983609022195,0.0,1.5719642561423086,73.0,0.08398775589378596,0.04314591758093524,0.05250640796472763,0.17407698821497922,0.25194561244493313,0.03462639340059158,0.12467652226436682,0.12219504800145359,-36.57918202521995,0.07910355744334466
167.9,-3.6907025493389938,1730.5090400692566,5.106,-0.03,24.99,0.0,1.566161489640597,-0.004706382073822719,0.003399092435927632,-0.00567529463657614,-3.6905324413850535,1236.8906059053586,0.0,-0.12475134859618438,25.010097079782557,0.0,167.773,-0.11605368494650883,0.0954138527980479,-5.038719703695888,1.5493662226441336,-0.0796568980820419,0.0922731228889783,-5.025581017596533,0.18527572382173582,-0.01877455056623134,-0.0,1.5645782209636874,-3.772684241862195,1236.9202110501885,0.0,-0.029198227806835057,24.999983609022202,0.0,1.5719642561418687,93.0,0.11893482989082077,0.051011913706824195,0.054534798213941,0.18448253331613695,0.2563834837493646,0.040358466232505136,0.12884008573008843,0.13771662264320328,-35.3677416895104,0.08457175401249528
168.0,-3.6997939778833597,1733.0055874175102,5.107,-0.03,24.99,0.0,1.5657960810374956,0.003393710676392679,0.01260616708404898,-0.003373293196272302,-3.6953892633067795,1239.3915225761718,0.0,-0.11650198066064353,25.007654852807157,0.0,167.806,-0.11592814601897161,0.09862900260853395,-5.059817900882401,1.5694638378074297,-0.09470395797755038,0.09077452374618292,-5.029278639228814,0.05669026586392607,-0.014321844404513229,-0.0,1.5697276769052944,-3.7756040645654867,1239.4202093451224,0.0,-0.029198227800756565,24.99998360902219,0.0,1.5719642561416256,117.0,0.17344960627637826,0.060751109452066784,0.05662900915401411,0.19719073444672577,0.2616888663215696,0.04790729242368091,0.13431699454765508,0.1646837200948434,-34.055834681782414,0.0917454265806362
168.1,-3.699795003881718,1735.5021347609295,5.108,-0.03,24.99,0.0,1.565887482431952,-0.00024589169320115434,-0.06486381154840962,0.014693577419459041,-3.7001863079535697,1241.8921643864794,0.0,-0.12291933457862796,25.00487153998251,0.0,167.971,-0.11044371759780089,0.08163209187024455,-5.031855025690632,1.5537093169301708,-0.07971552584036498,0.07903581399319021,-5.021085694372962,0.15997436976781348,-0.03455047652731125,-0.0,1.565588117884877,-3.7785238872697904,1241.9202076400563,0.0,-0.02919822782408237,24.99998360902219,0.0,1.5719642561425586,109.0,0.11681704221703176,0.05193792360776667,0.05538644538519985,0.1846916775261277,0.2562712208116856,0.04011212289280296,0.12861459433421743,0.1373480782358792,-35.32458971871673,0.08456585065343589
168.2,-3.7088864374240984,1737.9986820903443,5.108,-0.03,24.99,0.0,1.566844327901725,0.020910361713660314,0.0016570490085522113,-0.004387842348215297,-3.705048527171305,1244.3925088728938,0.0,-0.14373432915285778,25.00146739292049,0.0,168.136,-0.09897220423999994,0.11398939488550616,-4.920816595648389,1.5636790140083854,-0.08790275463504928,0.10431595717254465,-5.004528538163953,0.0925028073082323,0.02624092383262777,-0.0,1.568297842812344,-3.781443709976401,1244.4202059349898,0.0,-0.029198227844726986,24.99998360902219,0.0,1.5719642561433844,64.0,0.12281288244092954,0.0541521487401737,0.05675151855654007,0.18701430855879117,0.2571706350114395,0.04086484163871959,0.1291310380589069,0.14069204155533904,-35.05365689529807,0.08578813115870354
168.3,-3.708887466266276,1740.4952294135376,5.107,-0.04,24.99,0.0,1.5667563290942947,-0.027785711609877382,-0.029723892093258292,0.0075712948336414876,-3.7101012789965573,1246.8925141204304,0.0,-0.14343984090731804,24.99798154884367,0.0,168.169,-0.10435656441767963,0.10348176417640438,-5.047163831940006,1.544869338132423,-0.06803247811163976,0.10573639726638624,-5.009476998356343,0.20283858333718283,0.029245557847293213,-0.0,1.5642878857756017,-3.784363532684243,1246.9202042299235,0.0,-0.029198227844188532,24.999983609022195,0.0,1.5719642561433629,71.0,0.11633739345703122,0.050519427021446586,0.055375993571607586,0.18327661871876663,0.2558546114667839,0.040159749510257185,0.1287972669186371,0.13640654491123444,-35.410457610163036,0.08390590128701922
168.4,-3.7179789070507354,1742.9917767242462,5.106,-0.04,24.98,0.0,1.5669964238212,-0.025433761700650082,0.05731549780813502,-0.007652565921214707,-3.7164348223341723,1249.892137380203,0.0,-0.1407440229726074,24.995234201099553,0.0,168.334,-0.10146250904650111,0.11331367797301649,-4.9395022320839805,1.5599162829508177,-0.08254743225465652,0.11168339064052632,-5.00559501636498,0.12623234792320867,0.048599738838110085,-0.0,1.567350987957737,-3.787867319932954,1249.9202021838441,0.0,-0.02919822785093313,24.999983609022188,0.0,1.5719642561436327,66.0,0.12273376782930355,0.053812516014694535,0.05674104608474534,0.18709143344013127,0.25734312622898053,0.04076870117670061,0.1290517316393525,0.14072403647493897,-35.071844683471575,0.0859124940718913
168.5,-3.7270703490492565,1745.477228258954,5.103,-0.04,24.98,0.0,1.5665058913317065,-0.027894527253470386,-0.0060585143958733255,0.005761021214392497,-3.720747814734606,1251.8917901551008,0.0,-0.13764084060089962,24.995262913072487,0.0,168.433,-0.09112423271528731,0.09614541208923748,-5.056829069423367,1.5469203970454546,-0.06841651046383854,0.10536759270247108,-5.01209558512854,0.206140283974602,0.02951576142188017,-0.0,1.56415334171393,-3.790203178099728,1251.9202008197913,0.0,-0.029198227858305014,24.999983609022188,0.0,1.5719642561439275,67.0,0.15839570267012146,0.059644601314262906,0.05821783504786197,0.19486237629840492,0.2606259252145807,0.045937278216021386,0.13287429652109964,0.1576990242044496,-34.232271033766125,0.0903262070313108
168.6,-3.7270713824468658,1747.9737755542296,5.101,-0.04,24.99,0.01,1.566538447109286,-0.007072901225170819,0.04297273550903891,-0.010339455428609229,-3.7261302752516254,1254.3914163371387,0.0,-0.13582387140315502,24.996647939073128,0.0,168.466,-0.09381042115931565,0.11107741035480001,-4.903555940166173,1.5604276046180534,-0.06368362136388839,0.11039126983018864,-4.999514279625881,0.16103018462351767,0.030026102329443916,-0.01,1.565959032056874,-3.793123000808391,1254.4201991147252,0.0,-0.029198227850866527,24.999983609022195,0.0,1.57196425614363,94.0,0.11649097552345619,0.05119735794170468,0.0562481688844208,0.18405683129718564,0.2561657014102365,0.04019544848858662,0.12880009487848948,0.13705809558753343,-35.33668482738695,0.08431211136256045
168.7,-3.7361628307103842,1750.4703200820104,5.099,-0.04,24.99,0.01,1.5661109742384889,-0.0031591398495940926,0.014736348144564213,0.0004934865132933013,-3.7313827354986375,1256.8912285802037,0.0,-0.12730740634515952,24.998859583071997,0.0,168.631,-0.09656088260682304,0.10121105680536,-5.022662285250154,1.5579373361024909,-0.08048328228713444,0.10536784832444872,-5.00750203757819,0.10988292539371547,0.016511189859908626,-0.01,1.5680017448981354,-3.7960428235155956,1256.920197409659,0.0,-0.029198227828606538,24.99998360902219,0.0,1.5719642561427396,69.0,0.12201501479833525,0.05388191277638754,0.05730143725158245,0.187193829299552,0.25739077043098196,0.04071343525189551,0.12902857165534257,0.14067187361608965,-35.06034321935664,0.0859674788109628
168.8,-3.7361638668742785,1752.9668673550032,5.095,-0.04,24.99,0.0,1.5664011836659646,0.009560423256736134,-0.021983607712402948,0.007385975546765892,-3.736392993182909,1259.3912789681851,0.0,-0.13525904606929,25.00110298021914,0.0,168.73,-0.08830718254430638,0.09863862845812003,-4.98433332896594,1.5555821228283435,-0.07240464356475504,0.10176545947620701,-5.005304641209138,0.13850487501316947,0.008525726010574886,-0.0,1.566855919817693,-3.798962646221475,1259.420195704593,0.0,-0.02919822783714971,24.999983609022195,0.0,1.5719642561430813,70.0,0.15716726053553975,0.059488795147843984,0.05852217947041421,0.1948006410410301,0.26062521092964164,0.04581612253267119,0.13280572246013125,0.1572745773465583,-34.24480961326378,0.09030033673838113
168.9,-3.745255330704765,1755.4634146126511,5.093,-0.03,25.0,0.0,1.5668859943423907,0.015403292753925562,-0.01158549339404437,-0.0027210704004403483,-3.7412544569601196,1261.8915456384666,0.0,-0.14673427292331528,25.002861263346443,0.0,168.796,-0.08761162494042361,0.10251038365064874,-4.952705870358082,1.5582724616368835,-0.05529437427885055,0.10068584498429084,-4.9918701684631355,0.21194965640864818,-0.0023307024157901424,-0.0,1.5635177904970985,-3.8018824689288007,1261.9201939995266,0.0,-0.029198227852010046,24.999983609022184,0.0,1.5719642561436757,104.0,0.11639039653342294,0.05114340286148608,0.05642221405161812,0.1841761020395552,0.25623795250021264,0.0401826068148344,0.12879117021249106,0.1371263705790706,-35.33238347146306,0.08438681489907841
169.0,-3.7452563693125853,1757.9599618664188,5.091,-0.03,25.0,0.0,1.566509582628731,0.015697870985951934,0.02889252386588978,-0.014568898776937877,-3.7460325115785422,1264.3919444550884,0.0,-0.13557695719794563,25.003770949346684,0.0,168.862,-0.08387024897488633,0.11602325483070931,-5.027365710529544,1.5492549770897608,-0.0448195451385187,0.10849685586536655,-4.996080838038004,0.21370727504626164,0.01745710411728396,-0.0,1.5634532953896256,-3.804802291636803,1264.4201922944605,0.0,-0.029198227827024487,24.99998360902221,0.0,1.5719642561426763,98.0,0.12028407188019997,0.05171187873775634,0.05543019159321529,0.18558045201029924,0.2569062649937492,0.04046756221772991,0.12889398750033718,0.13890709925769845,-35.27419201850905,0.08519968167799377
169.1,-3.7543478379861313,1760.4565091056709,5.091,-0.03,25.0,0.0,1.5656050677087647,-0.0009756797961879639,0.02958262767941705,-0.010857462433177537,-3.7505107646729163,1266.892374015249,0.0,-0.11367931586686693,25.00380226136959,0.0,169.027,-0.08799662308680298,0.10596036962188746,-4.993582115187311,1.5319706808667115,-0.0559790789353518,0.10576333183087856,-4.990253937128065,0.2531829303007764,0.010926144791024939,-0.0,1.5618731463629487,-3.8077221143416917,1266.9201905893945,0.0,-0.029198227818947594,24.999983609022195,0.0,1.5719642561423532,73.0,0.15772129514378677,0.05897015644973358,0.057211099941339355,0.19481800895866871,0.2606925404249652,0.04577178620403596,0.13272889480485234,0.15725326942630505,-34.30789807821823,0.09034870788719815
169.2,-3.754348874215509,1762.9419605740554,5.091,-0.02,25.0,0.0,1.5648832782779376,-0.0025680800251066155,0.026615400863123386,-0.010521777916369312,-3.754337127158671,1269.3927834671754,0.0,-0.09471804789173487,25.003632916570915,0.0,169.093,-0.07913943238143886,0.09546456732875482,-5.057904771859056,1.5451639704766227,-0.02873082755832891,0.10106576299895638,-4.997366421378162,0.3795741389305919,0.0005171913101023051,-0.0,1.5564146503965997,-3.8106419370469875,1269.4201888843284,0.0,-0.02919822783539554,24.99998360902218,0.0,1.5719642561430112,107.0,0.11681228232075512,0.05120831368706376,0.05569700792106983,0.18416891134412824,0.2561438817372993,0.04022213253607286,0.12879009020163057,0.13710214072004273,-35.35103767368359,0.08433346244684141
169.3,-3.7634403510979837,1765.43850779492,5.09,-0.01,25.0,0.0,1.5634465087812879,0.0024191057424727967,0.10096362761456167,-0.027833474962105805,-3.757518305144338,1272.3932444043855,0.0,-0.04625285996032481,25.003686460810286,0.0,169.159,-0.08893176424089058,0.1066526416982229,-4.98333997392018,1.5350795161205106,-0.01694234813555905,0.10279536806394513,-4.995920756359125,0.341092137856701,0.007225796615689006,-0.0,1.5575572415623256,-3.8141457242938723,1272.4201868382488,0.0,-0.029198227841202032,24.9999836090222,0.0,1.5719642561432434,104.0,0.13628253539200977,0.05364917993006508,0.05538988682352133,0.18812139202242803,0.25794791937491096,0.04289558052520273,0.1306925452043613,0.1453665629692552,-34.925344517740186,0.08658733079883632
169.4,-3.7634413891086638,1767.935052228298,5.089,0.0,25.0,0.0,1.5614972916108114,-0.003131489413821642,0.056418235369473727,-0.015277214521855034,-3.7582943256410224,1274.8935922015226,0.0,-0.005311005809656729,25.003395626696324,0.0,169.324,-0.08992808002055672,0.0991723577986631,-5.035273748594795,1.5572877879415548,-0.07421374043942953,0.10057766940816061,-4.999124909110481,0.04523126997130703,0.0027809288211280148,-0.0,1.5689872792030317,-3.816481582460026,1274.420185474196,0.0,-0.02919822785303701,24.999983609022188,0.0,1.5719642561437168,70.0,0.0771009357135829,0.04415790249938885,0.054153517664036206,0.17383189923007092,0.25148615764605103,0.0329070361742697,0.12318978919833738,0.12054849198645812,-36.55055446029872,0.07875719330932736
169.5,-3.7634424327166585,1770.4315994300555,5.087,0.02,25.0,-0.01,1.5618677456539611,0.0018767105821299458,-0.1268117319409588,0.03193439098751002,-3.757432019317488,1276.8938389761302,0.0,-0.025976533490561313,25.002921501462726,0.0,169.357,-0.07679755458387141,0.09596531838824804,-5.048982045551604,1.55515242853829,-0.05691827851936746,0.09663193701445709,-5.00454069880392,0.09999211180210024,-0.0024625001790923307,0.01,1.5659962063743997,-3.8194014051688447,1276.9201837691296,0.0,-0.029198227858765753,24.999983609022184,0.0,1.571964256143946,95.0,0.1294676814460373,0.05328662896548263,0.05600065409325039,0.18686258750789383,0.2572840457047759,0.042287197154967114,0.13035901704182082,0.14263180577608475,-35.00826704557449,0.0857978272680491
169.6,-3.7543530332112596,1772.9281466262623,5.088,0.03,25.0,-0.01,1.5641324427586534,0.009381974553758858,-0.05993553477032409,0.012606302000279387,-3.754977816960983,1279.3941007636995,0.0,-0.08024421692926559,25.002017142068365,0.0,169.522,-0.09135335470082355,0.09770250343487277,-4.933763706241819,1.5636269380954944,-0.0906599411562994,0.09604911508776687,-4.987851757610368,-0.047010791923827094,-0.00201448058341569,0.01,1.5714768131998884,-3.8223212278782093,1279.4201820640635,0.0,-0.029198227854091725,24.99998360902219,0.0,1.571964256143759,78.0,0.13182926784102306,0.055640558745532726,0.05738253937117575,0.18924894746584825,0.25811973265839877,0.042147398062644253,0.12991023324635462,0.1448616158318477,-34.80853304603353,0.08701893865958099
169.7,-3.7543540697691355,1775.4135980423187,5.088,0.04,25.0,-0.01,1.5654736655440669,0.00976723929251487,-0.10123799016861137,0.026498747888361096,-3.7518546131194754,1281.8942673078154,0.0,-0.11528846645198243,25.000374519843326,0.0,169.621,-0.09967104308785352,0.09493088233541769,-5.03115532982498,1.535598979599421,-0.08124891336555143,0.0943039011075978,-4.99253471502991,0.12257702464315795,-0.0034286995302608148,0.01,1.5642924455097051,-3.8252410505878975,1281.9201803589972,0.0,-0.02919822787580215,24.99998360902219,0.0,1.5719642561446274,79.0,0.15956384877011168,0.06018049570974729,0.05869941859567984,0.1952408389476254,0.2606662773258457,0.04608731668347909,0.13296040090711156,0.15839633793802327,-34.16935857768304,0.09046027994573268
169.8,-3.7543551112250384,1777.910145215213,5.087,0.03,25.0,0.0,1.5665203650158386,0.0068792647592366895,-0.015068623664871363,-0.008917655441480717,-3.748295407303472,1284.894249399613,0.0,-0.1318233873399682,24.997733557904077,0.0,169.72,-0.10314854153302477,0.10607511229352518,-5.013422727938105,1.5466555954224899,-0.08333240743060519,0.09962111710509114,-4.990373500308152,0.1188338305561592,0.011159967767202517,-0.0,1.5648457001941856,-3.8287448378412456,1284.9201783129176,0.0,-0.02919822787805591,24.9999836090222,0.0,1.5719642561447176,80.0,0.13140630461174066,0.053403710267815166,0.057084217674983596,0.18706451877491467,0.2574457570620707,0.042480439061117994,0.1305846236167341,0.14350656471134982,-34.94349014239472,0.0859496638893288
169.902,-3.75435615222608,1780.4066923785438,5.087,0.03,25.0,0.0,1.5657038507659473,-0.009496578018930014,-0.0007622655778411119,-0.004728027166041836,-3.74587888808924,1287.3940073075003,0.0,-0.11361769718796394,24.99600762855222,0.0,169.786,-0.10717952532079669,0.09282361510007987,-4.931671728762926,1.5533794000536436,-0.08628083339032103,0.09567730113117649,-4.983280635200277,0.09108311730504298,0.0038555857039597186,-0.0,1.5659537867948412,-3.8316646605522995,1287.4201766078515,0.0,-0.02919822787011781,24.9999836090222,0.0,1.5719642561444,74.0,0.10457646637773614,0.048771109451515644,0.05547211390072283,0.18119484088752724,0.2549916222244662,0.03810910755951517,0.12724731987176582,0.13188849612025164,-35.6972070721237,0.08278932740810567
170.0,-3.7543571935718774,1782.9032395310676,5.088,0.02,25.0,0.0,1.5655721137907845,-0.004563006258084263,-0.010701692225643709,0.0014891116166316208,-3.744296884213466,1289.3936724918399,0.0,-0.11369039791464784,24.994710877815937,0.0,169.885,-0.11072492247470878,0.10160145085826382,-4.979767873268242,1.5634097429461973,-0.10542774124097866,0.0991059934429059,-4.982651442605748,-0.010859667412078416,0.012844065264776106,-0.0,1.570430901249636,-3.8340005187198494,1289.4201752437987,0.0,-0.029198227866426313,24.999983609022195,0.0,1.5719642561442524,75.0,0.10530236191941623,0.050652853727714116,0.05646000330505927,0.18292756920729075,0.25556341279491396,0.03808353652743255,0.1271177627196977,0.13322646587854564,-35.5411987931865,0.08361857563271348
170.1,-3.754358230435855,1785.3886909105183,5.089,0.02,25.0,0.0,1.5661390037883558,-0.008127995505435522,-0.05991750844069907,0.01628712274742209,-3.7428214506615958,1291.8931166296532,0.0,-0.13103016424907324,24.993205615582685,0.0,170.017,-0.1220043675371878,0.08875895229092381,-4.986747790908514,1.5437506028649368,-0.1151450030247936,0.09053497247789256,-4.990263995472862,-0.0034477275207171025,-0.0051604835101457525,-0.0,1.5701340992959474,-3.836920341430424,1291.9201735387326,0.0,-0.029198227886837777,24.99998360902219,0.0,1.5719642561450689,83.0,0.10402174686716678,0.05073856081434187,0.057384859756894085,0.1823683871599614,0.25522037668893455,0.03791769619791117,0.1269659426683592,0.13264171909931538,-35.51619011692394,0.08325231576418793
170.2,-3.754359277295407,1787.885240856055,5.091,0.01,25.0,-0.01,1.5674184722036606,0.007995948705185248,-0.03769689684318897,0.01214042088246532,-3.742258389382866,1294.8922855520675,0.0,-0.16552838394665612,24.991289471355245,0.0,170.116,-0.11456609337344528,0.09385182143740019,-4.893497821280684,1.5281597895256909,-0.07801491841573698,0.0909481403879821,-4.977165481308436,0.30304746776162783,-0.0027982163671502747,0.01,1.5582736809958122,-3.8404241286843623,1294.9201714926528,0.0,-0.029198227887098673,24.99998360902219,0.0,1.5719642561450793,84.0,0.16918697777081973,0.06036473459148684,0.05888984122249526,0.19607968677295962,0.2612077024033361,0.04756848045378708,0.13417332551205086,0.162678097000192,-34.03779263674345,0.09106556631131656
170.3,-3.754360318733063,1790.3817879859237,5.092,0.0,25.0,-0.01,1.566826943834547,0.006771165133973845,0.1307562006933388,-0.03667010403820032,-3.74279988571979,1296.8916218440322,0.0,-0.13975644402026857,24.990363145891326,0.0,170.149,-0.11910260985048098,0.10538237918884953,-5.04929598495868,1.569045801904576,-0.087897381810282,0.0979225011429869,-4.985341472706024,0.15433480808345762,0.015370085732691052,0.01,1.564626805840318,-3.84275998685325,1296.9201701286,0.0,-0.02919822788099244,24.999983609022188,0.0,1.571964256144835,111.0,0.13435855467209007,0.05438567374733662,0.05704187871794772,0.18871416837326987,0.2582131245362439,0.04277177207493472,0.1306853801310041,0.14545894674419768,-34.8582317511154,0.08691412682381836
170.401,-3.754361354991204,1792.8672393405343,5.093,0.0,24.99,0.0,1.5643585078094642,-0.008113907327192938,0.000605062168325389,-0.007649226919981683,-3.7443973144499276,1299.8904137140867,0.0,-0.08257541580931821,24.988594926872437,0.0,170.314,-0.13494018705445465,0.09201071790980866,-5.0493462210704765,1.5838079428165537,-0.15428181672515937,0.0927907822211231,-5.001106732564621,-0.2675759986209174,0.012366118328944964,-0.0,1.5814979452975257,-3.846263774106038,1299.9201680825201,0.0,-0.02919822786167457,24.999983609022202,0.0,1.5719642561440623,87.0,0.10776919389677451,0.05264141599921823,0.05782348748649144,0.18478079471601527,0.25620182171817574,0.038446033144555865,0.1273386107144377,0.13520540832749325,-35.3284075979268,0.08453277836534422
170.5,-3.7543623960086734,1795.363786451297,5.091,-0.01,24.99,0.0,1.5660763937656321,0.002348596446471279,-0.23426129410442914,0.052695421783788714,-3.746273060475347,1302.389207001165,0.0,-0.16513881861985397,24.986268550182864,0.0,170.413,-0.10278664145725822,0.09505571613666884,-4.952661773345092,1.5547191464627357,-0.09820638220759721,0.09574799135167403,-4.992088035561226,0.18759965643052548,0.017996700767888285,-0.0,1.5636947315356642,-3.8491835968155867,1302.420166377454,0.0,-0.02919822787168876,24.999983609022184,0.0,1.571964256144463,87.0,0.1234272752358506,0.051189229236466356,0.05663898550808431,0.18454232163934298,0.2564600321145646,0.041157437099205774,0.12948473036071265,0.13935045071475863,-35.1852416471576,0.08461962565529768
170.6,-3.75436342702244,1797.8492349577464,5.088,-0.02,24.99,0.0,1.569608595399421,-0.005656678011419771,0.10968563553976868,-0.014186744059761605,-3.748695391415999,1304.3881307906236,0.0,-0.21053478413388477,24.984723391498072,0.0,170.512,-0.1267125806346215,0.10527820693934674,-5.051877387612675,1.5704044768398402,-0.11998710343826327,0.10278411745729452,-4.9990796547157625,0.009494415112531383,0.03253740860520793,-0.0,1.571216171677078,-3.851519454983652,1304.4201650134012,0.0,-0.02919822786813606,24.9999836090222,0.0,1.5719642561443208,88.0,0.17920964820513657,0.060938216859816825,0.05864586732257489,0.19757410122460423,0.2619387022670334,0.048587609951799705,0.13479526250693252,0.16744682989306872,-33.888995388949546,0.09200881488308298
170.7,-3.754364468252163,1800.3457820447006,5.086,-0.04,24.99,0.0,1.5680922174968313,-0.020710571736588818,0.007808106362081886,0.003217739211522119,-3.754389527209995,1307.3863815409775,0.0,-0.1827912329663881,24.984168764607734,0.0,170.578,-0.1360112683689935,0.10491493682392483,-4.988421592701883,1.5408163189131714,-0.10468334250758198,0.10683129887922978,-4.997731724985808,0.16753505786470774,0.03777808870531274,-0.0,1.5657006305829817,-3.8550232422347728,1307.4201629673219,0.0,-0.029198227866298634,24.99998360902219,0.0,1.5719642561442473,82.0,0.11955548347946257,0.052335281644014756,0.056827886490671685,0.18569603853008204,0.2568082378976216,0.04053009385435613,0.12897112026506116,0.13897163216587796,-35.199020924968686,0.08516941705096953
170.8,-3.7634560107560446,1802.908903705731,5.085,-0.05,24.99,0.0,1.568169933571715,-0.018277532784451697,0.04821780812600484,-0.010781817594471003,-3.759354427580017,1309.3851948253264,0.0,-0.17701849127734978,24.98454955146712,0.0,170.71,-0.1286878275154518,0.10848613250419305,-4.955487598496499,1.562630385347559,-0.10943616788575196,0.11030053725270746,-4.9925520573360895,0.14147609706608988,0.040072708315520345,-0.0,1.5671416953893047,-3.857359100402284,1309.420161603269,0.0,-0.029198227874336652,24.999983609022188,0.0,1.5719642561445688,90.0,0.1403770551668586,0.05675271194275688,0.05804117092974598,0.1912016798742497,0.25906657741753225,0.04344513253891384,0.13106048603781492,0.14903326991643417,-34.61666800790657,0.08820232257711103
170.9,-3.7634570547030535,1805.4054507730184,5.084,-0.06,24.99,0.0,1.567414875901539,-0.013057893564818531,0.020988109311867523,-0.004673069261623143,-3.7666082375523637,1311.8838021327958,0.0,-0.157772154462124,24.98629048746955,0.0,170.809,-0.12206140021895368,0.10102211838730535,-4.901515989441885,1.5263898027276848,-0.06807513386348771,0.10599051430704112,-4.9848346896248685,0.45670054730177817,0.023264885406508284,-0.0,1.5549380494440195,-3.8602789231132206,1311.9201598982027,0.0,-0.029198227871055946,24.999983609022195,0.0,1.5719642561444376,91.0,0.11956215758649268,0.05181429869725851,0.05644867273709681,0.1850809884789416,0.25658161336682894,0.04047006537484906,0.12893216743391459,0.13851671033492444,-35.24136237554943,0.08485565230512135
171.0,-3.7725485710824955,1807.8909020624637,5.083,-0.07,24.99,0.0,1.566197769311492,0.004398620396527402,0.2202259636543352,-0.04458306067960055,-3.7745549929157147,1314.382613640963,0.0,-0.1238908704056173,24.98900515059166,0.0,170.875,-0.12414336493976473,0.10921181838391601,-5.024160617653337,1.5444311656891152,-0.056869835323416995,0.10958452189767084,-4.989474200092676,0.3857039010556487,0.029329904340681168,-0.0,1.558178596904321,-3.863198745822588,1314.420158193136,0.0,-0.029198227858782427,24.999983609022202,0.0,1.5719642561439466,86.0,0.11872683432461381,0.051113205230116955,0.055312903979463965,0.1846522224296939,0.2564841655260365,0.04032777991274111,0.1288416316552402,0.13787520457836927,-35.33974560537772,0.0846761242871705
171.1,-3.7816401010341565,1810.387449106935,5.082,-0.06,25.0,0.0,1.5630063815650084,0.0030720576652361765,0.10555827276886807,-0.021033408920551302,-3.782225830908096,1316.8816765379001,0.0,-0.04693053762568984,24.991739245242385,0.0,170.974,-0.11777415216120142,0.10744458002246829,-4.933926521612645,1.5488287627291282,-0.07613116409785144,0.10982714329220743,-4.982515063971116,0.20391883472176398,0.01876230025111525,-0.0,1.56504395401257,-3.8661185685326696,1316.92015648807,0.0,-0.0291982278753081,24.99998360902219,0.0,1.5719642561446077,88.0,0.1208473498846271,0.05376096120226103,0.05657423682639297,0.18713973175339516,0.25730983797237306,0.04049626360705845,0.12883829057500343,0.14016385159854025,-35.11467738825796,0.08590530308970065
171.2,-3.790731632607617,1812.8839961415522,5.081,-0.04,25.0,0.0,1.562507533529077,0.008896147235311624,-0.024094492055235645,0.013140141031134844,-3.7885610718745117,1319.3809727197981,0.0,-0.0378136192617333,24.993841422305504,0.0,171.04,-0.1253046761771316,0.12129328971147124,-4.9712458474542895,1.5701791144796566,-0.11512902153474136,0.11862566472179734,-4.981213239149415,-0.04243051384754223,0.035569307231753555,-0.0,1.574088850921957,-3.8690383912440733,1319.4201547830037,0.0,-0.02919822787606306,24.9999836090222,0.0,1.5719642561446379,80.0,0.15773309895505383,0.059452196519291144,0.05810796003000166,0.194596599930406,0.26045667967808406,0.04585663387482989,0.13280982860190638,0.157237629332786,-34.25422988925098,0.09013595771063529
171.3,-3.790732683531644,1815.3805431709643,5.081,-0.03,25.0,0.0,1.5649057720464212,-0.005212083266894137,-0.11811177800216888,0.04348125677923039,-3.7935404570931044,1321.8804737750327,0.0,-0.09950810162666605,24.99566758847858,0.0,171.172,-0.09875093927567136,0.11588610414490741,-4.95679605142578,1.5320846691737648,-0.05411983250410956,0.12312305054467487,-4.97417769325504,0.3161160716548179,0.037870453433196616,-0.0,1.5593694916289813,-3.8719582139543745,1321.9201530779376,0.0,-0.029198227872132863,24.999983609022195,0.0,1.5719642561444807,109.0,0.1249384727133955,0.052342139336368214,0.05699654753554741,0.1854352521045954,0.25668485959633924,0.04121910096719435,0.12943415099507938,0.1403234915426836,-35.089528142653236,0.08502441493444589
171.4,-3.7998242237017053,1817.8770901864675,5.08,-0.03,25.0,0.0,1.5660776985485594,-0.012098342729169828,0.05827039497371196,-0.02767697437425678,-3.797949036570162,1324.3801904618863,0.0,-0.12256481883231227,24.99800145769473,0.0,171.238,-0.09015895826723316,0.121373444391191,-4.995595694535772,1.551873542174035,-0.029256522223964375,0.12563117180066088,-4.97672691638112,0.3361239300150506,0.03953121543059268,-0.0,1.5585713103977845,-3.874878036664901,1324.4201513728715,0.0,-0.02919822787185531,24.9999836090222,0.0,1.5719642561444696,102.0,0.1565024988346599,0.058851217848450064,0.058376133471355535,0.19404930813332427,0.2603120721421703,0.0456355165293939,0.1326334110747984,0.15645600193501727,-34.28308489009222,0.08986858190591507
171.5,-3.7998252711521445,1820.3736343329044,5.079,-0.02,25.01,0.0,1.5637178039785962,-0.0132631097252381,0.07556392200081867,-0.022696492529125985,-3.8018569162311793,1326.8801973490738,0.0,-0.06406781690201528,25.00161607899651,0.0,171.436,-0.10008248933055132,0.0984759200345171,-4.999604489725278,1.5694538347669014,-0.0960674015164991,0.10724683205252301,-4.975455039265878,-0.03997333424857563,-0.013333631966119697,-0.0,1.573195575490255,-3.87779785937447,1326.920149667805,0.0,-0.029198227868074998,24.9999836090222,0.0,1.5719642561443183,64.0,0.1632937187882909,0.06145496660416158,0.059616595011515526,0.1968216125786861,0.2613299205768707,0.04641395661444393,0.1331350992922185,0.1609069745157394,-34.028973272286706,0.09139980599836033
171.6,-3.799826325419758,1822.870181328943,5.077,0.0,25.01,0.0,1.5637248387236633,0.029531371589253987,-0.16243613287536227,0.03531890621963817,-3.804687036880362,1329.3805579236919,0.0,-0.07011225704533607,25.005041393500434,0.0,171.469,-0.1153818117925073,0.09840724806408692,-4.937212927840196,1.5654017183693416,-0.11944299477731068,0.09862783380565798,-4.970537681553756,-0.13225683886145043,-0.027274285978194257,-0.0,1.5760902088502624,-3.880717682084319,1329.4201479627386,0.0,-0.029198227868552393,24.9999836090222,0.0,1.5719642561443374,92.0,0.1168848724244658,0.05133182627558782,0.05719875707484781,0.1840823405960113,0.2561582039268562,0.04033864760420093,0.12893238337795573,0.13732282713377303,-35.28257386185082,0.08431086565648915
171.7,-3.808917874208987,1825.366728312267,5.075,-0.01,25.01,0.0,1.5674576161571334,0.03657371766159875,-0.151450890426531,0.03768586398532291,-3.8068615560100416,1331.881204475866,0.0,-0.1634733786745965,25.00633849746043,0.0,171.568,-0.10247033397288614,0.10024129834061676,-4.9793388165306105,1.5611614171366301,-0.0999798738747914,0.09471435624998477,-4.971555820953675,0.022010771588078674,-0.02948036503815743,-0.0,1.5703155213177462,-3.8836375047938114,1331.920146257672,0.0,-0.029198227864167006,24.99998360902219,0.0,1.571964256144162,72.0,0.12568268982897612,0.05414735967289126,0.05844464886763087,0.18748451553888346,0.2575136830769987,0.04120115145406355,0.1293522606652344,0.1420371348225309,-34.93056490085092,0.08612412907286993
171.8,-3.8089189307655715,1827.8632752887638,5.073,-0.02,25.01,-0.01,1.5693112130418907,0.027140363107138504,-0.033254384982761835,0.0013301558724438081,-3.8096383771453715,1334.3819172736587,0.0,-0.20768736385650244,25.00531529837908,0.0,171.667,-0.08306579027548092,0.10893499096504848,-4.98193008444218,1.551738332422111,-0.041731067503760294,0.09530327790548591,-4.9703621835044185,0.2968294294641021,-0.023206540366214057,0.01,1.5597177502549184,-3.8865573275030028,1334.420144552606,0.0,-0.02919822787126688,24.999983609022188,0.0,1.571964256144446,109.0,0.1194935162898965,0.051692572503590675,0.05687018578015794,0.18524387857941696,0.2567530732421502,0.040563719115752205,0.12902464779247408,0.13871525073494076,-35.20266273632069,0.08499384570001556
171.9,-3.8089199818649604,1830.3487264928176,5.072,-0.03,25.01,-0.01,1.5681799648471664,0.013169229135414717,0.13615828239645764,-0.03830710783818347,-3.8136058209784776,1336.882464328432,0.0,-0.17587160018665762,25.003329477374134,0.0,171.832,-0.10721694746705202,0.09982096320761161,-5.002939840746061,1.5378158606987358,-0.07977858330045441,0.09417355339516212,-4.969724760885454,0.16037306101112306,-0.020060452730813694,0.01,1.565579352260717,-3.889477150213188,1336.9201428475399,0.0,-0.02919822787787827,24.999983609022195,0.0,1.5719642561447105,68.0,0.1553053082789631,0.05880013306546387,0.05820628000655169,0.19456666304148926,0.26062687626526204,0.04561506400549687,0.13266692611505732,0.1564289678082734,-34.3060843709897,0.09021145241096239
172.0,-3.818011541994622,1832.8452734470497,5.073,-0.03,25.01,-0.02,1.565843841121767,0.0025460490713863173,0.007644464297884899,-0.005536318333152431,-3.818188956841297,1339.3827012844165,0.0,-0.12017055486288498,25.00030723545472,0.0,171.865,-0.11344153593661278,0.08817224726590546,-5.043516428972608,1.5406320303657675,-0.06983864227442618,0.08649866591897147,-4.976828179987798,0.21389340225555922,-0.03084887734913977,0.02,1.5634345842244317,-3.8923969729244154,1339.4201411424733,0.0,-0.029198227889024916,24.999983609022195,0.0,1.5719642561451563,95.0,0.11680353910277072,0.05122357391546048,0.05645844597797548,0.1843985447289179,0.2562765661917427,0.04021294196502912,0.12875811348959632,0.13733071156190912,-35.31602324717264,0.08446377764535111
172.1,-3.8180126010298636,1835.3418203951596,5.074,-0.03,25.0,-0.02,1.5655333176862936,0.010753145339684847,0.028498479355629342,-0.011856628901593237,-3.8227187528104842,1341.8825650782526,0.0,-0.11142360723033265,24.996560549167388,0.0,172.03,-0.10588376199598096,0.1224695733053292,-5.015233032211735,1.545669828677665,-0.08326423001093161,0.1172537425898115,-4.97719669307066,0.16260318121576062,0.04809598319572572,0.02,1.5655024336960262,-3.895316795635892,1341.9201394374072,0.0,-0.02919822787535806,24.99998360902219,0.0,1.5719642561446097,70.0,0.12192337018968362,0.053857296470928046,0.05743936976705588,0.18726671127988845,0.25736598108267866,0.04070460596998241,0.12906831001974367,0.14068676075156367,-35.05721079037321,0.08596263781212579
172.2,-3.827104170078428,1837.838367330637,5.074,-0.02,25.0,-0.02,1.565232459982161,-0.05444285495367243,-0.004300273289261349,0.0017827279795247666,-3.826949611739075,1344.382060955061,0.0,-0.10495270321214725,24.993405944079058,0.0,172.129,-0.09678069535308274,0.10636264496366893,-4.922864008694705,1.5455107535522201,-0.07309699394508798,0.11391964125829192,-4.968599307112957,0.20190451997070336,0.034960672501210155,0.02,1.563530434859509,-3.8982366183455945,1344.4201377323407,0.0,-0.02919822785764444,24.99998360902219,0.0,1.5719642561439011,71.0,0.15782927986430081,0.05959679647159805,0.05866613331963027,0.19492759087021783,0.26062443918974254,0.04587890719951694,0.1329040305331337,0.1575937943740464,-34.22687099788844,0.09033122495269556
172.3,-3.827105231325106,1840.3349142601855,5.073,-0.02,25.0,0.0,1.5650412664425113,-0.03300307499141113,0.010973691381397983,-0.005084006473749996,-3.8308131220218264,1346.8813488350386,0.0,-0.09958596003485189,24.99243338158066,0.0,172.162,-0.10104251480678322,0.10893477251831458,-5.013164289246956,1.5690685312765296,-0.08198828619912876,0.11397000271400538,-4.9732969677408985,0.07706971291111674,0.03252362040358392,-0.0,1.5685165081516856,-3.9011564410554316,1346.9201360272746,0.0,-0.02919822786251833,24.9999836090222,0.0,1.571964256144096,98.0,0.11660407201419454,0.051286037182747615,0.056576735840345,0.18424865224513076,0.2562325906409096,0.04020637366555417,0.12884801841683527,0.1372487649525282,-35.31820980833409,0.08439663979172883
172.4,-3.8361968006823304,1842.831458277531,5.069,-0.02,25.0,0.0,1.5653376631115117,-0.01139421544730015,-0.03594161343462049,0.015136399938011885,-3.834343971370504,1349.380687117224,0.0,-0.10791689475790857,24.993905323274248,0.0,172.228,-0.10002919250372178,0.1067424260011406,-4.98096171671501,1.5538925684375828,-0.07234420046415432,0.11207820205824155,-4.973730687916472,0.11358041902731787,0.02659099912725793,-0.0,1.567057104665529,-3.904076263765128,1349.4201343222085,0.0,-0.029198227850966447,24.999983609022195,0.0,1.571964256143634,92.0,0.15715378119126028,0.058730910028859815,0.05802087003359329,0.19427521762253755,0.26048450463167533,0.04579586206765245,0.13284002236607534,0.1568518219552161,-34.29968892343191,0.09003502801100867
172.5,-3.836197859652202,1845.3169094197974,5.066,-0.02,25.0,0.0,1.5661669420686106,0.002157637465625378,-0.014698875797126445,0.0023577163875865047,-3.8377474199209884,1351.880241419886,0.0,-0.12773850526340896,24.996291066004986,0.0,172.393,-0.09421204276179722,0.11676554615087896,-4.816626359218679,1.5648211955152556,-0.08094618619545682,0.12139572276082869,-4.956990533811139,0.0772987900554522,0.04062882770304199,-0.0,1.5685080979151689,-3.9069960864734843,1351.9201326171421,0.0,-0.02919822784635902,24.9999836090222,0.0,1.5719642561434497,87.0,0.10295092666544757,0.04900737264319655,0.05601234157385391,0.18108266924123356,0.25485078814985396,0.037887420186184455,0.12704197931611114,0.13145297672030104,-35.69770074260561,0.08267687980271472
172.6,-3.836198923610141,1847.8134563161184,5.064,-0.02,25.01,0.0,1.566671927520309,-0.008279486184674839,-0.031175444089690477,0.006406786569995387,-3.842029141021373,1354.88006570833,0.0,-0.1437028797648818,24.999435080015534,0.0,172.525,-0.09643640748544714,0.10229453451807757,-4.958753488745041,1.5749339411367664,-0.10173397994682218,0.1151665432346238,-4.961956785202384,-0.06199616469825173,0.010029533856034334,-0.0,1.5740735360019473,-3.9104998737211085,1354.9201305710621,0.0,-0.029198227844334047,24.99998360899945,0.0,1.5719642561433698,75.0,0.13748136731854788,0.05538537143083823,0.0573136791338543,0.18978739144447562,0.2585891476523065,0.04311851507780958,0.13088621215608115,0.14713153165409476,-34.754162378113406,0.0874715612954864
172.7,-3.8452905077976993,1850.3100031998333,5.065,-0.02,25.01,0.0,1.567960952935044,0.010295278331078942,-0.0683966619666915,0.025082742137116355,-3.8452369377485436,1356.8801724990624,0.0,-0.17469759877945268,25.00131166725741,0.0,172.624,-0.09258557720417117,0.10792439645567525,-4.954805143497981,1.5615266352616872,-0.08791775742048492,0.11059169398264102,-4.9610688786905275,0.05861936093541223,0.00020508321235013227,-0.0,1.5692521839095208,-3.9128357318882325,1356.920129207009,0.0,-0.02919822786153023,24.999983609022195,0.0,1.5719642561440565,76.0,0.15936442531360173,0.06017157066449985,0.058576139928110615,0.19575833660855133,0.2610087597505139,0.045968572822022866,0.13286241439698196,0.1586612320055824,-34.18155325553012,0.09084375796364152
172.8,-3.8452915744443885,1852.8065500775099,5.065,-0.03,25.01,0.0,1.5691748611305398,0.01501917521764009,-0.0027461714042272705,-0.0016700053485524979,-3.850057628901854,1359.3805375118388,0.0,-0.20261509345069284,25.00340024070431,0.0,172.69,-0.0861266271131214,0.10005577886391585,-4.9241782263563225,1.565352348486403,-0.07359777987148397,0.10268635681289026,-4.956320175195554,0.11167859526785466,-0.014670849822277177,-0.0,1.567528584087782,-3.9157555545969522,1359.4201275019425,0.0,-0.029198227850766603,24.99998360902219,0.0,1.571964256143626,70.0,0.10278741059506721,0.04909603762984051,0.056342481392689464,0.1809994924334902,0.2547936988324856,0.037935658487024335,0.12708335156605272,0.13142008555330076,-35.68236017243804,0.08262051453823453
172.9,-3.854383167228548,1855.303096941731,5.068,-0.04,25.01,-0.01,1.5688359714720885,0.021411050686888873,0.03840612542181664,-0.005109187786506401,-3.855994128318939,1361.881077881685,0.0,-0.19360811501950237,25.00486365038388,0.0,172.822,-0.09134742166742295,0.10650773597176616,-4.991369198100852,1.5528892096731417,-0.07026929557593452,0.1010557054897602,-4.9578722636716,0.16434891174049182,-0.01453601173059127,0.01,1.5658215087251957,-3.9186753773047314,1361.920125796876,0.0,-0.029198227837632665,24.999983609022202,0.0,1.5719642561431006,78.0,0.13865090200628333,0.05551145494222198,0.05770490731080242,0.18987397249824844,0.25862640473623366,0.043321627298778996,0.1310244621535306,0.14761936631819866,-34.711849336085265,0.08752129202754606
173.001,-3.863474765275157,1857.7885509546522,5.071,-0.05,25.01,-0.01,1.5681435396571197,0.012994107156494667,0.055575876572086444,-0.011072472806200311,-3.8642677715087927,1364.881794218025,0.0,-0.1714016649803481,25.005130482263123,0.0,172.921,-0.09245337608204099,0.09956491960332478,-5.005679720652574,1.5574117042969862,-0.06689359767890528,0.09877741753537811,-4.964409074316107,0.17790529449804005,-0.016481663971024574,0.01,1.5656788328824032,-3.9221791645534867,1364.9201237507966,0.0,-0.029198227855057615,24.999983609022188,0.0,1.5719642561437976,80.0,0.13014031777638724,0.05291007143383604,0.05621395186074857,0.18710766807681684,0.2575796679940686,0.042240261896280114,0.13033315749925414,0.14302352283974584,-35.02777128488924,0.08605189519024428
173.101,-3.863475836721989,1860.28509780803,5.074,-0.05,25.01,-0.01,1.5673583672058324,0.010119354559647452,0.03777005407844652,-0.009867010749804492,-3.8716180822067208,1367.382326892986,0.0,-0.1542871463776704,25.004305576582013,0.0,172.921,-0.09245337608204099,0.09956491960332478,-5.005679720652574,1.5574117042969862,-0.048764168459148285,0.09515106946524947,-4.963409074316157,0.18487780196003128,-0.01796591122600688,0.01,1.5653995474839557,-3.925098987261973,1367.4201220457303,0.0,-0.02919822785526855,24.999983609022188,0.0,1.571964256143806,80.0,0.1603536941947263,0.05952706655286995,0.05781336964081184,0.1954588796994864,0.260970004888724,0.04609664564272234,0.13295601625443207,0.1587108847062692,-34.22302098026925,0.09072299102528894
173.2,-3.872567444290155,1862.781644646744,5.076,-0.05,25.01,-0.01,1.5668252763014774,0.009511205816922774,0.030657616958259932,-0.005745995076522066,-3.8789434505161005,1369.8827202563577,0.0,-0.1408130896125603,25.00281410357234,0.0,173.086,-0.08271871954220235,0.09602645939167057,-4.984814860059061,1.5604264177044933,-0.05488948049063039,0.09468028596526856,-4.963494659388301,0.15431552591273684,-0.017001524867183093,0.01,1.5666225610789022,-3.9280188099705375,1369.9201203406642,0.0,-0.029198227859615077,24.999983609022184,0.0,1.57196425614398,94.0,0.10366977208774929,0.04910204929315192,0.055919142730034024,0.1810739957755057,0.2547902903531268,0.038046723651983874,0.12713852513410928,0.1316030251714404,-35.68069073882449,0.08264406645911761
173.3,-3.8816590550031265,1865.2670986463777,5.08,-0.05,25.0,-0.01,1.5666020345550518,0.005839867027789989,0.0006399367270856621,-0.001955575615738597,-3.8845818995444104,1371.8828932500958,0.0,-0.13763267532386075,25.00099022004592,0.0,173.185,-0.07782113104368941,0.09553859028669386,-4.978127230291417,1.5436104790382097,-0.04350961807523064,0.0924226075567594,-4.964591857110511,0.2160998865769757,-0.008509409860629091,0.01,1.5641501669611348,-3.9303546681378156,1371.9201189766113,0.0,-0.029198227859465214,24.9999836090222,0.0,1.571964256143974,75.0,0.10521254709360518,0.050733155015052975,0.05682473290044307,0.18272307026705606,0.2554078193840618,0.038117531045598035,0.12711933289161206,0.13310572893107384,-35.52624920797505,0.08347364900096768
173.401,-3.8907506703803847,1867.7636454703631,5.083,-0.04,25.0,-0.01,1.5663823960956673,0.002074821565991375,0.026681103961845455,-0.008051705117206778,-3.892451577355221,1374.8828536132696,0.0,-0.1287527671130255,24.997759126073603,0.0,173.317,-0.07554215970009033,0.08669748985605973,-5.036807294472669,1.5408402797563971,-0.029272054201932195,0.08828569253508298,-4.971473744090435,0.3092478983302839,-0.016786307579533144,0.01,1.560019591733568,-3.9338584553885174,1374.920116930532,0.0,-0.029198227863084538,24.999983609022195,0.0,1.5719642561441187,84.0,0.13838744454923865,0.05613439472205151,0.05796448445451544,0.1902697268589868,0.2587055728886013,0.04332629016153997,0.13103040233596447,0.14783931269585698,-34.67922874381794,0.08769375525781502
173.5,-3.890751748971468,1870.2601922889467,5.084,-0.04,25.0,0.0,1.5652894601833562,0.006532728437878555,0.06180829211802979,-0.021437459315218985,-3.897103471982718,1376.882601036454,0.0,-0.10296403962807855,24.995616496262784,0.0,173.416,-0.06351257202884043,0.10724676076502643,-4.947382662595161,1.5718127575320202,-0.051309759970351754,0.09830018420321078,-4.968482602834721,0.052552833407303726,0.009365724189478897,-0.0,1.5702944015365115,-3.9361943135561765,1376.9201155664791,0.0,-0.029198227873892556,24.999983609022184,0.0,1.571964256144551,84.0,0.17813923606768298,0.06269775622370395,0.05921510598321828,0.19906011516281924,0.26240241514662294,0.04848663616061605,0.1347103543364267,0.16814881521390157,-33.82013390402801,0.09280313474879914
173.6,-3.8998433667230756,1872.7456433317475,5.084,-0.03,24.99,0.0,1.5651798654024045,-0.015606774249695272,-0.044325774712748456,0.026255244757543116,-3.9019206555533654,1379.3820214838663,0.0,-0.10529219280467565,24.992689742049134,0.0,173.482,-0.059905804398128315,0.12081895635937862,-4.957772921423102,1.558849289820101,-0.04650929882400044,0.11362516103971759,-4.967072534694173,0.06843826846885927,0.05113774407442406,-0.0,1.569261323127259,-3.9391141362675506,1379.420113861413,0.0,-0.02919822789262204,24.999983609022188,0.0,1.5719642561453002,78.0,0.10440887869234387,0.05010586047212346,0.05686175163601237,0.1821413943727028,0.25523121276347294,0.03807324399652679,0.1271361438573472,0.13257670049864081,-35.57510306206617,0.0832015899012569
173.703,-3.899844424023229,1875.186711312757,5.082,-0.02,24.99,0.0,1.5669628673375138,-0.03896959346908779,-0.03461221586986244,0.01236555166615535,-3.906491622774767,1382.3810625387498,0.0,-0.15437105455597172,24.99099662312692,0.0,173.614,-0.05921686462136806,0.11019173404459326,-5.004303777501076,1.5415421305514265,-0.01748658873482903,0.11700416791687386,-4.959079957408466,0.3287378105498555,0.04942642964901367,-0.0,1.558466884385989,-3.942617923522528,1382.4201118153337,0.0,-0.029198227897501476,24.999983609022195,0.0,1.5719642561454954,89.0,0.10781078676557558,0.05150931828392686,0.05765308323600141,0.18367100890193516,0.25583100515417817,0.0385592562519884,0.12746887936228382,0.13451992777753946,-35.40150780946604,0.08399057928621244
173.8,-3.908936055043341,1877.6832580983837,5.081,-0.01,24.99,0.0,1.5668969690476098,-0.029627739615150764,0.14126667287767347,-0.028775940974165946,-3.9096367439527304,1384.880293469237,0.0,-0.12543920264914402,24.992710822729087,0.0,173.68,-0.0672520017392136,0.12272997408035,-5.010390808446683,1.55201089430043,-0.032983493167320875,0.1251856833851896,-4.96553491564743,0.15305174820850256,0.061391950873140644,-0.0,1.565086057535294,-3.945537746235402,1384.9201101102676,0.0,-0.029198227909713936,24.99998360902219,0.0,1.571964256145984,82.0,0.1039106419262057,0.04877127854137129,0.05582132861091282,0.1812690419983786,0.2550355827288806,0.037929741872902524,0.127043237087683,0.13177234329709558,-35.70182426587174,0.08284070850781257
173.9,-3.9089371388935774,1880.1798048792984,5.081,0.0,25.0,0.01,1.5649493332628646,-0.02207625445359311,0.01711838620000674,-0.0022744669492694683,-3.911533554215047,1386.8798707911594,0.0,-0.09710698610488955,24.99563423848938,0.0,173.812,-0.06436206350305664,0.13348475138521193,-4.918710178249626,1.555784418502053,-0.04359197701393895,0.1321575191370178,-4.966314578575023,0.0856617425513323,0.05977903503648818,-0.01,1.5673780441041902,-3.947873604405968,1386.9201087462147,0.0,-0.029198227902808342,24.999983609022188,0.0,1.5719642561457077,88.0,0.16808820375102862,0.0594959977598198,0.05774854457832425,0.19587387194115682,0.26125518445871604,0.04725660259959718,0.13390765886983788,0.16191360509963407,-34.13388351500113,0.09102764972783431
174.0,-3.908938218012736,1882.6652558874237,5.081,0.0,25.0,0.01,1.565508321454052,-0.012263867558216842,-0.03651205120383768,0.008610102735636407,-3.912941960051042,1389.3797343542642,0.0,-0.11287276985190324,25.00042004923216,0.0,173.911,-0.0623493383509214,0.10627797979058462,-4.984349570202035,1.552496486636355,-0.04663707741828018,0.1196730050171758,-4.969585000696931,0.08076059776865956,0.02523111519829868,-0.01,1.5675691710881072,-3.950793427119868,1389.4201070411484,0.0,-0.029198227901992335,24.999983609022195,0.0,1.571964256145675,89.0,0.18059456952537256,0.06425848384328264,0.05908768891400931,0.2012401660256228,0.2632537368600245,0.0485482188435382,0.1346503149031257,0.17052267751826902,-33.730749591101876,0.09407690568948204
174.1,-3.9089392958680946,1885.1617996836112,5.079,0.0,25.0,0.01,1.5663936646331589,0.017230178118965486,-0.029338369489621312,0.007769658961572553,-3.913557867796662,1391.880133911166,0.0,-0.13420800963961488,25.005760146593786,0.0,174.01,-0.06155595937229042,0.09771401293093526,-4.91906366155462,1.5557668822511719,-0.04399999978566008,0.10428705545646269,-4.963021561682654,0.11442413686758064,-0.010486820102737937,-0.01,1.5662174726021725,-3.9537132498330623,1391.9201053360819,0.0,-0.029198227911995448,24.999983609022195,0.0,1.5719642561460752,90.0,0.12033217590824304,0.05266989102149329,0.057054522970529244,0.1857158107396706,0.25674536290499167,0.04069640905291756,0.12910611132663646,0.13924229799402024,-35.16090664720873,0.08513846193071554
174.2,-3.9089403802753395,1887.6583464318096,5.076,0.01,25.01,0.01,1.5666924440909664,0.03865555666406075,-0.00574000737209858,-0.0010338802735588308,-3.9137447723406544,1394.3810445486592,0.0,-0.14076353161001925,25.01019767271135,0.0,174.109,-0.06254825029676721,0.10399491198280872,-4.936448776316799,1.5385038464648622,-0.026933278408546264,0.10438911080527442,-4.958046235172393,0.2691532093501235,-0.017955546588193982,-0.01,1.5596271084654734,-3.9566330725473744,1394.4201036310149,0.0,-0.029198227911307113,24.999983609022202,0.0,1.5719642561460476,91.0,0.11924261530989336,0.05140072818896975,0.055787918917905154,0.18492521176394167,0.25658690267065093,0.04046071888438056,0.12893885119142717,0.13826959774875297,-35.2977434144286,0.08481470932886283
174.3,-3.9089414637503523,1890.154893170147,5.071,0.01,25.01,0.0,1.565763925262962,0.02725483361976962,0.06811456735917393,-0.026624356348831462,-3.9135779439017497,1396.8822959094541,0.0,-0.11493006623333756,25.012838689075554,0.0,174.208,-0.06729148385285352,0.11004223053036226,-4.951207709967234,1.5517878877519444,-0.05175127554104004,0.10409777886971147,-4.959796030337097,0.08243016376685874,-0.013904105952359913,-0.0,1.5670985596364757,-3.9595528952609325,1396.9201019259485,0.0,-0.029198227903485575,24.99998360902219,0.0,1.5719642561457348,92.0,0.11888236352060551,0.051319835238479515,0.05500350961058191,0.18506414543627184,0.25665696557285145,0.040353812850761776,0.128829316623382,0.1381390868509948,-35.340347800680235,0.08490100239947962
174.4,-3.9089425420607427,1892.6514369214776,5.066,0.02,25.01,0.0,1.5646208581191041,0.011029234909000407,-0.051377670448951265,0.006204315441843944,-3.912744098304976,1399.3836783670624,0.0,-0.0912879763294857,25.013482782150653,0.0,174.307,-0.0798808930897329,0.0981616418442656,-4.980381452712263,1.5414302819794254,-0.04675283555954683,0.09676822601453847,-4.953695812139106,0.17473331020762742,-0.027031443858113846,-0.0,1.5630018420784226,-3.9624727179741894,1399.4201002208822,0.0,-0.029198227913105657,24.999983609022184,0.0,1.5719642561461196,93.0,0.12003011708453289,0.051308150586073076,0.054639804930619915,0.1849724164514279,0.25657521860739735,0.040483670051309,0.1288983458998056,0.13832461237458943,-35.33055913293912,0.08482890648827379
174.5,-3.9089436259804415,1895.1479836372414,5.062,0.03,25.01,0.0,1.5651288903926055,0.017135513496443874,-0.0019224169555312903,-0.006340358750738208,-3.9111347169371524,1401.8850359088306,0.0,-0.10114835181198563,25.012722585135368,0.0,174.406,-0.07237236818201624,0.11217275790635027,-4.920993142704906,1.5599002667530293,-0.0648052205856176,0.10316441458289825,-4.951926771071781,0.015698725764180105,-0.0072538655309593025,-0.0,1.5689685805693228,-3.9653925406881294,1401.9200985158159,0.0,-0.029198227910557713,24.9999836090222,0.0,1.5719642561460176,94.0,0.11893739675042911,0.051173306705122316,0.054274206412249094,0.18467172776208693,0.2564105516638619,0.04034528592728511,0.12879748264871116,0.1377770528189847,-35.3743319045065,0.08464641190468672
174.6,-3.9089447098452297,1897.64453034282,5.06,0.03,25.01,-0.01,1.565329781794224,-0.0012350606447830692,-0.050855711289011014,0.013926947266286582,-3.908945170960056,1404.3862677844772,0.0,-0.10937760237719625,25.011080236581417,0.0,174.505,-0.0806085766380204,0.09811327214346148,-4.93491588229675,1.537744031893899,-0.05744337987443997,0.09813689370719009,-4.949580905324993,0.13221574254879892,-0.015487472940215241,0.01,1.564306363652858,-3.968312363404463,1404.4200968107496,0.0,-0.02919822794257101,24.999983609022195,0.0,1.5719642561472982,95.0,0.17349114012955213,0.06090511762981788,0.056420197840692854,0.1972832139314601,0.261671038253698,0.047891224727912914,0.13428667114307768,0.16471072599385983,-34.061416773640325,0.09177046044940157
174.7,-3.9089457878109215,1900.1410740501556,5.059,0.03,25.01,-0.01,1.5659424788926282,0.0036699128073464974,0.0004550615365677054,-0.0055636411687524515,-3.9060360122963838,1407.3874975701292,0.0,-0.11899892687336591,25.008457324526304,0.0,174.571,-0.08593938050172603,0.10891460677163502,-5.013492437796334,1.509580976756008,-0.013130003998066887,0.10119430032255103,-4.956108089171023,0.42897827938367095,-0.007479913600388244,0.01,1.552441107751888,-3.971816150664156,1407.42009476467,0.0,-0.029198227925628997,24.999983609022195,0.0,1.5719642561466205,89.0,0.11918858723880617,0.05232380962217395,0.05534342997880003,0.18509359390103625,0.25642065832305405,0.04045748096885593,0.1288840946403608,0.13826570575881933,-35.26916449664449,0.08477644205176277
174.8,-3.9089468721203957,1902.6376207324008,5.059,0.03,25.01,-0.02,1.5645366390843432,-0.0007541213905177485,0.25844022050672383,-0.04054648756429629,-3.9039636013817103,1409.3881542709523,0.0,-0.08168134334606911,25.007103849052392,0.0,174.736,-0.1031200266991843,0.0998203582566013,-4.9755156474275,1.5496177349884819,-0.08288977603766509,0.09697576873870926,-4.959083517271349,0.03313903114420792,-0.0114957692983495,0.02,1.5682706198044816,-3.9741520088364912,1409.4200934006171,0.0,-0.029198227922559227,24.999983609022195,0.0,1.5719642561464977,64.0,0.15894590815366505,0.05899067028184989,0.05722326738074013,0.1939166952741384,0.2601707658764039,0.046015533364824175,0.13291610459421002,0.1570948355229288,-34.29056910210076,0.08975221548704734
174.9,-3.908947951294863,1905.123071642572,5.059,0.05,25.0,-0.02,1.5618752586331706,-0.003168172626362239,-0.13959240062519973,0.012966834347076853,-3.900641182620467,1411.8887909278328,0.0,-0.02502730697464156,25.005354951112206,0.0,174.736,-0.1031200266991843,0.0998203582566013,-4.9755156474275,1.5496177349884819,-0.08150562509926904,0.09461683172015817,-4.9576835172713825,-0.0015779368041367939,-0.002193565188392199,0.02,1.5688592767277385,-3.9770718315544396,1411.9200916955508,0.0,-0.02919822796687381,24.999983609022195,0.0,1.5719642561482703,64.0,0.1666906605468025,0.06153169152809095,0.05899033458648719,0.19657455039466037,0.26115705859002264,0.04678287205281921,0.1333386807525099,0.16186418896704882,-33.99494183056601,0.09122360077986956
175.0,-3.908949035583987,1907.6196183054699,5.059,0.05,25.0,-0.01,1.564282699083213,-0.002488084597189084,-0.11106365210991229,0.023889943613789415,-3.8963645364387425,1414.3892325796214,0.0,-0.08451775858287787,25.003122886631317,0.0,174.868,-0.0828341398464059,0.08716835784169258,-4.8780383614642355,1.5388068132139594,-0.0311878572370456,0.08472598525393481,-4.937534923802215,0.34045305877915394,-0.02338753176773878,0.01,1.555164853260538,-3.9799916542743903,1414.4200899904843,0.0,-0.029198227982989895,24.999983608999443,0.0,1.571964256148916,92.0,0.11901471972703351,0.05149338119845695,0.057132824975870154,0.1839840027603621,0.25608312673008565,0.040664621431065966,0.129145950907881,0.1378412006482921,-35.233585152831964,0.08424305974199775
175.1,-3.8998595435896846,1910.116167968605,5.06,0.05,25.0,0.0,1.5647755074922485,0.020495043791388747,0.1759154693159677,-0.026262367876333702,-3.8917528687278797,1416.889501470529,0.0,-0.08894342483242311,25.001330459027663,0.0,174.967,-0.10478092108139055,0.09724439501200854,-4.961873069231963,1.5457041129693367,-0.07540583341215233,0.08953002259825557,-4.939905195759154,0.08823773765906277,-0.007865562260082726,-0.0,1.5652651334409433,-3.982911476995344,1416.9200882854182,0.0,-0.02919822798670796,24.999983609022195,0.0,1.5719642561490637,93.0,0.12207678712874143,0.05385021120563919,0.05794026785894252,0.18695843515875174,0.2572967396068856,0.040782866884443214,0.1290942086020075,0.14064328745736948,-35.033944907225454,0.08584095403306603
175.2,-3.8998606254594392,1912.612714616263,5.062,0.06,24.99,-0.01,1.562679946483348,0.0005509217725989991,-0.03339439074165558,0.00858382429476463,-3.885733195249725,1419.8895482281162,0.0,-0.04675153183770184,24.998926449892334,0.0,175.132,-0.11808991134817609,0.10407020229358858,-4.901777983167244,1.5571883114799678,-0.11455166872769677,0.10197260384730011,-4.933159368075911,-0.020904345215261383,0.028255632872969727,0.01,1.569233642987727,-3.9864152642608297,1419.9200862393388,0.0,-0.029198227973285355,24.999983609022195,0.0,1.5719642561485268,68.0,0.1598540370369687,0.05971947671995083,0.0592443659657189,0.19501742565825494,0.2607331400685449,0.04615540962908621,0.13304434815121288,0.15847431100878767,-34.167694101519075,0.09043661944726641
175.3,-3.890771116535518,1915.098165495987,5.062,0.06,24.99,-0.01,1.5639526597831885,-0.0244548920345181,-0.11592721632910317,0.021986308853734975,-3.881369782065077,1421.889381601046,0.0,-0.07595836380402395,24.996833008763012,0.0,175.165,-0.11965042564962153,0.1172723079470528,-4.995351250612175,1.54501148936413,-0.09982474656788812,0.11297619150863042,-4.939199588387343,0.10099614479984034,0.04800357825913082,0.01,1.5643663442480562,-3.9887511224366285,1421.9200848752857,0.0,-0.02919822796667952,24.999983609022195,0.0,1.5719642561482625,95.0,0.11855183138353326,0.05116534827596743,0.05720912303897914,0.18421018915004833,0.2562732395903113,0.04046595248524179,0.1289827521301204,0.1378287241218874,-35.25522759739379,0.08441635405785533
175.4,-3.8907721951086955,1917.594712125312,5.062,0.05,24.99,-0.01,1.5651992317896823,-0.03513997856387586,-0.014723090056909612,-0.0012173852336656843,-3.8761280927886927,1424.3890199391658,0.0,-0.1032052991304168,24.99539717606926,0.0,175.33,-0.1365030643448014,0.10565482724374423,-4.8770931108337665,1.5420515024468537,-0.1185981017469563,0.11295005743587941,-4.929733693448382,0.0979902231731944,0.04026499131945016,0.01,1.5648839443720457,-3.991670945156303,1424.4200831702196,0.0,-0.029198227962788193,24.9999836090222,0.0,1.5719642561481069,70.0,0.1247779348868133,0.054064749456350356,0.05828378222400078,0.18760942004995546,0.25758862379469905,0.04107065886420208,0.12927638233774227,0.14183790508853192,-34.959591270596405,0.08620678466505691
175.5,-3.881682683145641,1920.0912587482421,5.06,0.04,24.99,0.0,1.5647995616917054,-0.02119724576536398,-0.011463620913438426,-0.001048921006145998,-3.8715929405564258,1426.8886622362322,0.0,-0.09381303304797928,24.996420443384892,0.0,175.33,-0.1365030643448014,0.10565482724374423,-4.8770931108337665,1.5420515024468537,-0.10815971192175147,0.1151701887070659,-4.9297336934484,0.11320539409539812,0.04192357203841368,-0.0,1.56467600285301,-3.994590767875285,1426.920081465153,0.0,-0.029198227951524963,24.99998360902219,0.0,1.5719642561476563,70.0,0.15791912864406393,0.059816139497662825,0.05932076159206159,0.19532501683986986,0.2608447032907636,0.045922234590068535,0.1328865207410201,0.15799487495470727,-34.19285306785217,0.09060057950486014
175.6,-3.8816837534841397,1922.587802333756,5.057,0.03,25.0,0.0,1.5647225101154785,-0.010235757780738909,0.006508723894592907,-0.0031428339314417946,-3.8672831559950294,1429.8884871059272,0.0,-0.09029264259648265,24.999564838801405,0.0,175.495,-0.14678539567458954,0.10527217793020816,-4.889730430479813,1.5352125404755932,-0.12874013916113758,0.10856989420824704,-4.937223159761757,0.1146841907238696,0.012549162479764675,-0.0,1.565011927287903,-3.9980945551364613,1429.920079419073,0.0,-0.029198227931107965,24.999983609022205,0.0,1.5719642561468397,86.0,0.10200559323835592,0.04892707749844911,0.056668738171330675,0.18096002018285304,0.2547969411673576,0.03778615688437459,0.12697558948274795,0.1312289499597814,-35.696507098140145,0.08261086339711698
175.7,-3.8816848251963165,1925.0732531681747,5.053,0.02,25.0,0.0,1.564625705653105,0.013765324597527778,-0.004674992165847023,0.0011612577546089647,-3.865109096298845,1431.8886037067855,0.0,-0.08929562030905903,25.00202059815605,0.0,175.561,-0.15935921023814134,0.11126185908785552,-4.973082775241223,1.5446621223818562,-0.13092728011421495,0.11064640514455046,-4.941850232848953,0.13495748247913375,0.016435320090568695,-0.0,1.564602178879099,-4.000430413308663,1431.9200780550195,0.0,-0.02919822790934757,24.9999836090222,0.0,1.5719642561459692,99.0,0.12137464293154855,0.053126105736622416,0.05764358549807948,0.1865771811663898,0.2571825359543944,0.040705599032713154,0.12907334214579655,0.14014774478380118,-35.09788756122642,0.08565156030019738
175.8,-3.8816859016397984,1927.5697997551924,5.052,0.02,25.0,0.0,1.5645850385215618,0.0074672543397740244,-0.0005396964830964345,-0.001369730330153428,-3.8631931971753652,1434.3890099018708,0.0,-0.08826283179029568,25.004760498369187,0.0,175.726,-0.16670081241592266,0.10304725319773829,-4.910547960865935,1.542658276517925,-0.14215269919502638,0.10664669038867886,-4.93948107771741,0.1568348102857361,0.0048549003171807215,-0.0,1.56372442563653,-4.003350236022664,1434.420076349953,0.0,-0.029198227899283405,24.999983609022213,0.0,1.5719642561455667,74.0,0.1570953879280412,0.0593222598782247,0.05877879143172067,0.19490617446813852,0.26070215839036415,0.04578770725476865,0.1327933178630186,0.15733764938741115,-34.24405978755895,0.09037327079712117
175.9,-3.881686978505627,1930.0663463319418,5.052,0.01,25.0,0.0,1.5644069295984249,0.0113578809255588,0.0016032934447710132,-0.005815890946427163,-3.862192780331412,1436.8896370269194,0.0,-0.08298062848790042,25.006825398416254,0.0,175.792,-0.16894263304103835,0.09237730021423025,-4.982268614291323,1.528776885178109,-0.12132350662052795,0.09678879476233714,-4.944426042399803,0.3085959122803079,-0.016490770917240383,-0.0,1.558044769716224,-4.006270058735392,1436.9200746448869,0.0,-0.029198227896352392,24.99998360902219,0.0,1.5719642561454494,68.0,0.09910887184373943,0.04843970761704922,0.056274858909067964,0.18030075974493773,0.2544903953282935,0.03728974841861694,0.12657104723906193,0.13002031411266893,-35.752748998111436,0.08223314911338336
176.0,-3.8816880502444633,1932.5517971368176,5.051,0.0,25.0,-0.01,1.563485989407871,0.021987956034977076,0.07274379635142185,-0.024181065033431107,-3.8620186331174025,1439.390397195201,0.0,-0.056920644557499615,25.007922722999012,0.0,175.924,-0.17714773202454137,0.09016578805505683,-4.985745627584865,1.5696850977693673,-0.16536388009078712,0.09061391008941533,-4.950693060463083,0.0068553305250613995,-0.026299946484268588,0.01,1.5705218248052761,-4.009189881448269,1439.4200729398208,0.0,-0.029198227905089854,24.99998360902219,0.0,1.571964256145799,76.0,0.1360581817156615,0.055226819325013665,0.05754127480183437,0.18970281609000664,0.25855831348451114,0.04306825215135152,0.1308759770026233,0.14669578429454708,-34.76282014868124,0.0874137150047037
176.1,-3.881689126612571,1935.0483436950622,5.051,0.0,25.0,-0.01,1.5628774259847142,0.022434169921498555,-0.10858544846670379,0.025138371820971703,-3.8623800945108466,1441.8911648370408,0.0,-0.04899305372984528,25.00725485423672,0.0,175.957,-0.18796285660874534,0.10613013187037401,-4.988436265257191,1.552856478968768,-0.17088564948041063,0.09362030474151913,-4.9536261713621474,0.005226702320956792,-0.014723005347917706,0.01,1.5705871355081307,-4.012109704161044,1441.9200712347542,0.0,-0.029198227904695718,24.999983609022188,0.0,1.5719642561457832,103.0,0.13151410615701828,0.05283652349941655,0.056409558271711964,0.1871574812119968,0.2575590613863481,0.04241675917549764,0.1303834191728631,0.1434333069281878,-34.995490957411725,0.08604002172138453
176.202,-3.8816902030030747,1937.5448902432795,5.05,-0.01,25.0,-0.02,1.565456599057887,0.007822882436438743,-0.0799153822291439,0.019247179882663206,-3.8638874751185246,1444.891889967272,0.0,-0.12295771779126329,25.00434748219609,0.0,176.122,-0.17720482544350444,0.10236838301335711,-4.9556178840013905,1.5638452495184578,-0.16579149524404763,0.10036703861928563,-4.949941290519266,0.05745822095807952,0.0012763114836467082,0.02,1.5688980971459334,-4.015613491415758,1444.920069188674,0.0,-0.029198227886687904,24.9999836090222,0.0,1.5719642561450629,80.0,0.14143261852657116,0.057253142087275256,0.05769783192220563,0.19219816637953002,0.2594957612529205,0.04350969831379867,0.13109264821730157,0.1499667092025406,-34.56943340959556,0.08875696371908151
176.302,-3.8816912795834355,1940.041436782652,5.052,-0.02,25.0,-0.02,1.56689688592707,-0.010399681820266979,-0.02410737392009199,0.009772826667676393,-3.866859422775815,1447.3922279000553,0.0,-0.14932905613811118,25.00155756281564,0.0,176.221,-0.18152873990371782,0.11237517165651151,-4.963862529560211,1.5659272151486923,-0.1778385832565622,0.10754983127336998,-4.950200293725411,-0.013884572211313551,0.018473492333072272,0.02,1.5721507080485326,-4.018533314127363,1447.420067483608,0.0,-0.029198227879116162,24.99998360902219,0.0,1.57196425614476,81.0,0.16241674370824213,0.06112122431421259,0.059005140976539916,0.1967423021514792,0.2613028899462459,0.046436808587502224,0.13324603794370524,0.16049422692972995,-34.07449477490112,0.09133497415724555
176.4,-3.881692351305958,1942.5268875498036,5.053,-0.04,24.99,-0.01,1.5677901644401737,-0.019188675157906867,-0.03975973198322167,0.013152776404416443,-3.870695787750935,1449.3923340935094,0.0,-0.1694562963820177,24.999800838355174,0.0,176.32,-0.17759313657629522,0.10118279467275974,-4.919963328426763,1.5559851433345506,-0.16543531346181345,0.11064307599618654,-4.944662924293585,0.10511965678672969,0.030982470253466232,0.01,1.5681937307603637,-4.020869172295656,1449.420066119555,0.0,-0.02919822787081725,24.999983609022195,0.0,1.571964256144428,80.0,0.10338163763708186,0.0491553428991872,0.05652096456188902,0.18099019643401063,0.25475199496223117,0.0380334316177062,0.12719980195980196,0.13158099185275787,-35.660206871929276,0.08257955377722356
176.5,-3.881693427621144,1945.023434069248,5.052,-0.07,24.99,-0.01,1.5686328618929277,-0.024073602361667022,0.029047447856939274,-0.003250748994652276,-3.877539775430837,1451.8923569409,0.0,-0.18707865841665464,24.999146138609976,0.0,176.386,-0.18319673109291573,0.10214276637353156,-4.945294353649927,1.5487667032969699,-0.15416670286432732,0.1078518964388205,-4.943715649393415,0.1843103834897485,0.021405601183268175,0.01,1.5662260283710319,-4.02378899500581,1451.920064414489,0.0,-0.0291982278725492,24.9999836090222,0.0,1.5719642561444973,74.0,0.10356984454582438,0.04840970151243992,0.05517431918501153,0.1809570026724399,0.25491698703959176,0.03786306439344539,0.12704684457341978,0.13141703685616096,-35.729640715102164,0.08266858472824305
176.6,-3.8907851225592367,1947.5199805759185,5.05,-0.09,24.99,0.0,1.5679548083015273,-0.005827416131140907,0.05235130302639295,-0.009380156446749577,-3.8886597450784928,1454.8924181065233,0.0,-0.16524481236453203,25.000849046538374,0.0,176.518,-0.169299511384864,0.10660772091449915,-4.879813693791733,1.551991493469924,-0.1472603573167519,0.1112832496094656,-4.938006899917804,0.2148440023129138,0.025103532125829275,-0.0,1.565805623252564,-4.02729278225909,1454.9200623684085,0.0,-0.029198227895214413,24.99998360902219,0.0,1.571964256145404,82.0,0.12032814767464399,0.05296270311796956,0.05648087485559402,0.18656787541615452,0.2572009952199389,0.0405403940287132,0.12897362508602583,0.13971164386408524,-35.161457663320256,0.0856498654196712
176.7,-3.8998768459107396,1950.0830985783716,5.049,-0.1,24.99,0.0,1.5671565030377843,-0.008331170660550651,0.04834827647423973,-0.009752241662176014,-3.8974801294175787,1456.8925756643032,0.0,-0.14993591186639915,25.00261537190428,0.0,176.617,-0.16951716683332146,0.10417674009778168,-4.939731359746543,1.5510659770447621,-0.1408303425440979,0.10822819361724553,-4.938215375973829,0.20863791821286787,0.015582013357075652,-0.0,1.5664518074533391,-4.029628640429933,1456.9200610043551,0.0,-0.029198227916676242,24.999983608999454,0.0,1.5719642561462635,83.0,0.17514206064056848,0.061557973579126506,0.05818340619731106,0.19801344928390863,0.2620151978444388,0.04816045104890934,0.13450918782732155,0.1661228749272858,-33.94194973652718,0.09219690825175972
176.802,-3.918059177723819,1952.5796450574471,5.049,-0.11,25.0,0.0,1.566891278666679,0.0016091015423943071,0.029955326740912648,-0.0017832365824879647,-3.912135605738211,1459.8930777087542,0.0,-0.14281912472998123,25.005484900184584,0.0,176.716,-0.1593059246492206,0.10143450649028399,-4.950905344066485,1.5433753800324281,-0.12286162380762407,0.10716146614349531,-4.941483430443487,0.30414032917304556,0.0006762148956909186,-0.0,1.5630310797540266,-4.033132427686962,1459.9200589582751,0.0,-0.0291982279246853,24.999983609022188,0.0,1.5719642561465828,86.0,0.13619607323752672,0.0549028185072469,0.05671981769088604,0.18917789457679052,0.2583148958347009,0.043034204813715705,0.13087931896867883,0.14627702768850243,-34.81544519452927,0.08711213952570732
176.9,-3.9271508924038585,1955.0650988426544,5.051,-0.12,25.0,0.0,1.566393310264919,0.011917128173846164,0.06405142906421252,-0.014075491645047391,-3.9225039856574444,1461.8935970855673,0.0,-0.1306188156533165,25.00730487676518,0.0,176.815,-0.13647438762008096,0.11087081338138746,-4.958900116783706,1.5535806569348403,-0.10086052702954879,0.1086795133311584,-4.943572005253538,0.32040586789178194,0.005234779899602415,-0.0,1.5627819418501723,-4.035468285859539,1461.9200575942218,0.0,-0.0291982279348161,24.9999836090222,0.0,1.571964256146988,85.0,0.17777522416497607,0.06218735597462667,0.058246902781386195,0.19865260352598063,0.2622563321846742,0.04841124971252023,0.13469338983421836,0.16759119827601604,-33.88013514462826,0.09256811662377656
177.0,-3.9362426105614645,1957.561645310627,5.052,-0.11,25.0,0.0,1.5653705062021055,0.0053920773186808355,0.06029999343792699,-0.010294071163371022,-3.9356127775832492,1464.3944192127274,0.0,-0.1048870397319521,25.00913026469062,0.0,176.914,-0.1465011337740111,0.09240391387363074,-5.013782628148981,1.546566657245832,-0.11165595031133432,0.10129012138273298,-4.95086096001967,0.2267214902651819,-0.010586996948344307,-0.0,1.5661255231455595,-4.038388108575009,1464.4200558891557,0.0,-0.029198227916514066,24.9999836090222,0.0,1.571964256146256,86.0,0.10588872684612098,0.050172464753754795,0.05646546819875905,0.18207057692675177,0.25517107947745493,0.03829151442430515,0.1273011294625678,0.13285184021494634,-35.55340261448907,0.0831422173235446
177.1,-3.9544249651431187,1960.058191764954,5.054,-0.11,25.0,-0.01,1.5651430674504974,0.016180392750611287,-0.0317213361560225,0.005500435419847757,-3.9483107562266335,1466.8953724329833,0.0,-0.100096408967862,25.010071634581607,0.0,176.98,-0.13108009033931783,0.08899018470722542,-4.956706682630074,1.5762042283239697,-0.11347667757517146,0.09140873915604138,-4.950729395782719,0.09675531793329376,-0.027745326732983244,0.01,1.5713267026459399,-4.041307931289946,1466.9200541840896,0.0,-0.02919822792736094,24.99998360902219,0.0,1.5719642561466898,80.0,0.1181140799383706,0.05070761977140344,0.05538896067052017,0.1840538364213645,0.25627784239697426,0.040374453602989024,0.12893625451577184,0.13739893698409605,-35.34764515783465,0.08436663922853702
177.2,-3.9635166991596975,1962.5547382129348,5.056,-0.1,25.0,-0.01,1.5663258801822109,0.02533504480282585,-0.09653714023622681,0.025087003698306163,-3.9604012218130444,1469.3963734701763,0.0,-0.13042965390872746,25.009710810560982,0.0,177.079,-0.12349002025781444,0.10540332977908468,-4.979523239894474,1.5415593833722678,-0.07964881405324253,0.09612288245267006,-4.9532903534328465,0.26559990343355805,-0.013089673064200724,0.01,1.5641689576337825,-4.0442277540047415,1469.4200524790233,0.0,-0.02919822790684402,24.999983609022202,0.0,1.571964256145869,81.0,0.12179080876744498,0.05374497560161112,0.05664150719486488,0.18724184132271696,0.2574160476378383,0.0406904334425997,0.12893910498159544,0.14053331673056094,-35.09276808888136,0.08598675128759124
177.3,-3.9726084290365975,1965.040188890806,5.056,-0.1,25.0,-0.01,1.567165644900177,0.0035187771640712868,0.011759455345173775,-0.009569360284494153,-3.9721263705397116,1471.8973111666903,0.0,-0.14922663032779152,25.008487998796078,0.0,177.211,-0.11270202128164591,0.10715097582600273,-4.941048927985207,1.558092189122988,-0.07266718050199811,0.1016749341720783,-4.944793745781883,0.25097415218171376,0.0009130709163898132,0.01,1.5647576546620048,-4.047147576718081,1471.920050773957,0.0,-0.029198227906061292,24.999983609022188,0.0,1.5719642561458378,89.0,0.14070772030748177,0.05732467470043092,0.057946557291676054,0.19156645889621368,0.25917617821519534,0.043518512471984024,0.13109462777332215,0.14939224627266579,-34.58616746599893,0.0883768989464037
177.4,-3.98170017054008,1967.5367353202814,5.059,-0.09,24.99,-0.01,1.5665302212026455,-0.0096729495465461,0.018924068358362234,-0.0029781112170293223,-3.983491014355251,1474.398118048228,0.0,-0.13370388148964585,25.007363118724857,0.0,177.31,-0.10007527086222964,0.09638982826781715,-4.939295526193642,1.5451224758194824,-0.06148746313149637,0.10168071443955626,-4.949812021437616,0.2938229921762742,0.009137194884541344,0.01,1.562643306376195,-4.050067399432228,1474.4200490688906,0.0,-0.029198227901448322,24.999983609022195,0.0,1.5719642561456533,90.0,0.11898200904325627,0.05175390538011266,0.05624919756162403,0.18490639906631864,0.2565308137309388,0.040418458607697834,0.12894184211697546,0.13825724267826128,-35.2610377240469,0.0847671959369068
177.5,-3.9907919160643814,1970.0332817403519,5.059,-0.08,24.99,0.0,1.565911796936069,-0.011663867355586126,0.033144910578611735,-0.012370823284890201,-3.9941607867285103,1476.898819960323,0.0,-0.11835577182435957,25.006781874472285,0.0,177.409,-0.08985789291529495,0.09660929948087238,-4.916995303739961,1.564352445565497,-0.06712905081320884,0.10016178075186681,-4.944483020696051,0.16470917225823775,0.005039895155032781,-0.0,1.5674073004799052,-4.052987222145249,1476.9200473638239,0.0,-0.0291982279008377,24.999983609022195,0.0,1.5719642561456288,91.0,0.11766779396094017,0.05093095331819688,0.05521121572598765,0.18440613185879362,0.256411801432779,0.04016190914748719,0.12873316771024582,0.1374257908796871,-35.36710711019977,0.08455481741836601
177.6,-4.008974313504552,1972.5298281464795,5.058,-0.07,24.99,0.0,1.5659375312414507,-0.0005534893912332466,-0.023942246260827096,0.009814467288065771,-4.003850768289018,1479.3994937186667,0.0,-0.12050621230195321,25.006726231774454,0.0,177.508,-0.08573918752020111,0.09171982844012899,-4.9962455027961274,1.5425721665915733,-0.053556056577221824,0.09421392224491015,-4.950648284751711,0.21920274864214354,-0.007873690319993187,-0.0,1.5648240179191961,-4.055907044857317,1479.4200456587575,0.0,-0.02919822788002656,24.999983609022202,0.0,1.5719642561447964,92.0,0.17365421564383127,0.060772238861093106,0.05717508860928017,0.1973708771354762,0.26183741889931306,0.047927710649284146,0.1343749671334906,0.1649858367018328,-34.031699666479845,0.09188435317142632
177.7,-4.0089754204561245,1975.015278788497,5.057,-0.06,24.99,0.0,1.5663682581533231,0.012293506488394956,0.014377268740532335,-0.0022944161925638386,-4.012540510790436,1481.9001798073327,0.0,-0.13071049273532725,25.006724476136952,0.0,177.574,-0.07684095077847168,0.09708462796760958,-4.980267787722543,1.584502976074468,-0.07337553181649446,0.09362574382082373,-4.954216279866342,-0.014549380909727239,-0.006420514600939953,-0.0,1.5737802530851694,-4.058826867568316,1481.9200439536914,0.0,-0.029198227876657025,24.999983609022195,0.0,1.5719642561446616,86.0,0.1190660552926092,0.052299183125739786,0.055760381208211404,0.18542594264532808,0.25666072906451737,0.040455784657569584,0.12891333046335746,0.1385339775242999,-35.253552463471266,0.0850068577773271
177.8,-4.018067181874244,1977.5118251794136,5.056,-0.06,24.99,0.0,1.5674817145944127,0.00705339065378612,-0.06619428905103476,0.03176769751050128,-4.021951306485696,1484.9009646444276,0.0,-0.17482724022820273,25.005372372828674,0.0,177.739,-0.05354824329301265,0.10018844511311485,-4.9475494460752625,1.5751346723660626,-0.04496202629733337,0.09584679060369093,-4.96077095047286,0.14600632244436515,-0.00016851012282259603,-0.0,1.5673546876265516,-4.062330654821468,1484.9200419076114,0.0,-0.029198227869063103,24.999983609022202,0.0,1.5719642561443579,61.0,0.12591733747718034,0.054359670211888464,0.05731457548628934,0.18741842437276623,0.257379311479497,0.04125218341632035,0.12938234783320207,0.14190642052553662,-34.95746018906611,0.08602791235208464
177.9,-4.027158948267868,1980.008371560759,5.054,-0.06,24.99,0.0,1.568796732290883,-0.0015238344162242401,0.006382381286904978,-0.005295745406173574,-4.027936770245333,1486.9014176038888,0.0,-0.19138743624064622,25.004250443728,0.0,177.838,-0.060611237373785466,0.10090418927951612,-4.960042665385112,1.5668801564827528,-0.052450460228021085,0.09829862256773104,-4.9606752304568875,0.04525668545544624,0.0067409739595305496,-0.0,1.5713861361964623,-4.064666512989024,1486.9200405435583,0.0,-0.029198227862396203,24.999983609022195,0.0,1.5719642561440912,62.0,0.15897903201376912,0.05983353177961668,0.05866231435937333,0.19483560373198683,0.26056563919303005,0.04607686260233149,0.13298018686927462,0.1579578234479968,-34.19561939898573,0.09027738063995154
178.0,-4.036250719004727,1982.5049179326793,5.053,-0.06,24.99,0.0,1.56892290170328,-0.009336951387641542,-0.031112239328635567,0.010032549849996936,-4.035378654820277,1489.4018889103725,0.0,-0.19552138988096773,25.003275352065117,0.0,177.871,-0.06342264736852561,0.09112080252692277,-4.935890543292102,1.5547587690697253,-0.041898530693537155,0.09337003884289048,-4.957587826467824,0.10557203660864284,-0.002461850690330891,-0.0,1.5689725382404174,-4.06758633569747,1489.4200388384922,0.0,-0.029198227838254386,24.999983609022195,0.0,1.5719642561431255,89.0,0.1156032261365431,0.050958659859544564,0.05644803129447095,0.18370795116351693,0.25603354959268776,0.0400884902346203,0.128732918372858,0.13662831230469163,-35.35399855854524,0.08412823997183252
178.1,-4.04534249220319,1984.9903685317436,5.051,-0.06,24.99,0.0,1.569531632066008,0.00040601548440169087,-0.000276003498602342,-0.001318943703770894,-4.042825852649876,1491.902281663833,0.0,-0.20985762597265167,25.00256975803148,0.0,178.036,-0.0594241083036404,0.09619356244159186,-4.952091449287988,1.561207380908242,-0.045094809751411974,0.0927298908244611,-4.955509127456583,0.08704420943935295,-0.002241593273240028,-0.0,1.5697140288776696,-4.070506158403831,1491.9200371334257,0.0,-0.02919822782667475,24.999983609022195,0.0,1.5719642561426623,64.0,0.15704822017274192,0.058498805016308095,0.057919300688395035,0.19395721594037513,0.2603889729344431,0.045810702439776405,0.13283920739047606,0.15660759335934582,-34.31145185566457,0.08988012226743522
178.2,-4.045343607553093,1987.4869117626583,5.049,-0.06,24.99,0.0,1.5695850592481462,0.0037304749934617193,-0.006047438642556962,0.002619184890004949,-4.05030864975281,1494.4026196732307,0.0,-0.21174505457015622,25.002020519964294,0.0,178.069,-0.05372864407171377,0.08878930730271062,-5.009488387176757,1.5659520502393454,-0.03898697877991414,0.08863725169663694,-4.962085134035464,0.08003974520243137,-0.008432424932330207,-0.0,1.569994145713036,-4.073425981108582,1494.4200354283594,0.0,-0.02919822781860341,24.999983609022188,0.0,1.5719642561423395,91.0,0.11607250292435362,0.05103911716519365,0.05600440874483558,0.1841626850088241,0.25625128470425435,0.040120773174138896,0.12874276594851408,0.13697930290138982,-35.35998699887237,0.08439141543962261
178.3,-4.054435391939705,1989.983458101495,5.048,-0.06,24.98,0.0,1.5698282917172204,0.00991452759878945,-0.004823430159835552,0.0021214780510023195,-4.057801088594909,1496.9028881696765,0.0,-0.21793516090688933,25.00108978135676,0.0,178.168,-0.04651116259303792,0.09558962648693853,-4.952362465297404,1.5457771014490118,-0.009428153280934944,0.09191245137664025,-4.960840368523204,0.23424821670426807,0.008501965479048579,-0.0,1.563823304051231,-4.076345803812299,1496.9200337232928,0.0,-0.029198227807767624,24.999983609022184,0.0,1.571964256141906,92.0,0.121706074998022,0.05380505890266203,0.05710116359454928,0.18722120641677564,0.2574036614853745,0.04068451269642675,0.12900629258109095,0.14057417411588852,-35.07717371598317,0.08598191809453525
178.4,-4.063527175070874,1992.4689086704088,5.046,-0.06,24.98,0.0,1.5689506652441363,-0.0019656450301899567,0.06421887971183975,-0.024578583327999302,-4.065186859671503,1499.4030510113237,0.0,-0.1951000702724043,25.000197525513464,0.0,178.333,-0.043230965922673,0.09816738725317668,-4.980866293603591,1.571535413177331,-0.03606954145896521,0.10098953819928279,-4.960332597939702,0.022968760832819693,0.024589290655992357,-0.0,1.57227730341336,-4.079265626515616,1499.4200320182258,0.0,-0.029198227791437457,24.999983608999468,0.0,1.571964256141254,67.0,0.1569177570166672,0.05952626066626534,0.058356563222958166,0.19486803112302636,0.26063856546591907,0.04578859859082377,0.1327844261504518,0.1572063575981584,-34.254930923714056,0.0903296926155308
178.5,-4.07261896902105,1994.9654549900706,5.048,-0.05,24.98,0.0,1.5687697476849447,-0.014225039743809129,-0.03196878497191979,0.01727683396381317,-4.072142365944548,1501.9030922646884,0.0,-0.19319131969996295,24.99906416299191,0.0,178.432,-0.03893152974705236,0.1088767804136281,-4.925093278460268,1.5570996577209104,-0.024245305650152184,0.10285843046318682,-4.9531697801780155,0.12765106193377437,0.026683384341527727,-0.0,1.5676911244310985,-4.082185449217825,1501.9200303131595,0.0,-0.02919822781786075,24.99998360899944,0.0,1.5719642561423108,68.0,0.1168617902899658,0.05128298699348371,0.05644107164465779,0.18428039957844064,0.2562590106731964,0.04023877862671712,0.12882338644927877,0.13731478777477246,-35.314739285083085,0.08442912130887217
178.6,-4.081710769444612,1997.4509086799826,5.05,-0.05,24.98,-0.01,1.5694328363195544,-0.01598602352171484,0.0035965771502464616,-0.00754564548985089,-4.078605527705273,1504.403074162345,0.0,-0.20828089450424,24.998536147442433,0.0,178.531,-0.03688563072836178,0.0940057275553858,-5.024091136562773,1.552278661712418,-0.021328161248885112,0.09744836068933976,-4.967375492122349,0.13677767961548512,0.011353568365535693,0.01,1.5673240326423075,-4.085105271922045,1504.420028608093,0.0,-0.02919822781264706,24.999983609022188,0.0,1.5719642561421012,69.0,0.11599831822124619,0.05012924834072053,0.05517251578343975,0.18354984336032107,0.25608133550778034,0.04003623290045263,0.1286839752019322,0.13644321867891457,-35.44192399416377,0.08411555092097384
178.7,-4.0817119011096565,1999.9474549891863,5.054,-0.04,24.98,-0.01,1.5689935960716124,-0.0026600566158045767,0.010626832154752606,-0.00499854529294408,-4.085818451147167,1507.4031142318754,0.0,-0.19614008821280635,24.999664429588208,0.0,178.63,-0.03457778308193156,0.09428892420313059,-4.997949527405557,1.5349390636341493,-0.003362554191549839,0.09556310426165988,-4.970165310608268,0.2703343947569466,0.005586332107366587,0.01,1.5615778971332737,-4.088609059166955,1507.4200265620134,0.0,-0.029198227805674885,24.99998360902221,0.0,1.5719642561418223,70.0,0.15621188736066322,0.058317849562846955,0.056918237515191976,0.19418946844255777,0.26049511840641904,0.045621786348154086,0.13266032897709634,0.15629017773373666,-34.370962116969004,0.09002289688163695
178.8,-4.09080371024362,2002.4440012842383,5.058,-0.04,24.98,0.0,1.5679869815383591,0.0060685414851646535,0.06997699681627331,-0.02348413084570328,-4.090146579337674,1509.4032213344133,0.0,-0.17065864427987285,25.000869016009855,0.0,178.729,-0.025783585914944913,0.08781099828066556,-5.1001437935459455,1.5237936975833142,0.032927418222530175,0.08934735722974362,-4.9876450148622045,0.5163929806133883,-0.011239434372026125,-0.0,1.551719080852704,-4.09094491732937,1509.4200251979603,0.0,-0.02919822780563045,24.999983609022188,0.0,1.5719642561418206,71.0,0.11626990774780492,0.05114301834163043,0.0554433967742561,0.18417858280452792,0.2561692971623295,0.040134767502888254,0.12872127958524796,0.13693269657174373,-35.37566303306423,0.08435214901740005
178.901,-4.090804846364449,2004.9294549656634,5.063,-0.02,24.98,0.0,1.5649576285530369,0.019992762884808536,0.19257100148627823,-0.05185508797972094,-4.095038921302457,1512.4034791854115,0.0,-0.07081458234152326,25.002280415985084,0.0,178.762,-0.03254885079071084,0.07959376428563371,-5.036988707677924,1.5395522327403277,0.04581035994869601,0.08124538330441483,-4.993286961101818,0.41757479962056393,-0.02471463981528288,-0.0,1.554866187646021,-4.0944487045733915,1512.420023151881,0.0,-0.029198227806429812,24.999983609022188,0.0,1.5719642561418525,98.0,0.11615979312874591,0.050222787388774594,0.054651580942463585,0.1834300598602789,0.2559456936886092,0.04006584315290386,0.128674651665612,0.13631944395923032,-35.45473444467536,0.08400531682913083
